PassID,Step,Time_s,UserID,NumUsers,UserLat,UserLon,WalkAzimuth_deg,ServingNode,ServingType,Distance_m,PathLoss_dB,SNR_dB,Capacity_Mbps,SatElevation_deg,NodePower_W,EnergyPerBit_uJ,NodeLoad,Throughput_Mbps,ServiceState,BsUnavailReason,SatUnavailReason,LinkState,Interruption_ms,CandBS_SNR_dB,CandBS_Distance_m,CandBS_PathLoss_dB,CandSat_SNR_dB,CandSat_Elevation_deg,CandSat_SlantRange_m,CandSat_PathLoss_dB
1,1,0,1,6,37.9845,23.7288,41.4196439003204,BS1,Terrestrial,140.115347174963,103.73415112489,55.6023093006861,33.994764,NaN,893.334270320412,8.75952808811392,3,33.994764,Served,,,Stable,0,55.6023093006861,140.115347174963,103.73415112489,3.9030021820771,59.2973096588002,695711.186481045,165.072185012151
1,1,0,2,6,37.987,23.7325,219.263954140613,BS2,Terrestrial,144.900842099444,116.858113518616,42.4783469069602,101.984292,NaN,893.334270320412,8.75952808811392,1,101.984292,Served,,,Stable,0,42.4783469069602,144.900842099444,116.858113518616,14.3192822421611,59.2964673627817,695716.525176809,154.655904952067
1,1,0,3,6,37.9825,23.7268,48.0207471069558,BS1,Terrestrial,158.603762337124,103.918633873091,55.4178265524845,33.994764,NaN,893.334270320412,8.75952808811392,3,33.994764,Served,,,Stable,0,55.4178265524845,158.603762337124,103.918633873091,15.5935848964601,59.3022011060333,695679.928089536,153.381602297768
1,1,0,4,6,37.99,23.745,86.6122631875256,BS1,Terrestrial,1684.50527938871,144.313225379646,15.02323504593,30.8159760365758,NaN,893.334270320412,9.66310753076157,3,30.8159760365758,Served,,,Stable,0,15.02323504593,1684.50527938871,144.313225379646,10.1332318897321,59.3308794579375,695496.407463515,158.841955304496
1,1,0,5,6,37.9997,23.7476,117.77006009201,SAT-1,Satellite,695851.891236199,157.67128614572,11.3039010485083,57.8723285198413,59.2752852108449,188.391482363219,1.62764733320372,2,57.8723285198413,Served,,,Stable,0,4.11062694190807,2067.2298489109,155.225833483668,11.3039010485083,59.2752852108449,695851.891236199,157.67128614572
1,1,0,6,6,37.9484,23.7111,309.289496741495,SAT-1,Satellite,694639.021837522,159.249201483634,9.72598571059436,50.653838088828,59.4656223084112,188.391482363219,1.85959731257531,2,50.653838088828,Served,,,Stable,0,-4.91964455572347,4185.25875071361,164.256104981299,9.72598571059436,59.4656223084112,694639.021837522,159.249201483634
1,2,1,1,6,37.9845056299554,23.728806275488,41.4196439003204,BS1,Terrestrial,140.911452089186,100.523940645247,58.8125197803288,50.992146,NaN,893.334270320412,8.75952808811392,2,50.992146,Served,,,Stable,0,58.8125197803288,140.911452089186,100.523940645247,15.7060858531259,59.3546775540506,695362.137061613,153.269101341102
1,2,1,2,6,37.9869941872009,23.7324939963145,219.263954140613,BS2,Terrestrial,144.174679400601,119.504917802543,39.8315426230329,101.984292,NaN,893.334270320412,8.75952808811392,1,101.984292,Served,,,Stable,0,39.8315426230329,144.174679400601,119.504917802543,12.7965674334955,59.3545502517259,695362.899043204,156.178619760733
1,2,1,3,6,37.9825050216566,23.7268070514035,48.0207471069558,BS1,Terrestrial,157.856895563758,115.99016150589,43.3462989196863,50.992146,NaN,893.334270320412,8.75952808811392,2,50.992146,Served,,,Stable,0,43.3462989196863,157.856895563758,115.99016150589,10.3244890590288,59.3591313942826,695333.753512056,158.650698135199
1,2,1,4,6,37.9900004436535,23.7450094698947,86.6122631875256,SAT-1,Satellite,695132.014872111,155.516906977951,13.4582802162774,45.3438425438241,59.3907450688162,188.391482363219,1.38491043689222,3,44.9232855112715,Served,,,InTransition,9.27484326336336,12.0044240409879,1685.2846523348,147.332036384588,13.4582802162774,59.3907450688162,695132.014872111,155.516906977951
1,2,1,5,6,37.999696501958,23.7476083949687,117.77006009201,SAT-1,Satellite,695477.82510469,155.72714167001,13.2480455242184,44.676304003903,59.3365112769831,188.391482363219,1.40560331002881,3,44.676304003903,Served,,,Stable,0,5.10557343297009,2067.47499125996,154.230886992606,13.2480455242184,59.3365112769831,695477.82510469,155.72714167001
1,2,1,6,6,37.9484047542391,23.7110926620263,309.289496741495,SAT-1,Satellite,694331.164379737,156.798546553592,12.1766406406365,41.2984717766488,59.5169345601315,188.391482363219,1.52056863332281,3,41.2984717766488,Served,,,Stable,0,-5.07344606551203,4184.98541595925,164.409906491088,12.1766406406365,59.5169345601315,694331.164379737,156.798546553592
1,3,2,1,6,37.9845112599108,23.7288125509764,41.4196439003204,BS1,Terrestrial,141.707985063839,100.995037710918,58.3414227146577,50.992146,NaN,893.334270320412,8.75952808811392,2,50.992146,Served,,,Stable,0,58.3414227146577,141.707985063839,100.995037710918,12.9168084546537,59.4013295365664,695082.264365752,156.058378739574
1,3,2,2,6,37.9869883744018,23.7324879926294,219.263954140613,BS2,Terrestrial,143.449681773928,115.497821053891,43.8386393716852,50.992146,NaN,893.334270320412,8.75952808811392,2,50.992146,Served,,,Stable,0,43.8386393716852,143.449681773928,115.497821053891,6.68131510528792,59.401915991417,695078.480065469,162.29387208894
1,3,2,3,6,37.9825100433133,23.7268141028074,48.0207471069558,BS1,Terrestrial,157.110898434315,108.285322722764,51.0511377028114,50.992146,NaN,893.334270320412,8.75952808811392,2,50.992146,Served,,,Stable,0,51.0511377028114,157.110898434315,108.285322722764,15.8384067685252,59.4053405522009,695056.761099717,153.136780425703
1,3,2,4,6,37.9900008873069,23.7450189397894,86.6122631875256,BS2,Terrestrial,1291.57988157838,141.29003346109,18.0464269644856,50.992146,NaN,893.334270320412,8.75952808811392,2,50.9912672530118,Served,,,InTransition,0.0172329869829931,18.0464269644856,1291.57988157838,141.29003346109,10.7358361473232,59.4398867979184,694836.811948385,158.239351046905
1,3,2,5,6,37.999693003916,23.7476167899371,117.77006009201,SAT-1,Satellite,695172.912973377,155.744305431201,13.2308817630267,66.9328036148346,59.3870535377494,188.391482363219,1.40731802784864,2,66.9328036148346,Served,,,Stable,0,6.13451778585448,2067.72044046712,153.201942639721,13.2308817630267,59.3870535377494,695172.912973377,155.744305431201
1,3,2,6,6,37.9484095084781,23.7110853240521,309.289496741495,SAT-1,Satellite,694092.639818691,159.858666054596,9.116521139632,47.9285252095444,59.5573960154935,188.391482363219,1.96533777682046,2,47.9285252095444,Served,BelowSnrFloor,,Stable,0,-8.65103077939699,4184.71222923708,167.987491204973,9.116521139632,59.5573960154935,694092.639818691,159.858666054596
1,4,3,1,6,37.9845168898661,23.7288188264653,41.4196439003204,BS1,Terrestrial,142.504938921543,89.6939998666264,69.6424605589495,25.496073,NaN,893.334270320412,8.75952808811392,4,25.496073,Served,,,Stable,0,69.6424605589495,142.504938921543,89.6939998666264,13.4186690175213,59.4371825922531,694871.652228481,155.556518176707
1,4,3,2,6,37.9869825616026,23.7324819889448,219.263954140613,BS1,Terrestrial,562.931544703484,124.281377925377,35.0550825001987,25.496073,NaN,893.334270320412,8.75952808811392,4,25.4958815002691,Served,,,InTransition,0.00751095005470062,35.0550825001987,562.931544703484,124.281377925377,13.4442537665796,59.4384802501994,694863.35347974,155.530933427649
1,4,3,3,6,37.9825150649699,23.7268211542119,48.0207471069558,BS1,Terrestrial,156.365783396437,105.740828024566,53.5956324010096,25.496073,NaN,893.334270320412,8.75952808811392,4,25.496073,Served,,,Stable,0,53.5956324010096,156.365783396437,105.740828024566,9.00812005454526,59.4407463357604,694849.033833199,159.967067139683
1,4,3,4,6,37.9900013309604,23.7450284096841,86.6122631875256,BS1,Terrestrial,1686.84355308138,146.917903059957,12.4185573656193,19.304339181019,NaN,893.334270320412,11.5690863844589,4,19.3039047017754,Served,,,InTransition,0.0225068177409771,12.4185573656193,1686.84355308138,146.917903059957,12.1866596649535,59.4782169906428,694610.887170709,156.788527529275
1,4,3,5,6,37.999689505874,23.747625184905,117.77006009201,SAT-1,Satellite,694937.246143106,157.455992394938,11.5191947992902,58.8728208585834,59.4268221177914,188.391482363219,1.59998688372473,2,58.8728208585834,Served,,,Stable,0,8.73394678140025,2067.96619642551,150.602513644176,11.5191947992902,59.4268221177914,694937.246143106,157.455992394938
1,4,3,6,6,37.9484142627172,23.7110779860774,309.289496741495,SAT-1,Satellite,693923.519853408,155.505853943541,13.4693332506869,68.0684660694704,59.5869340390669,188.391482363219,1.38383816502451,2,68.0684660694704,Served,,,Stable,0,-0.393074367892694,4184.43919057682,159.729534793469,13.4693332506869,59.5869340390669,693923.519853408,155.505853943541
1,5,4,1,6,37.9845225198215,23.7288251019547,41.4196439003204,BS1,Terrestrial,143.302306638798,85.7501953810949,73.586265044481,50.992146,NaN,893.334270320412,8.75952808811392,2,50.992146,Served,,,Stable,0,73.586265044481,143.302306638798,85.7501953810949,10.9492898057808,59.4621729298757,694730.36381275,158.025897388447
1,5,4,2,6,37.9869767488035,23.7324759852607,219.263954140613,BS2,Terrestrial,142.003253088381,120.859518511103,38.4769419144724,101.984292,NaN,893.334270320412,8.75952808811392,1,101.98409877164,Served,,,InTransition,0.0018946874652648,38.4769419144724,142.003253088381,120.859518511103,6.34252914253159,59.4641779158857,694717.583834772,162.632658051697
1,5,4,3,6,37.9825200866265,23.7268282056168,48.0207471069558,BS1,Terrestrial,155.621563120218,111.22067963245,48.1157807931262,50.992146,NaN,893.334270320412,8.75952808811392,2,50.992146,Served,,,Stable,0,48.1157807931262,155.621563120218,111.22067963245,12.3302654304615,59.465285747758,694710.634015197,156.644921763767
1,5,4,4,6,37.9900017746139,23.745037879579,86.6122631875256,SAT-1,Satellite,694454.30834099,157.233634995061,11.7415521991666,39.9397141966383,59.5056672178085,188.391482363219,1.57229870195278,3,39.5696407560614,Served,,,InTransition,9.26580092072884,11.4580171520631,1293.19598814841,147.878443273513,11.7415521991666,59.5056672178085,694454.30834099,157.233634995061
1,5,4,5,6,37.9996860078321,23.7476335798726,117.77006009201,SAT-1,Satellite,694770.895276644,156.745292002841,12.2298951913873,41.4653327066013,59.4557462017032,188.391482363219,1.51444970264865,3,41.4653327066013,Served,,,Stable,0,9.95172297773155,2068.21225902218,149.384737447844,12.2298951913873,59.4557462017032,694770.895276644,156.745292002841
1,5,4,6,6,37.9484190169563,23.7110706481023,309.289496741495,SAT-1,Satellite,693823.85536315,155.751946129336,13.2232410648924,44.597639713423,59.6054957801611,188.391482363219,1.40808260686583,3,44.597639713423,Served,BelowSnrFloor,,Stable,0,-14.2928551931703,4575.30525499926,173.629315618746,13.2232410648924,59.6054957801611,693823.85536315,155.751946129336
1,6,5,1,6,37.9845281497769,23.7288313774446,41.4196439003204,BS1,Terrestrial,144.100081346755,114.838756434946,44.4977039906299,33.994764,NaN,893.334270320412,8.75952808811392,3,33.994764,Served,,,Stable,0,44.4977039906299,144.100081346755,114.838756434946,13.3976994555109,59.4762563781582,694658.44151511,155.577487738717
1,6,5,2,6,37.9869709360044,23.732469981577,219.263954140613,BS2,Terrestrial,141.281858544501,124.125802569976,35.2106578556002,101.984292,NaN,893.334270320412,8.75952808811392,1,101.984292,Served,,,Stable,0,35.2106578556002,141.281858544501,124.125802569976,12.2455660198484,59.4789635011475,694641.214895517,156.72962117438
1,6,5,3,6,37.9825251082831,23.7268352570222,48.0207471069558,BS1,Terrestrial,154.87825050527,111.811234589012,47.5252258365635,33.994764,NaN,893.334270320412,8.75952808811392,3,33.994764,Served,,,Stable,0,47.5252258365635,154.87825050527,111.811234589012,7.74859529942353,59.4789154301794,694641.603177365,161.226591894805
1,6,5,4,6,37.9900022182673,23.7450473494739,86.6122631875256,BS1,Terrestrial,1688.40265982714,144.989464127327,14.3469962982491,29.4864177870888,NaN,893.334270320412,10.0988221850805,3,29.4857535282672,Served,,,InTransition,0.0225276202222157,14.3469962982491,1688.40265982714,144.989464127327,12.9393385128531,59.5221887022603,694367.122483384,156.035848681375
1,6,5,5,6,37.9996825097901,23.7476419748397,117.77006009201,SAT-1,Satellite,694673.910293245,157.25737090415,11.7178162900784,59.7987399083074,59.4737744735052,188.391482363219,1.57521281093957,2,59.7987399083074,Served,,,Stable,0,5.79935852789603,2497.76978173373,153.53710189768,11.7178162900784,59.4737744735052,694673.910293245,157.25737090415
1,6,5,6,6,37.9484237711953,23.7110633101266,309.289496741495,SAT-1,Satellite,693793.676331158,158.121861358175,10.8533258360528,55.7896857688104,59.6130485066689,188.391482363219,1.68840781021696,2,55.7896857688104,Served,,,Stable,0,-0.348152548485814,4183.89355755343,159.684612974062,10.8533258360528,59.6130485066689,693793.676331158,158.121861358175
1,7,6,1,6,37.9845337797322,23.7288376529349,41.4196439003204,BS1,Terrestrial,144.898256322901,112.223518450604,47.1129419749723,50.992146,NaN,893.334270320412,8.75952808811392,2,50.992146,Served,,,Stable,0,47.1129419749723,144.898256322901,112.223518450604,8.40387849236745,59.4794086628016,694655.906902272,160.571308701861
1,7,6,2,6,37.9869651232052,23.7324639778939,219.263954140613,BS2,Terrestrial,140.561702115173,120.831894134439,38.5045662911365,50.992146,NaN,893.334270320412,8.75952808811392,2,50.992146,Served,,,Stable,0,38.5045662911365,140.561702115173,120.831894134439,14.1591235424773,59.48281142888,694634.269577592,154.816063651751
1,7,6,3,6,37.9825301299398,23.726842308428,48.0207471069558,BS1,Terrestrial,154.135858681207,103.18958676126,56.1468736643155,50.992146,NaN,893.334270320412,8.75952808811392,2,50.992146,Served,,,Stable,0,56.1468736643155,154.135858681207,103.18958676126,13.9259026072555,59.4816119362306,694641.962018159,155.049284586973
1,7,6,4,6,37.9900026619208,23.7450568193688,86.6122631875256,BS2,Terrestrial,1294.81222298687,144.261832657293,15.0746277682834,46.3759357520117,NaN,893.334270320412,9.63144199501851,2,46.3751345560262,Served,,,InTransition,0.0172761147044849,15.0746277682834,1294.81222298687,144.261832657293,3.73018272307297,59.5277526254096,694349.355773868,165.245004471155
1,7,6,5,6,37.9996790117481,23.7476503698065,117.77006009201,SAT-1,Satellite,694646.320293956,159.09689271858,9.87829447564803,51.3408678454641,59.4808754377847,188.391482363219,1.83471267889624,2,51.3408678454641,Served,,,Stable,0,5.63611378213395,2068.70530369938,153.700346643442,9.87829447564803,59.4808754377847,694646.320293956,159.09689271858
1,7,6,6,6,37.9484285254344,23.7110559721505,309.289496741495,SAT-1,Satellite,693832.9917996,156.473215424619,12.5019717696091,63.4793989414829,59.6095798130728,188.391482363219,1.48387890799725,2,63.4793989414829,Served,,,Stable,0,-5.89333736770635,4183.62096324929,165.229797793282,12.5019717696091,59.6095798130728,693832.9917996,156.473215424619
1,8,7,1,6,37.9845394096876,23.7288439284258,41.4196439003204,BS1,Terrestrial,145.696824987968,111.351069763492,47.9853906620835,50.992146,NaN,893.334270320412,8.75952808811392,2,50.992146,Served,,,Stable,0,47.9853906620835,145.696824987968,111.351069763492,9.61253125310583,59.4716255594788,694722.760678793,159.362655941122
1,8,7,2,6,37.9869593104061,23.7324579742112,219.263954140613,BS2,Terrestrial,139.842802928438,119.067811762367,40.2686486632092,50.992146,NaN,893.334270320412,8.75952808811392,2,50.992146,Served,,,Stable,0,40.2686486632092,139.842802928438,119.067811762367,12.2239998778217,59.4757161934859,694696.749912942,156.751187316406
1,8,7,3,6,37.9825351515964,23.7268493598344,48.0207471069558,BS1,Terrestrial,153.394401019064,108.165053826502,51.1714065990737,50.992146,NaN,893.334270320412,8.75952808811392,2,50.992146,Served,,,Stable,0,51.1714065990737,153.394401019064,108.165053826502,16.1357489958421,59.4733718781674,694711.710371829,152.839438198386
1,8,7,4,6,37.9900031055743,23.7450662892638,86.6122631875256,BS2,Terrestrial,1295.62038835774,142.970799399414,16.3656610261616,50.209906498302,NaN,893.334270320412,8.89599615516734,2,50.209906498302,Served,,,Stable,0,16.3656610261616,1295.62038835774,142.970799399414,14.3696507210593,59.5223503093484,694401.013501019,154.605536473169
1,8,7,5,6,37.9996755137061,23.7476587647728,117.77006009201,SAT-1,Satellite,694688.133518048,156.692575044998,12.2826121492302,62.4459345659075,59.4770376179485,188.391482363219,1.50843672748931,2,62.4459345659075,Served,,,Stable,0,4.80122643079278,2498.26700852801,154.535233994783,12.2826121492302,59.4770376179485,694688.133518048,156.692575044998
1,8,7,6,6,37.9484332796735,23.711048634174,309.289496741495,SAT-1,Satellite,693941.789855991,156.710375148101,12.2648120461276,62.3621992142829,59.5950976996127,188.391482363219,1.51046214483141,2,62.3621992142829,Served,BelowSnrFloor,,Stable,0,-7.65181527809887,4183.34851712353,166.988275703675,12.2648120461276,59.5950976996127,693941.789855991,156.710375148101
1,9,8,1,6,37.9845450396429,23.7288502039171,41.4196439003204,BS1,Terrestrial,146.495780904113,111.467746037022,47.8687143885537,25.496073,NaN,893.334270320412,8.75952808811392,4,25.496073,Served,,,Stable,0,47.8687143885537,146.495780904113,111.467746037022,10.8924769890503,59.4529229206182,694858.982686002,158.082710205178
1,9,8,2,6,37.9869534976069,23.7324519705289,219.263954140613,BS1,Terrestrial,558.857606495887,122.018562701618,37.3178977239577,25.496073,NaN,893.334270320412,8.75952808811392,4,25.4958828861536,Served,,,InTransition,0.00745659327421622,37.3178977239577,558.857606495887,122.018562701618,6.94775385035393,59.4576923957676,694828.637046758,162.027433343874
1,9,8,3,6,37.982540173253,23.7268564112412,48.0207471069558,BS1,Terrestrial,152.653891130183,101.067453925898,58.2690064996783,25.496073,NaN,893.334270320412,8.75952808811392,4,25.496073,Served,,,Stable,0,58.2690064996783,152.653891130183,101.067453925898,11.1139562520525,59.4542119488041,694850.827208635,157.861230942176
1,9,8,4,6,37.9900035492278,23.7450757591589,86.6122631875256,BS2,Terrestrial,1296.42858561589,143.756716166039,15.5797442595373,95.7447846757985,NaN,893.334270320412,9.33037003890428,1,95.7447846757985,Served,,,Stable,0,15.5797442595373,1296.42858561589,143.756716166039,9.73407980893825,59.5059932719206,694522.080058042,159.24110738529
1,9,8,5,6,37.9996720156641,23.7476671597388,117.77006009201,BS1,Terrestrial,2498.51600183809,146.480936691425,12.8555237341511,19.9361703553791,NaN,893.334270320412,11.2024307376489,4,19.9355057510594,Served,,,InTransition,0.033336609179649,12.8555237341511,2498.51600183809,146.480936691425,11.6569776413098,59.462269628756,694799.337330637,157.318209552918
1,9,8,6,6,37.9484380339125,23.7110412961969,309.289496741495,SAT-1,Satellite,694120.03765103,156.208987217908,12.7661999763201,129.455868903508,59.5696305214587,188.391482363219,1.45525640481884,1,129.455868903508,Served,BelowSnrFloor,,Stable,0,-8.39315718054942,4574.3434465362,167.729617606125,12.7661999763201,59.5696305214587,694120.03765103,156.208987217908
1,10,9,1,6,37.9845506695982,23.7288564794089,41.4196439003204,BS1,Terrestrial,147.295117770392,113.048348376349,46.2881120492271,33.994764,NaN,893.334270320412,8.75952808811392,3,33.994764,Served,,,Stable,0,46.2881120492271,147.295117770392,113.048348376349,13.7323887307154,59.4233365755798,695064.531932135,155.242798463513
1,10,9,2,6,37.9869476848078,23.7324459668472,219.263954140613,BS1,Terrestrial,558.042983139639,122.054610660204,37.2818497653714,33.994764,NaN,893.334270320412,8.75952808811392,3,33.994764,Served,,,Stable,0,37.2818497653714,558.042983139639,122.054610660204,12.0342744887417,59.4287746509174,695029.8912657,156.940912705486
1,10,9,3,6,37.9825451949096,23.7268634626485,48.0207471069558,BS1,Terrestrial,151.914342872866,116.764469749213,42.5719906763628,33.994764,NaN,893.334270320412,8.75952808811392,3,33.994764,Served,,,Stable,0,42.5719906763628,151.914342872866,116.764469749213,14.6046736374187,59.4241688163835,695059.270666301,154.370513556809
1,10,9,4,6,37.9900039928812,23.745085229054,86.6122631875256,BS2,Terrestrial,1297.23681470056,143.977724626194,15.3587357993821,94.4340487477865,NaN,893.334270320412,9.45987471855962,1,94.4340487477865,Served,,,Stable,0,15.3587357993821,1297.23681470056,143.977724626194,11.8750821831079,59.4787131539548,694712.518966139,157.10010501112
1,10,9,5,6,37.9996685176221,23.7476755547044,117.77006009201,SAT-1,Satellite,694979.898241578,157.988872657334,10.9863145368945,56.402747820365,59.4366001220858,188.391482363219,1.67005588950399,2,55.8797356511831,Served,,,InTransition,9.27281363751423,8.39869499819889,2069.4471677772,150.937765427377,10.9863145368945,59.4366001220858,694979.898241578,157.988872657334
1,10,9,6,6,37.9484427881515,23.7110339582194,309.289496741495,SAT-1,Satellite,694367.681447875,158.339043250377,10.6361439438515,54.7915811372514,59.5332268086149,188.391482363219,1.71916449984627,2,54.7915811372514,Served,BelowSnrFloor,,Stable,0,-9.24685864013512,4182.80406952097,168.583319065711,10.6361439438515,59.5332268086149,694367.681447875,158.339043250377
1,11,10,1,6,37.9845562995536,23.7288627549011,41.4196439003204,BS1,Terrestrial,148.09482941775,109.562808630047,49.7736517955289,50.992146,NaN,893.334270320412,8.75952808811392,2,50.992146,Served,,,Stable,0,49.7736517955289,148.09482941775,109.562808630047,11.2196343227278,59.3829221056432,695339.346653636,157.7555528715
1,11,10,2,6,37.9869418720086,23.7324399631659,219.263954140613,BS2,Terrestrial,137.693845575051,120.357749695469,38.978710730107,50.992146,NaN,893.334270320412,8.75952808811392,2,50.9920523177943,Served,,,InTransition,0.00183718892054384,38.978710730107,137.693845575051,120.357749695469,11.708287024369,59.3890173709118,695300.4520573,157.266900169859
1,11,10,3,6,37.9825502165662,23.7268705140563,48.0207471069558,BS1,Terrestrial,151.175770362733,108.305309727931,51.0311506976452,50.992146,NaN,893.334270320412,8.75952808811392,2,50.992146,Served,,,Stable,0,51.0311506976452,151.175770362733,108.305309727931,14.9452023322721,59.3832988943009,695336.978112604,154.029984861956
1,11,10,4,6,37.9900044365347,23.7450946989491,86.6122631875256,BS2,Terrestrial,1298.04507555516,143.645485934506,15.6909744910702,48.202571872038,NaN,893.334270320412,9.26645856876602,2,48.202571872038,Served,,,Stable,0,15.6909744910702,1298.04507555516,143.645485934506,13.8052663102816,59.4405615196853,694972.272929101,155.169920883947
1,11,10,5,6,37.99966501958,23.7476839496695,117.77006009201,SAT-1,Satellite,695229.761955564,162.108942366286,6.86624482794184,38.2630228868839,59.4000776067015,188.391482363219,2.46179559466794,2,38.2630228868839,Served,,,Stable,0,6.07771004406538,2069.69506791368,153.25875038151,6.86624482794184,59.4000776067015,695229.761955564,162.108942366286
1,11,10,6,6,37.9484475423906,23.7110266202414,309.289496741495,SAT-1,Satellite,694684.646702634,154.343221801421,14.6319653928069,73.6418242194306,59.4859549591344,188.391482363219,1.27910656994229,2,73.6418242194306,Served,BelowSnrFloor,,Stable,0,-13.48479149313,4573.86337705776,172.821251918706,14.6319653928069,59.4859549591344,694684.646702634,154.343221801421
1,12,11,1,6,37.9845619295089,23.7288690303939,41.4196439003204,BS1,Terrestrial,148.894909807079,112.238858844598,47.0976015809776,33.994764,NaN,893.334270320412,8.75952808811392,3,33.994764,Served,,,Stable,0,47.0976015809776,148.894909807079,112.238858844598,11.7070802105958,59.3317544969907,695683.344407348,157.268106983632
1,12,11,2,6,37.9869360592095,23.7324339594851,219.263954140613,BS1,Terrestrial,556.413902635788,123.039863184415,36.2965972411613,33.994764,NaN,893.334270320412,8.75952808811392,3,33.99451162328,Served,,,InTransition,0.00742398799953518,36.2965972411613,556.413902635788,123.039863184415,10.9503384710956,59.3384944243952,695640.238200361,158.024848723133
1,12,11,3,6,37.9825552382228,23.7268775654646,48.0207471069558,BS1,Terrestrial,150.438187969768,112.210359076716,47.1261013488595,33.994764,NaN,893.334270320412,8.75952808811392,3,33.994764,Served,,,Stable,0,47.1261013488595,150.438187969768,112.210359076716,11.6716578361285,59.3316779889416,695683.86623887,157.3035293581
1,12,11,4,6,37.9900048801882,23.7451041688444,86.6122631875256,BS2,Terrestrial,1298.8533681181,136.653325582563,22.6831348430124,101.984292,NaN,893.334270320412,8.75952808811392,1,101.984292,Served,,,Stable,0,22.6831348430124,1298.8533681181,136.653325582563,8.71538933110986,59.3916095332087,695301.263918961,160.259797863118
1,12,11,5,6,37.999661521538,23.7476923446343,117.77006009201,SAT-1,Satellite,695548.853453241,156.965333037986,12.0098541562424,61.1649695674831,59.3527701445729,188.391482363219,1.54002759827557,2,61.1649695674831,Served,,,Stable,0,7.17002677998121,2499.26450052049,152.166433645595,12.0098541562424,59.3527701445729,695548.853453241,156.965333037986
1,12,11,6,6,37.9484522966296,23.711019282263,309.289496741495,SAT-1,Satellite,695070.8381758,157.393013211016,11.5821739832118,59.1661163660192,59.4279028100227,188.391482363219,1.5920555035062,2,59.1661163660192,Served,,,Stable,0,-7.31411362063869,4182.2602149757,166.650574046215,11.5821739832118,59.4279028100227,695070.8381758,157.393013211016
1,13,12,1,6,37.9845675594642,23.7288753058871,41.4196439003204,BS1,Terrestrial,149.695353027378,120.342896967278,38.9935634582977,25.496073,NaN,893.334270320412,8.75952808811392,4,25.496073,Served,,,Stable,0,38.9935634582977,149.695353027378,120.342896967278,13.4364582093811,59.2699276765669,696096.422193306,155.538728984847
1,13,12,2,6,37.9869302464103,23.7324279558048,219.263954140613,BS1,Terrestrial,555.599445975892,124.635690225224,34.7007702003518,25.496073,NaN,893.334270320412,8.75952808811392,4,25.496073,Served,,,Stable,0,34.7007702003518,555.599445975892,124.635690225224,13.8867409054241,59.2772986788412,696049.147886017,155.088446288804
1,13,12,3,6,37.9825602598794,23.7268846168734,48.0207471069558,BS1,Terrestrial,149.701610327727,110.6833544666,48.6531059589761,25.496073,NaN,893.334270320412,8.75952808811392,4,25.496073,Served,,,Stable,0,48.6531059589761,149.701610327727,110.6833544666,11.5037009320988,59.2694008305842,696099.831184041,157.471486262129
1,13,12,4,6,37.9900053238416,23.7451136387396,86.6122631875256,BS2,Terrestrial,1299.66169233165,144.760929058372,14.5755313672036,89.8049233392807,NaN,893.334270320412,9.94749772176096,1,89.8049233392807,Served,,,Stable,0,14.5755313672036,1299.66169233165,144.760929058372,11.5210781432735,59.331947515546,695699.393292371,157.454109050955
1,13,12,5,6,37.999658023496,23.7477007395986,117.77006009201,BS1,Terrestrial,2499.51450607895,148.319932374121,11.016528051455,17.3019202956719,NaN,893.334270320412,12.9080219862052,4,17.3013432778102,Served,,,InTransition,0.0333499317861953,11.016528051455,2499.51450607895,148.319932374121,2.08843770265372,59.2947649280379,695937.077103055,166.886749491574
1,13,12,6,6,37.9484570508686,23.711011944284,309.289496741495,SAT-1,Satellite,695526.140074251,155.106214184339,13.8689730098891,139.955547237126,59.35917709188,188.391482363219,1.34608085268695,1,139.955547237126,Served,,,Stable,0,-5.82538619362012,4181.9885101714,165.161846619196,13.8689730098891,59.35917709188,695526.140074251,155.106214184339
1,14,13,1,6,37.9845731894195,23.7288815813808,41.4196439003204,BS1,Terrestrial,150.496153287892,122.438714265661,36.8977461599147,50.992146,NaN,893.334270320412,8.75952808811392,2,50.992146,Served,,,Stable,0,36.8977461599147,150.496153287892,122.438714265661,11.9879277489808,59.1975539372615,696578.456607719,156.987259445247
1,14,13,2,6,37.9869244336111,23.7324219521249,219.263954140613,BS2,Terrestrial,135.556927608071,121.755289225821,37.5811711997547,50.992146,NaN,893.334270320412,8.75952808811392,2,50.9920537716806,Served,,,InTransition,0.00180867695621711,37.5811711997547,135.556927608071,121.755289225821,11.3821417513443,59.2055414313604,696527.058869049,157.593045442884
1,14,13,3,6,37.982565281536,23.7268916682826,48.0207471069558,BS1,Terrestrial,148.966052341554,117.369685545387,41.9667748801887,50.992146,NaN,893.334270320412,8.75952808811392,2,50.992146,Served,,,Stable,0,41.9667748801887,148.966052341554,117.369685545387,14.7174893479122,59.1965804938807,696584.748688925,154.257697846316
1,14,13,4,6,37.9900057674951,23.745123108635,86.6122631875256,BS2,Terrestrial,1300.4700481357,138.457587045088,20.8788733804875,50.992146,NaN,893.334270320412,8.75952808811392,2,50.992146,Served,,,Stable,0,20.8788733804875,1300.4700481357,138.457587045088,12.2445911416819,59.261684388507,696166.541937354,156.730596052546
1,14,13,5,6,37.999654525454,23.7477091345626,117.77006009201,SAT-1,Satellite,696394.316803488,155.158571389059,13.8166158051687,69.727225541309,59.2261677437089,188.391482363219,1.35091767168915,2,69.079342083301,Served,,,InTransition,9.29168560742763,7.63234065943922,2070.44060312014,151.704119766137,13.8166158051687,59.2261677437089,696394.316803488,155.158571389059
1,14,13,6,6,37.9484618051076,23.7110046063046,309.289496741495,SAT-1,Satellite,696050.416223336,155.639297665639,13.3358895285895,67.4325795864458,59.2799027748669,188.391482363219,1.39688770264015,2,67.4325795864458,Served,,,Stable,0,-5.30281202880775,4573.14431677271,164.639272454384,13.3358895285895,59.2799027748669,696050.416223336,155.639297665639
1,15,14,1,6,37.9845788193749,23.728887856875,41.4196439003204,BS1,Terrestrial,151.297304919865,124.435577476156,34.9008829494201,50.992146,NaN,893.334270320412,8.75952808811392,2,50.992146,Served,,,Stable,0,34.9008829494201,151.297304919865,124.435577476156,13.9164358058966,59.1147632602624,697129.304025558,155.058751388331
1,15,14,2,6,37.9869186208119,23.7324159484455,219.263954140613,BS2,Terrestrial,134.847396058441,118.462891243503,40.8735691820732,101.984292,NaN,893.334270320412,8.75952808811392,1,101.984292,Served,,,Stable,0,40.8735691820732,134.847396058441,118.462891243503,9.12887472125911,59.1233517359442,697073.828648911,159.846312472969
1,15,14,3,6,37.9825703031926,23.7268987196923,48.0207471069558,BS1,Terrestrial,148.231529190899,102.0708834815,57.2655769440762,50.992146,NaN,893.334270320412,8.75952808811392,2,50.992146,Served,,,Stable,0,57.2655769440762,148.231529190899,102.0708834815,9.02064758809729,59.1133477158223,697138.474280017,159.954539606131
1,15,14,4,6,37.9900062111486,23.7451325785304,86.6122631875256,SAT-1,Satellite,696702.570449854,152.063625457211,16.911561737017,55.547,59.1809470130079,188.391482363219,1.1305229947205,3,55.0306462806442,Served,,,InTransition,9.29579850137329,8.8403630795562,1301.27843547195,150.49609734602,16.911561737017,59.1809470130079,696702.570449854,152.063625457211
1,15,14,5,6,37.999651027412,23.7477175295262,117.77006009201,SAT-1,Satellite,696920.436155101,158.763640211367,10.2115469828612,35.234570100017,59.1471023304937,188.391482363219,1.7822598831058,3,35.234570100017,Served,,,Stable,0,6.89914630770025,2500.0152757363,152.437314117876,10.2115469828612,59.1471023304937,696920.436155101,158.763640211367
1,15,14,6,6,37.9484665593467,23.7109972683248,309.289496741495,SAT-1,Satellite,696643.510268396,158.117949908266,10.8572372859624,37.20513129728,59.190222314901,188.391482363219,1.68786289950092,3,37.20513129728,Served,BelowSnrFloor,,Stable,0,-14.5791044218305,4572.90490847891,173.915564847406,10.8572372859624,59.190222314901,696643.510268396,158.117949908266
1,16,15,1,6,37.9845844493302,23.7288941323697,41.4196439003204,BS1,Terrestrial,152.098802369844,117.389215742934,41.9472446826418,25.496073,NaN,893.334270320412,8.75952808811392,4,25.496073,Served,,,Stable,0,41.9472446826418,152.098802369844,117.389215742934,11.6366909104851,59.0217025436511,697748.800812193,157.338496283743
1,16,15,2,6,37.9869128080127,23.7324099447666,219.263954140613,BS1,Terrestrial,553.15641331803,119.963523658006,39.3729367675703,25.496073,NaN,893.334270320412,8.75952808811392,4,25.4958848256024,Served,,,InTransition,0.00738052474045935,39.3729367675703,553.15641331803,119.963523658006,9.43801563864145,59.0308756361646,697689.294679891,159.537171555587
1,16,15,3,6,37.9825753248491,23.7269057711025,48.0207471069558,BS1,Terrestrial,147.498056335562,113.62306527454,45.713395151036,25.496073,NaN,893.334270320412,8.75952808811392,4,25.496073,Served,,,Stable,0,45.713395151036,147.498056335562,113.62306527454,14.4122524033298,59.0198501203128,697760.843482376,154.562934790898
1,16,15,4,6,37.990006654802,23.7451420484258,86.6122631875256,BS1,Terrestrial,1696.20126364831,147.61847569137,11.7179847342057,18.2986550476023,NaN,893.334270320412,12.2049170826556,4,18.2982409184141,Served,,,InTransition,0.0226316735913124,11.7179847342057,1696.20126364831,147.61847569137,10.9094387619289,59.0898794307736,697307.319339544,158.065748432299
1,16,15,5,6,37.99964752937,23.7477259244893,117.77006009201,SAT-1,Satellite,697515.278661889,155.98344644934,12.9917407448882,65.796695504768,59.0577096403926,188.391482363219,1.43161811484565,2,65.796695504768,Served,,,Stable,0,7.83615620840411,2500.26603968352,151.500304217172,12.9917407448882,59.0577096403926,697515.278661889,155.98344644934
1,16,15,6,6,37.9484713135857,23.7109899303444,309.289496741495,SAT-1,Satellite,697305.245905109,158.169295799606,10.8058913946218,55.5713612023487,59.0902948101311,188.391482363219,1.69504109929249,2,55.5713612023487,Served,BelowSnrFloor,,Stable,0,-11.2736967237701,4572.66563945858,170.610157149346,10.8058913946218,59.0902948101311,697305.245905109,158.169295799606
1,17,16,1,6,37.9845900792855,23.7289004078648,41.4196439003204,BS1,Terrestrial,152.900640201155,114.380381161949,44.9560792636266,50.992146,NaN,893.334270320412,8.75952808811392,2,50.992146,Served,,,Stable,0,44.9560792636266,152.900640201155,114.380381161949,14.7420419116073,58.9185347472999,698436.763563302,154.233145282621
1,17,16,2,6,37.9869069952135,23.7324039410882,219.263954140613,BS2,Terrestrial,133.432627461524,121.691323846721,37.6451365788551,101.984292,NaN,893.334270320412,8.75952808811392,1,101.984110433964,Served,,,InTransition,0.00178033334596461,37.6451365788551,133.432627461524,121.691323846721,4.14170252039614,58.9282753133643,698373.274609627,164.833484673832
1,17,16,3,6,37.9825803465057,23.7269128225132,48.0207471069558,BS1,Terrestrial,146.765649525021,119.227223381239,40.1092370443373,50.992146,NaN,893.334270320412,8.75952808811392,2,50.992146,Served,,,Stable,0,40.1092370443373,146.765649525021,119.227223381239,12.456447598033,58.9162513594527,698451.672060701,156.518739596195
1,17,16,4,6,37.9900070984555,23.7451515183213,86.6122631875256,SAT-1,Satellite,697980.609264141,157.042660735248,11.9325264589797,40.5351108036005,58.9886420194071,188.391482363219,1.54920412311199,3,40.1576133638846,Served,,,InTransition,9.31285081580192,11.5363164834223,1302.89530450591,147.800143942154,11.9325264589797,58.9886420194071,697980.609264141,157.042660735248
1,17,16,5,6,37.999644031328,23.7477343194521,117.77006009201,SAT-1,Satellite,698178.667961201,158.625033797537,10.3501533966911,35.6555477165095,58.9581470118108,188.391482363219,1.76121711232787,3,35.6555477165095,Served,,,Stable,0,9.75034463486594,2071.18888820287,149.58611579071,10.3501533966911,58.9581470118108,698178.667961201,158.625033797537
1,17,16,6,6,37.9484760678247,23.7109825923636,309.289496741495,SAT-1,Satellite,698035.427137797,153.003504456615,15.9716827376128,53.4170059591658,58.9802950785999,188.391482363219,1.17560240713874,3,53.4170059591658,Served,,,Stable,0,-4.31725446489736,4180.9031747516,163.653714890473,15.9716827376128,58.9802950785999,698035.427137797,153.003504456615
1,18,17,1,6,37.9845957092408,23.7289066833604,41.4196439003204,BS1,Terrestrial,153.702813086324,112.626931063232,46.7095293623434,50.992146,NaN,893.334270320412,8.75952808811392,2,50.992146,Served,,,Stable,0,46.7095293623434,153.702813086324,112.626931063232,13.1865834295629,58.8054379649087,699192.989372253,155.788603764665
1,18,17,2,6,37.9869011824143,23.7323979374102,219.263954140613,BS2,Terrestrial,132.727436189309,118.764570915222,40.5718895103536,101.984292,NaN,893.334270320412,8.75952808811392,1,101.984292,Served,,,Stable,0,40.5718895103536,132.727436189309,118.764570915222,7.7996310694738,58.8157281611595,699125.566545197,161.175556124754
1,18,17,3,6,37.9825853681623,23.7269198739244,48.0207471069558,BS1,Terrestrial,146.034324794402,109.442727916196,49.8937325093796,50.992146,NaN,893.334270320412,8.75952808811392,2,50.992146,Served,,,Stable,0,49.8937325093796,146.034324794402,109.442727916196,7.79163715686576,58.8027301824037,699210.756287879,161.183550037362
1,18,17,4,6,37.990007542109,23.7451609882169,86.6122631875256,SAT-1,Satellite,698722.241291433,156.241144456649,12.7340427375788,43.050517362386,58.8774105716425,188.391482363219,1.45868539184169,3,43.050517362386,Served,,,Stable,0,10.7578672928985,1303.7037860865,148.578593132677,12.7340427375788,58.8774105716425,698722.241291433,156.241144456649
1,18,17,5,6,37.9996405332859,23.7477427144144,117.77006009201,SAT-1,Satellite,698910.408081429,155.587802604485,13.3873845897433,45.1185751874984,58.8485872659779,188.391482363219,1.39182499728271,3,45.1185751874984,Served,,,Stable,0,4.7079873438575,2500.76832543239,154.628473081718,13.3873845897433,58.8485872659779,698910.408081429,155.587802604485
1,18,17,6,6,37.9484808220637,23.7109752543823,309.289496741495,SAT-1,Satellite,698833.838564871,153.820628883626,15.1545583106025,50.7760383569233,58.8604126686614,188.391482363219,1.23674793898483,3,50.7760383569233,Served,BelowSnrFloor,,Stable,0,-9.04224012422245,4180.63221199187,168.378700549798,15.1545583106025,58.8604126686614,698833.838564871,153.820628883626
1,19,18,1,6,37.9846013391961,23.7289129588565,41.4196439003204,BS1,Terrestrial,154.505315806032,116.849329432582,42.4871309929934,50.992146,NaN,893.334270320412,8.75952808811392,2,50.992146,Served,,,Stable,0,42.4871309929934,154.505315806032,116.849329432582,10.8395788689631,58.682604434541,700017.256124077,158.135608325265
1,19,18,2,6,37.9868953696151,23.7323919337327,219.263954140613,BS2,Terrestrial,132.023738189175,117.510607320067,41.8258531055084,101.984292,NaN,893.334270320412,8.75952808811392,1,101.984292,Served,,,Stable,0,41.8258531055084,132.023738189175,117.510607320067,11.5263984324162,58.6934257976201,699945.949345913,157.448788761812
1,19,18,3,6,37.9825903898189,23.726926925336,48.0207471069558,BS1,Terrestrial,145.304098485212,107.487127380745,51.8493330448306,50.992146,NaN,893.334270320412,8.75952808811392,2,50.992146,Served,,,Stable,0,51.8493330448306,145.304098485212,107.487127380745,13.7914418370426,58.6794794432177,700037.87324008,155.183745357186
1,19,18,4,6,37.9900079857624,23.7451704581125,86.6122631875256,SAT-1,Satellite,699531.997188184,155.74017072295,13.2350164712778,44.6349814269332,58.7563753101815,188.391482363219,1.40690460217929,3,44.6349814269332,Served,,,Stable,0,11.4986098293815,1304.51229896591,147.837850596194,13.2350164712778,58.7563753101815,699531.997188184,155.74017072295
1,19,18,5,6,37.9996370352439,23.7477511093764,117.77006009201,SAT-1,Satellite,699710.28372667,156.507901084628,12.4672861096005,42.2105311398571,58.7292177376878,188.391482363219,1.48771311547046,3,42.2105311398571,Served,,,Stable,0,10.7924824243478,2501.01984708276,148.543978001228,12.4672861096005,58.7292177376878,699710.28372667,156.507901084628
1,19,18,6,6,37.9484855763027,23.7109679164005,309.289496741495,SAT-1,Satellite,699700.245690441,156.96993839017,12.0052488040579,40.7622542348198,58.7308508140948,188.391482363219,1.54057134391986,3,40.7622542348198,Served,BelowSnrFloor,,Stable,0,-9.06096062135572,4571.94866823831,168.397421046932,12.0052488040579,58.7308508140948,699700.245690441,156.96993839017
1,20,19,1,6,37.9846069691514,23.7289192343531,41.4196439003204,BS1,Terrestrial,155.308143248308,111.368932987887,47.9675274376887,33.994764,NaN,893.334270320412,8.75952808811392,3,33.994764,Served,,,Stable,0,47.9675274376887,155.308143248308,111.368932987887,12.0845442391629,58.550239499319,700909.322815035,156.890642955065
1,20,19,2,6,37.9868895568159,23.7323859300557,219.263954140613,BS1,Terrestrial,549.899832847449,119.988927167309,39.3475332582665,33.994764,NaN,893.334270320412,8.75952808811392,3,33.9945145779143,Served,,,InTransition,0.00733707360773498,39.3475332582665,549.899832847449,119.988927167309,9.49783223841789,58.5615730268023,700834.182941791,159.47735495581
1,20,19,3,6,37.9825954114754,23.7269339767481,48.0207471069558,BS1,Terrestrial,144.574987240345,114.667282944637,44.6691774809384,33.994764,NaN,893.334270320412,8.75952808811392,3,33.994764,Served,,,Stable,0,44.6691774809384,144.574987240345,114.667282944637,16.6490543684299,58.5467050593023,700932.781117399,152.326132825798
1,20,19,4,6,37.9900084294159,23.7451799280082,86.6122631875256,BS2,Terrestrial,1305.32084308418,148.188981302497,11.1474791230787,69.9486049365514,NaN,893.334270320412,12.7712950262658,1,69.9473866887999,Served,,,InTransition,0.0174163266386665,11.1474791230787,1305.32084308418,148.188981302497,9.74367011634769,58.6257398498569,700409.639734873,159.23151707788
1,20,19,5,6,37.9996335372019,23.747759504338,117.77006009201,SAT-1,Satellite,700578.060587329,157.243486915057,11.7317002791712,59.8635645564871,58.600239251943,188.391482363219,1.5735070552427,2,59.8635645564871,Served,,,Stable,0,11.3531483523512,2501.27162114918,147.983312073225,11.7317002791712,58.600239251943,700578.060587329,157.243486915057
1,20,19,6,6,37.9484903305417,23.7109605784183,309.289496741495,SAT-1,Satellite,700634.395261047,157.574850537754,11.400336656474,58.320061224243,58.5918253460118,188.391482363219,1.61515161685827,2,58.320061224243,Served,BelowSnrFloor,,Stable,0,-10.354349331853,4571.70995651989,169.690809757429,11.400336656474,58.5918253460118,700634.395261047,157.574850537754
1,21,20,1,6,37.9846125991066,23.7289255098502,41.4196439003204,BS1,Terrestrial,156.111290400788,118.338098176985,40.9983622485905,33.994764,NaN,893.334270320412,8.75952808811392,3,33.994764,Served,,,Stable,0,40.9983622485905,156.111290400788,118.338098176985,14.3485998210962,58.4085605299898,701868.929896712,154.626587373132
1,21,20,2,6,37.9868837440167,23.7323799263792,219.263954140613,BS2,Terrestrial,130.620918487875,122.054810231939,37.2816501936368,101.984292,NaN,893.334270320412,8.75952808811392,1,101.984114259946,Served,,,InTransition,0.00174281793957439,37.2816501936368,130.620918487875,122.054810231939,10.8166527395083,58.4203867613806,701790.008676683,158.15853445472
1,21,20,3,6,37.982600433132,23.7269410281607,48.0207471069558,BS1,Terrestrial,143.847008015397,105.86086149957,53.475598926006,33.994764,NaN,893.334270320412,8.75952808811392,3,33.994764,Served,,,Stable,0,53.475598926006,143.847008015397,105.86086149957,13.5527255935649,58.4046249322402,701895.219588987,155.422461600663
1,21,20,4,6,37.9900088730694,23.745189397904,86.6122631875256,SAT-1,Satellite,701354.913065294,155.462147385413,13.5130398088155,68.2769208501275,58.4857201189769,188.391482363219,1.37961319884907,2,67.6379941178586,Served,,,InTransition,9.35787267957613,11.4034017515617,1306.12941838482,147.933058674014,13.5130398088155,58.4857201189769,701354.913065294,155.462147385413
1,21,20,5,6,37.9996300391599,23.7477678992991,117.77006009201,BS1,Terrestrial,2501.52364755603,149.068644878002,10.267815547574,21.6680625248584,NaN,893.334270320412,13.7427187947784,3,21.6673393155933,Served,,,InTransition,0.0333767388845523,10.267815547574,2501.52364755603,149.068644878002,5.32830658421912,58.4618650582375,701513.485675663,163.646880610009
1,21,20,6,6,37.9484950847807,23.7109532404356,309.289496741495,SAT-1,Satellite,701636.015626406,160.366883504918,8.60830368930985,45.6874733523977,58.4435635735595,188.391482363219,2.06174109159105,2,45.6874733523977,Served,,,Stable,0,-3.88031284540571,4179.82021479305,163.216773270982,8.60830368930985,58.4435635735595,701636.015626406,160.366883504918
1,22,21,1,6,37.9846182290619,23.7289317853477,41.4196439003204,BS1,Terrestrial,156.91475235824,118.375894305167,40.960566120409,33.994764,NaN,893.334270320412,8.75952808811392,3,33.994764,Served,,,Stable,0,40.960566120409,156.91475235824,118.375894305167,12.070283989527,58.257795820929,702895.799643551,156.904903204701
1,22,21,2,6,37.9868779312175,23.7323739227031,219.263954140613,BS2,Terrestrial,129.921846199051,121.906721567233,37.4297388583425,101.984292,NaN,893.334270320412,8.75952808811392,1,101.984292,Served,,,Stable,0,37.4297388583425,129.921846199051,121.906721567233,12.6063777604173,58.2700949179866,702813.149674925,156.368809433811
1,22,21,3,6,37.9826054547885,23.7269480795738,48.0207471069558,BS1,Terrestrial,143.120178084135,103.471178482473,55.8652819431032,33.994764,NaN,893.334270320412,8.75952808811392,3,33.994764,Served,,,Stable,0,55.8652819431032,143.120178084135,103.471178482473,14.7828444923612,58.2534678425232,702924.910161575,154.192342701867
1,22,21,4,6,37.9900093167228,23.7451988677998,86.6122631875256,BS1,Terrestrial,1700.88286174137,145.35816615391,13.9782942716654,28.7645294085741,NaN,893.334270320412,10.3522670535345,3,28.7638766223709,Served,,,InTransition,0.0226941381125922,13.9782942716654,1700.88286174137,145.35816615391,9.70718308554038,58.3365432515855,702367.543029852,159.268004108688
1,22,21,5,6,37.9996265411178,23.7477762942599,117.77006009201,SAT-1,Satellite,702516.287685192,154.609044643981,14.3661425502471,72.3626605926958,58.3143197341264,188.391482363219,1.30171749366437,2,71.6843787169509,Served,,,InTransition,9.37336839454703,10.9438065814113,2072.44213275385,148.392653844165,14.3661425502471,58.3143197341264,702516.287685192,154.609044643981
1,22,21,6,6,37.9484998390197,23.7109459024524,309.289496741495,SAT-1,Satellite,702704.817123017,151.847689557633,17.1274976365951,83.3205,58.2863031451275,188.391482363219,1.1305229947205,2,83.3205,Served,BelowSnrFloor,,Stable,0,-12.3182935855747,4179.5498461863,171.654754011151,17.1274976365951,58.2863031451275,702704.817123017,151.847689557633
1,23,22,1,6,37.9846238590172,23.7289380608458,41.4196439003204,BS1,Terrestrial,157.718524307533,111.403394125369,47.9330663002071,50.992146,NaN,893.334270320412,8.75952808811392,2,50.992146,Served,,,Stable,0,47.9330663002071,157.718524307533,111.403394125369,15.2828347882675,58.098183470793,703989.636542602,153.692352405961
1,23,22,2,6,37.9868721184182,23.7323679190275,219.263954140613,BS2,Terrestrial,129.224366025371,116.166383352559,43.1700770730174,101.984292,NaN,893.334270320412,8.75952808811392,1,101.984292,Served,,,Stable,0,43.1700770730174,129.224366025371,116.166383352559,13.201399991145,58.1109352965187,703903.311230327,155.773787203083
1,23,22,3,6,37.9826104764451,23.7269551309874,48.0207471069558,BS1,Terrestrial,142.394515046958,103.981622605613,55.3548378199633,50.992146,NaN,893.334270320412,8.75952808811392,2,50.992146,Served,,,Stable,0,55.3548378199633,142.394515046958,103.981622605613,13.0235549484873,58.0934723293968,704021.556570168,155.951632245741
1,23,22,4,6,37.9900097603763,23.7452083376956,86.6122631875256,SAT-1,Satellite,703447.237581422,154.11969656256,14.8554906316678,49.8129819780806,58.1784464620631,188.391482363219,1.26065853305816,3,49.3454478072487,Served,,,InTransition,9.38578965293946,13.9786093943489,1307.74666230157,145.357851031227,14.8554906316678,58.1784464620631,703447.237581422,154.11969656256
1,23,22,5,6,37.9996230430758,23.7477846892203,117.77006009201,SAT-1,Satellite,703586.177372768,153.71685211665,15.2583350775779,51.1106858854776,58.1578380694558,188.391482363219,1.22865032428732,3,51.1106858854776,Served,,,Stable,0,13.4285734640312,2502.02845708451,145.907886961545,15.2583350775779,58.1578380694558,703586.177372768,153.71685211665
1,23,22,6,6,37.9485045932587,23.7109385644687,309.289496741495,SAT-1,Satellite,703840.492479375,157.012401959433,11.9627852347953,40.6295944671759,58.1202909012804,188.391482363219,1.54560146640087,3,40.6295944671759,Served,,,Stable,0,-7.45401817043125,4179.27962619062,166.790478596007,11.9627852347953,58.1202909012804,703840.492479375,157.012401959433
1,24,23,1,6,37.9846294889725,23.7289443363443,41.4196439003204,BS1,Terrestrial,158.522601532316,88.9439592079654,70.3925012176105,50.992146,NaN,893.334270320412,8.75952808811392,2,50.992146,Served,,,Stable,0,70.3925012176105,158.522601532316,88.9439592079654,15.0894744847569,57.9299702585045,705150.127704246,153.885712709471
1,24,23,2,6,37.986866305619,23.7323619153524,219.263954140613,BS2,Terrestrial,128.528503885608,117.49607384103,41.8403865845459,50.992146,NaN,893.334270320412,8.75952808811392,2,50.992146,Served,,,Stable,0,41.8403865845459,128.528503885608,117.49607384103,14.6956490294356,57.943154454173,705060.181216259,154.279538164793
1,24,23,3,6,37.9826154981017,23.7269621824014,48.0207471069558,BS1,Terrestrial,141.670036832536,129.128345197869,30.2081152277064,50.992146,NaN,893.334270320412,8.75952808811392,2,50.992146,Served,,,Stable,0,30.2081152277064,141.670036832536,129.128345197869,7.6327572591583,57.9248855664838,705184.845189656,161.34242993507
1,24,23,4,6,37.9900102040298,23.7452178075915,86.6122631875256,SAT-1,Satellite,704593.687182489,154.955391523979,14.0197956702488,70.7001753276981,58.0116759129844,188.391482363219,1.33232683999733,2,70.7001753276981,Served,,,Stable,0,11.9081726014079,1702.4437970597,147.428287824168,14.0197956702488,58.0116759129844,704593.687182489,154.955391523979
1,24,23,5,6,37.9996195450338,23.7477930841803,117.77006009201,BS2,Terrestrial,2072.94556395416,148.701726366925,10.6347340586505,33.528490059731,NaN,893.334270320412,13.322017614407,2,33.527562715058,Served,,,InTransition,0.0276584084574156,10.6347340586505,2072.94556395416,148.701726366925,9.36224065987901,57.9926639421524,704722.847962085,159.612946534349
1,24,23,6,6,37.9485093474977,23.7109312264846,309.289496741495,SAT-1,Satellite,705042.71724151,157.596424810613,11.3787623836152,58.2198370480446,57.9457817299839,188.391482363219,1.61793206504299,2,58.2198370480446,Served,,,Stable,0,-5.53135554917415,4179.00955483339,164.86781597475,11.3787623836152,57.9457817299839,705042.71724151,157.596424810613
1,25,24,1,6,37.9846351189277,23.7289506118433,41.4196439003204,BS1,Terrestrial,159.32697941173,98.6969481677861,60.6395122577897,20.3968584,NaN,893.334270320412,8.75952808811392,5,20.3968584,Served,,,Stable,0,60.6395122577897,159.32697941173,98.6969481677861,10.933472087984,57.7534105245941,706376.943292668,158.041715106244
1,25,24,2,6,37.9868604928198,23.7323559116778,219.263954140613,BS1,Terrestrial,545.830410111867,124.424239723454,34.9122207021219,20.3968584,NaN,893.334270320412,8.75952808811392,5,20.3967098542272,Served,,,InTransition,0.00728277707522405,34.9122207021219,545.830410111867,124.424239723454,11.8590763958112,57.767006584279,706283.430515566,157.116110798417
1,25,24,3,6,37.9826205197582,23.7269692338159,48.0207471069558,BS1,Terrestrial,140.946761714974,119.936537981586,39.3999224439901,20.3968584,NaN,893.334270320412,8.75952808811392,5,20.3968584,Served,,,Stable,0,39.3999224439901,140.946761714974,119.936537981586,14.2284112110202,57.7479622431793,706414.445466128,154.746775983208
1,25,24,4,6,37.9900106476833,23.7452272774875,86.6122631875256,BS1,Terrestrial,1703.22433989784,149.462384773267,9.87407565230848,12.5635783784261,NaN,893.334270320412,14.2210163921837,5,12.5632928663404,Served,,,InTransition,0.0227253794342997,9.87407565230848,1703.22433989784,149.462384773267,9.27498352677989,57.8364855865036,705806.565232348,159.700203667448
1,25,24,5,6,37.9996160469917,23.7478014791398,117.77006009201,BS1,Terrestrial,2502.53427505391,149.132270750066,10.2041896755098,12.9299406636615,NaN,893.334270320412,13.8180722334025,5,12.9295089300562,Served,,,InTransition,0.0333902232464288,10.2041896755098,2502.53427505391,149.132270750066,9.83730857903805,57.8190491958571,705925.975567417,159.13787861519
1,25,24,6,6,37.9485141017367,23.7109238885,309.289496741495,SAT-1,Satellite,706311.150217543,154.470098192747,14.5050890014815,146.061897815213,57.763037433915,188.391482363219,1.28980579590687,1,146.061897815213,Served,,,Stable,0,-4.51701332565153,4570.51848907152,163.853473751227,14.5050890014815,57.763037433915,706311.150217543,154.470098192747
1,26,25,1,6,37.984640748883,23.7289568873427,41.4196439003204,BS1,Terrestrial,160.131653414792,88.8158984498343,70.5205619757416,50.992146,NaN,893.334270320412,8.75952808811392,2,50.992146,Served,,,Stable,0,70.5205619757416,160.131653414792,88.8158984498343,9.90864421250276,57.5687650671232,707669.736974643,159.066542981725
1,26,25,2,6,37.9868546800205,23.7323499080036,219.263954140613,BS2,Terrestrial,127.141739917027,124.823686737176,34.5127736883997,50.992146,NaN,893.334270320412,8.75952808811392,2,50.9920594970879,Served,,,InTransition,0.00169639677749367,34.5127736883997,127.141739917027,124.823686737176,11.605757759442,57.5827524092424,707572.713468933,157.369429434786
1,26,25,3,6,37.9826255414147,23.7269762852309,48.0207471069558,BS1,Terrestrial,140.22470830831,110.980599376752,48.3558610488236,50.992146,NaN,893.334270320412,8.75952808811392,2,50.992146,Served,,,Stable,0,48.3558610488236,140.22470830831,110.980599376752,13.8024485694251,57.562963461014,707710.010366444,155.172738624803
1,26,25,4,6,37.9900110913367,23.7452367473835,86.6122631875256,BS2,Terrestrial,1310.17276059731,149.603257188983,9.73320323659254,31.0200418781992,NaN,893.334270320412,14.3993079349813,2,31.0194996148725,Served,,,InTransition,0.0174810636576763,9.73320323659254,1310.17276059731,149.603257188983,6.87584591279426,57.6531361687594,707085.528512968,162.099341281434
1,26,25,5,6,37.9996125489497,23.747809874099,117.77006009201,SAT-1,Satellite,707195.219636159,157.074829426378,11.9003577678506,60.6520602962329,57.6372525289359,188.391482363219,1.55305097174844,2,60.0797597468631,Served,,,InTransition,9.43579734265576,6.90335636162473,2502.78756201394,152.433104063951,11.9003577678506,57.6372525289359,707195.219636159,157.074829426378
1,26,25,6,6,37.9485188559756,23.7109165505149,309.289496741495,SAT-1,Satellite,707645.433939875,159.158642389714,9.81654480451368,51.0620544002902,57.5723256187621,188.391482363219,1.84473073572758,2,51.0620544002902,Served,BelowSnrFloor,,Stable,0,-14.1476356134395,4178.46985815435,173.484096039015,9.81654480451368,57.5723256187621,707645.433939875,159.158642389714
1,27,26,1,6,37.9846463788382,23.7289631628427,41.4196439003204,BS1,Terrestrial,160.936619099963,88.0979977073184,71.2384627182575,50.992146,NaN,893.334270320412,8.75952808811392,2,50.992146,Served,,,Stable,0,71.2384627182575,160.936619099963,88.0979977073184,11.0547877680124,57.3763000605471,709028.14638536,157.920399426216
1,27,26,2,6,37.9868488672212,23.7323439043299,219.263954140613,BS2,Terrestrial,126.450892486555,116.636786639809,42.6996737857668,101.984292,NaN,893.334270320412,8.75952808811392,1,101.984292,Served,,,Stable,0,42.6996737857668,126.450892486555,116.636786639809,12.903393494223,57.3906580960222,708927.668340381,156.071793700005
1,27,26,3,6,37.9826305630713,23.7269833366464,48.0207471069558,BS1,Terrestrial,139.503895583502,119.391488534557,39.9449718910193,50.992146,NaN,893.334270320412,8.75952808811392,2,50.992146,Served,,,Stable,0,39.9449718910193,139.503895583502,119.391488534557,12.2257176059478,57.3701556533064,709071.176844773,156.74946958828
1,27,26,4,6,37.9900115349902,23.7452462172796,86.6122631875256,SAT-1,Satellite,708430.217652211,154.877741752333,14.0974454418949,47.381648577648,57.4618939559164,188.391482363219,1.32534773847788,3,46.9337841872158,Served,,,InTransition,9.45227538248758,11.3222840976421,1704.78557558989,148.014176327934,14.0974454418949,57.4618939559164,708430.217652211,154.877741752333
1,27,26,5,6,37.9996090509077,23.7478182690578,117.77006009201,SAT-1,Satellite,708530.223408918,155.47718994428,13.4979972499476,45.4701109885989,57.4475384035514,188.391482363219,1.38106460315184,3,45.4701109885989,Served,,,Stable,0,5.53143890091727,2503.04110085477,153.805021524659,13.4979972499476,57.4475384035514,708530.223408918,155.47718994428
1,27,26,6,6,37.9485236102146,23.7109092125294,309.289496741495,SAT-1,Satellite,709045.195143618,160.236453351309,8.7387338429192,30.8398159394059,57.3739186104643,188.391482363219,2.03623656221306,3,30.8398159394059,Served,BelowSnrFloor,,Stable,0,-11.8734522626831,4178.20023288862,171.209912688259,8.7387338429192,57.3739186104643,709045.195143618,160.236453351309
1,28,27,1,6,37.9846520087935,23.7289694383431,41.4196439003204,BS1,Terrestrial,161.741872112743,86.2968469603591,73.0396134652167,50.992146,NaN,893.334270320412,8.75952808811392,2,50.992146,Served,,,Stable,0,73.0396134652167,161.741872112743,86.2968469603591,13.4259634986573,57.1762860049294,710451.793609827,155.549223695571
1,28,27,2,6,37.986843054422,23.7323379006567,219.263954140613,BS2,Terrestrial,125.76177191042,125.641695539344,33.6947648862317,101.984292,NaN,893.334270320412,8.75952808811392,1,101.984292,Served,,,Stable,0,33.6947648862317,125.76177191042,125.641695539344,14.8478380165923,57.1909942016284,710347.917798462,154.127349177636
1,28,27,3,6,37.9826355847278,23.7269903880624,48.0207471069558,BS1,Terrestrial,138.784342871145,113.75875554979,45.5777048757858,50.992146,NaN,893.334270320412,8.75952808811392,2,50.992146,Served,,,Stable,0,45.5777048757858,138.784342871145,113.75875554979,11.1132255330718,57.1698095354811,710497.566324683,157.861961661156
1,28,27,4,6,37.9900119786437,23.7452556871757,86.6122631875256,SAT-1,Satellite,709840.257602967,156.020383483215,12.9548037110126,43.7476521030253,57.2630297895207,188.391482363219,1.43544070982033,3,43.7476521030253,Served,,,Stable,0,7.08141133945716,1311.79031374007,152.255049086119,12.9548037110126,57.2630297895207,709840.257602967,156.020383483215
1,28,27,5,6,37.9996055528656,23.7478266640162,117.77006009201,SAT-1,Satellite,709930.614395692,155.545284376084,13.4299028181443,45.2536555741032,57.2501759825598,188.391482363219,1.38767045426659,3,45.2536555741032,Served,,,Stable,0,10.5807371926929,2503.29489150166,148.755723232883,13.4299028181443,57.2501759825598,709930.614395692,155.545284376084
1,28,27,6,6,37.9485283644536,23.7109018745434,309.289496741495,SAT-1,Satellite,710510.045259843,155.29565968746,13.6795275067678,46.0478549812193,57.1680924083395,188.391482363219,1.36373693874235,3,46.0478549812193,Served,BelowSnrFloor,,Stable,0,-11.6382854825805,4569.80528229922,170.974745908156,13.6795275067678,57.1680924083395,710510.045259843,155.29565968746
1,29,28,1,6,37.9846576387487,23.728975713844,41.4196439003204,BS1,Terrestrial,162.547408181211,114.22787727009,45.1085831554861,50.992146,NaN,893.334270320412,8.75952808811392,2,50.992146,Served,,,Stable,0,45.1085831554861,162.547408181211,114.22787727009,12.2914869289365,56.9689967119574,711940.285678511,156.683700265292
1,29,28,2,6,37.9868372416227,23.7323318969839,219.263954140613,BS2,Terrestrial,125.074406730169,110.958594022389,48.3778664031868,50.992146,NaN,893.334270320412,8.75952808811392,2,50.992146,Served,,,Stable,0,48.3778664031868,125.074406730169,110.958594022389,9.83692474576765,56.9840346551615,711833.069411782,159.13826244846
1,29,28,3,6,37.9826406063843,23.7269974394788,48.0207471069558,BS1,Terrestrial,138.066069872598,105.051802508427,54.2846579171489,50.992146,NaN,893.334270320412,8.75952808811392,2,50.992146,Served,,,Stable,0,54.2846579171489,138.066069872598,105.051802508427,11.4855762099336,56.9621990924611,711988.785195381,157.489610984295
1,29,28,4,6,37.9900124222971,23.7452651570719,86.6122631875256,BS2,Terrestrial,1312.59913642358,149.195867165498,10.1405932600777,32.1479174524288,NaN,893.334270320412,13.8941234940387,2,32.1473544318782,Served,,,InTransition,0.0175134377319602,10.1405932600777,1312.59913642358,149.195867165498,8.69193547051105,57.0568180278707,711315.258136865,160.283251723717
1,29,28,5,6,37.9996020548236,23.7478350589742,117.77006009201,SAT-1,Satellite,711396.0048668,155.544235852572,13.4309513416558,67.8854811907459,57.0454381010352,188.391482363219,1.38756829191409,2,67.8854811907459,Served,,,Stable,0,10.8754763921172,2503.54893387497,148.460984033459,13.4309513416558,57.0454381010352,711396.0048668,155.544235852572
1,29,28,6,6,37.9485331186926,23.7108945365569,309.289496741495,SAT-1,Satellite,712039.580922244,158.174823927421,10.8003632668069,55.5459289755912,56.9551256800362,188.391482363219,1.69581718982506,2,55.5459289755912,Served,BelowSnrFloor,,Stable,0,-10.8223508544571,4569.56782578952,170.158811280033,10.8003632668069,56.9551256800362,712039.580922244,158.174823927421
1,30,29,1,6,37.9846632687039,23.7289819893454,41.4196439003204,BS1,Terrestrial,163.35322311936,110.266323887061,49.0701365385144,25.496073,NaN,893.334270320412,8.75952808811392,4,25.496073,Served,,,Stable,0,49.0701365385144,163.35322311936,110.266323887061,8.71802186655145,56.7547083332199,713493.215075686,160.257165327677
1,30,29,2,6,37.9868314288234,23.7323258933116,219.263954140613,BS2,Terrestrial,124.388826047955,128.162080346517,31.1743800790585,101.984292,NaN,893.334270320412,8.75952808811392,1,101.984292,Served,,,Stable,0,31.1743800790585,124.388826047955,128.162080346517,9.62283085952694,56.770055781922,713382.716157357,159.352356334701
1,30,29,3,6,37.9826456280408,23.7270044908958,48.0207471069558,BS1,Terrestrial,137.349096663861,104.037143676423,55.2993167491533,25.496073,NaN,893.334270320412,8.75952808811392,4,25.496073,Served,,,Stable,0,55.2993167491533,137.349096663861,104.037143676423,13.8498072730625,56.7476006085563,713544.425320621,155.125379921166
1,30,29,4,6,37.9900128659506,23.7452746269682,86.6122631875256,BS1,Terrestrial,1707.12780313484,147.725039172774,11.6114212528016,18.1465392255307,NaN,893.334270320412,12.307226452628,4,18.1461258934295,Served,,,InTransition,0.0227774616416112,11.6114212528016,1707.12780313484,147.725039172774,10.6697807072467,56.843535559104,712854.814351014,158.305406486981
1,30,29,5,6,37.9995985567815,23.7478434539317,117.77006009201,BS1,Terrestrial,2503.80322790106,146.318350945454,13.0181094801218,20.1720781111095,NaN,893.334270320412,11.0714209190527,4,20.1714042193829,Served,,,InTransition,0.0334071543307612,13.0181094801218,2503.80322790106,146.318350945454,8.18668270668837,56.8336002782414,712925.992357047,160.78850448754
1,30,29,6,6,37.9485378729315,23.7108871985699,309.289496741495,SAT-1,Satellite,713633.384485716,161.931322036135,7.04386515809284,77.9991727919794,56.7352988032292,188.391482363219,2.41530102973849,1,77.9991727919794,Served,BelowSnrFloor,,Stable,0,-9.21009254996508,4569.33050885523,168.546552975541,7.04386515809284,56.7352988032292,713633.384485716,161.931322036135
1,31,30,1,6,37.9846688986591,23.7289882648472,41.4196439003204,BS1,Terrestrial,164.159312820676,104.382773738278,54.9536866872976,50.992146,NaN,893.334270320412,8.75952808811392,2,50.992146,Served,,,Stable,0,54.9536866872976,164.159312820676,104.382773738278,12.3827471978064,56.5336984352451,715110.160259163,156.592439996422
1,31,30,2,6,37.9868256160242,23.7323198896398,219.263954140613,BS2,Terrestrial,123.705059532707,116.729028287314,42.6074321382618,101.984292,NaN,893.334270320412,8.75952808811392,1,101.984292,Served,,,Stable,0,42.6074321382618,123.705059532707,116.729028287314,15.2335512544681,56.5493353741536,714996.436940432,153.74163593976
1,31,30,3,6,37.9826506496974,23.7270115423132,48.0207471069558,BS1,Terrestrial,136.633443707417,102.388296637133,56.9481637884429,50.992146,NaN,893.334270320412,8.75952808811392,2,50.992146,Served,,,Stable,0,56.9481637884429,136.633443707417,102.388296637133,10.7527406251719,56.5262917443068,715164.06455892,158.222446569056
1,31,30,4,6,37.9900133096041,23.7452840968645,86.6122631875256,SAT-1,Satellite,714458.507186465,152.099576138933,16.8756110552947,55.547,56.6234608607248,188.391482363219,1.1305229947205,3,55.0174866564897,Served,,,InTransition,9.53270822025103,9.58120735000139,1314.2168737332,149.755253075574,16.8756110552947,56.6234608607248,714458.507186465,152.099576138933
1,31,30,5,6,37.9995950587395,23.7478518488889,117.77006009201,SAT-1,Satellite,714520.160181794,156.537144484806,12.4380427094216,42.1186122992896,56.6149397748966,188.391482363219,1.49095987164797,3,41.717073210448,Served,,,InTransition,9.53353082927515,8.79299322991014,2504.05777350096,150.543467195666,12.4380427094216,56.6149397748966,714520.160181794,156.537144484806
1,31,30,6,6,37.9485426271705,23.7108798605825,309.289496741495,SAT-1,Satellite,715291.024555445,157.484162011454,11.4910251827739,39.1611497972107,56.5088929580011,188.391482363219,1.60355763589486,3,39.1611497972107,Served,,,Stable,0,-5.63649957776752,4177.12321966158,164.972960003343,11.4910251827739,56.5088929580011,715291.024555445,157.484162011454
1,32,31,1,6,37.9846745286144,23.7289945403496,41.4196439003204,BS1,Terrestrial,164.965673256437,104.576963089306,54.75949733627,50.992146,NaN,893.334270320412,8.75952808811392,2,50.992146,Served,,,Stable,0,54.75949733627,164.965673256437,104.576963089306,12.656028603603,56.3062451248574,716790.686189929,156.319158590625
1,32,31,2,6,37.9868198032249,23.7323138859685,219.263954140613,BS2,Terrestrial,123.023137434097,125.206866199152,34.1295942264234,50.992146,NaN,893.334270320412,8.75952808811392,2,50.992146,Served,,,Stable,0,34.1295942264234,123.023137434097,125.206866199152,11.1644656642754,56.3221518120371,716673.797124305,157.810721529953
1,32,31,3,6,37.9826556713539,23.727018593731,48.0207471069558,BS1,Terrestrial,135.91913185756,112.09841868588,47.2380417396959,50.992146,NaN,893.334270320412,8.75952808811392,2,50.992146,Served,,,Stable,0,47.2380417396959,135.91913185756,112.09841868588,11.0186990058956,56.2985506638021,716847.267293632,157.956488188333
1,32,31,4,6,37.9900137532575,23.7452935667609,86.6122631875256,BS2,Terrestrial,1315.02578824559,145.458196828568,13.8782635970079,42.8536138792698,NaN,893.334270320412,10.4230914204479,2,42.8528619776677,Served,,,InTransition,0.0175458154887351,13.8782635970079,1315.02578824559,145.458196828568,12.0139467233338,56.3968731093331,716125.903956881,156.961240470894
1,32,31,5,6,37.9995915606974,23.7478602438457,117.77006009201,SAT-1,Satellite,716178.077963432,155.968771451575,13.0064157426529,65.8663287634962,56.3897346996226,188.391482363219,1.43010462173829,2,65.8663287634962,Served,,,Stable,0,-0.238525545881515,2074.97145728915,159.574985971457,13.0064157426529,56.3897346996226,716178.077963432,155.968771451575
1,32,31,6,6,37.9485473814095,23.7108725225945,309.289496741495,SAT-1,Satellite,717012.056525081,156.735858596355,12.2393285978736,62.2423533136083,56.276189272909,188.391482363219,1.51337049720796,2,62.2423533136083,Served,,,Stable,0,-2.96913487774174,4176.85433845747,162.305595303318,12.2393285978736,56.276189272909,717012.056525081,156.735858596355
1,33,32,1,6,37.9846801585696,23.7290008158524,41.4196439003204,BS1,Terrestrial,165.772300476135,101.616572414844,57.7198880107315,33.994764,NaN,893.334270320412,8.75952808811392,3,33.994764,Served,,,Stable,0,57.7198880107315,165.772300476135,101.616572414844,14.0636976659282,56.0726262275154,718534.344870198,154.9114895283
1,33,32,2,6,37.9868139904256,23.7323078822977,219.263954140613,BS2,Terrestrial,122.34309059335,125.22075427664,34.1157061489356,101.984292,NaN,893.334270320412,8.75952808811392,1,101.984292,Served,,,Stable,0,34.1157061489356,122.34309059335,125.22075427664,13.7151816218925,56.0887832376545,718414.349068695,155.260005572336
1,33,32,3,6,37.9826606930104,23.7270256451494,48.0207471069558,BS1,Terrestrial,135.206182368426,113.040060805333,46.2963996202426,33.994764,NaN,893.334270320412,8.75952808811392,3,33.994764,Served,,,Stable,0,46.2963996202426,135.206182368426,113.040060805333,12.458383499184,56.064655215102,718593.584971383,156.516803695044
1,33,32,4,6,37.990014196911,23.7453030366573,86.6122631875256,SAT-1,Satellite,717856.558885977,158.575127518579,10.4000596756489,53.7111055234755,56.1640513434056,188.391482363219,1.75374794958259,2,53.1966580334717,Served,,,InTransition,9.5780469418744,9.46374646295325,1709.47047785112,149.872713962623,10.4000596756489,56.1640513434056,717856.558885977,158.575127518579
1,33,32,5,6,37.9995880626554,23.7478686388021,117.77006009201,BS1,Terrestrial,2504.56761912152,146.771293827145,12.5651665984309,26.0212808431994,NaN,893.334270320412,11.4436369178432,3,26.020411280865,Served,,,InTransition,0.0334173532693944,12.5651665984309,2504.56761912152,146.771293827145,2.10526000228981,56.1582631675612,717899.302166837,166.869927191938
1,33,32,6,6,37.9485521356484,23.7108651846062,309.289496741495,SAT-1,Satellite,718796.023122494,156.683363318207,12.2918238760211,62.4892759539909,56.0374680268525,188.391482363219,1.50739050410766,2,62.4892759539909,Served,,,Stable,0,-7.03183761865461,4176.58560615163,166.36829804423,12.2918238760211,56.0374680268525,718796.023122494,156.683363318207
1,34,33,1,6,37.9846857885248,23.7290070913557,41.4196439003204,BS1,Terrestrial,166.579190604694,105.797632197499,53.5388282280769,50.992146,NaN,893.334270320412,8.75952808811392,2,50.992146,Served,,,Stable,0,53.5388282280769,166.579190604694,105.797632197499,10.8770265614214,55.8331185204717,720340.675888598,158.098160632807
1,34,33,2,6,37.9868081776263,23.7323018786273,219.263954140613,BS2,Terrestrial,121.66495045576,125.157980399989,34.178480025587,101.984292,NaN,893.334270320412,8.75952808811392,1,101.984292,Served,,,Stable,0,34.178480025587,121.66495045576,125.157980399989,14.1474480473989,55.8495067838075,720217.632675281,154.827739146829
1,34,33,3,6,37.9826657146669,23.7270326965683,48.0207471069558,BS1,Terrestrial,134.4946169092,108.329243668355,51.0072167572213,50.992146,NaN,893.334270320412,8.75952808811392,2,50.992146,Served,,,Stable,0,51.0072167572213,134.4946169092,108.329243668355,8.98349416720217,55.8248821655634,720402.556647557,159.991693027026
1,34,33,4,6,37.9900146405645,23.7453125065538,86.6122631875256,SAT-1,Satellite,719650.013652357,153.973610277195,15.0015769170328,50.2831545916743,55.925273681127,188.391482363219,1.24887074603186,3,50.2831545916743,Served,,,Stable,0,7.21585376069277,1316.6437087041,152.120606664883,15.0015769170328,55.925273681127,719650.013652357,153.973610277195
1,34,33,5,6,37.9995845646133,23.7478770337581,117.77006009201,SAT-1,Satellite,719683.376642398,156.979904400784,11.9952827934439,40.7311126457296,55.9208025132841,188.391482363219,1.54174921107448,3,40.339995339059,Served,,,InTransition,9.6024213743549,9.3734640266845,2504.82291898614,149.962996398891,11.9952827934439,55.9208025132841,719683.376642398,156.979904400784
1,34,33,6,6,37.9485568898874,23.7108578466173,309.289496741495,SAT-1,Satellite,720642.454961783,163.359686598309,5.61550059591895,22.152941829015,55.7930079080516,188.391482363219,2.83470977680672,3,22.152941829015,Served,,,Stable,0,-3.47056335987779,4176.31702277301,162.807023785454,5.61550059591895,55.7930079080516,720642.454961783,163.359686598309
1,35,34,1,6,37.98469141848,23.7290133668595,41.4196439003204,BS1,Terrestrial,167.386339840152,106.319976883881,53.0164835416953,50.992146,NaN,893.334270320412,8.75952808811392,2,50.992146,Served,,,Stable,0,53.0164835416953,167.386339840152,106.319976883881,12.7937792158597,55.587997021816,722209.206970986,156.181407978368
1,35,34,2,6,37.986802364827,23.7322958749574,219.263954140613,BS2,Terrestrial,120.988749082416,116.048119222451,43.2883412031244,101.984292,NaN,893.334270320412,8.75952808811392,1,101.984292,Served,,,Stable,0,43.2883412031244,120.988749082416,116.048119222451,10.9660294843766,55.6045978587991,722083.175939003,158.009157709851
1,35,34,3,6,37.9826707363234,23.7270397479876,48.0207471069558,BS1,Terrestrial,133.78445755966,105.435240097648,53.9012203279276,50.992146,NaN,893.334270320412,8.75952808811392,2,50.992146,Served,,,Stable,0,53.9012203279276,133.78445755966,105.435240097648,12.3289589537331,55.5795064931078,722273.709537383,156.646228240495
1,35,34,4,6,37.990015084218,23.7453219764503,86.6122631875256,SAT-1,Satellite,721505.797940322,157.459678111831,11.5155090823968,39.2371100172543,55.6808165944782,188.391482363219,1.60045326376292,3,39.2371100172543,Served,,,Stable,0,10.6920386478668,1711.0325085167,148.644421777709,11.5155090823968,55.6808165944782,721505.797940322,157.459678111831
1,35,34,5,6,37.9995810665713,23.7478854287137,117.77006009201,SAT-1,Satellite,721529.833175246,154.608245548447,14.3669416457813,48.2443345688066,55.6776285593321,188.391482363219,1.30164839766165,3,48.2443345688066,Served,,,Stable,0,5.24800535927676,2075.73617884817,154.088455066299,14.3669416457813,55.6776285593321,721529.833175246,154.608245548447
1,35,34,6,6,37.9485616441263,23.710850508628,309.289496741495,SAT-1,Satellite,722550.871100104,156.404680747001,12.5705064472273,42.5352408065953,55.5430853306963,188.391482363219,1.47635606609761,3,42.5352408065953,Served,BelowSnrFloor,,Stable,0,-8.29705590769555,4176.04858835153,167.633516333271,12.5705064472273,55.5430853306963,722550.871100104,156.404680747001
1,36,35,1,6,37.9846970484352,23.7290196423637,41.4196439003204,BS1,Terrestrial,168.19374445148,118.668039159511,40.6684212660653,25.496073,NaN,893.334270320412,8.75952808811392,4,25.496073,Served,,,Stable,0,40.6684212660653,168.19374445148,118.668039159511,12.6073901894142,55.3375343357793,724139.454535564,156.367797004814
1,36,35,2,6,37.9867965520277,23.7322898712879,219.263954140613,BS1,Terrestrial,536.882930156747,123.872575955188,35.4638844703874,25.496073,NaN,893.334270320412,8.75952808811392,4,25.4958903615645,Served,,,InTransition,0.00716339475300271,35.4638844703874,536.882930156747,123.872575955188,14.0875303011028,55.3543294875893,724010.495503724,154.887656893125
1,36,35,3,6,37.9826757579799,23.7270467994074,48.0207471069558,BS1,Terrestrial,133.075726832567,106.662971764886,52.6734886606903,25.496073,NaN,893.334270320412,8.75952808811392,4,25.496073,Served,,,Stable,0,52.6734886606903,133.075726832567,106.662971764886,14.8116039805443,55.328800733774,724206.559571245,154.163583213684
1,36,35,4,6,37.9900155278714,23.7453314463469,86.6122631875256,BS2,Terrestrial,1318.26175069937,144.22628969757,15.1101707280056,92.9621408053716,NaN,893.334270320412,9.60965681922842,1,92.9605056950649,Served,,,InTransition,0.0175889915242547,15.1101707280056,1318.26175069937,144.22628969757,11.805759753557,55.4309542400732,723423.429995246,157.169427440671
1,36,35,5,6,37.9995775685292,23.7478938236688,117.77006009201,BS1,Terrestrial,2505.33427244346,145.154603715244,14.1818567103323,21.872106370345,NaN,893.334270320412,10.2108852160168,4,21.8713752387073,Served,,,InTransition,0.0334275823902609,14.1818567103323,2505.33427244346,145.154603715244,11.0757709058369,55.4290149409945,723438.192039213,157.899416288391
1,36,35,6,6,37.9485663983653,23.7108431706382,309.289496741495,SAT-1,Satellite,724520.779597933,155.750435019688,13.2247521745404,133.807294286508,55.2879738091761,188.391482363219,1.40793133414561,1,133.807294286508,Served,BelowSnrFloor,,Stable,0,-13.2492674124941,4567.90953957694,172.58572783807,13.2247521745404,55.2879738091761,724520.779597933,155.750435019688
1,37,36,1,6,37.9847026783904,23.7290259178685,41.4196439003204,BS1,Terrestrial,169.001400777876,104.569662859398,54.7667975661783,50.992146,NaN,893.334270320412,8.75952808811392,2,50.992146,Served,,,Stable,0,54.7667975661783,169.001400777876,104.569662859398,11.2585388923615,55.0820000540604,726130.924250954,157.716648301867
1,37,36,2,6,37.9867907392284,23.732283867619,219.263954140613,BS2,Terrestrial,119.64229402682,113.121406813489,46.2150536120869,50.992146,NaN,893.334270320412,8.75952808811392,2,50.9920645994556,Served,,,InTransition,0.00159633494217949,46.2150536120869,119.64229402682,113.121406813489,11.6873416732152,55.098971709118,725999.097220944,157.287845521013
1,37,36,3,6,37.9826807796364,23.7270538508277,48.0207471069558,BS1,Terrestrial,132.368447676068,106.449801308247,52.8866591173292,50.992146,NaN,893.334270320412,8.75952808811392,2,50.992146,Served,,,Stable,0,52.8866591173292,132.368447676068,106.449801308247,10.6440887597303,55.0730343852937,726200.61195291,158.331098434498
1,37,36,4,6,37.9900159715249,23.7453409162436,86.6122631875256,BS2,Terrestrial,1319.07081713386,144.643132300052,14.6933281255238,45.2497397482255,NaN,893.334270320412,9.87115368277279,2,45.2497397482255,Served,,,Stable,0,14.6933281255238,1319.07081713386,144.643132300052,11.0550720699951,55.1759578466056,725402.417182213,157.920115124233
1,37,36,5,6,37.9995740704872,23.7479022186236,117.77006009201,SAT-1,Satellite,725407.962554286,154.776428659945,14.1987585342833,71.558600445952,55.1752324873056,188.391482363219,1.31634409553265,2,70.8659989188951,Served,,,InTransition,9.67880202715822,5.20762164301345,2505.59032588166,154.128838782562,14.1987585342833,55.1752324873056,725407.962554286,154.776428659945
1,37,36,6,6,37.9485711526042,23.7108358326479,309.289496741495,SAT-1,Satellite,726551.678081493,155.99058298689,12.9846042073386,65.7628365056766,55.0279433892194,188.391482363219,1.43235520526062,2,65.7628365056766,Served,,,Stable,0,-7.04937499474249,4175.51216649082,166.385835420318,12.9846042073386,55.0279433892194,726551.678081493,155.99058298689
1,38,37,1,6,37.9847083083456,23.7290321933737,41.4196439003204,BS1,Terrestrial,169.809305229602,111.45478713737,47.8816732882054,25.496073,NaN,893.334270320412,8.75952808811392,4,25.496073,Served,,,Stable,0,47.8816732882054,169.809305229602,111.45478713737,13.2218400869343,54.8216602123919,728183.111595939,155.753347107294
1,38,37,2,6,37.9867849264291,23.7322778639505,219.263954140613,BS1,Terrestrial,535.256912413219,120.759046006988,38.5774144185875,25.496073,NaN,893.334270320412,8.75952808811392,4,25.495890914708,Served,,,InTransition,0.00714169950750688,38.5774144185875,535.256912413219,120.759046006988,11.8494911370657,54.8387910290352,728048.476710231,157.125696057162
1,38,37,3,6,37.9826858012928,23.7270609022485,48.0207471069558,BS1,Terrestrial,131.66264348326,117.73950683535,41.5969535902258,25.496073,NaN,893.334270320412,8.75952808811392,4,25.496073,Served,,,Stable,0,41.5969535902258,131.66264348326,117.73950683535,15.3126769837187,54.8124733658851,728255.361719349,153.662510210509
1,38,37,4,6,37.9900164151784,23.7453503861403,86.6122631875256,BS2,Terrestrial,1319.87991378584,144.152633557084,15.1838268684923,93.3980480460319,NaN,893.334270320412,9.56480664221298,1,93.3980480460319,Served,,,Stable,0,15.1838268684923,1319.87991378584,144.152633557084,13.1739104079825,54.9160951581962,727442.256546565,155.801276786246
1,38,37,5,6,37.9995705724451,23.747910613578,117.77006009201,BS1,Terrestrial,2505.84663035613,146.895227530477,12.4412328950985,19.337044924243,NaN,893.334270320412,11.549518990883,4,19.3363984013893,Served,,,InTransition,0.0334344185584032,12.4412328950985,2505.84663035613,146.895227530477,6.5871394870689,54.9165486576554,727438.643646134,162.388047707159
1,38,37,6,6,37.9485759068431,23.7108284946571,309.289496741495,SAT-1,Satellite,728643.054305998,157.462178759085,11.5130084351431,117.688051718681,54.7632601347697,188.391482363219,1.60076982847456,1,117.688051718681,Served,BelowSnrFloor,,Stable,0,-13.4414329048637,4567.43700074932,172.77789333044,11.5130084351431,54.7632601347697,728643.054305998,157.462178759085
1,39,38,1,6,37.9847139383008,23.7290384688794,41.4196439003204,BS1,Terrestrial,170.617454280221,108.113329785731,51.223130639845,33.994764,NaN,893.334270320412,8.75952808811392,3,33.994764,Served,,,Stable,0,51.223130639845,170.617454280221,108.113329785731,14.6375427674288,54.55677680111,730295.502419562,154.337644426799
1,39,38,2,6,37.9867791136297,23.7322718602825,219.263954140613,BS2,Terrestrial,118.303994700944,125.540890218681,33.7955702068953,101.984292,NaN,893.334270320412,8.75952808811392,1,101.984131019978,Served,,,InTransition,0.00157847859802989,33.7955702068953,118.303994700944,125.540890218681,15.7244189635334,54.5740499266261,730158.119920115,153.250768230695
1,39,38,3,6,37.9826908229493,23.7270679536697,48.0207471069558,BS1,Terrestrial,130.958338101248,112.945722472937,46.3907379526386,33.994764,NaN,893.334270320412,8.75952808811392,3,33.994764,Served,,,Stable,0,46.3907379526386,130.958338101248,112.945722472937,9.30244405425054,54.5473795270095,730370.294300889,159.672743139978
1,39,38,4,6,37.9900168588318,23.745359856037,86.6122631875256,SAT-1,Satellite,729542.435375097,156.099527892052,12.8756593021763,65.2462851726378,54.6516299324672,188.391482363219,1.44369508443849,2,64.6111800188714,Served,,,InTransition,9.73396649458202,7.84831971787909,1320.68904059851,151.488140707697,12.8756593021763,54.6516299324672,729542.435375097,156.099527892052
1,39,38,5,6,37.999567074403,23.747919008532,117.77006009201,BS1,Terrestrial,2506.10318579157,144.920322008925,14.4161384166511,29.6220399603735,NaN,893.334270320412,10.052585524331,3,29.6220399603735,Served,,,Stable,0,14.4161384166511,2506.10318579157,144.920322008925,8.37718038463638,54.6532270329358,729529.724406496,160.598006809592
1,39,38,6,6,37.9485806610821,23.7108211566659,309.289496741495,SAT-1,Satellite,730794.386718495,155.561341372935,13.4138458212934,67.8039535902897,54.4941856690131,188.391482363219,1.38923670662029,2,67.8039535902897,Served,BelowSnrFloor,,Stable,0,-7.74224228186182,4174.97634079883,167.078702707438,13.4138458212934,54.4941856690131,730794.386718495,155.561341372935
1,40,39,1,6,37.984719568256,23.7290447443855,41.4196439003204,BS1,Terrestrial,171.425844470326,105.178190528291,54.1582698972849,33.994764,NaN,893.334270320412,8.75952808811392,3,33.994764,Served,,,Stable,0,54.1582698972849,171.425844470326,105.178190528291,11.3740573030441,54.2876073280966,732467.573500388,157.601129891184
1,40,39,2,6,37.9867733008304,23.7322658566149,219.263954140613,BS2,Terrestrial,117.637990487502,113.143027823567,46.1934326020088,101.984292,NaN,893.334270320412,8.75952808811392,1,101.984292,Served,,,Stable,0,46.1934326020088,117.637990487502,113.143027823567,7.80082866360351,54.305006414308,732327.503688174,161.174358530625
1,40,39,3,6,37.9826958446058,23.7270750050915,48.0207471069558,BS1,Terrestrial,130.255555842416,113.792846065039,45.5436143605365,33.994764,NaN,893.334270320412,8.75952808811392,3,33.994764,Served,,,Stable,0,45.5436143605365,130.255555842416,113.792846065039,13.3077236618701,54.2780102184409,732544.886080445,155.667463532358
1,40,39,4,6,37.9900173024853,23.7453693259339,86.6122631875256,BS1,Terrestrial,1714.93844755868,143.825066709772,15.5113937158034,31.7797405765784,NaN,893.334270320412,9.37006044430288,3,31.7790134028618,Served,,,InTransition,0.0228816756632174,15.5113937158034,1714.93844755868,143.825066709772,5.58260847515865,54.3828214917485,731702.43175663,163.392578719069
1,40,39,5,6,37.999563576361,23.7479274034856,117.77006009201,SAT-1,Satellite,731680.684653125,158.200700265267,10.7744869289611,55.4269176242136,54.3855268597182,188.391482363219,1.69945840792091,2,54.8858125503095,Served,,,InTransition,9.76249622201137,6.50855461971415,2506.35999210937,152.827905805862,10.7744869289611,54.3855268597182,731680.684653125,158.200700265267
1,40,39,6,6,37.948585415321,23.7108138186742,309.289496741495,SAT-1,Satellite,733005.14501906,159.450414288063,9.52477290616474,49.7497744739167,54.2209767676179,188.391482363219,1.89339031538716,2,49.7497744739167,Served,,,Stable,0,-5.21952417462273,4174.70865158884,164.555984600199,9.52477290616474,54.2209767676179,733005.14501906,159.450414288063
1,41,40,1,6,37.9847251982111,23.7290510198922,41.4196439003204,BS1,Terrestrial,172.234472405984,106.083284245599,53.2531761799769,25.496073,NaN,893.334270320412,8.75952808811392,4,25.496073,Served,,,Stable,0,53.2531761799769,172.234472405984,106.083284245599,12.6049894520854,54.0144044321562,734698.793103775,156.370197742143
1,41,40,2,6,37.9867674880311,23.7322598529479,219.263954140613,BS1,Terrestrial,532.818356712456,128.964918378224,30.3715420473519,25.496073,NaN,893.334270320412,8.75952808811392,4,25.4958917442632,Served,,,InTransition,0.00710916292247026,30.3715420473519,532.818356712456,128.964918378224,15.1476002043673,54.0319136477778,734556.096299221,153.827586989861
1,41,40,3,6,37.9827008662623,23.7270820565137,48.0207471069558,BS1,Terrestrial,129.554321493914,107.348134617027,51.9883258085489,25.496073,NaN,893.334270320412,8.75952808811392,4,25.496073,Served,,,Stable,0,51.9883258085489,129.554321493914,107.348134617027,13.3310670556423,54.0046179037004,734778.604950751,155.644120138586
1,41,40,4,6,37.9900177461388,23.7453787958307,86.6122631875256,BS2,Terrestrial,1322.30738448721,146.356604322928,12.9798561026479,80.4661404198579,NaN,893.334270320412,11.1019898016626,1,80.464720758104,Served,,,InTransition,0.0176429706512124,12.9798561026479,1322.30738448721,146.356604322928,12.7322349121476,54.1099243255078,733921.71514086,156.242952282081
1,41,40,5,6,37.9995600783189,23.7479357984388,117.77006009201,BS1,Terrestrial,2506.6170492315,146.899788026673,12.4366723989033,19.3304664129733,NaN,893.334270320412,11.5534495034334,4,19.3298199113634,Served,,,InTransition,0.0334446979214066,12.4366723989033,2506.6170492315,146.899788026673,12.1972750408864,54.1137026456293,733890.995488184,156.777912153342
1,41,40,6,6,37.9485901695599,23.710806480682,309.289496741495,SAT-1,Satellite,735274.79071928,161.060250049519,7.91493714470872,85.3628572149897,53.9438850019834,188.391482363219,2.20694911709372,1,85.3628572149897,Served,,,Stable,0,-6.72724134244839,4174.44111150787,166.063701768024,7.91493714470872,53.9438850019834,735274.79071928,161.060250049519
1,42,41,1,6,37.9847308281663,23.7290572953993,41.4196439003204,BS2,Terrestrial,261.229387698999,118.954555270793,40.3819051547829,50.992146,NaN,893.334270320412,8.75952808811392,2,50.9919682684164,Served,,,InTransition,0.00348546977387936,40.3819051547829,261.229387698999,118.954555270793,12.4299660972179,53.7374155446245,736988.621535959,156.54522109701
1,42,41,2,6,37.9867616752317,23.7322538492813,219.263954140613,BS2,Terrestrial,116.312453066313,113.148650137451,46.1878102881245,50.992146,NaN,893.334270320412,8.75952808811392,2,50.992066864966,Served,,,InTransition,0.00155190632669369,46.1878102881245,116.312453066313,113.148650137451,7.10612468597992,53.7550195846088,736843.358040325,161.869062508248
1,42,41,3,6,37.9827058879188,23.7270891079364,48.0207471069558,BS1,Terrestrial,128.854660328314,113.184019786667,46.1524406389089,101.984292,NaN,893.334270320412,8.75952808811392,1,101.984292,Served,,,Stable,0,46.1524406389089,128.854660328314,113.184019786667,13.34812363083,53.7274498236399,737070.910868311,155.627063563398
1,42,41,4,6,37.9900181897923,23.7453882657277,86.6122631875256,SAT-1,Satellite,736199.746894207,154.848455787237,14.1267314069912,47.475301064444,53.8331877418118,188.391482363219,1.32273328193321,3,47.0089610522831,Served,,,InTransition,9.82279209831499,9.72293777607842,1323.1166014517,149.613522649497,14.1267314069912,53.8331877418118,736199.746894207,154.848455787237
1,42,41,5,6,37.9995565802768,23.7479441933916,117.77006009201,SAT-1,Satellite,736160.119853833,155.228249715461,13.7469374787674,46.262651090255,53.8380038038032,188.391482363219,1.3574051488149,3,45.8082471469596,Served,,,InTransition,9.82226337200028,-0.249746904824605,2506.87435708561,159.5862073304,13.7469374787674,53.8380038038032,736160.119853833,155.228249715461
1,42,41,6,6,37.9485949237988,23.7107991426894,309.289496741495,SAT-1,Satellite,737602.777696787,155.665404724122,13.3097824701058,44.8721830838974,53.6631564300686,188.391482363219,1.3994674756592,3,44.8721830838974,Served,BelowSnrFloor,,Stable,0,-10.1687245903966,4174.17372058338,169.505185015973,13.3097824701058,53.6631564300686,737602.777696787,155.665404724122
1,43,42,1,6,37.9847364581215,23.7290635709069,41.4196439003204,BS1,Terrestrial,173.852428242453,111.075784870816,48.2606755547597,33.994764,NaN,893.334270320412,8.75952808811392,3,33.9946851444836,Served,,,InTransition,0.00231963711698782,48.2606755547597,173.852428242453,111.075784870816,6.95292562672623,53.4568825968296,739336.511693908,162.022261567502
1,43,42,2,6,37.9867558624324,23.7322478456151,219.263954140613,BS2,Terrestrial,115.652994025749,115.49193932509,43.8445211004855,50.992146,NaN,893.334270320412,8.75952808811392,2,50.992146,Served,,,Stable,0,43.8445211004855,115.652994025749,115.49193932509,12.4666070209466,53.474566688922,739188.741751696,156.508580173282
1,43,42,3,6,37.9827109095752,23.7270961593595,48.0207471069558,BS1,Terrestrial,128.15659811241,109.106719981992,50.2297404435839,33.994764,NaN,893.334270320412,8.75952808811392,3,33.994764,Served,,,Stable,0,50.2297404435839,128.15659811241,109.106719981992,11.8352416080711,53.4467477057874,739421.256403124,157.139945586157
1,43,42,4,6,37.9900186334457,23.7453977356247,86.6122631875256,BS2,Terrestrial,1323.92584835753,146.093388171338,13.2430722542375,40.9983667777531,NaN,893.334270320412,10.8947543589122,2,40.9976425594339,Served,,,InTransition,0.0176645651086731,13.2430722542375,1323.92584835753,146.093388171338,9.45108225814269,53.5528555654402,738535.980851672,159.524104936085
1,43,42,5,6,37.9995530822348,23.747952588344,117.77006009201,BS1,Terrestrial,2507.13191558894,145.208637648986,14.1278227765898,29.0570204405963,NaN,893.334270320412,10.2480600416542,3,29.056048437714,Served,,,InTransition,0.0334515675586334,14.1278227765898,2507.13191558894,145.208637648986,8.32648897964933,53.5586743440878,738487.513083983,160.648698214579
1,43,42,6,6,37.9485996780377,23.7107918046963,309.289496741495,SAT-1,Satellite,739988.552744893,156.047443332884,12.9277438613445,130.986321042542,53.3790313322319,188.391482363219,1.4382531005053,1,130.986321042542,Served,BelowSnrFloor,,Stable,0,-8.22215032072262,4173.90647884427,167.558610746298,12.9277438613445,53.3790313322319,739988.552744893,156.047443332884
1,44,43,1,6,37.9847420880766,23.729069846415,41.4196439003204,BS1,Terrestrial,174.661749656766,102.235953762665,57.1005066629104,33.994764,NaN,893.334270320412,8.75952808811392,3,33.994764,Served,,,Stable,0,57.1005066629104,174.661749656766,102.235953762665,12.5264895231404,53.1730417708803,741741.90960996,156.448697671088
1,44,43,2,6,37.986750049633,23.7322418419495,219.263954140613,BS2,Terrestrial,114.99579208613,114.441846075718,44.8946143498578,101.984292,NaN,893.334270320412,8.75952808811392,1,101.984292,Served,,,Stable,0,44.8946143498578,114.99579208613,114.441846075718,13.1027165766512,53.1907916796048,741591.693372353,155.872470617577
1,44,43,3,6,37.9827159312317,23.7271032107832,48.0207471069558,BS1,Terrestrial,127.460161116787,117.655807417091,41.6806530084849,33.994764,NaN,893.334270320412,8.75952808811392,3,33.994764,Served,,,Stable,0,41.6806530084849,127.460161116787,117.655807417091,6.71755665795777,53.1627475169227,741829.087283107,162.25763053627
1,44,43,4,6,37.9900190770992,23.7454072055217,86.6122631875256,BS1,Terrestrial,1718.064081374,147.406197728017,11.9302626975592,24.8031627759769,NaN,893.334270320412,12.0056499566748,3,24.8025942036605,Served,,,InTransition,0.0229233796318385,11.9302626975592,1718.064081374,147.406197728017,11.8250425947699,53.2691658801172,740929.863863638,157.150144599458
1,44,43,5,6,37.9995495841927,23.747960983296,117.77006009201,SAT-1,Satellite,740872.623451166,154.371051708141,14.6041354860874,73.5077793551797,53.2759526085234,188.391482363219,1.28143908043349,2,72.7811446466449,Served,,,InTransition,9.88514025194278,2.36645185380485,2078.04670472989,156.970008571771,14.6041354860874,53.2759526085234,740872.623451166,154.371051708141
1,44,43,6,6,37.9486044322766,23.7107844667027,309.289496741495,SAT-1,Satellite,742431.556116279,155.604742923093,13.3704442711353,67.5971578822949,53.0917439894022,188.391482363219,1.39348671057487,2,67.5971578822949,Served,BelowSnrFloor,,Stable,0,-11.5585662347719,4566.0227394872,170.895026660348,13.3704442711353,53.0917439894022,742431.556116279,155.604742923093
1,45,44,1,6,37.9847477180318,23.7290761219236,41.4196439003204,BS1,Terrestrial,175.471295846927,108.522816106543,50.8136443190325,50.992146,NaN,893.334270320412,8.75952808811392,2,50.992146,Served,,,Stable,0,50.8136443190325,175.471295846927,108.522816106543,13.9715395463006,52.8861232911728,744204.254990227,155.003647647928
1,45,44,2,6,37.9867442368337,23.7322358382843,219.263954140613,BS2,Terrestrial,114.340886167963,117.538160152682,41.7983002728934,101.984292,NaN,893.334270320412,8.75952808811392,1,101.984292,Served,,,Stable,0,41.7983002728934,114.340886167963,117.538160152682,13.1647671204906,52.9039253194667,744051.652479626,155.810420073738
1,45,44,3,6,37.9827209528882,23.7271102622073,48.0207471069558,BS1,Terrestrial,126.76537612503,109.605826124955,49.7306343006207,50.992146,NaN,893.334270320412,8.75952808811392,2,50.992146,Served,,,Stable,0,49.7306343006207,126.76537612503,109.605826124955,11.1696488241403,52.8756792562703,744293.842932273,157.805538370088
1,45,44,4,6,37.9900195207527,23.7454166754188,86.6122631875256,SAT-1,Satellite,743380.836336635,155.823532678217,13.151654516011,44.3707266359171,52.9823508122352,188.391482363219,1.41528357881132,3,43.9306308697258,Served,,,InTransition,9.91860624241101,8.53489690296942,1718.84561185043,150.801563522606,13.151654516011,52.9823508122352,743380.836336635,155.823532678217
1,45,44,5,6,37.9995460861506,23.7479693782476,117.77006009201,SAT-1,Satellite,743314.89270753,161.106410868097,7.86877632613155,28.3223762551777,52.9900710485074,188.391482363219,2.21722782798846,3,28.3223762551777,Served,,,Stable,0,7.20335300717105,2507.64778424294,152.133107418405,7.86877632613155,52.9900710485074,743314.89270753,161.106410868097
1,45,44,6,6,37.9486091865155,23.7107771287086,309.289496741495,SAT-1,Satellite,744931.222059874,157.203346838856,11.7718403553724,40.0340350949558,52.8015225008545,188.391482363219,1.56859433826224,3,40.0340350949558,Served,BelowSnrFloor,,Stable,0,-12.8912211891235,4173.37244303751,172.227681614699,11.7718403553724,52.8015225008545,744931.222059874,157.203346838856
1,46,45,1,6,37.9847533479869,23.7290823974327,41.4196439003204,BS1,Terrestrial,176.281063713604,117.498542244429,41.8379181811466,33.994764,NaN,893.334270320412,8.75952808811392,3,33.994764,Served,,,Stable,0,41.8379181811466,176.281063713604,117.498542244429,3.45686288110585,52.5963512539572,746722.98174584,165.518324313122
1,46,45,2,6,37.9867384240343,23.7322298346196,219.263954140613,BS1,Terrestrial,528.755372284132,116.111232360669,43.2252280649065,33.994764,NaN,893.334270320412,8.75952808811392,3,33.9945241685617,Served,,,InTransition,0.00705495229348474,43.2252280649065,528.755372284132,116.111232360669,8.91895116880951,52.614192242668,746568.052821534,160.056236025419
1,46,45,3,6,37.9827259745446,23.7271173136319,48.0207471069558,BS1,Terrestrial,126.072270451909,119.917880925761,39.4185794998149,33.994764,NaN,893.334270320412,8.75952808811392,3,33.994764,Served,,,Stable,0,39.4185794998149,126.072270451909,119.917880925761,10.0110158391537,52.5857667866487,746814.957001695,158.964171355074
1,46,45,4,6,37.9900199644061,23.745426145316,86.6122631875256,BS2,Terrestrial,1326.35376816958,147.798775314719,11.5376851108571,72.1656957983032,NaN,893.334270320412,12.3789324060174,1,72.1644186848869,Served,,,InTransition,0.0176969597836858,11.5376851108571,1326.35376816958,147.798775314719,10.5349833065864,52.6926363533866,745888.33276711,158.440203887642
1,46,45,5,6,37.9995425881085,23.7479777731988,117.77006009201,SAT-1,Satellite,745813.756618976,159.138951524,9.83623567022852,51.1509225873293,52.7012560409959,188.391482363219,1.84152575197036,2,51.1509225873293,Served,,,Stable,0,6.8023115225073,2078.56348200486,152.534148903069,9.83623567022852,52.7012560409959,745813.756618976,159.138951524
1,46,45,6,6,37.9486139407544,23.7107697907141,309.289496741495,SAT-1,Satellite,747486.979349896,161.382675429239,7.5925117649889,41.3056275337184,52.5085886388341,188.391482363219,2.28045781666713,2,41.3056275337184,Served,BelowSnrFloor,,Stable,0,-14.8914285121002,4173.10564902639,174.227888937676,7.5925117649889,52.5085886388341,747486.979349896,161.382675429239
1,47,46,1,6,37.9847589779421,23.7290886729422,41.4196439003204,BS1,Terrestrial,177.09105021677,111.590182620723,47.7462778048524,33.994764,NaN,893.334270320412,8.75952808811392,3,33.994764,Served,,,Stable,0,47.7462778048524,177.09105021677,111.590182620723,13.4877917443923,52.3039434923026,749297.518516272,155.487395449836
1,47,46,2,6,37.986732611235,23.7322238309554,219.263954140613,BS2,Terrestrial,113.038121884237,117.810062555291,41.526397870285,50.992146,NaN,893.334270320412,8.75952808811392,2,50.9920690927095,Served,,,InTransition,0.00150821835396856,41.526397870285,113.038121884237,117.810062555291,8.20607787665554,52.3218108177517,749140.32284126,160.769109317573
1,47,46,3,6,37.9827309962011,23.727124365057,48.0207471069558,BS1,Terrestrial,125.3808719489,122.964514630492,36.371945795084,33.994764,NaN,893.334270320412,8.75952808811392,3,33.994764,Served,,,Stable,0,36.371945795084,125.3808719489,122.964514630492,10.6718271719668,52.2932277009139,749391.857892522,158.303360022261
1,47,46,4,6,37.9900204080596,23.7454356152132,86.6122631875256,BS2,Terrestrial,1327.163134289,151.313712038876,8.02274838669959,26.4045494355486,NaN,893.334270320412,16.9162945291108,2,26.4045494355486,Served,,,Stable,0,8.02274838669959,1327.163134289,151.313712038876,7.90013487411471,52.4002422190136,748451.782267408,161.075052320113
1,47,46,5,6,37.9995390900664,23.7479861681496,117.77006009201,BS1,Terrestrial,2508.16465457484,149.235469848629,10.100990576947,21.3585683324717,NaN,893.334270320412,13.941856283227,3,21.3578535605723,Served,,,InTransition,0.0334653469444497,10.100990576947,2508.16465457484,149.235469848629,7.21622291419149,52.4097277410785,748368.645491675,161.758964280037
1,47,46,6,6,37.9486186949933,23.7107624527191,309.289496741495,SAT-1,Satellite,750098.251806429,157.785457269177,11.1897299250511,114.686279552656,52.2131577373065,188.391482363219,1.6426680078738,1,114.686279552656,Served,BelowSnrFloor,,Stable,0,-9.99793400781746,4565.31749723949,169.334394433393,11.1897299250511,52.2131577373065,750098.251806429,157.785457269177
1,48,47,1,6,37.9847646078972,23.7290949484522,41.4196439003204,BS2,Terrestrial,256.250195812256,113.670080321486,45.6663801040904,50.992146,NaN,893.334270320412,8.75952808811392,2,50.9919716560891,Served,,,InTransition,0.00341903458841858,45.6663801040904,256.250195812256,113.670080321486,11.1838408562858,52.0091114738189,751927.289183846,157.791346337942
1,48,47,2,6,37.9867267984356,23.7322178272916,219.263954140613,BS1,Terrestrial,527.130631666389,115.210433593084,44.1260268324914,50.992146,NaN,893.334270320412,8.75952808811392,2,50.9917873582608,Served,,,InTransition,0.00703327408812118,44.1260268324914,527.130631666389,115.210433593084,13.3243794803865,52.0269930436298,751767.886192839,155.650807713842
1,48,47,3,6,37.9827360178575,23.7271314164826,48.0207471069558,BS1,Terrestrial,124.691209012175,104.354718528616,54.9817418969597,50.992146,NaN,893.334270320412,8.75952808811392,2,50.992146,Served,,,Stable,0,54.9817418969597,124.691209012175,104.354718528616,8.89524801582957,51.9982732210532,752023.969270135,160.079939178399
1,48,47,4,6,37.9900208517131,23.7454450851105,86.6122631875256,BS2,Terrestrial,1327.97253007743,148.307432857111,11.0290275684649,34.6391668562337,NaN,893.334270320412,12.8948579223644,2,34.6391668562337,Served,,,Stable,0,11.0290275684649,1327.97253007743,148.307432857111,9.30435652918342,52.1053817404988,751070.609083085,159.670830665045
1,48,47,5,6,37.9995355920244,23.7479945631,117.77006009201,SAT-1,Satellite,750978.984690027,156.566093935879,12.4090932583489,63.0414754520832,52.1156999682691,188.391482363219,1.49418681123994,2,62.4098008123114,Served,,,InTransition,10.0199850216382,-0.147068774902863,2508.42346517675,159.483529200479,12.4090932583489,52.1156999682691,750978.984690027,156.566093935879
1,48,47,6,6,37.9486234492322,23.7107551147236,309.289496741495,SAT-1,Satellite,752764.458806605,157.024944463805,11.9502427304232,60.8856381590215,51.9154386121443,188.391482363219,1.54709294391541,2,60.8856381590215,Served,BelowSnrFloor,,Stable,0,-9.08200046388524,4172.57250893456,168.418460889461,11.9502427304232,51.9154386121443,752764.458806605,157.024944463805
1,49,48,1,6,37.9847702378523,23.7291012239627,41.4196439003204,BS1,Terrestrial,178.711667240655,115.954354515783,43.3821059097932,50.992146,NaN,893.334270320412,8.75952808811392,2,50.9920244106647,Served,,,InTransition,0.0023844718233793,43.3821059097932,178.711667240655,115.954354515783,14.3391912839841,51.7120602285364,754611.713378768,154.635995910244
1,49,48,2,6,37.9867209856362,23.7322118236284,219.263954140613,BS2,Terrestrial,111.745027966389,122.08033146156,37.2561289640155,50.992146,NaN,893.334270320412,8.75952808811392,2,50.9920699724866,Served,,,InTransition,0.00149096516586002,37.2561289640155,111.745027966389,122.08033146156,7.23450764137135,51.7299444759172,754450.162247407,161.740679552857
1,49,48,3,6,37.9827410395139,23.7271384679086,48.0207471069558,BS1,Terrestrial,124.003310599431,110.160527780692,49.1759326448837,50.992146,NaN,893.334270320412,8.75952808811392,2,50.992146,Served,,,Stable,0,49.1759326448837,124.003310599431,110.160527780692,15.9512125769308,51.7011081273373,754710.710568818,153.023974617297
1,49,48,4,6,37.9900212953665,23.7454545550078,86.6122631875256,BS2,Terrestrial,1328.78195547836,142.071919624063,17.2645408015125,50.992146,NaN,893.334270320412,8.75952808811392,2,50.992146,Served,,,Stable,0,17.2645408015125,1328.78195547836,142.071919624063,12.6597559746454,51.8082617880637,753744.233100868,156.315431219583
1,49,48,5,6,37.9995320939823,23.74800295805,117.77006009201,SAT-1,Satellite,753644.195145415,154.664501177324,14.3106860169043,72.0961416479786,51.8193801238955,188.391482363219,1.30652957326809,2,72.0961416479786,Served,,,Stable,0,-4.80050698028654,2079.34091243893,164.136967405862,14.3106860169043,51.8193801238955,753644.195145415,154.664501177324
1,49,48,6,6,37.9486282034711,23.7107477767277,309.289496741495,SAT-1,Satellite,755485.015785828,165.489174792996,3.48601240123176,25.3832095181206,51.6156335101343,188.391482363219,3.71094684123238,2,25.3832095181206,Served,BelowSnrFloor,,Stable,0,-11.4992706784849,4564.84803553904,170.835731104061,3.48601240123176,51.6156335101343,755485.015785828,165.489174792996
1,50,49,1,6,37.9847758678074,23.7291074994737,41.4196439003204,BS2,Terrestrial,254.590646427857,116.609218744981,42.7272416805948,50.992146,NaN,893.334270320412,8.75952808811392,2,50.99197278519,Served,,,InTransition,0.00339689194486483,42.7272416805948,254.590646427857,116.609218744981,10.6286571268459,51.4129883044278,757350.206973986,158.346530067382
1,50,49,2,6,37.9867151728368,23.7322058199656,219.263954140613,BS2,Terrestrial,111.102213010668,117.266719755041,42.0697406705351,50.992146,NaN,893.334270320412,8.75952808811392,2,50.992146,Served,,,Stable,0,42.0697406705351,111.102213010668,117.266719755041,5.25062554088362,51.4308641810839,757186.566589271,163.724561653344
1,50,49,3,6,37.9827460611704,23.7271455193352,48.0207471069558,BS1,Terrestrial,123.317206238929,128.624649696938,30.7118107286381,50.992146,NaN,893.334270320412,8.75952808811392,2,50.992146,Served,,,Stable,0,30.7118107286381,123.317206238929,128.624649696938,9.89916759865309,51.4019307150114,757451.497486201,159.076019595575
1,50,49,4,6,37.99002173902,23.7454640249052,86.6122631875256,BS1,Terrestrial,1722.75399305498,139.870392771668,19.4660676539076,50.992146,NaN,893.334270320412,8.75952808811392,2,50.9909738968227,Served,,,InTransition,0.0229859550776955,19.4660676539076,1722.75399305498,139.870392771668,12.6622898787056,51.5090827219183,756472.070346527,156.312897315523
1,50,49,5,6,37.9995285959402,23.7480113529996,117.77006009201,SAT-1,Satellite,756363.693854986,156.618379017292,12.3568081769359,62.7951735519608,51.5209691370376,188.391482363219,1.50004746947097,2,62.7951735519608,Served,,,Stable,0,4.38836866091586,2508.94183686459,154.94809176466,12.3568081769359,51.5209691370376,756363.693854986,156.618379017292
1,50,49,6,6,37.94863295771,23.7107404387312,309.289496741495,SAT-1,Satellite,758259.3347283,160.659561299924,8.31562589430419,44.4110087556036,51.3139380842782,188.391482363219,2.12099981110481,2,44.4110087556036,Served,BelowSnrFloor,,Stable,0,-16.1549943517257,4564.61351469214,175.491454777302,8.31562589430419,51.3139380842782,758259.3347283,160.659561299924
1,51,50,1,6,37.9847814977626,23.7291137749851,41.4196439003204,BS2,Terrestrial,253.760906719524,123.150966398254,36.185494027322,50.992146,NaN,893.334270320412,8.75952808811392,2,50.992146,Served,,,Stable,0,36.185494027322,253.760906719524,123.150966398254,8.72866285165858,51.1120877481279,760142.18256924,160.24652434257
1,51,50,2,6,37.9867093600374,23.7321998163032,219.263954140613,BS2,Terrestrial,110.461944027041,111.865921023756,47.4705394018199,50.992146,NaN,893.334270320412,8.75952808811392,2,50.992146,Served,,,Stable,0,47.4705394018199,110.461944027041,111.865921023756,11.5731388366426,51.1299447159746,759976.511501196,157.402048357585
1,51,50,3,6,37.9827510828268,23.7271525707622,48.0207471069558,BS1,Terrestrial,122.63292604526,112.262251018802,47.0742094067737,50.992146,NaN,893.334270320412,8.75952808811392,2,50.992146,Served,,,Stable,0,47.0742094067737,122.63292604526,112.262251018802,12.645355276366,51.100932776087,760245.742466885,156.329831917862
1,51,50,4,6,37.9900221826735,23.7454734948027,86.6122631875256,BS1,Terrestrial,1723.53581459641,141.081322673436,18.2551377521394,50.992146,NaN,893.334270320412,8.75952808811392,2,50.992146,Served,,,Stable,0,18.2551377521394,1723.53581459641,141.081322673436,13.0474079600078,51.2080383691796,759253.533472071,155.92777923422
1,51,50,5,6,37.9995250978981,23.7480197479488,117.77006009201,SAT-1,Satellite,759136.894369863,158.879249125532,10.0959380686964,52.3264980825977,51.2206614365411,188.391482363219,1.8001537391805,2,52.3264980825977,Served,,,Stable,0,2.2408365826511,2509.20139779641,157.095623842925,10.0959380686964,51.2206614365411,759136.894369863,158.879249125532
1,51,50,6,6,37.9486377119489,23.7107331007343,309.289496741495,SAT-1,Satellite,761086.824646326,159.851951357349,9.1232358368791,47.9583333643511,51.0105413929565,188.391482363219,1.9641162353575,2,47.9583333643511,Served,BelowSnrFloor,,Stable,0,-16.9914619749728,4171.77391904961,176.327922400549,9.1232358368791,51.0105413929565,761086.824646326,159.851951357349
1,52,51,1,6,37.9847871277177,23.7291200504971,41.4196439003204,BS2,Terrestrial,252.93119064038,114.727345943525,44.6091144820505,50.992146,NaN,893.334270320412,8.75952808811392,2,50.992146,Served,,,Stable,0,44.6091144820505,252.93119064038,114.727345943525,9.3486880907605,50.8095441085212,762987.049963824,159.626499103468
1,52,51,2,6,37.986703547238,23.7321938126414,219.263954140613,BS2,Terrestrial,109.824265543679,114.811389134397,44.5250712911785,50.992146,NaN,893.334270320412,8.75952808811392,2,50.992146,Served,,,Stable,0,44.5250712911785,109.824265543679,114.811389134397,12.3546392181538,50.8273721303517,762819.406438415,156.620547976074
1,52,51,3,6,37.9827561044832,23.7271596221897,48.0207471069558,BS1,Terrestrial,121.950500723429,105.659658880791,53.6768015447848,50.992146,NaN,893.334270320412,8.75952808811392,2,50.992146,Served,,,Stable,0,53.6768015447848,121.950500723429,105.659658880791,10.943564276668,50.7982996039084,763092.855174756,158.03162291756
1,52,51,4,6,37.9900226263269,23.7454829647002,86.6122631875256,BS1,Terrestrial,1724.31768441831,142.247534378696,17.0889260468803,50.992146,NaN,893.334270320412,8.75952808811392,2,50.992146,Served,,,Stable,0,17.0889260468803,1724.31768441831,142.247534378696,12.3518510810017,50.9053160241882,762088.032231683,156.623336113226
1,52,51,5,6,37.999521599856,23.7480281428976,117.77006009201,SAT-1,Satellite,761963.207272222,157.164094440497,11.8110927537314,60.234499051206,50.9186449467318,188.391482363219,1.5638171258224,2,60.234499051206,Served,,,Stable,0,-2.98310760540977,2509.4612086827,162.319568030986,11.8110927537314,50.9186449467318,761963.207272222,157.164094440497
1,52,51,6,6,37.9486424661878,23.710725762737,309.289496741495,SAT-1,Satellite,763966.892047894,160.671123974894,8.30406321933381,44.3608024390915,50.7056259206438,188.391482363219,2.12340029941844,2,44.3608024390915,Served,BelowSnrFloor,,Stable,0,-10.6887566732028,4171.50802126878,170.025217098779,8.30406321933381,50.7056259206438,763966.892047894,160.671123974894
1,53,52,1,6,37.9847927576728,23.7291263260095,41.4196439003204,BS1,Terrestrial,181.955397033094,107.496255322172,51.8402051034041,50.992146,NaN,893.334270320412,8.75952808811392,2,50.9920222037413,Served,,,InTransition,0.00242775149511058,51.8402051034041,181.955397033094,107.496255322172,6.94350290391571,50.5055364609635,765884.216617466,162.031684290312
1,53,52,2,6,37.9866977344386,23.73218780898,219.263954140613,BS2,Terrestrial,109.189222947975,114.463551720318,44.8729087052576,50.992146,NaN,893.334270320412,8.75952808811392,2,50.992146,Served,,,Stable,0,44.8729087052576,109.189222947975,114.463551720318,11.4078374439849,50.52332599022,765714.658490753,157.567349750243
1,53,52,3,6,37.9827611261396,23.7271666736177,48.0207471069558,BS1,Terrestrial,121.269961587698,101.271000836371,58.0654595892053,50.992146,NaN,893.334270320412,8.75952808811392,2,50.992146,Served,,,Stable,0,58.0654595892053,121.269961587698,101.271000836371,10.6752355392135,50.4942100182628,765992.24295338,158.299951655015
1,53,52,4,6,37.9900230699804,23.7454924345978,86.6122631875256,BS2,Terrestrial,1332.0199521366,145.127037211585,14.2094232139914,43.8251956390749,NaN,893.334270320412,10.1920169127997,2,43.8244167531031,Served,,,InTransition,0.0177725612048133,14.2094232139914,1332.0199521366,145.127037211585,14.0157548034105,50.6010964699495,764974.973945886,154.959432390818
1,53,52,5,6,37.9995181018139,23.748036537846,117.77006009201,SAT-1,Satellite,764842.040640662,154.498670646758,14.4765165474705,72.8934639511731,50.6151011045601,188.391482363219,1.29223850913033,2,72.8934639511731,Served,,,Stable,0,6.77260419903803,2509.72126944673,152.563856226538,14.4765165474705,50.6151011045601,764842.040640662,154.498670646758
1,53,52,6,6,37.9486472204267,23.7107184247391,309.289496741495,SAT-1,Satellite,766898.941392001,154.420224405448,14.5549627887797,73.2710057149329,50.3993676179759,188.391482363219,1.285580022582,2,73.2710057149329,Served,BelowSnrFloor,,Stable,0,-11.2155593120499,4171.24227296032,170.552019737626,14.5549627887797,50.3993676179759,766898.941392001,154.420224405448
1,54,53,1,6,37.9847983876279,23.7291326015223,41.4196439003204,BS2,Terrestrial,251.271830301551,118.337420865688,40.9990395598875,50.992146,NaN,893.334270320412,8.75952808811392,2,50.9919750431995,Served,,,InTransition,0.00335261042893283,40.9990395598875,251.271830301551,118.337420865688,11.0545501885139,50.2002374500315,768833.088098973,157.920637005714
1,54,53,2,6,37.9866919216392,23.7321818053191,219.263954140613,BS2,Terrestrial,108.556862497863,85.681765414463,73.6546950111128,50.992146,NaN,893.334270320412,8.75952808811392,2,50.992146,Served,,,Stable,0,73.6546950111128,108.556862497863,85.681765414463,15.1099040773214,50.2179794198125,768661.67283252,153.865283116907
1,54,53,3,6,37.9827661477961,23.7271737250461,48.0207471069558,BS1,Terrestrial,120.591340571298,104.903486752127,54.4329736734487,50.992146,NaN,893.334270320412,8.75952808811392,2,50.992146,Served,,,Stable,0,54.4329736734487,120.591340571298,104.903486752127,11.9761438601767,50.1888364089324,768943.311274169,156.999043334051
1,54,53,4,6,37.9900235136339,23.7455019044954,86.6122631875256,BS1,Terrestrial,1725.88156864005,145.088247228847,14.2482131967287,43.9391818672262,NaN,893.334270320412,10.1655769674986,2,43.938170049589,Served,,,InTransition,0.0230276849545034,14.2482131967287,1725.88156864005,145.088247228847,13.3273651289701,50.2955540185548,767913.763953499,155.647822065258
1,54,53,5,6,37.9995146037718,23.748044932794,117.77006009201,SAT-1,Satellite,767772.800503486,156.330054093597,12.6451331006315,64.1553800597838,50.3102048960218,188.391482363219,1.46824383385824,2,64.1553800597838,Served,,,Stable,0,3.56904472748727,2080.64266102772,155.767415698089,12.6451331006315,50.3102048960218,767772.800503486,156.330054093597
1,54,53,6,6,37.9486519746655,23.7107110867408,309.289496741495,SAT-1,Satellite,769882.375531388,162.340202132225,6.63498506200349,37.3117234967386,50.0919359591006,188.391482363219,2.52456151455568,2,37.3117234967386,Served,BelowSnrFloor,,Stable,0,-11.2699179410619,4563.67683183514,170.606378366638,6.63498506200349,50.0919359591006,769882.375531388,162.340202132225
1,55,54,1,6,37.984804017583,23.7291388770357,41.4196439003204,BS1,Terrestrial,183.57846570585,114.618726650982,44.7177337745935,33.994764,NaN,893.334270320412,8.75952808811392,3,33.9946807329737,Served,,,InTransition,0.00244940739244148,44.7177337745935,183.57846570585,114.618726650982,12.8232993251144,49.8938133488095,771833.068522213,156.151887869114
1,55,54,2,6,37.9866861088398,23.7321758016586,219.263954140613,BS2,Terrestrial,107.927231338706,86.499439889275,72.8370205363009,101.984292,NaN,893.334270320412,8.75952808811392,1,101.984292,Served,,,Stable,0,72.8370205363009,107.927231338706,86.499439889275,11.7873895556064,49.9114991602398,771659.853159736,157.187797638622
1,55,54,3,6,37.9827711694525,23.7271807764751,48.0207471069558,BS1,Terrestrial,119.914670239883,110.356667364091,48.9797930614853,33.994764,NaN,893.334270320412,8.75952808811392,3,33.994764,Served,,,Stable,0,48.9797930614853,119.914670239883,110.356667364091,12.493383675892,49.8823447957027,771945.464171835,156.481803518336
1,55,54,4,6,37.9900239572873,23.7455113743931,86.6122631875256,BS1,Terrestrial,1726.66358290923,138.505493424047,20.8309670015288,33.994764,NaN,893.334270320412,8.75952808811392,3,33.994764,Served,,,Stable,0,20.8309670015288,1726.66358290923,138.505493424047,8.6733641434347,49.988856568553,770903.806050981,160.301823050793
1,55,54,5,6,37.9995111057297,23.7480533277417,117.77006009201,SAT-1,Satellite,770754.891279447,152.477635632269,16.4975515619596,82.684912701088,50.0041249098231,188.391482363219,1.13921316603591,2,82.684912701088,Served,,,Stable,0,3.43582390661845,2510.24214029513,155.900636518957,16.4975515619596,50.0041249098231,770754.891279447,152.477635632269
1,55,54,6,6,37.9486567289044,23.710703748742,309.289496741495,SAT-1,Satellite,772916.596142314,157.647180852868,11.3280063413604,57.9841812325637,49.7834940143686,188.391482363219,1.62450756705191,2,57.9841812325637,Served,BelowSnrFloor,,Stable,0,-15.3647140980557,4170.71122487311,174.701174523632,11.3280063413604,49.7834940143686,772916.596142314,157.647180852868
1,56,55,1,6,37.9848096475381,23.7291451525496,41.4196439003204,BS1,Terrestrial,184.39029171564,112.467692102029,46.8687683235467,33.994764,NaN,893.334270320412,8.75952808811392,3,33.994764,Served,,,Stable,0,46.8687683235467,184.39029171564,112.467692102029,11.0851987231001,49.5864241328419,774883.560969116,157.889988471128
1,56,55,2,6,37.9866802960404,23.7321697979987,219.263954140613,BS2,Terrestrial,107.300377516883,84.0120295637751,75.3244308618007,101.984292,NaN,893.334270320412,8.75952808811392,1,101.984292,Served,,,Stable,0,75.3244308618007,107.300377516883,84.0120295637751,12.5159580139207,49.6040456429198,774708.602114384,156.459229180307
1,56,55,3,6,37.9827761911089,23.7271878279045,48.0207471069558,BS1,Terrestrial,119.239983802343,106.744725400982,52.5917350245937,33.994764,NaN,893.334270320412,8.75952808811392,3,33.994764,Served,,,Stable,0,52.5917350245937,119.239983802343,106.744725400982,12.3944555026025,49.5748949029607,774998.104666887,156.580731691626
1,56,55,4,6,37.9900244009408,23.7455208442908,86.6122631875256,BS1,Terrestrial,1727.4456451963,134.944032376259,24.3924280493168,33.994764,NaN,893.334270320412,8.75952808811392,3,33.994764,Served,,,Stable,0,24.3924280493168,1727.4456451963,134.944032376259,10.6287468227063,49.681165677367,773944.502918832,158.346440371522
1,56,55,5,6,37.9995076076876,23.7480617226889,117.77006009201,SAT-1,Satellite,773787.716205599,156.208520581796,12.7666666124321,64.7301428514539,49.6970234063697,188.391482363219,1.45520675580424,2,64.7301428514539,Served,,,Stable,0,-0.157966652349842,2510.50295022403,159.494427077926,12.7666666124321,49.6970234063697,773787.716205599,156.208520581796
1,56,55,6,6,37.9486614831433,23.7106964107428,309.289496741495,SAT-1,Satellite,776001.004141051,155.84934440772,13.1258427865086,66.4334272910895,49.4741985365429,188.391482363219,1.41789675804132,2,66.4334272910895,Served,BelowSnrFloor,,Stable,0,-8.88111230972109,4563.20933102617,168.217572735297,13.1258427865086,49.4741985365429,776001.004141051,155.84934440772
1,57,56,1,6,37.9848152774931,23.7291514280639,41.4196439003204,BS1,Terrestrial,185.202308766171,110.442432765995,48.8940276595809,33.994764,NaN,893.334270320412,8.75952808811392,3,33.994764,Served,,,Stable,0,48.8940276595809,185.202308766171,110.442432765995,10.9192340692071,49.2782235670107,777983.967899414,158.055953125021
1,57,56,2,6,37.9866744832409,23.7321637943392,219.263954140613,BS2,Terrestrial,106.676349992617,85.3495028521735,73.9869575734023,101.984292,NaN,893.334270320412,8.75952808811392,1,101.984292,Served,,,Stable,0,73.9869575734023,106.676349992617,85.3495028521735,3.40408277175226,49.295773076036,777807.321695369,165.571104422476
1,57,56,3,6,37.9827812127653,23.7271948793344,48.0207471069558,BS1,Terrestrial,118.5673151258,105.748900163246,53.5875602623295,33.994764,NaN,893.334270320412,8.75952808811392,3,33.994764,Served,,,Stable,0,53.5875602623295,118.5673151258,105.748900163246,12.2432639214353,49.266640247147,778100.635174823,156.731923272793
1,57,56,4,6,37.9900248445943,23.7455303141886,86.6122631875256,BS1,Terrestrial,1728.22775543603,139.608722856495,19.7277375690811,33.994764,NaN,893.334270320412,8.75952808811392,3,33.994764,Served,,,Stable,0,19.7277375690811,1728.22775543603,139.608722856495,12.3428101217399,49.3726366469763,777035.256534739,156.632377072488
1,57,56,5,6,37.9995041096455,23.7480701176357,117.77006009201,SAT-1,Satellite,776870.677751998,161.105973243744,7.86921395048387,42.4854388385165,49.3890564002971,188.391482363219,2.21713000399123,2,42.4854388385165,Served,,,Stable,0,6.06004875412063,2510.76400971833,153.276411671455,7.86921395048387,49.3890564002971,776870.677751998,161.105973243744
1,57,56,6,6,37.9486662373821,23.710689072743,309.289496741495,SAT-1,Satellite,779135.000086881,160.664042674672,8.31114451955588,44.3915481285024,49.1642000588419,188.391482363219,2.12192962743575,2,44.3915481285024,Served,,,Stable,0,-5.92305702823629,4170.18077501753,165.259517453812,8.31114451955588,49.1642000588419,779135.000086881,160.664042674672
1,58,57,1,6,37.9848209074482,23.7291577035787,41.4196439003204,BS1,Terrestrial,186.014514354483,117.408150898091,41.9283095274852,25.496073,NaN,893.334270320412,8.75952808811392,4,25.496073,Served,,,Stable,0,41.9283095274852,186.014514354483,117.408150898091,13.3143563019403,48.9693593037122,781133.69154692,155.660830892288
1,58,57,2,6,37.9866686704415,23.7321577906802,219.263954140613,BS2,Terrestrial,106.055198656082,83.8329463158604,75.5035141097155,101.984292,NaN,893.334270320412,8.75952808811392,1,101.984292,Served,,,Stable,0,75.5035141097155,106.055198656082,83.8329463158604,7.95194824851666,48.9868295423898,780955.413656014,161.023238945711
1,58,57,3,6,37.9827862344217,23.7272019307648,48.0207471069558,BS1,Terrestrial,117.896698749042,98.9206840998212,60.4157763257546,25.496073,NaN,893.334270320412,8.75952808811392,4,25.496073,Served,,,Stable,0,60.4157763257546,117.896698749042,98.9206840998212,11.7599657387482,48.9577282354382,781252.457901862,157.21522145548
1,58,57,4,6,37.9900252882478,23.7455397840864,86.6122631875256,BS1,Terrestrial,1729.0099135634,143.763494808368,15.5729656172083,23.9261388463437,NaN,893.334270320412,9.33429204830648,4,23.9261388463437,Served,,,Stable,0,15.5729656172083,1729.0099135634,143.763494808368,7.32329244606535,49.0634186212089,780175.468573273,161.651894748163
1,58,57,5,6,37.9995006116034,23.7480785125821,117.77006009201,BS1,Terrestrial,2511.02531870189,151.109065970957,8.22739445461849,13.4726707386764,NaN,893.334270320412,16.5767851016334,4,13.472219356843,Served,,,InTransition,0.0335035155380978,8.22739445461849,2511.02531870189,151.109065970957,7.07092120937406,49.0803737548701,780003.178022969,161.904265984854
1,58,57,6,6,37.948670991621,23.7106817347428,309.289496741495,SAT-1,Satellite,782317.9845714,156.940675992521,12.0345112017075,122.561151711246,48.8536430032435,188.391482363219,1.53712232410372,1,122.561151711246,Served,BelowSnrFloor,,Stable,0,-16.3228149775982,4169.91577449625,175.659275403174,12.0345112017075,48.8536430032435,782317.9845714,156.940675992521
1,59,58,1,6,37.9848265374033,23.729163979094,41.4196439003204,BS1,Terrestrial,186.826906022477,115.225298976187,44.1111614493893,33.994764,NaN,893.334270320412,8.75952808811392,3,33.994764,Served,,,Stable,0,44.1111614493893,186.826906022477,115.225298976187,13.8266797031607,48.659972990827,784332.134302115,155.148507491067
1,59,58,2,6,37.9866628576421,23.7321517870216,219.263954140613,BS2,Terrestrial,105.43697433959,85.5255510950305,73.8109093305454,101.984292,NaN,893.334270320412,8.75952808811392,1,101.984292,Served,,,Stable,0,73.8109093305454,105.43697433959,85.5255510950305,5.62974461150759,48.6773571071342,784152.279887868,163.345442582721
1,59,58,3,6,37.9827912560781,23.7272089821956,48.0207471069558,BS1,Terrestrial,117.228169892165,103.718587881032,55.6178725445442,33.994764,NaN,893.334270320412,8.75952808811392,3,33.994764,Served,,,Stable,0,55.6178725445442,117.228169892165,103.718587881032,10.5845094604352,48.6483002741618,784452.975226986,158.390677733793
1,59,58,4,6,37.9900257319012,23.7455492539843,86.6122631875256,BS1,Terrestrial,1729.79211951329,134.388928954926,24.94753147065,33.994764,NaN,893.334270320412,8.75952808811392,3,33.994764,Served,,,Stable,0,24.94753147065,1729.79211951329,134.388928954926,9.55922210661586,48.753654693106,783364.540791904,159.415965087612
1,59,58,5,6,37.9994971135613,23.7480869075281,117.77006009201,SAT-1,Satellite,783184.619144788,160.443283118955,8.5319040752735,45.3532386920887,48.7711192867038,188.391482363219,2.07693527293875,2,44.8793113730492,Served,,,InTransition,10.4496907543256,5.65292947933915,2081.95193635254,153.683530946237,8.5319040752735,48.7711192867038,783184.619144788,160.443283118955
1,59,58,6,6,37.9486757458598,23.7106743967421,309.289496741495,SAT-1,Satellite,785549.35859396,155.298644231505,13.6765429627231,69.0575222087707,48.5426657976061,188.391482363219,1.36401854814371,2,69.0575222087707,Served,BelowSnrFloor,,Stable,0,-11.6895965477935,4169.65092361917,171.026056973369,13.6765429627231,48.5426657976061,785549.35859396,155.298644231505
1,60,59,1,6,37.9848321673584,23.7291702546097,41.4196439003204,BS1,Terrestrial,187.639481352577,111.494258107429,47.8422023181469,33.994764,NaN,893.334270320412,8.75952808811392,3,33.994764,Served,,,Stable,0,47.8422023181469,187.639481352577,111.494258107429,11.0789079907019,48.3502003880957,787578.699080992,157.896279203526
1,60,59,2,6,37.9866570448426,23.7321457833636,219.263954140613,BS2,Terrestrial,104.821728832572,85.6627507286217,73.6737096969541,101.984292,NaN,893.334270320412,8.75952808811392,1,101.984292,Served,,,Stable,0,73.6737096969541,104.821728832572,85.6627507286217,6.40080667400701,48.3674919339885,787397.322790715,162.574380520221
1,60,59,3,6,37.9827962777345,23.727216033627,48.0207471069558,BS1,Terrestrial,116.561764470329,107.353463764385,51.9829966611907,33.994764,NaN,893.334270320412,8.75952808811392,3,33.994764,Served,,,Stable,0,51.9829966611907,116.561764470329,107.353463764385,10.0096788313572,48.3384918855601,787701.590070215,158.965508362871
1,60,59,4,6,37.9900261755547,23.7455587238823,86.6122631875256,BS1,Terrestrial,1730.57437322145,140.932915718064,18.4035447075121,33.994764,NaN,893.334270320412,8.75952808811392,3,33.994764,Served,,,Stable,0,18.4035447075121,1730.57437322145,140.932915718064,13.2911298767655,48.4434820209417,786601.875403252,155.684057317463
1,60,59,5,6,37.9994936155192,23.7480953024737,117.77006009201,SAT-1,Satellite,786414.403639603,159.163575787921,9.81161140630749,51.039795100638,48.4614308793771,188.391482363219,1.84553525334258,2,51.039795100638,Served,,,Stable,0,-1.46897576150494,2082.21469337723,160.805436187081,9.81161140630749,48.4614308793771,786414.403639603,159.163575787921
1,60,59,6,6,37.9486805000987,23.710667058741,309.289496741495,SAT-1,Satellite,788828.523923191,154.972564758916,14.0026224353117,70.6178710967781,48.2314010002734,188.391482363219,1.33387964999,2,70.6178710967781,Served,BelowSnrFloor,,Stable,0,-7.59345046679618,4169.38622241419,166.929910892372,14.0026224353117,48.2314010002734,788828.523923191,154.972564758916
1,61,60,1,6,37.9848377973134,23.729176530126,41.4196439003204,BS1,Terrestrial,188.452237969492,118.073671530889,41.2627888946874,33.994764,NaN,893.334270320412,8.75952808811392,3,33.994764,Served,,,Stable,0,41.2627888946874,188.452237969492,118.073671530889,13.9105185563008,48.0401714906181,790872.789679959,155.064668637927
1,61,60,2,6,37.9866512320432,23.732139779706,219.263954140613,BS2,Terrestrial,104.209514895105,80.5892124880274,78.7472479375485,101.984292,NaN,893.334270320412,8.75952808811392,1,101.984292,Served,,,Stable,0,78.7472479375485,104.209514895105,80.5892124880274,13.6988391204377,48.0573644086484,790689.945628664,155.27634807379
1,61,60,3,6,37.9828012993909,23.7272230850588,48.0207471069558,BS1,Terrestrial,115.897519116078,112.681641415167,46.6548190104093,33.994764,NaN,893.334270320412,8.75952808811392,3,33.994764,Served,,,Stable,0,46.6548190104093,115.897519116078,112.681641415167,11.1734463705069,48.0284328316217,790997.706246949,157.801740823721
1,61,60,4,6,37.9900266192082,23.7455681937803,86.6122631875256,BS1,Terrestrial,1731.35667462375,142.383812334246,16.9526480913298,33.994764,NaN,893.334270320412,8.75952808811392,3,33.994764,Served,,,Stable,0,16.9526480913298,1731.35667462375,142.383812334246,9.23285640609487,48.1330319515881,789886.875433372,159.742330788133
1,61,60,5,6,37.9994901174771,23.748103697419,117.77006009201,SAT-1,Satellite,789691.934785456,153.569260440363,15.4059267538649,77.3805302801073,48.1514406046145,188.391482363219,1.2173054493247,2,77.3805302801073,Served,,,Stable,0,3.00221768361547,2511.81074180243,156.33424274196,15.4059267538649,48.1514406046145,789691.934785456,153.569260440363
1,61,60,6,6,37.9486852543375,23.7106597207394,309.289496741495,SAT-1,Satellite,792154.883444456,160.019386328111,8.95580086611704,47.2165646878695,47.9199754309398,188.391482363219,1.99497235354374,2,47.2165646878695,Served,BelowSnrFloor,,Stable,0,-15.9954470004881,4169.12167090851,175.331907426064,8.95580086611704,47.9199754309398,792154.883444456,160.019386328111
1,62,61,1,6,37.9848434272685,23.7291828056427,41.4196439003204,BS2,Terrestrial,244.635382289488,109.02830826898,50.3081521565954,50.992146,NaN,893.334270320412,8.75952808811392,2,50.9919795584129,Served,,,InTransition,0.00326406319787388,50.3081521565954,244.635382289488,109.02830826898,12.1862731436763,47.7300106583079,794213.811116899,156.788914050552
1,62,61,2,6,37.9866454192437,23.7321337760489,219.263954140613,BS2,Terrestrial,103.600386271967,89.1798338030445,70.1566266225313,50.992146,NaN,893.334270320412,8.75952808811392,2,50.992146,Served,,,Stable,0,70.1566266225313,103.600386271967,89.1798338030445,8.54263743438707,47.7470992682113,794029.552872339,160.432549759841
1,62,61,3,6,37.9828063210472,23.7272301364911,48.0207471069558,BS1,Terrestrial,115.235471183366,107.902691335842,51.4337690897343,101.984292,NaN,893.334270320412,8.75952808811392,1,101.984292,Served,,,Stable,0,51.4337690897343,115.235471183366,107.902691335842,13.6549975089799,47.7182472438213,794340.728808464,155.320189685248
1,62,61,4,6,37.9900270628616,23.7455776636784,86.6122631875256,SAT-1,Satellite,793218.945066192,154.037024985408,14.9381622088198,50.0789965360196,47.8224301500345,188.391482363219,1.25396204260148,3,49.5489817508942,Served,,,InTransition,10.5835743882015,11.1545334148503,1339.30715607094,148.181927010726,14.9381622088198,47.8224301500345,793218.945066192,154.037024985408
1,62,61,5,6,37.999486619435,23.7481120923638,117.77006009201,SAT-1,Satellite,793016.61696247,157.238179885436,11.7370073087923,39.9255644262078,47.8412748498329,188.391482363219,1.57285593053553,3,39.9255644262078,Served,,,Stable,0,7.814736315826,2512.0730479594,151.52172410975,11.7370073087923,47.8412748498329,793016.61696247,157.238179885436
1,62,61,6,6,37.9486900085763,23.7106523827373,309.289496741495,SAT-1,Satellite,795527.841493368,155.081329993277,13.8938572009511,46.7312635070798,47.6085103066652,188.391482363219,1.34379334250669,3,46.7312635070798,Served,,,Stable,0,-6.63651487902465,4168.8572691326,165.972975304601,13.8938572009511,47.6085103066652,795527.841493368,155.081329993277
1,63,62,1,6,37.9848490572235,23.7291890811599,41.4196439003204,BS1,Terrestrial,190.078285761684,109.396910027199,49.9395503983765,33.994764,NaN,893.334270320412,8.75952808811392,3,33.9946777848029,Served,,,InTransition,0.00253613165627647,49.9395503983765,190.078285761684,109.396910027199,13.4937032854122,47.4198367502252,797601.169958228,155.481483908816
1,63,62,2,6,37.9866396064443,23.7321277723922,219.263954140613,BS2,Terrestrial,102.994397704038,82.7902707988269,76.546189626749,101.984292,NaN,893.334270320412,8.75952808811392,1,101.984292,Served,,,Stable,0,76.546189626749,102.994397704038,82.7902707988269,3.5831710144987,47.4368157355374,797415.550527069,165.392016179729
1,63,62,3,6,37.9828113427036,23.7272371879239,48.0207471069558,BS1,Terrestrial,114.575658762702,101.412394787998,57.9240656375778,33.994764,NaN,893.334270320412,8.75952808811392,3,33.994764,Served,,,Stable,0,57.9240656375778,114.575658762702,101.412394787998,12.5673614311737,47.4080537576915,797730.064368397,156.407825763054
1,63,62,4,6,37.9900275065151,23.7455871335765,86.6122631875256,BS1,Terrestrial,1732.92142024746,142.114225760957,17.2222346646191,33.994764,NaN,893.334270320412,8.75952808811392,3,33.9939779861676,Served,,,InTransition,0.0231216146237736,17.2222346646191,1732.92142024746,142.114225760957,10.026387370144,47.5117967339568,796597.489973887,158.948799824084
1,63,62,5,6,37.9994831213929,23.7481204873082,117.77006009201,SAT-1,Satellite,796387.855985007,156.575875908349,12.3993112858787,62.9953827327706,47.5310544509374,188.391482363219,1.49528008395777,2,62.9953827327706,Served,,,Stable,0,6.22298929731522,2512.33560321593,153.113471128261,12.3993112858787,47.5310544509374,796387.855985007,156.575875908349
1,63,62,6,6,37.9486947628152,23.7106450447347,309.289496741495,SAT-1,Satellite,798946.804175208,164.579291833838,4.39589536038994,28.6127449989657,47.2971213820166,188.391482363219,3.29209033194873,2,28.6127449989657,Served,BelowSnrFloor,,Stable,0,-9.12831694169398,4561.57749439569,168.46477736727,4.39589536038994,47.2971213820166,798946.804175208,164.579291833838
1,64,63,1,6,37.9848546871786,23.7291953566776,41.4196439003204,BS1,Terrestrial,190.891572382647,124.186843982303,35.1496164432732,33.994764,NaN,893.334270320412,8.75952808811392,3,33.994764,Served,,,Stable,0,35.1496164432732,190.891572382647,124.186843982303,11.9261019648975,47.1097632628156,801034.274632115,157.049085229331
1,64,63,2,6,37.9866337936448,23.732121768736,219.263954140613,BS2,Terrestrial,102.391604943508,79.3455213417334,79.9909390838424,101.984292,NaN,893.334270320412,8.75952808811392,1,101.984292,Served,,,Stable,0,79.9909390838424,102.391604943508,79.3455213417334,9.99102094254724,47.1266276575642,800847.346447204,158.984166251681
1,64,63,3,6,37.98281636436,23.7272442393571,48.0207471069558,BS1,Terrestrial,113.918120699908,112.212732126949,47.1237282986264,33.994764,NaN,893.334270320412,8.75952808811392,3,33.994764,Served,,,Stable,0,47.1237282986264,113.918120699908,112.212732126949,4.60990115522213,47.0979656512602,801165.121415397,164.365286039006
1,64,63,4,6,37.9900279501686,23.7455966034747,86.6122631875256,SAT-1,Satellite,800021.917633393,157.858769345714,11.1164178485138,57.0038511522578,47.2012464123478,188.391482363219,1.65244521690318,2,56.3953724651613,Served,,,InTransition,10.6743434837629,8.19876565536359,1733.70386434192,151.137694770212,11.1164178485138,47.2012464123478,800021.917633393,157.858769345714
1,64,63,5,6,37.9994796233508,23.7481288822522,117.77006009201,BS1,Terrestrial,2512.5984074934,148.042839237959,11.2936211876171,23.5924536099541,NaN,893.334270320412,12.6217516427018,3,23.5916626846351,Served,,,InTransition,0.0335245045756742,11.2936211876171,2512.5984074934,148.042839237959,8.29009712290093,47.2208948293627,799805.059419976,160.685090071327
1,64,63,6,6,37.948699517054,23.7106377067316,309.289496741495,SAT-1,Satellite,802411.179670464,160.719857328895,8.25532986533332,44.1493867243075,46.9859190924183,188.391482363219,2.13356850843293,2,44.1493867243075,Served,,,Stable,0,-4.2787272516064,4561.34493594978,163.615187677182,8.25532986533332,46.9859190924183,802411.179670464,160.719857328895
1,65,64,1,6,37.9848603171336,23.7292016321958,41.4196439003204,BS1,Terrestrial,191.705031181127,116.523384666861,42.8130757587144,33.994764,NaN,893.334270320412,8.75952808811392,3,33.994764,Served,,,Stable,0,42.8130757587144,191.705031181127,116.523384666861,10.4865776862831,46.7998984711678,804512.535727844,158.488609507945
1,65,64,2,6,37.9866279808453,23.7321157650803,219.263954140613,BS2,Terrestrial,101.792064764171,78.2129258752173,81.1235345503585,101.984292,NaN,893.334270320412,8.75952808811392,1,101.984292,Served,,,Stable,0,81.1235345503585,101.792064764171,78.2129258752173,14.1516341443385,46.8166436466833,804324.350636545,154.82355304989
1,65,64,3,6,37.9828213860164,23.7272512907909,48.0207471069558,BS1,Terrestrial,113.262896603881,102.509060287354,56.8274001382223,33.994764,NaN,893.334270320412,8.75952808811392,3,33.994764,Served,,,Stable,0,56.8274001382223,113.262896603881,102.509060287354,10.9669234109718,46.7880909864683,804645.310611933,158.008263783256
1,65,64,4,6,37.990028393822,23.745606073373,86.6122631875256,BS1,Terrestrial,1734.48635587172,141.517729837639,17.8187305879373,33.994764,NaN,893.334270320412,8.75952808811392,3,33.9939772763483,Served,,,InTransition,0.0231424948771956,17.8187305879373,1734.48635587172,141.517729837639,13.8137164561209,46.8908886272982,803491.637629005,155.161470738107
1,65,64,5,6,37.9994761253087,23.7481372771958,117.77006009201,SAT-1,Satellite,803267.636891259,160.019774786225,8.95541240800318,47.2148474514335,46.9109061324386,188.391482363219,1.99504491205868,2,46.7088152558071,Served,,,InTransition,10.7176497000636,8.31311031130284,2512.86146071165,151.023350114273,8.95541240800318,46.9109061324386,803267.636891259,160.019774786225
1,65,64,6,6,37.9487042712929,23.7106303687281,309.289496741495,SAT-1,Satellite,805920.378526478,161.814658116385,7.16052907784342,39.4860946364255,46.6750086998757,188.391482363219,2.38554210156592,2,39.4860946364255,Served,,,Stable,0,-3.36144386532493,4168.06496245617,162.697904290901,7.16052907784342,46.6750086998757,805920.378526478,161.814658116385
1,66,65,1,6,37.9848659470887,23.7292079077144,41.4196439003204,BS2,Terrestrial,241.317782968555,112.371248578486,46.9652118470902,33.994764,NaN,893.334270320412,8.75952808811392,3,33.9946545437297,Served,,,InTransition,0.00321979791724521,46.9652118470902,241.317782968555,112.371248578486,11.5862156121046,46.4903455724852,808035.366281448,157.388971582123
1,66,65,2,6,37.9866221680458,23.7321097614251,219.263954140613,BS2,Terrestrial,101.195834976846,85.4965084552664,73.8399519703094,33.994764,NaN,893.334270320412,8.75952808811392,3,33.994764,Served,,,Stable,0,73.8399519703094,101.195834976846,85.4965084552664,8.77474607448517,46.5069672243692,807845.975535019,160.200441119743
1,66,65,3,6,37.9828264076727,23.7272583422251,48.0207471069558,BS1,Terrestrial,112.610026865729,108.341570475096,50.9948899504802,101.984292,NaN,893.334270320412,8.75952808811392,1,101.984292,Served,,,Stable,0,50.9948899504802,112.610026865729,108.341570475096,9.88080792834543,46.478532752768,808170.045079349,159.094379265883
1,66,65,4,6,37.9900288374755,23.7456155432713,86.6122631875256,SAT-1,Satellite,807006.061941194,156.96859620823,12.0065909859983,61.1496728727084,46.5808276981067,188.391482363219,1.54041283880113,2,60.4912419432152,Served,,,InTransition,10.7675298748335,11.488278607367,1342.54666622293,147.848181818209,12.0065909859983,46.5808276981067,807006.061941194,156.96859620823
1,66,65,5,6,37.9994726272665,23.7481456721391,117.77006009201,BS2,Terrestrial,2083.79753969419,148.637597868052,10.698862557524,22.4724026001266,NaN,893.334270320412,13.2508346083621,3,22.4717777953859,Served,,,InTransition,0.0278032016361692,10.698862557524,2083.79753969419,148.637597868052,5.66248155491155,46.6011933762456,806775.000370326,163.312705639317
1,66,65,6,6,37.9487090255317,23.7106230307241,309.289496741495,SAT-1,Satellite,809473.813935343,154.90715211167,14.0680350825585,70.9314331592573,46.3644904403158,188.391482363219,1.32798305329766,2,70.9314331592573,Served,,,Stable,0,-5.82126246214031,4167.80115987952,165.157722887716,14.0680350825585,46.3644904403158,809473.813935343,154.90715211167
1,67,66,1,6,37.9848715770437,23.7292141832335,41.4196439003204,BS1,Terrestrial,193.332456619605,107.434431793077,51.9020286324986,33.994764,NaN,893.334270320412,8.75952808811392,3,33.9946763087848,Served,,,InTransition,0.00257955063859018,51.9020286324986,193.332456619605,107.434431793077,6.67575711262097,46.1812028310543,811602.182047762,162.299430081607
1,67,66,2,6,37.9866163552463,23.7321037577704,219.263954140613,BS2,Terrestrial,100.602974440024,78.8754236631199,80.4610367624559,101.984292,NaN,893.334270320412,8.75952808811392,1,101.984292,Served,,,Stable,0,80.4610367624559,100.602974440024,78.8754236631199,10.1722021477109,46.1976969663362,811411.636291745,158.802985046517
1,67,66,3,6,37.9828314293291,23.7272653936598,48.0207471069558,BS1,Terrestrial,111.959552674338,113.135577170999,46.2008832545768,33.994764,NaN,893.334270320412,8.75952808811392,3,33.994764,Served,,,Stable,0,46.2008832545768,111.959552674338,113.135577170999,10.6531703687313,46.1693890121859,811738.740669373,158.322016825497
1,67,66,4,6,37.990029281129,23.7456250131696,86.6122631875256,BS1,Terrestrial,1736.0514809816,143.178453812248,16.1580066133279,33.0608595171788,NaN,893.334270320412,9.00696758812561,3,33.0600937160041,Served,,,InTransition,0.0231633776588415,16.1580066133279,1736.0514809816,143.178453812248,14.3903237847648,46.2711629669858,810564.605221789,154.584863409463
1,67,66,5,6,37.9994691292244,23.7481540670819,117.77006009201,SAT-1,Satellite,810326.56445325,160.309912668544,8.66527452568377,45.9371750226167,46.2918565902154,188.391482363219,2.05053404209625,2,45.4405099168286,Served,,,InTransition,10.811833891475,8.45567619693054,2513.38831366418,150.880784228645,8.66527452568377,46.2918565902154,810326.56445325,160.309912668544
1,67,66,6,6,37.9487137797705,23.7106156927197,309.289496741495,SAT-1,Satellite,813070.901998244,159.404794546847,9.5703926473814,49.9543851089096,46.0544596718757,188.391482363219,1.88563508441242,2,49.9543851089096,Served,,,Stable,0,-0.590942927589452,4560.64810269534,159.927403353165,9.5703926473814,46.0544596718757,813070.901998244,159.404794546847
1,68,67,1,6,37.9848772069987,23.7292204587531,41.4196439003204,BS1,Terrestrial,194.146419001456,113.62889972947,45.7075606961057,25.496073,NaN,893.334270320412,8.75952808811392,4,25.496073,Served,,,Stable,0,45.7075606961057,194.146419001456,113.62889972947,7.36317887479311,45.8725637240543,815212.401759007,161.612008319435
1,68,67,2,6,37.9866105424469,23.7320977541161,219.263954140613,BS2,Terrestrial,100.013543069194,82.5062303581509,76.830230067425,101.984292,NaN,893.334270320412,8.75952808811392,1,101.984292,Served,,,Stable,0,76.830230067425,100.013543069194,82.5062303581509,10.050892624036,45.8889266485658,815020.751024612,158.924294570192
1,68,67,3,6,37.9828364509855,23.727272445095,48.0207471069558,BS1,Terrestrial,111.311516026998,108.875684564416,50.4607758611597,25.496073,NaN,893.334270320412,8.75952808811392,4,25.496073,Served,,,Stable,0,50.4607758611597,111.311516026998,108.875684564416,0.68308439350875,45.8607530452003,815350.816222149,168.292102800719
1,68,67,4,6,37.9900297247825,23.7456344830681,86.6122631875256,BS1,Terrestrial,1736.83411443263,144.222875902175,15.1135845234006,23.2455848152674,NaN,893.334270320412,9.6075693235913,4,23.2455848152674,Served,,,Stable,0,15.1135845234006,1736.83411443263,144.222875902175,11.3174023478202,45.9619889456939,814166.685055629,157.657784846408
1,68,67,5,6,37.9994656311823,23.7481624620243,117.77006009201,BS1,Terrestrial,2513.65211323957,146.223590610513,13.112869815063,20.309767685612,NaN,893.334270320412,10.9963624910549,4,20.3090865251745,Served,,,InTransition,0.0335385637118272,13.112869815063,2513.65211323957,146.223590610513,10.3285922907256,45.9829909627967,813921.746624177,158.646594903503
1,68,67,6,6,37.9487185340093,23.7106083547147,309.289496741495,SAT-1,Satellite,816711.06197635,154.71107650486,14.2641106893684,143.744797681633,45.7450070235276,188.391482363219,1.31059687308107,1,143.744797681633,Served,,,Stable,0,-7.44250121725958,4167.27400436608,166.778961642835,14.2641106893684,45.7450070235276,816711.06197635,154.71107650486
1,69,68,1,6,37.9848828369538,23.7292267342732,41.4196439003204,BS1,Terrestrial,194.960545047259,108.270745695387,51.0657147301888,50.992146,NaN,893.334270320412,8.75952808811392,2,50.992146,Served,,,Stable,0,51.0657147301888,194.960545047259,108.270745695387,8.44960807575964,45.5645170876296,818865.447370131,160.525579118468
1,69,68,2,6,37.9866047296474,23.7320917504623,219.263954140613,BS2,Terrestrial,99.4276018532187,82.9983889743944,76.3380714511815,50.992146,NaN,893.334270320412,8.75952808811392,2,50.992146,Served,,,Stable,0,76.3380714511815,99.4276018532187,82.9983889743944,13.0717525201356,45.5807453936199,818672.741066556,155.903434674092
1,69,68,3,6,37.9828414726418,23.7272794965307,48.0207471069558,BS1,Terrestrial,110.665959742141,141.591848625446,17.7446118001302,50.992146,NaN,893.334270320412,8.75952808811392,2,50.992146,Served,,,Stable,0,17.7446118001302,110.665959742141,141.591848625446,11.1657657845946,45.552713496855,819005.693811025,157.809421409634
1,69,68,4,6,37.9900301684359,23.7456439529665,86.6122631875256,BS2,Terrestrial,1344.97659994155,144.631838215057,14.7046222105189,45.2830523542586,NaN,893.334270320412,9.86389194053964,2,45.282239730136,Served,,,InTransition,0.0179454361048876,14.7046222105189,1344.97659994155,144.631838215057,10.9750971782997,45.6533954624979,817811.72220888,158.000090015928
1,69,68,5,6,37.9994621331402,23.7481708569664,117.77006009201,SAT-1,Satellite,817559.967505464,156.047929302782,12.9272578914456,65.4908564087934,45.6746869875797,188.391482363219,1.43830370141505,2,64.7764594850726,Served,,,InTransition,10.9083460332476,7.71561915235313,2513.91616144561,151.620841273223,12.9272578914456,45.6746869875797,817559.967505464,156.047929302782
1,69,68,6,6,37.9487232882481,23.7106010167093,309.289496741495,SAT-1,Satellite,820393.71652852,162.620645097615,6.35454209661307,36.1701985440129,45.4362185435047,188.391482363219,2.6042362213464,2,36.1701985440129,Served,,,Stable,0,-5.08295298464913,4167.01065148597,164.419413410225,6.35454209661307,45.4362185435047,820393.71652852,162.620645097615
1,70,69,1,6,37.9848884669088,23.7292330097938,41.4196439003204,BS2,Terrestrial,238.000623332301,111.168132005183,48.1683284203925,50.992146,NaN,893.334270320412,8.75952808811392,2,50.991984072477,Served,,,InTransition,0.00317553850313741,48.1683284203925,238.000623332301,111.168132005183,11.6130613349115,45.2571472627079,822560.744291088,157.362125859317
1,70,69,2,6,37.9865989168479,23.7320857468089,219.263954140613,BS2,Terrestrial,98.8452128572014,83.1713569604563,76.1651034651195,50.992146,NaN,893.334270320412,8.75952808811392,2,50.992146,Served,,,Stable,0,76.1651034651195,98.8452128572014,83.1713569604563,7.67906071396158,45.2732378167197,822367.03119877,161.296126480267
1,70,69,3,6,37.9828464942982,23.7272865479668,48.0207471069558,BS1,Terrestrial,110.022927481067,122.269701523696,37.0667589018798,33.994764,NaN,893.334270320412,8.75952808811392,3,33.994764,Served,,,Stable,0,37.0667589018798,110.022927481067,122.269701523696,10.0166004428487,45.2453545225964,822702.798974304,158.958586751379
1,70,69,4,6,37.9900306120894,23.7456534228651,86.6122631875256,BS1,Terrestrial,1738.39952281026,143.994565202779,15.3418952227965,31.4447494840157,NaN,893.334270320412,9.46988273060257,3,31.4440201322786,Served,,,InTransition,0.0231947065567641,15.3418952227965,1738.39952281026,143.994565202779,9.75685861803603,45.3454678089435,821499.140864255,159.218328576192
1,70,69,5,6,37.999458635098,23.748179251908,117.77006009201,BS1,Terrestrial,2514.18045820262,143.803999016292,15.5324614092839,31.8214033157232,NaN,893.334270320412,9.35779252575168,3,31.8203358472364,Served,,,InTransition,0.0335456131882093,15.5324614092839,2514.18045820262,143.803999016292,8.52468350117655,45.3670306093445,821240.651094683,160.450503693052
1,70,69,6,6,37.948728042487,23.7105936787034,309.289496741495,SAT-1,Satellite,824118.291935986,167.023161106811,1.95202608741681,40.8106276876563,45.1281758470487,188.391482363219,4.61623584437541,1,40.8106276876563,Served,BelowSnrFloor,,Stable,0,-7.62089178004109,4559.95253301315,166.957352205617,1.95202608741681,45.1281758470487,824118.291935986,167.023161106811
1,71,70,1,6,37.9848940968638,23.7292392853148,41.4196439003204,BS1,Terrestrial,196.589279991298,106.017340243904,53.3191201816715,33.994764,NaN,893.334270320412,8.75952808811392,3,33.9946748315636,Served,,,InTransition,0.00262300501223813,53.3191201816715,196.589279991298,106.017340243904,6.91281378104185,44.9505342400985,826297.721606282,162.062373413186
1,71,70,2,6,37.9865931040484,23.7320797431561,219.263954140613,BS2,Terrestrial,98.2664392405584,83.859034009052,75.4774264165239,50.992146,NaN,893.334270320412,8.75952808811392,2,50.992146,Served,,,Stable,0,75.4774264165239,98.2664392405584,83.859034009052,9.15253939062765,44.9664841711229,826103.049871032,159.8226478036
1,71,70,3,6,37.9828515159545,23.7272935994035,48.0207471069558,BS1,Terrestrial,109.382463758994,113.638151535122,45.6983088904538,33.994764,NaN,893.334270320412,8.75952808811392,3,33.994764,Served,,,Stable,0,45.6983088904538,109.382463758994,113.638151535122,12.5887333734313,44.938755933372,826441.560934152,156.386453820797
1,71,70,4,6,37.9900310557428,23.7456628927637,86.6122631875256,BS2,Terrestrial,1346.59669836251,143.476943085256,15.8595173403202,48.7033017356032,NaN,893.334270320412,9.17118797376488,2,48.7024266808303,Served,,,InTransition,0.0179670523714444,15.8595173403202,1346.59669836251,143.476943085256,6.15791658478872,45.0382868859512,825228.368843288,162.817270609439
1,71,70,5,6,37.9994551370559,23.7481876468492,117.77006009201,BS1,Terrestrial,2514.44500343218,148.404085296912,10.9323751286643,22.9108011224844,NaN,893.334270320412,12.9972796898214,3,22.9108011224844,Served,,,Stable,0,10.9323751286643,2514.44500343218,148.404085296912,9.5660887079712,45.0601033695444,824963.224988702,159.409098486257
1,71,70,6,6,37.9487327967258,23.7105863406971,309.289496741495,SAT-1,Satellite,827884.218314312,155.549092906535,13.4260942876929,135.724660576201,44.8209562630549,188.391482363219,1.38804165406219,1,135.724660576201,Served,,,Stable,0,-2.63575716195484,4559.72095734804,161.972217587531,13.4260942876929,44.8209562630549,827884.218314312,155.549092906535
1,72,71,1,6,37.9848997268188,23.7292455608363,41.4196439003204,BS1,Terrestrial,197.40388490745,104.813543232953,54.5229171926224,50.992146,NaN,893.334270320412,8.75952808811392,2,50.992146,Served,,,Stable,0,54.5229171926224,197.40388490745,104.813543232953,7.9132724274067,44.644753804472,830075.812281438,161.061914766821
1,72,71,2,6,37.9865872912489,23.7320737395037,219.263954140613,BS2,Terrestrial,97.6913452613545,84.5895466136955,74.7469138118803,50.992146,NaN,893.334270320412,8.75952808811392,2,50.992146,Served,,,Stable,0,74.7469138118803,97.6913452613545,84.5895466136955,10.2195240942206,44.6605604923933,829880.229409438,158.755663100007
1,72,71,3,6,37.9828565376109,23.7273006508406,48.0207471069558,BS1,Terrestrial,108.744613957679,119.192616572328,40.1438438532476,50.992146,NaN,893.334270320412,8.75952808811392,2,50.992146,Served,,,Stable,0,40.1438438532476,108.744613957679,119.192616572328,9.73135496262458,44.6329933395886,830221.412802957,159.243832231604
1,72,71,4,6,37.9900314993963,23.7456723626623,86.6122631875256,BS2,Terrestrial,1347.40679020012,144.645224722492,14.6912357030835,45.2435683300985,NaN,893.334270320412,9.87250015076858,2,45.2435683300985,Served,,,Stable,0,14.6912357030835,1347.40679020012,144.645224722492,11.2616571955687,44.7319293488314,828998.837815989,157.713529998659
1,72,71,5,6,37.9994516390138,23.7481960417901,117.77006009201,SAT-1,Satellite,828727.120595086,154.463932403884,14.5112547903436,73.0606215234399,44.7539825508085,188.391482363219,1.28928195815291,2,72.2527650629014,Served,,,InTransition,11.0573444858988,11.0194169226366,2514.70979705559,148.317043502939,14.5112547903436,44.7539825508085,828727.120595086,154.463932403884
1,72,71,6,6,37.9487375509646,23.7105790026902,309.289496741495,SAT-1,Satellite,831690.929812846,159.74801570774,9.22717148648857,48.4203658614138,44.5146329792451,188.391482363219,1.94537442057359,2,48.4203658614138,Served,,,Stable,0,-0.933156095327803,4559.48952216367,160.269616520904,9.22717148648857,44.5146329792451,831690.929812846,159.74801570774
1,73,72,1,6,37.9849053567738,23.7292518363583,41.4196439003204,BS1,Terrestrial,198.218645517216,110.414294502372,48.9221659232038,50.992146,NaN,893.334270320412,8.75952808811392,2,50.992146,Served,,,Stable,0,48.9221659232038,198.218645517216,110.414294502372,10.9585595303433,44.3398776768569,833894.453358142,158.016627663885
1,73,72,2,6,37.9865814784493,23.7320677358518,219.263954140613,BS2,Terrestrial,97.1199962865574,80.5765717433723,78.7598886822035,50.992146,NaN,893.334270320412,8.75952808811392,2,50.992146,Served,,,Stable,0,78.7598886822035,97.1199962865574,80.5765717433723,10.6397677971908,44.3555387412002,833698.006211759,158.335419397037
1,73,72,3,6,37.9828615592672,23.7273077022782,48.0207471069558,BS1,Terrestrial,108.109424346784,119.284834841959,40.0516255836169,50.992146,NaN,893.334270320412,8.75952808811392,2,50.992146,Served,,,Stable,0,40.0516255836169,108.109424346784,119.284834841959,10.6349206751179,44.3281382935757,834041.791777363,158.34026651911
1,73,72,4,6,37.9900319430498,23.745681832561,86.6122631875256,BS2,Terrestrial,1348.21691038823,140.657249060692,18.6792113648842,50.992146,NaN,893.334270320412,8.75952808811392,2,50.992146,Served,,,Stable,0,18.6792113648842,1348.21691038823,140.657249060692,8.48907002615067,44.4264677508466,832809.983498062,160.486117168077
1,73,72,5,6,37.9994481409716,23.7482044367305,117.77006009201,SAT-1,Satellite,832531.773331093,156.436423747081,12.5387634471469,63.6530106515206,44.448741320081,188.391482363219,1.47983167202098,2,63.6530106515206,Served,,,Stable,0,10.8744191768812,2514.9748389962,148.462041248695,12.5387634471469,44.448741320081,832531.773331093,156.436423747081
1,73,72,6,6,37.9487423052034,23.7105716646829,309.289496741495,SAT-1,Satellite,835537.864801964,157.789785495679,11.1854016985491,57.3230974180771,44.2092751855426,188.391482363219,1.64324234775046,2,57.3230974180771,Served,,,Stable,0,0.678821732043815,4559.25822748406,158.657638693532,11.1854016985491,44.2092751855426,835537.864801964,157.789785495679
1,74,73,1,6,37.9849109867288,23.7292581118808,41.4196439003204,BS1,Terrestrial,199.033559907909,103.692808115917,55.6436523096589,33.994764,NaN,893.334270320412,8.75952808811392,3,33.994764,Served,,,Stable,0,55.6436523096589,199.033559907909,103.692808115917,14.4651387693086,44.0359736553438,837753.086136328,154.510048424919
1,74,73,2,6,37.9865756656498,23.7320617322004,219.263954140613,BS2,Terrestrial,96.5524587986243,84.3284415267218,75.0080188988541,50.992146,NaN,893.334270320412,8.75952808811392,2,50.992146,Served,,,Stable,0,75.0080188988541,96.5524587986243,84.3284415267218,10.6684186769405,44.0514869443332,837555.820930724,158.306768517288
1,74,73,3,6,37.9828665809235,23.7273147537162,48.0207471069558,BS1,Terrestrial,107.476942089832,110.590745652352,48.7457147732242,33.994764,NaN,893.334270320412,8.75952808811392,3,33.994764,Served,,,Stable,0,48.7457147732242,107.476942089832,110.590745652352,16.0168316552521,44.0242584302394,837902.139320254,152.958355538976
1,74,73,4,6,37.9900323867032,23.7456913024598,86.6122631875256,BS2,Terrestrial,1349.02705887643,144.327996688553,15.0084637370229,46.1802944302007,NaN,893.334270320412,9.67224528711747,2,46.1802944302007,Served,,,Stable,0,15.0084637370229,1349.02705887643,144.327996688553,11.5307160497184,44.1219706850025,836661.24583601,157.44447114451
1,74,73,5,6,37.9994446429295,23.7482128316705,117.77006009201,BS1,Terrestrial,2515.24012917379,150.20945134648,9.12700907909547,19.573835046831,NaN,893.334270320412,15.2130683330252,3,19.5731781537828,Served,,,InTransition,0.0335597519157575,9.12700907909547,2515.24012917379,150.20945134648,6.06167432127853,44.1444488700708,836376.622810464,162.91351287295
1,74,73,6,6,37.9487470594422,23.7105643266752,309.289496741495,SAT-1,Satellite,839424.466048363,157.107133735944,11.8680534582845,121.001775043108,43.9049482153664,188.391482363219,1.55693155985606,1,121.001775043108,Served,,,Stable,0,1.38375579766165,4559.02707333118,157.952704627914,11.8680534582845,43.9049482153664,839424.466048363,157.107133735944
1,75,74,1,6,37.9849166166838,23.7292643874038,41.4196439003204,BS1,Terrestrial,199.848626198875,108.320710442149,51.0157499834271,50.992146,NaN,893.334270320412,8.75952808811392,2,50.992146,Served,,,Stable,0,51.0157499834271,199.848626198875,108.320710442149,8.08147999968608,43.7331057537276,841651.156345039,160.893707194542
1,75,74,2,6,37.9865698528503,23.7320557285494,219.263954140613,BS2,Terrestrial,95.9888004043702,86.6262434466393,72.7102169789366,50.992146,NaN,893.334270320412,8.75952808811392,2,50.992146,Served,,,Stable,0,72.7102169789366,95.9888004043702,86.6262434466393,14.8912408759643,43.7484693336605,841453.118645529,154.083946318264
1,75,74,3,6,37.9828716025798,23.7273218051548,48.0207471069558,BS1,Terrestrial,106.847215263927,111.62602505555,47.7104353700262,50.992146,NaN,893.334270320412,8.75952808811392,2,50.992146,Served,,,Stable,0,47.7104353700262,106.847215263927,111.62602505555,7.7384508050466,43.7214176056421,841801.901331027,161.236736389182
1,75,74,4,6,37.9900328303567,23.7457007723586,86.6122631875256,BS2,Terrestrial,1349.83723561238,141.44115694164,17.8953034839357,50.992146,NaN,893.334270320412,8.75952808811392,2,50.992146,Served,,,Stable,0,17.8953034839357,1349.83723561238,141.44115694164,10.7330598880767,43.8185029237899,840552.069180399,158.242127306151
1,75,74,5,6,37.9994411448874,23.7482212266102,117.77006009201,SAT-1,Satellite,840261.113018418,154.491964314519,14.4832228797092,72.9257306950359,43.8411705587314,188.391482363219,1.29166674483553,2,72.108143007203,Served,,,InTransition,11.2112375157672,12.0001230978144,2515.50566750912,147.336337327761,14.4832228797092,43.8411705587314,840261.113018418,154.491964314519
1,75,74,6,6,37.9487518136809,23.7105569886669,309.289496741495,SAT-1,Satellite,843350.180878763,160.476333321071,8.49885387315746,45.2088732180216,43.6017136846034,188.391482363219,2.08356754939117,2,45.2088732180216,Served,,,Stable,0,0.501799817684969,4558.79605972335,158.834660607891,8.49885387315746,43.6017136846034,843350.180878763,160.476333321071
1,76,75,1,6,37.9849222466387,23.7292706629272,41.4196439003204,BS1,Terrestrial,200.663842538834,100.597772465455,58.7386879601207,50.992146,NaN,893.334270320412,8.75952808811392,2,50.992146,Served,,,Stable,0,58.7386879601207,200.663842538834,100.597772465455,11.5189077092093,43.4313343378499,845588.114301697,157.456279485019
1,76,75,2,6,37.9865640400507,23.7320497248989,219.263954140613,BS2,Terrestrial,95.4290898411679,82.4640942399951,76.8723661855807,50.992146,NaN,893.334270320412,8.75952808811392,2,50.992146,Served,,,Stable,0,76.8723661855807,95.4290898411679,82.4640942399951,10.2154131881296,43.4465464827927,845389.349021852,158.759774006099
1,76,75,3,6,37.9828766242362,23.7273288565938,48.0207471069558,BS1,Terrestrial,106.220292875781,110.187246452641,49.149213972935,50.992146,NaN,893.334270320412,8.75952808811392,2,50.992146,Served,,,Stable,0,49.149213972935,106.220292875781,110.187246452641,-0.166942439097141,43.4196760332738,845740.528304399,169.142129633325
1,76,75,4,6,37.9900332740102,23.7457102422575,86.6122631875256,BS2,Terrestrial,1350.6474405461,140.768784706422,18.5676757191534,50.992146,NaN,893.334270320412,8.75952808811392,2,50.992146,Served,,,Stable,0,18.5676757191534,1350.6474405461,140.768784706422,13.2009701684179,43.5161255566381,844481.902447593,155.77421702581
1,76,75,5,6,37.9994376468452,23.7482296215494,117.77006009201,SAT-1,Satellite,844184.692475021,157.100211960402,11.8749752338265,60.5332732255825,43.5389680465161,188.391482363219,1.55609859111006,2,60.5332732255825,Served,,,Stable,0,6.62281518467682,2515.77145392446,152.713645240899,11.8749752338265,43.5389680465161,844184.692475021,157.100211960402
1,76,75,6,6,37.9487565679197,23.7105496506582,309.289496741495,SAT-1,Satellite,847314.461332256,158.775825063416,10.1993621308123,52.7964261337353,43.2996296280509,188.391482363219,1.78413101187963,2,52.7964261337353,Served,,,Stable,0,1.01420080442722,4558.56518668581,158.322259621149,10.1993621308123,43.2996296280509,847314.461332256,158.775825063416
1,77,76,1,6,37.9849278765937,23.7292769384511,41.4196439003204,BS1,Terrestrial,201.479207107489,100.087906622152,59.2485538034235,25.496073,NaN,893.334270320412,8.75952808811392,4,25.496073,Served,,,Stable,0,59.2485538034235,201.479207107489,100.087906622152,8.51676599792782,43.1307162594466,849563.415060259,160.4584211963
1,77,76,2,6,37.9865582272512,23.7320437212489,219.263954140613,BS2,Terrestrial,94.8733969788055,82.9496507433134,76.3868096822624,101.984292,NaN,893.334270320412,8.75952808811392,1,101.984292,Served,,,Stable,0,76.3868096822624,94.8733969788055,82.9496507433134,6.02979824582218,43.1457754412525,849363.966460682,162.945388948406
1,77,76,3,6,37.9828816458925,23.7273359080333,48.0207471069558,BS1,Terrestrial,105.59622487895,108.822987349983,50.5134730755931,25.496073,NaN,893.334270320412,8.75952808811392,4,25.496073,Served,,,Stable,0,50.5134730755931,105.59622487895,108.822987349983,10.0019228472904,43.1190904178158,849717.475478093,158.973264346938
1,77,76,4,6,37.9900337176637,23.7457197121564,86.6122631875256,BS1,Terrestrial,1743.87993094971,141.105763253321,18.2306971722553,25.496073,NaN,893.334270320412,8.75952808811392,4,25.4954797617268,Served,,,InTransition,0.0232678292520582,18.2306971722553,1743.87993094971,141.105763253321,8.72025873285679,43.2148961248736,848450.199270242,160.254928461371
1,77,76,5,6,37.9994341488031,23.7482380164882,117.77006009201,BS1,Terrestrial,2516.03748834252,145.970651105471,13.3658093201048,20.6779741900135,NaN,893.334270320412,10.8005535517093,4,20.6772800223405,Served,,,InTransition,0.0335703907313442,13.3658093201048,2516.03748834252,145.970651105471,9.32922762041994,43.2378994312038,848146.814387333,159.645959573808
1,77,76,6,6,37.9487613221585,23.710542312649,309.289496741495,SAT-1,Satellite,851316.764301682,155.258580107011,13.7166070872167,138.497967197928,42.998750633152,188.391482363219,1.36024727419997,1,138.497967197928,Served,,,Stable,0,1.54635856026408,4558.33445423577,157.790101865312,13.7166070872167,42.998750633152,851316.764301682,155.258580107011
1,78,77,1,6,37.9849335065487,23.7292832139755,41.4196439003204,BS1,Terrestrial,202.294718111108,101.280340622958,58.0561198026178,33.994764,NaN,893.334270320412,8.75952808811392,3,33.994764,Served,,,Stable,0,58.0561198026178,202.294718111108,101.280340622958,11.6041955924951,42.8313049873285,853576.51854853,157.370991601733
1,78,77,2,6,37.9865524144517,23.7320377175993,219.263954140613,BS2,Terrestrial,94.3217928284234,81.470262130085,77.8661982954909,101.984292,NaN,893.334270320412,8.75952808811392,1,101.984292,Served,,,Stable,0,77.8661982954909,94.3217928284234,81.470262130085,3.14527270110648,42.8462098659801,853376.430236306,165.829914493122
1,78,77,3,6,37.9828866675488,23.7273429594733,48.0207471069558,BS1,Terrestrial,104.975062175763,104.688287692661,54.6481727329152,33.994764,NaN,893.334270320412,8.75952808811392,3,33.994764,Served,,,Stable,0,54.6481727329152,104.975062175763,104.688287692661,15.4200545416988,42.8197140862323,853732.202969705,153.555132652529
1,78,77,4,6,37.9900341613171,23.7457291820554,86.6122631875256,BS1,Terrestrial,1744.66303334209,144.414873882784,14.9215865427914,30.6156964910708,NaN,893.334270320412,9.72632094761106,3,30.6156964910708,Served,,,Stable,0,14.9215865427914,1744.66303334209,144.414873882784,10.0322172489309,42.9148687540123,852456.418136875,158.942969945297
1,78,77,5,6,37.9994306507609,23.7482464114267,117.77006009201,SAT-1,Satellite,852146.936790581,165.520230101328,3.45495709290026,25.2764687802486,42.9380193801125,188.391482363219,3.72661790697659,2,24.9890797566866,Served,,,InTransition,11.3698248778571,3.30390421870507,2516.30377068382,156.032556206871,3.45495709290026,42.9380193801125,852146.936790581,165.520230101328
1,78,77,6,6,37.9487660763973,23.7105349746393,309.289496741495,SAT-1,Satellite,855356.55166431,157.898302354759,11.0768848394687,56.8210623470651,42.6991279708816,188.391482363219,1.6577610007757,2,56.8210623470651,Served,,,Stable,0,-1.44219445898975,4558.10386239813,160.778654884566,11.0768848394687,42.6991279708816,855356.55166431,157.898302354759
1,79,78,1,6,37.9849391365036,23.7292894895004,41.4196439003204,BS1,Terrestrial,203.110373786737,112.573752519784,46.7627079057918,33.994764,NaN,893.334270320412,8.75952808811392,3,33.994764,Served,,,Stable,0,46.7627079057918,203.110373786737,112.573752519784,14.6866626199514,42.5331507357568,857626.889694979,154.288524574277
1,79,78,2,6,37.9865466016521,23.7320317139503,219.263954140613,BS2,Terrestrial,93.7743495436639,85.600287690471,73.7361727351048,101.984292,NaN,893.334270320412,8.75952808811392,1,101.984292,Served,,,Stable,0,73.7361727351048,93.7743495436639,85.600287690471,11.4367735730943,42.5479001500316,857426.204623744,157.538413621134
1,79,78,3,6,37.9828916892051,23.7273500109138,48.0207471069558,BS1,Terrestrial,104.356856648432,106.628751545636,52.7077088799399,33.994764,NaN,893.334270320412,8.75952808811392,3,33.994764,Served,,,Stable,0,52.7077088799399,104.356856648432,106.628751545636,4.31785457288814,42.5215971160484,857784.175903084,164.65733262134
1,79,78,4,6,37.9900346049706,23.7457386519545,86.6122631875256,BS1,Terrestrial,1745.4461822821,144.827085371636,14.5093750539394,29.8050426870803,NaN,893.334270320412,9.99086272860407,3,29.8050426870803,Served,,,Stable,0,14.5093750539394,1745.4461822821,144.827085371636,9.61495372888072,42.6160942832395,856500.022520888,159.360233465347
1,79,78,5,6,37.9994271527188,23.7482548063647,117.77006009201,SAT-1,Satellite,856184.522678726,159.929460950184,9.04572624404412,47.6145569972347,42.6393792595512,188.391482363219,1.97829712428239,2,47.6145569972347,Served,,,Stable,0,5.47304912502378,2516.57030086878,153.863411300552,9.04572624404412,42.6393792595512,856184.522678726,159.929460950184
1,79,78,6,6,37.9487708306361,23.7105276366292,309.289496741495,SAT-1,Satellite,859433.290402191,167.460629423345,1.51455777088279,19.1007723715836,42.4008097236589,188.391482363219,4.9315147759022,2,19.1007723715836,Served,,,Stable,0,-5.94223916083632,4164.3853749773,165.278699586412,1.51455777088279,42.4008097236589,859433.290402191,167.460629423345
1,80,79,1,6,37.9849447664586,23.7292957650258,41.4196439003204,BS1,Terrestrial,203.926172399266,108.537175251969,50.7992851736068,33.994764,NaN,893.334270320412,8.75952808811392,3,33.994764,Served,,,Stable,0,50.7992851736068,203.926172399266,108.537175251969,13.1034635827206,42.2363005898986,861713.998545393,155.871723611508
1,80,79,2,6,37.9865407888525,23.7320257103017,219.263954140613,BS2,Terrestrial,93.2311404189873,82.5578176337907,76.7786427917852,101.984292,NaN,893.334270320412,8.75952808811392,1,101.984292,Served,,,Stable,0,76.7786427917852,93.2311404189873,82.5578176337907,6.99841845990414,42.2508935483561,861512.759016013,161.976768734324
1,80,79,3,6,37.9828967108614,23.7273570623547,48.0207471069558,BS1,Terrestrial,103.74166116358,103.668140888783,55.6683195367926,33.994764,NaN,893.334270320412,8.75952808811392,3,33.994764,Served,,,Stable,0,55.6683195367926,103.74166116358,103.668140888783,5.12937386972129,42.2247864607022,861872.864524564,163.845813324507
1,80,79,4,6,37.9900350486241,23.7457481218536,86.6122631875256,BS1,Terrestrial,1746.22937770612,140.519358701595,18.8171017239809,33.994764,NaN,893.334270320412,8.75952808811392,3,33.994764,Served,,,Stable,0,18.8171017239809,1746.22937770612,140.519358701595,14.464437543417,42.3186203919606,860580.480999298,154.510749650811
1,80,79,5,6,37.9994236546766,23.7482632013024,117.77006009201,SAT-1,Satellite,860259.040124733,159.414413397648,9.56077379658015,49.9112254301185,42.3420272613887,188.391482363219,1.88726564755446,2,49.9112254301185,Served,,,Stable,0,3.30166996649058,2516.83707881828,156.034790459085,9.56077379658015,42.3420272613887,860259.040124733,159.414413397648
1,80,79,6,6,37.9487755848749,23.7105202986186,309.289496741495,SAT-1,Satellite,863546.452712497,159.860057834178,9.11512936004982,47.9223473947995,42.1038409101948,188.391482363219,1.96559113445748,2,47.9223473947995,Served,,,Stable,0,-2.2512638529135,4557.64310063897,161.587724278489,9.11512936004982,42.1038409101948,863546.452712497,159.860057834178
1,81,80,1,6,37.9849503964136,23.7293020405516,41.4196439003204,BS1,Terrestrial,204.742112237887,110.879474438414,48.4569859871619,50.992146,NaN,893.334270320412,8.75952808811392,2,50.992146,Served,,,Stable,0,48.4569859871619,204.742112237887,110.879474438414,16.6243984819191,41.9407986282689,865837.320369685,152.350788712309
1,81,80,2,6,37.986534976053,23.7320197066536,219.263954140613,BS2,Terrestrial,92.6922398968251,80.0434086103489,79.293051815227,50.992146,NaN,893.334270320412,8.75952808811392,2,50.992146,Served,,,Stable,0,79.293051815227,92.6922398968251,80.0434086103489,9.42824711729764,41.9552343005569,865635.568031491,159.54694007693
1,81,80,3,6,37.9829017325177,23.7273641137962,48.0207471069558,BS1,Terrestrial,103.129529587702,114.300197009253,45.036263416323,50.992146,NaN,893.334270320412,8.75952808811392,2,50.992146,Served,,,Stable,0,45.036263416323,103.129529587702,114.300197009253,9.25044552527785,41.9293260718795,865997.744309366,159.72474166895
1,81,80,4,6,37.9900354922775,23.7457575917527,86.6122631875256,BS2,Terrestrial,1354.6988864053,145.91741010089,13.4190503246857,41.5111996471512,NaN,893.334270320412,10.7601596426245,2,41.510449325728,Served,,,InTransition,0.0180751563323891,13.4190503246857,1354.6988864053,145.91741010089,12.9524387525568,42.0224917233266,864697.267361563,156.022748441671
1,81,80,5,6,37.9994201566345,23.7482715962396,117.77006009201,SAT-1,Satellite,864369.962390882,156.700358231605,12.2748289626229,62.4093184914831,42.0460085266364,188.391482363219,1.50932174006137,2,62.4093184914831,Served,,,Stable,0,8.00723686451434,2517.1041044543,151.329223561062,12.2748289626229,42.0460085266364,864369.962390882,156.700358231605
1,81,80,6,6,37.9487803391136,23.7105129606075,309.289496741495,SAT-1,Satellite,867695.5161082,160.660700079785,8.31448711444273,44.4060632941409,41.8082636071968,188.391482363219,2.12123602485694,2,44.4060632941409,Served,,,Stable,0,-2.85082750761856,4557.41293076253,162.187287933194,8.31448711444273,41.8082636071968,867695.5161082,160.660700079785
1,82,81,1,6,37.9849560263685,23.7293083160779,41.4196439003204,BS1,Terrestrial,205.558191622217,117.439973413163,41.8964870124126,50.992146,NaN,893.334270320412,8.75952808811392,2,50.992146,Served,,,Stable,0,41.8964870124126,205.558191622217,117.439973413163,3.57274647453144,41.6466860420888,869996.335759201,165.402440719697
1,82,81,2,6,37.9865291632534,23.7320137030059,219.263954140613,BS2,Terrestrial,92.1577235616351,81.4093281267529,77.9271322988229,101.984292,NaN,893.334270320412,8.75952808811392,1,101.984292,Served,,,Stable,0,77.9271322988229,92.1577235616351,81.4093281267529,10.8420960073679,41.6609637505643,869794.111611768,158.13309118686
1,82,81,3,6,37.982906754174,23.7273711652381,48.0207471069558,BS1,Terrestrial,102.520516803665,101.847404640531,57.489055785045,50.992146,NaN,893.334270320412,8.75952808811392,2,50.992146,Served,,,Stable,0,57.489055785045,102.520516803665,101.847404640531,12.161286264679,41.6352570187605,870158.296058503,156.813900929549
1,82,81,4,6,37.990035935931,23.7457670616519,86.6122631875256,SAT-1,Satellite,868849.860708811,155.242297776947,13.7328894172807,46.2178769413449,41.7277500046603,188.391482363219,1.35872015210555,3,45.6820876661825,Served,,,InTransition,11.592684706015,11.6722766590038,1747.79590775747,147.664183766572,13.7328894172807,41.7277500046603,868849.860708811,155.242297776947
1,82,81,5,6,37.9994166585923,23.7482799911764,117.77006009201,SAT-1,Satellite,868516.768029449,155.40555118943,13.5696360047984,45.6979896612411,41.7513652659678,188.391482363219,1.37417775384113,3,45.6979896612411,Served,,,Stable,0,-0.308648994174575,2517.37137769932,159.64510941975,13.5696360047984,41.7513652659678,868516.768029449,155.40555118943
1,82,81,6,6,37.9487850933524,23.710505622596,309.289496741495,SAT-1,Satellite,871879.963509408,167.018194795271,1.95699239895757,13.613616889866,41.5141170678766,188.391482363219,4.61281974480169,3,13.613616889866,Served,,,Stable,0,-5.10237979937105,4557.18290158226,164.438840224947,1.95699239895757,41.5141170678766,871879.963509408,167.018194795271
1,83,82,1,6,37.9849616563235,23.7293145916047,41.4196439003204,BS1,Terrestrial,206.374408895179,107.816459703479,51.5200007220972,33.994764,NaN,893.334270320412,8.75952808811392,3,33.994764,Served,,,Stable,0,51.5200007220972,206.374408895179,107.816459703479,8.8148056826634,41.3540012515064,874190.530714864,160.160381511565
1,83,82,2,6,37.9865233504538,23.7320076993587,219.263954140613,BS2,Terrestrial,91.6276681393673,81.7178592438448,77.6186011817311,101.984292,NaN,893.334270320412,8.75952808811392,1,101.984292,Served,,,Stable,0,77.6186011817311,91.6276681393673,81.7178592438448,6.01999281292996,41.3681204631678,873987.875110294,162.955194381298
1,83,82,3,6,37.9829117758303,23.7273782166805,48.0207471069558,BS1,Terrestrial,101.914678720542,101.800809273199,57.5356511523766,33.994764,NaN,893.334270320412,8.75952808811392,3,33.994764,Served,,,Stable,0,57.5356511523766,101.914678720542,101.800809273199,-3.12133405237432,41.3426176041251,874354.005986546,172.096521246602
1,83,82,4,6,37.9900363795845,23.7457765315512,86.6122631875256,BS1,Terrestrial,1748.57924225999,138.06413535925,21.2723250663263,33.994764,NaN,893.334270320412,8.75952808811392,3,33.9939708841348,Served,,,InTransition,0.023330530113069,21.2723250663263,1748.57924225999,138.06413535925,8.91833753964426,41.434434164727,873037.745543819,160.056849654584
1,83,82,5,6,37.9994131605502,23.7482883861129,117.77006009201,SAT-1,Satellite,872698.940974092,160.467390810682,8.50779638354607,45.2479213133753,41.4581368771155,188.391482363219,2.08176947023122,2,45.2479213133753,Served,,,Stable,0,-6.37505832116591,2517.63889847316,165.711518746742,8.50779638354607,41.4581368771155,872698.940974092,160.467390810682
1,83,82,6,6,37.9487898475911,23.7104982845839,309.289496741495,SAT-1,Satellite,876099.283325711,156.838574599912,12.1366125943164,61.7596948644075,41.2214378372223,188.391482363219,1.52519764529949,2,61.7596948644075,Served,,,Stable,0,-5.24440250948103,4163.33946950934,164.580862935057,12.1366125943164,41.2214378372223,876099.283325711,156.838574599912
1,84,83,1,6,37.9849672862784,23.729320867132,41.4196439003204,BS1,Terrestrial,207.190762430055,112.334978751449,47.0014816741268,33.994764,NaN,893.334270320412,8.75952808811392,3,33.994764,Served,,,Stable,0,47.0014816741268,207.190762430055,112.334978751449,6.72605489449683,41.0627800186458,878419.396726489,162.249132299731
1,84,83,2,6,37.9865175376543,23.732001695712,219.263954140613,BS2,Terrestrial,91.1021514947085,80.4265433294722,78.9099170961037,101.984292,NaN,893.334270320412,8.75952808811392,1,101.984292,Served,,,Stable,0,78.9099170961037,91.1021514947085,80.4265433294722,8.42720265967057,41.0767403373694,878216.349372171,160.547984534558
1,84,83,3,6,37.9829167974866,23.7273852681233,48.0207471069558,BS1,Terrestrial,101.312072293454,96.9968802141405,62.3395802114353,33.994764,NaN,893.334270320412,8.75952808811392,3,33.994764,Served,,,Stable,0,62.3395802114353,101.312072293454,96.9968802141405,10.7752399177539,41.0514434772848,878584.365800571,158.199947276474
1,84,83,4,6,37.990036823238,23.7457860014506,86.6122631875256,BS1,Terrestrial,1749.36262299814,140.697757884262,18.6387025413139,33.994764,NaN,893.334270320412,8.75952808811392,3,33.994764,Served,,,Stable,0,18.6387025413139,1749.36262299814,140.697757884262,10.539872850341,41.1425804478146,877260.411852099,158.435314343887
1,84,83,5,6,37.999409662508,23.7482967810489,117.77006009201,SAT-1,Satellite,876915.970622301,155.516548239963,13.4586389542652,68.0174742326311,41.1663600591051,188.391482363219,1.38487561092675,2,68.0174742326311,Served,,,Stable,0,7.41400572860059,2517.90666669689,151.922454696975,13.4586389542652,41.1663600591051,876915.970622301,155.516548239963
1,84,83,6,6,37.9487946018299,23.7104909465714,309.289496741495,SAT-1,Satellite,880352.969529888,161.87720911975,7.09797807447831,39.2249812827925,40.930259864013,188.391482363219,2.40142220852842,2,39.2249812827925,Served,,,Stable,0,-6.85301307678827,4556.72326539437,166.189473502364,7.09797807447831,40.930259864013,880352.969529888,161.87720911975
1,85,84,1,6,37.9849729162333,23.7293271426597,41.4196439003204,BS2,Terrestrial,225.56552169096,114.459525782535,44.8769346430412,33.994764,NaN,893.334270320412,8.75952808811392,3,33.9946616885979,Served,,,InTransition,0.00300962236602977,44.8769346430412,225.56552169096,114.459525782535,9.04656616153943,40.7730555574589,882682.430843587,159.928621032689
1,85,84,2,6,37.9865117248547,23.7319956920658,219.263954140613,BS2,Terrestrial,90.5812526244402,80.3752573864227,78.9612030391532,33.994764,NaN,893.334270320412,8.75952808811392,3,33.994764,Served,,,Stable,0,78.9612030391532,90.5812526244402,80.3752573864227,5.31510883220133,40.786856716537,882479.030805417,163.660078362027
1,85,84,3,6,37.9829218191429,23.7273923195667,48.0207471069558,BS1,Terrestrial,100.712755529598,110.184127520502,49.1523329050736,50.992146,NaN,893.334270320412,8.75952808811392,2,50.992146,Served,,,Stable,0,49.1523329050736,100.712755529598,110.184127520502,3.50869024258745,40.7617677438162,882848.872770612,165.466496951641
1,85,84,4,6,37.9900372668914,23.7457954713499,86.6122631875256,BS1,Terrestrial,1750.14604990849,140.938067934067,18.3983924915089,50.992146,NaN,893.334270320412,8.75952808811392,2,50.992146,Served,,,Stable,0,18.3983924915089,1750.14604990849,140.938067934067,9.8649828748427,40.8522225245957,881517.355174363,159.110204319385
1,85,84,5,6,37.9994061644659,23.7483051759846,117.77006009201,BS2,Terrestrial,2088.88094817129,154.399151684548,4.93730874102818,12.4944606589593,NaN,893.334270320412,23.8328086529513,3,12.4941124255047,Served,,,InTransition,0.0278710273381366,4.93730874102818,2088.88094817129,154.399151684548,2.70663887611866,40.8760689232961,881167.351909199,166.268548318109
1,85,84,6,6,37.9487993560687,23.7104836085584,309.289496741495,SAT-1,Satellite,884640.521723274,159.160707009296,9.81448018493231,102.105477253519,40.6406146095653,188.391482363219,1.84506735026035,1,102.105477253519,Served,,,Stable,0,-0.852554562464633,4556.49365843012,160.18901498804,9.81448018493231,40.6406146095653,884640.521723274,159.160707009296
1,86,85,1,6,37.9849785461883,23.729333418188,41.4196439003204,BS1,Terrestrial,208.82387188847,115.610205819504,43.7262546060723,33.994764,NaN,893.334270320412,8.75952808811392,3,33.9946692822304,Served,,,InTransition,0.0027862458352901,43.7262546060723,208.82387188847,115.610205819504,13.6555924546329,40.484858640376,886979.135738047,155.319594739595
1,86,85,2,6,37.9865059120551,23.7319896884201,219.263954140613,BS2,Terrestrial,90.0650516502352,81.1269202890742,78.2095401365017,101.984292,NaN,893.334270320412,8.75952808811392,1,101.984292,Served,,,Stable,0,78.2095401365017,90.0650516502352,81.1269202890742,8.7091454622533,40.4985004953471,886775.421444054,160.266041731975
1,86,85,3,6,37.9829268407991,23.7273993710105,48.0207471069558,BS1,Terrestrial,100.116787508631,110.104569648008,49.2318907775679,33.994764,NaN,893.334270320412,8.75952808811392,3,33.994764,Served,,,Stable,0,49.2318907775679,100.116787508631,110.104569648008,7.72170961834104,40.4736210720909,887147.029791989,161.253477575887
1,86,85,4,6,37.9900377105449,23.7458049412494,86.6122631875256,BS1,Terrestrial,1750.92952293089,140.596074232277,18.7403861932985,33.994764,NaN,893.334270320412,8.75952808811392,3,33.994764,Served,,,Stable,0,18.7403861932985,1750.92952293089,140.596074232277,13.1731738708399,40.5633915997663,885808.07667081,155.802013323388
1,86,85,5,6,37.9994026664237,23.7483135709198,117.77006009201,SAT-1,Satellite,885452.585373105,155.703853096223,13.2713340980052,67.1252690056737,40.5872951012203,188.391482363219,1.40328288552032,2,66.3322371411438,Served,,,InTransition,11.8142076192338,5.16863098576735,2518.44294517913,154.167829439809,13.2713340980052,40.5872951012203,885452.585373105,155.703853096223
1,86,85,6,6,37.9488041103074,23.710476270545,309.289496741495,SAT-1,Satellite,888961.445193173,166.530542726224,2.44464446800424,21.9367313864509,40.3525311532153,188.391482363219,4.29397340570933,2,21.9367313864509,Served,,,Stable,0,-5.03266721315353,4556.26419224654,164.369127638729,2.44464446800424,40.3525311532153,888961.445193173,166.530542726224
1,87,86,1,6,37.9849841761432,23.7293396937167,41.4196439003204,BS2,Terrestrial,223.908054193433,115.619138727359,43.7173216982168,50.992146,NaN,893.334270320412,8.75952808811392,2,50.9919936605814,Served,,,InTransition,0.00298750750018446,43.7173216982168,223.908054193433,115.619138727359,10.6616719869301,40.1982177017562,891309.01975894,158.313515207298
1,87,86,2,6,37.9865000992555,23.7319836847748,219.263954140613,BS2,Terrestrial,89.5536298097864,81.7795947331215,77.5568656924544,50.992146,NaN,893.334270320412,8.75952808811392,2,50.992146,Served,,,Stable,0,77.5568656924544,89.5536298097864,81.7795947331215,15.715437429094,40.2117002235231,891105.029003324,153.259749765134
1,87,86,3,6,37.9829318624554,23.7274064224548,48.0207471069558,BS1,Terrestrial,99.5242283886921,100.655371695303,58.6810887302729,50.992146,NaN,893.334270320412,8.75952808811392,2,50.992146,Served,,,Stable,0,58.6810887302729,99.5242283886921,100.655371695303,6.81406293952341,40.1870317966049,891478.345439799,162.161124254705
1,87,86,4,6,37.9900381541984,23.7458144111489,86.6122631875256,BS1,Terrestrial,1751.71304200205,148.116094933711,11.2203654918646,35.1808454774613,NaN,893.334270320412,12.6963161088998,2,35.1808454774613,Served,,,Stable,0,11.2203654918646,1751.71304200205,148.116094933711,2.77443537327292,40.2761165164605,890132.083177443,166.200751820955
1,87,86,5,6,37.9993991683815,23.7483219658547,117.77006009201,SAT-1,Satellite,889771.177213095,153.423857940821,15.5513292534068,78.0850989672575,40.3000678492158,188.391482363219,1.20632159563641,2,78.0850989672575,Served,,,Stable,0,-5.58256730474841,2089.42230546038,164.919027730324,15.5513292534068,40.3000678492158,889771.177213095,153.423857940821
1,87,86,6,6,37.9488088645462,23.7104689325311,309.289496741495,SAT-1,Satellite,893315.250962591,157.573384588302,11.4018026059263,58.326872575019,40.0660362945493,188.391482363219,1.61496300115279,2,58.326872575019,Served,,,Stable,0,-3.705433206945,4556.03486686572,163.041893632521,11.4018026059263,40.0660362945493,893315.250962591,157.573384588302
1,88,87,1,6,37.9849898060981,23.7293459692459,41.4196439003204,BS1,Terrestrial,210.457507456842,113.319129665069,46.0173307605072,50.992146,NaN,893.334270320412,8.75952808811392,2,50.9920028118755,Served,,,InTransition,0.0028080427221,46.0173307605072,210.457507456842,113.319129665069,11.4824976174769,39.9131589381508,895671.596979863,157.492689576751
1,88,87,2,6,37.9864942864559,23.73197768113,219.263954140613,BS2,Terrestrial,89.0470694475155,83.9983756011317,75.3380848244442,50.992146,NaN,893.334270320412,8.75952808811392,2,50.992146,Served,,,Stable,0,75.3380848244442,89.0470694475155,83.9983756011317,12.4197134547814,39.9264822063783,895467.366927395,156.555473739447
1,88,87,3,6,37.9829368841117,23.7274134738996,48.0207471069558,BS1,Terrestrial,98.9351394195089,102.960849309164,56.3756111164115,50.992146,NaN,893.334270320412,8.75952808811392,2,50.992146,Served,,,Stable,0,56.3756111164115,98.9351394195089,102.960849309164,3.55016663819711,39.902026018121,895842.334015937,165.425020556031
1,88,87,4,6,37.9900385978518,23.7458238810485,86.6122631875256,BS2,Terrestrial,1360.37208080896,136.541858164363,22.7946022612124,50.992146,NaN,893.334270320412,8.75952808811392,2,50.991220449141,Served,,,InTransition,0.0181508512907147,22.7946022612124,1360.37208080896,136.541858164363,12.691570350337,39.9904238574537,894488.887254853,156.283616843891
1,88,87,5,6,37.9993956703394,23.7483303607891,117.77006009201,SAT-1,Satellite,894122.639338988,157.232670218475,11.7425169757528,59.9140769847694,40.0144141498659,188.391482363219,1.57218046112192,2,59.9140769847694,Served,,,Stable,0,1.45981761408012,2518.98021251423,157.876642811496,11.7425169757528,40.0144141498659,894122.639338988,157.232670218475
1,88,87,6,6,37.9488136187849,23.7104615945167,309.289496741495,SAT-1,Satellite,897701.455832676,161.016324452195,7.95886274203272,42.8699836966162,39.7811546524052,188.391482363219,2.19724229074163,2,42.8699836966162,Served,,,Stable,0,-2.94195703062465,4555.80568231032,162.278417456201,7.95886274203272,39.7811546524052,897701.455832676,161.016324452195
1,89,88,1,6,37.984995436053,23.7293522447755,41.4196439003204,BS1,Terrestrial,211.274518717908,111.630416076212,47.7060443493639,33.994764,NaN,893.334270320412,8.75952808811392,3,33.994764,Served,,,Stable,0,47.7060443493639,211.274518717908,111.630416076212,6.26119649968101,39.6297064054039,900066.387239069,162.713990694547
1,89,88,2,6,37.9864884736563,23.7319716774856,219.263954140613,BS2,Terrestrial,88.545453999696,81.1810095767158,78.1554508488601,101.984292,NaN,893.334270320412,8.75952808811392,1,101.984292,Served,,,Stable,0,78.1554508488601,88.545453999696,81.1810095767158,13.3677538071827,39.6428706021897,899861.954429836,155.607433387045
1,89,88,3,6,37.982941905768,23.7274205253449,48.0207471069558,BS1,Terrestrial,98.3495829598061,101.927883801695,57.408576623881,33.994764,NaN,893.334270320412,8.75952808811392,3,33.994764,Served,,,Stable,0,57.408576623881,98.3495829598061,101.927883801695,12.0781691490866,39.6186277006493,900238.515588928,156.897018045141
1,89,88,4,6,37.9900390415053,23.7458333509481,86.6122631875256,SAT-1,Satellite,898878.007229708,153.333998846951,15.641188347277,78.5208451478533,39.7063380431796,188.391482363219,1.19962719459069,2,77.579118177357,Served,,,InTransition,11.9933371670038,14.0715506696691,1753.28021804566,145.264909755907,15.641188347277,39.7063380431796,898878.007229708,153.333998846951
1,89,88,5,6,37.9993921722972,23.7483387557232,117.77006009201,BS1,Terrestrial,2519.24921680527,158.00485009571,1.33161032986629,7.57694931898092,NaN,893.334270320412,39.3005255242824,3,7.57669463313906,Served,,BelowSnrFloor,InTransition,0.0336132434232922,1.33161032986629,2519.24921680527,158.00485009571,-9.31808209897736,39.7303588102642,898506.489413995,178.293269293205
1,89,88,6,6,37.9488183730236,23.7104542565018,309.289496741495,SAT-1,Satellite,902119.582418131,168.851490322125,0.123696872102869,15.3103784564586,39.4979087606784,188.391482363219,6.15241102298639,2,15.3103784564586,Served,BelowSnrFloor,,Stable,0,-16.0817790782745,4555.57663859991,175.41823950385,0.123696872102869,39.4979087606784,902119.582418131,168.851490322125
1,90,89,1,6,37.9850010660079,23.7293585203057,41.4196439003204,BS1,Terrestrial,212.091656976687,121.703257942584,37.6332024829918,50.992146,NaN,893.334270320412,8.75952808811392,2,50.992146,Served,,,Stable,0,37.6332024829918,212.091656976687,121.703257942584,9.93298689911668,39.3478821126199,904492.916172747,159.042200295111
1,90,89,2,6,37.9864826608567,23.7319656738418,219.263954140613,BS2,Terrestrial,88.0488679799518,79.471130973228,79.8653294523479,50.992146,NaN,893.334270320412,8.75952808811392,2,50.992146,Served,,,Stable,0,79.8653294523479,88.0488679799518,79.471130973228,15.733455644967,39.3608875164314,904288.316527225,153.241731549261
1,90,89,3,6,37.9829469274242,23.7274275767907,48.0207471069558,BS1,Terrestrial,97.767622477779,116.749916699502,42.5865437260741,50.992146,NaN,893.334270320412,8.75952808811392,2,50.992146,Served,,,Stable,0,42.5865437260741,97.767622477779,116.749916699502,10.9106628562508,39.3368587652937,904666.416026917,158.064524337977
1,90,89,4,6,37.9900394851588,23.7458428208477,86.6122631875256,BS2,Terrestrial,1361.9932421647,136.26934376657,23.0671166590063,50.992146,NaN,893.334270320412,8.75952808811392,2,50.991219346158,Served,,,InTransition,0.0181724817395467,23.0671166590063,1361.9932421647,136.26934376657,8.86364278912839,39.4238814265874,903298.967229333,160.1115444051
1,90,89,5,6,37.999388674255,23.7483471506569,117.77006009201,SAT-1,Satellite,902922.250890411,157.862806668396,11.1123805258319,56.9851782868011,39.4479245571324,188.391482363219,1.65298668905677,2,56.2986608768654,Served,,,InTransition,12.0472977461016,8.5520691303953,2519.51846807031,150.784391295181,11.1123805258319,39.4479245571324,902922.250890411,157.862806668396
1,90,89,6,6,37.9488231272624,23.7104469184865,309.289496741495,SAT-1,Satellite,906569.159175938,153.40601902878,15.569168165448,78.1715844300816,39.2163191609663,188.391482363219,1.2049869766406,2,78.1715844300816,Served,,,Stable,0,-3.42614515997596,4555.34773575485,162.762605585552,15.569168165448,39.2163191609663,906569.159175938,153.40601902878
1,91,90,1,6,37.9850066959628,23.7293647958363,41.4196439003204,BS2,Terrestrial,220.593535058759,114.19837870082,45.1380817247558,33.994764,NaN,893.334270320412,8.75952808811392,3,33.9946639437782,Served,,,InTransition,0.00294328331713747,45.1380817247558,220.593535058759,114.19837870082,12.6242786712156,39.0677061130369,908950.715241768,156.350908523012
1,91,90,2,6,37.986476848057,23.7319596701984,219.263954140613,BS2,Terrestrial,87.5573969618277,78.8184551857399,80.5180052398359,33.994764,NaN,893.334270320412,8.75952808811392,3,33.994764,Served,,,Stable,0,80.5180052398359,87.5573969618277,78.8184551857399,11.3370160094204,39.0805530929054,908745.984066178,157.638171184808
1,91,90,3,6,37.9829519490805,23.7274346282369,48.0207471069558,BS1,Terrestrial,97.1893225742724,105.39888046873,53.9375799568457,101.984292,NaN,893.334270320412,8.75952808811392,1,101.984292,Served,,,Stable,0,53.9375799568457,97.1893225742724,105.39888046873,8.61685239568641,39.0567391810059,909125.567024136,160.358334798542
1,91,90,4,6,37.9900399288122,23.7458522907475,86.6122631875256,BS2,Terrestrial,1362.8038640401,143.122580529379,16.2138798961973,33.1717815405953,NaN,893.334270320412,8.97684948703724,3,33.1717815405953,Served,,,Stable,0,16.2138798961973,1362.8038640401,143.122580529379,11.0262152645134,39.1430743848797,907751.297209656,157.948971929715
1,91,90,5,6,37.9993851762129,23.7483555455901,117.77006009201,SAT-1,Satellite,907369.453038642,158.463675255374,10.5115119388545,54.2205868650754,39.1671321288284,188.391482363219,1.73726893469467,2,54.2205868650754,Served,,,Stable,0,0.308836438537099,2090.50858659709,159.027623987039,10.5115119388545,39.1671321288284,907369.453038642,158.463675255374
1,91,90,6,6,37.9488278815011,23.7104395804707,309.289496741495,SAT-1,Satellite,911049.720427742,160.366461764521,8.60872542970685,45.6893203781523,38.9364044921004,188.391482363219,2.06165774412902,2,45.6893203781523,Served,BelowSnrFloor,,Stable,0,-8.05692683433864,4555.11897379834,167.393387259915,8.60872542970685,38.9364044921004,911049.720427742,160.366461764521
1,92,91,1,6,37.9850123259177,23.7293710713674,41.4196439003204,BS2,Terrestrial,219.764994201036,119.26530882332,40.0711516022561,50.992146,NaN,893.334270320412,8.75952808811392,2,50.992146,Served,,,Stable,0,40.0711516022561,219.764994201036,119.26530882332,11.3104032607319,38.7891965918472,913439.321752159,157.664783933496
1,92,91,2,6,37.9864710352574,23.7319536665555,219.263954140613,BS2,Terrestrial,87.0711275602306,78.8748661681188,80.461594257457,50.992146,NaN,893.334270320412,8.75952808811392,2,50.992146,Served,,,Stable,0,80.461594257457,87.0711275602306,78.8748661681188,15.48635805013,38.8018856018138,913234.493744116,153.488829144098
1,92,91,3,6,37.9829569707367,23.7274416796836,48.0207471069558,BS1,Terrestrial,96.6147489792947,105.850447324085,53.4860131014905,50.992146,NaN,893.334270320412,8.75952808811392,2,50.992146,Served,,,Stable,0,53.4860131014905,96.6147489792947,105.850447324085,-1.06056173280075,38.7782870522892,913615.506121125,170.035748927029
1,92,91,4,6,37.9900403724657,23.7458617606473,86.6122631875256,BS1,Terrestrial,1755.63132593841,144.904187651215,14.4322727743613,44.4805475591628,NaN,893.334270320412,10.0418533419829,2,44.4795056191058,Served,,,InTransition,0.0234246229895272,14.4322727743613,1755.63132593841,144.904187651215,12.2673430694407,38.8639354081724,912234.532976851,156.707844124787
1,92,91,5,6,37.9993816781707,23.748363940523,117.77006009201,SAT-1,Satellite,911847.630969875,163.159518675629,5.81566851859878,34.0158918192195,38.8880003642837,188.391482363219,2.76916864864873,2,34.0158918192195,Served,,,Stable,0,2.52914967847224,2520.05771121252,156.807310747104,5.81566851859878,38.8880003642837,911847.630969875,163.159518675629
1,92,91,6,6,37.9488326357398,23.7104322424544,309.289496741495,SAT-1,Satellite,915560.806376128,158.387954926242,10.5872322679862,54.5673378960256,38.6581815766119,188.391482363219,1.72622936748523,2,54.5673378960256,Served,BelowSnrFloor,,Stable,0,-9.31869951296153,4554.89035275117,168.655159938537,10.5872322679862,38.6581815766119,915560.806376128,158.387954926242
1,93,92,1,6,37.9850179558726,23.729377346899,41.4196439003204,BS2,Terrestrial,218.93648971997,112.258660661832,47.0777997637434,50.992146,NaN,893.334270320412,8.75952808811392,2,50.992146,Served,,,Stable,0,47.0777997637434,218.93648971997,112.258660661832,14.3427974883202,38.5123699510165,917958.278869653,154.632389705908
1,93,92,2,6,37.9864652224578,23.731947662913,219.263954140613,BS2,Terrestrial,86.5901474085149,81.6733360108792,77.6631244146966,50.992146,NaN,893.334270320412,8.75952808811392,2,50.992146,Served,,,Stable,0,77.6631244146966,86.5901474085149,81.6733360108792,12.3409723525999,38.5249015248197,917753.388124052,156.634214841628
1,93,92,3,6,37.982961992393,23.7274487311308,48.0207471069558,BS1,Terrestrial,96.0439685714173,112.725929227252,46.6105311983236,50.992146,NaN,893.334270320412,8.75952808811392,2,50.992146,Served,,,Stable,0,46.6105311983236,96.0439685714173,112.725929227252,1.69287019714773,38.5015187038988,918135.776719016,167.28231699708
1,93,92,4,6,37.9900408161192,23.7458712305471,86.6122631875256,BS1,Terrestrial,1756.41512001124,142.123986790567,17.212473635009,50.992146,NaN,893.334270320412,8.75952808811392,2,50.992146,Served,,,Stable,0,17.212473635009,1756.41512001124,142.123986790567,11.4122896546031,38.5864811851262,916748.216202946,157.562897539625
1,93,92,5,6,37.9993781801285,23.7483723354554,117.77006009201,SAT-1,Satellite,916356.325652685,164.955176778737,4.02001041549158,27.2550572900339,38.6105462889182,188.391482363219,3.45608303733241,2,27.2550572900339,Served,BelowSnrFloor,,Stable,0,-7.69367841304003,2091.05350859226,167.030138838616,4.02001041549158,38.6105462889182,916356.325652685,164.955176778737
1,93,92,6,6,37.9488373899785,23.7104249044376,309.289496741495,SAT-1,Satellite,920101.963115138,158.23449399301,10.7406932012184,55.271574798476,38.3816655041873,188.391482363219,1.70423479926261,2,55.271574798476,Served,BelowSnrFloor,,Stable,0,-9.88906861036969,4554.66187263424,169.225529035946,10.7406932012184,38.3816655041873,920101.963115138,158.23449399301
1,94,93,1,6,37.9850235858275,23.7293836224311,41.4196439003204,BS1,Terrestrial,215.361451072209,106.49770216479,52.838758260786,50.992146,NaN,893.334270320412,8.75952808811392,2,50.9919994753992,Served,,,InTransition,0.00287347390269849,52.838758260786,215.361451072209,106.49770216479,6.62054581848193,38.2372408911533,922507.135628576,162.354641375746
1,94,93,2,6,37.9864594096581,23.7319416592711,219.263954140613,BS2,Terrestrial,86.114545133503,77.113950905194,82.2225095203818,50.992146,NaN,893.334270320412,8.75952808811392,2,50.992146,Served,,,Stable,0,82.2225095203818,86.114545133503,77.113950905194,10.4994515304946,38.2496156371529,922302.215643722,158.475735663733
1,94,93,3,6,37.9829670140492,23.7274557825785,48.0207471069558,BS1,Terrestrial,95.4770493787585,103.335253509244,56.0012069163317,50.992146,NaN,893.334270320412,8.75952808811392,2,50.992146,Served,,,Stable,0,56.0012069163317,95.4770493787585,103.335253509244,10.192113808965,38.2264487625991,922685.928088199,158.783073385263
1,94,93,4,6,37.9900412597726,23.745880700447,86.6122631875256,BS2,Terrestrial,1365.23589387377,138.442212804512,20.8942476210634,50.992146,NaN,893.334270320412,8.75952808811392,2,50.9912171399681,Served,,,InTransition,0.0182157470268817,20.8942476210634,1365.23589387377,138.442212804512,4.79950040935452,38.3107266856046,921291.894435746,164.175686784874
1,94,93,5,6,37.9993746820863,23.7483807303875,117.77006009201,SAT-1,Satellite,920895.083923908,156.49413438525,12.4810528089783,63.3807218952512,38.3347851975871,188.391482363219,1.48618914971158,2,63.3807218952512,Served,,,Stable,0,6.12048382746573,2091.32641453922,153.21597659811,12.4810528089783,38.3347851975871,920895.083923908,156.49413438525
1,94,93,6,6,37.9488421442173,23.7104175664204,309.289496741495,SAT-1,Satellite,924672.742635317,154.117123965705,14.8580632285229,74.7318862365193,38.106869712173,188.391482363219,1.26044913256289,2,74.7318862365193,Served,,,Stable,0,-2.53340097212126,4554.43353346824,161.869861397697,14.8580632285229,38.106869712173,924672.742635317,154.117123965705
1,95,94,1,6,37.9850292157824,23.7293898979636,41.4196439003204,BS1,Terrestrial,216.179202822835,108.316690232433,51.0197701931428,33.994764,NaN,893.334270320412,8.75952808811392,3,33.994764,Served,,,Stable,0,51.0197701931428,216.179202822835,108.316690232433,5.12959777540613,37.9638224904867,927085.446935386,163.845589418822
1,95,94,2,6,37.9864535968585,23.7319356556296,219.263954140613,BS2,Terrestrial,85.6444103285844,80.8646258637189,78.471834561857,101.984292,NaN,893.334270320412,8.75952808811392,1,101.984292,Served,,,Stable,0,78.471834561857,85.6444103285844,80.8646258637189,7.32249705354809,37.9760410868149,926880.530619327,161.65269014068
1,95,94,3,6,37.9829720357055,23.7274628340267,48.0207471069558,BS1,Terrestrial,94.914060588625,102.144381440816,57.19207898476,33.994764,NaN,893.334270320412,8.75952808811392,3,33.994764,Served,,,Stable,0,57.19207898476,94.914060588625,102.144381440816,10.4442859763321,37.9530902360253,927265.515371614,158.530901217896
1,95,94,4,6,37.9900417034261,23.745890170347,86.6122631875256,BS1,Terrestrial,1757.98284495351,141.865517120761,17.4709433048146,33.994764,NaN,893.334270320412,8.75952808811392,3,33.993966618874,Served,,,InTransition,0.0234559982820316,17.4709433048146,1757.98284495351,141.865517120761,8.83555316668844,38.0366852404114,925865.121103304,160.13963402754
1,95,94,5,6,37.9993711840442,23.7483891253192,117.77006009201,SAT-1,Satellite,925463.458494024,165.578680210416,3.39650698381217,25.0762124912308,38.06073073461,188.391482363219,3.75637832924529,2,25.0762124912308,Served,,,Stable,0,0.250396230370569,2091.59961696579,159.086064195205,3.39650698381217,38.06073073461,925463.458494024,165.578680210416
1,95,94,6,6,37.948846898456,23.7104102284027,309.289496741495,SAT-1,Satellite,929272.702823542,161.526808471516,7.44837872271233,40.6954318138196,37.8338060631867,188.391482363219,2.31465147273906,2,40.6954318138196,Served,BelowSnrFloor,,Stable,0,-22.2419805652218,4160.2161942634,181.578440990798,7.44837872271233,37.8338060631867,929272.702823542,161.526808471516
1,96,95,1,6,37.9850348457373,23.7293961734967,41.4196439003204,BS1,Terrestrial,216.997073120207,109.773000439166,49.56345998641,33.994764,NaN,893.334270320412,8.75952808811392,3,33.994764,Served,,,Stable,0,49.56345998641,216.997073120207,109.773000439166,14.5297283342517,37.6921262810118,931692.773567119,154.445458859976
1,96,95,2,6,37.9864477840588,23.7319296519886,219.263954140613,BS2,Terrestrial,85.1798335239656,84.039148355815,75.2973120697609,101.984292,NaN,893.334270320412,8.75952808811392,1,101.984292,Served,,,Stable,0,75.2973120697609,85.1798335239656,84.039148355815,12.3371314335682,37.704189470944,931487.893244177,156.63805576066
1,96,95,3,6,37.9829770573617,23.7274698854753,48.0207471069558,BS1,Terrestrial,94.3550725585147,113.436186017982,45.9002744075943,33.994764,NaN,893.334270320412,8.75952808811392,3,33.994764,Served,,,Stable,0,45.9002744075943,94.3550725585147,113.436186017982,9.686144257233,37.6814545887201,931874.099582998,159.289042936995
1,96,95,4,6,37.9900421470796,23.745899640247,86.6122631875256,BS1,Terrestrial,1758.7667757007,143.408881061721,15.9275793638545,32.6037666559076,NaN,893.334270320412,9.13324197321994,3,32.6037666559076,Served,,,Stable,0,15.9275793638545,1758.7667757007,143.408881061721,3.21917754088679,37.764368618174,930467.455513265,165.756009653341
1,96,95,5,6,37.999367686002,23.7483975202504,117.77006009201,SAT-1,Satellite,930061.007947375,160.681842458423,8.29334473580511,44.3142770554704,37.7883949709476,188.391482363219,2.12562964896617,2,44.3142770554704,Served,,,Stable,0,3.0142405786809,2091.87311575502,156.322219846895,8.29334473580511,37.7883949709476,930061.007947375,160.681842458423
1,96,95,6,6,37.9488516526947,23.7104028903845,309.289496741495,SAT-1,Satellite,933901.407457952,158.973967347431,10.0012198467968,51.8970001364839,37.5624849199052,188.391482363219,1.81505175508958,2,51.8970001364839,Served,,,Stable,0,-5.96861237729001,4159.95690015309,165.305072802866,10.0012198467968,37.5624849199052,933901.407457952,158.973967347431
1,97,96,1,6,37.9850404756921,23.7294024490302,41.4196439003204,BS1,Terrestrial,217.815060630855,116.695962595927,42.6404978296484,33.994764,NaN,893.334270320412,8.75952808811392,3,33.994764,Served,,,Stable,0,42.6404978296484,217.815060630855,116.695962595927,10.3638579138811,37.4221623218651,936328.682165008,158.611329280347
1,97,96,2,6,37.9864419712592,23.731923648348,219.263954140613,BS2,Terrestrial,84.7209061540582,81.5786466536658,77.7578137719101,101.984292,NaN,893.334270320412,8.75952808811392,1,101.984292,Served,,,Stable,0,77.7578137719101,84.7209061540582,81.5786466536658,7.23114497745644,37.434070909404,936123.869582484,161.744042216772
1,97,96,3,6,37.9829820790179,23.7274769369244,48.0207471069558,BS1,Terrestrial,93.8001568120736,117.39832484211,41.9381355834656,33.994764,NaN,893.334270320412,8.75952808811392,3,33.994764,Served,,,Stable,0,41.9381355834656,93.8001568120736,117.39832484211,13.3148393499598,37.4115518153991,936511.247600293,155.660347844268
1,97,96,4,6,37.990042590733,23.7459091101471,86.6122631875256,BS1,Terrestrial,1759.55075188466,138.597476428638,20.7389839969376,33.994764,NaN,893.334270320412,8.75952808811392,3,33.994764,Served,,,Stable,0,20.7389839969376,1759.55075188466,138.597476428638,8.02408294866061,37.4937870994291,935098.462847314,160.951104245568
1,97,96,5,6,37.9993641879598,23.7484059151813,117.77006009201,SAT-1,Satellite,934687.296737455,160.894911293481,8.08027590074721,43.3925254644505,37.5177884785821,188.391482363219,2.17078264455429,2,43.3925254644505,Served,,,Stable,0,4.60844524348775,2092.14691079167,154.728015182088,8.08027590074721,37.5177884785821,934687.296737455,160.894911293481
1,97,96,6,6,37.9488564069334,23.7103955523659,309.289496741495,SAT-1,Satellite,938558.426198193,165.214682716318,3.76050447791047,26.3368785717054,37.2929152170876,188.391482363219,3.57657195119572,2,26.3368785717054,Served,BelowSnrFloor,,Stable,0,-13.0573833039979,4159.69775676403,172.393843729574,3.76050447791047,37.2929152170876,938558.426198193,165.214682716318
1,98,97,1,6,37.985046105647,23.7294087245642,41.4196439003204,BS2,Terrestrial,214.794527711094,110.540972190453,48.7954882351232,33.994764,NaN,893.334270320412,8.75952808811392,3,33.9946665740764,Served,,,InTransition,0.00286590969157862,48.7954882351232,214.794527711094,110.540972190453,8.29019469007497,37.1539392699978,940992.745223587,160.684992504153
1,98,97,2,6,37.9864361584595,23.731917644708,219.263954140613,BS2,Terrestrial,84.2677205206298,78.4359628238579,80.900497601718,33.994764,NaN,893.334270320412,8.75952808811392,3,33.994764,Served,,,Stable,0,80.900497601718,84.2677205206298,78.4359628238579,5.98217668595194,37.1656941156621,940788.031558623,162.993010508276
1,98,97,3,6,37.9829871006742,23.727483988374,48.0207471069558,BS1,Terrestrial,93.2493860511228,111.285218790172,48.0512416354042,101.984292,NaN,893.334270320412,8.75952808811392,1,101.984292,Served,,,Stable,0,48.0512416354042,93.2493860511228,111.285218790172,2.12956582749581,37.1433905115174,941176.532154552,166.845621366732
1,98,97,4,6,37.9900430343865,23.7459185800472,86.6122631875256,BS2,Terrestrial,1368.47898164971,148.675156622888,10.6613038026876,22.4020595972107,NaN,893.334270320412,13.292442545947,3,22.4016505575983,Served,,,InTransition,0.018259018132467,10.6613038026876,1368.47898164971,148.675156622888,8.07319645081034,37.2249495479829,939757.71415105,160.901990743418
1,98,97,5,6,37.9993606899176,23.7484143101117,117.77006009201,SAT-1,Satellite,939341.895177574,158.449703507453,10.525483686775,54.284531708204,37.2489204021724,188.391482363219,1.73522250662381,2,54.284531708204,Served,,,Stable,0,-0.561307920385758,2092.42100195772,159.897768345962,10.525483686775,37.2489204021724,939341.895177574,158.449703507453
1,98,97,6,6,37.9488611611721,23.7103882143467,309.289496741495,SAT-1,Satellite,943243.334571309,160.314291664239,8.66089552998892,45.9179680285872,37.0251045309116,188.391482363219,2.05139175851522,2,45.9179680285872,Served,BelowSnrFloor,,Stable,0,-12.4474569324684,4553.52158674147,171.783917358044,8.66089552998892,37.0251045309116,943243.334571309,160.314291664239
1,99,98,1,6,37.9850517356018,23.7294150000986,41.4196439003204,BS2,Terrestrial,213.966250425682,112.427228676961,46.9092317486147,50.992146,NaN,893.334270320412,8.75952808811392,2,50.992146,Served,,,Stable,0,46.9092317486147,213.966250425682,112.427228676961,6.93119016870656,36.8874644482075,945684.541075469,162.043997025522
1,99,98,2,6,37.9864303456598,23.7319116410684,219.263954140613,BS2,Terrestrial,83.8203697530833,77.0322036967627,82.3042567288132,50.992146,NaN,893.334270320412,8.75952808811392,2,50.992146,Served,,,Stable,0,82.3042567288132,83.8203697530833,77.0322036967627,14.7273380478042,36.8990664650182,945479.956942046,154.247849146424
1,99,98,3,6,37.9829921223304,23.7274910398241,48.0207471069558,BS1,Terrestrial,92.7028341572249,103.430542455086,55.9059179704896,50.992146,NaN,893.334270320412,8.75952808811392,2,50.992146,Served,,,Stable,0,55.9059179704896,92.7028341572249,103.430542455086,7.09898468391958,36.8769779411968,945869.531814542,161.876202510309
1,99,98,4,6,37.99004347804,23.7459280499474,86.6122631875256,BS1,Terrestrial,1761.1188403178,140.341703294606,18.9947571309696,50.992146,NaN,893.334270320412,8.75952808811392,2,50.9909477946865,Served,,,InTransition,0.0234978405002811,18.9947571309696,1761.1188403178,140.341703294606,5.72189762822745,36.957863479604,944444.78631948,163.253289566001
1,99,98,5,6,37.9993571918754,23.7484227050418,117.77006009201,SAT-1,Satellite,944024.379427117,161.614959013183,7.36022818104504,40.323755043426,36.9817985280405,188.391482363219,2.33598634552181,2,40.323755043426,Served,,,Stable,0,-0.874227965425831,2521.95283029947,160.210688391002,7.36022818104504,36.9817985280405,944024.379427117,161.614959013183
1,99,98,6,6,37.9488659154108,23.7103808763271,309.289496741495,SAT-1,Satellite,947955.713953459,159.020066088326,9.95512110590246,51.6882730511395,36.7590591456797,188.391482363219,1.82238127956826,2,51.6882730511395,Served,BelowSnrFloor,,Stable,0,-8.51814730765744,4553.29395265007,167.854607733233,9.95512110590246,36.7590591456797,947955.713953459,159.020066088326
1,100,99,1,6,37.9850573655567,23.7294212756336,41.4196439003204,BS2,Terrestrial,213.138012557577,111.365139644894,47.9713207806818,33.994764,NaN,893.334270320412,8.75952808811392,3,33.994764,Served,,,Stable,0,47.9713207806818,213.138012557577,111.365139644894,4.12162194126961,36.622743910602,950403.653872096,164.853565252959
1,100,99,2,6,37.9864245328602,23.7319056374293,219.263954140613,BS2,Terrestrial,83.3789477685231,76.8921281256705,82.4443322999054,33.994764,NaN,893.334270320412,8.75952808811392,3,33.994764,Served,,,Stable,0,82.4443322999054,83.3789477685231,76.8921281256705,5.66917010965901,36.6341940602594,950199.229328161,163.306017084569
1,100,99,3,6,37.9829971439866,23.7274980912747,48.0207471069558,BS1,Terrestrial,92.1605761858414,100.291530732016,59.0449296935603,101.984292,NaN,893.334270320412,8.75952808811392,1,101.984292,Served,,,Stable,0,59.0449296935603,92.1605761858414,100.291530732016,5.83010313729156,36.6123201025881,950589.830967312,163.145084056937
1,100,99,4,6,37.9900439216934,23.7459375198476,86.6122631875256,BS2,Terrestrial,1370.10068809533,139.303911346709,20.0325490788672,33.994764,NaN,893.334270320412,8.75952808811392,3,33.9941425534185,Served,,,InTransition,0.0182806558541954,20.0325490788672,1370.10068809533,139.303911346709,8.62827355262149,36.6925351281261,949159.262078434,160.346913641607
1,100,99,5,6,37.9993536938332,23.7484310999715,117.77006009201,SAT-1,Satellite,948734.331473689,164.860674308362,4.11451288586602,27.5933462334821,36.7164293505672,188.391482363219,3.41371214584011,2,27.5933462334821,Served,,,Stable,0,-3.84944472482175,2522.22454696381,163.185905150398,4.11451288586602,36.7164293505672,948734.331473689,164.860674308362
1,100,99,6,6,37.9488706696495,23.7103735383071,309.289496741495,SAT-1,Satellite,952695.15154775,159.156157080813,9.81903011341464,51.0732689216985,36.4947841179764,188.391482363219,1.8443256750615,2,51.0732689216985,Served,BelowSnrFloor,,Stable,0,-8.82419017315755,4553.06645963638,168.160650598733,9.81903011341464,36.4947841179764,952695.15154775,159.156157080813
1,101,100,1,6,37.9850629955115,23.729427551169,41.4196439003204,BS2,Terrestrial,212.309814566174,118.534019402659,40.8024410229171,25.496073,NaN,893.334270320412,8.75952808811392,4,25.496073,Served,,,Stable,0,40.8024410229171,212.309814566174,118.534019402659,4.97135654902416,36.3597825055594,955149.673560679,164.003830645204
1,101,100,2,6,37.9864187200605,23.7318996337906,219.263954140613,BS2,Terrestrial,82.9435492262354,79.0884306331138,80.2480297924621,25.496073,NaN,893.334270320412,8.75952808811392,4,25.496073,Served,,,Stable,0,80.2480297924621,82.9435492262354,79.0884306331138,9.5832336752577,36.3710817948035,954945.438115378,159.39195351897
1,101,100,3,6,37.9830021656428,23.7275051427257,48.0207471069558,BS1,Terrestrial,91.6226883771147,104.906053586493,54.4304068390824,101.984292,NaN,893.334270320412,8.75952808811392,1,101.984292,Served,,,Stable,0,54.4304068390824,91.6226883771147,104.906053586493,1.75958119379783,36.3494217907312,955337.019794978,167.21560600043
1,101,100,4,6,37.9900443653469,23.7459469897479,86.6122631875256,BS2,Terrestrial,1370.91158178929,136.449371782603,22.8870886429732,25.496073,NaN,893.334270320412,8.75952808811392,4,25.496073,Served,,,Stable,0,22.8870886429732,1370.91158178929,136.449371782603,11.7385686158004,36.4289695090221,953900.729962117,157.236618578428
1,101,100,5,6,37.999350195791,23.7484394949007,117.77006009201,BS2,Terrestrial,2093.24505107382,155.699714375787,3.63674604978883,7.92682170108028,NaN,893.334270320412,28.1744154217152,4,7.92660031085043,Served,,,InTransition,0.0279292556595779,3.63674604978883,2093.24505107382,155.699714375787,-3.59655146081266,36.4528181360554,953471.339111357,172.571738655041
1,101,100,6,6,37.9488754238882,23.7103662002865,309.289496741495,SAT-1,Satellite,957461.240358414,155.774033437091,13.201153757137,133.582829143104,36.2322833383399,188.391482363219,1.41029714351535,1,133.582829143104,Served,,,Stable,0,-3.18510261135754,4552.83910772276,162.521563036933,13.201153757137,36.2322833383399,957461.240358414,155.774033437091
1,102,101,1,6,37.9850686254664,23.7294338267049,41.4196439003204,BS1,Terrestrial,221.906711003124,109.706215423767,49.6302450018093,50.992146,NaN,893.334270320412,8.75952808811392,2,50.9919950222272,Served,,,InTransition,0.0029608044509662,49.6302450018093,221.906711003124,109.706215423767,3.06207195894362,36.0985839362562,959922.195857571,165.913115235284
1,102,101,2,6,37.9864129072608,23.7318936301524,219.263954140613,BS2,Terrestrial,82.5142694757686,76.9179060755938,82.418554349982,50.992146,NaN,893.334270320412,8.75952808811392,2,50.992146,Served,,,Stable,0,82.418554349982,82.5142694757686,76.9179060755938,4.95821972666795,36.1097334134037,959718.178478577,164.01696746756
1,102,101,3,6,37.983007187299,23.7275121941773,48.0207471069558,BS1,Terrestrial,91.0892481520321,110.059064350521,49.2773960750545,50.992146,NaN,893.334270320412,8.75952808811392,2,50.992146,Served,,,Stable,0,49.2773960750545,91.0892481520321,110.059064350521,5.98924815777804,36.0882866579869,960110.694247941,162.98593903645
1,102,101,4,6,37.9900448090004,23.7459564596483,86.6122631875256,BS2,Terrestrial,1371.72250240042,148.451359898236,10.8851005273403,34.2328535705441,NaN,893.334270320412,13.0479083270039,2,34.2328535705441,Served,,,Stable,0,10.8851005273403,1371.72250240042,148.451359898236,8.65546992120713,36.1671704805248,958668.784287053,160.319717273021
1,102,101,5,6,37.9993466977488,23.7484478898296,117.77006009201,SAT-1,Satellite,958234.995915237,157.927561910779,11.0476252834494,56.6858524015123,36.1909689841379,188.391482363219,1.661715175674,2,55.9611061166086,Served,,,InTransition,12.7853115759868,1.58552949466448,2093.52032559763,157.750930930911,11.0476252834494,36.1909689841379,958234.995915237,157.927561910779
1,102,101,6,6,37.9488801781269,23.7103588622655,309.289496741495,SAT-1,Satellite,962253.579161549,167.123583470953,1.8516037232751,20.1011947297328,35.9715595905231,188.391482363219,4.6860767455916,2,20.1011947297328,Served,BelowSnrFloor,,Stable,0,-11.9484770585996,4552.61189692926,171.284937484175,1.8516037232751,35.9715595905231,962253.579161549,167.123583470953
1,103,102,1,6,37.9850742554212,23.7294401022413,41.4196439003204,BS2,Terrestrial,210.653540095626,115.561952049545,43.774508376031,33.994764,NaN,893.334270320412,8.75952808811392,3,33.9946684523344,Served,,,InTransition,0.00281065830009141,43.774508376031,210.653540095626,115.561952049545,5.47012784268745,35.8391508188289,964720.822218284,163.505059351541
1,103,102,2,6,37.9864070944611,23.7318876265147,219.263954140613,BS2,Terrestrial,82.0912045083761,79.8377515517691,79.4987088738068,33.994764,NaN,893.334270320412,8.75952808811392,3,33.994764,Served,,,Stable,0,79.4987088738068,82.0912045083761,79.8377515517691,-0.151262682737723,35.8501515704799,964517.051339205,169.126449876966
1,103,102,3,6,37.9830122089552,23.7275192456293,48.0207471069558,BS1,Terrestrial,90.5603341020024,101.4543068633,57.8821535622757,101.984292,NaN,893.334270320412,8.75952808811392,1,101.984292,Served,,,Stable,0,57.8821535622757,90.5603341020024,101.4543068633,6.97566709149496,35.8289172721029,964910.456014754,161.999520102733
1,103,102,4,6,37.9900452526538,23.7459659295487,86.6122631875256,BS2,Terrestrial,1372.53344988031,140.380781624484,18.9556788010914,33.994764,NaN,893.334270320412,8.75952808811392,3,33.994764,Served,,,Stable,0,18.9556788010914,1372.53344988031,140.380781624484,14.7179622541991,35.9071408023566,963463.025122605,154.257224940029
1,103,102,5,6,37.9993431997066,23.7484562847581,117.77006009201,SAT-1,Satellite,963024.901212663,159.061521613111,9.91366558111687,51.5007431354412,35.9308848867921,188.391482363219,1.82901712571186,2,51.5007431354412,Served,,,Stable,0,-6.92150523316664,2523.04117325416,166.257965658743,9.91366558111687,35.9308848867921,963024.901212663,159.061521613111
1,103,102,6,6,37.9488849323656,23.710351524244,309.289496741495,SAT-1,Satellite,967071.772472641,164.039680317577,4.93550687665092,30.6168807894739,35.7126146084093,188.391482363219,3.07659496175698,2,30.6168807894739,Served,BelowSnrFloor,,Stable,0,-7.99042334585761,4552.38482727934,167.326883771433,4.93550687665092,35.7126146084093,967071.772472641,164.039680317577
1,104,103,1,6,37.9850798853761,23.7294463777782,41.4196439003204,BS2,Terrestrial,209.825464576933,110.611894411693,48.7245660138831,33.994764,NaN,893.334270320412,8.75952808811392,3,33.994764,Served,,,Stable,0,48.7245660138831,209.825464576933,110.611894411693,15.0960370812162,35.5814847382434,969545.159804381,153.879150113012
1,104,103,2,6,37.9864012816614,23.7318816228775,219.263954140613,BS2,Terrestrial,81.6744509005149,102.974026558125,56.362433867451,33.994764,NaN,893.334270320412,8.75952808811392,3,33.994764,Served,,,Stable,0,56.362433867451,81.6744509005149,102.974026558125,-1.867175510256,35.5923378861503,969341.663332234,170.842362704484
1,104,103,3,6,37.9830172306114,23.7275262970817,48.0207471069558,BS1,Terrestrial,90.0360259962111,100.177081663297,59.1593787622784,101.984292,NaN,893.334270320412,8.75952808811392,1,101.984292,Served,,,Stable,0,59.1593787622784,90.0360259962111,100.177081663297,3.34771734706248,35.5713151719924,969735.912488878,165.627469847166
1,104,103,4,6,37.9900456963073,23.7459753994492,86.6122631875256,BS2,Terrestrial,1373.34442418276,131.299055137362,28.0374052882142,33.994764,NaN,893.334270320412,8.75952808811392,3,33.994764,Served,,,Stable,0,28.0374052882142,1373.34442418276,131.299055137362,-4.46000725206375,35.6488821921471,968283.05825835,173.435194446292
1,104,103,5,6,37.9993397016644,23.7484646796862,117.77006009201,SAT-1,Satellite,967840.660051132,163.510568137643,5.46461905658498,32.6417078611126,35.672567785036,188.391482363219,2.88574793887634,2,32.6417078611126,Served,,,Stable,0,-6.5353300742004,2094.0717611708,165.871790499776,5.46461905658498,35.672567785036,967840.660051132,163.510568137643
1,104,103,6,6,37.9488896866042,23.7103441862221,309.289496741495,SAT-1,Satellite,971915.430511097,157.223524451171,11.7516627430575,59.9567925723831,35.4554491306602,188.391482363219,1.57106037765264,2,59.9567925723831,Served,BelowSnrFloor,,Stable,0,-9.31510810640347,4552.15789879043,168.651568531979,11.7516627430575,35.4554491306602,971915.430511097,157.223524451171
1,105,104,1,6,37.9850855153309,23.7294526533155,41.4196439003204,BS2,Terrestrial,208.997430853569,116.549055129051,42.7874052965244,33.994764,NaN,893.334270320412,8.75952808811392,3,33.994764,Served,,,Stable,0,42.7874052965244,208.997430853569,116.549055129051,9.76999101862586,35.3255863019359,974394.821447434,159.205196175602
1,105,104,2,6,37.9863954688617,23.7318756192407,219.263954140613,BS2,Terrestrial,81.2641057531108,93.737092154402,65.5993682711738,33.994764,NaN,893.334270320412,8.75952808811392,3,33.994764,Served,,,Stable,0,65.5993682711738,81.2641057531108,93.737092154402,13.1186824136761,35.3362930000304,974191.626770176,155.856504780552
1,105,104,3,6,37.9830222522676,23.7275333485347,48.0207471069558,BS1,Terrestrial,89.5164047652197,106.830688206122,52.5057722194537,101.984292,NaN,893.334270320412,8.75952808811392,1,101.984292,Served,,BelowSnrFloor,Stable,0,52.5057722194537,89.5164047652197,106.830688206122,-8.74317044416929,35.3154809212851,974586.676732527,177.718357638397
1,105,104,4,6,37.9900461399608,23.7459848693497,86.6122631875256,BS2,Terrestrial,1374.15542525958,131.221774368312,28.1146860572637,33.994764,NaN,893.334270320412,8.75952808811392,3,33.994764,Served,,,Stable,0,28.1146860572637,1374.15542525958,131.221774368312,8.94964564917231,35.3923953796005,973128.495168464,160.025541545056
1,105,104,5,6,37.9993362036222,23.7484730746138,117.77006009201,SAT-1,Satellite,972681.883163261,163.631158793882,5.34402840034582,32.175222102285,35.4160186233716,188.391482363219,2.9275863545607,2,32.175222102285,Served,,,Stable,0,0.485649147388273,2094.34792198789,158.850811278188,5.34402840034582,35.4160186233716,972681.883163261,163.631158793882
1,105,104,6,6,37.9488944408429,23.7103368481996,309.289496741495,SAT-1,Satellite,976784.169161981,162.733949119778,6.24123807445042,35.7128773555209,35.2000629531605,188.391482363219,2.63758476372242,2,35.7128773555209,Served,,,Stable,0,-2.34575691980456,4551.93111148759,161.68221734538,6.24123807445042,35.2000629531605,976784.169161981,162.733949119778
1,106,105,1,6,37.9850911452857,23.7294589288533,41.4196439003204,BS2,Terrestrial,208.169439426231,111.043458492205,48.2930019333711,33.994764,NaN,893.334270320412,8.75952808811392,3,33.994764,Served,,,Stable,0,48.2930019333711,208.169439426231,111.043458492205,8.2048884417859,35.0714551912967,979269.42561027,160.770298752442
1,106,105,2,6,37.986389656062,23.7318696156045,219.263954140613,BS2,Terrestrial,80.8602666302086,107.958342838151,51.3781175874251,33.994764,NaN,893.334270320412,8.75952808811392,3,33.994764,Served,,,Stable,0,51.3781175874251,80.8602666302086,107.958342838151,11.2653030978119,35.082016622866,979066.559604374,157.709884096416
1,106,105,3,6,37.9830272739238,23.7275403999882,48.0207471069558,BS1,Terrestrial,89.0015524993101,110.444583147104,48.8918772784723,101.984292,NaN,893.334270320412,8.75952808811392,1,101.984292,Served,,,Stable,0,48.8918772784723,89.0015524993101,110.444583147104,1.88795785692216,35.061414159725,979462.367437782,167.087229337306
1,106,105,4,6,37.9900465836143,23.7459943392503,86.6122631875256,BS2,Terrestrial,1374.96645306183,129.318226239501,30.0182341860752,33.994764,NaN,893.334270320412,8.75952808811392,3,33.994764,Served,,,Stable,0,30.0182341860752,1374.96645306183,129.318226239501,9.51701014333071,35.137680158484,977998.952973356,159.458177050897
1,106,105,5,6,37.99933270558,23.7484814695411,117.77006009201,SAT-1,Satellite,977548.18692895,165.593431502008,3.38175569221988,25.0258062365203,35.1612374020453,188.391482363219,3.76394431777182,2,25.0258062365203,Served,,,Stable,0,-1.46137924269613,2094.62437800182,160.797839668272,3.38175569221988,35.1612374020453,977548.18692895,165.593431502008
1,106,105,6,6,37.9488991950816,23.7103295101767,309.289496741495,SAT-1,Satellite,981677.609935138,157.229286381688,11.7459008125402,59.9298806413421,34.9464549793293,188.391482363219,1.57176587327673,2,59.9298806413421,Served,BelowSnrFloor,,Stable,0,-14.2813901689464,4551.70446538841,173.617850594522,11.7459008125402,34.9464549793293,981677.609935138,157.229286381688
1,107,106,1,6,37.9850967752405,23.7294652043916,41.4196439003204,BS1,Terrestrial,226.001102354249,109.378433302531,49.9580271230449,50.992146,NaN,893.334270320412,8.75952808811392,2,50.9919922365427,Served,,,InTransition,0.0030154341288232,49.9580271230449,226.001102354249,109.378433302531,8.04570325150533,34.8190902110646,984168.596345671,160.929483942723
1,107,106,2,6,37.9863838432623,23.7318636119687,219.263954140613,BS2,Terrestrial,80.4630314917711,95.9941692135509,63.342291212025,50.992146,NaN,893.334270320412,8.75952808811392,2,50.992146,Served,,,Stable,0,63.342291212025,80.4630314917711,95.9941692135509,5.86578976364706,34.8295075860717,983966.08538373,163.109397430581
1,107,106,3,6,37.98303229558,23.7275474514421,48.0207471069558,BS1,Terrestrial,88.4915524403683,114.90772955382,44.4287308717559,50.992146,NaN,893.334270320412,8.75952808811392,2,50.992146,Served,,,Stable,0,44.4287308717559,88.4915524403683,114.90772955382,6.68916728664439,34.809113652479,984362.608885183,162.286019907584
1,107,106,4,6,37.9900470272677,23.7460038091509,86.6122631875256,BS2,Terrestrial,1375.77750754358,135.642253651204,23.6942067743716,50.992146,NaN,893.334270320412,8.75952808811392,2,50.992146,Served,,,Stable,0,23.6942067743716,1375.77750754358,135.642253651204,8.14610752893955,34.884735436508,982894.054398717,160.829079665289
1,107,106,5,6,37.9993292075378,23.748489864468,117.77006009201,SAT-1,Satellite,982439.193334928,160.938866596163,8.03632059806512,43.2031195661962,34.9082232271926,188.391482363219,2.18029952761355,2,43.2031195661962,Served,,,Stable,0,-5.94940864286011,2094.90112909652,165.285869068436,8.03632059806512,34.9082232271926,982439.193334928,160.938866596163
1,107,106,6,6,37.9489039493203,23.7103221721534,309.289496741495,SAT-1,Satellite,986595.379921915,159.153496729622,9.82169046460569,51.085273962233,34.6946232683692,188.391482363219,1.84389225848622,2,51.085273962233,Served,BelowSnrFloor,,Stable,0,-9.48412566529689,4551.47796051703,168.820586090873,9.82169046460569,34.6946232683692,986595.379921915,159.153496729622
1,108,107,1,6,37.9851024051953,23.7294714799304,41.4196439003204,BS1,Terrestrial,226.820296481077,120.146626715752,39.1898337098238,50.992146,NaN,893.334270320412,8.75952808811392,2,50.992146,Served,,,Stable,0,39.1898337098238,226.820296481077,120.146626715752,6.23844880740592,34.5684893366972,989091.963252749,162.736738386822
1,108,107,2,6,37.9863780304626,23.7318576083333,219.263954140613,BS2,Terrestrial,80.0724986245573,108.707693495539,50.6287669300365,50.992146,NaN,893.334270320412,8.75952808811392,2,50.992146,Served,,,Stable,0,50.6287669300365,80.0724986245573,108.707693495539,-0.835274426710754,34.5787638892404,988889.833211102,169.810461620939
1,108,107,3,6,37.9830373172362,23.7275545028965,48.0207471069558,BS1,Terrestrial,87.9864889605985,111.490608413307,47.8458520122689,50.992146,NaN,893.334270320412,8.75952808811392,2,50.992146,Served,,,Stable,0,47.8458520122689,87.9864889605985,111.490608413307,5.9433387554848,34.5585773374276,989287.030900003,163.031848438743
1,108,107,4,6,37.9900474709212,23.7460132790516,86.6122631875256,BS2,Terrestrial,1376.58858865832,135.107008020394,24.2294524051814,50.992146,NaN,893.334270320412,8.75952808811392,2,50.992146,Served,,,Stable,0,24.2294524051814,1376.58858865832,135.107008020394,9.88249558508193,34.6335592831627,987813.427732204,159.092691609146
1,108,107,5,6,37.9993257094956,23.7484982593945,117.77006009201,SAT-1,Satellite,987354.529931918,164.0135228829,4.96166431132784,30.7156234199875,34.6569743589368,188.391482363219,3.06670452016004,2,30.7156234199875,Served,,,Stable,0,0.69619800139526,2095.17817515769,158.640262424181,4.96166431132784,34.6569743589368,987354.529931918,164.0135228829
1,108,107,6,6,37.9489087035589,23.7103148341295,309.289496741495,SAT-1,Satellite,991537.111749662,166.869549018275,2.10563817595306,20.8758309494324,34.4445650815191,188.391482363219,4.51219122294005,2,20.8758309494324,Served,,,Stable,0,-3.10065321811655,4551.25159689212,162.437113643692,2.10563817595306,34.4445650815191,991537.111749662,166.869549018275
1,109,108,1,6,37.9851080351501,23.7294777554697,41.4196439003204,BS2,Terrestrial,205.685724018684,110.483677448303,48.8527829772724,33.994764,NaN,893.334270320412,8.75952808811392,3,33.994670705623,Served,,,InTransition,0.00274437489709876,48.8527829772724,205.685724018684,110.483677448303,11.6991186692433,34.3196497597841,994039.161431109,157.276068524985
1,109,108,2,6,37.9863722176628,23.7318516046985,219.263954140613,BS2,Terrestrial,79.6887665653387,99.2778164504069,60.058643975169,33.994764,NaN,893.334270320412,8.75952808811392,3,33.994764,Served,,,Stable,0,60.058643975169,79.6887665653387,99.2778164504069,3.01476745398821,34.3297827456879,993837.437697485,165.96041974024
1,109,108,3,6,37.9830423388924,23.7275615543514,48.0207471069558,BS1,Terrestrial,87.4864475603125,94.3713165073937,64.9651439181822,101.984292,NaN,893.334270320412,8.75952808811392,1,101.984292,Served,,,Stable,0,64.9651439181822,87.4864475603125,94.3713165073937,7.05502593932582,34.3098023704975,994235.268806318,161.920161254902
1,109,108,4,6,37.9900479145746,23.7460227489524,86.6122631875256,BS2,Terrestrial,1377.39969635806,131.297247922615,28.039212502961,33.994764,NaN,893.334270320412,8.75952808811392,3,33.994764,Served,,,Stable,0,28.039212502961,1377.39969635806,131.297247922615,5.4447088267321,34.3841489755769,992756.706777893,163.530478367496
1,109,108,5,6,37.9993222114534,23.7485066543205,117.77006009201,SAT-1,Satellite,992293.829789522,163.405127467487,5.57005972674125,33.0519457214947,34.4074882575033,188.391482363219,2.8499302877758,2,33.0519457214947,Served,,,Stable,0,-7.13532518466556,2524.68106200868,166.471785610241,5.57005972674125,34.4074882575033,992293.829789522,163.405127467487
1,109,108,6,6,37.9489134577976,23.7103074961052,309.289496741495,SAT-1,Satellite,996502.443534134,156.17464810642,12.8005390878085,64.8904793163042,34.1962769263748,188.391482363219,1.45161111728669,2,64.8904793163042,Served,,,Stable,0,-6.25822150721109,4551.02537453591,165.594681932787,12.8005390878085,34.1962769263748,996502.443534134,156.17464810642
1,110,109,1,6,37.9851136651049,23.7294840310094,41.4196439003204,BS1,Terrestrial,228.458991532158,107.600724220434,51.7357362051423,50.992146,NaN,893.334270320412,8.75952808811392,2,50.9919905642785,Served,,,InTransition,0.00304822867201226,51.7357362051423,228.458991532158,107.600724220434,4.89122909402442,34.0725679315699,999009.831433075,164.083958100204
1,110,109,2,6,37.9863664048631,23.7318456010641,219.263954140613,BS2,Terrestrial,79.3119340271128,104.017391823203,55.3190686023728,50.992146,NaN,893.334270320412,8.75952808811392,2,50.992146,Served,,,Stable,0,55.3190686023728,79.3119340271128,104.017391823203,6.96480559651491,34.0825606261036,998808.538914232,162.010381597713
1,110,109,3,6,37.9830473605486,23.7275686058068,48.0207471069558,BS1,Terrestrial,86.9915148392314,100.445160221247,58.8913002043288,50.992146,NaN,893.334270320412,8.75952808811392,2,50.992146,Served,,,Stable,0,58.8913002043288,86.9915148392314,100.445160221247,8.27854982385438,34.0627851691084,999206.96337914,160.696637370374
1,110,109,4,6,37.9900483582281,23.7460322188532,86.6122631875256,BS2,Terrestrial,1378.21083059685,131.330781065121,28.0056793604547,50.992146,NaN,893.334270320412,8.75952808811392,2,50.992146,Served,,,Stable,0,28.0056793604547,1378.21083059685,131.330781065121,-5.95530796754801,34.1365010424709,997723.53080873,174.930495161776
1,110,109,5,6,37.9993187134112,23.7485150492462,117.77006009201,SAT-1,Satellite,997256.731449105,156.356881265784,12.6183059284443,64.028618535424,34.159761627422,188.391482363219,1.47115060946528,2,64.028618535424,Served,,,Stable,0,2.90441994781108,2524.95523611624,156.432040477765,12.6183059284443,34.159761627422,997256.731449105,156.356881265784
1,110,109,6,6,37.9489182120362,23.7103001580804,309.289496741495,SAT-1,Satellite,1001491.01883007,169.197537421172,-0.222350226943661,14.4531162158605,33.9497545993495,188.391482363219,6.51733091845212,2,14.4531162158605,Served,,,Stable,0,-4.52266349182153,4550.79929346962,163.859123917397,-0.222350226943661,33.9497545993495,1001491.01883007,169.197537421172
1,111,110,1,6,37.9851192950597,23.7294903065496,41.4196439003204,BS2,Terrestrial,204.03013472965,106.800632580438,52.5358278451384,33.994764,NaN,893.334270320412,8.75952808811392,3,33.9946714565608,Served,,,InTransition,0.00272228509137011,52.5358278451384,204.03013472965,106.800632580438,4.92697682300437,33.8272396046473,1004003.61921401,164.048210371224
1,111,110,2,6,37.9863605920634,23.7318395974302,219.263954140613,BS2,Terrestrial,78.9420998153718,112.232440790978,47.1040196345983,33.994764,NaN,893.334270320412,8.75952808811392,3,33.994764,Served,,,Stable,0,47.1040196345983,78.9420998153718,112.232440790978,7.5804275949759,33.837093300364,1003802.78234338,161.394759599252
1,111,110,3,6,37.9830523822048,23.7275756572626,48.0207471069558,BS1,Terrestrial,86.5017784935787,111.182682575284,48.1537778502916,101.984292,NaN,893.334270320412,8.75952808811392,1,101.984292,Served,,,Stable,0,48.1537778502916,86.5017784935787,111.182682575284,4.15817095249227,33.8175214537922,1004201.76079466,164.817016241736
1,111,110,4,6,37.9900488018816,23.7460416887541,86.6122631875256,BS2,Terrestrial,1379.02199132646,142.561637158333,16.7748232672432,33.994764,NaN,893.334270320412,8.75952808811392,3,33.994764,Served,,,Stable,0,16.7748232672432,1379.02199132646,142.561637158333,3.56459540776297,33.8906113062592,1002713.54451708,165.410591786465
1,111,110,5,6,37.999315215369,23.7485234441715,117.77006009201,SAT-1,Satellite,1002242.87887473,167.209923670333,1.76526352389493,19.8419321684749,33.9137904598746,188.391482363219,4.74730688431989,2,19.8419321684749,Served,,,Stable,0,-2.06831440165837,2096.01108194635,161.404774827234,1.76526352389493,33.9137904598746,1002242.87887473,167.209923670333
1,111,110,6,6,37.9489229662749,23.7102928200551,309.289496741495,SAT-1,Satellite,1006502.48657995,166.213696217213,2.7614909770148,22.9558534695648,33.7049932263294,188.391482363219,4.10334302344695,2,22.9558534695648,Served,,,Stable,0,-6.40803988721839,4550.57335371268,165.744500312794,2.7614909770148,33.7049932263294,1006502.48657995,166.213696217213
1,112,111,1,6,37.9851249250145,23.7294965820903,41.4196439003204,BS1,Terrestrial,230.098088362745,113.908182649405,45.4282777761713,50.992146,NaN,893.334270320412,8.75952808811392,2,50.9919894490928,Served,,,InTransition,0.00307009842606174,45.4282777761713,230.098088362745,113.908182649405,11.2832907507511,33.5836598728848,1009020.17608101,157.691896443477
1,112,111,2,6,37.9863547792636,23.7318335937967,219.263954140613,BS2,Terrestrial,78.5793627432526,107.112985315442,52.2234751101344,33.994764,NaN,893.334270320412,8.75952808811392,3,33.994764,Served,,,Stable,0,52.2234751101344,78.5793627432526,107.112985315442,0.830909342337407,33.5933758775786,1008819.8188263,168.144277851891
1,112,111,3,6,37.9830574038609,23.7275827087189,48.0207471069558,BS1,Terrestrial,86.0173272743563,99.1190687800266,60.2173916455493,50.992146,NaN,893.334270320412,8.75952808811392,2,50.992146,Served,,,Stable,0,60.2173916455493,86.0173272743563,99.1190687800266,-2.27082610975026,33.5740062880488,1009219.31257885,171.246013303978
1,112,111,4,6,37.990049245535,23.746051158655,86.6122631875256,BS2,Terrestrial,1379.83317850055,135.272082511761,24.0643779138152,33.994764,NaN,893.334270320412,8.75952808811392,3,33.994764,Served,,,Stable,0,24.0643779138152,1379.83317850055,135.272082511761,2.00671375489759,33.6464749233724,1007726.39796359,166.968473439331
1,112,111,5,6,37.9993117173268,23.7485318390964,117.77006009201,BS2,Terrestrial,2096.28930669121,149.957805039077,9.37865538649882,20.0311182564616,NaN,893.334270320412,14.865774655928,3,20.0305579886112,Served,,,InTransition,0.0279698738344006,9.37865538649882,2096.28930669121,149.957805039077,5.44381893793522,33.6695700732566,1007251.92140239,163.531368256293
1,112,111,6,6,37.9489277205135,23.7102854820294,309.289496741495,SAT-1,Satellite,1011536.50106126,167.755422991919,1.21976420230891,36.5033232582771,33.4619873015945,188.391482363219,5.16094058149899,1,36.5033232582771,Served,,,Stable,0,-3.72467753736618,4550.34755528815,163.061137962942,1.21976420230891,33.4619873015945,1011536.50106126,167.755422991919
1,113,112,1,6,37.9851305549693,23.7295028576315,41.4196439003204,BS1,Terrestrial,230.917784771935,110.893134703398,48.4433257221775,50.992146,NaN,893.334270320412,8.75952808811392,2,50.992146,Served,,,Stable,0,48.4433257221775,230.917784771935,110.893134703398,13.1121830149088,33.3418232096531,1014059.15864002,155.863004179319
1,113,112,2,6,37.9863489664639,23.7318275901638,219.263954140613,BS2,Terrestrial,78.2238215423212,99.7249414337723,59.6115189918035,50.992146,NaN,893.334270320412,8.75952808811392,2,50.992146,Served,,,Stable,0,59.6115189918035,78.2238215423212,99.7249414337723,8.56870474000272,33.351402844425,1013859.30451084,160.406482454225
1,113,112,3,6,37.9830624255171,23.7275897601757,48.0207471069558,BS1,Terrestrial,85.5382509784572,104.053031493613,55.2834289319633,50.992146,NaN,893.334270320412,8.75952808811392,2,50.992146,Served,,,Stable,0,55.2834289319633,85.5382509784572,104.053031493613,12.314089977853,33.3322341165031,1014259.27555455,156.661097216375
1,113,112,4,6,37.9900496891885,23.746060628556,86.6122631875256,BS2,Terrestrial,1380.6443920734,133.18552639311,26.1509340324657,50.992146,NaN,893.334270320412,8.75952808811392,2,50.992146,Served,,,Stable,0,26.1509340324657,1380.6443920734,133.18552639311,7.40695811071521,33.4040864228601,1012761.74652446,161.568229083513
1,113,112,5,6,37.9993082192846,23.7485402340209,117.77006009201,SAT-1,Satellite,1012283.51368763,161.617117605993,7.3580695882352,40.314668173818,33.4270951520105,188.391482363219,2.33651287356456,2,39.7701598266181,Served,,,InTransition,13.5064573730888,2.34835230615749,2096.5678258129,156.988108119418,7.3580695882352,33.4270951520105,1012283.51368763,161.617117605993
1,113,112,6,6,37.9489324747522,23.7102781440032,309.289496741495,SAT-1,Satellite,1016592.72183225,160.00308220698,8.97210498724809,47.2886550759857,33.2207307250632,188.391482363219,1.99193106740403,2,47.2886550759857,Served,BelowSnrFloor,,Stable,0,-11.5029309498819,4550.12189821618,170.839391375458,8.97210498724809,33.2207307250632,1016592.72183225,160.00308220698
1,114,113,1,6,37.9851361849241,23.7295091331732,41.4196439003204,BS1,Terrestrial,231.73757844742,108.725554545906,50.6109058796695,50.992146,NaN,893.334270320412,8.75952808811392,2,50.992146,Served,,,Stable,0,50.6109058796695,231.73757844742,108.725554545906,7.05596016774479,33.1017235044052,1019120.22874158,161.919227026483
1,114,113,2,6,37.9863431536641,23.7318215865313,219.263954140613,BS2,Terrestrial,77.8755747709297,103.614177957257,55.7222824683186,50.992146,NaN,893.334270320412,8.75952808811392,2,50.992146,Served,,,Stable,0,55.7222824683186,77.8755747709297,103.614177957257,13.477633769271,33.1111681018371,1018920.900797,155.497553424957
1,114,113,3,6,37.9830674471733,23.727596811633,48.0207471069558,BS1,Terrestrial,85.0646404236135,104.443492235978,54.8929681895974,50.992146,NaN,893.334270320412,8.75952808811392,2,50.992146,Served,,,Stable,0,54.8929681895974,85.0646404236135,104.443492235978,6.76638439147888,33.0921988014176,1019321.31178711,162.208802802749
1,114,113,4,6,37.990050132842,23.746070098457,86.6122631875256,BS2,Terrestrial,1381.45563199787,135.493897404759,23.8425630208173,50.992146,NaN,893.334270320412,8.75952808811392,2,50.992146,Served,,,Stable,0,23.8425630208173,1381.45563199787,135.493897404759,9.76420258258511,33.163439743332,1017819.25083732,159.210984611643
1,114,113,5,6,37.9993047212423,23.7485486289449,117.77006009201,SAT-1,Satellite,1017337.31565175,159.981206996175,8.99398019805332,47.3854264287196,33.186359783796,188.391482363219,1.98786311068246,2,47.3854264287196,Served,,,Stable,0,-5.66595097913537,2096.84663919612,165.002411404711,8.99398019805332,33.186359783796,1017337.31565175,159.981206996175
1,114,113,6,6,37.9489372289908,23.7102708059765,309.289496741495,SAT-1,Satellite,1021670.8136764,162.604195342197,6.37099185203067,36.2367813289437,32.9812168379196,188.391482363219,2.59945110263895,2,36.2367813289437,Served,,,Stable,0,0.974601850757608,4549.89638251798,158.361858574818,6.37099185203067,32.9812168379196,1021670.8136764,162.604195342197
1,115,114,1,6,37.9851418148789,23.7295154087153,41.4196439003204,BS2,Terrestrial,200.719506195564,116.617933328455,42.7185270971206,25.496073,NaN,893.334270320412,8.75952808811392,4,25.4960047186401,Served,,,InTransition,0.00267811281890973,42.7185270971206,200.719506195564,116.617933328455,11.5451817555132,32.8633540976724,1024203.05342531,157.430005438715
1,115,114,2,6,37.9863373408644,23.7318155828993,219.263954140613,BS2,Terrestrial,77.5347207180038,105.704459496476,53.6320009290995,25.496073,NaN,893.334270320412,8.75952808811392,4,25.496073,Served,,,Stable,0,53.6320009290995,77.5347207180038,105.704459496476,5.29062883240934,32.8726650001024,1024004.27428141,163.684558361819
1,115,114,3,6,37.9830724688294,23.7276038630908,48.0207471069558,BS1,Terrestrial,84.5965874043623,114.785085443247,44.551374982329,101.984292,NaN,893.334270320412,8.75952808811392,1,101.984292,Served,,,Stable,0,44.551374982329,84.5965874043623,114.785085443247,9.87351153879254,32.8538936576249,1024405.08852882,159.101675655436
1,115,114,4,6,37.9900505764954,23.7460795683581,86.6122631875256,BS2,Terrestrial,1382.26689822755,133.401682411988,25.9347780135877,25.496073,NaN,893.334270320412,8.75952808811392,4,25.496073,Served,,,Stable,0,25.9347780135877,1382.26689822755,133.401682411988,9.71875143695686,32.9245282682992,1022898.57674582,159.256435757271
1,115,114,5,6,37.9993012232001,23.7485570238686,117.77006009201,BS2,Terrestrial,2097.12574672316,153.355328039891,5.98113238568484,10.6095508224793,NaN,893.334270320412,21.0502377826314,4,10.6092539562761,Served,,,InTransition,0.0279810340888984,5.98113238568484,2097.12574672316,153.355328039891,3.83076671213558,32.9473574950521,1022412.99242666,165.144420482093
1,115,114,6,6,37.9489419832295,23.7102634679493,309.289496741495,SAT-1,Satellite,1026770.44654576,158.622572187375,10.3526150068535,106.989103553056,32.7434384566843,188.391482363219,1.76084737703961,1,106.989103553056,Served,,,Stable,0,-6.1909009899633,4549.67100821462,165.527361415539,10.3526150068535,32.7434384566843,1026770.44654576,158.622572187375
1,116,115,1,6,37.9851474448336,23.7295216842579,41.4196439003204,BS1,Terrestrial,233.377453497721,110.566135609584,48.7703248159919,50.992146,NaN,893.334270320412,8.75952808811392,2,50.9919872179244,Served,,,InTransition,0.00311385356462464,48.7703248159919,233.377453497721,110.566135609584,6.12471810023359,32.6267078145342,1029307.30486327,162.850469093995
1,116,115,2,6,37.9863315280646,23.7318095792677,219.263954140613,BS2,Terrestrial,77.2013573028447,96.6334337396873,62.7030266858886,33.994764,NaN,893.334270320412,8.75952808811392,3,33.994764,Served,,,Stable,0,62.7030266858886,77.2013573028447,96.6334337396873,9.55231336231958,32.635886372428,1029109.09670062,159.422873831909
1,116,115,3,6,37.9830774904856,23.7276109145491,48.0207471069558,BS1,Terrestrial,84.1341846766874,108.656922698638,50.6795377269381,50.992146,NaN,893.334270320412,8.75952808811392,2,50.992146,Served,,,Stable,0,50.6795377269381,84.1341846766874,108.656922698638,4.07187776847556,32.6173114859334,1029510.27816225,164.903309425753
1,116,115,4,6,37.9900510201489,23.7460890382593,86.6122631875256,BS2,Terrestrial,1383.07819071675,136.548673808717,22.7877866168589,33.994764,NaN,893.334270320412,8.75952808811392,3,33.994764,Served,,,Stable,0,22.7877866168589,1383.07819071675,136.548673808717,8.22777566050829,32.687344859974,1027999.39524305,160.74741153372
1,116,115,5,6,37.9992977251579,23.7485654187919,117.77006009201,BS2,Terrestrial,2097.40514827643,152.48267257975,6.85378784582608,15.5903150075876,NaN,893.334270320412,19.1001971391777,3,15.5903150075876,Served,,,Stable,0,6.85378784582608,2097.40514827643,152.48267257975,6.66835098367483,32.7100812850106,1027510.21429865,162.306836210553
1,116,115,6,6,37.9489467374681,23.7102561299217,309.289496741495,SAT-1,Satellite,1031891.2955032,171.905793592323,-2.9306063980948,17.8152338932449,32.5073879057851,188.391482363219,10.5747408926611,1,17.8152338932449,Served,BelowSnrFloor,,Stable,0,-9.0540755253823,4549.44577532689,168.390535950958,-2.9306063980948,32.5073879057851,1031891.2955032,171.905793592323
1,117,116,1,6,37.9851530747884,23.729527959801,41.4196439003204,BS1,Terrestrial,234.197532858656,109.897343962578,49.4391164629977,50.992146,NaN,893.334270320412,8.75952808811392,2,50.992146,Served,,,Stable,0,49.4391164629977,234.197532858656,109.897343962578,13.7854513693742,32.3917769966141,1034432.66030228,155.189735824854
1,117,116,2,6,37.9863257152648,23.7318035756367,219.263954140613,BS2,Terrestrial,76.8755819734602,98.9550947554087,60.3813656701672,50.992146,NaN,893.334270320412,8.75952808811392,2,50.992146,Served,,,Stable,0,60.3813656701672,76.8755819734602,98.9550947554087,4.03874896383928,32.4008245670301,1034235.04487342,164.936438230389
1,117,116,3,6,37.9830825121417,23.7276179660078,48.0207471069558,BS1,Terrestrial,83.6775259115315,98.51043774348,60.8260226820958,50.992146,NaN,893.334270320412,8.75952808811392,2,50.992146,Served,,,Stable,0,60.8260226820958,83.6775259115315,98.51043774348,4.05026298266057,32.3824446050647,1034636.55814252,164.924924211568
1,117,116,4,6,37.9900514638024,23.7460985081605,86.6122631875256,BS2,Terrestrial,1383.88950941869,139.62794010418,19.7085203213954,50.992146,NaN,893.334270320412,8.75952808811392,2,50.992146,Served,,,Stable,0,19.7085203213954,1383.88950941869,139.62794010418,5.75105894477062,32.4518818915825,1033121.38241393,163.224128249457
1,117,116,5,6,37.9992942271157,23.7485738137148,117.77006009201,SAT-1,Satellite,1032628.65665098,155.067496335723,13.907690858505,70.163129126866,32.4745236582202,188.391482363219,1.34252480403616,2,69.1964275859393,Served,,,InTransition,13.7779137412586,-6.83968597934438,2097.6848437376,166.17614640492,13.907690858505,32.4745236582202,1032628.65665098,155.067496335723
1,117,116,6,6,37.9489514917067,23.7102487918936,309.289496741495,SAT-1,Satellite,1037033.04066376,166.362957535059,2.61222965916897,22.4724785456691,32.2730570486822,188.391482363219,4.19160445476374,2,22.4724785456691,Served,BelowSnrFloor,,Stable,0,-11.7868914530153,4154.54658357581,171.123351878591,2.61222965916897,32.2730570486822,1037033.04066376,166.362957535059
1,118,117,1,6,37.9851587047431,23.7295342353446,41.4196439003204,BS1,Terrestrial,235.017705455248,104.959461907104,54.3769985184714,50.992146,NaN,893.334270320412,8.75952808811392,2,50.992146,Served,,,Stable,0,54.3769985184714,235.017705455248,104.959461907104,1.42303152761338,32.1585535326601,1039578.80200542,167.552155666615
1,118,117,2,6,37.9863199024651,23.7317975720061,219.263954140613,BS2,Terrestrial,76.5574915975919,97.0487669633761,62.2876934621998,50.992146,NaN,893.334270320412,8.75952808811392,2,50.992146,Served,,,Stable,0,62.2876934621998,76.5574915975919,97.0487669633761,3.16378977087257,32.1674714778024,1039381.8006422,165.811397423356
1,118,117,3,6,37.9830875337979,23.727625017467,48.0207471069558,BS1,Terrestrial,83.2267056574292,113.778541693011,45.5579187325644,50.992146,NaN,893.334270320412,8.75952808811392,2,50.992146,Served,,,Stable,0,45.5579187325644,83.2267056574292,113.778541693011,9.79053067467885,32.1492848821744,1039783.61093869,159.184656519549
1,118,117,4,6,37.9900519074559,23.7461079780618,86.6122631875256,BS2,Terrestrial,1384.70085428668,138.065313281225,21.271147144351,50.992146,NaN,893.334270320412,8.75952808811392,2,50.992146,Served,,,Stable,0,21.271147144351,1384.70085428668,138.065313281225,13.0353631707427,32.2181312782461,1038264.21937671,155.939824023485
1,118,117,5,6,37.9992907290735,23.7485822086373,117.77006009201,SAT-1,Satellite,1037767.99990563,157.407536627497,11.5676505667307,59.098455833838,32.2406766556301,188.391482363219,1.59387821310342,2,59.098455833838,Served,,,Stable,0,8.62496988848741,2097.96483299031,150.711490537088,11.5676505667307,32.2406766556301,1037767.99990563,157.407536627497
1,118,117,6,6,37.9489562459453,23.710241453865,309.289496741495,SAT-1,Satellite,1042195.36713516,164.523196871281,4.45199032294738,28.8181072969527,32.0404373176033,188.391482363219,3.26863038613121,2,28.8181072969527,Served,BelowSnrFloor,,Stable,0,-16.0082887259077,4548.99573388357,175.344749151484,4.45199032294738,32.0404373176033,1042195.36713516,164.523196871281
1,119,118,1,6,37.9851643346979,23.7295405108887,41.4196439003204,BS1,Terrestrial,235.837970317078,113.35956071382,45.9768997117561,50.992146,NaN,893.334270320412,8.75952808811392,2,50.992146,Served,,,Stable,0,45.9768997117561,235.837970317078,113.35956071382,3.54455254103755,31.9270288877604,1044745.41719263,165.430634653191
1,119,118,2,6,37.9863140896653,23.7317915683759,219.263954140613,BS2,Terrestrial,76.2471823576397,99.2822517609808,60.054208664595,50.992146,NaN,893.334270320412,8.75952808811392,2,50.992146,Served,,,Stable,0,60.054208664595,76.2471823576397,99.2822517609808,8.511158572684,31.9358185736168,1044549.05081363,160.464028621544
1,119,118,3,6,37.983092555454,23.7276320689267,48.0207471069558,BS1,Terrestrial,82.7818193037535,95.7886812760523,63.5477791495236,50.992146,NaN,893.334270320412,8.75952808811392,2,50.992146,Served,,,Stable,0,63.5477791495236,82.7818193037535,95.7886812760523,14.093559181598,31.9178237620125,1044951.12397442,154.88162801263
1,119,118,4,6,37.9900523511093,23.7461174479631,86.6122631875256,BS2,Terrestrial,1385.51222527645,133.589339414189,25.7471210113873,50.992146,NaN,893.334270320412,8.75952808811392,2,50.992146,Served,,,Stable,0,25.7471210113873,1385.51222527645,133.589339414189,-7.28624965283623,31.9860845064867,1043427.59222365,176.261436847064
1,119,118,5,6,37.9992872310312,23.7485906035594,117.77006009201,SAT-1,Satellite,1042927.92946423,165.690924526869,3.28426266735883,24.6940221967195,32.0085318842924,188.391482363219,3.81451593552559,2,24.6940221967195,Served,,,Stable,0,0.920413386317819,2098.24511591666,158.416047039258,3.28426266735883,32.0085318842924,1042927.92946423,165.690924526869
1,119,118,6,6,37.948961000184,23.7102341158359,309.289496741495,SAT-1,Satellite,1047377.96495759,163.849226600348,5.12596059387988,31.3391048549569,31.809519741941,188.391482363219,3.00569341777834,2,31.3391048549569,Served,,,Stable,0,-3.10962098765992,4548.77092536902,162.446081413236,5.12596059387988,31.809519741941,1047377.96495759,163.849226600348
1,120,119,1,6,37.9851699646526,23.7295467864332,41.4196439003204,BS2,Terrestrial,196.582299622909,108.929658897993,50.4068015275828,50.992146,NaN,893.334270320412,8.75952808811392,2,50.9920122520947,Served,,,InTransition,0.00262291187622751,50.4068015275828,196.582299622909,108.929658897993,1.5547445470263,31.6971941312472,1049932.19798077,167.420442647202
1,120,119,2,6,37.9863082768655,23.7317855647463,219.263954140613,BS2,Terrestrial,75.9447496338072,102.990369856179,56.3460905693968,50.992146,NaN,893.334270320412,8.75952808811392,2,50.992146,Served,,,Stable,0,56.3460905693968,75.9447496338072,102.990369856179,1.53775091777891,31.7058569263067,1049736.48709851,167.437436276449
1,120,119,3,6,37.9830975771101,23.7276391203869,48.0207471069558,BS1,Terrestrial,82.3429630272734,107.355386248426,51.9810741771499,101.984292,NaN,893.334270320412,8.75952808811392,1,101.984292,Served,,,Stable,0,51.9810741771499,82.3429630272734,107.355386248426,7.65595319123742,31.6880522947729,1050138.78956793,161.319234002991
1,120,119,4,6,37.9900527947628,23.7461269178645,86.6122631875256,SAT-1,Satellite,1048611.191961,156.671527378934,12.3036598152937,41.6966478928712,31.7557326624052,188.391482363219,1.50604818279591,3,41.113263348251,Served,,,InTransition,13.9911617384451,10.7656952666879,1777.59460623174,148.570765158888,12.3036598152937,31.7557326624052,1048611.191961,156.671527378934
1,120,119,5,6,37.999283732989,23.7485989984811,117.77006009201,SAT-1,Satellite,1048108.13564822,163.31512502469,5.66006216953821,22.269223003589,31.7780805457343,188.391482363219,2.8199080308109,3,22.269223003589,Served,,,Stable,0,-1.4702185290796,2098.52569239868,160.806678954655,5.66006216953821,31.7780805457343,1048108.13564822,163.31512502469
1,120,119,6,6,37.9489657544226,23.7102267778064,309.289496741495,SAT-1,Satellite,1052580.52904299,163.147213243452,5.82797395077637,22.7096599469647,31.5802949753628,188.391482363219,2.76521801446581,3,22.7096599469647,Served,BelowSnrFloor,,Stable,0,-10.1434373214661,4548.54625835595,169.479897747042,5.82797395077637,31.5802949753628,1052580.52904299,163.147213243452
1,121,120,1,6,37.9851755946074,23.7295530619782,41.4196439003204,BS1,Terrestrial,237.478773009912,106.034539865821,53.3019205597553,50.992146,NaN,893.334270320412,8.75952808811392,2,50.9919844275262,Served,,,InTransition,0.00316857568191274,53.3019205597553,237.478773009912,106.034539865821,-0.75038691410353,31.4690399633358,1055138.841323,169.725574108332
1,121,120,2,6,37.9863024640657,23.7317795611171,219.263954140613,BS2,Terrestrial,75.6502878914175,100.223438944986,59.1130214805901,33.994764,NaN,893.334270320412,8.75952808811392,3,33.994764,Served,,,Stable,0,59.1130214805901,75.6502878914175,100.223438944986,3.49825588204845,31.4775772373835,1054943.80605119,165.47693131218
1,121,120,3,6,37.9831025987663,23.7276461718475,48.0207471069558,BS1,Terrestrial,81.9102337540152,99.8970806075511,59.4393798180247,50.992146,NaN,893.334270320412,8.75952808811392,2,50.992146,Served,,,Stable,0,59.4393798180247,81.9102337540152,99.8970806075511,7.0957270426677,31.4599611626807,1055346.30487137,161.87946015156
1,121,120,4,6,37.9900532384163,23.7461363877659,86.6122631875256,BS2,Terrestrial,1387.1350454332,137.230894400711,22.1055660248646,33.994764,NaN,893.334270320412,8.75952808811392,3,33.9941348270205,Served,,,InTransition,0.018507937853903,22.1055660248646,1387.1350454332,137.230894400711,7.04848874614206,31.5270664585853,1053814.71444839,161.926698448086
1,121,120,5,6,37.9992802349468,23.7486073934024,117.77006009201,BS2,Terrestrial,2098.80656231815,156.03173536544,3.30472506013581,10.1034928964448,NaN,893.334270320412,29.4727866054704,3,10.1032099636808,Served,,,InTransition,0.0280034604782239,3.30472506013581,2098.80656231815,156.03173536544,-6.34285393990291,31.5493134630457,1053308.31363844,175.318041134131
1,121,120,6,6,37.9489705086612,23.7102194397764,309.289496741495,SAT-1,Satellite,1057802.75911368,165.043373035241,3.93181415898729,53.8824422196041,31.3527533216841,188.391482363219,3.49634267866715,1,53.8824422196041,Served,BelowSnrFloor,,Stable,0,-7.87283675874295,4548.32173286137,167.209297184319,3.93181415898729,31.3527533216841,1057802.75911368,165.043373035241
2,1,0,1,9,37.9594533433152,23.7646006935289,202.66198493723,BS2,Terrestrial,4210.59781759283,136.006043807017,23.3304166185589,50.992146,NaN,893.334270320412,8.75952808811392,2,50.992146,Served,,,Stable,0,23.3304166185589,4210.59781759283,136.006043807017,12.0049087834778,36.40693270836,952138.219112776,156.97027841075
2,1,0,2,9,37.9567650433032,23.7545298327557,57.2958949727332,SAT-1,Satellite,951386.721272403,171.126847017972,-2.15165982374378,3.43218432267247,36.4487035654964,188.391482363219,9.14827918374187,6,3.43218432267247,BelowTarget,,,Stable,0,-5.07206669609556,3827.01640816713,164.408527121671,-2.15165982374378,36.4487035654964,951386.721272403,171.126847017972
2,1,0,3,9,37.9759965925553,23.6887907824751,62.2421735696277,SAT-1,Satellite,947555.321927237,156.763502687674,12.2116845065539,20.7041303164001,36.6629019088083,188.391482363219,1.51653703459345,6,20.7041303164001,Served,,,Stable,0,-1.19187294455287,3509.49708629451,160.528333370129,12.2116845065539,36.6629019088083,947555.321927237,156.763502687674
2,1,0,4,9,37.9597235181203,23.7476034022291,37.4482659564832,BS1,Terrestrial,3203.50242214164,132.963863010963,26.3725974146128,101.984292,NaN,893.334270320412,8.75952808811392,1,101.984292,Served,,,Stable,0,26.3725974146128,3203.50242214164,132.963863010963,12.5519104134983,36.4697569655277,951008.403767091,156.42327678073
2,1,0,5,9,38.0036692054958,23.720598892983,73.0575334800602,BS2,Terrestrial,2113.53110047644,142.277732521535,17.0587279040408,50.992146,NaN,893.334270320412,8.75952808811392,2,50.992146,Served,,,Stable,0,17.0587279040408,2113.53110047644,142.277732521535,10.3027011338978,36.4988229034222,950485.744026163,158.67248606033
2,1,0,6,9,37.9614131743538,23.6892056354004,163.86814682024,SAT-1,Satellite,947158.644557973,159.017404035854,9.95778315837399,17.2334402833818,36.6852244303032,188.391482363219,1.82195660747712,6,17.2334402833818,Served,,,Stable,0,-4.24265942470046,4608.60585961282,163.579119850276,9.95778315837399,36.6852244303032,947158.644557973,159.017404035854
2,1,0,7,9,38.0063765393379,23.7617485686276,286.046969842158,SAT-1,Satellite,953311.242402243,165.260075238823,3.71511195540492,8.72597177956249,36.3418372131565,188.391482363219,3.59829038954834,6,8.72597177956249,BelowTarget,,,Stable,0,-5.52787034641344,3487.48990163264,164.864330771989,3.71511195540492,36.3418372131565,953311.242402243,165.260075238823
2,1,0,8,9,37.9816125451426,23.7797216246634,356.696165153081,SAT-1,Satellite,953790.643102029,159.322263750773,9.65292344345517,16.7750295962829,36.3153501864608,188.391482363219,1.87174515631419,6,16.7750295962829,Served,BelowSnrFloor,,Stable,0,-9.33796126322153,4314.57151920952,168.674421688797,9.65292344345517,36.3153501864608,953790.643102029,159.322263750773
2,1,0,9,9,38.0108112137159,23.7728156224191,289.806192208963,SAT-1,Satellite,954181.215918864,154.335972462552,14.6392147316757,24.5589153038695,36.2937281271682,188.391482363219,1.27850029227156,6,24.5589153038695,Served,BelowSnrFloor,,Stable,0,-8.07123291251909,4557.62594691794,167.407693338095,14.6392147316757,36.2937281271682,954181.215918864,154.335972462552
2,2,1,1,9,37.9594464151654,23.7645970399643,202.66198493723,SAT-1,Satellite,947192.551323132,159.528440238288,9.44674695593986,14.1143766840047,36.6846051330505,188.391482363219,1.90678409054583,7,13.9359995153348,Served,,,InTransition,12.6379770544212,-0.0724521876770439,4234.66936139802,159.408912613253,9.44674695593986,36.6846051330505,947192.551323132,159.528440238288
2,2,1,2,9,37.9567690997721,23.7545378117584,57.2958949727332,SAT-1,Satellite,946444.837933727,162.98156400857,5.99362318565838,9.92041445867896,36.7267092403515,188.391482363219,2.71289763357478,7,9.92041445867896,Served,,,Stable,0,-3.64721184894094,3894.60925759005,162.983672274517,5.99362318565838,36.7267092403515,946444.837933727,162.98156400857
2,2,1,3,9,37.9760000891918,23.6887991756861,62.2421735696277,SAT-1,Satellite,942616.558647963,162.968095983552,6.00709121067584,9.93573950207741,36.9435458878048,188.391482363219,2.70871321690792,7,9.93573950207741,Served,,,Stable,0,0.116772198912997,3508.68665690854,159.219688226663,6.00709121067584,36.9435458878048,942616.558647963,162.968095983552
2,2,1,4,9,37.9597294785806,23.7476091680612,37.4482659564832,BS1,Terrestrial,3203.22992916854,133.529412029367,25.8070483962086,101.984292,NaN,893.334270320412,8.75952808811392,1,101.984292,Served,,,Stable,0,25.8070483962086,3203.22992916854,133.529412029367,9.75226668005894,36.7480464554169,946066.377365947,159.222920514169
2,2,1,5,9,38.0036713933353,23.7206079694039,73.0575334800602,BS2,Terrestrial,2113.40559009362,151.721732443112,7.61472798246422,50.6735396627493,NaN,893.334270320412,17.629206016905,1,50.6735396627493,Served,,,Stable,0,7.61472798246422,2113.40559009362,151.721732443112,3.39568775468706,36.7782207380361,945530.867161984,165.579499439541
2,2,1,6,9,37.96140596218,23.6892082701822,163.86814682024,SAT-1,Satellite,942224.915107284,169.989962722173,-1.01477552794469,3.60545582956107,36.9658756537819,188.391482363219,7.46453990321319,7,3.60545582956107,BelowTarget,,,Stable,0,-6.11996622418471,4608.90528258861,165.456426649761,-1.01477552794469,36.9658756537819,942224.915107284,169.989962722173
2,2,1,7,9,38.0063786146654,23.761739449767,286.046969842158,SAT-1,Satellite,948347.440945918,157.658491364178,11.3166958300499,16.5519123411347,36.6196779183988,188.391482363219,1.6259794248757,7,16.5519123411347,Served,,,Stable,0,-1.40046231809731,3487.01536009142,160.736922743673,11.3166958300499,36.6196779183988,948347.440945918,157.658491364178
2,2,1,8,9,37.9816200404325,23.7797210780122,356.696165153081,SAT-1,Satellite,948834.406978968,162.810103321596,6.16508387263229,10.1162237733172,36.5924198460145,188.391482363219,2.66038687084186,7,10.1162237733172,Served,,,Stable,0,-6.2102750285782,4594.21895489304,165.546735454154,6.16508387263229,36.5924198460145,948834.406978968,162.810103321596
2,2,1,9,9,38.0108137576318,23.7728066946066,289.806192208963,SAT-1,Satellite,949213.92982822,167.400360946988,1.57482624723974,5.50781528454791,36.5711347828959,188.391482363219,4.88634195568167,7,5.50781528454791,BelowTarget,BelowSnrFloor,,Stable,0,-9.60189940612185,4982.76101803495,168.938359831698,1.57482624723974,36.5711347828959,949213.92982822,167.400360946988
2,3,2,1,9,37.9594394870157,23.7645933864001,202.66198493723,SAT-1,Satellite,942271.492213083,156.429324269994,12.5458629242338,15.921630113904,36.9645190606453,188.391482363219,1.47905303206595,8,15.921630113904,Served,,,Stable,0,-1.51010258536536,4234.91332788317,160.846563010941,12.5458629242338,36.9645190606453,942271.492213083,156.429324269994
2,3,2,2,9,37.9567731562409,23.7545457907616,57.2958949727332,SAT-1,Satellite,941527.599456662,169.960978435119,-0.985791240890876,3.17075715209551,37.0069592284835,188.391482363219,7.42691230069108,8,3.17075715209551,BelowTarget,,,Stable,0,-2.46701364883131,3827.18080806053,161.803474074407,-0.985791240890876,37.0069592284835,941527.599456662,169.960978435119
2,3,2,3,9,37.9760035858282,23.6888075688976,62.2421735696277,SAT-1,Satellite,937702.581494795,152.42385076666,16.551336427568,20.7367701458771,37.2264756830654,188.391482363219,1.1356124955691,8,20.7367701458771,Served,,,Stable,0,-3.32888605901971,3507.87623827312,162.665346484596,16.551336427568,37.2264756830654,937702.581494795,152.42385076666
2,3,2,4,9,37.959735439041,23.7476149338937,37.4482659564832,BS1,Terrestrial,3202.95762977818,133.336095241049,26.0003651845265,101.984292,NaN,893.334270320412,8.75952808811392,1,101.984292,Served,,,Stable,0,26.0003651845265,3202.95762977818,133.336095241049,4.48269619439102,37.0285852282916,941149.005251573,164.492490999837
2,3,2,5,9,38.0036735811748,23.7206170458251,73.0575334800602,SAT-1,Satellite,940600.528490123,160.114747005874,8.86044018835381,11.6988829444992,37.0599010362854,188.391482363219,2.0129216957825,8,11.5520616995119,Served,,,InTransition,12.5500225691485,8.09994378565665,2113.28040094716,151.236516639919,8.86044018835381,37.0599010362854,940600.528490123,160.114747005874
2,3,2,6,9,37.9613987500063,23.6892109049637,163.86814682024,SAT-1,Satellite,937316.052410911,158.409957509247,10.565229684981,13.616632406107,37.2488061204155,188.391482363219,1.72942432409651,8,13.616632406107,Served,,,Stable,0,-5.50184384016495,4609.20483675622,164.838304265741,10.565229684981,37.2488061204155,937316.052410911,158.409957509247
2,3,2,7,9,38.006380689993,23.761730330906,286.046969842158,SAT-1,Satellite,943408.025198144,167.133274912744,1.84191228148401,5.01799781250687,36.8997832822294,188.391482363219,4.69289469132666,8,5.01799781250687,BelowTarget,,,Stable,0,-6.088360890502,3486.54095320687,165.424821316078,1.84191228148401,36.8997832822294,943408.025198144,167.133274912744
2,3,2,8,9,37.9816275357224,23.779720531361,356.696165153081,SAT-1,Satellite,943902.606019046,166.250071521197,2.72511567303064,5.70937961657528,36.8717335311201,188.391482363219,4.12460492678326,8,5.70937961657528,BelowTarget,BelowSnrFloor,,Stable,0,-21.1125456988267,4314.26690541022,180.449006124403,2.72511567303064,36.8717335311201,943902.606019046,166.250071521197
2,3,2,9,9,38.0108163015477,23.7727977667937,289.806192208963,SAT-1,Satellite,944270.968697662,161.353717726932,7.62146946729644,10.3571467657842,36.850802565154,188.391482363219,2.27368944632497,8,10.3571467657842,Served,,,Stable,0,-6.60925582067833,4982.30463349217,165.945716246254,7.62146946729644,36.850802565154,944270.968697662,161.353717726932
2,4,3,1,9,37.9594325588659,23.7645897328363,202.66198493723,SAT-1,Satellite,937375.434323304,163.375310727114,5.59987646711375,9.47667091954196,37.246685005631,188.391482363219,2.83992861391161,7,9.47667091954196,Served,,,Stable,0,1.07570796735354,4235.15744425313,158.260752458222,5.59987646711375,37.246685005631,937375.434323304,163.375310727114
2,4,3,2,9,37.9567772127097,23.7545537697652,57.2958949727332,SAT-1,Satellite,936635.398950683,162.49656053346,6.47862666076861,10.4781744571407,37.2894640037086,188.391482363219,2.56848833917728,7,10.4781744571407,Served,,,Stable,0,-2.07941204896096,3894.5911383852,161.415872474537,6.47862666076861,37.2894640037086,936635.398950683,162.49656053346
2,4,3,3,9,37.9760070824647,23.6888159621094,62.2421735696277,SAT-1,Satellite,932813.78713968,159.394949364263,9.58023782996557,14.2853057653732,37.5117023341307,188.391482363219,1.88396869839966,7,14.2853057653732,Served,,,Stable,0,4.04097597402296,3507.06583039566,155.295484451553,9.58023782996557,37.5117023341307,932813.78713968,159.394949364263
2,4,3,4,9,37.9597413995013,23.7476206997268,37.4482659564832,BS1,Terrestrial,3202.68552401998,133.845701604056,25.4907588215199,101.984292,NaN,893.334270320412,8.75952808811392,1,101.984292,Served,,,Stable,0,25.4907588215199,3202.68552401998,133.845701604056,12.3530386308103,37.3113838437825,936256.680850705,156.622148563418
2,4,3,5,9,38.0036757690143,23.7206261222466,73.0575334800602,BS2,Terrestrial,2113.1555330934,153.753906580233,5.58255384534263,40.5152578191194,NaN,893.334270320412,22.0493295219472,1,40.5141154949688,Served,,,InTransition,0.0281949125363707,5.58255384534263,2113.1555330934,153.753906580233,3.87493517665325,37.3438753787097,935695.120876684,165.100252017575
2,4,3,6,9,37.9613915378325,23.689213539745,163.86814682024,SAT-1,Satellite,932432.454160225,160.638953647921,8.3362335463074,12.7144376690967,37.5340265317898,188.391482363219,2.11673293066238,7,12.7144376690967,Served,,,Stable,0,-1.01676296758714,4183.74914098461,160.353223393163,8.3362335463074,37.5340265317898,932432.454160225,160.638953647921
2,4,3,7,9,38.0063827653205,23.7617212120449,286.046969842158,SAT-1,Satellite,938493.385187275,160.019320555295,8.95586663893349,13.4905301280084,37.1821648738161,188.391482363219,1.9949600685562,7,13.4905301280084,Served,,,Stable,0,-1.59202132403476,3486.06668103495,160.928481749611,8.95586663893349,37.1821648738161,938493.385187275,160.019320555295
2,4,3,8,9,37.9816350310123,23.7797199847098,356.696165153081,SAT-1,Satellite,938995.630218685,152.381740010011,16.593447184217,23.7578267206123,37.1533022273543,188.391482363219,1.13280853613102,7,23.7578267206123,Served,BelowSnrFloor,,Stable,0,-12.0057369913595,4314.11483190763,171.342197416935,16.593447184217,37.1533022273543,938995.630218685,152.381740010011
2,4,3,9,9,38.0108188454637,23.7727888389805,289.806192208963,SAT-1,Satellite,939352.721524538,157.51083700485,11.4643501893781,16.7478960396723,37.1327431126577,188.391482363219,1.60695223121039,7,16.7478960396723,Served,,,Stable,0,-2.41507856027067,4556.23201437392,161.751538985847,11.4643501893781,37.1327431126577,939352.721524538,157.51083700485
2,5,4,1,9,37.9594256307161,23.7645860792728,202.66198493723,BS2,Terrestrial,4211.89209012746,132.42151601752,26.9149444080561,50.992146,NaN,893.334270320412,8.75952808811392,2,50.9892803719875,Served,,,InTransition,0.0561974389646248,26.9149444080561,4211.89209012746,132.42151601752,9.72088558364129,37.5311127345643,932504.776393097,159.254301610587
2,5,4,2,9,37.9567812691786,23.7545617487692,57.2958949727332,SAT-1,Satellite,931768.635728426,158.857081812397,10.1181053818314,17.4757121762782,37.5742332873201,188.391482363219,1.79669818758463,6,17.4757121762782,Served,,,Stable,0,-5.64956495047301,3894.58234610875,164.986025376049,10.1181053818314,37.5742332873201,931768.635728426,158.857081812397
2,5,4,3,9,37.9760105791011,23.6888243553216,62.2421735696277,SAT-1,Satellite,927950.578529332,164.33076582722,4.64442136700796,9.84263250725688,37.7992361249285,188.391482363219,3.19005920120658,6,9.84263250725688,Served,BelowSnrFloor,,Stable,0,-13.0886440344119,3506.2554332828,172.425104459988,4.64442136700796,37.7992361249285,927950.578529332,164.33076582722
2,5,4,4,9,37.9597473599616,23.7476264655603,37.4482659564832,BS1,Terrestrial,3202.41361194323,133.111487364508,26.2249730610682,101.984292,NaN,893.334270320412,8.75952808811392,1,101.984292,Served,,,Stable,0,26.2249730610682,3202.41361194323,133.111487364508,8.88836811941519,37.5964521096822,931389.803801085,160.086819074813
2,5,4,5,9,38.0036779568538,23.7206351986684,73.0575334800602,BS2,Terrestrial,2113.03098658967,140.136035081798,19.2004253437779,50.992146,NaN,893.334270320412,8.75952808811392,2,50.992146,Served,,,Stable,0,19.2004253437779,2113.03098658967,140.136035081798,10.0711873254087,37.6301546249133,930815.04343158,158.903999868819
2,5,4,6,9,37.9613843256587,23.689216174526,163.86814682024,SAT-1,Satellite,927574.524323254,157.99508286827,10.9801043259579,18.791362777248,37.8215468196136,188.391482363219,1.67090491339383,6,18.791362777248,Served,,,Stable,0,-3.8394952350001,4184.03911007429,163.175955660576,10.9801043259579,37.8215468196136,927574.524323254,157.99508286827
2,5,4,7,9,38.006384840648,23.7617120931834,286.046969842158,SAT-1,Satellite,933603.917147097,162.248584657131,6.72660253709745,12.5625128571467,37.4668335559978,188.391482363219,2.49938692608043,6,12.5625128571467,Served,,,Stable,0,-5.19100314587919,3485.5925436284,164.527463571455,6.72660253709745,37.4668335559978,933603.917147097,162.248584657131
2,5,4,8,9,37.9816425263022,23.7797194380584,356.696165153081,SAT-1,Satellite,934113.875755082,160.234922759748,8.74026443447997,15.4221504621511,37.4371361978662,188.391482363219,2.03594047865943,6,15.4221504621511,Served,,,Stable,0,-6.91563775242031,4313.96291402499,166.252098177996,8.74026443447997,37.4371361978662,934113.875755082,160.234922759748
2,5,4,9,9,38.0108213893796,23.7727799111671,289.806192208963,SAT-1,Satellite,934459.583499981,156.101591888116,12.8735953061125,21.745501675907,37.4169673649268,188.391482363219,1.44391152072881,6,21.745501675907,Served,BelowSnrFloor,,Stable,0,-7.91035654900918,4555.76758041019,167.246816974585,12.8735953061125,37.4169673649268,934459.583499981,156.101591888116
2,6,5,1,9,37.9594187025663,23.7645824257096,202.66198493723,BS2,Terrestrial,4212.21600820784,132.655559856347,26.6809005692286,101.984292,NaN,893.334270320412,8.75952808811392,1,101.984292,Served,,,Stable,0,26.6809005692286,4212.21600820784,132.655559856347,12.0704215695769,37.8178112131579,927659.923415639,156.904765624651
2,6,5,2,9,37.9567853256474,23.7545697277737,57.2958949727332,SAT-1,Satellite,926927.715360655,162.139967399232,6.83521979499645,10.8956824737765,37.8612759949178,188.391482363219,2.47006729260007,7,10.8956824737765,Served,,,Stable,0,0.863358951797153,3827.42875491895,158.473101473779,6.83521979499645,37.8612759949178,926927.715360655,162.139967399232
2,6,5,3,9,37.9760140757376,23.6888327485342,62.2421735696277,SAT-1,Satellite,923113.364940583,164.370962811392,4.60422438283564,8.39398731491811,38.0890865296523,188.391482363219,3.20623178226638,7,8.39398731491811,BelowTarget,,,Stable,0,-5.89836479090351,3505.44504694281,165.234825216479,4.60422438283564,38.0890865296523,923113.364940583,164.370962811392
2,6,5,4,9,37.9597533204219,23.7476322313942,37.4482659564832,BS1,Terrestrial,3202.14189359518,132.32996182218,27.0064986033959,101.984292,NaN,893.334270320412,8.75952808811392,1,101.984292,Served,,,Stable,0,27.0064986033959,3202.14189359518,132.32996182218,0.373239338180554,37.8837990287094,926548.780006544,168.601947856048
2,6,5,5,9,38.0036801446933,23.7206442750904,73.0575334800602,SAT-1,Satellite,925960.70156558,153.617415113413,15.3577720808149,22.0420955373263,37.9187488611182,188.391482363219,1.22098504034956,7,21.7697722856491,Served,,,InTransition,12.3546897442708,5.69078225499078,2112.90676149254,153.645678170585,15.3577720808149,37.9187488611182,925960.70156558,153.617415113413
2,6,5,6,9,37.9613771134849,23.6892188093068,163.86814682024,SAT-1,Satellite,922742.673199286,160.494091772939,8.48109542128933,12.8946740631545,38.1113760910552,188.391482363219,2.08714611763108,7,12.8946740631545,Served,,,Stable,0,-2.44169761685407,4184.32922501049,161.77815804243,8.48109542128933,38.1113760910552,922742.673199286,160.494091772939
2,6,5,7,9,38.0063869159755,23.7617029743217,286.046969842158,SAT-1,Satellite,928740.023574464,159.990468212908,8.98471898132004,13.526985734176,37.7537994338475,188.391482363219,1.98958359518597,7,13.526985734176,Served,BelowSnrFloor,,Stable,0,-13.4056701859596,3485.11854104708,172.742130611535,8.98471898132004,37.7537994338475,928740.023574464,159.990468212908
2,6,5,8,9,37.981650021592,23.7797188914071,356.696165153081,SAT-1,Satellite,929257.745042713,157.965120762714,11.0100664315142,16.1463966459914,37.723244931598,188.391482363219,1.6668157917273,7,16.1463966459914,Served,BelowSnrFloor,,Stable,0,-16.7567296005416,4593.85211943167,176.093190026117,11.0100664315142,37.723244931598,929257.745042713,157.965120762714
2,6,5,9,9,38.0108239332955,23.7727709833533,289.806192208963,SAT-1,Satellite,929591.956066836,162.363935586879,6.61125160734946,10.6327423330513,37.7034855112468,188.391482363219,2.53115029651132,7,10.6327423330513,Served,,,Stable,0,-2.8505627991037,4980.936065888,162.18702322468,6.61125160734946,37.7034855112468,929591.956066836,162.363935586879
2,7,6,1,9,37.9594117744166,23.7645787721468,202.66198493723,BS2,Terrestrial,4212.54006620264,131.744990057678,27.5914703678981,101.984292,NaN,893.334270320412,8.75952808811392,1,101.984292,Served,,,Stable,0,27.5914703678981,4212.54006620264,131.744990057678,8.25664354392086,38.1067885507195,922841.286690632,160.718543650307
2,7,6,2,9,37.9567893821162,23.7545777067786,57.2958949727332,SAT-1,Satellite,922113.049728612,163.320765087473,5.65442210675531,9.5376391759394,38.1506001805782,188.391482363219,2.82177469838918,7,9.5376391759394,Served,,,Stable,0,-5.38160311486007,3827.51176303009,164.718063540436,5.65442210675531,38.1506001805782,922113.049728612,163.320765087473
2,7,6,3,9,37.976017572374,23.6888411417472,62.2421735696277,SAT-1,Satellite,918302.562033025,156.007517110601,12.9676700836272,18.7664296984518,38.3812621559062,188.391482363219,1.43410703801861,7,18.7664296984518,Served,,,Stable,0,-4.1131932010455,3504.63467138179,163.449653626621,12.9676700836272,38.3812621559062,918302.562033025,156.007517110601
2,7,6,4,9,37.9597592808823,23.7476379972286,37.4482659564832,BS1,Terrestrial,3201.87036902772,135.593014095862,23.7434463297139,101.984292,NaN,893.334270320412,8.75952808811392,1,101.984292,Served,,,Stable,0,23.7434463297139,3201.87036902772,135.593014095862,-3.0846612755432,38.1734327426066,921734.021689436,172.059848469771
2,7,6,5,9,38.0036823325327,23.7206533515127,73.0575334800602,SAT-1,Satellite,921132.507044818,160.918616541697,8.05657065253089,12.3686702842933,38.2096673450548,188.391482363219,2.17590640630202,7,12.3686702842933,Served,,,Stable,0,4.27558501856123,2112.78285785772,155.060875407015,8.05657065253089,38.2096673450548,921132.507044818,160.918616541697
2,7,6,6,9,37.9613699013111,23.6892214440873,163.86814682024,SAT-1,Satellite,917937.31747072,159.02475207952,9.95043511470769,14.7620191561685,38.4035225713301,188.391482363219,1.82312924975343,7,14.7620191561685,Served,,,Stable,0,-3.12999176956168,4184.61948576173,162.466452195138,9.95043511470769,38.4035225713301,917937.31747072,159.02475207952
2,7,6,7,9,38.0063889913031,23.7616938554598,286.046969842158,SAT-1,Satellite,923902.113284446,157.891580016619,11.0836071776094,16.2434674161137,38.0430718006289,188.391482363219,1.65685492017137,7,16.2434674161137,Served,,,Stable,0,-7.38370819377269,3484.64467334116,166.720168619349,11.0836071776094,38.0430718006289,923902.113284446,157.891580016619
2,7,6,8,9,37.9816575168819,23.7797183447556,356.696165153081,SAT-1,Satellite,924427.646787322,163.345832069562,5.62935512466643,9.50960018540096,38.0116370889019,188.391482363219,2.83009468161952,7,9.50960018540096,Served,BelowSnrFloor,,Stable,0,-12.5602245495552,4593.76078392953,171.896684975131,5.62935512466643,38.0116370889019,924427.646787322,163.345832069562
2,7,6,9,9,38.0108264772114,23.7727620555392,289.806192208963,SAT-1,Satellite,924750.246975173,161.21370624543,7.76148094879858,12.0070846479155,37.9923069370418,188.391482363219,2.24143242912038,7,12.0070846479155,Served,BelowSnrFloor,,Stable,0,-13.0459176079873,4980.48007211711,172.382378033563,7.76148094879858,37.9923069370418,924750.246975173,161.21370624543
2,8,7,1,9,37.9594048462668,23.7645751185844,202.66198493723,BS2,Terrestrial,4212.86426407907,130.399835318274,28.936625107302,50.992146,NaN,893.334270320412,8.75952808811392,2,50.992146,Served,,,Stable,0,28.936625107302,4212.86426407907,130.399835318274,12.1528287437568,38.3980519418311,918049.28387416,156.822358450471
2,8,7,2,9,37.956793438585,23.754585685784,57.2958949727332,SAT-1,Satellite,917325.057073542,155.052277137487,13.9229100567406,23.4120021056319,38.4422129782523,188.391482363219,1.34113179437638,6,23.4120021056319,Served,,,Stable,0,0.286823017962462,3894.55703860398,159.049637407613,13.9229100567406,38.4422129782523,917325.057073542,155.052277137487
2,8,7,3,9,37.9760210690104,23.6888495349607,62.2421735696277,SAT-1,Satellite,913518.591898748,155.375789910013,13.5993972842155,22.896352616457,38.6757706850009,188.391482363219,1.37133546638785,6,22.896352616457,Served,,,Stable,0,-2.08170093189,3881.55980542705,161.418161357466,13.5993972842155,38.6757706850009,913518.591898748,155.375789910013
2,8,7,4,9,37.9597652413425,23.7476437630635,37.4482659564832,BS1,Terrestrial,3201.59903828933,132.430703229297,26.9057571962787,101.984292,NaN,893.334270320412,8.75952808811392,1,101.984292,Served,,,Stable,0,26.9057571962787,3201.59903828933,132.430703229297,12.2983041818763,38.465360473458,916945.947440259,156.676883012352
2,8,7,5,9,38.0036845203722,23.7206624279353,73.0575334800602,BS2,Terrestrial,2112.65927574279,142.469262300016,16.8671981255597,50.992146,NaN,893.334270320412,8.75952808811392,2,50.9907086185401,Served,,,InTransition,0.0281882911910051,16.8671981255597,2112.65927574279,142.469262300016,8.61157377280816,38.5029184480766,916330.878042537,160.36361342142
2,8,7,6,9,37.9613626891373,23.6892240788676,163.86814682024,SAT-1,Satellite,913158.880251971,168.65842691772,0.316760276507807,5.26785940566306,38.697993543423,188.391482363219,5.96040592125819,6,5.26785940566306,BelowTarget,BelowSnrFloor,,Stable,0,-12.681890883864,4184.90989230025,172.01835130944,0.316760276507807,38.697993543423,913158.880251971,168.65842691772
2,8,7,7,9,38.0063910666306,23.7616847365976,286.046969842158,SAT-1,Satellite,919090.601462844,159.600898795269,9.37428839895878,16.3587899540559,38.3346590810329,188.391482363219,1.9193705941609,6,16.3587899540559,Served,BelowSnrFloor,,Stable,0,-14.7921145726955,3912.11278272176,174.128574998271,9.37428839895878,38.3346590810329,919090.601462844,159.600898795269
2,8,7,8,9,37.9816650121717,23.7797177981041,356.696165153081,SAT-1,Satellite,919623.996037225,162.345444407269,6.62974278695907,12.4300873909289,38.3023204444424,188.391482363219,2.52601445238298,6,12.4300873909289,Served,BelowSnrFloor,,Stable,0,-13.1558746920152,4593.66959778992,172.492335117591,6.62974278695907,38.3023204444424,919623.996037225,162.345444407269
2,8,7,9,9,38.0108290211273,23.7727531277248,289.806192208963,SAT-1,Satellite,919934.870335134,166.598396858486,2.37679033574204,7.24064175478597,38.2834401675478,188.391482363219,4.33643611398336,6,7.24064175478597,BelowTarget,,,Stable,0,-3.24049899509382,4980.02417610661,162.57695942067,2.37679033574204,38.2834401675478,919934.870335134,166.598396858486
2,9,8,1,9,37.959397918117,23.7645714650222,202.66198493723,BS2,Terrestrial,4213.18860180572,131.095778989518,28.2406814360582,50.992146,NaN,893.334270320412,8.75952808811392,2,50.992146,Served,,,Stable,0,28.2406814360582,4213.18860180572,131.095778989518,3.24072441222103,38.6916076051521,913284.339025532,165.734462782007
2,9,8,2,9,37.9567974950539,23.7545936647898,57.2958949727332,SAT-1,Satellite,912564.16204318,153.565849452003,15.409337742225,25.7990170780925,38.7361205402733,188.391482363219,1.21704560676973,6,25.7990170780925,Served,,,Stable,0,-2.61171743406848,3894.5489592128,161.948177859644,15.409337742225,38.7361205402733,912564.16204318,153.565849452003
2,9,8,3,9,37.9760245656469,23.6888579281745,62.2421735696277,SAT-1,Satellite,908761.88310895,153.388487568484,15.5866996257436,26.0855295558219,38.9726188092751,188.391482363219,1.20367809005672,6,26.0855295558219,Served,,,Stable,0,-5.79459797807885,3503.01395263029,165.131058403655,15.5866996257436,38.9726188092751,908761.88310895,153.388487568484
2,9,8,4,9,37.9597712018028,23.7476495288989,37.4482659564832,BS1,Terrestrial,3201.32790142856,132.867815056494,26.4686453690822,101.984292,NaN,893.334270320412,8.75952808811392,1,101.984292,Served,,,Stable,0,26.4686453690822,3201.32790142856,132.867815056494,10.1031597718858,38.7595884621113,912184.982264237,158.872027422342
2,9,8,5,9,38.0036867082117,23.7206715043581,73.0575334800602,BS2,Terrestrial,2112.53601520561,146.559503006699,12.7769574188765,39.6446550356885,NaN,893.334270320412,11.2667681118202,2,39.6446550356885,Served,,,Stable,0,12.7769574188765,2112.53601520561,146.559503006699,12.6497408700897,38.7985095943747,911556.239187861,156.325446324138
2,9,8,6,9,37.9613554769635,23.6892267136476,163.86814682024,SAT-1,Satellite,908407.791135195,160.498590647047,8.47659654718083,15.0372427659768,38.9947952848176,188.391482363219,2.08805436492067,6,15.0372427659768,Served,BelowSnrFloor,,Stable,0,-11.9026562038353,4611.00491535346,171.239116629411,8.47659654718083,38.9947952848176,908407.791135195,160.498590647047
2,9,8,7,9,38.0063931419581,23.7616756177351,286.046969842158,SAT-1,Satellite,914305.909715792,159.581411559657,9.3937756345716,16.3878129851467,38.6285687715774,188.391482363219,1.91597136374014,6,16.3878129851467,Served,,,Stable,0,-4.36812714821775,3483.69734278209,163.704587573794,9.3937756345716,38.6285687715774,914305.909715792,159.581411559657
2,9,8,8,9,37.9816725074615,23.7797172514526,356.696165153081,SAT-1,Satellite,914847.214231693,159.753265799035,9.22192139519274,16.1323329118668,38.5953018272672,188.391482363219,1.94631368974373,6,16.1323329118668,Served,BelowSnrFloor,,Stable,0,-9.34995317578171,4593.57856102234,168.686413601358,9.22192139519274,38.5953018272672,914847.214231693,159.753265799035
2,9,8,9,9,38.0108315650432,23.7727441999101,289.806192208963,SAT-1,Satellite,915146.24666698,156.271841223072,12.7033459711559,21.4768604362351,38.5768928086694,188.391482363219,1.46197254887847,6,21.4768604362351,Served,BelowSnrFloor,,Stable,0,-8.22206646979245,4553.91089650309,167.558526895368,12.7033459711559,38.5768928086694,915146.24666698,156.271841223072
2,10,9,1,9,37.9593909899672,23.7645678114604,202.66198493723,BS2,Terrestrial,4213.51307934883,131.146594380286,28.1898660452897,50.992146,NaN,893.334270320412,8.75952808811392,2,50.992146,Served,,,Stable,0,28.1898660452897,4213.51307934883,131.146594380286,11.3990204714357,38.9874607192185,908546.882650798,157.576166722792
2,10,9,2,9,37.9568015515227,23.754601643796,57.2958949727332,SAT-1,Satellite,907830.795734897,156.939739400868,12.0354477933599,20.428322631635,39.032327972848,188.391482363219,1.53701216492667,6,20.428322631635,Served,,,Stable,0,-4.07226787532676,3827.76186467657,163.408728300903,12.0354477933599,39.032327972848,907830.795734897,156.939739400868
2,10,9,3,9,37.9760280622833,23.6888663213887,62.2421735696277,SAT-1,Satellite,904032.870757112,158.510105736804,10.4650814574238,18.0027360680118,39.2718121663123,188.391482363219,1.74410046757617,6,18.0027360680118,Served,,,Stable,0,-2.92104232279442,3502.20360945439,162.25750274837,10.4650814574238,39.2718121663123,904032.870757112,158.510105736804
2,10,9,4,9,37.9597771622631,23.7476552947347,37.4482659564832,BS1,Terrestrial,3201.05695849625,134.905764306792,24.4306961187837,101.984292,NaN,893.334270320412,8.75952808811392,1,101.984292,Served,,,Stable,0,24.4306961187837,3201.05695849625,134.905764306792,4.13600296316511,39.056121903571,907451.557624532,164.839184231063
2,10,9,5,9,38.0036888960512,23.7206805807812,73.0575334800602,BS2,Terrestrial,2112.41307630079,140.029161193483,19.3072992320929,50.992146,NaN,893.334270320412,8.75952808811392,2,50.992146,Served,,,Stable,0,19.3072992320929,2112.41307630079,140.029161193483,11.5278428364907,39.0964471971666,906809.021611287,157.447344357737
2,10,9,6,9,37.9613482647897,23.6892293484273,163.86814682024,SAT-1,Satellite,903684.48623253,157.63352619057,11.3416610036577,19.3491867104049,39.2939330011062,188.391482363219,1.62273385769674,6,19.3491867104049,Served,BelowSnrFloor,,Stable,0,-7.97733002706073,4611.30538714583,167.313790452637,11.3416610036577,39.2939330011062,903684.48623253,157.63352619057
2,10,9,7,9,38.0063952172856,23.7616664988724,286.046969842158,SAT-1,Satellite,909548.466116191,162.867464592047,6.10772260218079,11.7256379016031,38.9248073780412,188.391482363219,2.67777161953612,6,11.7256379016031,Served,,,Stable,0,-6.46248155101617,3911.17867188794,165.798941976592,6.10772260218079,38.9248073780412,909548.466116191,162.867464592047
2,10,9,8,9,37.9816800027514,23.779716704801,356.696165153081,SAT-1,Satellite,910097.729246131,164.295970582432,4.67921661179648,9.88570306209705,38.8905870579221,188.391482363219,3.17616058227114,6,9.88570306209705,Served,BelowSnrFloor,,Stable,0,-14.1990532616785,4593.48767363569,173.535513687254,4.67921661179648,38.8905870579221,910097.729246131,164.295970582432
2,10,9,9,9,38.0108341089591,23.7727352720951,289.806192208963,SAT-1,Satellite,910384.802947955,165.095298546962,3.87988864726651,8.91910166424309,38.8726714848923,188.391482363219,3.52037476147934,6,8.91910166424309,BelowTarget,,,Stable,0,-2.94842476016876,4979.11267747313,162.284885185745,3.87988864726651,38.8726714848923,910384.802947955,165.095298546962
2,11,10,1,9,37.9593840618173,23.764564157899,202.66198493723,BS2,Terrestrial,4213.8376966786,130.653505924137,28.6829545014393,50.992146,NaN,893.334270320412,8.75952808811392,2,50.992146,Served,,,Stable,0,28.6829545014393,4213.8376966786,130.653505924137,8.37077510084833,39.2856153551179,903837.351742774,160.60441209338
2,11,10,2,9,37.9568056079915,23.7546096228027,57.2958949727332,SAT-1,Satellite,903125.395735312,160.157038237658,8.81814895656976,13.3168994453986,39.3308392684074,188.391482363219,2.0209710991195,7,13.3168994453986,Served,,,Stable,0,-5.34831491657314,3894.53333510486,164.684775342149,8.81814895656976,39.3308392684074,903125.395735312,160.157038237658
2,11,10,3,9,37.9760315589197,23.6888747146033,62.2421735696277,SAT-1,Satellite,899331.996498534,162.331025654008,6.64416154021981,10.6712291872364,39.5733552699219,188.391482363219,2.5220214500895,7,10.6712291872364,Served,,,Stable,0,-3.24934669086852,3501.39327708849,162.585807116444,6.64416154021981,39.5733552699219,899331.996498534,162.331025654008
2,11,10,4,9,37.9597831227234,23.747661060571,37.4482659564832,SAT-1,Satellite,902746.111481937,165.536351709628,3.43883548460059,7.2060429633968,39.354964879246,188.391482363219,3.7347916249926,7,7.11924655353677,BelowTarget,,,InTransition,12.0449475948049,-2.25090693153024,3307.20234937947,161.587367357106,3.43883548460059,39.354964879246,902746.111481937,165.536351709628
2,11,10,5,9,38.0036910838907,23.7206896572046,73.0575334800602,BS2,Terrestrial,2112.29045908357,143.332488921068,16.0039715045075,49.1328576847097,NaN,893.334270320412,9.09100663402304,2,49.1328576847097,Served,,,Stable,0,16.0039715045075,2112.29045908357,143.332488921068,11.3262533007893,39.3967365917286,902089.662986708,157.648933893439
2,11,10,6,9,37.9613410526158,23.6892319832068,163.86814682024,SAT-1,Satellite,898989.408214646,159.135644247376,9.83954294685242,14.6188150300577,39.5954107563461,188.391482363219,1.84098840115942,7,14.6188150300577,Served,BelowSnrFloor,,Stable,0,-7.97375326356345,4185.78198632515,167.310213689139,9.83954294685242,39.5954107563461,898989.408214646,159.135644247376
2,11,10,7,9,38.0063972926131,23.7616573800094,286.046969842158,SAT-1,Satellite,904818.705246796,168.965831436058,0.00935575816964729,4.29237769155481,39.2233803498129,188.391482363219,6.26996756645676,7,4.29237769155481,BelowTarget,BelowSnrFloor,,Stable,0,-11.9733637124679,3910.71179926441,171.309824138044,0.00935575816964729,39.2233803498129,904818.705246796,168.965831436058
2,11,10,8,9,37.9816874980412,23.7797161581493,356.696165153081,SAT-1,Satellite,905375.975433861,156.607224972515,12.3679622217134,17.9564868157871,39.1881808824883,188.391482363219,1.49879367746756,7,17.9564868157871,Served,BelowSnrFloor,,Stable,0,-17.5170957360379,4313.05467566693,176.853556161614,12.3679622217134,39.1881808824883,905375.975433861,156.607224972515
2,11,10,9,9,38.010836652875,23.7727263442798,289.806192208963,SAT-1,Satellite,905650.972655863,160.54320501584,8.43198217838844,12.833482812327,39.1707817741326,188.391482363219,2.09709782625651,7,12.833482812327,Served,,,Stable,0,-5.3967072450088,4978.65707490316,164.733167670585,8.43198217838844,39.1707817741326,905650.972655863,160.54320501584
2,12,11,1,9,37.9593771336675,23.7645605043379,202.66198493723,BS2,Terrestrial,4214.16245376117,131.565437907906,27.7710225176698,33.994764,NaN,893.334270320412,8.75952808811392,3,33.994764,Served,,,Stable,0,27.7710225176698,4214.16245376117,131.565437907906,4.38312277298263,39.5860744059038,899156.189817249,164.592064421245
2,12,11,2,9,37.9568096644603,23.7546176018098,57.2958949727332,SAT-1,Satellite,898448.406156066,160.260586375,8.71460081922802,15.384562654188,39.6316572346835,188.391482363219,2.04091472079139,6,15.384562654188,Served,BelowSnrFloor,,Stable,0,-10.3238206590718,3894.52579038865,169.660281084648,8.71460081922802,39.6316572346835,898448.406156066,160.260586375
2,12,11,3,9,37.9760350555562,23.6888831078183,62.2421735696277,SAT-1,Satellite,894659.708585914,160.543508428026,8.43167876620177,14.9719558956909,39.8772514377455,188.391482363219,2.09715955701596,6,14.9719558956909,Served,,,Stable,0,-7.3169064686987,3878.28037613904,166.653366894275,8.43167876620177,39.8772514377455,894659.708585914,160.543508428026
2,12,11,4,9,37.9597890831837,23.7476668264077,37.4482659564832,SAT-1,Satellite,898069.088330708,159.076948121325,9.89823907290318,17.1436671213199,39.65612028591,188.391482363219,1.83149732036167,6,17.1436671213199,Served,,,Stable,0,2.12364764971315,3200.51565461149,157.212812775863,9.89823907290318,39.65612028591,898069.088330708,159.076948121325
2,12,11,5,9,38.0036932717302,23.7206987336283,73.0575334800602,BS2,Terrestrial,2112.16816361066,141.603843899445,17.7326165261309,33.994764,NaN,893.334270320412,8.75952808811392,3,33.994764,Served,,,Stable,0,17.7326165261309,2112.16816361066,141.603843899445,7.91246619644662,39.6993819651369,897398.607569648,161.062720997781
2,12,11,6,9,37.961333840442,23.689234617986,163.86814682024,SAT-1,Satellite,894323.006345292,161.788378733537,7.18680846069145,13.1986589893146,39.8992314000255,188.391482363219,2.37892201164448,6,13.1986589893146,Served,,,Stable,0,-2.13091829584386,4186.07297570202,161.46737872142,7.18680846069145,39.8992314000255,894323.006345292,161.788378733537
2,12,11,7,9,38.0063993679407,23.7616482611461,286.046969842158,BS2,Terrestrial,3482.2773599009,132.62336485657,26.7130955690058,33.994764,NaN,893.334270320412,8.75952808811392,3,33.9931845180101,Served,,,InTransition,0.0464625078713742,26.7130955690058,3482.2773599009,132.62336485657,10.238309896119,39.5242920110155,900117.068239603,158.736877298109
2,12,11,8,9,37.981694993331,23.7797156114976,356.696165153081,SAT-1,Satellite,900682.393664216,164.160543608106,4.81464358612186,10.0541705641399,39.48808690341,188.391482363219,3.1229408923953,6,10.0541705641399,Served,BelowSnrFloor,,Stable,0,-12.8029936356903,4312.90384758294,172.139454061266,4.81464358612186,39.48808690341,900682.393664216,164.160543608106
2,12,11,9,9,38.0108391967909,23.7727174164641,289.806192208963,SAT-1,Satellite,900945.195808998,163.01099856536,5.9641886288679,11.5347803990852,39.4712281393857,188.391482363219,2.72207873123965,6,11.5347803990852,Served,BelowSnrFloor,,Stable,0,-13.679706599124,4978.20157020079,173.0161670247,5.9641886288679,39.4712281393857,900945.195808998,163.01099856536
2,13,12,1,9,37.9593702055176,23.7645568507772,202.66198493723,BS2,Terrestrial,4214.48735056464,125.283295814832,34.0531646107437,50.992146,NaN,893.334270320412,8.75952808811392,2,50.992146,Served,,,Stable,0,34.0531646107437,4214.48735056464,125.283295814832,1.12428091508212,39.8888395126176,894503.846945115,167.850906279146
2,13,12,2,9,37.9568137209291,23.7546255808174,57.2958949727332,BS1,Terrestrial,3828.01358204131,162.926314839506,-3.58985441393017,9.6132750822033,NaN,893.334270320412,92.9271515359224,1,9.61278407922306,Served,,,InTransition,0.0510755154759938,-3.58985441393017,3828.01358204131,162.926314839506,-4.29128476101044,39.9347834203766,893800.27766549,173.266471955239
2,13,12,3,9,37.9760385521926,23.6888915010337,62.2421735696277,SAT-1,Satellite,890016.46190071,162.481238377686,6.49394881654206,12.2453191322074,40.1835027153456,188.391482363219,2.56412920356529,6,12.2453191322074,Served,,,Stable,0,-0.107707894888165,3499.77264481434,159.444168320464,6.49394881654206,40.1835027153456,890016.46190071,162.481238377686
2,13,12,4,9,37.959795043644,23.747672592245,37.4482659564832,SAT-1,Satellite,893420.939230291,159.85700729588,9.1181798983485,15.9786294568124,39.9595897612442,188.391482363219,1.96503589239208,6,15.9786294568124,Served,,,Stable,0,3.46594769910897,3306.46468655429,155.870512726467,9.1181798983485,39.9595897612442,893420.939230291,159.85700729588
2,13,12,5,9,38.0036954595697,23.7207078100522,73.0575334800602,SAT-1,Satellite,892736.306231482,155.040273041412,13.9349141528161,23.4311649987208,40.0043862825769,188.391482363219,1.34003496606267,6,23.1520672278001,Served,,,InTransition,11.9113911295458,12.4644318949351,2112.04618993831,146.872028530641,13.9349141528161,40.0043862825769,892736.306231482,155.040273041412
2,13,12,6,9,37.9613266282681,23.689237252765,163.86814682024,SAT-1,Satellite,889685.736511563,160.183500743175,8.79168645105287,15.497543614598,40.2053964904951,188.391482363219,2.02603594316028,6,15.497543614598,Served,BelowSnrFloor,,Stable,0,-7.72549612043855,4186.36411071347,167.061956546014,8.79168645105287,40.2053964904951,889685.736511563,160.183500743175
2,13,12,7,9,38.0064014432682,23.7616391422827,286.046969842158,BS2,Terrestrial,3481.80430261587,136.004176775635,23.3322836499408,50.992146,NaN,893.334270320412,8.75952808811392,2,50.992146,Served,,,Stable,0,23.3322836499408,3481.80430261587,136.004176775635,11.796038990303,39.8275454882746,895444.002811352,157.179148203925
2,13,12,8,9,37.9817024886208,23.7797150648458,356.696165153081,SAT-1,Satellite,896017.431356663,156.241696087372,12.7334911068559,21.5243887961753,39.7903075069769,188.391482363219,1.45874434304258,6,21.5243887961753,Served,BelowSnrFloor,,Stable,0,-17.1874205313465,4312.7531752505,176.523880956922,12.7334911068559,39.7903075069769,896017.431356663,156.241696087372
2,13,12,9,9,38.0108417407068,23.7727084886482,289.806192208963,SAT-1,Satellite,896267.919002199,164.218018735612,4.75716845861615,9.98251203102302,39.7740138570414,188.391482363219,3.14535863280617,6,9.98251203102302,Served,BelowSnrFloor,,Stable,0,-9.96490481132395,4977.74616339222,169.3013652369,4.75716845861615,39.7740138570414,896267.919002199,164.218018735612
2,14,13,1,9,37.9593632773678,23.7645531972167,202.66198493723,BS2,Terrestrial,4214.81238705605,127.748990750652,31.5874696749238,33.994764,NaN,893.334270320412,8.75952808811392,3,33.994764,Served,,,Stable,0,31.5874696749238,4214.81238705605,127.748990750652,7.18071134008855,40.1939109867768,889880.779780151,161.79447585414
2,14,13,2,9,37.9568177773979,23.7546335598254,57.2958949727332,BS1,Terrestrial,3828.09784682392,153.360889567154,5.97557085842212,42.4111201696524,NaN,893.334270320412,21.0636801562163,1,42.4111201696524,Served,,,Stable,0,5.97557085842212,3828.09784682392,153.360889567154,5.48570264849587,40.2402180372735,889181.467515895,163.489484545732
2,14,13,3,9,37.976042048829,23.6888998942495,62.2421735696277,SAT-1,Satellite,885402.717980002,157.852733764206,11.122453430022,28.5158842055307,40.4921097966301,188.391482363219,1.65163633893807,4,28.5158842055307,Served,,,Stable,0,-0.563170983808504,3876.6406960559,159.899631409384,11.122453430022,40.4921097966301,885402.717980002,157.852733764206
2,14,13,4,9,37.9598010041042,23.7476783580827,37.4482659564832,SAT-1,Satellite,888802.121832657,162.215241273118,6.75994592111039,18.9123298480571,40.2653736058177,188.391482363219,2.49032620355038,4,18.9123298480571,Served,,,Stable,0,4.38931332291799,3306.09610842566,154.947147102658,6.75994592111039,40.2653736058177,888802.121832657,162.215241273118
2,14,13,5,9,38.0036976474091,23.7207168864764,73.0575334800602,BS2,Terrestrial,2111.92453812281,141.234515088673,18.1019453369031,33.994764,NaN,893.334270320412,8.75952808811392,3,33.9938060789537,Served,,,InTransition,0.0281784879074284,18.1019453369031,2111.92453812281,141.234515088673,8.68963858808996,40.3117512100748,888103.216489301,160.285548606138
2,14,13,6,9,37.9613194160943,23.6892398875437,163.86814682024,SAT-1,Satellite,885078.061249618,161.261072785191,7.71411440903728,20.911391722282,40.5139062147199,188.391482363219,2.25225901825654,4,20.911391722282,Served,,,Stable,0,1.15211795552861,4186.65539132936,158.184342470047,7.71411440903728,40.5139062147199,885078.061249618,161.261072785191
2,14,13,7,9,38.0064035185957,23.7616300234189,286.046969842158,BS2,Terrestrial,3481.33138059393,134.528319256893,24.8081411686825,33.994764,NaN,893.334270320412,8.75952808811392,3,33.994764,Served,,,Stable,0,24.8081411686825,3481.33138059393,134.528319256893,6.56885252030719,40.1331426349857,890799.963294787,162.406334673921
2,14,13,8,9,37.9817099839106,23.779714518194,356.696165153081,None,Outage,891381.542510726,176.918868295693,-7.94368110146507,NaN,40.0948437873253,NaN,Inf,0,0,Outage,BelowSnrFloor,BelowSnrFloor,Outage,0,-16.3156537619367,4312.60265868491,175.652114187513,-7.94368110146507,40.0948437873253,891381.542510726,176.918868295693
2,14,13,9,9,38.0108442846227,23.772699560832,289.806192208963,SAT-1,Satellite,891619.595438753,156.133223431184,12.8419637630442,32.5433245442099,40.079140941726,188.391482363219,1.44723599234068,4,32.5433245442099,Served,,,Stable,0,-5.32332053004924,4977.29085450507,164.659780955625,12.8419637630442,40.079140941726,891619.595438753,156.133223431184
2,15,14,1,9,37.9593563492179,23.7645495436567,202.66198493723,BS2,Terrestrial,4215.13756320264,127.584296363037,31.7521640625387,50.992146,NaN,893.334270320412,8.75952808811392,2,50.992146,Served,,,Stable,0,31.7521640625387,4215.13756320264,127.584296363037,-1.99293916667349,40.5012877291846,885287.451582126,170.968126360902
2,15,14,2,9,37.9568218338667,23.7546415388338,57.2958949727332,SAT-1,Satellite,884592.439566146,156.446564064108,12.5286231301198,18.1729008520798,40.5479598786688,188.391482363219,1.48094512417654,7,17.9584109905806,Served,,,InTransition,11.8027310689203,2.63174190873261,3828.18229108481,156.704718516843,12.5286231301198,40.5479598786688,884592.439566146,156.446564064108
2,15,14,3,9,37.9760455454654,23.6889082874657,62.2421735696277,SAT-1,Satellite,880818.945038495,168.437091352787,0.538095841440793,4.68061052658829,40.8030719404587,188.391482363219,5.74990564930602,7,4.68061052658829,BelowTarget,,,Stable,0,-0.617006409785006,3498.1520558719,159.953466835361,0.538095841440793,40.8030719404587,880818.945038495,168.437091352787
2,15,14,4,9,37.9598069645645,23.7476841239208,37.4482659564832,SAT-1,Satellite,884213.100404909,156.604687566236,12.3704996279922,17.9599013936773,40.5734707013605,188.391482363219,1.49850872335557,7,17.9599013936773,Served,,,Stable,0,6.00801534410218,3199.70515446694,153.328445081474,12.3704996279922,40.5734707013605,884213.100404909,156.604687566236
2,15,14,5,9,38.0036998352486,23.7207259629008,73.0575334800602,SAT-1,Satellite,883499.802531146,155.783805744117,13.1913814501112,19.0699846417806,40.6214770335028,188.391482363219,1.41127900281929,7,18.8451847548497,Served,,,InTransition,11.7881524895619,8.03627586266049,2111.80320821829,151.300184562915,13.1913814501112,40.6214770335028,883499.802531146,155.783805744117
2,15,14,6,9,37.9613122039204,23.6892425223221,163.86814682024,SAT-1,Satellite,880500.449765477,163.1139396732,5.86124752102842,9.77029734484554,40.8247593041967,188.391482363219,2.75458033252484,7,9.77029734484554,Served,,,Stable,0,-2.27279791374545,4186.94681751814,161.609258339321,5.86124752102842,40.8247593041967,880500.449765477,163.1139396732
2,15,14,7,9,38.0064055939232,23.7616209045549,286.046969842158,BS2,Terrestrial,3480.85859388885,135.816059563393,23.5204008621832,50.992146,NaN,893.334270320412,8.75952808811392,2,50.992146,Served,,,Stable,0,23.5204008621832,3480.85859388885,135.816059563393,9.06900136824098,40.4410839519379,886185.410665435,159.906185825987
2,15,14,8,9,37.9817174792003,23.7797139715421,356.696165153081,SAT-1,Satellite,886775.187731327,156.509913075776,12.4652741184521,18.0875168210904,40.401695466813,188.391482363219,1.48793608184237,7,18.0875168210904,Served,BelowSnrFloor,,Stable,0,-14.9109377647742,4593.03547772455,174.24739819035,12.4652741184521,40.401695466813,886775.187731327,156.509913075776
2,15,14,9,9,38.0108468285386,23.7726906330154,289.806192208963,SAT-1,Satellite,887000.684957826,157.913233137287,11.0619540569407,16.2148737575,40.3866100675233,188.391482363219,1.65977665392448,7,16.2148737575,Served,,,Stable,0,-6.7290628502069,4976.83564356605,166.065523275783,11.0619540569407,40.3866100675233,887000.684957826,157.913233137287
2,16,15,1,9,37.959349421068,23.764545890097,202.66198493723,BS2,Terrestrial,4215.46287897332,129.074659713287,30.2618007122886,50.992146,NaN,893.334270320412,8.75952808811392,2,50.992146,Served,,,Stable,0,30.2618007122886,4215.46287897332,129.074659713287,8.22582194221596,40.8109671449158,880724.33223497,160.749365252012
2,16,15,2,9,37.9568258903355,23.7546495178427,57.2958949727332,SAT-1,Satellite,880033.664299278,162.043291419597,6.93189577463076,11.0099078562894,40.8580062339456,188.391482363219,2.44444088545728,7,11.0099078562894,Served,,,Stable,0,-3.19948346932603,3828.26691481017,162.535943894902,6.93189577463076,40.8580062339456,880033.664299278,162.043291419597
2,16,15,3,9,37.9760490421019,23.6889166806823,62.2421735696277,SAT-1,Satellite,876265.617985419,156.315404243382,12.6597829508459,18.3498912518716,41.1163868832751,188.391482363219,1.46666094853757,7,18.3498912518716,Served,BelowSnrFloor,,Stable,0,-7.70548334871341,3497.34177766693,167.041943774289,12.6597829508459,41.1163868832751,876265.617985419,156.315404243382
2,16,15,4,9,37.9598129250248,23.7476898897594,37.4482659564832,SAT-1,Satellite,879654.345846931,164.969795003686,4.00539219054178,7.77226119441066,40.8838784251814,188.391482363219,3.46270772891491,7,7.77226119441066,BelowTarget,,,Stable,0,3.64826483944682,3305.35945901843,155.688195586129,4.00539219054178,40.8838784251814,879654.345846931,164.969795003686
2,16,15,5,9,38.0037020230881,23.7207350393256,73.0575334800602,SAT-1,Satellite,878926.535236332,165.984492108002,2.99069508622608,6.77410301829234,40.9335625737026,188.391482363219,3.97293469502264,7,6.77410301829234,BelowTarget,,,Stable,0,-6.63921389813694,2111.68220028198,165.975674323713,2.99069508622608,40.9335625737026,878926.535236332,165.984492108002
2,16,15,6,9,37.9613049917465,23.6892451571003,163.86814682024,SAT-1,Satellite,875953.377950674,157.849183170479,11.1260040237491,16.2994836547747,41.1379529468833,188.391482363219,1.65116082687364,7,16.2994836547747,Served,,,Stable,0,-4.00922915295092,4187.23838924898,163.345689578527,11.1260040237491,41.1379529468833,875953.377950674,157.849183170479
2,16,15,7,9,38.0064076692507,23.7616117856906,286.046969842158,BS2,Terrestrial,3480.38594255899,134.911034328013,24.4254260975629,50.992146,NaN,893.334270320412,8.75952808811392,2,50.992146,Served,,,Stable,0,24.4254260975629,3480.38594255899,134.911034328013,13.9634295049012,40.7513685041395,881600.812563573,155.011757689327
2,16,15,8,9,37.9817249744901,23.7797134248902,356.696165153081,SAT-1,Satellite,882198.834249348,156.870576855718,12.1046103385103,17.6027003377151,40.7108608126202,188.391482363219,1.52891706344441,7,17.6027003377151,Served,BelowSnrFloor,,Stable,0,-10.7111445716918,4592.94548680848,170.047604997268,12.1046103385103,40.7108608126202,882198.834249348,156.870576855718
2,16,15,9,9,38.0108493724545,23.7726817051985,289.806192208963,SAT-1,Satellite,882411.654057156,154.877406307548,14.0977808866805,20.3068804929641,40.6964204854276,188.391482363219,1.32531773742186,7,20.3068804929641,Served,,,Stable,0,-3.44856340861884,4976.38053060163,162.785023834195,14.0977808866805,40.6964204854276,882411.654057156,154.877406307548
2,17,16,1,9,37.9593424929182,23.7645422365376,202.66198493723,BS2,Terrestrial,4215.78833433542,129.509157702846,29.8273027227297,50.992146,NaN,893.334270320412,8.75952808811392,2,50.992146,Served,,,Stable,0,29.8273027227297,4215.78833433542,129.509157702846,10.3281031306414,41.1229450543203,876191.89825961,158.647084063587
2,17,16,2,9,37.9568299468043,23.754657496852,57.2958949727332,SAT-1,Satellite,875505.618834741,156.229507565736,12.7456796284917,18.4659519317808,41.1703527991548,188.391482363219,1.45744281196317,7,18.4659519317808,Served,,,Stable,0,-4.11841249634463,3894.49074024105,163.45487292192,12.7456796284917,41.1703527991548,875505.618834741,156.229507565736
2,17,16,3,9,37.9760525387383,23.6889250738993,62.2421735696277,SAT-1,Satellite,871743.218435927,160.298206139182,8.67698105504579,13.1395809030205,41.4320507476005,188.391482363219,2.04824408842784,7,13.1395809030205,Served,,,Stable,0,-4.00807339438671,3496.53151031825,163.344533819963,8.67698105504579,41.4320507476005,871743.218435927,160.298206139182
2,17,16,4,9,37.959818885485,23.7476956555985,37.4482659564832,SAT-1,Satellite,875126.33570363,163.792781674543,5.18240551968535,9.01559888289935,41.1965925605705,188.391482363219,2.98516707082871,7,9.01559888289935,Served,,,Stable,0,3.07328853261475,3199.16579206939,156.263171892961,5.18240551968535,41.1965925605705,875126.33570363,163.792781674543
2,17,16,5,9,38.0037042109276,23.7207441157506,73.0575334800602,SAT-1,Satellite,874383.892190452,152.706175525278,16.2690116689499,23.3062073945444,41.248005097565,188.391482363219,1.15475969356263,7,23.3062073945444,Served,,,Stable,0,3.10959468331143,2111.56151436829,156.226865742264,16.2690116689499,41.248005097565,874383.892190452,152.706175525278
2,17,16,6,9,37.9612977795726,23.6892477918783,163.86814682024,SAT-1,Satellite,871437.328392313,156.583095227796,12.392091966432,17.9889625355011,41.4534826949748,188.391482363219,1.49608788477482,7,17.9889625355011,Served,,,Stable,0,-3.52787630619432,4187.5301064924,162.86433673177,12.392091966432,41.4534826949748,871437.328392313,156.583095227796
2,17,16,7,9,38.0064097445783,23.7616026668261,286.046969842158,BS2,Terrestrial,3479.91342665634,144.237133585244,15.0993268403319,46.4489918800022,NaN,893.334270320412,9.61629342385171,2,46.4489918800022,Served,,,Stable,0,15.0993268403319,3479.91342665634,144.237133585244,13.3875454091329,41.0639938336922,877046.643311052,155.587641785095
2,17,16,8,9,37.9817324697798,23.7797128782382,356.696165153081,SAT-1,Satellite,877652.955936994,167.698843349665,1.27634384456283,5.26078381835754,41.0223365494237,188.391482363219,5.11579069550774,7,5.26078381835754,BelowTarget,BelowSnrFloor,,Stable,0,-12.2885632390835,4592.85564533499,171.625023664659,1.27634384456283,41.0223365494237,877652.955936994,167.698843349665
2,17,16,9,9,38.0108519163704,23.7726727773814,289.806192208963,SAT-1,Satellite,877852.975910646,166.107528602147,2.8676585920808,6.65805611326275,41.008569936872,188.391482363219,4.04218114885226,7,6.65805611326275,BelowTarget,BelowSnrFloor,,Stable,0,-8.67223600762341,4550.20258473255,168.008696433199,2.8676585920808,41.008569936872,877852.975910646,166.107528602147
2,18,17,1,9,37.9593355647683,23.7645385829785,202.66198493723,BS2,Terrestrial,4216.113929256,125.778533304643,33.5579271209331,33.994764,NaN,893.334270320412,8.75952808811392,3,33.994764,Served,,,Stable,0,33.5579271209331,4216.113929256,125.778533304643,6.99762723800956,41.4372155998943,871690.632821254,161.977559956219
2,18,17,2,9,37.9568340032731,23.7546654758617,57.2958949727332,SAT-1,Satellite,871008.78693506,162.905687436978,6.0694997572497,11.6746901771291,41.4849935834425,188.391482363219,2.68945727188376,6,11.6746901771291,Served,BelowSnrFloor,,Stable,0,-9.24385752281975,3894.48426490494,168.580317948396,6.0694997572497,41.4849935834425,871008.78693506,162.905687436978
2,18,17,3,9,37.9760560353747,23.6889334671167,62.2421735696277,SAT-1,Satellite,867252.234716711,156.81779216749,12.1573950267382,20.6190993652352,41.7500579462244,188.391482363219,1.52279107043876,6,20.6190993652352,Served,,,Stable,0,-4.20675561732079,3873.3614051588,163.543216042897,12.1573950267382,41.7500579462244,867252.234716711,156.81779216749
2,18,17,4,9,37.9598248459453,23.7477014214381,37.4482659564832,SAT-1,Satellite,870629.55417161,160.478831972391,8.49635522183746,15.0659881536813,41.5116072030351,188.391482363219,2.08407042894148,6,15.0659881536813,Served,,,Stable,0,-0.000609841617404072,3304.62348579025,159.337070267193,8.49635522183746,41.5116072030351,870629.55417161,160.478831972391
2,18,17,5,9,38.0037063987671,23.7207531921758,73.0575334800602,BS2,Terrestrial,2111.44115053302,149.339575138376,9.99688528720029,21.16596508158,NaN,893.334270320412,14.0687225439085,3,21.1653687932016,Served,,,InTransition,0.0281720382776677,9.99688528720029,2111.44115053302,149.339575138376,4.98370121890676,41.5648002249054,869872.357694853,163.991485975321
2,18,17,6,9,37.9612905673987,23.689250426656,163.86814682024,SAT-1,Satellite,866952.790377325,155.214746566475,13.7604406277535,23.1528470078092,41.7713423683629,188.391482363219,1.35614338846879,6,23.1528470078092,Served,,,Stable,0,-1.49982510726448,4187.82196921793,160.83628553284,13.7604406277535,41.7713423683629,866952.790377325,155.214746566475
2,18,17,7,9,38.0064118199058,23.7615935479613,286.046969842158,BS2,Terrestrial,3479.44104623652,134.509970700756,24.8264897248198,33.994764,NaN,893.334270320412,8.75952808811392,3,33.994764,Served,,,Stable,0,24.8264897248198,3479.44104623652,134.509970700756,7.67207856600848,41.3789558685533,872523.383922705,161.30310862822
2,18,17,8,9,37.9817399650696,23.7797123315862,356.696165153081,SAT-1,Satellite,873138.03331773,156.898336271093,12.0768509231348,20.4930595729613,41.3361177679899,188.391482363219,1.53215679103853,6,20.4930595729613,Served,BelowSnrFloor,,Stable,0,-14.4030502334902,4312.00215042347,173.739510659066,12.0768509231348,41.3361177679899,873138.03331773,156.898336271093
2,18,17,9,9,38.0108544602863,23.7726638495639,289.806192208963,SAT-1,Satellite,873325.13038059,165.459125197964,3.51606199626377,8.49557286809298,41.3230545631742,188.391482363219,3.69587559089678,6,8.49557286809298,BelowTarget,,,Stable,0,-2.28317234939428,4975.47059870598,161.61963277497,3.51606199626377,41.3230545631742,873325.13038059,165.459125197964
2,19,18,1,9,37.9593286366184,23.7645349294198,202.66198493723,BS2,Terrestrial,4216.4396637038,127.134143432109,32.2023169934665,33.994764,NaN,893.334270320412,8.75952808811392,3,33.994764,Served,,,Stable,0,32.2023169934665,4216.4396637038,127.134143432109,13.2842531443527,41.7537711488484,867221.025730652,155.690934049875
2,19,18,2,9,37.9568380597419,23.7546734548719,57.2958949727332,SAT-1,Satellite,866543.659006434,162.07430213256,6.9008850616683,12.8020908815714,41.8019208111552,188.391482363219,2.45261345856153,6,12.8020908815714,Served,,,Stable,0,-1.93206145437071,3828.52186266181,161.268521879947,6.9008850616683,41.8019208111552,866543.659006434,162.07430213256
2,19,18,3,9,37.9760595320111,23.6889418603345,62.2421735696277,SAT-1,Satellite,862793.161865429,156.036835660716,12.9383515335117,21.8478191424678,42.0704010819146,188.391482363219,1.43714941015954,6,21.8478191424678,Served,BelowSnrFloor,,Stable,0,-10.4755673115389,3494.9110082148,169.812027737115,12.9383515335117,42.0704010819146,862793.161865429,156.036835660716
2,19,18,4,9,37.9598308064055,23.7477071872781,37.4482659564832,SAT-1,Satellite,866164.492099743,156.21614678674,12.7590404074886,21.5646842025641,41.8289146621961,188.391482363219,1.45601855788532,6,21.5646842025641,Served,,,Stable,0,2.74949192259598,3304.25575288371,156.58696850298,12.7590404074886,41.8289146621961,866164.492099743,156.21614678674
2,19,18,5,9,38.0037085866065,23.7207622686014,73.0575334800602,BS2,Terrestrial,2111.32110883159,143.593742538207,15.742717887369,32.2374964946733,NaN,893.334270320412,9.23701039117621,3,32.2374964946733,Served,,,Stable,0,15.742717887369,2111.32110883159,143.593742538207,-3.40412479537795,41.8839418309579,865392.422770102,172.379311989606
2,19,18,6,9,37.9612833552248,23.6892530614334,163.86814682024,SAT-1,Satellite,862500.259890441,159.941856969186,9.03333022504188,15.8532133254004,42.091523953603,188.391482363219,1.98058146000989,6,15.8532133254004,Served,,,Stable,0,-5.05064215986357,4188.11397739551,164.387102585439,9.03333022504188,42.091523953603,862500.259890441,159.941856969186
2,19,18,7,9,38.0064138952333,23.7615844290963,286.046969842158,BS2,Terrestrial,3478.96880135578,134.813486153676,24.5229742718995,33.994764,NaN,893.334270320412,8.75952808811392,3,33.994764,Served,,,Stable,0,24.5229742718995,3478.96880135578,134.813486153676,10.6673090088778,41.696248827017,868031.522111922,158.30787818535
2,19,18,8,9,37.9817474603593,23.7797117849341,356.696165153081,SAT-1,Satellite,868654.553570354,157.635588882074,11.3395983121541,19.3459950517465,41.6521978295208,188.391482363219,1.62300157267099,6,19.3459950517465,Served,BelowSnrFloor,,Stable,0,-10.969790937997,4311.85241293945,170.306251363573,11.3395983121541,41.6521978295208,868654.553570354,157.635588882074
2,19,18,9,9,38.0108570042022,23.7726549217461,289.806192208963,SAT-1,Satellite,868828.604024135,157.944897687964,11.0302895062642,18.8685913788404,41.6398688107317,188.391482363219,1.66406594766161,6,18.8685913788404,Served,BelowSnrFloor,,Stable,0,-8.19824239717281,4549.27656163593,167.534702822749,11.0302895062642,41.6398688107317,868828.604024135,157.944897687964
2,20,19,1,9,37.9593217084685,23.7645312758615,202.66198493723,BS2,Terrestrial,4216.76553764584,130.711567132376,28.6248932932003,33.994764,NaN,893.334270320412,8.75952808811392,3,33.994764,Served,,,Stable,0,28.6248932932003,4216.76553764584,130.711567132376,11.765389124322,42.0726021912188,862783.573439137,157.209798069906
2,20,19,2,9,37.9568421162107,23.7546814338825,57.2958949727332,SAT-1,Satellite,862110.732093064,152.631997303359,16.3431898908689,27.3109643865636,42.1211248194646,188.391482363219,1.14966941296724,6,27.3109643865636,Served,,,Stable,0,-1.54723730482189,3828.60720412965,160.883697730398,16.3431898908689,42.1211248194646,862110.732093064,152.631997303359
2,20,19,3,9,37.9760630286475,23.6889502535527,62.2421735696277,SAT-1,Satellite,858366.501623662,160.080748655434,8.8944385387945,15.6485063689564,42.3930708424768,188.391482363219,2.00649056552506,6,15.6485063689564,Served,,,Stable,0,3.32488842499819,3494.10077347639,156.011572000578,8.8944385387945,42.3930708424768,858366.501623662,160.080748655434
2,20,19,4,9,37.9598367668658,23.7477129531186,37.4482659564832,SAT-1,Satellite,861731.646983492,160.431815028502,8.54337216572594,15.1344545665091,42.148505359188,188.391482363219,2.07464235039903,6,15.1344545665091,Served,,,Stable,0,-1.39661807437301,3198.35820600384,160.733078499949,8.54337216572594,42.148505359188,861731.646983492,160.431815028502
2,20,19,5,9,38.003710774446,23.7207713450272,73.0575334800602,BS2,Terrestrial,2111.20138931588,155.189665720284,4.1467947052918,11.3054264940859,NaN,893.334270320412,26.3393946493374,3,11.3054264940859,Served,,,Stable,0,4.1467947052918,2111.20138931588,155.189665720284,2.57538304903071,42.2054219443214,860944.585153227,166.399804145197
2,20,19,6,9,37.9612761430509,23.6892556962105,163.86814682024,SAT-1,Satellite,858080.239605651,160.509367774004,8.46581942022456,15.0215707955412,42.4140174982198,188.391482363219,2.0902328272613,6,15.0215707955412,Served,,,Stable,0,-4.80907057910144,4188.40613099368,164.145531004677,8.46581942022456,42.4140174982198,858080.239605651,160.509367774004
2,20,19,7,9,38.0064159705608,23.761575310231,286.046969842158,BS2,Terrestrial,3478.49669206873,139.381263636842,19.9551967887334,33.994764,NaN,893.334270320412,8.75952808811392,3,33.994764,Served,,,Stable,0,19.9551967887334,3478.49669206873,139.381263636842,6.77816309367287,42.015865117752,863571.552290149,162.197024100555
2,20,19,8,9,37.981754955649,23.7797112382819,356.696165153081,SAT-1,Satellite,864203.010526985,156.871426149878,12.1037610443501,20.5351549340692,41.9705682655935,188.391482363219,1.52901599694178,6,20.5351549340692,Served,BelowSnrFloor,,Stable,0,-11.3626969537131,4311.70283132022,170.699157379289,12.1037610443501,41.9705682655935,864203.010526985,156.871426149878
2,20,19,9,9,38.0108595481181,23.772645993928,289.806192208963,SAT-1,Satellite,864363.890093706,160.303441526123,8.67174566810553,15.3218542531783,41.9590053318052,188.391482363219,2.04926765879897,6,15.3218542531783,Served,,,Stable,0,-7.2261730873837,4974.56105903375,166.56263351296,8.67174566810553,41.9590053318052,864363.890093706,160.303441526123
2,21,20,1,9,37.9593147803186,23.7645276223035,202.66198493723,BS2,Terrestrial,4217.09155104778,127.469377221447,31.8670832041284,33.994764,NaN,893.334270320412,8.75952808811392,3,33.994764,Served,,,Stable,0,31.8670832041284,4217.09155104778,127.469377221447,12.2749121268573,42.3936972333383,858378.779026907,156.700275067371
2,21,20,2,9,37.9568461726794,23.7546894128936,57.2958949727332,SAT-1,Satellite,857710.509864726,159.641064260126,9.33412293410214,16.2990126832786,42.4425939513338,188.391482363219,1.92640996138876,6,16.2990126832786,Served,,,Stable,0,-3.91590526332382,3894.46590829456,163.2523656889,9.33412293410214,42.4425939513338,857710.509864726,159.641064260126
2,21,20,3,9,37.9760665252839,23.6889586467713,62.2421735696277,SAT-1,Satellite,853972.76242292,159.597951325489,9.37723586873921,16.3631788612248,42.7180558909726,188.391482363219,1.91885578347333,6,16.3631788612248,Served,,,Stable,0,-6.10831636912712,3493.29054962192,165.444776794703,9.37723586873921,42.7180558909726,853972.76242292,159.597951325489
2,21,20,4,9,37.959842727326,23.7477187189595,37.4482659564832,SAT-1,Satellite,857331.52295241,159.595303377007,9.37988381722144,16.3671220313552,42.4703677193785,188.391482363219,1.91839349237564,6,16.3671220313552,Served,,,Stable,0,-6.50219068812638,3198.08939951969,165.838651113702,9.37988381722144,42.4703677193785,857331.52295241,159.595303377007
2,21,20,5,9,38.0037129622855,23.7207804214533,73.0575334800602,BS2,Terrestrial,2111.08199204415,147.209583569285,12.1268768562905,25.1793042089149,NaN,893.334270320412,11.8263033654986,3,25.1793042089149,Served,,,Stable,0,12.1268768562905,2111.08199204415,147.209583569285,11.9716641364845,42.5292306401679,856529.349288236,157.003523057744
2,21,20,6,9,37.961268930877,23.6892583309874,163.86814682024,SAT-1,Satellite,853693.238870639,156.342791064072,12.6323961301557,21.3650637783813,42.7388110001606,188.391482363219,1.46962259132786,6,21.3650637783813,Served,,,Stable,0,4.92403075486112,4188.69842998295,154.412429670715,12.6323961301557,42.7388110001606,853693.238870639,156.342791064072
2,21,20,7,9,38.0064180458883,23.7615661913654,286.046969842158,BS2,Terrestrial,3478.02471843076,135.930729732927,23.4057306926493,33.994764,NaN,893.334270320412,8.75952808811392,3,33.994764,Served,,,Stable,0,23.4057306926493,3478.02471843076,135.930729732927,5.80300589332742,42.3377952352102,859143.975559814,163.172181300901
2,21,20,8,9,37.9817624509388,23.7797106916297,356.696165153081,SAT-1,Satellite,859783.904664455,164.15267436964,4.82251282458779,10.0640001110902,42.2912186735164,188.391482363219,3.11989070422102,6,10.0640001110902,Served,BelowSnrFloor,,Stable,0,-8.87087814111771,4311.5534055826,168.207338566694,4.82251282458779,42.2912186735164,859783.904664455,164.15267436964
2,21,20,9,9,38.010862092034,23.7726370661096,289.806192208963,SAT-1,Satellite,859931.488530935,155.534158901321,13.441028292907,22.6445053514767,42.2804548807054,188.391482363219,1.38658716127893,6,22.6445053514767,Served,,,Stable,0,-1.42513422336444,4974.10643634686,160.76159464894,13.441028292907,42.2804548807054,859931.488530935,155.534158901321
2,22,21,1,9,37.9593078521687,23.7645239687458,202.66198493723,BS2,Terrestrial,4217.41770388045,129.380565969094,29.9558944564824,33.994764,NaN,893.334270320412,8.75952808811392,3,33.994764,Served,,,Stable,0,29.9558944564824,4217.41770388045,129.380565969094,4.56580462030632,42.717042686505,854007.152184359,164.409382573922
2,22,21,2,9,37.9568502291482,23.7546973919051,57.2958949727332,SAT-1,Satellite,853343.502597305,154.38793469317,14.5872525010577,24.4754917251463,42.766314443655,188.391482363219,1.28285800123928,6,24.4754917251463,Served,,,Stable,0,-5.5710861410399,3894.46014589511,164.907546566616,14.5872525010577,42.766314443655,853343.502597305,154.38793469317
2,22,21,3,9,37.9760700219204,23.6889670399903,62.2421735696277,SAT-1,Satellite,849612.459363434,164.69244371079,4.28274348343771,9.40021697520528,43.0453427509171,188.391482363219,3.34019740998415,6,9.40021697520528,Served,,,Stable,0,4.21635659915449,3492.48033666088,155.120103826421,4.28274348343771,43.0453427509171,849612.459363434,164.69244371079
2,22,21,4,9,37.9598486877862,23.7477244848009,37.4482659564832,SAT-1,Satellite,852964.630750638,158.575131356843,10.4000558373854,17.9036959987663,42.7944880602418,188.391482363219,1.75374852187132,6,17.9036959987663,Served,,,Stable,0,1.10160288995394,3197.8207875527,158.234857535622,10.4000558373854,42.7944880602418,852964.630750638,158.575131356843
2,22,21,5,9,38.0037151501249,23.7207894978796,73.0575334800602,BS2,Terrestrial,2110.96291707075,151.853334760427,7.48312566514926,16.6636404063444,NaN,893.334270320412,17.8699301500428,3,16.6636404063444,Served,,,Stable,0,7.48312566514926,2110.96291707075,151.853334760427,2.28717912022103,42.8553559285371,852147.226309655,166.688008074007
2,22,21,6,9,37.961261718703,23.6892609657641,163.86814682024,SAT-1,Satellite,849339.773683953,160.072340805089,8.90284638913877,15.6608773203981,43.065890292222,188.391482363219,2.00490558424677,6,15.6608773203981,Served,,,Stable,0,-4.60315022909168,4188.99087433221,163.939610654668,8.90284638913877,43.065890292222,849339.773683953,160.072340805089
2,22,21,7,9,38.0064201212158,23.7615570724996,286.046969842158,BS2,Terrestrial,3477.55288049756,136.38700632014,22.9494541054361,33.994764,NaN,893.334270320412,8.75952808811392,3,33.994764,Served,,,Stable,0,22.9494541054361,3477.55288049756,136.38700632014,8.13133002161763,42.662027650237,854749.299700465,160.84385717261
2,22,21,8,9,37.9817699462285,23.7797101449774,356.696165153081,SAT-1,Satellite,855397.743088896,159.789432416087,9.18575477814119,16.0787034586424,42.6141366069343,188.391482363219,1.95280549048206,6,16.0787034586424,Served,BelowSnrFloor,,Stable,0,-13.639648514141,4311.40413574175,172.976108939717,9.18575477814119,42.6141366069343,855397.743088896,159.789432416087
2,22,21,9,9,38.0108646359499,23.7726281382909,289.806192208963,SAT-1,Satellite,855531.905953852,158.858232458559,10.1169547356696,17.4739705107811,42.6042062052149,188.391482363219,1.79687726807696,6,17.4739705107811,Served,,,Stable,0,0.398939936014585,4547.8883191708,158.937520489561,10.1169547356696,42.6042062052149,855531.905953852,158.858232458559
2,23,22,1,9,37.9593009240187,23.7645203151885,202.66198493723,BS2,Terrestrial,4217.74399610924,131.45534742335,27.881113002226,33.994764,NaN,893.334270320412,8.75952808811392,3,33.994764,Served,,,Stable,0,27.881113002226,4217.74399610924,131.45534742335,12.1365008194803,43.0426227506644,849669.209185952,156.838686374748
2,23,22,2,9,37.956854285617,23.754705370917,57.2958949727332,SAT-1,Satellite,849010.227145862,159.570641619421,9.40454557480717,19.6846305666105,43.0922703103793,188.391482363219,1.91409721128089,5,19.6846305666105,Served,BelowSnrFloor,,Stable,0,-8.11621955869242,3894.4545617322,167.452679984268,9.40454557480717,43.0922703103793,849010.227145862,159.570641619421
2,23,22,3,9,37.9760735185568,23.6889754332097,62.2421735696277,SAT-1,Satellite,845286.114185259,156.531566263934,12.4436209302939,25.2816860278335,43.3749156862593,188.391482363219,1.49033954583418,5,25.2816860278335,Served,,,Stable,0,-1.01683428670606,3491.67013460057,160.353294712282,12.4436209302939,43.3749156862593,845286.114185259,156.531566263934
2,23,22,4,9,37.9598546482464,23.7477302506428,37.4482659564832,SAT-1,Satellite,848631.487709875,154.890376553827,14.0848106404008,28.4047509107829,43.1208504742009,188.391482363219,1.32647867925293,5,28.4047509107829,Served,,,Stable,0,-1.69714394596227,3197.55237015314,161.033604371538,14.0848106404008,43.1208504742009,848631.487709875,154.890376553827
2,23,22,5,9,38.0037173379644,23.7207985743062,73.0575334800602,BS2,Terrestrial,2110.84416444898,147.001722624093,12.3347378014832,25.5780317624926,NaN,893.334270320412,11.6419469985749,3,25.5780317624926,Served,,,Stable,0,12.3347378014832,2110.84416444898,147.001722624093,11.8660083611857,43.1837836375204,847798.734018618,157.109178833042
2,23,22,6,9,37.9612545065291,23.6892636005405,163.86814682024,SAT-1,Satellite,845020.366664395,160.606098288498,8.36908890572983,17.8573493407476,43.3952389212516,188.391482363219,2.10996020482547,5,17.8573493407476,Served,,,Stable,0,0.462099406486402,4189.28346401184,158.874361019089,8.36908890572983,43.3952389212516,845020.366664395,160.606098288498
2,23,22,7,9,38.0064221965433,23.7615479536336,286.046969842158,BS2,Terrestrial,3477.08117832409,134.726479423525,24.609981002051,33.994764,NaN,893.334270320412,8.75952808811392,3,33.994764,Served,,,Stable,0,24.609981002051,3477.08117832409,134.726479423525,11.1101682692563,42.9885486956921,850388.03914761,157.865018924972
2,23,22,8,9,37.9817774415182,23.7797095983251,356.696165153081,SAT-1,Satellite,851045.039513028,163.567313737062,5.40787345716632,12.9687342795837,42.9393074615004,188.391482363219,2.90531794856493,5,12.9687342795837,Served,BelowSnrFloor,,Stable,0,-13.3837371482457,4311.25502181478,172.720197573822,5.40787345716632,42.9393074615004,851045.039513028,163.567313737062
2,23,22,9,9,38.0108671798658,23.7726192104719,289.806192208963,BS1,Terrestrial,4973.19748541054,136.868088950324,22.4683714752518,101.984292,NaN,893.334270320412,8.75952808811392,1,101.97752481142,Served,,,InTransition,0.0663552047785077,22.4683714752518,4973.19748541054,136.868088950324,13.5171746147515,42.930245933056,851165.655636842,155.458012579477
2,24,23,1,9,37.9592939958688,23.7645166616315,202.66198493723,BS2,Terrestrial,4218.07042770425,128.130927579524,31.205532846052,50.992146,NaN,893.334270320412,8.75952808811392,2,50.992146,Served,,,Stable,0,31.205532846052,4218.07042770425,128.130927579524,12.6218116178088,43.3704192929267,845365.472856292,156.353375576419
2,24,23,2,9,37.9568583420858,23.7547133499294,57.2958949727332,SAT-1,Satellite,844711.206909855,156.987122772332,11.9880644218961,17.446525489021,43.420443220456,188.391482363219,1.54260336397453,7,17.446525489021,Served,,,Stable,0,1.15396292402247,3894.4491558048,158.182497501553,11.9880644218961,43.420443220456,844711.206909855,156.987122772332
2,24,23,3,9,37.9760770151932,23.6889838264295,62.2421735696277,SAT-1,Satellite,840994.25523132,154.538774053965,14.4364131402633,20.7715848390222,43.7067565759503,188.391482363219,1.29566757267704,7,20.7715848390222,Served,,,Stable,0,1.72781837688348,3490.85994344753,157.608642048692,14.4364131402633,43.7067565759503,840994.25523132,154.538774053965
2,24,23,4,9,37.9598606087066,23.7477360164851,37.4482659564832,SAT-1,Satellite,844332.617714516,158.287694933871,10.6874922603575,15.7220604722196,43.449436706255,188.391482363219,1.71180291263895,7,15.7220604722196,Served,,,Stable,0,2.7460696063022,3197.28414736749,156.590390819274,10.6874922603575,43.449436706255,844332.617714516,158.287694933871
2,24,23,5,9,38.0037195258039,23.7208076507331,73.0575334800602,SAT-1,Satellite,843484.396851141,157.327513683566,11.6476735106623,16.9918406681898,43.514497291143,188.391482363219,1.58388190158909,7,16.8006103407424,Served,,,InTransition,11.2542443859764,7.75662307923272,2110.72573423376,151.579837346343,11.6476735106623,43.514497291143,843484.396851141,157.327513683566
2,24,23,6,9,37.9612472943551,23.6892662353166,163.86814682024,SAT-1,Satellite,840735.547012326,155.699299454682,13.2758877395462,19.1848398646149,43.7268380219363,188.391482363219,1.4028300000914,7,19.1848398646149,Served,,,Stable,0,-3.89838250111774,4189.57619899103,163.234842926694,13.2758877395462,43.7268380219363,840735.547012326,155.699299454682
2,24,23,7,9,38.0064242718708,23.7615388347672,286.046969842158,BS2,Terrestrial,3476.60961196381,133.792494043317,25.5439663822594,50.992146,NaN,893.334270320412,8.75952808811392,2,50.992146,Served,,,Stable,0,25.5439663822594,3476.60961196381,133.792494043317,9.44223786353996,43.3173424468945,846060.714963944,159.532949330688
2,24,23,8,9,37.9817849368079,23.7797090516727,356.696165153081,SAT-1,Satellite,846726.314225806,157.40035233196,11.5748348622679,16.8948353188531,43.2667143554339,188.391482363219,1.59297610193328,7,16.8948353188531,Served,BelowSnrFloor,,Stable,0,-12.1183089690859,4311.10606381815,171.454769394662,11.5748348622679,43.2667143554339,846726.314225806,157.40035233196
2,24,23,9,9,38.0108697237817,23.7726102826526,289.806192208963,SAT-1,Satellite,846833.257483063,153.587696189467,15.3874910047611,22.0832125517572,43.2585584532198,188.391482363219,1.21871167276745,7,21.8336959502303,Served,BelowSnrFloor,,InTransition,11.2989267726417,-14.4939579296067,4972.74315721405,173.830418355183,15.3874910047611,43.2585584532198,846833.257483063,153.587696189467
2,25,24,1,9,37.9592870677189,23.7645130080749,202.66198493723,BS2,Terrestrial,4218.39699863064,131.479483221221,27.8569772043549,33.994764,NaN,893.334270320412,8.75952808811392,3,33.994764,Served,,,Stable,0,27.8569772043549,4218.39699863064,131.479483221221,12.5659045739386,43.7004117207373,841096.472528024,156.40928262029
2,25,24,2,9,37.9568623985545,23.7547213289422,57.2958949727332,SAT-1,Satellite,840446.971790136,164.083717817386,4.89146937684254,10.1503228272741,43.7508123703992,188.391482363219,3.09335781020689,6,10.1503228272741,Served,BelowSnrFloor,,Stable,0,-8.17281359766483,3894.44392811626,167.509274023241,4.89146937684254,43.7508123703992,840446.971790136,164.083717817386
2,25,24,3,9,37.9760805118296,23.6889922196497,62.2421735696277,SAT-1,Satellite,836737.417402006,163.148100128055,5.82708706617308,11.3536621245427,44.0408447829032,188.391482363219,2.76550244753161,6,11.3536621245427,Served,,,Stable,0,1.08068935223483,3490.04976321012,158.255771073341,5.82708706617308,44.0408447829032,836737.417402006,163.148100128055
2,25,24,4,9,37.9598665691668,23.7477417823279,37.4482659564832,SAT-1,Satellite,840068.551158526,154.64255486546,14.3326323287683,24.0671997080439,43.78022602621,188.391482363219,1.30462125942203,6,24.0671997080439,Served,,,Stable,0,-3.14998024179943,3197.01611924695,162.486440667375,14.3326323287683,43.78022602621,840068.551158526,154.64255486546
2,25,24,5,9,38.0037217136434,23.7208167271603,73.0575334800602,BS2,Terrestrial,2110.6076264797,142.694842191417,16.6416182341591,33.994764,NaN,893.334270320412,8.75952808811392,3,33.9938066762749,Served,,,InTransition,0.0281609169298008,16.6416182341591,2110.6076264797,142.694842191417,8.25030819308694,43.8474779817463,839204.745838215,160.724879001141
2,25,24,6,9,37.9612400821812,23.6892688700925,163.86814682024,SAT-1,Satellite,836485.850462423,162.328050850129,6.64713634409893,12.453829110086,44.0606661849783,188.391482363219,2.52119891130037,6,12.453829110086,Served,,,Stable,0,-7.3808658381158,4189.86907923929,166.717326263692,6.64713634409893,44.0606661849783,836485.850462423,162.328050850129
2,25,24,7,9,38.0064263471983,23.7615297159007,286.046969842158,BS2,Terrestrial,3476.13818147497,134.643050912299,24.6934095132773,33.994764,NaN,893.334270320412,8.75952808811392,3,33.994764,Served,,,Stable,0,24.6934095132773,3476.13818147497,134.643050912299,9.29210608787349,43.648390596702,841767.854802556,159.683081106355
2,25,24,8,9,37.9817924320976,23.7797085050203,356.696165153081,SAT-1,Satellite,842442.094054067,167.088479767517,1.88670742671124,6.73572971433313,43.5963380047818,188.391482363219,4.66149648597923,6,6.73572971433313,BelowTarget,BelowSnrFloor,,Stable,0,-12.5387140098649,4310.95726176695,171.875174435441,1.88670742671124,43.5963380047818,842442.094054067,167.088479767517
2,25,24,9,9,38.0108722676976,23.7726013548329,289.806192208963,SAT-1,Satellite,842535.237988897,165.102050950683,3.87313624354508,8.91114509240226,43.5891257919646,188.391482363219,3.523518029197,6,8.91114509240226,BelowTarget,,,Stable,0,-4.91772202645254,4546.50102809671,164.254182452028,3.87313624354508,43.5891257919646,842535.237988897,165.102050950683
2,26,25,1,9,37.9592801395689,23.7645093545186,202.66198493723,BS2,Terrestrial,4218.72370885853,133.068452309119,26.2680081164573,50.992146,NaN,893.334270320412,8.75952808811392,2,50.992146,Served,,,Stable,0,26.2680081164573,4218.72370885853,133.068452309119,12.4872829111538,44.0325768495092,836862.743991104,156.487904283074
2,26,25,2,9,37.9568664550233,23.7547293079555,57.2958949727332,SAT-1,Satellite,836218.05813729,162.169797913542,6.80538928068594,10.8605245435066,44.0833543512912,188.391482363219,2.47806344907368,7,10.8605245435066,Served,,,Stable,0,-1.68920216009477,3894.4388786658,161.025662585671,6.80538928068594,44.0833543512912,836218.05813729,162.169797913542
2,26,25,3,9,37.976084008466,23.6890006128703,62.2421735696277,SAT-1,Satellite,832516.142100876,162.355725712299,6.61946148192942,10.6423385766483,44.3771570171358,188.391482363219,2.52886794713377,7,10.6423385766483,Served,,,Stable,0,-0.957508550462251,3866.80310126501,160.293968976038,6.61946148192942,44.3771570171358,832516.142100876,162.355725712299
2,26,25,4,9,37.959872529627,23.7477475481712,37.4482659564832,SAT-1,Satellite,835839.824893643,159.67760514186,9.29758205236806,13.9240113383663,44.1131950953173,188.391482363219,1.93285313082694,7,13.9240113383663,Served,,,Stable,0,-6.33725260690608,3301.68636369565,165.673713032482,9.29758205236806,44.1131950953173,835839.824893643,159.67760514186
2,26,25,5,9,38.0037239014828,23.7208258035877,73.0575334800602,SAT-1,Satellite,834960.318557232,153.27018444304,15.7050027511881,22.5229830610335,44.1827042366646,188.391482363219,1.19491582602985,7,22.2720655131144,Served,,,InTransition,11.1405113274362,13.7192974560398,2110.48984123854,145.617162969536,15.7050027511881,44.1827042366646,834960.318557232,153.27018444304
2,26,25,6,9,37.9612328700072,23.6892715048681,163.86814682024,SAT-1,Satellite,832271.819227491,158.300376690761,10.6748105034672,15.7054275166584,44.3966993194594,188.391482363219,1.7136158108708,7,15.7054275166584,Served,,,Stable,0,-6.72248919205185,4190.16210472626,166.058949617628,10.6748105034672,44.3966993194594,832271.819227491,158.300376690761
2,26,25,7,9,38.0064284225259,23.7615205970338,286.046969842158,BS2,Terrestrial,3475.66688691221,134.498387233133,24.8380731924433,50.992146,NaN,893.334270320412,8.75952808811392,2,50.992146,Served,,,Stable,0,24.8380731924433,3475.66688691221,134.498387233133,13.6816938168818,43.9816723250236,837509.992861689,155.293493377346
2,26,25,8,9,37.9817999273872,23.7797079583678,356.696165153081,SAT-1,Satellite,838192.912315699,162.43918172399,6.53600547023791,10.5449415249698,43.9281565931911,188.391482363219,2.55222552399201,7,10.5449415249698,Served,BelowSnrFloor,,Stable,0,-14.1636271071472,4592.05379843028,173.500087532723,6.53600547023791,43.9281565931911,838192.912315699,162.43918172399
2,26,25,9,9,38.0108748116135,23.772592427013,289.806192208963,SAT-1,Satellite,838272.130200031,156.825867107265,12.1493200869629,17.6626775772029,43.9219274832885,188.391482363219,1.52372531239362,7,17.6626775772029,Served,BelowSnrFloor,,Stable,0,-11.5023790707368,4971.83479549797,170.838839496313,12.1493200869629,43.9219274832885,838272.130200031,156.825867107265
2,27,26,1,9,37.959273211419,23.7645057009626,202.66198493723,BS2,Terrestrial,4219.05055835272,130.838383225648,28.4980771999282,50.992146,NaN,893.334270320412,8.75952808811392,2,50.992146,Served,,,Stable,0,28.4980771999282,4219.05055835272,130.838383225648,9.37279843197908,44.3668887645369,832664.829433072,159.602388762249
2,27,26,2,9,37.9568705114921,23.7547372869692,57.2958949727332,SAT-1,Satellite,832025.008690927,157.764979332557,11.2102078616709,16.4108526772375,44.4180430100377,188.391482363219,1.6399555488278,7,16.4108526772375,Served,BelowSnrFloor,,Stable,0,-7.89641399427651,3894.4340074544,167.232874419852,11.2102078616709,44.4180430100377,832025.008690927,157.764979332557
2,27,26,3,9,37.9760875051024,23.6890090060912,62.2421735696277,SAT-1,Satellite,828330.977171061,157.801117997265,11.1740691969634,16.3630364688858,44.7156671928938,188.391482363219,1.64474784128277,7,16.3630364688858,Served,,,Stable,0,0.640036976403053,3488.42943551318,158.696423449173,11.1740691969634,44.7156671928938,828330.977171061,157.801117997265
2,27,26,4,9,37.9598784900872,23.747753314015,37.4482659564832,SAT-1,Satellite,831646.982168508,158.583295433579,10.3918917606494,15.3353743458966,44.4483178271353,188.391482363219,1.75496654349573,7,15.3353743458966,Served,,,Stable,0,-5.34602016927946,3196.48064719413,164.682480594855,10.3918917606494,44.4483178271353,831646.982168508,158.583295433579
2,27,26,5,9,38.0037260893223,23.7208348800154,73.0575334800602,SAT-1,Satellite,830751.6590744,156.856223715693,12.118963478535,17.6219509023681,44.5201518789934,188.391482363219,1.52724684446911,7,17.6219509023681,Served,,,Stable,0,11.7767158075539,2110.37237856781,147.559744618022,12.118963478535,44.5201518789934,830751.6590744,156.856223715693
2,27,26,6,9,37.9612256578332,23.6892741396435,163.86814682024,SAT-1,Satellite,828094.001932922,157.070590798576,11.904596395652,17.3348287573998,44.7349105091894,188.391482363219,1.55254310761753,7,17.3348287573998,Served,BelowSnrFloor,,Stable,0,-15.7583989345789,4616.43342768575,175.094859360155,11.904596395652,44.7349105091894,828094.001932922,157.070590798576
2,27,26,7,9,38.0064304978534,23.7615114781667,286.046969842158,BS2,Terrestrial,3475.19572832978,134.255494670345,25.0809657552308,50.992146,NaN,893.334270320412,8.75952808811392,2,50.992146,Served,,,Stable,0,25.0809657552308,3475.19572832978,134.255494670345,5.50977645943198,44.3171641625709,833287.669830659,163.465410734796
2,27,26,8,9,37.9818074226769,23.7797074117153,356.696165153081,SAT-1,Satellite,833979.308763986,158.589659288584,10.385527905644,15.3270732686955,44.2621456360069,188.391482363219,1.75591702585511,7,15.3270732686955,Served,BelowSnrFloor,,Stable,0,-13.9505405669399,4310.66012556715,173.287000992516,10.385527905644,44.2621456360069,833979.308763986,158.589659288584
2,27,26,9,9,38.0108773555294,23.7725834991927,289.806192208963,SAT-1,Satellite,834044.473658762,166.741615289899,2.23357190432947,6.07787730315804,44.2569404336795,188.391482363219,4.42803754775492,7,6.07787730315804,BelowTarget,,,Stable,0,-5.42910837471183,4545.5766963621,164.765568800288,2.23357190432947,44.2569404336795,834044.473658762,166.741615289899
2,28,27,1,9,37.959266283269,23.764502047407,202.66198493723,BS2,Terrestrial,4219.37754708467,130.481904624446,28.8545558011297,33.994764,NaN,893.334270320412,8.75952808811392,3,33.994764,Served,,,Stable,0,28.8545558011297,4219.37754708467,130.481904624446,14.4545569353318,44.7033186769945,828503.277369891,154.520630258896
2,28,27,2,9,37.9568745679608,23.7547452659833,57.2958949727332,SAT-1,Satellite,827868.372509501,164.978860716555,3.99632647767342,9.05686730416774,44.754849304681,188.391482363219,3.4668257068778,6,9.05686730416774,Served,,,Stable,0,-0.976746588798164,3894.42931448308,160.313207014374,3.99632647767342,44.754849304681,827868.372509501,164.978860716555
2,28,27,3,9,37.9760910017388,23.6890173993126,62.2421735696277,SAT-1,Satellite,824182.476821947,155.60222995606,13.3729572381684,22.5363763215863,45.0563462795433,188.391482363219,1.39323997548776,6,22.5363763215863,Served,,,Stable,0,1.99921009347082,3487.61928806788,157.337250332105,13.3729572381684,45.0563462795433,824182.476821947,155.60222995606
2,28,27,4,9,37.9598844505474,23.7477590798592,37.4482659564832,SAT-1,Satellite,827490.572558307,156.328594982554,12.6465922116739,21.3874252301104,44.7855652424166,188.391482363219,1.46808603915843,6,21.3874252301104,Served,,,Stable,0,-2.4397835680908,3196.21320336008,161.776243993667,12.6465922116739,44.7855652424166,827490.572558307,156.328594982554
2,28,27,5,9,38.0037282771618,23.7208439564433,73.0575334800602,BS2,Terrestrial,2110.25523852002,148.235412785127,11.1010476404487,23.2285700221598,NaN,893.334270320412,12.8194757500237,3,23.2279159935441,Served,,,InTransition,0.0281562151709637,11.1010476404487,2110.25523852002,148.235412785127,7.59867773970984,44.859793882236,826579.317877675,161.376509454518
2,28,27,6,9,37.9612184456593,23.6892767744186,163.86814682024,SAT-1,Satellite,823952.953541342,159.63507882301,9.34010837121784,16.307917014079,45.0752698628341,188.391482363219,1.9253581169663,6,16.307917014079,Served,BelowSnrFloor,,Stable,0,-12.7798098909179,4190.74859129042,172.116270316494,9.34010837121784,45.0752698628341,823952.953541342,159.63507882301
2,28,27,7,9,38.0064325731809,23.7615023592994,286.046969842158,BS2,Terrestrial,3474.72470578246,137.18108269757,22.1553777280058,33.994764,NaN,893.334270320412,8.75952808811392,3,33.994764,Served,,,Stable,0,22.1553777280058,3474.72470578246,137.18108269757,12.1056483519328,44.6548398486422,829101.432826506,156.869538842295
2,28,27,8,9,37.9818149179665,23.7797068650627,356.696165153081,SAT-1,Satellite,829801.829522691,163.658212544787,5.31697464944068,10.6903227807419,44.5982778384983,188.391482363219,2.93710312006974,6,10.6903227807419,Served,BelowSnrFloor,,Stable,0,-8.97684953481556,4310.51179145112,168.313309960391,5.31697464944068,44.5982778384983,829801.829522691,163.658212544787
2,28,27,9,9,38.0108798994453,23.7725745713721,289.806192208963,SAT-1,Satellite,829852.814342102,158.277093691411,10.6980935028171,18.3586289001067,44.5941387809385,188.391482363219,1.71029005296182,6,18.3586289001067,Served,,,Stable,0,-5.3404917363444,4545.11468928537,164.67695216192,10.6980935028171,44.5941387809385,829852.814342102,158.277093691411
2,29,28,1,9,37.959259355119,23.7644983938518,202.66198493723,BS2,Terrestrial,4219.70467501786,135.5700290421,23.766431383476,50.992146,NaN,893.334270320412,8.75952808811392,2,50.992146,Served,,,Stable,0,23.766431383476,4219.70467501786,135.5700290421,14.5912929827882,45.0418347738346,824378.642566935,154.38389421144
2,29,28,2,9,37.9568786244296,23.7547532449979,57.2958949727332,SAT-1,Satellite,823748.704890224,158.259760340802,10.7154268534264,15.758711984648,45.0937411535822,188.391482363219,1.70782161227705,7,15.758711984648,Served,,,Stable,0,-0.429925644519813,3829.38334915177,159.766386070096,10.7154268534264,45.0937411535822,823748.704890224,158.259760340802
2,29,28,3,9,37.9760944983752,23.6890257925344,62.2421735696277,SAT-1,Satellite,820071.201545689,161.5281767499,7.4470104443279,11.6256153646999,45.3991621460229,188.391482363219,2.3149801593084,7,11.6256153646999,Served,,,Stable,0,2.3507876882185,3486.80915156949,156.985672737357,7.4470104443279,45.3991621460229,820071.201545689,161.5281767499
2,29,28,4,9,37.9598904110076,23.7477648457039,37.4482659564832,SAT-1,Satellite,823371.151884476,158.043059612302,10.932127581926,16.0436522605194,45.1249053178309,188.391482363219,1.67749016695279,7,16.0436522605194,Served,BelowSnrFloor,,Stable,0,-9.47145595399203,3195.94595438626,168.807916379568,10.932127581926,45.1249053178309,823371.151884476,158.043059612302
2,29,28,5,9,38.0037304650012,23.7208530328716,73.0575334800602,SAT-1,Satellite,822443.851799804,158.166003680083,10.809183514145,15.8818593778504,45.2016002186211,188.391482363219,1.69457922203779,7,15.7075796419611,Served,,,InTransition,10.9735095710754,8.56408122939879,2110.13842114752,150.772379196177,10.809183514145,45.2016002186211,822443.851799804,158.166003680083
2,29,28,6,9,37.9612112334853,23.6892794091934,163.86814682024,SAT-1,Satellite,819849.235267048,156.483635248633,12.491551945595,18.1229269464423,45.4177443576178,188.391482363219,1.48502882501077,7,18.1229269464423,Served,,,Stable,0,-1.37823647878469,4191.04205230984,160.714696904361,12.491551945595,45.4177443576178,819849.235267048,156.483635248633
2,29,28,7,9,38.0064346485084,23.7614932404318,286.046969842158,BS2,Terrestrial,3474.25381932696,133.649661944891,25.6867984806845,50.992146,NaN,893.334270320412,8.75952808811392,2,50.992146,Served,,,Stable,0,25.6867984806845,3474.25381932696,133.649661944891,0.996610921119441,44.9946701827372,824951.835320948,167.978576273109
2,29,28,8,9,37.9818224132562,23.77970631841,356.696165153081,SAT-1,Satellite,825661.027011448,155.142079663103,13.833107531125,19.9446089889678,44.9365229480254,188.391482363219,1.34939065107358,7,19.9446089889678,Served,BelowSnrFloor,,Stable,0,-19.9845297164638,4591.7892073494,179.32099014204,13.833107531125,44.9365229480254,825661.027011448,155.142079663103
2,29,28,9,9,38.0108824433611,23.7725656435513,289.806192208963,SAT-1,Satellite,825697.704590278,156.590267970715,12.3849192235133,17.9793078609303,44.9334937468771,188.391482363219,1.4968912661824,7,17.9793078609303,Served,BelowSnrFloor,,Stable,0,-12.7266620807563,4970.47299002373,172.063122506332,12.3849192235133,44.9334937468771,825697.704590278,156.590267970715
2,30,29,1,9,37.9592524269691,23.7644947402969,202.66198493723,BS2,Terrestrial,4220.03194212254,131.363893877885,27.9725665476904,50.992146,NaN,893.334270320412,8.75952808811392,2,50.992146,Served,,,Stable,0,27.9725665476904,4220.03194212254,131.363893877885,9.74104688797377,45.3824020613944,820291.485949683,159.234140306254
2,30,29,2,9,37.9568826808984,23.7547612240129,57.2958949727332,SAT-1,Satellite,819666.567278661,157.353178199123,11.6220089951053,16.9576491019478,45.4346832782819,188.391482363219,1.58707546943756,7,16.9576491019478,Served,,,Stable,0,-4.8054943687217,3829.47048413323,164.141954794298,11.6220089951053,45.4346832782819,819666.567278661,157.353178199123
2,30,29,3,9,37.9760979950116,23.6890341857566,62.2421735696277,SAT-1,Satellite,815997.718023117,157.226133251867,11.7490539423613,17.127030718199,45.7440793986433,188.391482363219,1.57137973019653,7,17.127030718199,Served,,,Stable,0,2.0532758503559,3485.99902602382,157.28318457522,11.7490539423613,45.7440793986433,815997.718023117,157.226133251867
2,30,29,4,9,37.9598963714677,23.747770611549,37.4482659564832,SAT-1,Satellite,819289.282124063,154.933188804843,14.0419983893849,20.2304577670108,45.4663028283276,188.391482363219,1.33032426744775,7,20.2304577670108,Served,BelowSnrFloor,,Stable,0,-9.75475523275341,3300.22187146534,169.091215658329,14.0419983893849,45.4663028283276,819289.282124063,154.933188804843
2,30,29,5,9,38.0037326528407,23.7208621093001,73.0575334800602,SAT-1,Satellite,818345.82393101,156.038815332871,12.9363718613567,18.7240200694539,45.5455377008732,188.391482363219,1.43735526928519,7,18.7240200694539,Served,,,Stable,0,10.490698275179,2110.02192650723,148.845762150397,12.9363718613567,45.5455377008732,818345.82393101,156.038815332871
2,30,29,6,9,37.9612040213113,23.689282043968,163.86814682024,SAT-1,Satellite,815783.414479765,165.852446752985,3.12274044124314,6.89987537378152,45.762297676392,188.391482363219,3.90051521963669,7,6.89987537378152,BelowTarget,BelowSnrFloor,,Stable,0,-17.2656366093015,4617.34229613174,176.602097034877,3.12274044124314,45.762297676392,815783.414479765,165.852446752985
2,30,29,7,9,38.0064367238359,23.7614841215639,286.046969842158,BS2,Terrestrial,3473.78306901776,133.58740763249,25.7490527930856,50.992146,NaN,893.334270320412,8.75952808811392,2,50.992146,Served,,,Stable,0,25.7490527930856,3473.78306901776,133.58740763249,9.39535443962572,45.3366228697962,820839.437057218,159.579832754602
2,30,29,8,9,37.9818299085458,23.7797057717573,356.696165153081,SAT-1,Satellite,821557.45986104,158.270515634285,10.7046715599431,15.7445983408615,45.2768475999455,188.391482363219,1.70935252372774,7,15.7445983408615,Served,BelowSnrFloor,,Stable,0,-19.5257521845906,4591.70130942214,178.862212610166,10.7046715599431,45.2768475999455,821557.45986104,158.270515634285
2,30,29,9,9,38.010884987277,23.7725567157301,289.806192208963,SAT-1,Satellite,821579.703025157,159.872998666162,9.10218852806659,13.6756903260844,45.2749734836803,188.391482363219,1.96794957090381,7,13.6756903260844,Served,BelowSnrFloor,,Stable,0,-11.8142764016241,4544.19099287696,171.1507368272,9.10218852806659,45.2749734836803,821579.703025157,159.872998666162
2,31,30,1,9,37.9592454988191,23.7644910867423,202.66198493723,BS2,Terrestrial,4220.35934836481,136.532521442714,22.8039389828621,33.994764,NaN,893.334270320412,8.75952808811392,3,33.994764,Served,,,Stable,0,22.8039389828621,4220.35934836481,136.532521442714,12.6228047174937,45.7249822025216,816242.374503707,156.352382476734
2,31,30,2,9,37.9568867373671,23.7547692030284,57.2958949727332,SAT-1,Satellite,815622.527167562,156.739442597402,12.235744596826,24.890200526986,45.7776370398477,188.391482363219,1.5137803502946,5,24.890200526986,Served,,,Stable,0,0.52104802789907,3829.55779839915,158.815412397677,12.235744596826,45.7776370398477,815622.527167562,156.739442597402
2,31,30,3,9,37.976101491648,23.6890425789792,62.2421735696277,BS1,Terrestrial,3485.18891144029,152.248515460268,7.08794496530771,47.9601828324629,NaN,893.334270320412,18.6265818343741,1,47.9579526189543,Served,,,InTransition,0.0465013554335685,7.08794496530771,3485.18891144029,152.248515460268,6.5670351656799,46.0910592120199,811962.599018614,162.408152028548
2,31,30,4,9,37.9599023319279,23.7477763773946,37.4482659564832,SAT-1,Satellite,815245.531308303,160.386721283139,8.5884659110896,18.2402470900242,45.8097191829481,188.391482363219,2.06566809576008,5,18.2402470900242,Served,BelowSnrFloor,,Stable,0,-12.8650265120803,3195.41204121296,172.201486937656,8.5884659110896,45.8097191829481,815245.531308303,160.386721283139
2,31,30,5,9,38.0037348406802,23.7208711857289,73.0575334800602,BS2,Terrestrial,2109.90575465001,144.665180930795,14.6712794947811,30.1231427605088,NaN,893.334270320412,9.8853593223742,3,30.1222947472841,Served,,,InTransition,0.0281515521601282,14.6712794947811,2109.90575465001,144.665180930795,8.9174693834066,45.8915698172242,814285.803520933,160.057717810822
2,31,30,6,9,37.9611968091372,23.6892846787423,163.86814682024,SAT-1,Satellite,811756.06459732,161.900878805195,7.07430838903281,15.6505335884094,46.1088900378646,188.391482363219,2.40747679686448,5,15.6505335884094,Served,,,Stable,0,-1.89802647070886,4191.62940966651,161.234486896285,7.07430838903281,46.1088900378646,811756.06459732,161.900878805195
2,31,30,7,9,38.0064387991634,23.7614750026958,286.046969842158,BS2,Terrestrial,3473.31245491044,132.645842193152,26.6906182324242,33.994764,NaN,893.334270320412,8.75952808811392,3,33.994764,Served,,,Stable,0,26.6906182324242,3473.31245491044,132.645842193152,7.96199420816566,45.6806623588548,816764.803956323,161.013192986062
2,31,30,8,9,37.9818374038354,23.7797052251045,356.696165153081,SAT-1,Satellite,817491.692818143,160.63934880131,8.33583839291765,17.7995258870718,45.6192151570717,188.391482363219,2.11681461133807,5,17.7995258870718,Served,BelowSnrFloor,,Stable,0,-16.0590830785742,4310.06772522867,175.39554350415,8.33583839291765,45.6192151570717,817491.692818143,160.63934880131
2,31,30,9,9,38.0108875311929,23.7725477879086,289.806192208963,SAT-1,Satellite,817499.37445819,156.733646514184,12.241540680044,24.9011019717784,45.6185429137307,188.391482363219,1.51311763292028,5,24.9011019717784,Served,BelowSnrFloor,,Stable,0,-10.8445974009378,4543.72930360896,170.181057826514,12.241540680044,45.6185429137307,817499.37445819,156.733646514184
2,32,31,1,9,37.9592385706691,23.7644874331881,202.66198493723,BS2,Terrestrial,4220.6868937129,138.541461967561,20.7949984580151,33.994764,NaN,893.334270320412,8.75952808811392,3,33.994764,Served,,,Stable,0,20.7949984580151,4220.6868937129,138.541461967561,10.5454410768736,46.0695333470385,812231.881163543,158.429746117355
2,32,31,2,9,37.9568907938358,23.7547771820443,57.2958949727332,SAT-1,Satellite,811617.157984539,158.376905104116,10.5982820901122,18.2059932910172,46.1225602685288,188.391482363219,1.72462880173431,6,18.2059932910172,Served,,,Stable,0,3.45556211651379,3829.64529193728,155.880898309062,10.5982820901122,46.1225602685288,811617.157984539,158.376905104116
2,32,31,3,9,37.9761049882844,23.6890509722021,62.2421735696277,SAT-1,Satellite,807966.423263528,157.284764538561,11.690422655667,19.8902922686417,46.4400591529354,188.391482363219,1.57858818612593,6,19.6758680845355,Served,,,InTransition,10.7803435570554,8.25959910710941,3484.37880782536,151.076861318466,11.690422655667,46.4400591529354,807966.423263528,157.284764538561
2,32,31,4,9,37.9599082923881,23.7477821432407,37.4482659564832,SAT-1,Satellite,811240.47341001,156.712701355743,12.262485838485,20.7837525578608,46.1551122538997,188.391482363219,1.51072720416864,6,20.7837525578608,Served,BelowSnrFloor,,Stable,0,-9.27782683170415,3195.1453771124,168.61428725728,12.262485838485,46.1551122538997,811240.47341001,156.712701355743
2,32,31,5,9,38.0037370285196,23.7208802621579,73.0575334800602,BS2,Terrestrial,2109.78990562999,142.379389787464,16.9570706381122,33.994764,NaN,893.334270320412,8.75952808811392,3,33.994764,Served,,,Stable,0,16.9570706381122,2109.78990562999,142.379389787464,13.1765063118288,46.2396565594531,810264.36586935,155.798680882399
2,32,31,6,9,37.9611895969632,23.6892873135164,163.86814682024,SAT-1,Satellite,807767.764966767,157.915830733443,11.0593564607853,18.9133516142307,46.4574780197883,188.391482363219,1.66012777821172,6,18.9133516142307,Served,,,Stable,0,-3.08120956366028,4191.92330594438,162.417669989236,11.0593564607853,46.4574780197883,807767.764966767,157.915830733443
2,32,31,7,9,38.0064408744909,23.7614658838274,286.046969842158,BS2,Terrestrial,3472.841977061,133.603775910158,25.732684515418,33.994764,NaN,893.334270320412,8.75952808811392,3,33.994764,Served,,,Stable,0,25.732684515418,3472.841977061,133.603775910158,7.939208073419,46.0267496749147,812728.508012348,161.035979120809
2,32,31,8,9,37.981844899125,23.7797046784517,356.696165153081,SAT-1,Satellite,813464.296639105,161.582165330532,7.3930218636963,13.4872967510359,45.9635855424907,188.391482363219,2.32801138533992,6,13.4872967510359,Served,BelowSnrFloor,,Stable,0,-12.6589201320997,4591.52596226775,171.995380557676,7.3930218636963,45.9635855424907,813464.296639105,161.582165330532
2,32,31,9,9,38.0108900751088,23.7725388600868,289.806192208963,SAT-1,Satellite,813457.289787462,159.562988474388,9.41219871984043,16.4152634926763,45.9641635626924,188.391482363219,1.91276737092147,6,16.4152634926763,Served,BelowSnrFloor,,Stable,0,-15.0845301887033,4969.11206971388,174.420990614279,9.41219871984043,45.9641635626924,813457.289787462,159.562988474388
2,33,32,1,9,37.9592316425191,23.7644837796342,202.66198493723,BS2,Terrestrial,4221.01457813556,137.640980291922,21.6954801336535,33.994764,NaN,893.334270320412,8.75952808811392,3,33.994764,Served,,,Stable,0,21.6954801336535,4221.01457813556,137.640980291922,11.2635409119063,46.4160099553575,808260.584689943,157.711646282322
2,33,32,2,9,37.9568948503046,23.7547851610606,57.2958949727332,SAT-1,Satellite,807651.03896807,160.075561490318,8.89962570390992,15.6561382188466,46.4694070865273,188.391482363219,2.00551246769606,6,15.6561382188466,Served,,,Stable,0,-6.22809016103847,3829.73296473394,165.564550586614,8.89962570390992,46.4694070865273,807651.03896807,160.075561490318
2,33,32,3,9,37.9761084849207,23.6890593654255,62.2421735696277,SAT-1,Satellite,804009.775327631,156.650335202025,12.3248519922029,20.8815720133219,46.7910329969149,188.391482363219,1.50365022201577,6,20.8815720133219,Served,,,Stable,0,-3.78765680801732,3483.56871518689,163.124117233593,12.3248519922029,46.7910329969149,804009.775327631,156.650335202025
2,33,32,4,9,37.9599142528482,23.7477879090872,37.4482659564832,SAT-1,Satellite,807274.688219276,165.675135759574,3.30005143465391,8.24919782046575,46.5024361987028,188.391482363219,3.80625862989633,6,8.24919782046575,BelowTarget,,,Stable,0,-3.68335035430351,3194.8789080664,163.019810779879,3.30005143465391,46.5024361987028,807274.688219276,165.675135759574
2,33,32,5,9,38.0037392163591,23.7208893385872,73.0575334800602,BS2,Terrestrial,2109.67437950075,144.427695798316,14.9087646272603,30.5904435978652,NaN,893.334270320412,9.73435017881155,3,30.5904435978652,Served,,,Stable,0,14.9087646272603,2109.67437950075,144.427695798316,9.96408130117959,46.5897542437367,806282.092205222,159.011105893049
2,33,32,6,9,37.9611823847892,23.6892899482902,163.86814682024,SAT-1,Satellite,803819.100733533,160.096963875625,8.87822331860343,15.6246557175456,46.8080143749049,188.391482363219,2.00955342386271,6,15.6246557175456,Served,,,Stable,0,-5.80771736636285,4192.2173472477,165.144177791939,8.87822331860343,46.8080143749049,803819.100733533,160.096963875625
2,33,32,7,9,38.0064429498184,23.7614567649588,286.046969842158,BS2,Terrestrial,3472.37163552469,133.138429139068,26.1980312865074,33.994764,NaN,893.334270320412,8.75952808811392,3,33.994764,Served,,,Stable,0,26.1980312865074,3472.37163552469,133.138429139068,9.43261619884174,46.3748422438177,808731.127176268,159.542570995386
2,33,32,8,9,37.9818523944146,23.7797041317988,356.696165153081,SAT-1,Satellite,809475.847972297,157.82450846375,11.1506787304786,19.0541199635245,46.3099150655488,188.391482363219,1.64786305817201,6,19.0541199635245,Served,BelowSnrFloor,,Stable,0,-13.4918884775221,4309.77246134703,172.828348903098,11.1506787304786,46.3099150655488,809475.847972297,157.82450846375
2,33,32,9,9,38.0108926190247,23.7725299322647,289.806192208963,SAT-1,Satellite,809454.025883345,163.788976535999,5.18621065822884,10.5230488655232,46.3117933856451,188.391482363219,2.98379118021027,6,10.5230488655232,Served,BelowSnrFloor,,Stable,0,-18.7324650327776,4542.80624310644,178.068925458354,5.18621065822884,46.3117933856451,809454.025883345,163.788976535999
2,34,33,1,9,37.959224714369,23.7644801260806,202.66198493723,BS2,Terrestrial,4221.34240159904,133.109987406502,26.2264730190738,33.994764,NaN,893.334270320412,8.75952808811392,3,33.994764,Served,,,Stable,0,26.2264730190738,4221.34240159904,133.109987406502,12.7533931426085,46.7643626150769,804329.069535148,156.22179405162
2,34,33,2,9,37.9568989067734,23.7547931400773,57.2958949727332,SAT-1,Satellite,803724.755031498,158.209034147176,10.7661530470524,18.4628665949205,46.8181277237169,188.391482363219,1.70063409343531,6,18.4628665949205,Served,,,Stable,0,-4.70045296638969,3829.8208167785,164.036913391966,10.7661530470524,46.8181277237169,803724.755031498,158.209034147176
2,34,33,3,9,37.9761119815571,23.6890677586493,62.2421735696277,SAT-1,Satellite,800093.245478231,153.257980871269,15.7172063229595,26.2965533195648,47.1439305373176,188.391482363219,1.19401885153173,6,26.2965533195648,Served,,,Stable,0,11.1020232047079,3482.75863353333,148.234437220868,15.7172063229595,47.1439305373176,800093.245478231,153.257980871269
2,34,33,4,9,37.9599202133084,23.7477936749342,37.4482659564832,SAT-1,Satellite,803348.761207106,154.886904891626,14.0882823026025,23.6761754857769,46.8516412752334,188.391482363219,1.3261677508993,6,23.6761754857769,Served,BelowSnrFloor,,Stable,0,-9.83863430711921,3194.61263412543,169.175094732695,14.0882823026025,46.8516412752334,803348.761207106,154.886904891626
2,34,33,5,9,38.0037414041986,23.7208984150168,73.0575334800602,BS2,Terrestrial,2109.5591763135,140.066246187087,19.2702142384891,33.994764,NaN,893.334270320412,8.75952808811392,3,33.994764,Served,,,Stable,0,19.2702142384891,2109.5591763135,140.066246187087,10.563795339986,46.9418153241067,802339.569553648,158.411391854242
2,34,33,6,9,37.9611751726151,23.6892925830637,163.86814682024,SAT-1,Satellite,799910.66269814,156.421022231077,12.5541649631511,21.241903353336,47.1604478394529,188.391482363219,1.47814345407699,6,21.241903353336,Served,BelowSnrFloor,,Stable,0,-11.0854196250024,4192.51153354463,170.421880050578,12.5541649631511,47.1604478394529,799910.66269814,156.421022231077
2,34,33,7,9,38.0064450251459,23.7614476460899,286.046969842158,BS2,Terrestrial,3471.90143035646,135.828523010042,23.5079374155341,33.994764,NaN,893.334270320412,8.75952808811392,3,33.994764,Served,,,Stable,0,23.5079374155341,3471.90143035646,135.828523010042,8.10952953086479,46.7248937099288,804773.245227917,160.865657663363
2,34,33,8,9,37.9818598897042,23.7797035851459,356.696165153081,SAT-1,Satellite,805526.929228627,159.552978600235,9.42220859399262,16.4301832845089,46.6581562408259,188.391482363219,1.91103044014571,6,16.4301832845089,Served,BelowSnrFloor,,Stable,0,-17.1211136155185,4591.35121343804,176.457574041094,9.42220859399262,46.6581562408259,805526.929228627,159.552978600235
2,34,33,9,9,38.0108951629406,23.7725210044423,289.806192208963,SAT-1,Satellite,805490.165462361,156.025583595706,12.9496035985223,21.8656054186688,46.6613865860729,188.391482363219,1.43598038072441,6,21.8656054186688,Served,BelowSnrFloor,,Stable,0,-18.4195812668595,4542.34487193835,177.756041692435,12.9496035985223,46.6613865860729,805490.165462361,156.025583595706
2,35,34,1,9,37.959217786219,23.7644764725274,202.66198493723,BS2,Terrestrial,4221.67036407208,133.852881072434,25.4835793531417,50.992146,NaN,893.334270320412,8.75952808811392,2,50.992146,Served,,,Stable,0,25.4835793531417,4221.67036407208,133.852881072434,7.26061995417516,47.114537850392,800437.925695729,161.714567240053
2,35,34,2,9,37.9569029632421,23.7548011190946,57.2958949727332,SAT-1,Satellite,799838.896614544,154.531607312263,14.4435798819653,20.7814336983308,47.1686683261406,188.391482363219,1.29505352227902,7,20.7814336983308,Served,,,Stable,0,-0.532159229601973,3829.90884805886,159.868619655178,14.4435798819653,47.1686683261406,799838.896614544,154.531607312263
2,35,34,3,9,37.9761154781935,23.6890761518734,62.2421735696277,SAT-1,Satellite,796217.429526516,167.808615847406,1.16657134682228,5.17172661460847,47.4986973867477,188.391482363219,5.20388468195716,7,5.17172661460847,BelowTarget,,,Stable,0,-5.39425433714646,3859.42545425936,164.730714762722,1.16657134682228,47.4986973867477,796217.429526516,167.808615847406
2,35,34,4,9,37.9599261737685,23.7477994407817,37.4482659564832,SAT-1,Satellite,799463.283376574,157.569070798689,11.4061163955394,16.6705477026662,47.2026736494939,188.391482363219,1.61440819996135,7,16.6705477026662,Served,,,Stable,0,-6.91365013324372,3194.34655533762,166.25011055882,11.4061163955394,47.2026736494939,799463.283376574,157.569070798689
2,35,34,5,9,38.0037435920381,23.7209074914467,73.0575334800602,SAT-1,Satellite,798437.390590316,155.743040922238,13.2321462719904,19.1253767736336,47.2957881983077,188.391482363219,1.40719156686805,7,18.9216302747781,Served,,,InTransition,10.6532018305853,7.66052245654151,2109.44429612205,151.675937969034,13.2321462719904,47.2957881983077,798437.390590316,155.743040922238
2,35,34,6,9,37.9611679604411,23.689295217837,163.86814682024,SAT-1,Satellite,796043.047160107,162.551376153217,6.42381104101077,10.414541078763,47.5147229340518,188.391482363219,2.58418193422958,7,10.414541078763,Served,,,Stable,0,-3.07717483450818,4192.80586480487,162.413635260084,6.42381104101077,47.5147229340518,796043.047160107,162.551376153217
2,35,34,7,9,38.0064471004734,23.7614385272207,286.046969842158,BS2,Terrestrial,3471.43136161105,140.221713643484,19.1147467820919,50.992146,NaN,893.334270320412,8.75952808811392,2,50.992146,Served,,,Stable,0,19.1147467820919,3471.43136161105,140.221713643484,11.2581709937536,47.0768537464329,800855.451635655,157.717016200475
2,35,34,8,9,37.9818673849938,23.7797030384929,356.696165153081,SAT-1,Satellite,801618.128439816,156.497520292069,12.4776669021591,18.1042150243284,47.0082575999206,188.391482363219,1.48656370203655,7,18.1042150243284,Served,BelowSnrFloor,,Stable,0,-15.1408772729922,4591.26406341646,174.477337698568,12.4776669021591,47.0082575999206,801618.128439816,156.497520292069
2,35,34,9,9,38.0108977068564,23.7725120766195,289.806192208963,SAT-1,Satellite,801566.296948832,163.398837682999,5.57634951122947,9.45042462829158,47.0128934275123,188.391482363219,2.84781583554056,7,9.45042462829158,Served,BelowSnrFloor,,Stable,0,-17.8731405438417,4967.75203529523,177.209600969418,5.57634951122947,47.0128934275123,801566.296948832,163.398837682999
2,36,35,1,9,37.959210858069,23.7644728189746,202.66198493723,BS2,Terrestrial,4221.99846551987,136.284875007182,23.0515854183941,50.992146,NaN,893.334270320412,8.75952808811392,2,50.992146,Served,,,Stable,0,23.0515854183941,4221.99846551987,136.284875007182,13.4437883005376,47.4664779241589,796587.748552524,155.531398893691
2,36,35,2,9,37.9569070197108,23.7548090981122,57.2958949727332,SAT-1,Satellite,795994.059521872,160.823807098965,8.15138009526348,14.5664878270578,47.5209707571269,188.391482363219,2.15553541571948,6,14.5664878270578,Served,,,Stable,0,-3.81590008896032,3894.39818741899,163.152360514536,8.15138009526348,47.5209707571269,795994.059521872,160.823807098965
2,36,35,3,9,37.9761189748299,23.689084545098,62.2421735696277,BS1,Terrestrial,3481.13850320843,151.109153408146,8.22730701742938,53.8902193925382,NaN,893.334270320412,16.5769276946775,1,53.8877163366718,Served,,,InTransition,0.0464473126032868,8.22730701742938,3481.13850320843,151.109153408146,7.39058620988729,47.8552747705918,792382.928660595,161.584600984341
2,36,35,4,9,37.9599321342286,23.7478052066296,37.4482659564832,SAT-1,Satellite,795618.851100979,160.738245721863,8.23694147236526,14.6898979641059,47.555475195944,188.391482363219,2.13742671804737,6,14.6898979641059,Served,,,Stable,0,-5.40727954124995,3298.03022930472,164.743739966826,8.23694147236526,47.555475195944,795618.851100979,160.738245721863
2,36,35,5,9,38.0037457798775,23.7209165678768,73.0575334800602,SAT-1,Satellite,794576.153482903,154.075040350165,14.9001468440626,24.9783268760372,47.6516170058558,188.391482363219,1.25703296900929,6,24.9783268760372,Served,,,Stable,0,5.46442506611297,2288.30985077838,153.872035359463,14.9001468440626,47.6516170058558,794576.153482903,154.075040350165
2,36,35,6,9,37.961160748267,23.6892978526101,163.86814682024,SAT-1,Satellite,792216.855748501,161.443124300401,7.53206289382678,13.6831143787751,47.8707797567838,188.391482363219,2.29469545636294,6,13.6831143787751,Served,,,Stable,0,-4.74258642590624,4193.10034099926,164.079046851482,7.53206289382678,47.8707797567838,792216.855748501,161.443124300401
2,36,35,7,9,38.0064491758009,23.7614294083513,286.046969842158,BS2,Terrestrial,3470.96142934661,139.638973637464,19.6974867881121,50.992146,NaN,893.334270320412,8.75952808811392,2,50.992146,Served,,,Stable,0,19.6974867881121,3470.96142934661,139.638973637464,8.91669191294642,47.4306678580498,796978.341403235,160.058495281282
2,36,35,8,9,37.9818748802834,23.7797024918398,356.696165153081,SAT-1,Satellite,797750.039103895,155.369236015939,13.6059511782888,22.9067833606293,47.3601634958751,188.391482363219,1.37071102037991,6,22.9067833606293,Served,BelowSnrFloor,,Stable,0,-16.0090746984813,4591.17706300152,175.345535124057,13.6059511782888,47.3601634958751,797750.039103895,155.369236015939
2,36,35,9,9,38.0109002507723,23.7725031487965,289.806192208963,SAT-1,Satellite,797683.014323798,161.701134606427,7.27405258780078,13.3205116573394,47.3662600376675,188.391482363219,2.35716023540055,6,13.3205116573394,Served,BelowSnrFloor,,Stable,0,-11.3003358167597,4541.42244792449,170.636796242336,7.27405258780078,47.3662600376675,797683.014323798,161.701134606427
2,37,36,1,9,37.9592039299189,23.764469165422,202.66198493723,BS2,Terrestrial,4222.32670591323,134.944391788428,24.3920686371479,50.992146,NaN,893.334270320412,8.75952808811392,2,50.992146,Served,,,Stable,0,24.3920686371479,4222.32670591323,134.944391788428,11.191921008372,47.8201206324761,792779.138697367,157.783266185856
2,37,36,2,9,37.9569110761796,23.7548170771303,57.2958949727332,SAT-1,Satellite,792190.844748416,157.60555051464,11.3696366795878,16.6221295344724,47.8749723908869,188.391482363219,1.61911076755939,7,16.6221295344724,Served,,,Stable,0,-1.16117387888661,3830.08544827453,160.497634304462,11.3696366795878,47.8749723908869,792190.844748416,157.60555051464
2,37,36,3,9,37.9761224714663,23.689092938323,62.2421735696277,SAT-1,Satellite,788590.349264983,157.846809545682,11.1283776485459,16.3026209346719,48.2135993125153,188.391482363219,1.65084307712714,7,16.1310877397067,Served,,,InTransition,10.5218170533828,-4.67696454886553,3857.78604137453,164.013424974441,11.1283776485459,48.2135993125153,788590.349264983,157.846809545682
2,37,36,4,9,37.9599380946888,23.747810972478,37.4482659564832,SAT-1,Satellite,791816.065948726,161.909080654317,7.06610653991154,11.169191987448,47.9099832902508,188.391482363219,2.4095806517854,7,11.169191987448,Served,,,Stable,0,-3.3466950356341,3297.66555089108,162.68315546121,7.06610653991154,47.9099832902508,791816.065948726,161.909080654317
2,37,36,5,9,38.003747967717,23.7209256443072,73.0575334800602,BS2,Terrestrial,2109.21550493876,146.732717217192,12.6037432083839,39.1434128855,NaN,893.334270320412,11.4110421711763,2,39.1423112981695,Served,,,InTransition,0.0281423424593124,12.6037432083839,2109.21550493876,146.732717217192,5.88757780552478,48.0092414181153,790756.461719167,163.087609388703
2,37,36,6,9,37.961153536093,23.6893004873829,163.86814682024,SAT-1,Satellite,788432.695238892,161.851487815105,7.12369937912325,11.2377938828389,48.2285537683151,188.391482363219,2.39487119888626,7,11.2377938828389,Served,BelowSnrFloor,,Stable,0,-7.62826779487233,4193.39496209667,166.964728220448,7.12369937912325,48.2285537683151,788432.695238892,161.851487815105
2,37,36,7,9,38.0064512511284,23.7614202894817,286.046969842158,SAT-1,Satellite,793142.514903561,154.8974275052,14.0777596890284,20.2794469443164,47.7862771759977,188.391482363219,1.32711059541858,7,20.0648385894889,Served,,,InTransition,10.5825546138797,-5.59948276310448,3470.49163361529,164.93594318868,14.0777596890284,47.7862771759977,793142.514903561,154.8974275052
2,37,36,8,9,37.981882375573,23.7797019451867,356.696165153081,SAT-1,Satellite,793923.260017682,159.731671527627,9.24351566660062,13.8551799682348,47.7138139000888,188.391482363219,1.94245538280511,7,13.8551799682348,Served,BelowSnrFloor,,Stable,0,-18.6093522634329,4309.18380680122,177.945812689009,9.24351566660062,47.7138139000888,793923.260017682,159.731671527627
2,37,36,9,9,38.0109027946882,23.7724942209732,289.806192208963,SAT-1,Satellite,793840.916960917,153.690327509852,15.2848596843758,21.9412529024694,47.7214282048198,188.391482363219,1.22659672301586,7,21.9412529024694,Served,BelowSnrFloor,,Stable,0,-10.4858175340544,4966.84583820549,169.82227795963,15.2848596843758,47.7214282048198,793840.916960917,153.690327509852
2,38,37,1,9,37.9591970017689,23.7644655118699,202.66198493723,SAT-1,Satellite,789012.701746041,157.440271975532,11.5349152186964,14.7365012840442,48.1753990916519,188.391482363219,1.59800042367584,8,14.5813634694377,Served,BelowSnrFloor,,InTransition,10.5274523183107,-13.3803441925149,4222.65508521688,172.716804618091,11.5349152186964,48.1753990916519,789012.701746041,157.440271975532
2,38,37,2,9,37.9569151326483,23.7548250561488,57.2958949727332,SAT-1,Satellite,788429.858290878,157.043898997753,11.9312881964751,15.1992169295493,48.2306058984608,188.391482363219,1.5493518780971,8,15.1992169295493,Served,BelowSnrFloor,,Stable,0,-9.72053969740392,3830.17401718594,169.05700012298,11.9312881964751,48.2306058984608,788429.858290878,157.043898997753
2,38,37,3,9,37.9761259681027,23.6891013315483,62.2421735696277,SAT-1,Satellite,784840.30272592,158.075195734064,10.8999914601646,14.0011621205384,48.5736028117493,188.391482363219,1.68192719237628,8,14.0011621205384,Served,,,Stable,0,7.22377804868111,3479.51841691229,152.112682376895,10.8999914601646,48.5736028117493,784840.30272592,158.075195734064
2,38,37,4,9,37.9599440551489,23.7478167383269,37.4482659564832,SAT-1,Satellite,788055.534494361,163.369215389361,5.60597180486684,8.29804132009126,48.2661305943239,188.391482363219,2.83789082110082,8,8.29804132009126,BelowTarget,BelowSnrFloor,,Stable,0,-17.4275997910038,3297.30104270706,176.76406021658,5.60597180486684,48.2661305943239,788055.534494361,163.369215389361
2,38,37,5,9,38.0037501555565,23.7209347207378,73.0575334800602,BS2,Terrestrial,2109.10159405022,140.841067896047,18.4953925295286,101.984292,NaN,893.334270320412,8.75952808811392,1,101.984292,Served,,,Stable,0,18.4953925295286,2109.10159405022,140.841067896047,6.01854581904382,48.3685964202139,786978.92392112,162.956641375184
2,38,37,6,9,37.9611463239189,23.6893031221554,163.86814682024,SAT-1,Satellite,784691.177356088,155.581403431111,13.3937837631166,16.9270881245232,48.5879755689025,188.391482363219,1.39119824521299,8,16.9270881245232,Served,BelowSnrFloor,,Stable,0,-12.5760599012751,4193.68972806646,171.912520326851,13.3937837631166,48.5879755689025,784691.177356088,155.581403431111
2,38,37,7,9,38.0064533264559,23.7614111706117,286.046969842158,SAT-1,Satellite,789348.577698765,154.764609538632,14.2105776555966,17.9038347571755,48.1436182450319,188.391482363219,1.31530119746913,8,17.9038347571755,Served,,,Stable,0,-4.58136406743156,3470.02197447398,163.917824493007,14.2105776555966,48.1436182450319,789348.577698765,154.764609538632
2,38,37,8,9,37.9818898708625,23.7797013985336,356.696165153081,SAT-1,Satellite,790138.395095613,159.27838904,9.69679815422839,12.6306105285669,48.0691441915751,188.391482363219,1.86443365046696,8,12.6306105285669,Served,BelowSnrFloor,,Stable,0,-12.7765887128892,4591.00351102683,172.113049138465,9.69679815422839,48.0691441915751,790138.395095613,159.27838904
2,38,37,9,9,38.0109053386041,23.7724852931495,289.806192208963,SAT-1,Satellite,790040.609448739,159.860778908298,9.11440828592993,11.9797866961373,48.0783351663579,188.391482363219,1.96572241999895,8,11.9797866961373,Served,BelowSnrFloor,,Stable,0,-12.587381176431,4540.50044856156,171.923841602007,9.11440828592993,48.0783351663579,790040.609448739,159.860778908298
2,39,38,1,9,37.9591900736188,23.764461858318,202.66198493723,SAT-1,Satellite,785289.048137223,159.336461868843,9.63872532538483,11.1691701578304,48.5322415174548,188.391482363219,1.874121947598,9,11.1691701578304,Served,,,Stable,0,-6.73821047381739,4243.7957436104,166.074670899393,9.63872532538483,48.5322415174548,785289.048137223,159.336461868843
2,39,38,2,9,37.9569191891171,23.7548330351678,57.2958949727332,SAT-1,Satellite,784711.710945187,161.929199488742,7.04598770548566,8.66853748529024,48.5877990259116,188.391482363219,2.41475415717668,9,8.66853748529024,BelowTarget,,,Stable,0,-0.263287126242375,3830.26276528182,159.599747551818,7.04598770548566,48.5877990259116,784711.710945187,161.929199488742
2,39,38,3,9,37.9761294647391,23.6891097247741,62.2421735696277,SAT-1,Satellite,781133.405222307,156.808402300992,12.1667848932362,13.755867941702,48.9352120120324,188.391482363219,1.52170601069732,9,13.755867941702,Served,,,Stable,0,-0.133496364251158,3478.70839029416,159.469956789827,12.1667848932362,48.9352120120324,781133.405222307,156.808402300992
2,39,38,4,9,37.959950015609,23.7478225041762,37.4482659564832,SAT-1,Satellite,784337.868115513,161.529094706486,7.44609248774185,9.04128389713635,48.6238448335253,188.391482363219,2.31520071346022,9,9.04128389713635,Served,,,Stable,0,-4.33591379503184,3193.28419268938,163.672374220608,7.44609248774185,48.6238448335253,784337.868115513,161.529094706486
2,39,38,5,9,38.0037523433959,23.7209437971688,73.0575334800602,SAT-1,Satellite,783244.153645034,157.054462624868,11.9207245693604,13.4994232955429,48.7296120846406,188.391482363219,1.55061342036424,9,13.3583477735721,Served,,,InTransition,10.4504850971939,3.15416270375289,2108.98800636813,156.182297721823,11.9207245693604,48.7296120846406,783244.153645034,157.054462624868
2,39,38,6,9,37.9611391117448,23.6893057569277,163.86814682024,SAT-1,Satellite,780992.918562441,155.421145857965,13.5540413362629,15.2161234571438,48.948970667165,188.391482363219,1.37567147034542,9,15.2161234571438,Served,BelowSnrFloor,,Stable,0,-18.2115661723779,4193.984638878,177.548026597954,13.5540413362629,48.948970667165,780992.918562441,155.421145857965
2,39,38,7,9,38.0064554017834,23.7614020517416,286.046969842158,SAT-1,Satellite,785597.140346355,154.460251950498,14.5149352437298,16.2396298325958,48.5026228024115,188.391482363219,1.28896946205212,9,16.2396298325958,Served,,,Stable,0,-4.76280515362998,3897.68902523699,164.099265579206,14.5149352437298,48.5026228024115,785597.140346355,154.460251950498
2,39,38,8,9,37.9818973661521,23.7797008518803,356.696165153081,SAT-1,Satellite,786396.053174712,160.37997048164,8.59521671258761,10.140037625554,48.4260849384385,188.391482363219,2.06433030154588,9,10.140037625554,Served,BelowSnrFloor,,Stable,0,-23.9282641759469,4308.89041639309,183.264724601523,8.59521671258761,48.4260849384385,786396.053174712,160.37997048164
2,39,38,9,9,38.0109078825199,23.7724763653256,289.806192208963,SAT-1,Satellite,786282.70139913,162.19167475657,6.78351243765772,8.42704115540553,48.4369133892828,188.391482363219,2.48395451537808,9,8.42704115540553,BelowTarget,BelowSnrFloor,,Stable,0,-12.8528606321506,4965.94003538351,172.189321057726,6.78351243765772,48.4369133892828,786282.70139913,162.19167475657
2,40,39,1,9,37.9591831454688,23.7644582047666,202.66198493723,SAT-1,Satellite,781608.792916875,156.512914602951,12.4622725912767,14.0649233723411,48.8905709965644,188.391482363219,1.48826882131548,9,14.0649233723411,Served,,,Stable,0,-6.24761179021095,4244.04523855246,165.584072215787,12.4622725912767,48.8905709965644,781608.792916875,156.512914602951
2,40,39,2,9,37.9569232455858,23.7548410141872,57.2958949727332,SAT-1,Satellite,781037.018089369,160.187694113853,8.7874930803753,10.3275943508182,48.9464743646825,188.391482363219,2.02684054177517,9,10.3275943508182,Served,,,Stable,0,3.13680528823642,3830.35169255221,156.199655137339,8.7874930803753,48.9464743646825,781037.018089369,160.187694113853
2,40,39,3,9,37.9761329613754,23.6891181180003,62.2421735696277,SAT-1,Satellite,777470.277501696,158.448967167475,10.5262200267531,12.0639782663242,49.2983483620856,188.391482363219,1.73511477450833,9,12.0639782663242,Served,,,Stable,0,2.62080774894864,3477.89837470664,156.715652676627,10.5262200267531,49.2983483620856,777470.277501696,158.448967167475
2,40,39,4,9,37.9599559760691,23.747828270026,37.4482659564832,SAT-1,Satellite,780663.682775228,157.708985266177,11.2662019280507,12.8216631106032,48.9830485659694,188.391482363219,1.63257970114158,9,12.8216631106032,Served,,,Stable,0,-2.75510833266191,3193.0190903972,162.091568758238,11.2662019280507,48.9830485659694,780663.682775228,157.708985266177
2,40,39,5,9,38.0037545312354,23.7209528736,73.0575334800602,SAT-1,Satellite,779552.76916676,156.501773737157,12.473413457071,14.0765983459169,49.0922133363861,188.391482363219,1.48703446776388,9,14.0765983459169,Served,,,Stable,0,10.3752687892279,2108.87474194606,148.961191636348,12.473413457071,49.0922133363861,779552.76916676,156.501773737157
2,40,39,6,9,37.9611318995707,23.6893083916997,163.86814682024,SAT-1,Satellite,777338.539831194,157.225075374251,11.7501118199772,13.3221218981006,49.3114592405172,188.391482363219,1.57125021744704,9,13.3221218981006,Served,,,Stable,0,-0.292458676017816,4194.27969450156,159.628919101594,11.7501118199772,49.3114592405172,777338.539831194,157.225075374251
2,40,39,7,9,38.0064574771109,23.7613929328711,286.046969842158,SAT-1,Satellite,781888.818190859,159.670509624872,9.30467756935602,10.8368176651805,48.8632175486623,188.391482363219,1.93159907050054,9,10.8368176651805,Served,,,Stable,0,-5.66439191944795,3897.22570606517,165.000852345024,9.30467756935602,48.8632175486623,781888.818190859,159.670509624872
2,40,39,8,9,37.9819048614416,23.7797003052271,356.696165153081,SAT-1,Satellite,782696.847805154,155.250359938824,13.7248272554037,15.3973945927976,48.7845616714717,188.391482363219,1.35947590373751,9,15.3973945927976,Served,BelowSnrFloor,,Stable,0,-18.3104494526389,4308.74395546112,177.646909878215,13.7248272554037,48.7845616714717,782696.847805154,155.250359938824
2,40,39,9,9,38.0109104264358,23.7724674375013,289.806192208963,SAT-1,Satellite,782567.807241279,156.018620697994,12.9565664962342,14.5844085800717,48.7970903425519,188.391482363219,1.43525785185755,9,14.5844085800717,Served,BelowSnrFloor,,Stable,0,-20.7984201377407,4965.48728189117,180.134880563317,12.9565664962342,48.7970903425519,782567.807241279,156.018620697994
2,41,40,1,9,37.9591762173187,23.7644545512154,202.66198493723,SAT-1,Satellite,777972.555507846,159.24166107076,9.73352612346824,11.2639549362073,49.2503052501726,188.391482363219,1.85835144474527,9,11.2639549362073,Served,BelowSnrFloor,,Stable,0,-7.89570493293178,4223.64105627519,167.232165358508,9.73352612346824,49.2503052501726,777972.555507846,159.24166107076
2,41,40,2,9,37.9569273020545,23.754848993207,57.2958949727332,SAT-1,Satellite,777406.399451582,160.932975355792,8.04221183843606,9.60633115520057,49.3065491140693,188.391482363219,2.179019918329,9,9.60633115520057,Served,,,Stable,0,-2.40175598140519,3894.38452593978,161.738216406981,8.04221183843606,49.3065491140693,777406.399451582,160.932975355792
2,41,40,3,9,37.9761364580118,23.6891265112268,62.2421735696277,SAT-1,Satellite,773851.544641107,157.398678338468,11.5765088557597,13.1421605271189,49.6629277675324,188.391482363219,1.59276603615154,9,13.1421605271189,Served,,,Stable,0,4.9742177392726,3477.08837015753,154.362242686303,11.5765088557597,49.6629277675324,773851.544641107,157.398678338468
2,41,40,4,9,37.9599619365292,23.7478340358763,37.4482659564832,SAT-1,Satellite,777033.598789423,161.068205979171,7.90698121505685,9.47717895051512,49.3436589438554,188.391482363219,2.20871496027927,9,9.47717895051512,Served,,,Stable,0,-5.19310756710465,3296.20854010422,164.529567992681,7.90698121505685,49.3436589438554,777033.598789423,161.068205979171
2,41,40,5,9,38.0037567190748,23.7209619500314,73.0575334800602,SAT-1,Satellite,775905.39325205,156.607306586241,12.3678806079866,13.966070992473,49.4563197095131,188.391482363219,1.49880284444552,9,13.966070992473,Served,,,Stable,0,5.56603776138448,2288.48095308909,153.770422664191,12.3678806079866,49.4563197095131,775905.39325205,156.607306586241
2,41,40,6,9,37.9611246873966,23.6893110264714,163.86814682024,SAT-1,Satellite,773728.666404617,156.423373915826,12.5518132784024,14.1588019066559,49.6753558871943,188.391482363219,1.47840100223498,9,14.1588019066559,Served,BelowSnrFloor,,Stable,0,-10.3695112191054,4194.57489490524,169.705971644681,12.5518132784024,49.6753558871943,773728.666404617,156.423373915826
2,41,40,7,9,38.0064595524384,23.7613838140004,286.046969842158,SAT-1,Satellite,778224.231140732,154.005826711558,14.9693604826697,16.7264750426073,49.225323910029,188.391482363219,1.25145237570531,9,16.7264750426073,Served,,,Stable,0,6.20701141679379,3468.61381714406,153.129449008782,14.9693604826697,49.225323910029,778224.231140732,154.005826711558
2,41,40,8,9,37.9819123567311,23.7796997585738,356.696165153081,SAT-1,Satellite,779041.397026158,160.085600506113,8.88958668811537,10.4275792053815,49.1444946497968,188.391482363219,2.00740617903373,9,10.4275792053815,Served,BelowSnrFloor,,Stable,0,-11.505420907552,4590.74430532747,170.841881333128,8.88958668811537,49.1444946497968,779041.397026158,160.085600506113
2,41,40,9,9,38.0109129703517,23.7724585096767,289.806192208963,SAT-1,Satellite,778896.54600101,154.222521651315,14.7526655429131,16.4941142931988,49.1587882611548,188.391482363219,1.269082204546,9,16.4941142931988,Served,BelowSnrFloor,,Stable,0,-12.8512733495341,4965.03462704805,172.18773377511,14.7526655429131,49.1587882611548,778896.54600101,154.222521651315
2,42,41,1,9,37.9591692891686,23.7644508976646,202.66198493723,SAT-1,Satellite,774380.959464219,157.940592231352,11.0345949628757,16.1787599808887,49.6113563897178,188.391482363219,1.66348156106046,7,16.1787599808887,Served,BelowSnrFloor,,Stable,0,-8.64667910855252,4223.96999090113,167.983139534128,11.0345949628757,49.6113563897178,774380.959464219,157.940592231352
2,42,41,2,9,37.9569313585232,23.7548569722273,57.2958949727332,SAT-1,Satellite,773820.478862872,157.626116445292,11.3490707489365,16.5948453134986,49.6679348357911,188.391482363219,1.62177280960489,7,16.5948453134986,Served,,,Stable,0,3.06244298173456,3830.53008456243,156.274017443841,11.3490707489365,49.6679348357911,773820.478862872,157.626116445292
2,42,41,3,9,37.9761399546482,23.6891349044538,62.2421735696277,SAT-1,Satellite,770277.835792217,156.520800004511,12.4543871897175,18.0728497357883,50.0288603342093,188.391482363219,1.48914362164685,7,18.0728497357883,Served,,,Stable,0,2.07443475772916,3853.68761168957,157.262025667847,12.4543871897175,50.0288603342093,770277.835792217,156.520800004511
2,42,41,4,9,37.9599678969893,23.747839801727,37.4482659564832,SAT-1,Satellite,773448.240579027,156.045337026688,12.9298501675406,18.7151849209649,49.7055874668124,188.391482363219,1.4380338224114,7,18.7151849209649,Served,BelowSnrFloor,,Stable,0,-8.76693428385451,3192.48947219806,168.10339470943,12.9298501675406,49.7055874668124,773448.240579027,156.045337026688
2,42,41,5,9,38.0037589069143,23.7209710264632,73.0575334800602,BS2,Terrestrial,2108.64918308395,144.759935690284,14.5765247352918,44.9053889152314,NaN,893.334270320412,9.94684927466916,2,44.9041255117117,Served,,,InTransition,0.0281347862738289,14.5765247352918,2108.64918308395,144.759935690284,8.74373644122758,49.8218450950721,772302.652911467,160.231450753001
2,42,41,6,9,37.9611174752225,23.6893136612429,163.86814682024,SAT-1,Satellite,770163.927536471,154.749967504125,14.2252196901034,20.4816105835687,50.0405693698341,188.391482363219,1.31401135663726,7,20.4816105835687,Served,,,Stable,0,2.34254431273308,4194.87024005885,156.993916112843,14.2252196901034,50.0405693698341,770163.927536471,154.749967504125
2,42,41,7,9,38.0064616277659,23.7613746951295,286.046969842158,BS2,Terrestrial,3468.14470491843,131.524262144456,27.8121982811199,50.992146,NaN,893.334270320412,8.75952808811392,2,50.9897863923925,Served,,,InTransition,0.0462739420204952,27.8121982811199,3468.14470491843,131.524262144456,12.1959167798131,49.5888577925398,774604.003430034,156.779270414415
2,42,41,8,9,37.9819198520206,23.7796992119204,356.696165153081,SAT-1,Satellite,775430.32312675,161.520525037152,7.45466215707646,11.6348483978284,49.5057986185074,188.391482363219,2.31314306717175,7,11.6348483978284,Served,BelowSnrFloor,,Stable,0,-12.8778984966755,4590.65820273179,172.214358922251,7.45466215707646,49.5057986185074,775430.32312675,161.520525037152
2,42,41,9,9,38.0109155142676,23.7724495818518,289.806192208963,SAT-1,Satellite,775269.541064961,160.091860165127,8.88332702910122,13.3989956285563,49.5219239018407,188.391482363219,2.00858852820829,7,13.3989956285563,Served,BelowSnrFloor,,Stable,0,-11.9436982596309,4964.58207087989,171.280158685207,8.88332702910122,49.5219239018407,775269.541064961,160.091860165127
2,43,42,1,9,37.9591623610185,23.7644472441142,202.66198493723,SAT-1,Satellite,770834.632210146,157.178164087544,11.7970231066838,17.1910664591263,49.9736306647777,188.391482363219,1.56552643042944,7,17.1910664591263,Served,BelowSnrFloor,,Stable,0,-18.6316465980053,4244.79461679943,177.968107023581,11.7970231066838,49.9736306647777,770834.632210146,157.178164087544
2,43,42,2,9,37.956935414992,23.754864951248,57.2958949727332,SAT-1,Satellite,770279.883994393,158.528136467448,10.4470507267804,15.4073667990722,50.030537200687,188.391482363219,1.74676628784172,7,15.4073667990722,Served,,,Stable,0,5.70403136243146,3830.61954927665,153.632429063144,10.4470507267804,50.030537200687,770279.883994393,158.528136467448
2,43,42,3,9,37.9761434512845,23.6891432976811,62.2421735696277,SAT-1,Satellite,766749.783910639,156.170317482793,12.8048697114351,18.5459951341555,50.3960501028521,188.391482363219,1.45115259193972,7,18.5459951341555,Served,,,Stable,0,8.7594914692115,3475.46839420338,150.576968956364,12.8048697114351,50.3960501028521,766749.783910639,156.170317482793
2,43,42,4,9,37.9599738574494,23.7478455675782,37.4482659564832,SAT-1,Satellite,769908.236406542,157.651410333914,11.323776860314,16.5613007498502,50.068739727279,188.391482363219,1.62505767605692,7,16.5613007498502,Served,BelowSnrFloor,,Stable,0,-9.17114375319096,3192.22495638939,168.507604178767,11.323776860314,50.068739727279,769908.236406542,157.651410333914
2,43,42,5,9,38.0037610947537,23.7209801028952,73.0575334800602,BS2,Terrestrial,2108.53688874767,140.294850482565,19.0416099430111,50.992146,NaN,893.334270320412,8.75952808811392,2,50.992146,Served,,,Stable,0,19.0416099430111,2108.53688874767,140.294850482565,10.5832092143016,50.1886974803162,768745.179139569,158.391977979927
2,43,42,6,9,37.9611102630484,23.6893162960142,163.86814682024,SAT-1,Satellite,766644.956218576,157.259623913015,11.7155632812132,17.0823490835747,50.4070023506294,188.391482363219,1.57548992690409,7,17.0823490835747,Served,,,Stable,0,-1.97857228511066,4195.165729933,161.315032710687,11.7155632812132,50.4070023506294,766644.956218576,157.259623913015
2,43,42,7,9,38.0064637030934,23.7613655762583,286.046969842158,BS2,Terrestrial,3467.67572955864,131.909144794006,27.4273156315698,50.992146,NaN,893.334270320412,8.75952808811392,2,50.992146,Served,,,Stable,0,27.4273156315698,3467.67572955864,131.909144794006,11.1639048592234,49.9537293276403,771028.763364605,157.811282335005
2,43,42,8,9,37.9819273473101,23.7796986652669,356.696165153081,SAT-1,Satellite,771864.252391123,155.090283185963,13.884904008265,20.0154379632829,49.8683825583082,188.391482363219,1.34461553918538,7,20.0154379632829,Served,BelowSnrFloor,,Stable,0,-14.1518094904524,4308.30550994409,173.488269916028,13.884904008265,49.8683825583082,771864.252391123,155.090283185963
2,43,42,9,9,38.0109180581835,23.7724406540266,289.806192208963,SAT-1,Satellite,771687.419929308,154.816716190103,14.1584710041247,20.3900684890011,49.8864082904507,188.391482363219,1.31991066746778,7,20.3900684890011,Served,BelowSnrFloor,,Stable,0,-13.6136999838405,4964.12961341218,172.950160409416,14.1584710041247,49.8864082904507,771687.419929308,154.816716190103
2,44,43,1,9,37.9591554328684,23.764443590564,202.66198493723,SAT-1,Satellite,767334.204762818,156.904069586601,12.0711176076274,15.3630697064428,50.3370282031988,188.391482363219,1.53282747168209,8,15.3630697064428,Served,,,Stable,0,-3.9850201109507,4224.62827636989,163.321480536527,12.0711176076274,50.3370282031988,767334.204762818,156.904069586601
2,44,43,2,9,37.9569394714607,23.7548729302692,57.2958949727332,SAT-1,Satellite,766785.246078707,155.344520989767,13.6306662044616,17.2095930514512,50.3942557276169,188.391482363219,1.36836096152875,8,17.2095930514512,Served,,,Stable,0,3.86490489283099,3830.70919311451,155.471555532745,13.6306662044616,50.3942557276169,766785.246078707,155.344520989767
2,44,43,3,9,37.9761469479209,23.6891516909089,62.2421735696277,SAT-1,Satellite,763268.025468949,158.90839206652,10.0667951277077,13.0485650757964,50.7643947751959,188.391482363219,1.80471455356289,8,13.0485650757964,Served,,,Stable,0,0.438551933932416,3852.04828090595,158.897908491643,10.0667951277077,50.7643947751959,763268.025468949,158.90839206652
2,44,43,4,9,37.9599798179095,23.7478513334299,37.4482659564832,SAT-1,Satellite,766414.21809666,156.398336148915,12.5768510453132,15.9582048321246,50.4330151479873,188.391482363219,1.47566318035956,8,15.9582048321246,Served,,,Stable,0,-3.76760785352388,3295.11757160913,163.1040682791,12.5768510453132,50.4330151479873,766414.21809666,156.398336148915
2,44,43,5,9,38.0037632825932,23.7209891793275,73.0575334800602,BS2,Terrestrial,2108.42491787874,143.607529912494,15.7289305130823,96.6305858183242,NaN,893.334270320412,9.24483964114608,1,96.6305858183242,Served,,,Stable,0,15.7289305130823,2108.42491787874,143.607529912494,12.8382659294309,50.556778679212,765233.606638008,156.136921264797
2,44,43,6,9,37.9611030508743,23.6893189307851,163.86814682024,SAT-1,Satellite,763172.388891104,159.781092358741,9.19409483548722,12.0682996589081,50.7745511181111,188.391482363219,1.95130515159358,8,12.0682996589081,Served,,,Stable,0,2.5840281183782,4195.46136449676,156.752432307198,9.19409483548722,50.7745511181111,763172.388891104,159.781092358741
2,44,43,7,9,38.0064657784209,23.7613564573868,286.046969842158,SAT-1,Satellite,767499.143052356,159.46874763177,9.50643956245824,12.4169019023017,50.3198426093984,188.391482363219,1.89652261737181,8,12.2897477819752,Served,,,InTransition,10.2404062887046,0.481914127553779,3467.20689112299,158.854546298022,9.50643956245824,50.3198426093984,767499.143052356,159.46874763177
2,44,43,8,9,37.9819348425996,23.7796981186134,356.696165153081,SAT-1,Satellite,768343.814828224,159.35229716176,9.62289003246838,12.5475268406802,50.2321494271924,188.391482363219,1.87677903338327,8,12.5475268406802,Served,BelowSnrFloor,,Stable,0,-12.6716588010174,4308.15967391825,172.008119226593,9.62289003246838,50.2321494271924,768343.814828224,159.35229716176
2,44,43,9,9,38.0109206020993,23.7724317262012,289.806192208963,SAT-1,Satellite,768150.813932672,153.651768107379,15.3234190868487,19.2452549387698,50.2521464608524,188.391482363219,1.22362293304635,8,19.2452549387698,Served,BelowSnrFloor,,Stable,0,-11.9265055017086,4963.67725467469,171.262965927285,15.3234190868487,50.2521464608524,768150.813932672,153.651768107379
2,45,44,1,9,37.9591485047183,23.7644399370143,202.66198493723,SAT-1,Satellite,763880.311439291,155.445758866817,13.5294283274107,17.088776906967,50.7014427435916,188.391482363219,1.37803515275581,8,17.088776906967,Served,,,Stable,0,-2.14107228674237,4224.95762714695,161.477532712318,13.5294283274107,50.7014427435916,763880.311439291,155.445758866817
2,45,44,2,9,37.9569435279294,23.7548809092908,57.2958949727332,SAT-1,Satellite,763337.199614952,155.108782994814,13.8664041994141,17.4913695367093,50.7589835147021,188.391482363219,1.34631740790679,8,17.4913695367093,Served,,,Stable,0,3.58077094291227,3830.79901606203,155.755689482664,13.8664041994141,50.7589835147021,763337.199614952,155.108782994814
2,45,44,3,9,37.9761504445573,23.689160084137,62.2421735696277,SAT-1,Satellite,759833.200153231,164.849234435576,4.12595275865192,6.90860943440273,51.1337854315829,188.391482363219,3.40863606764857,8,6.90860943440273,BelowTarget,,,Stable,0,-1.11831831018458,3473.84846249501,160.45477873576,4.12595275865192,51.1337854315829,759833.200153231,164.849234435576
2,45,44,4,9,37.9599857783696,23.747857099282,37.4482659564832,SAT-1,Satellite,762966.820740691,156.064760889266,12.9104263049616,16.3527652768327,50.7983067116833,188.391482363219,1.44005829575286,8,16.3527652768327,Served,,,Stable,0,-4.78784782116526,3191.69651159188,164.124308246741,12.9104263049616,50.7983067116833,762966.820740691,156.064760889266
2,45,44,5,9,38.0037654704326,23.72099825576,73.0575334800602,SAT-1,Satellite,761768.573522283,153.761417143998,15.2137700502305,19.112605869882,50.9259840542971,188.391482363219,1.23211536175249,8,18.918346379741,Served,,,InTransition,10.1639457990939,12.6288138439145,2108.31327052705,146.707646581661,15.2137700502305,50.9259840542971,761768.573522283,153.761417143998
2,45,44,6,9,37.9610958387002,23.6893215655558,163.86814682024,SAT-1,Satellite,759746.865136362,158.136007529864,10.8391796643636,13.9311391832056,51.1431053056858,188.391482363219,1.69038116594163,8,13.9311391832056,Served,,,Stable,0,7.49516706258768,4195.7571437176,151.841293362988,10.8391796643636,51.1431053056858,759746.865136362,158.136007529864
2,45,44,7,9,38.0064678537484,23.7613473385151,286.046969842158,BS2,Terrestrial,3466.73818966521,129.048308494284,30.2881519312915,101.984292,NaN,893.334270320412,8.75952808811392,1,101.979574698675,Served,,,InTransition,0.0462551755009823,30.2881519312915,3466.73818966521,129.048308494284,10.7018259807903,50.68709542333,764015.778117394,158.273361213438
2,45,44,8,9,37.9819423378891,23.7796975719599,356.696165153081,SAT-1,Satellite,764869.643885288,156.18868508606,12.7865021081683,16.2060068061066,50.5969958942496,188.391482363219,1.45309918582342,8,16.2060068061066,Served,BelowSnrFloor,,Stable,0,-15.4751811945479,4308.01399415776,174.811641620124,12.7865021081683,50.5969958942496,764869.643885288,156.18868508606
2,45,44,9,9,38.0109231460152,23.7724227983753,289.806192208963,SAT-1,Satellite,764660.357972918,156.85162434164,12.1235628525884,15.4246053540862,50.6190371855201,188.391482363219,1.52671233751623,8,15.4246053540862,Served,BelowSnrFloor,,Stable,0,-13.8589609907511,4537.27679863807,173.195421416327,12.1235628525884,50.6190371855201,764660.357972918,156.85162434164
2,46,45,1,9,37.9591415765682,23.7644362834648,202.66198493723,BS2,Terrestrial,4225.28711657663,129.214817941858,30.1216424837176,50.992146,NaN,893.334270320412,8.75952808811392,2,50.9892712584674,Served,,,InTransition,0.0563761629597316,30.1216424837176,4225.28711657663,129.214817941858,14.5862633516805,51.0667613603952,760473.589546906,154.388923842548
2,46,45,2,9,37.9569475843981,23.7548888883128,57.2958949727332,SAT-1,Satellite,759936.382057548,157.556896242084,11.4182909521437,16.6867126559937,51.1246069631087,188.391482363219,1.61284427099932,7,16.6867126559937,Served,,,Stable,0,4.26272543486877,3830.88901810856,155.073734990707,11.4182909521437,51.1246069631087,759936.382057548,157.556896242084
2,46,45,3,9,37.9761539411936,23.6891684773656,62.2421735696277,SAT-1,Satellite,756445.9505428,156.660216386779,12.3149708074487,17.8852015386335,51.5041062402415,188.391482363219,1.50476743865015,7,17.8852015386335,Served,,,Stable,0,6.02807294418105,3473.03851325182,153.308387481395,12.3149708074487,51.5041062402415,756445.9505428,156.660216386779
2,46,45,4,9,37.9599917388297,23.7478628651346,37.4482659564832,SAT-1,Satellite,759566.682384514,158.184614527705,10.7905726665234,15.8573980821317,51.1645006832809,188.391482363219,1.69719324504801,7,15.8573980821317,Served,,,Stable,0,-7.32272058882501,3191.43258270172,166.659181014401,10.7905726665234,51.1645006832809,759566.682384514,158.184614527705
2,46,45,5,9,38.0037676582721,23.7210073321928,73.0575334800602,SAT-1,Satellite,758350.721011816,155.860521317767,13.1146658764611,18.9658065137707,51.2962022299938,188.391482363219,1.41903108045999,7,18.9658065137707,Served,,,Stable,0,5.54525000237641,2288.65963035596,153.791210423199,13.1146658764611,51.2962022299938,758350.721011816,155.860521317767
2,46,45,6,9,37.961088626526,23.6893242003263,163.86814682024,SAT-1,Satellite,756369.027355809,156.26681479285,12.708372401378,18.4155293130652,51.5125476021277,188.391482363219,1.46143336156715,7,18.4155293130652,Served,,,Stable,0,8.46862396697736,4196.05306756674,150.867836458599,12.708372401378,51.5125476021277,756369.027355809,156.26681479285
2,46,45,7,9,38.0064699290759,23.7613382196431,286.046969842158,BS2,Terrestrial,3466.26962524063,128.026247304279,31.3102131212972,50.992146,NaN,893.334270320412,8.75952808811392,2,50.992146,Served,,,Stable,0,31.3102131212972,3466.26962524063,128.026247304279,7.56206416109734,51.0553789669546,760579.307397678,161.413123033131
2,46,45,8,9,37.9819498331786,23.7796970253063,356.696165153081,SAT-1,Satellite,761442.376145033,158.617767732984,10.3574194612437,15.2904205432321,50.962812065764,188.391482363219,1.76012614126193,7,15.2904205432321,Served,BelowSnrFloor,,Stable,0,-12.3550096211855,4590.3152890937,171.691470046761,10.3574194612437,50.962812065764,761442.376145033,158.617767732984
2,46,45,9,9,38.0109256899311,23.7724138705492,289.806192208963,SAT-1,Satellite,761216.690207534,155.076699965959,13.8984872282694,20.0340178136117,50.9869726978639,188.391482363219,1.34336852245113,7,20.0340178136117,Served,BelowSnrFloor,,Stable,0,-11.7109059349727,4962.77283349459,171.047366360549,13.8984872282694,50.9869726978639,761216.690207534,155.076699965959
2,47,46,1,9,37.9591346484181,23.7644326299158,202.66198493723,SAT-1,Satellite,757114.679057122,154.810449910783,14.1647372834452,15.8656245541791,51.4328641817904,188.391482363219,1.31935473814882,9,15.7053523802557,Served,,,InTransition,10.1018509152371,-3.71054534833917,4225.61674462572,163.047005773915,14.1647372834452,51.4328641817904,757114.679057122,154.810449910783
2,47,46,2,9,37.9569516408668,23.7548968673353,57.2958949727332,SAT-1,Satellite,756583.433488326,159.690921297914,9.28426589631368,10.8165946533185,51.4910054936618,188.391482363219,1.93521044285638,9,10.8165946533185,Served,,,Stable,0,1.46444361944714,3830.97919924023,157.872016806129,9.28426589631368,51.4910054936618,756583.433488326,159.690921297914
2,47,46,3,9,37.97615743783,23.6891768705945,62.2421735696277,SAT-1,Satellite,753106.921773007,166.656606517692,2.31858067653656,4.78636175348927,51.8752341584834,188.391482363219,4.37333992024041,9,4.78636175348927,BelowTarget,,,Stable,0,-1.2808715179824,3849.58932884886,160.617331943558,2.31858067653656,51.8752341584834,753106.921773007,166.656606517692
2,47,46,4,9,37.9599976992897,23.7478686309877,37.4482659564832,SAT-1,Satellite,756214.443699878,156.194310701522,12.7808764927065,14.399421813561,51.5314763247265,188.391482363219,1.45369634977516,9,14.399421813561,Served,BelowSnrFloor,,Stable,0,-12.7386321691835,3191.16884954967,172.075092594759,12.7808764927065,51.5314763247265,756214.443699878,156.194310701522
2,47,46,5,9,38.0037698461116,23.7210164086259,73.0575334800602,SAT-1,Satellite,754980.693103211,153.679723147005,15.2954640472236,17.0768238867135,51.6673147975647,188.391482363219,1.22577752561662,9,17.0768238867135,Served,,,Stable,0,5.29145706031861,2108.09094658187,154.045003365257,15.2954640472236,51.6673147975647,754980.693103211,153.679723147005
2,47,46,6,9,37.9610814143519,23.6893268350965,163.86814682024,SAT-1,Satellite,753039.520430116,157.671837265276,11.303349928952,12.8599492732971,51.8827534543021,188.391482363219,1.62771924557365,9,12.8599492732971,Served,,,Stable,0,3.26103337363119,4196.34913601291,156.075427051945,11.303349928952,51.8827534543021,753039.520430116,157.671837265276
2,47,46,7,9,38.0064720044034,23.7613291007709,286.046969842158,SAT-1,Satellite,757190.372625999,157.188850519432,11.7863366747966,13.3597309595877,51.4245775622613,188.391482363219,1.56682698121434,9,13.2247594565558,Served,BelowSnrFloor,,InTransition,10.1028608615097,-8.28088698807446,3465.80119790678,167.61734741365,11.7863366747966,51.4245775622613,757190.372625999,157.188850519432
2,47,46,8,9,37.9819573284681,23.7796964786526,356.696165153081,SAT-1,Satellite,758062.651006333,152.407548334554,16.5676388596742,18.4503463898986,51.3294812038294,188.391482363219,1.13452541686192,9,18.4503463898986,Served,BelowSnrFloor,,Stable,0,-21.7231150104512,4307.72310350009,181.059575436027,16.5676388596742,51.3294812038294,758062.651006333,152.407548334554
2,47,46,9,9,38.0109282338469,23.7724049427228,289.806192208963,SAT-1,Satellite,757820.4517374,156.462660726021,12.5125264682071,14.1175991619169,51.3558384064787,188.391482363219,1.4827157712278,9,14.1175991619169,Served,BelowSnrFloor,,Stable,0,-10.6946701205624,4536.35671339893,170.031130546138,12.5125264682071,51.3558384064787,757820.4517374,156.462660726021
2,48,47,1,9,37.959127720268,23.764428976367,202.66198493723,SAT-1,Satellite,753804.222262478,154.329591496792,14.6455956974357,21.0592817309218,51.7996241008317,188.391482363219,1.27796708610029,7,21.0592817309218,Served,BelowSnrFloor,,Stable,0,-8.67460814734318,4225.94651126323,168.011068572919,14.6455956974357,51.7996241008317,753804.222262478,154.329591496792
2,48,47,2,9,37.9569556973355,23.7549048463582,57.2958949727332,SAT-1,Satellite,753278.996271746,155.830985154378,13.1442020398504,19.0059059387638,51.8580512566621,188.391482363219,1.41603715159614,7,19.0059059387638,Served,,,Stable,0,2.79956941038867,3831.06955944371,156.536891015187,13.1442020398504,51.8580512566621,753278.996271746,155.830985154378
2,48,47,3,9,37.9761609344664,23.6891852638239,62.2421735696277,SAT-1,Satellite,749816.761180824,158.677668390537,10.2975188036915,15.2123784090436,52.2470386261571,188.391482363219,1.76915589300826,7,15.2123784090436,Served,,,Stable,0,-1.8378351984243,3471.41864802728,161.174295624,10.2975188036915,52.2470386261571,749816.761180824,158.677668390537
2,48,47,4,9,37.9600036597498,23.7478743968412,37.4482659564832,SAT-1,Satellite,752910.747638796,162.220356708082,6.75483048614578,10.8010317362049,51.8991056029471,188.391482363219,2.49171278877175,7,10.8010317362049,Served,BelowSnrFloor,,Stable,0,-11.8379620758428,3293.66533597199,171.174422501419,6.75483048614578,51.8991056029471,752910.747638796,162.220356708082
2,48,47,5,9,38.003772033951,23.7210254850593,73.0575334800602,BS2,Terrestrial,2107.9802700906,149.165292122707,10.171168302869,32.2329531806831,NaN,893.334270320412,13.8574685557478,2,32.232046601114,Served,,,InTransition,0.0281258612595331,10.171168302869,2107.9802700906,149.165292122707,10.1639906670196,52.0391960119801,751659.136226362,158.811196527208
2,48,47,6,9,37.9610742021777,23.6893294698665,163.86814682024,SAT-1,Satellite,749758.991362053,160.612490324517,8.36269686971085,12.7473064671523,52.2535907625023,188.391482363219,2.1112749566649,7,12.7473064671523,Served,,,Stable,0,2.9633940754324,4196.64534902658,156.373066350143,8.36269686971085,52.2535907625023,749758.991362053,160.612490324517
2,48,47,7,9,38.0064740797309,23.7613199818984,286.046969842158,BS2,Terrestrial,3465.33290771716,134.325197140565,25.011263285011,50.992146,NaN,893.334270320412,8.75952808811392,2,50.9897883054436,Served,,,InTransition,0.0462364254369223,25.011263285011,3465.33290771716,134.325197140565,15.0122057202161,51.7945683603463,753849.61809399,153.962981474012
2,48,47,8,9,37.9819648237575,23.7796959319989,356.696165153081,SAT-1,Satellite,754731.110348033,155.192585362683,13.7826018315452,19.8755773903104,51.6968794377977,188.391482363219,1.35407733725269,7,19.8755773903104,Served,BelowSnrFloor,,Stable,0,-18.2828601546888,4307.57789263339,177.619320580265,13.7826018315452,51.6968794377977,754731.110348033,155.192585362683
2,48,47,9,9,38.0109307777628,23.7723960148961,289.806192208963,SAT-1,Satellite,754472.286273613,155.371958984802,13.6032282094256,19.6306710717047,51.7255126015635,188.391482363219,1.37097039682068,7,19.6306710717047,Served,BelowSnrFloor,,Stable,0,-11.4277841477804,4535.89683054082,170.764244573356,13.6032282094256,51.7255126015635,754472.286273613,155.371958984802
2,49,48,1,9,37.9591207921179,23.7644253228186,202.66198493723,SAT-1,Satellite,750542.863416623,159.688641359616,9.28654583461233,13.9099538854551,52.1669064802726,188.391482363219,1.93480647963706,7,13.9099538854551,Served,,,Stable,0,-6.69880266355693,4226.27641645468,166.035263089133,9.28654583461233,52.1669064802726,750542.863416623,159.688641359616
2,49,48,2,9,37.9569597538042,23.7549128253815,57.2958949727332,SAT-1,Satellite,750023.714693208,161.124043983503,7.85114321072507,12.1165883929966,52.2256088353923,188.391482363219,2.22117546920938,7,12.1165883929966,Served,,,Stable,0,5.44822326965175,3831.16009870818,153.888237155924,7.85114321072507,52.2256088353923,750023.714693208,161.124043983503
2,49,48,3,9,37.9761644311027,23.6891936570536,62.2421735696277,SAT-1,Satellite,746576.117933155,161.407412904956,7.56777428927185,11.7716240119144,52.6193812518087,188.391482363219,2.28626643883561,7,11.7716240119144,Served,,,Stable,0,-6.25897869393856,3470.60873206046,165.595439119514,7.56777428927185,52.6193812518087,746576.117933155,161.407412904956
2,49,48,4,9,37.9600096202098,23.7478801626952,37.4482659564832,SAT-1,Satellite,749656.239070956,160.789640885714,8.18554630851418,12.5277680073873,52.2672528913557,188.391482363219,2.14827325132148,7,12.5277680073873,Served,,,Stable,0,-1.09752486329421,3190.64197064894,160.43398528887,8.18554630851418,52.2672528913557,749656.239070956,160.789640885714
2,49,48,5,9,38.0037742217905,23.7210345614929,73.0575334800602,BS2,Terrestrial,2107.86991732235,144.535980494425,14.8004799311507,45.5659041738252,NaN,893.334270320412,9.80266151322833,2,45.5659041738252,Served,,,Stable,0,14.8004799311507,2107.86991732235,144.535980494425,11.8732619615007,52.4117124810656,748386.698883354,157.101925232727
2,49,48,6,9,37.9610669900035,23.6893321046362,163.86814682024,SAT-1,Satellite,746528.08890214,155.44803457317,13.5271526210578,19.5269285363998,52.6249195688924,188.391482363219,1.37825407917395,7,19.5269285363998,Served,,,Stable,0,-1.24768670783621,4196.94170657686,160.584147133412,13.5271526210578,52.6249195688924,746528.08890214,155.44803457317
2,49,48,7,9,38.0064761550584,23.7613108630257,286.046969842158,BS2,Terrestrial,3464.86475472925,135.239156406602,24.0973040189734,50.992146,NaN,893.334270320412,8.75952808811392,2,50.992146,Served,,,Stable,0,24.0973040189734,3464.86475472925,135.239156406602,12.7582228240157,52.1652210385764,750557.690299085,156.216964370212
2,49,48,8,9,37.981972319047,23.7796953853452,356.696165153081,SAT-1,Satellite,751448.398175893,157.324601051621,11.6505861426067,16.9957218428887,52.0648754689732,188.391482363219,1.58352020336766,7,16.9957218428887,Served,BelowSnrFloor,,Stable,0,-13.6782216880022,4307.43283809637,173.014682113578,11.6505861426067,52.0648754689732,751448.398175893,157.324601051621
2,49,48,9,9,38.0109333216786,23.772387087069,289.806192208963,SAT-1,Satellite,751172.839787302,160.504875715812,8.47031147841562,12.8812307184981,52.0958661538538,188.391482363219,2.08932434308335,7,12.8812307184981,Served,BelowSnrFloor,,Stable,0,-21.9849805114519,4961.4169428668,181.321440937028,8.47031147841562,52.0958661538538,751172.839787302,160.504875715812
2,50,49,1,9,37.9591138639677,23.7644216692706,202.66198493723,SAT-1,Satellite,747331.248357267,158.945759024376,10.0294281698519,11.5610715525959,52.5345688516856,188.391482363219,1.81059228238634,9,11.5610715525959,Served,BelowSnrFloor,,Stable,0,-11.1114306912814,4226.60646016883,170.447891116857,10.0294281698519,52.5345688516856,747331.248357267,158.945759024376
2,50,49,2,9,37.9569638102729,23.7549208044053,57.2958949727332,SAT-1,Satellite,746818.234580226,161.51744471844,7.45774247578842,9.05221800157537,52.5935349439172,188.391482363219,2.31240420034113,9,9.05221800157537,Served,,,Stable,0,2.76831519094057,3831.25081701886,156.568145234635,7.45774247578842,52.5935349439172,746818.234580226,161.51744471844
2,50,49,3,9,37.9761679277391,23.6892020502838,62.2421735696277,SAT-1,Satellite,743385.642637743,157.637888403709,11.3372987905192,12.8949580411125,52.992115492128,188.391482363219,1.62330011951249,9,12.8949580411125,Served,,,Stable,0,3.75860965677646,3847.13042982367,155.577850768799,11.3372987905192,52.992115492128,743385.642637743,157.637888403709
2,50,49,4,9,37.9600155806699,23.7478859285497,37.4482659564832,SAT-1,Satellite,746451.564403981,157.685747916126,11.2894392781018,12.8456097650074,52.6357746655171,188.391482363219,1.62953626275245,9,12.8456097650074,Served,,,Stable,0,1.42653637945853,3190.37882499723,157.909924046117,11.2894392781018,52.6357746655171,746451.564403981,157.685747916126
2,50,49,5,9,38.0037764096299,23.7210436379268,73.0575334800602,SAT-1,Satellite,745164.031269983,164.09161662721,4.88357056701807,6.7602784408157,52.7847228474188,188.391482363219,3.09637940397035,9,6.69306505767628,BelowTarget,,,InTransition,9.94239863459117,0.672883611721119,2288.8080249505,158.663576813855,4.88357056701807,52.7847228474188,745164.031269983,164.09161662721
2,50,49,6,9,37.9610597778293,23.6893347394056,163.86814682024,SAT-1,Satellite,743347.463156899,156.054407745368,12.9207794488599,14.5466981300263,52.9965917396814,188.391482363219,1.4389785738414,9,14.5466981300263,Served,,,Stable,0,-5.58216992717911,4197.23820863303,164.918630352755,12.9207794488599,52.9965917396814,743347.463156899,156.054407745368
2,50,49,7,9,38.0064782303858,23.7613017441527,286.046969842158,SAT-1,Satellite,747315.237574186,164.588970320711,4.38621687351704,6.35052968234029,52.5363974907473,188.391482363219,3.29616393849096,9,6.28720790793755,BelowTarget,,,InTransition,9.97110124196902,-6.3237095892479,3892.59929707902,165.660170014824,4.38621687351704,52.5363974907473,747315.237574186,164.588970320711
2,50,49,8,9,37.9819798143364,23.7796948386913,356.696165153081,SAT-1,Satellite,748215.160252407,156.959168900558,12.0160182936702,13.5986370938684,52.4333302690787,188.391482363219,1.53930035670155,9,13.5986370938684,Served,BelowSnrFloor,,Stable,0,-20.8460273198442,4589.97477064898,180.18248774542,12.0160182936702,52.4333302690787,748215.160252407,156.959168900558
2,50,49,9,9,38.0109358655945,23.7723781592417,289.806192208963,SAT-1,Satellite,747922.760142202,165.674232579951,3.30095461427672,5.50014662825348,52.4667622065206,188.391482363219,3.80578707151547,9,5.50014662825348,BelowTarget,BelowSnrFloor,,Stable,0,-15.4984255391842,4534.97738450895,174.83488596476,3.30095461427672,52.4667622065206,747922.760142202,165.674232579951
2,51,50,1,9,37.9591069358176,23.7644180157229,202.66198493723,SAT-1,Satellite,744170.024111966,162.509350093973,6.46583710025536,8.13813333546068,52.9024606096061,188.391482363219,2.57213614798332,9,8.13813333546068,BelowTarget,,,Stable,0,-4.69723084649766,4246.79950591124,164.033691272074,6.46583710025536,52.9024606096061,744170.024111966,162.509350093973
2,51,50,2,9,37.9569678667416,23.7549287834296,57.2958949727332,SAT-1,Satellite,743663.202906499,158.015837592298,10.9593496019299,12.5062954213162,52.9616781199238,188.391482363219,1.67374799843354,9,12.5062954213162,Served,,,Stable,0,-2.79982973872245,3894.37057151002,162.136290164298,10.9593496019299,52.9616781199238,743663.202906499,158.015837592298
2,51,50,3,9,37.9761714243754,23.6892104435143,62.2421735696277,SAT-1,Satellite,740245.986936631,162.670275579716,6.30491161451167,7.99324434924268,53.3650863254043,188.391482363219,2.61875979447941,9,7.99324434924268,BelowTarget,,,Stable,0,1.22243586257244,3468.98893345858,158.114024563003,6.30491161451167,53.3650863254043,740245.986936631,162.670275579716
2,51,50,4,9,37.9600215411299,23.7478916944046,37.4482659564832,SAT-1,Satellite,743297.371186536,154.322175092316,14.6530121019122,16.3873813973728,53.004519193713,188.391482363219,1.27734788259718,9,16.3873813973728,Served,,,Stable,0,0.176854838873737,3190.11587527696,159.159605586702,14.6530121019122,53.004519193713,743297.371186536,154.322175092316
2,51,50,5,9,38.0037785974694,23.721052714361,73.0575334800602,SAT-1,Satellite,741991.784879813,157.814124127303,11.1610630669251,12.7134268633041,53.1580774637108,188.391482363219,1.64647873105445,9,12.7134268633041,Served,,,Stable,0,4.1198559638959,2107.6501831553,155.21660446168,11.1610630669251,53.1580774637108,741991.784879813,157.814124127303
2,51,50,6,9,37.9610525656552,23.6893373741748,163.86814682024,SAT-1,Satellite,740217.765179759,154.812548962542,14.162638231686,15.8633860737231,53.3684506418072,188.391482363219,1.31954091213351,9,15.8633860737231,Served,,,Stable,0,-3.59494123267766,4197.53485516187,162.931401658254,14.162638231686,53.3684506418072,740217.765179759,154.812548962542
2,51,50,7,9,38.0064803057133,23.7612926252794,286.046969842158,SAT-1,Satellite,744122.909700037,159.175164757883,9.80002243634524,11.3305590067223,52.9079515108285,188.391482363219,1.84742755558904,9,11.3305590067223,Served,,,Stable,0,3.48643357301304,3463.92886057739,155.850026852563,9.80002243634524,52.9079515108285,744122.909700037,159.175164757883
2,51,50,8,9,37.9819873096258,23.7796942920375,356.696165153081,SAT-1,Satellite,745032.04370948,158.237559508373,10.7376276858553,12.279441754095,52.8020967731517,188.391482363219,1.70466926334545,9,12.279441754095,Served,BelowSnrFloor,,Stable,0,-18.4390808435191,4589.8900153498,177.775541269095,10.7376276858553,52.8020967731517,745032.04370948,158.237559508373
2,51,50,9,9,38.0109384095104,23.772369231414,289.806192208963,SAT-1,Satellite,744722.696709934,154.390270365661,14.5849168285674,16.3144951119519,52.8380558606093,188.391482363219,1.28305453436384,9,16.3144951119519,Served,BelowSnrFloor,,Stable,0,-19.3472757113406,4534.5178214002,178.683736136917,14.5849168285674,52.8380558606093,744722.696709934,154.390270365661
2,52,51,1,9,37.9591000076674,23.7644143621755,202.66198493723,SAT-1,Satellite,741059.838486757,160.886401901124,8.08878529310408,9.65093840430793,53.2704227016005,188.391482363219,2.16894835013172,9,9.65093840430793,Served,BelowSnrFloor,,Stable,0,-11.0102228571298,4227.26696303584,170.346683282706,8.08878529310408,53.2704227016005,741059.838486757,160.886401901124
2,52,51,2,9,37.9569719232103,23.7549367624542,57.2958949727332,SAT-1,Satellite,740559.26737879,159.895471729903,9.07971546432526,10.6144945567534,53.3298784135088,188.391482363219,1.97205687160378,9,10.6144945567534,Served,,,Stable,0,-6.79689217211234,3831.43279073341,166.133352597688,9.07971546432526,53.3298784135088,740559.26737879,159.895471729903
2,52,51,3,9,37.9761749210118,23.6892188367452,62.2421735696277,SAT-1,Satellite,737157.803082171,155.938995572343,13.0361916218849,14.6683667861442,53.7381299198868,188.391482363219,1.42704278086496,9,14.6683667861442,Served,,,Stable,0,3.38797919225885,3468.17905083849,155.948481233317,13.0361916218849,53.7381299198868,737157.803082171,155.938995572343
2,52,51,4,9,37.96002750159,23.74789746026,37.4482659564832,SAT-1,Satellite,740194.307694208,160.323418869553,8.65176832467492,10.1950982371946,53.3733262233093,188.391482363219,2.05318148410568,9,10.1950982371946,Served,,,Stable,0,3.02131731550637,3189.8531215359,156.315143110069,8.65176832467492,53.3733262233093,740194.307694208,160.323418869553
2,52,51,5,9,38.0037807853088,23.7210617907954,73.0575334800602,SAT-1,Satellite,738870.612090758,154.312514445939,14.6626727482887,16.3977248218805,53.5316180621531,188.391482363219,1.27654215183042,9,16.3977248218805,Served,,,Stable,0,3.77983879802599,2107.54080185793,155.55662162755,14.6626727482887,53.5316180621531,738870.612090758,154.312514445939
2,52,51,6,9,37.961045353481,23.6893400089437,163.86814682024,SAT-1,Satellite,737139.64654453,158.911203505041,10.0639836891867,11.5958905416415,53.7403308150778,188.391482363219,1.8051556156103,9,11.5958905416415,Served,,,Stable,0,2.30334651750823,4197.83164613647,157.033113908068,10.0639836891867,53.7403308150778,737139.64654453,158.911203505041
2,52,51,7,9,38.0064823810408,23.7612835064059,286.046969842158,SAT-1,Satellite,740981.357500166,161.092110513966,7.88307668026189,9.45440669570287,53.2797284710371,188.391482363219,2.21403495776848,9,9.45440669570287,Served,,,Stable,0,1.74709894947105,3463.46111952583,157.589361476105,7.88307668026189,53.2797284710371,740981.357500166,161.092110513966
2,52,51,8,9,37.9819948049153,23.7796937453835,356.696165153081,SAT-1,Satellite,741899.696643876,162.449041970689,6.52614522353957,8.19268838880628,53.1710195676768,188.391482363219,2.5550083117828,9,8.19268838880628,BelowTarget,BelowSnrFloor,,Stable,0,-16.5998128755956,4306.99861262068,175.936273301171,6.52614522353957,53.1710195676768,741899.696643876,162.449041970689
2,52,51,9,9,38.0109409534262,23.772360303586,289.806192208963,SAT-1,Satellite,741573.299967896,156.674297497832,12.3008896963961,13.8959857443671,53.2095938547404,188.391482363219,1.50636214762466,9,13.8959857443671,Served,BelowSnrFloor,,Stable,0,-12.9123360870135,4960.06194226099,172.248796512589,12.3008896963961,53.2095938547404,741573.299967896,156.674297497832
2,53,52,1,9,37.9590930795172,23.7644107086285,202.66198493723,SAT-1,Satellite,738001.339637672,161.224575052912,7.75061214131654,9.32853644708875,53.6382873153293,188.391482363219,2.24390900415886,9,9.32853644708875,Served,,,Stable,0,-6.80829977585006,4247.30221502971,166.144760201426,7.75061214131654,53.6382873153293,738001.339637672,161.224575052912
2,53,52,2,9,37.956975979679,23.7549447414793,57.2958949727332,SAT-1,Satellite,737507.076006713,157.853579661965,11.1216075322631,12.672856797475,53.6979670730037,188.391482363219,1.65174966179821,9,12.672856797475,Served,,,Stable,0,1.93421146675618,3831.52404611031,157.40224895882,11.1216075322631,53.6979670730037,737507.076006713,157.853579661965
2,53,52,3,9,37.9761784176481,23.6892272299766,62.2421735696277,SAT-1,Satellite,734121.743495662,161.625047230997,7.35013996323087,8.9513985407143,54.1110732981392,188.391482363219,2.33844877245027,9,8.9513985407143,BelowTarget,,,Stable,0,-6.60561747212714,3844.67158393246,165.942077897703,7.35013996323087,54.1110732981392,734121.743495662,161.625047230997
2,53,52,4,9,37.96003346205,23.7479032261159,37.4482659564832,SAT-1,Satellite,737143.022498266,160.168241836237,8.8069453579908,10.3466238544859,53.7420266640121,188.391482363219,2.02311277800739,9,10.3466238544859,Served,,,Stable,0,5.06808966309697,3189.59056382363,154.268370762479,8.8069453579908,53.7420266640121,737143.022498266,160.168241836237
2,53,52,5,9,38.0037829731483,23.7210708672301,73.0575334800602,SAT-1,Satellite,735801.165734216,155.935955454867,13.0392317393609,14.6715737951525,53.9051774190798,188.391482363219,1.4267308484767,9,14.6715737951525,Served,,,Stable,0,1.09169477936837,2288.92250106732,158.244765646207,13.0392317393609,53.9051774190798,735801.165734216,155.935955454867
2,53,52,6,9,37.9610381413068,23.6893426437123,163.86814682024,SAT-1,Satellite,734113.758901596,159.152829478236,9.82235771599173,11.3529522432422,54.112057640924,188.391482363219,1.84378357987953,9,11.3529522432422,Served,BelowSnrFloor,,Stable,0,-11.9060430578765,4198.1285815244,171.242503483452,9.82235771599173,54.112057640924,734113.758901596,159.152829478236
2,53,52,7,9,38.0064844563683,23.7612743875321,286.046969842158,SAT-1,Satellite,737891.232418491,153.987623469443,14.9875637247852,16.7460108159198,53.6515649951489,188.391482363219,1.2499924405487,9,16.7460108159198,Served,,,Stable,0,8.02040334321416,3462.99351589815,151.316057082362,14.9875637247852,53.6515649951489,737891.232418491,153.987623469443
2,53,52,8,9,37.9820023002047,23.7796931987295,356.696165153081,SAT-1,Satellite,738818.767695518,157.375082591485,11.6001046027434,13.1665934166085,53.5399345749306,188.391482363219,1.58981038351516,9,13.1665934166085,Served,BelowSnrFloor,,Stable,0,-16.007959892324,4306.85418355949,175.3444203179,11.6001046027434,53.5399345749306,738818.767695518,157.375082591485
2,53,52,9,9,38.0109434973421,23.7723513757578,289.806192208963,SAT-1,Satellite,738475.221079806,159.339128244092,9.63605895013563,11.166507145784,53.5812142399568,188.391482363219,1.87456889213111,9,11.166507145784,Served,BelowSnrFloor,,Stable,0,-14.4400276382988,4959.61047330105,173.776488063875,9.63605895013563,53.5812142399568,738475.221079806,159.339128244092
2,54,53,1,9,37.959086151367,23.7644070550818,202.66198493723,SAT-1,Satellite,734995.175625175,155.482438850162,13.492748344066,15.1511402726676,54.0058775638843,188.391482363219,1.38157172018321,9,15.1511402726676,Served,,,Stable,0,-1.29311766979208,4227.92801960311,160.629578095368,13.492748344066,54.0058775638843,734995.175625175,155.482438850162
2,54,53,2,9,37.9569800361477,23.7549527205049,57.2958949727332,SAT-1,Satellite,734507.276655462,156.45748417965,12.5177030145779,14.1230270292161,54.0657662291318,188.391482363219,1.48214592282122,9,14.1230270292161,Served,,,Stable,0,4.76881217120314,3831.61548048415,154.567648254373,12.5177030145779,54.0657662291318,734507.276655462,156.45748417965
2,54,53,3,9,37.9761819142845,23.6892356232083,62.2421735696277,SAT-1,Satellite,731138.460308684,158.607495821531,10.3676913726971,11.9029653180437,54.4837339986957,188.391482363219,1.75858589603005,9,11.9029653180437,Served,,,Stable,0,1.38223392682119,3843.85198046071,157.954226498755,10.3676913726971,54.4837339986957,731138.460308684,158.607495821531
2,54,53,4,9,37.96003942251,23.7479089919722,37.4482659564832,SAT-1,Satellite,734144.164017318,156.308437228998,12.6667499652298,14.279455927012,54.1104422693058,188.391482363219,1.46590927807336,9,14.279455927012,Served,,,Stable,0,7.95789057700716,3189.3282021869,151.378569848569,12.6667499652298,54.1104422693058,734144.164017318,156.308437228998
2,54,53,5,9,38.0037851609877,23.7210799436651,73.0575334800602,SAT-1,Satellite,732784.098646774,156.988017785939,11.987169408289,13.5685877459688,54.2785790158026,188.391482363219,1.54270933137205,9,13.5685877459688,Served,,,Stable,0,7.88998414413706,2107.32301108811,151.446476281439,11.987169408289,54.2785790158026,732784.098646774,156.988017785939
2,54,53,6,9,37.9610309291325,23.6893452784807,163.86814682024,SAT-1,Satellite,731140.75351689,158.621293284816,10.353893909412,11.8889747815112,54.483447009135,188.391482363219,1.76065533941572,9,11.8889747815112,Served,,,Stable,0,0.820125343370506,4198.42566129416,158.516335082205,10.353893909412,54.483447009135,731140.75351689,158.621293284816
2,54,53,7,9,38.0064865316958,23.7612652686581,286.046969842158,SAT-1,Satellite,734853.186079529,164.71633360614,4.2588535880881,6.24755899087176,54.0232886281485,188.391482363219,3.3504904811352,9,6.24755899087176,BelowTarget,,,Stable,0,0.173440605970058,3890.7521926669,159.163019819606,4.2588535880881,54.0232886281485,734853.186079529,164.71633360614
2,54,53,8,9,37.9820097954941,23.7796926520755,356.696165153081,SAT-1,Satellite,735789.905608587,157.259588561808,11.7155986324199,13.2863081835736,53.908668734712,188.391482363219,1.57548557808753,9,13.2863081835736,Served,BelowSnrFloor,,Stable,0,-16.1903426681696,4306.70991090624,175.526803093745,11.7155986324199,53.908668734712,735789.905608587,157.259588561808
2,54,53,9,9,38.0109460412579,23.7723424479292,289.806192208963,SAT-1,Satellite,735429.111458868,161.300708914555,7.67447827967348,9.25644105768763,53.9527460507886,188.391482363219,2.26138607687258,9,9.25644105768763,Served,BelowSnrFloor,,Stable,0,-9.68920269584962,4533.13977209148,169.025663121425,7.67447827967348,53.9527460507886,735429.111458868,161.300708914555
2,55,54,1,9,37.9590792232169,23.7644034015354,202.66198493723,SAT-1,Satellite,732041.99395174,160.977781800001,7.99740539422734,10.7589122075194,54.3730071709122,188.391482363219,2.18878403700924,8,10.7589122075194,Served,,,Stable,0,-7.48117996284273,4247.80551846226,166.817640388419,7.99740539422734,54.3730071709122,732041.99395174,160.977781800001
2,55,54,2,9,37.9569840926164,23.7549606995309,57.2958949727332,SAT-1,Satellite,731560.516581702,155.796802299338,13.1783848948897,16.6707884259938,54.433088579034,188.391482363219,1.41258677716069,8,16.6707884259938,Served,,,Stable,0,4.66865213010345,3831.70709383905,154.667808295472,13.1783848948897,54.433088579034,731560.516581702,155.796802299338
2,55,54,3,9,37.9761854109208,23.6892440164404,62.2421735696277,SAT-1,Satellite,728208.604887366,162.029840736551,6.94534645767698,9.64760508330798,54.8559197365837,188.391482363219,2.44090995558535,8,9.64760508330798,Served,,,Stable,0,-1.54826571279614,3465.74946979656,160.884726138372,6.94534645767698,54.8559197365837,728208.604887366,162.029840736551
2,55,54,4,9,37.96004538297,23.747914757829,37.4482659564832,SAT-1,Satellite,731198.380052105,156.881552772348,12.0936344218806,15.38948409804,54.4783853176038,188.391482363219,1.53019653845326,8,15.38948409804,Served,,,Stable,0,1.64779145018997,3189.06603667469,157.688668975386,12.0936344218806,54.4783853176038,731198.380052105,156.881552772348
2,55,54,5,9,38.0037873488272,23.7210890201003,73.0575334800602,SAT-1,Satellite,729820.063204724,154.085599401568,14.8895877926601,18.7210042778715,54.6516366971335,188.391482363219,1.25788846291956,8,18.7210042778715,Served,,,Stable,0,-3.64004262911416,2107.21460171573,162.97650305469,14.8895877926601,54.6516366971335,729820.063204724,154.085599401568
2,55,54,6,9,37.9610237169583,23.6893479132489,163.86814682024,SAT-1,Satellite,728221.280793895,157.031682796202,11.9435043980261,15.213519405064,54.8543049842133,188.391482363219,1.54789530735168,8,15.213519405064,Served,,,Stable,0,-0.98379722454942,4198.7228854177,160.320257650125,11.9435043980261,54.8543049842133,728221.280793895,157.031682796202
2,55,54,7,9,38.0064886070233,23.7612561497838,286.046969842158,BS2,Terrestrial,3462.05872113414,154.424413231229,4.91204719434685,37.3668164518437,NaN,893.334270320412,23.907154934424,1,37.3650903762294,Served,,,InTransition,0.0461927393935192,4.91204719434685,3462.05872113414,154.424413231229,0.517488795633597,54.3947175035417,731867.869831444,168.457698398595
2,55,54,8,9,37.9820172907835,23.7796921054214,356.696165153081,SAT-1,Satellite,732813.75877567,155.778246127691,13.1969410665372,16.6928455520548,54.27703968485,188.391482363219,1.41072025269553,8,16.6928455520548,Served,BelowSnrFloor,,Stable,0,-18.0341713027177,4306.56579467699,177.370631728294,13.1969410665372,54.27703968485,732813.75877567,155.778246127691
2,55,54,9,9,38.0109485851738,23.7723335201003,289.806192208963,SAT-1,Satellite,732435.622313767,156.695127482945,12.2800597112836,15.608481548419,54.3240089738287,188.391482363219,1.50872685612315,8,15.608481548419,Served,BelowSnrFloor,,Stable,0,-9.47449791596722,4532.68063576974,168.810958341543,12.2800597112836,54.3240089738287,732435.622313767,156.695127482945
2,56,55,1,9,37.9590722950667,23.7643997479894,202.66198493723,SAT-1,Satellite,729142.441082721,158.561546540656,10.4136406535719,11.9495845026092,54.7394801572931,188.391482363219,1.75172508505848,9,11.9495845026092,Served,BelowSnrFloor,,Stable,0,-14.5398865919506,4228.5896296089,173.876347017526,10.4136406535719,54.7394801572931,729142.441082721,158.561546540656
2,56,55,2,9,37.9569881490851,23.7549686785573,57.2958949727332,SAT-1,Satellite,728667.441952779,155.349575220782,13.625611973446,15.2920520817442,54.7997370719516,188.391482363219,1.36884093889765,9,15.2920520817442,Served,,,Stable,0,-4.17343356775095,3831.79888616637,163.509893993327,13.625611973446,54.7997370719516,728667.441952779,155.349575220782
2,56,55,3,9,37.9761889075571,23.689252409673,62.2421735696277,SAT-1,Satellite,725332.827339772,160.736947591583,8.23823960264556,9.79451519391308,55.2274280645588,188.391482363219,2.13715395962173,9,9.79451519391308,Served,,,Stable,0,-0.265008352948797,3464.93963174843,159.601468778525,8.23823960264556,55.2274280645588,725332.827339772,160.736947591583
2,56,55,4,9,37.9600513434301,23.7479205236862,37.4482659564832,SAT-1,Satellite,728306.317303581,156.325294021711,12.6498931725166,14.2617502626529,54.8456582949096,188.391482363219,1.46772917375099,9,14.2617502626529,Served,,,Stable,0,3.56644475874418,3188.80406733489,155.770015666832,12.6498931725166,54.8456582949096,728306.317303581,156.325294021711
2,56,55,5,9,38.0037895366666,23.7210980965358,73.0575334800602,SAT-1,Satellite,726909.710841479,158.484728598962,10.4904585952664,12.0276140526191,55.0241543292241,188.391482363219,1.7403607097526,9,12.0276140526191,Served,,,Stable,0,9.13761837650455,2107.10651641991,150.198842049071,10.4904585952664,55.0241543292241,726909.710841479,158.484728598962
2,56,55,6,9,37.9610165047841,23.6893505480168,163.86814682024,SAT-1,Satellite,725355.989778872,158.952824129909,10.0223630643195,11.5539556545791,55.2244274732677,188.391482363219,1.81170739745315,9,11.5539556545791,Served,BelowSnrFloor,,Stable,0,-10.5976124750858,4199.02025386158,169.934072900662,10.0223630643195,55.2244274732677,725355.989778872,158.952824129909
2,56,55,7,9,38.0064906823508,23.7612470309092,286.046969842158,SAT-1,Satellite,728935.934272023,157.213292747526,11.7618944467019,13.334352607882,54.7656600098998,188.391482363219,1.56980901471537,9,13.2046643716804,Served,,,InTransition,9.72587421491468,-1.80978997989607,3461.59153011077,161.146250405472,11.7618944467019,54.7656600098998,728935.934272023,157.213292747526
2,56,55,8,9,37.9820247860728,23.7796915587672,356.696165153081,SAT-1,Satellite,729890.974765046,157.437311505388,11.5378756888404,13.1021753666248,54.6448554421286,188.391482363219,1.59762683245468,9,13.1021753666248,Served,BelowSnrFloor,,Stable,0,-21.4366592897098,4589.46848513416,180.773119715286,11.5378756888404,54.6448554421286,729890.974765046,157.437311505388
2,56,55,9,9,38.0109511290897,23.7723245922711,289.806192208963,SAT-1,Satellite,729495.404177549,157.794152681613,11.1810345126156,12.7339724634445,54.6948130153459,188.391482363219,1.64382222353136,9,12.7339724634445,Served,BelowSnrFloor,,Stable,0,-11.0129720859002,4532.22160622507,170.349432511476,11.1810345126156,54.6948130153459,729495.404177549,157.794152681613
2,57,56,1,9,37.9590653669165,23.7643960944438,202.66198493723,BS2,Terrestrial,4228.92064207185,133.344433873517,25.9920265520584,101.984292,NaN,893.334270320412,8.75952808811392,1,101.978537572681,Served,,,InTransition,0.0564246435054993,25.9920265520584,4228.92064207185,133.344433873517,7.09657783670241,55.1050905314344,726297.161950803,161.878609357526
2,57,56,2,9,37.9569922055538,23.7549766575841,57.2958949727332,SAT-1,Satellite,725828.69734955,156.771284927691,12.2039022665373,15.5189532440191,55.1655045986604,188.391482363219,1.51743064916301,8,15.5189532440191,Served,,,Stable,0,-5.43199381797893,3831.89085745159,164.768454243555,12.2039022665373,55.1655045986604,725828.69734955,156.771284927691
2,57,56,3,9,37.9761924041935,23.6892608029059,62.2421735696277,SAT-1,Satellite,722511.776006734,155.222073840917,13.7531133533109,17.3558762880209,55.5980460372169,188.391482363219,1.35682779161407,8,17.3558762880209,Served,,,Stable,0,1.38265914423496,3464.12980486187,157.953801281341,13.7531133533109,55.5980460372169,722511.776006734,155.222073840917
2,57,56,4,9,37.9600573038901,23.747926289544,37.4482659564832,SAT-1,Satellite,725468.620874573,156.742129922053,12.2330572721751,15.5532165034952,55.2120535810772,188.391482363219,1.5140877959302,8,15.5532165034952,Served,,,Stable,0,5.16299541945159,3188.54229421835,154.173465006124,12.2330572721751,55.2120535810772,725468.620874573,156.742129922053
2,57,56,5,9,38.0037917245061,23.7211071729716,73.0575334800602,SAT-1,Satellite,724053.691548222,157.512278554533,11.4629086396951,14.6527329207533,55.3959254586789,188.391482363219,1.60713604914268,8,14.6527329207533,Served,,,Stable,0,0.493120319231053,2106.99875524904,158.843340106345,11.4629086396951,55.3959254586789,724053.691548222,157.512278554533
2,57,56,6,9,37.9610092926099,23.6893531827844,163.86814682024,SAT-1,Satellite,722545.527649653,154.032305462966,14.9428817312622,18.7853202927011,55.5935998976918,188.391482363219,1.25358178239591,8,18.7853202927011,Served,,,Stable,0,-3.68764921070593,4199.31776659762,163.024109636282,14.9428817312622,55.5935998976918,722545.527649653,154.032305462966
2,57,56,7,9,38.0064927576783,23.7612379120344,286.046969842158,SAT-1,Satellite,726058.028757818,161.037088372593,7.93809882163507,10.6952048838172,55.1359144584861,188.391482363219,2.20182180250086,8,10.6952048838172,Served,,,Stable,0,0.00935184417721757,3461.12447673295,159.327108581399,7.93809882163507,55.1359144584861,726058.028757818,161.037088372593
2,57,56,8,9,37.9820322813622,23.779691012113,356.696165153081,SAT-1,Satellite,727022.199831388,156.395751603836,12.579435590392,15.961255942514,55.0119140855479,188.391482363219,1.4753810965889,8,15.961255942514,Served,BelowSnrFloor,,Stable,0,-20.7680158081101,4589.38462840517,180.104476233686,12.579435590392,55.0119140855479,727022.199831388,156.395751603836
2,57,56,9,9,38.0109536730055,23.7723156644416,289.806192208963,SAT-1,Satellite,726609.106419696,153.848063669956,15.1271235242724,19.0078534201231,55.0649581697485,188.391482363219,1.23890556050225,8,19.0078534201231,Served,BelowSnrFloor,,Stable,0,-12.7438171272617,4531.7626834905,172.080277552838,15.1271235242724,55.0649581697485,726609.106419696,153.848063669956
2,58,57,1,9,37.9590584387663,23.7643924408985,202.66198493723,BS2,Terrestrial,4229.2517927982,140.311324477419,19.0251359481566,101.984292,NaN,893.334270320412,8.75952808811392,1,101.984292,Served,,,Stable,0,19.0251359481566,4229.2517927982,140.311324477419,14.3101379750992,55.4696219855692,723506.799444374,154.665049219129
2,58,57,2,9,37.9569962620224,23.7549846366114,57.2958949727332,SAT-1,Satellite,723044.925253186,158.48047757091,10.4947096233185,13.535927383943,55.5301736870754,188.391482363219,1.73973564037712,8,13.535927383943,Served,,,Stable,0,6.28058838483821,3831.9830076813,153.055872040738,10.4947096233185,55.5301736870754,723044.925253186,158.48047757091
2,58,57,3,9,37.9761959008298,23.6892691961392,62.2421735696277,SAT-1,Satellite,719746.096936505,160.78414628113,8.19104091309848,10.9677398485438,55.9675498805163,188.391482363219,2.14710921489707,8,10.9677398485438,Served,,,Stable,0,1.30433487554311,3463.31998914567,158.032125550033,8.19104091309848,55.9675498805163,719746.096936505,160.78414628113
2,58,57,4,9,37.9600632643501,23.7479320554021,37.4482659564832,SAT-1,Satellite,722685.933755405,152.100656045997,16.8745311482312,20.830125,55.577353142102,188.391482363219,1.1305229947205,8,20.830125,Served,,,Stable,0,7.82316648274249,3188.2807173715,151.513293942833,16.8745311482312,55.577353142102,722685.933755405,152.100656045997
2,58,57,5,9,38.0037939123455,23.7211162494077,73.0575334800602,SAT-1,Satellite,721252.653358105,158.393997645106,10.5811895491223,13.6349120351286,55.7667329752323,188.391482363219,1.72710577338024,8,13.6349120351286,Served,,,Stable,0,5.22311276021182,2289.11935085362,154.113347665364,10.5811895491223,55.7667329752323,721252.653358105,158.393997645106
2,58,57,6,9,37.9610020804356,23.6893558175518,163.86814682024,SAT-1,Satellite,719790.5391884,155.85011939618,13.1250677980477,16.6074362271138,55.9615968712406,188.391482363219,1.41797535594059,8,16.6074362271138,Served,,,Stable,0,-2.04454517317052,4199.61542359317,161.381005598746,13.1250677980477,55.9615968712406,719790.5391884,155.85011939618
2,58,57,7,9,38.0064948330058,23.7612287931594,286.046969842158,SAT-1,Satellite,723234.80089682,156.475635117372,12.4995520768561,15.8669959219414,55.5052687541378,188.391482363219,1.48414579617041,8,15.8669959219414,Served,,,Stable,0,4.37495495218553,3460.65756105694,154.96150547339,12.4995520768561,55.5052687541378,723234.80089682,156.475635117372
2,58,57,8,9,37.9820397766516,23.7796904654587,356.696165153081,SAT-1,Satellite,724208.078410192,159.570405254296,9.40478193993187,12.3031582537315,55.3780034441576,188.391482363219,1.91405611549051,8,12.3031582537315,Served,BelowSnrFloor,,Stable,0,-14.6169350786887,4306.13438469049,173.953395504265,9.40478193993187,55.3780034441576,724208.078410192,159.570405254296
2,58,57,9,9,38.0109562169214,23.7723067366117,289.806192208963,SAT-1,Satellite,723777.37674163,158.11139115054,10.8637960436886,13.9594752566018,55.4342340910128,188.391482363219,1.68694989335401,8,13.9594752566018,Served,BelowSnrFloor,,Stable,0,-14.1114347803495,4531.30386759914,173.447895205925,10.8637960436886,55.4342340910128,723777.37674163,158.11139115054
2,59,58,1,9,37.959051510616,23.7643887873535,202.66198493723,SAT-1,Satellite,720771.993880223,155.414971374998,13.5602158192297,15.222671837067,55.8328476008054,188.391482363219,1.37507969384694,9,15.0762762191734,Served,,,InTransition,9.61694631931299,-3.25520857343935,4229.58308175403,162.591668999015,13.5602158192297,55.8328476008054,720771.993880223,155.414971374998
2,59,58,2,9,37.9570003184911,23.7549926156392,57.2958949727332,SAT-1,Satellite,720316.765516337,159.137646812228,9.83754038200058,11.3681805137104,55.8935162068088,188.391482363219,1.84131373565025,9,11.3681805137104,Served,,,Stable,0,2.27877149054029,3832.07533684302,157.057688935036,9.83754038200058,55.8935162068088,720316.765516337,159.137646812228
2,59,58,3,9,37.9761993974662,23.6892775893729,62.2421735696277,SAT-1,Satellite,717036.433343672,157.765318385384,11.2098688088441,12.7636475052327,56.3357046696365,188.391482363219,1.64000039335659,9,12.7636475052327,Served,,,Stable,0,-3.10828773808703,3462.51018460845,162.444748163663,11.2098688088441,56.3357046696365,717036.433343672,157.765318385384
2,59,58,4,9,37.9600692248101,23.7479378212608,37.4482659564832,SAT-1,Satellite,719958.896293853,157.130557136275,11.8446300579527,13.4202927073017,55.9413282312336,188.391482363219,1.55975636193521,9,13.4202927073017,Served,,,Stable,0,7.28340969011788,3188.01933684275,152.053050735458,11.8446300579527,55.9413282312336,719958.896293853,157.130557136275
2,59,58,5,9,38.0037961001849,23.721125325844,73.0575334800602,SAT-1,Satellite,718507.241814357,160.700301177691,8.27488601653693,9.8298196912611,56.136348780656,188.391482363219,2.12947821900088,9,9.8298196912611,Served,,,Stable,0,-0.735572277239044,2289.15962910772,160.072032702815,8.27488601653693,56.136348780656,718507.241814357,160.700301177691
2,59,58,6,9,37.9609948682614,23.6893584523189,163.86814682024,SAT-1,Satellite,717091.666238754,153.809118553988,15.1660686402402,16.9377146616882,56.3281818875193,188.391482363219,1.23584482011578,9,16.9377146616882,Served,,,Stable,0,5.41890514040591,4199.913224819,153.91755528517,15.1660686402402,56.3281818875193,717091.666238754,153.809118553988
2,59,58,7,9,38.0064969083332,23.761219674284,286.046969842158,SAT-1,Satellite,720466.896024952,158.288000315519,10.6871868787094,12.2279576994096,55.8735000719216,188.391482363219,1.71184652775313,9,12.2279576994096,Served,,,Stable,0,0.141981948789464,3460.19078313908,159.194478476786,10.6871868787094,55.8735000719216,720466.896024952,158.288000315519
2,59,58,8,9,37.9820472719409,23.7796899188044,356.696165153081,SAT-1,Satellite,721449.252596298,156.118458717691,12.8567284765376,14.479242429378,55.7429007920414,188.391482363219,1.44568246794289,9,14.479242429378,Served,BelowSnrFloor,,Stable,0,-20.4663206622048,4589.21736432827,179.802781087781,12.8567284765376,55.7429007920414,721449.252596298,156.118458717691
2,59,58,9,9,38.0109587608372,23.7722978087816,289.806192208963,SAT-1,Satellite,721000.860656031,160.790867637346,8.18431955688234,9.74264027956472,55.8024197695462,188.391482363219,2.14853328549473,9,9.74264027956472,Served,BelowSnrFloor,,Stable,0,-17.1654861410712,4530.84515858249,176.501946566647,8.18431955688234,55.8024197695462,721000.860656031,160.790867637346
2,60,59,1,9,37.9590445824658,23.7643851338089,202.66198493723,SAT-1,Satellite,718093.382461061,159.477320267006,9.49786692722208,11.0287107837268,56.1945295640709,188.391482363219,1.89799037618548,9,11.0287107837268,Served,,,Stable,0,-5.2045328840517,4229.9145089085,164.540993309628,9.49786692722208,56.1945295640709,718093.382461061,159.477320267006
2,60,59,2,9,37.9570043749598,23.7550005946674,57.2958949727332,SAT-1,Satellite,717644.854819195,153.147628301165,15.827558893063,17.6500787696017,56.2552930858751,188.391482363219,1.18596563802864,9,17.6500787696017,Served,,,Stable,0,9.92973115720739,3832.16784492436,149.406729268368,15.827558893063,56.2552930858751,717644.854819195,153.147628301165
2,60,59,3,9,37.9762028941025,23.6892859826071,62.2421735696277,SAT-1,Satellite,714383.425052877,159.138936546111,9.83625064811716,11.3668867110014,56.7022640185517,188.391482363219,1.84152331781288,9,11.3668867110014,Served,,,Stable,0,-0.38757137014673,3838.93448405979,159.724031795723,9.83625064811716,56.7022640185517,714383.425052877,159.138936546111
2,60,59,4,9,37.9600751852701,23.7479435871199,37.4482659564832,SAT-1,Satellite,717288.145649961,157.299086726002,11.6761004682262,13.2453436923649,56.303739102117,188.391482363219,1.58035815569759,9,13.2453436923649,Served,,,Stable,0,3.6328360595208,3187.75815267956,155.703624366055,11.6761004682262,56.303739102117,717288.145649961,157.299086726002
2,60,59,5,9,38.0037982880244,23.7211344022806,73.0575334800602,SAT-1,Satellite,715818.099422857,155.868415686761,13.1067715074674,14.7428485263867,56.5045334669873,188.391482363219,1.41983327657351,9,14.7428485263867,Served,,,Stable,0,10.4875946413115,2106.67741698209,148.848865784264,13.1067715074674,56.5045334669873,715818.099422857,155.868415686761
2,60,59,6,9,37.9609876560871,23.6893610870857,163.86814682024,SAT-1,Satellite,714449.547147973,157.126901801037,11.848285393191,13.4240919515142,56.6931070203509,188.391482363219,1.55931492460356,9,13.4240919515142,Served,BelowSnrFloor,,Stable,0,-8.88657118006887,4200.21117024308,168.223031605645,11.848285393191,56.6931070203509,714449.547147973,157.126901801037
2,60,59,7,9,38.0064989836607,23.7612105554085,286.046969842158,SAT-1,Satellite,717754.956666902,153.305969404947,15.669217789281,17.4792922671645,56.2403745424858,188.391482363219,1.19755345979132,9,17.4792922671645,Served,,,Stable,0,-2.52044752352771,3459.72414303437,161.856907949104,15.669217789281,56.2403745424858,717754.956666902,153.305969404947
2,60,59,8,9,37.9820547672303,23.77968937215,356.696165153081,SAT-1,Satellite,718746.361606961,155.683828008721,13.2913591855074,14.9379055277766,56.1063725534217,188.391482363219,1.40129329980856,9,14.9379055277766,Served,BelowSnrFloor,,Stable,0,-18.0714798799611,4305.84756044003,177.407940305537,13.2913591855074,56.1063725534217,718746.361606961,155.683828008721
2,60,59,9,9,38.0109613047531,23.7722888809512,289.806192208963,SAT-1,Satellite,718280.20095042,153.531874550415,15.4433126438132,17.2359170592652,56.1692832173374,188.391482363219,1.21446319666492,9,17.2359170592652,Served,BelowSnrFloor,,Stable,0,-23.0709564196966,4956.45296407415,182.407416845273,15.4433126438132,56.1692832173374,718280.20095042,153.531874550415
2,61,60,1,9,37.9590376543156,23.7643814802646,202.66198493723,SAT-1,Satellite,715471.598718353,156.991944594952,11.9832425992758,13.5644984510663,56.554418900536,188.391482363219,1.54317441258589,9,13.5644984510663,Served,,,Stable,0,-0.362182782821179,4249.31899253259,159.698643208397,11.9832425992758,56.554418900536,715471.598718353,156.991944594952
2,61,60,2,9,37.9570084314285,23.755008573696,57.2958949727332,SAT-1,Satellite,715029.826110936,155.923192809784,13.0519943844446,14.6850382218851,56.6152540431659,188.391482363219,1.42542270663286,9,14.6850382218851,Served,,,Stable,0,1.61344758824555,3832.26053191023,157.72301283733,13.0519943844446,56.6152540431659,715029.826110936,155.923192809784
2,61,60,3,9,37.9762063907388,23.6892943758416,62.2421735696277,SAT-1,Satellite,711787.707927882,157.087344969272,11.887842224956,13.4652186336497,57.0669697851836,188.391482363219,1.55455232467866,9,13.4652186336497,Served,,,Stable,0,-6.61358094774548,3460.89060909776,165.950041373321,11.887842224956,57.0669697851836,711787.707927882,157.087344969272
2,61,60,4,9,37.96008114573,23.7479493529795,37.4482659564832,SAT-1,Satellite,714674.315236234,161.748326171682,7.22686102254576,8.83636765437862,56.6643347376065,188.391482363219,2.36889044774795,9,8.83636765437862,BelowTarget,,,Stable,0,0.633434996406748,3288.96446794402,158.703025429169,7.22686102254576,56.6643347376065,714674.315236234,161.748326171682
2,61,60,5,9,38.0038004758638,23.7211434787175,73.0575334800602,SAT-1,Satellite,713185.865089636,158.44162850809,10.5335586861379,12.0714436434998,56.8710360076284,188.391482363219,1.73404172255057,9,12.0714436434998,Served,,,Stable,0,4.98172288884632,2106.57095280703,154.35473753673,10.5335586861379,56.8710360076284,713185.865089636,158.44162850809
2,61,60,6,9,37.9609804439128,23.6893637218523,163.86814682024,SAT-1,Satellite,711864.816194564,156.540326911204,12.4348602830242,14.0362037335537,57.0561126409735,188.391482363219,1.49131398536253,9,14.0362037335537,Served,,,Stable,0,-6.65121574022737,4200.50925983631,165.987676165803,12.4348602830242,57.0561126409735,711864.816194564,156.540326911204
2,61,60,7,9,38.0065010589882,23.7612014365326,286.046969842158,SAT-1,Satellite,715099.621981734,159.172562959099,9.80262423512869,11.3331669960684,56.6056469494587,188.391482363219,1.84700242540397,9,11.3331669960684,Served,,,Stable,0,1.87579676519121,3459.25764079911,157.460663660385,9.80262423512869,56.6056469494587,715099.621981734,159.172562959099
2,61,60,8,9,37.9820622625196,23.7796888254956,356.696165153081,SAT-1,Satellite,716100.041229979,156.039718593197,12.9354686010309,14.5621749430063,56.4681740212773,188.391482363219,1.43744921422604,9,14.5621749430063,Served,BelowSnrFloor,,Stable,0,-21.1354607611511,4305.704383084,180.471921186727,12.9354686010309,56.4681740212773,716100.041229979,156.039718593197
2,61,60,9,9,38.0109638486689,23.7722799531204,289.806192208963,SAT-1,Satellite,715616.037135445,154.75456548212,14.2206217121077,15.9252357143742,56.5345811646728,188.391482363219,1.31441614458195,9,15.9252357143742,Served,BelowSnrFloor,,Stable,0,-17.917491882379,4956.00228786518,177.253952307955,14.2206217121077,56.5345811646728,715616.037135445,154.75456548212
2,62,61,1,9,37.9590307261653,23.7643778267207,202.66198493723,SAT-1,Satellite,712907.271941212,155.975613020136,12.9995741740921,14.6297475420637,56.9122552255769,188.391482363219,1.43080985294253,9,14.6297475420637,Served,,,Stable,0,-1.75695884657745,4249.57175765,161.093419272153,12.9995741740921,56.9122552255769,712907.271941212,155.975613020136
2,62,61,2,9,37.9570124878971,23.755016552725,57.2958949727332,SAT-1,Satellite,712472.308037284,154.977613021638,13.9975741725897,15.6874842716111,56.9731373408205,188.391482363219,1.3343367595993,9,15.6874842716111,Served,,,Stable,0,-1.7516243254872,3832.35339778887,161.088084751063,13.9975741725897,56.9731373408205,712472.308037284,154.977613021638
2,62,61,3,9,37.9762098873751,23.6893027690765,62.2421735696277,SAT-1,Satellite,709249.913286749,159.330573758817,9.64461343541075,11.1750514085738,57.4295517965483,188.391482363219,1.87313562720496,9,11.1750514085738,Served,,,Stable,0,0.703655963658008,3460.08083814126,158.632804461918,9.64461343541075,57.4295517965483,709249.913286749,159.330573758817
2,62,61,4,9,37.96008710619,23.7479551188396,37.4482659564832,SAT-1,Satellite,712118.034143931,154.776916340568,14.1982708536598,15.9013909821739,57.0228525984015,188.391482363219,1.3163871608913,9,15.9013909821739,Served,,,Stable,0,7.6114213976561,3187.23637364527,151.72503902792,14.1982708536598,57.0228525984015,712118.034143931,154.776916340568
2,62,61,5,9,38.0038026637032,23.7211525551546,73.0575334800602,SAT-1,Satellite,710611.173544004,155.582004021187,13.3931831730407,15.0456646272756,57.2355934653914,188.391482363219,1.39125704631879,9,15.0456646272756,Served,,,Stable,0,6.7040096855884,2106.46481300467,152.632450739987,13.3931831730407,57.2355934653914,710611.173544004,155.582004021187
2,62,61,6,9,37.9609732317385,23.6893663566187,163.86814682024,SAT-1,Satellite,709338.103002246,157.496791718944,11.4783954752838,13.0406592552434,57.4169271565711,188.391482363219,1.60516324516569,9,13.0406592552434,Served,,,Stable,0,-4.52267858356086,4200.80749356658,163.859139009137,11.4783954752838,57.4169271565711,709338.103002246,157.496791718944
2,62,61,7,9,38.0065031343157,23.7611923176566,286.046969842158,SAT-1,Satellite,712501.527193959,158.727781027669,10.2474061665587,11.7811238443434,56.9690604427402,188.391482363219,1.77677335420738,9,11.7811238443434,Served,,,Stable,0,2.90072689683953,3458.79127648744,156.435733528736,10.2474061665587,56.9690604427402,712501.527193959,158.727781027669
2,62,61,8,9,37.9820697578089,23.7796882788411,356.696165153081,SAT-1,Satellite,713510.923257518,155.284501110728,13.6906860835004,15.3611338076964,56.8280490933382,188.391482363219,1.36268501995333,9,15.3611338076964,Served,BelowSnrFloor,,Stable,0,-13.0594973517396,4305.56136226195,172.395957777315,13.6906860835004,56.8280490933382,713510.923257518,155.284501110728
2,62,61,9,9,38.0109663925848,23.7722710252894,289.806192208963,SAT-1,Satellite,713009.004878547,154.72097415676,14.2542130374683,15.961080606483,56.8980587721843,188.391482363219,1.31146427020387,9,15.961080606483,Served,BelowSnrFloor,,Stable,0,-21.407034393906,4529.46967310896,180.743494819482,14.2542130374683,56.8980587721843,713009.004878547,154.72097415676
2,63,62,1,9,37.9590237980151,23.7643741731771,202.66198493723,SAT-1,Satellite,710401.02659193,155.025555819022,13.9496313752066,15.6364412219301,57.2677665208476,188.391482363219,1.33869252166464,9,15.6364412219301,Served,,,Stable,0,1.50963398025823,4249.82467110833,157.826826445318,13.9496313752066,57.2677665208476,710401.02659193,155.025555819022
2,63,62,2,9,37.9570165443658,23.7550245317545,57.2958949727332,SAT-1,Satellite,709972.924354805,159.239051097582,9.73613609664585,11.2665673001313,57.3286695611146,188.391482363219,1.85792055127587,9,11.2665673001313,Served,,,Stable,0,9.08178201914299,3832.44644255001,150.254678406433,9.73613609664585,57.3286695611146,709972.924354805,159.239051097582
2,63,62,3,9,37.9762133840115,23.6893111623118,62.2421735696277,SAT-1,Satellite,706770.667303796,160.429421388236,8.54576580599169,10.0919617622869,57.7897275988831,188.391482363219,2.07416431238074,9,10.0919617622869,Served,,,Stable,0,-5.4514038673625,3459.27107839389,164.787864292938,8.54576580599169,57.7897275988831,706770.667303796,160.429421388236
2,63,62,4,9,37.96009306665,23.7479608847001,37.4482659564832,SAT-1,Satellite,709619.926556084,157.347244917536,11.6279422766918,13.1954297736757,57.3790183961612,188.391482363219,1.5863361245729,9,13.1954297736757,Served,,,Stable,0,-0.66520843753969,3186.97577886979,160.001668863116,11.6279422766918,57.3790183961612,709619.926556084,157.347244917536
2,63,62,5,9,38.0038048515427,23.721161631592,73.0575334800602,SAT-1,Satellite,708094.654747964,155.944733434421,13.0304537598068,14.6623142257299,57.597930722111,188.391482363219,1.42763185994975,9,14.6623142257299,Served,,,Stable,0,-3.26951946087954,2289.32376925741,162.605979886455,13.0304537598068,57.597930722111,708094.654747964,155.944733434421
2,63,62,6,9,37.9609660195642,23.6893689913848,163.86814682024,SAT-1,Satellite,706870.03194086,154.768511570316,14.206675623912,15.910356979301,57.7752667752057,188.391482363219,1.31564533444969,9,15.910356979301,Served,,,Stable,0,-4.2224248452755,4201.1058714047,163.558885270851,14.206675623912,57.7752667752057,706870.03194086,154.768511570316
2,63,62,7,9,38.0065052096432,23.7611831987802,286.046969842158,SAT-1,Satellite,709961.303010656,156.496155026218,12.4790321680105,14.082487033918,57.3303462720409,188.391482363219,1.48641265415905,9,14.082487033918,Served,,,Stable,0,6.46918862836466,3458.32505015875,152.867271797211,12.4790321680105,57.3303462720409,709961.303010656,156.496155026218
2,63,62,8,9,37.9820772530982,23.7796877321866,356.696165153081,SAT-1,Satellite,710979.634906244,156.30450883131,12.6706783629179,14.2835826577269,57.1857300298186,188.391482363219,1.46548575597894,9,14.2835826577269,Served,BelowSnrFloor,,Stable,0,-18.7387505480398,4305.41849798828,178.075210973616,12.6706783629179,57.1857300298186,710979.634906244,156.30450883131
2,63,62,9,9,38.0109689365006,23.772262097458,289.806192208963,SAT-1,Satellite,710459.73542357,156.730924121215,12.2442630730131,13.8367903399506,57.2594493624933,188.391482363219,1.51280654074876,9,13.8367903399506,Served,BelowSnrFloor,,Stable,0,-22.095657065905,4955.10123312088,181.432117491481,12.2442630730131,57.2594493624933,710459.73542357,156.730924121215
2,64,63,1,9,37.9590168698648,23.7643705196338,202.66198493723,SAT-1,Satellite,707953.48170902,158.399568681473,10.575618512755,13.6285306342747,57.6206689395934,188.391482363219,1.72791447055771,8,13.6285306342747,Served,,,Stable,0,-2.30420442710823,4250.07773288018,161.640664852684,10.575618512755,57.6206689395934,707953.48170902,158.399568681473
2,64,63,2,9,37.9570206008345,23.7550325107845,57.2958949727332,SAT-1,Satellite,707532.293332818,156.318654540824,12.6565326534045,16.0523141304099,57.6815654130731,188.391482363219,1.46701186533539,8,16.0523141304099,Served,,,Stable,0,1.287502606723,3832.53966617683,158.048957818853,12.6565326534045,57.6815654130731,707532.293332818,156.318654540824
2,64,63,3,9,37.9762168806478,23.6893195555475,62.2421735696277,SAT-1,Satellite,704350.59039925,154.681208036553,14.2939791576755,18.0039684509926,58.1472022383871,188.391482363219,1.30798581210044,8,18.0039684509926,Served,,,Stable,0,-1.52711865429282,3458.46132986421,160.863579079869,14.2939791576755,58.1472022383871,704350.59039925,154.681208036553
2,64,63,4,9,37.96009902711,23.7479666505611,37.4482659564832,SAT-1,Satellite,707180.611148108,163.75648984883,5.21869734539834,7.92337332822172,57.7325458963419,188.391482363219,2.97208453014892,8,7.92337332822172,BelowTarget,,,Stable,0,-4.54125446900829,3186.71538065456,163.877714894584,5.21869734539834,57.7325458963419,707180.611148108,163.75648984883
2,64,63,5,9,38.0038070393821,23.7211707080297,73.0575334800602,SAT-1,Satellite,705636.933292729,158.996367973295,9.97881922093265,12.9488871813586,57.9577602350707,188.391482363219,1.81860687838131,8,12.9488871813586,Served,,,Stable,0,5.35278715239681,2106.25350671463,153.983673273179,9.97881922093265,57.9577602350707,705636.933292729,158.996367973295
2,64,63,6,9,37.9609588073899,23.6893716261506,163.86814682024,SAT-1,Satellite,704461.22151521,158.793277979822,10.1819092144065,13.1792640657469,58.1308353028631,188.391482363219,1.786817168085,8,13.1792640657469,Served,,,Stable,0,-1.96380506934034,4201.4043933186,161.300265494916,10.1819092144065,58.1308353028631,704461.22151521,158.793277979822
2,64,63,7,9,38.0065072849707,23.7611740799036,286.046969842158,BS2,Terrestrial,3457.85896186577,148.513987710907,10.8224727146687,68.1127342135644,NaN,893.334270320412,13.1155250282481,1,68.1095917165184,Served,,,InTransition,0.0461367038375031,10.8224727146687,3457.85896186577,148.513987710907,9.22084254641538,57.6892235456141,707479.575025456,159.754344647813
2,64,63,8,9,37.9820847483875,23.779687185532,356.696165153081,SAT-1,Satellite,708506.798224584,160.965890768163,8.00929642606511,10.7716999775401,57.5409372378089,188.391482363219,2.18618559229313,8,10.7716999775401,Served,BelowSnrFloor,,Stable,0,-13.7133776264942,4305.27579028029,173.04983805207,8.00929642606511,57.5409372378089,708506.798224584,160.965890768163
2,64,63,9,9,38.0109714804165,23.7722531696264,289.806192208963,SAT-1,Satellite,707968.854997127,164.276320107668,4.69886708656017,7.43254932958786,57.6184741762966,188.391482363219,3.16835237159578,8,7.43254932958786,BelowTarget,BelowSnrFloor,,Stable,0,-16.1470693554292,4528.55321776344,175.483529781005,4.69886708656017,57.6184741762966,707968.854997127,164.276320107668
2,65,64,1,9,37.9590099417146,23.7643668660909,202.66198493723,SAT-1,Satellite,705565.250298614,155.720806645526,13.2543805487017,16.7611492554436,57.9706666469154,188.391482363219,1.40497139763577,8,16.7611492554436,Served,BelowSnrFloor,,Stable,0,-11.6927123010358,4250.33094294033,171.029172726612,13.2543805487017,57.9706666469154,705565.250298614,155.720806645526
2,65,64,2,9,37.9570246573031,23.7550404898148,57.2958949727332,SAT-1,Satellite,705151.027143741,158.46504713562,10.5101400586084,13.5535772628757,58.0315275745874,188.391482363219,1.73747010391896,8,13.5535772628757,Served,,,Stable,0,6.64617225310238,3832.63306865882,152.690288172473,10.5101400586084,58.0315275745874,705151.027143741,158.46504713562
2,65,64,3,9,37.9762203772841,23.6893279487837,62.2421735696277,SAT-1,Satellite,701990.296617451,157.994067139676,10.9811200545518,14.0946939020786,58.5016680788711,188.391482363219,1.67076599598445,8,14.0946939020786,Served,,,Stable,0,5.51980457726219,3457.65159255963,153.816655848314,10.9811200545518,58.5016680788711,701990.296617451,157.994067139676
2,65,64,4,9,37.9601049875699,23.7479724164225,37.4482659564832,SAT-1,Satellite,704800.700476855,166.142821975827,2.83236521840098,5.79685138015243,58.0831367565877,188.391482363219,4.06236657645398,8,5.79685138015243,BelowTarget,,,Stable,0,-0.169604463589394,3186.45517904648,159.506064889165,2.83236521840098,58.0831367565877,704800.700476855,166.142821975827
2,65,64,5,9,38.0038092272216,23.7211797844676,73.0575334800602,BS1,Terrestrial,2289.40765538244,133.999819079683,25.3366413458925,101.984292,NaN,893.334270320412,8.75952808811392,1,101.981176729918,Served,,,InTransition,0.0305465677242946,25.3366413458925,2289.40765538244,133.999819079683,11.5815287652878,58.3147818261337,703238.627783218,157.39365842894
2,65,64,6,9,37.9609515952156,23.6893742609162,163.86814682024,SAT-1,Satellite,702112.283742676,158.808868150513,10.1663190437149,13.1615452787316,58.4833239789742,188.391482363219,1.78922267839295,8,13.1615452787316,Served,,,Stable,0,-5.59710743163731,4201.70305927836,164.933567857213,10.1663190437149,58.4833239789742,702112.283742676,158.808868150513
2,65,64,7,9,38.0065093602982,23.7611649610267,286.046969842158,SAT-1,Satellite,705056.963110186,157.430059469473,11.5451277247551,14.748389347536,58.0453990197288,188.391482363219,1.59671234197086,8,14.6096473034764,Served,BelowSnrFloor,,InTransition,9.40726751852024,-8.84716053464138,3457.39301166388,168.183620960217,11.5451277247551,58.0453990197288,705056.963110186,157.430059469473
2,65,64,8,9,37.9820922436768,23.7796866388773,356.696165153081,SAT-1,Satellite,706093.0294879,156.617328243848,12.3578589503802,15.7000304711616,57.8933790878211,188.391482363219,1.49992927330032,8,15.7000304711616,Served,BelowSnrFloor,,Stable,0,-13.5917246380883,4305.13323915292,172.928185063664,12.3578589503802,57.8933790878211,706093.0294879,156.617328243848
2,65,64,9,9,38.0109740243323,23.7722442417944,289.806192208963,SAT-1,Satellite,705536.984202504,158.266593256105,10.7085939381232,13.7810270222525,57.9748421583326,188.391482363219,1.70879392786745,8,13.7810270222525,Served,BelowSnrFloor,,Stable,0,-15.5841982510227,4954.20057545552,174.920658676599,10.7085939381232,57.9748421583326,705536.984202504,158.266593256105
2,66,65,1,9,37.9590030135643,23.7643632125484,202.66198493723,SAT-1,Satellite,703236.938715149,161.39961247826,7.57557471596763,9.16305913420251,58.3174517013161,188.391482363219,2.28443215553561,9,9.16305913420251,Served,,,Stable,0,-1.41742728403298,4250.58430126136,160.753887709609,7.57557471596763,58.3174517013161,703236.938715149,161.39961247826
2,66,65,2,9,37.9570287137718,23.7550484688456,57.2958949727332,SAT-1,Satellite,702829.73124285,158.634724879077,10.3404623151516,11.8753588364783,58.378246576451,188.391482363219,1.76267405621016,9,11.8753588364783,Served,,,Stable,0,6.1256825661639,3832.72664998042,153.210777859412,10.3404623151516,58.378246576451,702829.73124285,158.634724879077
2,66,65,3,9,37.9762238739204,23.6893363420202,62.2421735696277,SAT-1,Satellite,699690.392994672,156.114632989349,12.8605542048794,14.4832701513221,58.8528046633348,188.391482363219,1.44528043118326,9,14.4832701513221,Served,,,Stable,0,0.0811346619289282,3456.841866488,159.255325763647,12.8605542048794,58.8528046633348,699690.392994672,156.114632989349
2,66,65,4,9,37.9601109480299,23.7479781822844,37.4482659564832,SAT-1,Satellite,702480.800359071,156.539548817614,12.4356383766141,14.037018800788,58.4304804071481,188.391482363219,1.49122739139392,9,14.037018800788,Served,,,Stable,0,4.02852901510499,3186.19517409467,155.307931410471,12.4356383766141,58.4304804071481,702480.800359071,156.539548817614
2,66,65,5,9,38.003811415061,23.7211888609058,73.0575334800602,SAT-1,Satellite,700900.350211445,154.384626050091,14.5905611441368,16.3205350948672,58.668682510171,188.391482363219,1.2825796953085,9,16.1679085899852,Served,,,InTransition,9.35180764569394,5.76718590945609,2106.04349850111,153.56927451612,14.5905611441368,58.668682510171,700900.350211445,154.384626050091
2,66,65,6,9,37.9609443830413,23.6893768956815,163.86814682024,SAT-1,Satellite,699823.82352067,160.553993881605,8.42119331262296,9.97115181206932,58.832411357481,188.391482363219,2.09929477795228,9,9.97115181206932,Served,,,Stable,0,-1.34621615865467,4202.00186925299,160.682676584231,8.42119331262296,58.832411357481,699823.82352067,160.553993881605
2,66,65,7,9,38.0065114356256,23.7611558421496,286.046969842158,SAT-1,Satellite,702694.080795109,156.797460535457,12.177726658771,13.7672911342948,58.3985669250929,188.391482363219,1.52044339914504,9,13.7672911342948,Served,,,Stable,0,-0.699543225563417,3456.92719961276,160.036003651139,12.177726658771,58.3985669250929,702694.080795109,156.797460535457
2,66,65,8,9,37.9820997389661,23.7796860922226,356.696165153081,SAT-1,Satellite,703738.938582515,157.36379560887,11.6113915853579,13.1782838849124,58.2427517686067,188.391482363219,1.58840006119549,9,13.1782838849124,Served,BelowSnrFloor,,Stable,0,-13.117016958505,4304.99084462066,172.453477384081,11.6113915853579,58.2427517686067,703738.938582515,157.36379560887
2,66,65,9,9,38.0109765682482,23.7722353139621,289.806192208963,SAT-1,Satellite,703164.737402011,154.498906929491,14.4762802647371,16.1982949189655,58.3282497793195,188.391482363219,1.29225866265332,9,16.1982949189655,Served,BelowSnrFloor,,Stable,0,-15.86879336278,4953.75039559539,175.205253788356,14.4762802647371,58.3282497793195,703164.737402011,154.498906929491
2,67,66,1,9,37.958996085414,23.7643595590062,202.66198493723,SAT-1,Satellite,700969.146032387,155.092586173375,13.8826010208536,15.5651129206016,58.6607039844945,188.391482363219,1.34482718088995,9,15.5651129206016,Served,BelowSnrFloor,,Stable,0,-7.8649914321546,4250.83780781718,167.20145185773,13.8826010208536,58.6607039844945,700969.146032387,155.092586173375
2,67,66,2,9,37.9570327702404,23.7550564478769,57.2958949727332,SAT-1,Satellite,700569.003738473,157.828778667845,11.1464085263827,12.698355293589,58.7214007353673,188.391482363219,1.64843292263326,9,12.698355293589,Served,,,Stable,0,-4.23807749835279,3832.82041013037,163.574537923929,11.1464085263827,58.7214007353673,700569.003738473,157.828778667845
2,67,66,3,9,37.9762273705567,23.6893447352571,62.2421735696277,SAT-1,Satellite,697451.478917577,160.843858971784,8.1313282224437,9.69174153104453,59.200278627222,188.391482363219,2.15981687730693,9,9.69174153104453,Served,,,Stable,0,-5.14757180541255,3833.19767532926,164.484032230988,8.1313282224437,59.200278627222,697451.478917577,160.843858971784
2,67,66,4,9,37.9601169084898,23.7479839481468,37.4482659564832,SAT-1,Satellite,700221.509240308,157.934231670703,11.0409555235246,12.5900089692232,58.7742539804456,188.391482363219,1.66261890523007,9,12.5900089692232,Served,,,Stable,0,1.09418206749851,3185.93536584718,158.242278358077,11.0409555235246,58.7742539804456,700221.509240308,157.934231670703
2,67,66,5,9,38.0038136029004,23.7211979373443,73.0575334800602,SAT-1,Satellite,698622.705319885,155.578845328883,13.3963418653446,15.0490092152006,59.0191363701146,188.391482363219,1.39094784446695,9,15.0490092152006,Served,,,Stable,0,1.67457542652545,2105.93898129542,157.66188499905,13.3963418653446,59.0191363701146,698622.705319885,155.578845328883
2,67,66,6,9,37.9609371708669,23.6893795304465,163.86814682024,SAT-1,Satellite,697596.437985002,160.324402729568,8.65078446466015,10.1941395783187,59.1777632412369,188.391482363219,2.05337456569325,9,10.1941395783187,Served,,,Stable,0,2.35374310474862,4202.30082321104,156.982717320827,8.65078446466015,59.1777632412369,697596.437985002,160.324402729568
2,67,66,7,9,38.0065135109531,23.7611467232723,286.046969842158,SAT-1,Satellite,700391.534638734,156.325538556643,12.6496486375852,14.2614934394958,58.7484088371234,188.391482363219,1.46775560484264,9,14.2614934394958,Served,,,Stable,0,5.94096328245178,3456.46152576543,153.395497143124,12.6496486375852,58.7484088371234,700391.534638734,156.325538556643
2,67,66,8,9,37.9821072342554,23.7796855455678,356.696165153081,SAT-1,Satellite,701445.128379581,161.07296900773,7.90221818649775,9.47264013489666,58.5887391870091,188.391482363219,2.20977326607529,9,9.47264013489666,Served,BelowSnrFloor,,Stable,0,-16.2559337202846,4304.84860670012,175.59239414586,7.90221818649775,58.5887391870091,701445.128379581,161.07296900773
2,67,66,9,9,38.010979112164,23.7722263861295,289.806192208963,SAT-1,Satellite,700852.722088757,157.243214850018,11.7319723442102,13.3032966587636,58.678380900639,188.391482363219,1.57347366342141,9,13.3032966587636,Served,BelowSnrFloor,,Stable,0,-24.5528953415539,4527.17933784992,183.88935576713,11.7319723442102,58.678380900639,700852.722088757,157.243214850018
2,68,67,1,9,37.9589891572637,23.7643559054643,202.66198493723,SAT-1,Satellite,698762.463405859,153.592464135866,15.382723058362,17.1707008839088,59.000091187003,188.391482363219,1.21907585897457,9,17.1707008839088,Served,BelowSnrFloor,,Stable,0,-14.5350248217595,4232.57089736202,173.871485247335,15.382723058362,59.000091187003,698762.463405859,153.592464135866
2,68,67,2,9,37.9570368267091,23.7550644269086,57.2958949727332,SAT-1,Satellite,698369.434753755,156.379899154258,12.5952880399697,14.204419709167,59.0606561436378,188.391482363219,1.47365308529552,9,14.204419709167,Served,,,Stable,0,-0.667746718603098,3832.91434909414,160.004207144179,12.5952880399697,59.0606561436378,698369.434753755,156.379899154258
2,68,67,3,9,37.9762308671931,23.6893531284944,62.2421735696277,SAT-1,Satellite,695274.145473545,156.478757008002,12.4964301862264,14.1007236029804,59.5437436718692,188.391482363219,1.4844902657919,9,14.1007236029804,Served,,,Stable,0,-0.137815752895676,3832.37815506819,159.474276178472,12.4964301862264,59.5437436718692,695274.145473545,156.478757008002
2,68,67,4,9,37.9601228689498,23.7479897140097,37.4482659564832,SAT-1,Satellite,698023.4175554,157.375845166916,11.5993420273123,13.165803651565,59.1141222975836,188.391482363219,1.58990575001917,9,13.165803651565,Served,BelowSnrFloor,,Stable,0,-9.66152241870441,3185.67575435075,168.99798284428,11.5993420273123,59.1141222975836,698023.4175554,157.375845166916
2,68,67,5,9,38.0038157907399,23.7212070137831,73.0575334800602,SAT-1,Satellite,696406.289955899,154.640903431718,14.3342837625098,16.0465634313556,59.3658044867186,188.391482363219,1.30447787271036,9,16.0465634313556,Served,,,Stable,0,3.19300599763116,2105.83478875366,156.143454427945,14.3342837625098,59.3658044867186,696406.289955899,154.640903431718
2,68,67,6,9,37.9609299586926,23.6893821652113,163.86814682024,SAT-1,Satellite,695430.715860351,156.462344001447,12.5128431927807,14.1179312535824,59.5190326782605,188.391482363219,1.48268089377011,9,14.1179312535824,Served,BelowSnrFloor,,Stable,0,-8.42099053152944,4202.59992112293,167.757450957105,12.5128431927807,59.5190326782605,695430.715860351,156.462344001447
2,68,67,7,9,38.0065155862806,23.7611376043946,286.046969842158,SAT-1,Satellite,698149.923588295,155.449277881616,13.5259093126119,15.186292880165,59.0945935976814,188.391482363219,1.3783737146665,9,15.186292880165,Served,,,Stable,0,-6.47210476895555,3884.30294534451,165.808565194531,13.5259093126119,59.0945935976814,698149.923588295,155.449277881616
2,68,67,8,9,37.9821147295447,23.779684998913,356.696165153081,SAT-1,Satellite,699212.194099871,158.460096366654,10.5150908275738,12.0526588567617,58.9310129202769,188.391482363219,1.73674432986238,9,12.0526588567617,Served,BelowSnrFloor,,Stable,0,-15.2321940025316,4304.70652540651,174.568654428107,10.5150908275738,58.9310129202769,699212.194099871,158.460096366654
2,68,67,9,9,38.0109816560798,23.7722174582966,289.806192208963,SAT-1,Satellite,698601.538248943,155.027593996662,13.9475931975661,15.6342717259621,59.0249066892432,188.391482363219,1.33887828586774,9,15.6342717259621,Served,BelowSnrFloor,,Stable,0,-25.0895919978083,4952.85033395565,184.426052423384,13.9475931975661,59.0249066892432,698601.538248943,155.027593996662
2,69,68,1,9,37.9589822291134,23.7643522519227,202.66198493723,SAT-1,Satellite,696617.473427945,156.450918300929,12.5242688932989,15.8961511962324,59.3352688580305,188.391482363219,1.48142371097878,8,15.8961511962324,Served,,,Stable,0,-4.24767895687737,4251.34526552672,163.584139382453,12.5242688932989,59.3352688580305,696617.473427945,156.450918300929
2,69,68,2,9,37.9570408831777,23.7550724059407,57.2958949727332,BS1,Terrestrial,3833.00846685994,147.268176926432,12.0682834991443,75.201314411178,NaN,893.334270320412,11.8792374483767,1,75.1974684535207,Served,,,InTransition,0.0511421600453997,12.0682834991443,3833.00846685994,147.268176926432,10.8217810560005,59.3956667238894,696231.605781182,158.153406138228
2,69,68,3,9,37.9762343638294,23.6893615217321,62.2421735696277,SAT-1,Satellite,693158.974794056,157.627813005414,11.3473741888142,14.5185205637778,59.8828406074187,188.391482363219,1.62199276379127,8,14.5185205637778,Served,,,Stable,0,4.03112909485634,3454.41275575037,155.30533133072,11.3473741888142,59.8828406074187,693158.974794056,157.627813005414
2,69,68,4,9,37.9601288294097,23.747995479873,37.4482659564832,SAT-1,Satellite,695887.107081708,157.577398652851,11.3977885413773,14.5770555239364,59.4497379202511,188.391482363219,1.61547956353281,8,14.5770555239364,Served,,,Stable,0,6.20053362723195,3185.41633965454,153.135926798344,11.3977885413773,59.4497379202511,695887.107081708,157.577398652851
2,69,68,5,9,38.0038179785793,23.7212160902221,73.0575334800602,SAT-1,Satellite,694251.692418434,156.774301720948,12.2008854732806,15.5154086220659,59.7083349318898,188.391482363219,1.51777731860128,8,15.5154086220659,Served,,,Stable,0,5.9775227737357,2289.57905906788,153.35893765184,12.2008854732806,59.7083349318898,694251.692418434,156.774301720948
2,69,68,6,9,37.9609227465182,23.6893847999758,163.86814682024,SAT-1,Satellite,693327.236804085,161.341706297535,7.63348089669316,10.3699063087277,59.8558600290948,188.391482363219,2.27089180888575,8,10.3699063087277,Served,BelowSnrFloor,,Stable,0,-9.89910125612036,4202.8991629565,169.235561681696,7.63348089669316,59.8558600290948,693327.236804085,161.341706297535
2,69,68,7,9,38.0065176616081,23.7611284855167,286.046969842158,SAT-1,Satellite,695969.838332058,157.793460619158,11.18172657507,14.326520109663,59.4367772966134,188.391482363219,1.64373030681183,8,14.326520109663,Served,,,Stable,0,0.854434132698742,3455.53059290413,158.482026292877,11.18172657507,59.4367772966134,695969.838332058,157.793460619158
2,69,68,8,9,37.9821222248339,23.7796844522581,356.696165153081,SAT-1,Satellite,697040.722670629,164.938057018922,4.03713017530606,6.82904667752189,59.2692322289331,188.391482363219,3.44834885561914,8,6.82904667752189,BelowTarget,,,Stable,0,-7.0673151196325,4304.56460075554,166.403775545208,4.03713017530606,59.2692322289331,697040.722670629,164.938057018922
2,69,68,9,9,38.0109841999957,23.7722085304634,289.806192208963,SAT-1,Satellite,696411.77771576,153.890418059257,15.0847691349711,18.9566711080983,59.3674855909924,188.391482363219,1.24225055976955,8,18.9566711080983,Served,BelowSnrFloor,,Stable,0,-15.3651623751332,4952.4004522303,174.701622800709,15.0847691349711,59.3674855909924,696411.77771576,153.890418059257
2,70,69,1,9,37.9589753009631,23.7643485983816,202.66198493723,SAT-1,Satellite,694534.749476818,156.498159368504,12.4770278257238,14.0803863369198,59.6658805281957,188.391482363219,1.48663441672479,9,14.0803863369198,Served,,,Stable,0,-6.46690491885107,4233.23637417806,165.803365344427,12.4770278257238,59.6658805281957,694534.749476818,156.498159368504
2,70,69,2,9,37.9570449396464,23.7550803849733,57.2958949727332,SAT-1,Satellite,694156.0890311,158.938294544988,10.0368926492405,11.568590831972,59.7260743578289,188.391482363219,1.80941544508566,9,11.4614446039302,Served,,,InTransition,9.26182191055787,8.61480997197077,3833.10276341427,150.721650453605,10.0368926492405,59.7260743578289,694156.0890311,158.938294544988
2,70,69,3,9,37.9762378604657,23.6893699149702,62.2421735696277,SAT-1,Satellite,691106.539392512,155.082933627507,13.8922535667211,15.5753817310594,60.2171974752092,188.391482363219,1.34394053967258,9,15.5753817310594,Served,,,Stable,0,-1.72454059213075,3453.60307469093,161.061001017707,13.8922535667211,60.2171974752092,691106.539392512,155.082933627507
2,70,69,4,9,37.9601347898696,23.7480012457368,37.4482659564832,SAT-1,Satellite,693813.150286408,161.327757289975,7.64742990425344,9.23087166530692,59.7807412771182,188.391482363219,2.26765008638548,9,9.23087166530692,Served,,,Stable,0,-0.0987765862718959,3285.72700032145,159.435237011848,7.64742990425344,59.7807412771182,693813.150286408,161.327757289975
2,70,69,5,9,38.0038201664188,23.7212251666614,73.0575334800602,SAT-1,Satellite,692159.491798285,158.353442921518,10.6217442727099,12.1612316974436,60.046362835213,188.391482363219,1.72123905291984,9,12.1612316974436,Served,,,Stable,0,-1.34663078838625,2105.62737785708,160.683091213962,10.6217442727099,60.046362835213,692159.491798285,158.353442921518
2,70,69,6,9,37.9609155343439,23.6893874347401,163.86814682024,SAT-1,Satellite,691286.57074479,157.530696604798,11.4444905894302,13.0056188551026,60.1878731152247,188.391482363219,1.60948795766331,9,13.0056188551026,Served,,,Stable,0,-6.97371973983655,4203.19854868265,166.310180165412,11.4444905894302,60.1878731152247,691286.57074479,157.530696604798
2,70,69,7,9,38.0065197369356,23.7611193666386,286.046969842158,SAT-1,Satellite,693851.860644681,160.194711502392,8.78047569183593,10.3207319179322,59.7746033221765,188.391482363219,2.0281882230539,9,10.3207319179322,Served,,,Stable,0,-5.79486839233431,3455.06533400395,165.13132881791,8.78047569183593,59.7746033221765,693851.860644681,160.194711502392
2,70,69,8,9,37.9821297201232,23.7796839056032,356.696165153081,SAT-1,Satellite,694931.292075753,164.3371418344,4.63804535982828,6.55649976068337,59.6030441389575,188.391482363219,3.19261613563527,9,6.55649976068337,BelowTarget,BelowSnrFloor,,Stable,0,-14.0165590235968,4304.4228327627,173.353019449173,4.63804535982828,59.6030441389575,694931.292075753,164.3371418344
2,70,69,9,9,38.0109867439115,23.7721996026299,289.806192208963,SAT-1,Satellite,694284.023516196,154.389194282985,14.5859929112426,16.3156466078262,59.7057633713543,188.391482363219,1.28296398128688,9,16.3156466078262,Served,BelowSnrFloor,,Stable,0,-15.2720683187277,4525.80642244465,174.608528744304,14.5859929112426,59.7057633713543,694284.023516196,154.389194282985
2,71,70,1,9,37.9589683728128,23.7643449448407,202.66198493723,SAT-1,Satellite,692514.85506061,159.87136862359,9.10381857063837,10.6382553821707,59.9915579148279,188.391482363219,1.96765223030164,9,10.6382553821707,Served,,,Stable,0,-5.50552438085711,4251.8533158558,164.841984806433,9.10381857063837,59.9915579148279,692514.85506061,159.87136862359
2,71,70,2,9,37.957048996115,23.7550883640063,57.2958949727332,SAT-1,Satellite,692143.446775627,157.422282803353,11.5529043908754,13.1177272468529,60.0515090986018,188.391482363219,1.59573274663631,9,13.1177272468529,Served,,,Stable,0,8.7642767918247,3833.19723874395,150.572183633751,11.5529043908754,60.0515090986018,692143.446775627,157.422282803353
2,71,70,3,9,37.976241357102,23.6893783082087,62.2421735696277,SAT-1,Satellite,689117.401497816,155.806241498767,13.1689456954609,14.808506676318,60.5464297603549,188.391482363219,1.41353800128422,9,14.808506676318,Served,,,Stable,0,-0.752124099871367,3829.9196301324,160.088584525447,13.1689456954609,60.5464297603549,689117.401497816,155.806241498767
2,71,70,4,9,37.9601407503296,23.748007011601,37.4482659564832,SAT-1,Satellite,691802.109669156,156.671191424533,12.3039957696954,13.8992339664696,60.1067608744252,188.391482363219,1.5060101139202,9,13.8992339664696,Served,,,Stable,0,-3.88842070867869,3285.36814140831,163.224881134255,12.3039957696954,60.1067608744252,691802.109669156,156.671191424533
2,71,70,5,9,38.0038223542582,23.7212342431009,73.0575334800602,SAT-1,Satellite,690130.257313225,158.387599392633,10.5875878015948,12.1264371480409,60.3795105340445,188.391482363219,1.72617782731247,9,12.1264371480409,Served,,,Stable,0,4.75328231631798,2289.6665763539,154.583178109258,10.5875878015948,60.3795105340445,690130.257313225,158.387599392633
2,71,70,6,9,37.9609083221695,23.6893900695041,163.86814682024,SAT-1,Satellite,689309.277216852,153.089417282476,15.8857699117519,17.7129052795208,60.5146874591548,188.391482363219,1.18175909592019,9,17.7129052795208,Served,,,Stable,0,8.48468183172531,4203.49807826959,150.851778593851,15.8857699117519,60.5146874591548,689309.277216852,153.089417282476
2,71,70,7,9,38.006521812263,23.7611102477602,286.046969842158,SAT-1,Satellite,691796.562726933,157.863369952349,11.1118172418792,12.662794036227,60.1077024901324,188.391482363219,1.65306226014267,9,12.662794036227,Served,,,Stable,0,3.65569664914631,3454.60021353029,155.68076377643,11.1118172418792,60.1077024901324,691796.562726933,157.863369952349
2,71,70,8,9,37.9821372154124,23.7796833589482,356.696165153081,SAT-1,Satellite,692884.470700547,157.465868465008,11.50931872922,13.0726340159797,59.9320836026686,188.391482363219,1.60123712663104,9,13.0726340159797,Served,BelowSnrFloor,,Stable,0,-20.6201304497633,4588.22636593456,179.956590875339,11.50931872922,59.9320836026686,692884.470700547,157.465868465008
2,71,70,9,9,38.0109892878274,23.772190674796,289.806192208963,SAT-1,Satellite,692218.849211956,157.976195911258,10.9989912829704,12.5469464649965,60.0393732331057,188.391482363219,1.66832519670373,9,12.5469464649965,Served,BelowSnrFloor,,Stable,0,-14.9890184124847,4525.34899846249,174.325478838061,10.9989912829704,60.0393732331057,692218.849211956,157.976195911258
2,72,71,1,9,37.9589614446625,23.7643412913002,202.66198493723,SAT-1,Satellite,690558.343158218,155.597841600653,13.3773455935753,16.9075086527321,60.3119212197224,188.391482363219,1.39280930023934,8,16.9075086527321,Served,BelowSnrFloor,,Stable,0,-10.0377432437065,4233.90240235721,169.374203669282,13.3773455935753,60.3119212197224,690558.343158218,155.597841600653
2,72,71,2,9,37.9570530525837,23.7550963430397,57.2958949727332,SAT-1,Satellite,690194.23068935,156.207833050335,12.7673541438931,16.18334917027,60.3715894768458,188.391482363219,1.45513360971432,8,16.18334917027,Served,,,Stable,0,12.2265113485979,3833.29189283465,147.109949076978,12.7673541438931,60.3715894768458,690194.23068935,156.207833050335
2,72,71,3,9,37.9762448537383,23.6893867014476,62.2421735696277,SAT-1,Satellite,687192.112385288,156.720622230012,12.2545649642166,15.5785008867721,60.8701407058465,188.391482363219,1.51163038514175,8,15.5785008867721,Served,,,Stable,0,1.92874033518171,3829.1001337833,157.407720090394,12.2545649642166,60.8701407058465,687192.112385288,156.720622230012
2,72,71,4,9,37.9601467107895,23.7480127774657,37.4482659564832,SAT-1,Satellite,689854.537101602,158.939583599768,10.0356035944601,13.0132037591387,60.427413600991,188.391482363219,1.80961857904243,8,13.0132037591387,Served,,,Stable,0,1.0898929576374,3184.63927684702,158.246567467938,10.0356035944601,60.427413600991,689854.537101602,158.939583599768
2,72,71,5,9,38.0038245420976,23.7212433195408,73.0575334800602,BS1,Terrestrial,2289.71078879803,130.93383795616,28.4026224694159,101.984292,NaN,893.334270320412,8.75952808811392,1,101.981176317434,Served,,,InTransition,0.0305506123012344,28.4026224694159,2289.71078879803,130.93383795616,10.4532461534257,60.707387818234,688164.547639512,158.521941040802
2,72,71,6,9,37.9609011099951,23.6893927042679,163.86814682024,SAT-1,Satellite,687395.904692664,157.583340900227,11.3918462940008,14.5701537181717,60.8359066273217,188.391482363219,1.61624480776976,8,14.5701537181717,Served,,,Stable,0,0.0319192834435569,4203.7977516861,159.304541142132,11.3918462940008,60.8359066273217,687395.904692664,157.583340900227
2,72,71,7,9,38.0065238875905,23.7611011288815,286.046969842158,SAT-1,Satellite,689804.506541204,158.58712349424,10.3880636999878,13.414083254684,60.4356932619598,188.391482363219,1.7555381794115,8,13.414083254684,Served,,,Stable,0,-2.23224790930001,3454.13523154048,161.568708334876,10.3880636999878,60.4356932619598,689804.506541204,158.58712349424
2,72,71,8,9,37.9821447107017,23.7796828122931,356.696165153081,SAT-1,Satellite,690900.816672525,158.87516205877,10.1000251354577,13.086262429447,60.2559737482711,188.391482363219,1.79951574579553,8,13.086262429447,Served,BelowSnrFloor,,Stable,0,-11.0932502832561,4304.13976681226,170.429710708832,10.1000251354577,60.2559737482711,690900.816672525,158.87516205877
2,72,71,9,9,38.0109918317432,23.7721817469619,289.806192208963,SAT-1,Satellite,690216.818235989,161.355929495328,7.61925769890044,10.3547978075667,60.3679360213451,188.391482363219,2.2742052267012,8,10.3547978075667,Served,BelowSnrFloor,,Stable,0,-14.638336518205,4951.05140375391,173.974796943781,7.61925769890044,60.3679360213451,690216.818235989,161.355929495328
2,73,72,1,9,37.9589545165121,23.76433763776,202.66198493723,SAT-1,Satellite,688665.755558214,155.200775521217,13.7744116730115,17.3813377890199,60.6265795297771,188.391482363219,1.35484020742515,8,17.3813377890199,Served,,,Stable,0,-1.09749780521904,4234.23562312658,160.433958230795,13.7744116730115,60.6265795297771,688665.755558214,155.200775521217
2,73,72,2,9,37.9570571090523,23.7551043220736,57.2958949727332,SAT-1,Satellite,688308.981188277,161.637900413522,7.33728678070582,10.0568040540307,60.6859229109378,188.391482363219,2.34159233578425,8,10.0568040540307,Served,,,Stable,0,1.28036078237059,3833.38672567497,158.056099643205,7.33728678070582,60.6859229109378,688308.981188277,161.637900413522
2,73,72,3,9,37.9762483503746,23.6893950946869,62.2421735696277,SAT-1,Satellite,685331.211706356,154.109528945716,14.8656582485117,18.6921337525378,61.1879217400099,188.391482363219,1.25983130696382,8,18.6921337525378,Served,,,Stable,0,1.60424988364716,3451.17409917767,157.732210541929,14.8656582485117,61.1879217400099,685331.211706356,154.109528945716
2,73,72,4,9,37.9601526712494,23.7480185433309,37.4482659564832,SAT-1,Satellite,687970.973165166,155.641210955211,13.3339762390172,16.8558671523115,60.7423051382931,188.391482363219,1.39707646498466,8,16.8558671523115,Served,,,Stable,0,-3.05937129425524,3184.38064983044,162.395831719831,13.3339762390172,60.7423051382931,687970.973165166,155.641210955211
2,73,72,5,9,38.0038267299371,23.7212523959809,73.0575334800602,BS1,Terrestrial,2289.75530375304,125.343418985657,33.9930414399189,101.984292,NaN,893.334270320412,8.75952808811392,1,101.984292,Served,,,Stable,0,33.9930414399189,2289.75530375304,125.343418985657,5.43848311439874,61.0295922811317,686262.910241197,163.536704079829
2,73,72,6,9,37.9608938978208,23.6893953390314,163.86814682024,SAT-1,Satellite,685546.989913941,157.472685749319,11.5025014449091,14.6987815770143,61.1511226874468,188.391482363219,1.60210117906832,8,14.6987815770143,Served,,,Stable,0,3.54735347514608,4204.09756890444,155.78910695043,11.5025014449091,61.1511226874468,685546.989913941,157.472685749319
2,73,72,7,9,38.006525962918,23.7610920100026,286.046969842158,SAT-1,Satellite,687876.243144236,157.575476864114,11.3997103301138,14.5792877811236,60.7581820632178,188.391482363219,1.61523221497089,8,14.5792877811236,Served,,,Stable,0,-5.51819267778174,3882.00554658072,164.854653103358,11.3997103301138,60.7581820632178,687876.243144236,157.575476864114
2,73,72,8,9,37.9821522059909,23.779682265638,356.696165153081,SAT-1,Satellite,688980.877199636,155.743019679093,13.2321675151347,16.7347299397681,60.5743262285204,188.391482363219,1.40718944256406,8,16.7347299397681,Served,BelowSnrFloor,,Stable,0,-17.3956933947178,4588.06329781799,176.732153820294,13.2321675151347,60.5743262285204,688980.877199636,155.743019679093
2,73,72,9,9,38.010994375659,23.7721728191274,289.806192208963,SAT-1,Satellite,688278.483225965,156.2556362308,12.7195509634285,16.1268059797881,60.6910605267149,188.391482363219,1.46023554353642,8,16.1268059797881,Served,BelowSnrFloor,,Stable,0,-13.6402053807531,4524.43447242393,172.976665806329,12.7195509634285,60.6910605267149,688278.483225965,156.2556362308
2,74,73,1,9,37.9589475883618,23.7643339842202,202.66198493723,SAT-1,Satellite,686837.622197375,155.620588989645,13.3545982045831,15.0048174697792,60.9351313312029,188.391482363219,1.3950444229932,9,15.0048174697792,Served,,,Stable,0,-4.39027210848681,4252.61650205042,163.726732534063,13.3545982045831,60.9351313312029,686837.622197375,155.620588989645
2,74,73,2,9,37.9570611655209,23.7551123011079,57.2958949727332,SAT-1,Satellite,686488.226768606,162.101506875349,6.87368031887928,8.50972331398973,60.9941062322191,188.391482363219,2.45981992091732,9,8.50972331398973,BelowTarget,,,Stable,0,3.729071983734,3833.48173725148,155.607388441842,6.87368031887928,60.9941062322191,686488.226768606,162.101506875349
2,74,73,3,9,37.9762518470109,23.6894034879266,62.2421735696277,SAT-1,Satellite,683535.226818679,155.054362370779,13.9208248234495,15.6057823511949,61.4993530295188,188.391482363219,1.3413224956097,9,15.6057823511949,Served,,,Stable,0,5.59687353329861,3827.4611590507,153.739586892277,13.9208248234495,61.4993530295188,683535.226818679,155.054362370779
2,74,73,4,9,37.9601586317093,23.7480243091966,37.4482659564832,SAT-1,Satellite,686151.946488698,158.044104336779,10.9310828574487,12.4773257483176,61.0510304865629,188.391482363219,1.67763408213246,9,12.4773257483176,Served,,,Stable,0,3.28165127174876,3284.29259778896,156.054809153827,10.9310828574487,61.0510304865629,686151.946488698,158.044104336779
2,74,73,5,9,38.0038289177765,23.7212614724212,73.0575334800602,SAT-1,Satellite,684425.880698833,154.68621552073,14.2889716734986,15.9981816844445,61.3457097890229,188.391482363219,1.30842287843247,9,15.8520863535345,Served,,,InTransition,9.13199598502018,10.0864272604342,2105.21645414589,149.250033165142,14.2889716734986,61.3457097890229,684425.880698833,154.68621552073
2,74,73,6,9,37.9608866856464,23.6893979737947,163.86814682024,SAT-1,Satellite,683763.05722373,156.151308756596,12.8238784376324,14.4446651562522,61.4599167922315,188.391482363219,1.44914310597128,9,14.4446651562522,Served,,,Stable,0,-2.93369328507649,4204.39752988956,162.270153710652,12.8238784376324,61.4599167922315,683763.05722373,156.151308756596
2,74,73,7,9,38.0065280382455,23.7610828911234,286.046969842158,SAT-1,Satellite,686012.312018584,155.852334852206,13.1228523420218,14.7598262813547,61.074763713575,188.391482363219,1.41820008787564,9,14.7598262813547,Served,,,Stable,0,-0.49296977062582,3453.20568323514,159.829430196202,13.1228523420218,61.074763713575,686012.312018584,155.852334852206
2,74,73,8,9,37.9821597012801,23.7796817189829,356.696165153081,SAT-1,Satellite,687125.187907435,158.757882876323,10.2173043179048,11.7506777851306,60.88674167934,188.391482363219,1.78137698199286,9,11.7506777851306,Served,BelowSnrFloor,,Stable,0,-12.6539327557843,4303.85732767976,171.99039318136,10.2173043179048,60.88674167934,687125.187907435,158.757882876323
2,74,73,9,9,38.0109969195749,23.7721638912927,289.806192208963,SAT-1,Satellite,686404.385356271,160.500807593652,8.47437960057584,10.0226790086714,61.008343898229,188.391482363219,2.08850217702635,9,10.0226790086714,Served,BelowSnrFloor,,Stable,0,-34.1102092206103,4950.1525356269,193.446669646186,8.47437960057584,61.008343898229,686404.385356271,160.500807593652
2,75,74,1,9,37.9589406602114,23.7643303306807,202.66198493723,SAT-1,Satellite,685074.460500508,154.710259591184,14.2649276030441,15.9725161025307,61.2371651481011,188.391482363219,1.3105253295647,9,15.9725161025307,Served,,,Stable,0,-2.22314301976542,4252.87119352719,161.559603445341,14.2649276030441,61.2371651481011,685074.460500508,154.710259591184
2,75,74,2,9,37.9570652219896,23.7551202801427,57.2958949727332,SAT-1,Satellite,684732.483346944,155.709507587698,13.2656796065299,14.910746894504,61.2957263360617,188.391482363219,1.40384563411522,9,14.910746894504,Served,,,Stable,0,-0.340003803575996,3894.40980606836,159.676464229152,13.2656796065299,61.2957263360617,684732.483346944,155.709507587698
2,75,74,3,9,37.9762553436472,23.6894118811667,62.2421735696277,SAT-1,Satellite,681804.672118364,152.398653077538,16.5765341166903,18.4599839841228,61.8040041702942,188.391482363219,1.1339331034767,9,18.4599839841228,Served,,,Stable,0,-0.570719392627609,3826.64168067537,159.907179818203,16.5765341166903,61.8040041702942,681804.672118364,152.398653077538
2,75,74,4,9,37.9601645921692,23.7480300750627,37.4482659564832,SAT-1,Satellite,684397.973087609,158.477392031949,10.4977951622791,12.0350722865836,61.353174617937,188.391482363219,1.73928219380796,9,12.0350722865836,Served,,,Stable,0,0.442434104609646,3183.86398696922,158.894026320966,10.4977951622791,61.353174617937,684397.973087609,158.477392031949
2,75,74,5,9,38.0038311056159,23.7212705488619,73.0575334800602,SAT-1,Satellite,682653.982039234,153.682629369704,15.292557824524,17.0736981727604,61.6553150814155,188.391482363219,1.22600193100768,9,17.0736981727604,Served,,,Stable,0,9.53557706075725,2105.11453559878,149.800883364819,15.292557824524,61.6553150814155,682653.982039234,153.682629369704
2,75,74,6,9,37.960879473472,23.6894006085577,163.86814682024,SAT-1,Satellite,682044.617900883,154.908071330062,14.0671158641665,15.7615612342074,61.7618599013447,188.391482363219,1.32806557790841,9,15.7615612342074,Served,,,Stable,0,-0.187533007319615,4204.69763461321,159.523993432895,14.0671158641665,61.7618599013447,682044.617900883,154.908071330062
2,75,74,7,9,38.0065301135729,23.761073772244,286.046969842158,SAT-1,Satellite,684213.240404479,155.443741102907,13.5314460913209,15.1921633104038,61.3850219803337,188.391482363219,1.37784109488289,9,15.1921633104038,Served,,,Stable,0,-5.71951499642867,3452.74111703178,165.055975422005,13.5314460913209,61.3850219803337,684213.240404479,155.443741102907
2,75,74,8,9,37.9821671965693,23.7796811723276,356.696165153081,SAT-1,Satellite,685334.272176871,158.418407520286,10.5567796739424,12.0950723382363,61.1928102994339,188.391482363219,1.73065413284654,9,12.0950723382363,Served,,,Stable,0,-3.91447339323017,4303.71634320879,163.250933818806,10.5567796739424,61.1928102994339,685334.272176871,158.418407520286
2,75,74,9,9,38.0109994634907,23.7721549634576,289.806192208963,SAT-1,Satellite,684595.053670136,157.255972860436,11.7192143337926,13.290059291925,61.3193721774341,188.391482363219,1.57504089857334,9,13.290059291925,Served,BelowSnrFloor,,Stable,0,-25.0499996187876,4949.70325090152,184.386460044363,11.7192143337926,61.3193721774341,684595.053670136,157.255972860436
2,76,75,1,9,37.9589337320611,23.7643266771416,202.66198493723,SAT-1,Satellite,683376.774723152,159.11759072134,9.85759647288788,12.8118425871174,61.5322603160851,188.391482363219,1.83805999295381,8,12.8118425871174,Served,BelowSnrFloor,,Stable,0,-9.72895067470159,4235.23611175875,169.065411100277,9.85759647288788,61.5322603160851,683376.774723152,159.11759072134
2,76,75,2,9,37.9570692784582,23.7551282591779,57.2958949727332,SAT-1,Satellite,683042.253603575,154.880634023179,14.0945531710489,17.7646502905261,61.5903609695089,188.391482363219,1.3256064662281,8,17.7646502905261,Served,,,Stable,0,-1.4421200211606,3833.67229655514,160.778580446736,14.0945531710489,61.5903609695089,683042.253603575,154.880634023179
2,76,75,3,9,37.9762588402835,23.6894202744072,62.2421735696277,SAT-1,Satellite,680140.048375969,155.323974761734,13.6512124324937,17.234127059787,62.1014350285092,188.391482363219,1.36641300216185,8,17.234127059787,Served,,,Stable,0,4.52698328116958,3825.82220829935,154.809477144406,13.6512124324937,62.1014350285092,680140.048375969,155.323974761734
2,76,75,4,9,37.9601705526291,23.7480358409293,37.4482659564832,SAT-1,Satellite,682709.555706123,157.262890907481,11.7122962867469,14.9432426304924,61.6483132675759,188.391482363219,1.57589191835443,8,14.9432426304924,Served,,,Stable,0,-0.323951056506559,3283.5764302105,159.660411482082,11.7122962867469,61.6483132675759,682709.555706123,157.262890907481
2,76,75,5,9,38.0038332934554,23.7212796253028,73.0575334800602,BS1,Terrestrial,2289.89066350323,120.697999771388,38.638460654188,101.984292,NaN,893.334270320412,8.75952808811392,1,101.981176072673,Served,,,InTransition,0.0305530122909661,38.638460654188,2289.89066350323,120.697999771388,11.7879478425261,61.9579725146874,680947.724067932,157.187239351702
2,76,75,6,9,37.9608722612976,23.6894032433204,163.86814682024,SAT-1,Satellite,680392.169498592,156.847660963549,12.1275262306795,15.4292574611064,62.056513653454,188.391482363219,1.52625201535225,8,15.4292574611064,Served,,,Stable,0,-3.70521738592194,4204.99788304537,163.041677811498,12.1275262306795,62.056513653454,680392.169498592,156.847660963549
2,76,75,7,9,38.0065321889004,23.7610646533643,286.046969842158,SAT-1,Satellite,682479.542633656,157.38914932315,11.5860378710782,14.7960299038225,61.6885302673952,188.391482363219,1.59157121528381,8,14.7960299038225,Served,,,Stable,0,-2.08100265143153,3452.27668953618,161.417463077007,11.5860378710782,61.6885302673952,682479.542633656,157.38914932315
2,76,75,8,9,37.9821746918585,23.7796806256724,356.696165153081,SAT-1,Satellite,683608.640484205,154.658816547362,14.3163706468658,18.0308639705287,61.4921125619492,188.391482363219,1.30603477092905,8,18.0308639705287,Served,BelowSnrFloor,,Stable,0,-9.85770757037287,4303.57551548856,169.194167995949,14.3163706468658,61.4921125619492,683608.640484205,154.658816547362
2,76,75,9,9,38.0110020074066,23.7721460356222,289.806192208963,SAT-1,Satellite,682851.00441346,155.741537690077,13.2336495041509,16.7364923692289,61.623720965783,188.391482363219,1.40704125905728,8,16.7364923692289,Served,BelowSnrFloor,,Stable,0,-23.1544074675671,4949.25406577095,182.490867893143,13.2336495041509,61.623720965783,682851.00441346,155.741537690077
2,77,76,1,9,37.9589268039107,23.7643230236028,202.66198493723,SAT-1,Satellite,681745.0552989,157.687204852615,11.2879823416133,14.4496216075783,61.8199879012337,188.391482363219,1.62972678004605,8,14.4496216075783,Served,,,Stable,0,-3.89112978794179,4253.38102044364,163.227590213518,11.2879823416133,61.8199879012337,681745.0552989,157.687204852615
2,77,76,2,9,37.9570733349268,23.7551362382135,57.2958949727332,SAT-1,Satellite,681418.026330573,156.333919721279,12.6412674729495,16.034278005215,61.8775796658081,188.391482363219,1.46866203066601,8,16.034278005215,Served,,,Stable,0,8.40447081720845,3833.76784425811,150.931989608367,12.6412674729495,61.8775796658081,681418.026330573,156.333919721279
2,77,76,3,9,37.9762623369198,23.6894286676481,62.2421735696277,SAT-1,Satellite,678541.842078071,158.554966760688,10.4202204335397,13.4507965331589,62.3911967434745,188.391482363219,1.75074652548268,8,13.4507965331589,Served,,,Stable,0,-2.3626560707778,3447.93562334814,161.699116496354,10.4202204335397,62.3911967434745,678541.842078071,158.554966760688
2,77,76,4,9,37.960176513089,23.7480416067963,37.4482659564832,SAT-1,Satellite,681087.183164415,165.918302423774,3.05688477045391,5.98236631002779,61.9360138732512,188.391482363219,3.93639140016034,8,5.98236631002779,BelowTarget,,,Stable,0,0.698737482799118,3183.34811265217,158.637722942777,3.05688477045391,61.9360138732512,681087.183164415,165.918302423774
2,77,76,5,9,38.0038354812948,23.721288701744,73.0575334800602,BS1,Terrestrial,2289.9363883223,118.374458231648,40.9620021939283,101.984292,NaN,893.334270320412,8.75952808811392,1,101.984292,Served,,,Stable,0,40.9620021939283,2289.9363883223,118.374458231648,10.9085273896655,62.2532369613788,679307.602706084,158.066659804563
2,77,76,6,9,37.9608650491231,23.6894058780829,163.86814682024,SAT-1,Satellite,678806.195188833,156.009449820373,12.965737373855,16.4183341147607,62.3434313995131,188.391482363219,1.43430722817554,8,16.4183341147607,Served,BelowSnrFloor,,Stable,0,-15.6273965114775,4205.29827515291,174.963856937053,12.965737373855,62.3434313995131,678806.195188833,156.009449820373
2,77,76,7,9,38.0065342642279,23.7610555344844,286.046969842158,SAT-1,Satellite,680811.71946692,154.310956094194,14.6642311000343,18.4493175562429,61.984852451474,188.391482363219,1.276412269647,8,18.4493175562429,Served,,,Stable,0,-6.61242564170229,3451.81240080358,165.948886067278,14.6642311000343,61.984852451474,680811.71946692,154.310956094194
2,77,76,8,9,37.9821821871477,23.779680079017,356.696165153081,SAT-1,Satellite,681948.789744835,155.055111054164,13.9200761400637,17.5556088353111,61.7842200690041,188.391482363219,1.34139097745425,8,17.5556088353111,Served,BelowSnrFloor,,Stable,0,-8.32541048920359,4303.43484453424,167.661870914779,13.9200761400637,61.7842200690041,681948.789744835,155.055111054164
2,77,76,9,9,38.0110045513224,23.7721371077866,289.806192208963,SAT-1,Satellite,681172.740372108,158.429706039346,10.5454811548823,13.5940209347136,61.9209562369981,188.391482363219,1.73230094381184,8,13.5940209347136,Served,BelowSnrFloor,,Stable,0,-21.961296811181,4522.60670895993,181.297757236757,10.5454811548823,61.9209562369981,681172.740372108,158.429706039346
2,78,77,1,9,37.9589198757603,23.7643193700644,202.66198493723,SAT-1,Satellite,680179.778193094,156.754683957797,12.2205032364313,15.53846127697,62.0999117739462,188.391482363219,1.51552556431729,8,15.53846127697,Served,,,Stable,0,3.8165622967179,4253.63615582848,155.519898128858,12.2205032364313,62.0999117739462,680179.778193094,156.754683957797
2,78,77,2,9,37.9570773913954,23.7551442172496,57.2958949727332,SAT-1,Satellite,679860.275786415,157.650826018332,11.3243611758962,14.491816074465,62.1569448353998,188.391482363219,1.62498165684674,8,14.491816074465,Served,,,Stable,0,5.7695865781362,3833.86357064213,153.56687384744,11.3243611758962,62.1569448353998,679860.275786415,157.650826018332
2,78,77,3,9,37.9762658335561,23.6894370608894,62.2421735696277,SAT-1,Satellite,677010.524776205,158.909893970568,10.0652932236604,13.0468618694517,62.6728329033523,188.391482363219,1.80495015054466,8,13.0468618694517,Served,,,Stable,0,1.54303371951281,3824.18328156034,157.793426706063,10.0652932236604,62.6728329033523,677010.524776205,158.909893970568
2,78,77,4,9,37.9601824735489,23.7480473726638,37.4482659564832,SAT-1,Satellite,679531.329712331,154.342604980543,14.6325822136853,18.4111988771432,62.2158366731511,188.391482363219,1.27905496282686,8,18.4111988771432,Served,,,Stable,0,2.83998191811639,3183.09047131785,156.496478507459,14.6325822136853,62.2158366731511,679531.329712331,154.342604980543
2,78,77,5,9,38.0038376691342,23.7212977781854,73.0575334800602,BS1,Terrestrial,2289.98241556219,119.992597800501,39.3438626250752,101.984292,NaN,893.334270320412,8.75952808811392,1,101.984292,Served,,,Stable,0,39.3438626250752,2289.98241556219,119.992597800501,16.3691798958982,62.5406548768494,677734.099333629,152.60600729833
2,78,77,6,9,37.9608578369487,23.6894085128451,163.86814682024,SAT-1,Satellite,677287.163114482,162.035512873002,6.93967432122602,9.64172752627359,62.6221594075926,188.391482363219,2.44239792415122,8,9.64172752627359,Served,,,Stable,0,-3.35589518145343,4205.59881090672,162.692355607029,6.93967432122602,62.6221594075926,677287.163114482,162.035512873002
2,78,77,7,9,38.0065363395553,23.7610464156042,286.046969842158,SAT-1,Satellite,679210.257437168,155.082491651266,13.8926955429622,17.5228334399411,62.2735438769117,188.391482363219,1.34389996778292,8,17.5228334399411,Served,,,Stable,0,-2.58050066878533,3451.34825089108,161.916961094361,13.8926955429622,62.2735438769117,679210.257437168,155.082491651266
2,78,77,8,9,37.9821896824368,23.7796795323617,356.696165153081,SAT-1,Satellite,680355.202662751,155.939627119382,13.0355600748462,16.5011631556198,62.0686965593379,188.391482363219,1.42710759679885,8,16.5011631556198,Served,,,Stable,0,-6.83220726566461,4303.29433036171,166.16866769124,13.0355600748462,62.0686965593379,680355.202662751,155.939627119382
2,78,77,9,9,38.0110070952382,23.7721281799506,289.806192208963,SAT-1,Satellite,679560.750214367,160.338587459921,8.63659973430666,11.4528612189301,62.2106353057888,188.391482363219,2.0561617612618,8,11.4528612189301,Served,BelowSnrFloor,,Stable,0,-17.3845212996279,4522.15003674491,176.720981725204,8.63659973430666,62.2106353057888,679560.750214367,160.338587459921
2,79,78,1,9,37.95891294761,23.7643157165263,202.66198493723,SAT-1,Satellite,678681.404264624,156.823888306093,12.1512988881354,15.4571663069072,62.371589846184,188.391482363219,1.52349627530883,8,15.4571663069072,Served,,,Stable,0,-0.150422634064455,4253.89143912988,159.48688305964,12.1512988881354,62.371589846184,678681.404264624,156.823888306093
2,79,78,2,9,37.9570814478641,23.7551521962861,57.2958949727332,SAT-1,Satellite,678369.461058952,152.898164503778,16.0770226904497,20.1594036696011,62.4280130218068,188.391482363219,1.16813650251532,8,20.1594036696011,Served,,,Stable,0,-0.761235131911576,3833.95947569527,160.097695557487,16.0770226904497,62.4280130218068,678369.461058952,152.898164503778
2,79,78,3,9,37.9762693301924,23.6894454541311,62.2421735696277,SAT-1,Satellite,675546.552444968,153.70332512347,15.2718620707583,19.1828712597516,62.9458809033662,188.391482363219,1.2276022174434,8,19.1828712597516,Served,,,Stable,0,0.0221839351114568,3446.31645337163,159.314276490464,15.2718620707583,62.9458809033662,675546.552444968,153.70332512347
2,79,78,4,9,37.9601884340087,23.7480531385318,37.4482659564832,SAT-1,Satellite,678042.454391512,158.460215684851,10.5149715093773,13.5591047011059,62.4873359705156,188.391482363219,1.73676181536393,8,13.5591047011059,Served,,,Stable,0,4.6043328194967,3282.50347221422,154.732127606079,10.5149715093773,62.4873359705156,678042.454391512,158.460215684851
2,79,78,5,9,38.0038398569736,23.7213068546271,73.0575334800602,BS1,Terrestrial,2290.02874520602,122.161492994201,37.1749674313747,101.984292,NaN,893.334270320412,8.75952808811392,1,101.984292,Served,,,Stable,0,37.1749674313747,2290.02874520602,122.161492994201,9.90790633988789,62.8197655440413,676227.680140458,159.06728085434
2,79,78,6,9,37.9608506247743,23.689411147607,163.86814682024,SAT-1,Satellite,675835.525750931,165.251393407717,3.72379378651149,6.55207016006225,62.8922382481652,188.391482363219,3.5941213570855,8,6.55207016006225,BelowTarget,,,Stable,0,-2.17264517631045,4205.89949027492,161.509105601886,3.72379378651149,62.8922382481652,675835.525750931,165.251393407717
2,79,78,7,9,38.0065384148828,23.7610372967237,286.046969842158,SAT-1,Satellite,677675.628199656,156.240011094213,12.7351761000151,16.145284452023,62.5541525196105,188.391482363219,1.45856428639457,8,16.145284452023,Served,,,Stable,0,-2.13398976581576,3450.88423985323,161.470450191392,12.7351761000151,62.5541525196105,677675.628199656,156.240011094213
2,79,78,8,9,37.982197177726,23.7796789857062,356.696165153081,SAT-1,Satellite,678828.347087327,157.07347880635,11.9017083878778,15.164595552547,62.3450990784391,188.391482363219,1.5528891102834,8,15.164595552547,Served,,,Stable,0,-3.47318716955601,4303.15397298539,162.809647595132,11.9017083878778,62.3450990784391,678828.347087327,157.07347880635
2,79,78,9,9,38.011009639154,23.7721192521143,289.806192208963,SAT-1,Satellite,678015.507840366,157.055940618416,11.9192465758124,15.1851212213317,62.4923079635268,188.391482363219,1.55079007616491,8,15.1851212213317,Served,BelowSnrFloor,,Stable,0,-16.1342224248895,4521.69347205445,175.470682850465,11.9192465758124,62.4923079635268,678015.507840366,157.055940618416
2,80,79,1,9,37.9589060194596,23.7643120629885,202.66198493723,SAT-1,Satellite,677250.378637737,156.295182503458,12.6800046907698,14.293380610526,62.6345754790611,188.391482363219,1.4644811818578,9,14.293380610526,Served,BelowSnrFloor,,Stable,0,-15.6308208269187,4254.14687031978,174.967281252495,12.6800046907698,62.6345754790611,677250.378637737,156.295182503458
2,80,79,2,9,37.9570855043327,23.7551601753231,57.2958949727332,SAT-1,Satellite,676946.025438537,154.193709388297,14.7814778059307,16.5249882659555,62.6903363292933,188.391482363219,1.26671115236863,9,16.5249882659555,Served,,,Stable,0,7.95219494957891,3834.05555940311,151.384265475997,14.7814778059307,62.6903363292933,676946.025438537,154.193709388297
2,80,79,3,9,37.9762728268287,23.6894538473731,62.2421735696277,SAT-1,Satellite,674150.364851221,162.018647253013,6.95653994121517,8.5859624285401,63.2098734943892,188.391482363219,2.43797793240585,9,8.5859624285401,BelowTarget,,,Stable,0,-1.12949896219143,3445.50688539574,160.465959387767,6.95653994121517,63.2098734943892,674150.364851221,162.018647253013
2,80,79,4,9,37.9601943944686,23.7480589044002,37.4482659564832,SAT-1,Satellite,676621.000407768,154.231713122932,14.7434740712965,16.4842665041941,62.7500615721339,188.391482363219,1.26984036104492,9,16.4842665041941,Served,,,Stable,0,2.59987915003683,3182.57578053688,156.736581275539,14.7434740712965,62.7500615721339,676621.000407768,154.231713122932
2,80,79,5,9,38.0038420448131,23.7213159310691,73.0575334800602,SAT-1,Satellite,674788.795487539,156.463394307676,12.5117928865525,14.116829992709,63.0901025056267,188.391482363219,1.48279655843823,9,13.9897303482359,Served,,,InTransition,9.00341256066607,5.75244253893888,2104.60981949057,153.584017886637,12.5117928865525,63.0901025056267,674788.795487539,156.463394307676
2,80,79,6,9,37.9608434125998,23.6894137823687,163.86814682024,SAT-1,Satellite,674451.719279105,152.648572097166,16.3266150970624,18.1893732697003,63.153204366875,188.391482363219,1.15080308809295,9,18.1893732697003,Served,BelowSnrFloor,,Stable,0,-12.7650628487235,4206.20031322736,172.101523274299,16.3266150970624,63.153204366875,674451.719279105,152.648572097166
2,80,79,7,9,38.0065404902103,23.761028177843,286.046969842158,SAT-1,Satellite,676208.287891382,156.420910695486,12.5542764987417,14.1613859085168,62.8262203293407,188.391482363219,1.47813124114199,9,14.1613859085168,Served,,,Stable,0,-1.1981839427078,3450.42036774653,160.534644368284,12.5542764987417,62.8262203293407,676208.287891382,156.420910695486
2,80,79,8,9,37.9822046730151,23.7796784390507,356.696165153081,SAT-1,Satellite,677368.675379389,156.382853608933,12.5923335852949,14.2013188611325,62.612979319174,188.391482363219,1.47397485641536,9,14.2013188611325,Served,BelowSnrFloor,,Stable,0,-15.9534827172083,4303.01377242167,175.289943142784,12.5923335852949,62.612979319174,677368.675379389,156.382853608933
2,80,79,9,9,38.0110121830699,23.7721103242777,289.806192208963,SAT-1,Satellite,676537.471740311,153.680581157431,15.2946060367975,17.075901069163,62.7655177902804,188.391482363219,1.22584376920805,9,17.075901069163,Served,BelowSnrFloor,,Stable,0,-23.6297684680567,4947.45832174179,182.966228893633,15.2946060367975,62.7655177902804,676537.471740311,153.680581157431
2,81,80,1,9,37.9588990913092,23.7643084094511,202.66198493723,SAT-1,Satellite,675887.130085596,153.80561950083,15.1695676933978,16.9414747971608,62.888419065766,188.391482363219,1.23557052617134,9,16.9414747971608,Served,,,Stable,0,1.98939004028,4254.40244937187,157.347070385296,15.1695676933978,62.888419065766,675887.130085596,153.80561950083
2,81,80,2,9,37.9570895608013,23.7551681543605,57.2958949727332,SAT-1,Satellite,675590.395803122,159.409458198042,9.56572899618618,11.0963240374942,62.9434640271312,188.391482363219,1.88642534757606,9,11.0963240374942,Served,,,Stable,0,9.4135558275795,3834.15182175361,149.922904597996,9.56572899618618,62.9434640271312,675590.395803122,159.409458198042
2,81,80,3,9,37.976276323465,23.6894622406156,62.2421735696277,SAT-1,Satellite,672822.384936192,155.507554121283,13.4676330729455,15.1245242294939,63.4643405274337,188.391482363219,1.38400300145817,9,15.1245242294939,Served,,,Stable,0,-1.3198823116407,3444.69732877241,160.656342737217,13.4676330729455,63.4643405274337,672822.384936192,155.507554121283
2,81,80,4,9,37.9602003549285,23.7480646702691,37.4482659564832,SAT-1,Satellite,675267.394515483,162.004687908424,6.97049928580441,8.59883055428628,63.0035604056658,188.391482363219,2.43432950528514,9,8.59883055428628,BelowTarget,,,Stable,0,-5.1550247308877,3182.31873118561,164.491485156464,6.97049928580441,63.0035604056658,675267.394515483,162.004687908424
2,81,80,5,9,38.0038442326525,23.7213250075114,73.0575334800602,SAT-1,Satellite,673417.879279771,154.154662536717,14.8205246575114,16.5668396944267,63.3511951908253,188.391482363219,1.26351116539677,9,16.5668396944267,Served,,,Stable,0,12.2186012082952,2104.50985192203,147.117859217281,14.8205246575114,63.3511951908253,673417.879279771,154.154662536717
2,81,80,6,9,37.9608362004254,23.6894164171302,163.86814682024,SAT-1,Satellite,673136.162971689,156.76796734535,12.2072198488781,13.7980901720766,63.4045918493836,188.391482363219,1.51704958209417,9,13.7980901720766,Served,,,Stable,0,7.4260208353962,4206.5012797335,151.91043959018,12.2072198488781,63.4045918493836,673136.162971689,156.76796734535
2,81,80,7,9,38.0065425655378,23.761019058962,286.046969842158,SAT-1,Satellite,674808.676501372,155.937861835281,13.0373253589475,14.6695627488752,63.0892847579168,188.391482363219,1.42692643861191,9,14.6695627488752,Served,,,Stable,0,-4.50678648109772,3449.95663462814,163.843246906674,13.0373253589475,63.0892847579168,674808.676501372,155.937861835281
2,81,80,8,9,37.9822121683043,23.7796778923952,356.696165153081,SAT-1,Satellite,675976.623788243,157.235969728399,11.739217465829,13.3108150904491,62.871885139152,188.391482363219,1.57258490836268,9,13.3108150904491,Served,BelowSnrFloor,,Stable,0,-11.7242672377972,4302.87372868494,171.060727663373,11.739217465829,62.871885139152,675976.623788243,157.235969728399
2,81,80,9,9,38.0110147269857,23.7721013964407,289.806192208963,SAT-1,Satellite,675127.084363327,158.641225716181,10.3339614780474,11.8687700535387,63.0298036509341,188.391482363219,1.76365258024402,9,11.8687700535387,Served,BelowSnrFloor,,Stable,0,-22.6192347856357,4947.00963499244,181.955695211212,10.3339614780474,63.0298036509341,675127.084363327,158.641225716181
2,82,81,1,9,37.9588921631588,23.764304755914,202.66198493723,SAT-1,Satellite,674592.070427467,157.086419108784,11.8887680854439,15.1494542003184,63.1326697923043,188.391482363219,1.55444116890411,8,15.1494542003184,Served,,,Stable,0,-3.25247949693804,4237.24080456745,162.588939922514,11.8887680854439,63.1326697923043,674592.070427467,157.086419108784
2,82,81,2,9,37.9570936172699,23.7551761333983,57.2958949727332,SAT-1,Satellite,674302.982017159,158.766206411686,10.2089807825419,13.2100450883019,63.1869443327548,188.391482363219,1.78265366529717,8,13.2100450883019,Served,,,Stable,0,5.75892979833014,3834.24826273239,153.577530627246,10.2089807825419,63.1869443327548,674302.982017159,158.766206411686
2,82,81,3,9,37.9762798201013,23.6894706338585,62.2421735696277,SAT-1,Satellite,671563.018212397,155.91485500786,13.0603321863684,16.5305649426233,63.7088108966163,188.391482363219,1.42456929797254,8,16.5305649426233,Served,,,Stable,0,0.273942835638479,3820.90550024077,159.062517589937,13.0603321863684,63.7088108966163,671563.018212397,155.91485500786
2,82,81,4,9,37.9602063153884,23.7480704361385,37.4482659564832,SAT-1,Satellite,673982.046415933,157.664227684296,11.3109595099318,14.4762691436527,63.2473783181677,188.391482363219,1.62672682178803,8,14.4762691436527,Served,,,Stable,0,4.59509158812168,3182.06187925802,154.741368837454,11.3109595099318,63.2473783181677,673982.046415933,157.664227684296
2,82,81,5,9,38.0038464204919,23.7213340839539,73.0575334800602,BS1,Terrestrial,2290.16954837012,121.022554298174,38.3139061274019,101.984292,NaN,893.334270320412,8.75952808811392,1,101.981175693186,Served,,,InTransition,0.0305567333300976,38.3139061274019,2290.16954837012,121.022554298174,15.3140909037378,63.6025707415816,672115.348352495,153.66109629049
2,82,81,6,9,37.9608289882509,23.6894190518914,163.86814682024,SAT-1,Satellite,671889.258594479,155.934352991251,13.0408342029776,16.5074223049035,63.6459343798641,188.391482363219,1.42656647782053,8,16.5074223049035,Served,,,Stable,0,0.0659772317869738,4206.80238976217,159.270483193789,13.0408342029776,63.6459343798641,671889.258594479,155.934352991251
2,82,81,7,9,38.0065446408652,23.7610099400808,286.046969842158,SAT-1,Satellite,673477.217253789,156.21955165155,12.7556355426779,16.169485114625,63.3428804784334,188.391482363219,1.45638127178847,8,16.169485114625,Served,BelowSnrFloor,,Stable,0,-14.6003121457553,3449.49304055412,173.936772571331,12.7556355426779,63.3428804784334,673477.217253789,156.21955165155
2,82,81,8,9,37.9822196635934,23.7796773457396,356.696165153081,SAT-1,Satellite,674652.611841595,157.532828705162,11.4423584890661,14.628842953238,63.1213622587742,188.391482363219,1.60976061952937,8,14.628842953238,Served,,,Stable,0,-3.10366229949793,4302.73384179122,162.440122725074,11.4423584890661,63.1213622587742,674652.611841595,157.532828705162
2,82,81,9,9,38.0110172709015,23.7720924686035,289.806192208963,SAT-1,Satellite,673784.771498795,156.721356734228,12.2538304599999,15.5776372894745,63.2847013809145,188.391482363219,1.51171418731863,8,15.5776372894745,Served,BelowSnrFloor,,Stable,0,-20.2724360317078,4946.56104800087,179.608896457284,12.2538304599999,63.2847013809145,673784.771498795,156.721356734228
2,83,82,1,9,37.9588852350083,23.7643011023773,202.66198493723,SAT-1,Satellite,673365.593941383,156.319165178545,12.6560220156831,16.0517107486284,63.3668775755455,188.391482363219,1.46706701012629,8,16.0517107486284,Served,BelowSnrFloor,,Stable,0,-12.7309288192563,4237.57540130205,172.067389244832,12.6560220156831,63.3668775755455,673365.593941383,156.319165178545
2,83,82,2,9,37.9570976737385,23.7551841124366,57.2958949727332,SAT-1,Satellite,673084.176346194,158.229811319597,10.7453758746309,13.8232736230074,63.4203263730121,188.391482363219,1.70357152275476,8,13.8232736230074,Served,,,Stable,0,6.16420340791669,3834.34488232667,153.172257017659,10.7453758746309,63.4203263730121,673084.176346194,158.229811319597
2,83,82,3,9,37.9762833167376,23.6894790271018,62.2421735696277,SAT-1,Satellite,670372.652177233,155.531177254227,13.4440099400007,16.9869324778605,63.9428146795815,188.391482363219,1.38629710373513,8,16.9869324778605,Served,,,Stable,0,-5.94945093361531,3820.08606996632,165.285911359191,13.4440099400007,63.9428146795815,670372.652177233,155.531177254227
2,83,82,4,9,37.9602122758482,23.7480762020083,37.4482659564832,SAT-1,Satellite,672765.348171346,156.952953492679,12.0222337015493,15.3057517721273,63.4810620550746,188.391482363219,1.5385676996465,8,15.3057517721273,Served,,,Stable,0,-2.14287548161226,3181.80522480158,161.479335907188,12.0222337015493,63.4810620550746,672765.348171346,156.952953492679
2,83,82,5,9,38.0038486083313,23.7213431603967,73.0575334800602,BS1,Terrestrial,2290.21708743919,122.42268293805,36.9137774875256,101.984292,NaN,893.334270320412,8.75952808811392,1,101.984292,Served,,,Stable,0,36.9137774875256,2290.21708743919,122.42268293805,15.3721754174921,63.8437560395877,670881.601873536,153.603011776736
2,83,82,6,9,37.9608217760764,23.6894216866523,163.86814682024,SAT-1,Satellite,670711.389824699,159.535351555019,9.43983563920952,12.3423488202881,63.8767673910873,188.391482363219,1.90797842763065,8,12.3423488202881,Served,,,Stable,0,5.77022464705939,4207.10364328221,153.566235778516,9.43983563920952,63.8767673910873,670711.389824699,159.535351555019
2,83,82,7,9,38.0065467161927,23.7610008211993,286.046969842158,SAT-1,Satellite,672214.316005689,155.999704862338,12.9754823318902,16.4298905087663,63.5865412978724,188.391482363219,1.43329837060311,8,16.4298905087663,Served,,,Stable,0,-3.14353648535658,3449.02958557858,162.479996910932,12.9754823318902,63.5865412978724,672214.316005689,155.999704862338
2,83,82,8,9,37.9822271588825,23.7796767990839,356.696165153081,SAT-1,Satellite,673397.041750189,154.08615911078,14.8890280834481,18.7203289425051,63.3609561410812,188.391482363219,1.25793384121225,8,18.7203289425051,Served,BelowSnrFloor,,Stable,0,-9.47841372934593,4302.59411175543,168.814874154922,14.8890280834481,63.3609561410812,673397.041750189,154.08615911078
2,83,82,9,9,38.0110198148174,23.772083540766,289.806192208963,SAT-1,Satellite,672510.941672049,155.93997173591,13.0352154583178,16.5007541894,63.529745664257,188.391482363219,1.42714296723055,8,16.5007541894,Served,BelowSnrFloor,,Stable,0,-16.138962158829,4519.86828919974,175.475422584405,13.0352154583178,63.529745664257,672510.941672049,155.93997173591
2,84,83,1,9,37.9588783068579,23.7642974488409,202.66198493723,SAT-1,Satellite,672208.076794115,158.067634400757,10.9075527934711,14.0098739391257,63.5905951745192,188.391482363219,1.68088131254605,8,14.0098739391257,Served,BelowSnrFloor,,Stable,0,-11.2619541430841,4255.17007343946,170.59841456866,10.9075527934711,63.5905951745192,672208.076794115,158.067634400757
2,84,83,2,9,37.9571017302071,23.7551920914753,57.2958949727332,SAT-1,Satellite,671934.352888945,158.448801640479,10.5263855537494,13.5721649702149,63.6431623191105,188.391482363219,1.73509055829208,8,13.5721649702149,Served,,,Stable,0,9.51046082910688,3834.44168052221,149.825999596469,10.5263855537494,63.6431623191105,671934.352888945,158.448801640479
2,84,83,3,9,37.9762868133738,23.6894874203455,62.2421735696277,SAT-1,Satellite,669251.655745167,155.408026914685,13.5671602795436,17.1337919510395,64.1658854701681,188.391482363219,1.37441468664346,8,17.1337919510395,Served,,,Stable,0,-2.09877370392346,3819.26664572239,161.435234129499,13.5671602795436,64.1658854701681,669251.655745167,155.408026914685
2,84,83,4,9,37.960218236308,23.7480819678787,37.4482659564832,SAT-1,Satellite,671617.67363658,158.790006147195,10.1851810470336,13.1829833279214,63.7041614152266,188.391482363219,1.78631306052902,8,13.1829833279214,Served,,,Stable,0,-0.941725162044918,3181.5487678668,160.278185587621,10.1851810470336,63.7041614152266,671617.67363658,158.790006147195
2,84,83,5,9,38.0038507961708,23.7213522368398,73.0575334800602,BS1,Terrestrial,2290.26492881903,125.795392494979,33.5410679305971,101.984292,NaN,893.334270320412,8.75952808811392,1,101.984292,Served,,,Stable,0,33.5410679305971,2290.26492881903,125.795392494979,12.9520883885919,64.0742799317802,669717.020762696,156.023098805636
2,84,83,6,9,37.9608145639019,23.689424321413,163.86814682024,SAT-1,Satellite,669602.921688189,157.163834196716,11.8113529975116,15.058928911434,64.096630399826,188.391482363219,1.56378554105013,8,15.058928911434,Served,,,Stable,0,1.48751425245354,4207.40504026356,157.848946173122,11.8113529975116,64.096630399826,669602.921688189,157.163834196716
2,84,83,7,9,38.0065487915202,23.7609917023176,286.046969842158,SAT-1,Satellite,671020.360661363,163.33293670898,5.64225048524833,8.33351760720505,63.8198022619059,188.391482363219,2.8258097486999,8,8.33351760720505,BelowTarget,,,Stable,0,-2.89740263444625,3448.56626975859,162.233863060022,5.64225048524833,63.8198022619059,671020.360661363,163.33293670898
2,84,83,8,9,37.9822346541716,23.7796762524282,356.696165153081,SAT-1,Satellite,672210.297829017,154.520548610976,14.4546385832523,18.1970531487695,63.5902140511501,188.391482363219,1.29410707892529,8,18.1970531487695,Served,,,Stable,0,-0.964749892342326,4302.45453859259,160.301210317918,14.4546385832523,63.5902140511501,672210.297829017,154.520548610976
2,84,83,9,9,38.0110223587332,23.7720746129281,289.806192208963,SAT-1,Satellite,671305.98555634,153.920689923081,15.0544972711468,18.9200988725162,63.7644721033781,188.391482363219,1.24465180938405,8,18.9200988725162,Served,BelowSnrFloor,,Stable,0,-19.6216411969381,4519.41226262586,178.958101622514,15.0544972711468,63.7644721033781,671305.98555634,153.920689923081
2,85,84,1,9,37.9588713787075,23.7642937953049,202.66198493723,SAT-1,Satellite,671119.876490245,160.991907328062,7.98327986616587,10.7437276588435,63.8033804668793,188.391482363219,2.19187753479756,8,10.7437276588435,Served,BelowSnrFloor,,Stable,0,-17.1261643798137,4238.24500698658,176.46262480539,7.98327986616587,63.8033804668793,671119.876490245,160.991907328062
2,85,84,2,9,37.9571057866757,23.7552000705144,57.2958949727332,SAT-1,Satellite,670853.867028669,158.973483477866,10.0017037163619,12.9747980213073,63.8550096867562,188.391482363219,1.81497509685547,8,12.9747980213073,Served,,,Stable,0,6.69131879951541,3834.53865730547,152.64514162606,10.0017037163619,63.8550096867562,670853.867028669,158.973483477866
2,85,84,3,9,37.9762903100101,23.6894958135896,62.2421735696277,SAT-1,Satellite,668200.378700252,159.513831902302,9.46135529192651,12.3664241444761,64.3775628933,188.391482363219,1.90426391819347,8,12.3664241444761,Served,BelowSnrFloor,,Stable,0,-7.68257499668741,3818.44722751159,167.019035422263,9.46135529192651,64.3775628933,668200.378700252,159.513831902302
2,85,84,4,9,37.9602241967679,23.7480877337494,37.4482659564832,SAT-1,Satellite,670539.377910162,154.853725349951,14.1214618442771,17.7969179958542,63.9162315733551,188.391482363219,1.32320300070428,8,17.7969179958542,Served,,,Stable,0,7.79866050218544,3181.29250849704,151.53779992339,14.1214618442771,63.9162315733551,670539.377910162,154.853725349951
2,85,84,5,9,38.0038529840102,23.7213613132831,73.0575334800602,BS1,Terrestrial,2290.31307249126,125.501391785679,33.8350686398964,101.984292,NaN,893.334270320412,8.75952808811392,1,101.984292,Served,,,Stable,0,33.8350686398964,2290.31307249126,125.501391785679,12.557892668694,64.293675647456,668621.967130445,156.417294525534
2,85,84,6,9,37.9608073517275,23.6894269561734,163.86814682024,SAT-1,Satellite,668564.200017204,158.48031661357,10.4948705806578,13.5361114661694,64.3050695165336,188.391482363219,1.73971198111495,8,13.5361114661694,Served,,,Stable,0,8.72276566269898,4207.70658067448,150.613694762877,10.4948705806578,64.3050695165336,668564.200017204,158.48031661357
2,85,84,7,9,38.0065508668476,23.7609825834355,286.046969842158,SAT-1,Satellite,669895.720605016,153.798892973082,15.1762942211457,19.0672914113685,64.0422019466433,188.391482363219,1.23504355114443,8,19.0672914113685,Served,,,Stable,0,-3.33255636742015,3448.10309314995,162.669016792996,15.1762942211457,64.0422019466433,669895.720605016,153.798892973082
2,85,84,8,9,37.9822421494608,23.7796757057724,356.696165153081,SAT-1,Satellite,671092.745936887,155.087694848594,13.8874923456338,17.5166059713015,63.8086872888874,188.391482363219,1.34437774840537,8,17.5166059713015,Served,BelowSnrFloor,,Stable,0,-7.85741408271227,4302.3151223183,167.193874508288,13.8874923456338,63.8086872888874,671092.745936887,155.087694848594
2,85,84,9,9,38.011024902649,23.77206568509,289.806192208963,SAT-1,Satellite,670170.275402832,158.554953812488,10.4202333817402,13.4508113206609,63.9884194759466,188.391482363219,1.75074460075359,8,13.4508113206609,Served,BelowSnrFloor,,Stable,0,-20.1817975494118,4518.95634377144,179.518257974988,10.4202333817402,63.9884194759466,670170.275402832,158.554953812488
2,86,85,1,9,37.958864450557,23.7642901417692,202.66198493723,SAT-1,Satellite,670101.331342204,158.71563588297,10.2595513112582,13.2675896602872,64.004798877978,188.391482363219,1.77492188847907,8,13.2675896602872,Served,,,Stable,0,5.13730785129374,4255.68256164167,154.199152574282,10.2595513112582,64.004798877978,670101.331342204,158.71563588297
2,86,85,2,9,37.9571098431443,23.755208049554,57.2958949727332,SAT-1,Satellite,669843.054905685,154.795691726215,14.179495468013,17.8665346934319,64.0554337884378,188.391482363219,1.31804715908673,8,17.8665346934319,Served,,,Stable,0,0.973863506751599,3834.63581266345,158.362596918824,14.179495468013,64.0554337884378,669843.054905685,154.795691726215
2,86,85,3,9,37.9762938066464,23.689504206834,62.2421735696277,SAT-1,Satellite,667219.151170928,156.230251772733,12.7449354214952,16.1568276483614,64.5773952867812,188.391482363219,1.45752221957945,8,16.1568276483614,Served,,,Stable,0,-3.03125536376646,3440.64971621909,162.367715789342,12.7449354214952,64.5773952867812,667219.151170928,156.230251772733
2,86,85,4,9,37.9602301572277,23.7480934996207,37.4482659564832,SAT-1,Satellite,669530.796806591,156.625676265942,12.3495109282862,15.6902027381245,64.1168355568178,188.391482363219,1.50086877068722,8,15.6902027381245,Served,,,Stable,0,3.17920790320616,3280.00594719768,156.15725252237,12.3495109282862,64.1168355568178,669530.796806591,156.625676265942
2,86,85,5,9,38.0038551718496,23.7213703897267,73.0575334800602,BS1,Terrestrial,2290.36151843467,125.913041949066,33.4234184765094,101.984292,NaN,893.334270320412,8.75952808811392,1,101.984292,Served,,,Stable,0,33.4234184765094,2290.36151843467,125.913041949066,12.3899265217203,64.5014833951038,667596.783737818,156.585260672508
2,86,85,6,9,37.960800139553,23.6894295909335,163.86814682024,SAT-1,Satellite,667595.550930733,155.043932571634,13.9312546225937,17.5689921317663,64.5016401130198,188.391482363219,1.34036916396723,8,17.5689921317663,Served,,,Stable,0,5.80862111644339,4208.0082644842,153.527839309132,13.9312546225937,64.5016401130198,667595.550930733,155.043932571634
2,86,85,7,9,38.0065529421751,23.7609734645533,286.046969842158,SAT-1,Satellite,668840.746153759,159.224853997364,9.75033319686364,12.6908775498824,64.253284927432,188.391482363219,1.85557974244425,8,12.6908775498824,Served,BelowSnrFloor,,Stable,0,-12.4689748801167,3447.64005580917,171.805435305693,9.75033319686364,64.253284927432,668840.746153759,159.224853997364
2,86,85,8,9,37.9822496447498,23.7796751591166,356.696165153081,SAT-1,Satellite,670044.732936253,156.628557423539,12.3466297706894,15.6868111281861,64.0159335846742,188.391482363219,1.50119327012802,8,15.6868111281861,Served,BelowSnrFloor,,Stable,0,-11.1150737533343,4302.17586294834,170.45153417891,12.3466297706894,64.0159335846742,670044.732936253,156.628557423539
2,86,85,9,9,38.0110274465648,23.7720567572515,289.806192208963,SAT-1,Satellite,669104.164490596,156.181358094068,12.7938291001603,16.2146781010692,64.201132169716,188.391482363219,1.45232209659774,8,16.2146781010692,Served,BelowSnrFloor,,Stable,0,-17.8661424337212,4518.50053267214,177.202602859297,12.7938291001603,64.201132169716,669104.164490596,156.181358094068
2,87,86,1,9,37.9588575224066,23.7642864882338,202.66198493723,SAT-1,Satellite,669152.759962932,157.782267741989,11.1929194522392,16.3879743308133,64.1944259451556,188.391482363219,1.6422450002517,7,16.3879743308133,Served,,,Stable,0,-5.48285300005918,4255.93902730917,164.819313425635,11.1929194522392,64.1944259451556,669152.759962932,157.782267741989
2,87,86,2,9,37.9571138996129,23.755216028594,57.2958949727332,SAT-1,Satellite,668902.232912706,155.984266191514,12.9909210027145,18.7979446107282,64.2440103199056,188.391482363219,1.43170274550504,7,18.7979446107282,Served,,,Stable,0,11.678036110646,3834.73314658287,147.65842431493,12.9909210027145,64.2440103199056,668902.232912706,155.984266191514
2,87,86,3,9,37.9762973032827,23.6895126000789,62.2421735696277,SAT-1,Satellite,666308.283128741,155.666824780819,13.3083624134088,19.2290040531824,64.7649425289468,188.391482363219,1.39960805222136,7,19.2290040531824,Served,,,Stable,0,-1.87366890709276,3439.8402278777,161.210129332669,13.3083624134088,64.7649425289468,666308.283128741,155.666824780819
2,87,86,4,9,37.9602361176875,23.7480992654924,37.4482659564832,BS1,Terrestrial,3180.78058264874,155.821124179675,3.51533624590101,15.5963402373645,NaN,893.334270320412,28.6392274317096,2,15.595678332305,Served,,,InTransition,0.0424397678830031,3.51533624590101,3180.78058264874,155.821124179675,3.1911521393973,64.3055468583822,668592.246351551,165.784035054831
2,87,86,5,9,38.003857359689,23.7213794661706,73.0575334800602,BS1,Terrestrial,2290.41026663057,121.434671320762,37.9017891048135,50.992146,NaN,893.334270320412,8.75952808811392,2,50.992146,Served,,,Stable,0,37.9017891048135,2290.41026663057,121.434671320762,12.5144419125067,64.6972531214809,666641.793479158,156.460745281721
2,87,86,6,9,37.9607929273785,23.6894322256934,163.86814682024,SAT-1,Satellite,666697.280339019,159.159421945483,9.81576524874473,14.5881534046313,64.6859096262444,188.391482363219,1.84485782144895,7,14.5881534046313,Served,,,Stable,0,-2.07345770969999,4208.31009166223,161.409918135276,9.81576524874473,64.6859096262444,666697.280339019,159.159421945483
2,87,86,7,9,38.0065550175026,23.7609643456708,286.046969842158,SAT-1,Satellite,667855.768032608,156.100606930005,12.8745802642232,18.6403349072455,64.4526044096841,188.391482363219,1.44380822785379,7,18.6403349072455,Served,,,Stable,0,-5.38806521908708,3875.58942550335,164.724525644663,12.8745802642232,64.4526044096841,667855.768032608,156.100606930005
2,87,86,8,9,37.9822571400389,23.7796746124607,356.696165153081,SAT-1,Satellite,669066.586174999,153.365036382405,15.6101508118235,22.391517174328,64.2115196425022,188.391482363219,1.2019314591102,7,22.391517174328,Served,BelowSnrFloor,,Stable,0,-8.08411246124984,4302.03676049728,167.420572886826,15.6101508118235,64.2115196425022,669066.586174999,153.365036382405
2,87,86,9,9,38.0110299904806,23.7720478294128,289.806192208963,SAT-1,Satellite,668107.986598308,155.668211773294,13.3069754209342,19.2271174999671,64.4021627811445,188.391482363219,1.3997453809224,7,19.2271174999671,Served,BelowSnrFloor,,Stable,0,-14.4414433381565,4518.04482935859,173.777903763732,13.3069754209342,64.4021627811445,668107.986598308,155.668211773294
2,88,87,1,9,37.9588505942561,23.7642828346988,202.66198493723,SAT-1,Satellite,668274.46078297,158.018868146614,10.956319047614,14.0660874368528,64.3718499947873,188.391482363219,1.67416386405396,8,14.0660874368528,Served,,,Stable,0,-2.97897693432765,4256.19564065332,162.315437359904,10.956319047614,64.3718499947873,668274.46078297,158.018868146614
2,88,87,2,9,37.9571179560815,23.7552240076345,57.2958949727332,SAT-1,Satellite,668031.697214756,158.957357549046,10.0178296451821,12.9930639697505,64.4203280577761,188.391482363219,1.8124235630816,8,12.9930639697505,Served,,,Stable,0,7.49652869893563,3894.47392585006,151.83993172664,10.0178296451821,64.4203280577761,668031.697214756,158.957357549046
2,88,87,3,9,37.976300799919,23.6895209933242,62.2421735696277,SAT-1,Satellite,665468.063912792,158.344323273045,10.6308639211832,13.6918410849637,64.9397789851679,188.391482363219,1.71992467260401,8,13.6918410849637,Served,,,Stable,0,5.12680162010631,3439.03075094466,154.20965880547,10.6308639211832,64.9397789851679,665468.063912792,158.344323273045
2,88,87,4,9,37.9602420781474,23.7481050313645,37.4482659564832,SAT-1,Satellite,667724.022301818,153.548158007864,15.4270291863641,19.3706861725912,64.4819521616397,188.391482363219,1.21569959296141,8,19.1981098166388,Served,,,InTransition,8.90915037364707,3.79645737150659,3180.52491626622,155.540003054069,15.4270291863641,64.4819521616397,667724.022301818,153.548158007864
2,88,87,5,9,38.0038595475285,23.7213885426147,73.0575334800602,BS1,Terrestrial,2290.45931706145,127.818437245811,31.5180231797652,101.984292,NaN,893.334270320412,8.75952808811392,1,101.984292,Served,,,Stable,0,31.5180231797652,2290.45931706145,127.818437245811,14.0909411149794,64.8805474095581,665757.298889551,154.884246079249
2,88,87,6,9,37.960785715204,23.6894348604531,163.86814682024,SAT-1,Satellite,665869.673473972,156.647039728578,12.3281474656503,15.6650572770938,64.857460470575,188.391482363219,1.50327795671942,8,15.6650572770938,Served,,,Stable,0,-0.470209493468872,4208.6120621775,159.806669919045,12.3281474656503,64.857460470575,665869.673473972,156.647039728578
2,88,87,7,9,38.00655709283,23.760955226788,286.046969842158,SAT-1,Satellite,666941.096873283,153.648126917126,15.3270602771026,19.2496615583828,64.6397250011874,188.391482363219,1.22334282210521,8,19.2496615583828,Served,BelowSnrFloor,,Stable,0,-13.8258485768173,3446.71439915802,173.162309002393,15.3270602771026,64.6397250011874,666941.096873283,153.648126917126
2,88,87,8,9,37.982264635328,23.7796740658048,356.696165153081,SAT-1,Satellite,668158.612991951,155.089391632918,13.8857955613105,17.5145752311426,64.3950238101166,188.391482363219,1.34453362326081,8,17.5145752311426,Served,BelowSnrFloor,,Stable,0,-10.5539086686713,4301.89781498039,169.890369094247,13.8857955613105,64.3950238101166,668158.612991951,155.089391632918
2,88,87,9,9,38.0110325343965,23.7720389015737,289.806192208963,SAT-1,Satellite,667182.055499472,156.067017427998,12.9081697662298,16.3500911089849,64.591074858199,188.391482363219,1.44029382701491,8,16.3500911089849,Served,BelowSnrFloor,,Stable,0,-18.99747600091,4943.87162248315,178.333936426486,12.9081697662298,64.591074858199,667182.055499472,156.067017427998
2,89,88,1,9,37.9588436661057,23.7642791811642,202.66198493723,SAT-1,Satellite,667466.711593545,157.705723423883,11.2694637703449,14.4281519798251,64.5366749044782,188.391482363219,1.63215187421998,8,14.4281519798251,Served,,,Stable,0,1.63169395750947,4256.45240164591,157.704766468066,11.2694637703449,64.5366749044782,667466.711593545,157.705723423883
2,89,88,2,9,37.9571220125501,23.7552319866754,57.2958949727332,SAT-1,Satellite,667231.72329527,158.696679583654,10.2785076105744,13.2891750727965,64.583991640003,188.391482363219,1.77203890884152,8,13.2891750727965,Served,,,Stable,0,0.700810640936055,3894.48010580144,158.63564978464,10.2785076105744,64.583991640003,667231.72329527,158.696679583654
2,89,88,3,9,37.9763042965552,23.6895293865699,62.2421735696277,SAT-1,Satellite,664698.761781492,154.318729205206,14.656457989022,18.4399545819096,65.1014965402037,188.391482363219,1.27706037402635,8,18.4399545819096,Served,,,Stable,0,-4.01294826361243,3438.22128542883,163.349408689188,14.656457989022,65.1014965402037,664698.761781492,154.318729205206
2,89,88,4,9,37.9602480386072,23.7481107972372,37.4482659564832,SAT-1,Satellite,666926.399691457,156.391845215619,12.5833419786094,15.965867697131,64.6456541503516,188.391482363219,1.47495493149013,8,15.965867697131,Served,,,Stable,0,4.68160336103435,3180.26944764123,154.654857064542,12.5833419786094,64.6456541503516,666926.399691457,156.391845215619
2,89,88,5,9,38.0038617353679,23.7213976190592,73.0575334800602,BS1,Terrestrial,2290.50866970367,120.848187448865,38.4882729767106,101.984292,NaN,893.334270320412,8.75952808811392,1,101.984292,Served,,,Stable,0,38.4882729767106,2290.50866970367,120.848187448865,13.6151444924172,65.0509444858572,664943.581678625,155.360042701811
2,89,88,6,9,37.9607785030294,23.6894374952125,163.86814682024,SAT-1,Satellite,665112.99444716,154.990325236312,13.9848619579157,17.6331913884704,65.0158930250862,188.391482363219,1.33548912256462,8,17.6331913884704,Served,,,Stable,0,1.81726339234703,4208.91417600058,157.519197033229,13.9848619579157,65.0158930250862,665112.99444716,154.990325236312
2,89,88,7,9,38.0065591681575,23.760946107905,286.046969842158,SAT-1,Satellite,666097.022738553,158.49918499352,10.4760022007077,13.5145360610001,64.8142255996183,188.391482363219,1.7424893602792,8,13.5145360610001,Served,BelowSnrFloor,,Stable,0,-8.27588312876833,3446.25177995833,167.612343554344,10.4760022007077,64.8142255996183,666097.022738553,158.49918499352
2,89,88,8,9,37.9822721306171,23.7796735191488,356.696165153081,SAT-1,Satellite,667321.100247795,156.064791463311,12.9103957309172,16.3527290438421,64.5660388503966,188.391482363219,1.44006148651194,8,16.3527290438421,Served,,,Stable,0,-4.95971117418495,4301.75902641324,164.296171599761,12.9103957309172,64.5660388503966,667321.100247795,156.064791463311
2,89,88,9,9,38.0110350783123,23.7720299737343,289.806192208963,SAT-1,Satellite,666326.664482869,156.807725717718,12.1674614765099,15.4761460270183,64.7674457620547,188.391482363219,1.52162788166321,8,15.4761460270183,Served,BelowSnrFloor,,Stable,0,-11.9794711585558,4943.42373455541,171.315931584132,12.1674614765099,64.7674457620547,666326.664482869,156.807725717718
2,90,89,1,9,37.9588367379552,23.7642755276298,202.66198493723,SAT-1,Satellite,666729.76911732,155.742968110503,13.2322190837247,16.7347912663518,64.6885229177636,188.391482363219,1.40718428575512,8,16.7347912663518,Served,BelowSnrFloor,,Stable,0,-9.08044318475484,4256.70931026072,168.416903610331,13.2322190837247,64.6885229177636,666729.76911732,155.742968110503
2,90,89,2,9,37.9571260690187,23.7552399657168,57.2958949727332,SAT-1,Satellite,666502.565530007,158.030920150618,10.9442670436098,14.0521905536658,64.7346243959041,188.391482363219,1.67581952475439,8,14.0521905536658,Served,,,Stable,0,4.53185684681767,3894.4864639883,154.804603578758,10.9442670436098,64.7346243959041,666502.565530007,158.030920150618
2,90,89,3,9,37.9763077931915,23.6895377798159,62.2421735696277,SAT-1,Satellite,664000.623493291,158.259946808678,10.7152403855506,13.7886588601211,65.249707677584,188.391482363219,1.70784813333148,8,13.7886588601211,Served,,,Stable,0,-6.67859318767205,3437.41183133721,166.015053613248,10.7152403855506,65.249707677584,664000.623493291,158.259946808678
2,90,89,4,9,37.960253999067,23.7481165631103,37.4482659564832,SAT-1,Satellite,666199.63240594,159.401230299475,9.57395689475268,12.4925950656238,64.7962743678763,188.391482363219,1.88503150640034,8,12.4925950656238,Served,,,Stable,0,2.51869796702078,3180.01417682104,156.817762458555,9.57395689475268,64.7962743678763,666199.63240594,159.401230299475
2,90,89,5,9,38.0038639232073,23.7214066955038,73.0575334800602,BS1,Terrestrial,2290.55832454395,121.578474953636,37.7579854719401,101.984292,NaN,893.334270320412,8.75952808811392,1,101.984292,Served,,,Stable,0,37.7579854719401,2290.55832454395,121.578474953636,11.7197175334081,65.2080413016357,664200.902292329,157.25546966082
2,90,89,6,9,37.9607712908549,23.6894401299716,163.86814682024,SAT-1,Satellite,664427.485836896,157.177881382893,11.797305811335,15.0425134843201,65.1608286569577,188.391482363219,1.56549205157429,8,15.0425134843201,Served,,,Stable,0,-6.44887232087981,4209.21643310012,165.785332746456,11.797305811335,65.1608286569577,664427.485836896,157.177881382893
2,90,89,7,9,38.006561243485,23.7609369890217,286.046969842158,SAT-1,Satellite,665323.814673746,156.401021682203,12.5741655120253,15.9550346037162,64.9757023631829,188.391482363219,1.47595639121443,8,15.9550346037162,Served,,,Stable,0,-5.58484330028392,3445.78930025155,164.92130372586,12.5741655120253,64.9757023631829,665323.814673746,156.401021682203
2,90,89,8,9,37.9822796259061,23.7796729724927,356.696165153081,SAT-1,Satellite,666554.313883031,155.163841373793,13.8113458204347,17.4255033535602,64.7241747829243,188.391482363219,1.35140631622506,8,17.4255033535602,Served,,,Stable,0,-1.28043705154994,4301.62039481083,160.616897477126,13.8113458204347,64.7241747829243,666554.313883031,155.163841373793
2,90,89,9,9,38.0110376222281,23.7720210458946,289.806192208963,SAT-1,Satellite,665542.085899903,158.860165009382,10.1150221848463,13.1032840606843,64.930869616646,188.391482363219,1.79717811094851,8,13.1032840606843,Served,BelowSnrFloor,,Stable,0,-13.8781339309248,4942.97594660392,173.214594356501,10.1150221848463,64.930869616646,665542.085899903,158.860165009382
2,91,90,1,9,37.9588298098047,23.7642718740958,202.66198493723,SAT-1,Satellite,666063.868608263,165.571058030642,3.40412916358571,6.27556977910828,64.8270374739773,188.391482363219,3.75247764335248,8,6.27556977910828,BelowTarget,,,Stable,0,-4.59237383433128,4256.96636647121,163.928834259907,3.40412916358571,64.8270374739773,666063.868608263,165.571058030642
2,91,90,2,9,37.9571301254873,23.7552479447585,57.2958949727332,SAT-1,Satellite,665844.456790219,157.47178980187,11.5033973923583,14.6998239361155,64.8718711877382,188.391482363219,1.60198757466379,8,14.6998239361155,Served,,,Stable,0,8.81322387555775,3835.1242675941,150.523236550018,11.5033973923583,64.8718711877382,665844.456790219,157.47178980187
2,91,90,3,9,37.9763112898278,23.6895461730624,62.2421735696277,SAT-1,Satellite,663373.873917772,154.549717385213,14.4254698090147,18.1619787214344,65.3840485618858,188.391482363219,1.29660625951568,8,18.1619787214344,Served,,,Stable,0,0.534742685911056,3436.60238867795,158.801717739665,14.4254698090147,65.3840485618858,663373.873917772,154.549717385213
2,91,90,4,9,37.9602599595268,23.7481223289838,37.4482659564832,SAT-1,Satellite,665543.95278564,155.05635659121,13.9188306030181,17.5541177149369,64.9334560880511,188.391482363219,1.34150492082916,8,17.5541177149369,Served,,,Stable,0,3.28368512873888,3179.7591038538,156.052775296837,13.9188306030181,64.9334560880511,665543.95278564,155.05635659121
2,91,90,5,9,38.0038661110467,23.7214157719488,73.0575334800602,BS1,Terrestrial,2290.6082815569,121.491998729467,37.8444616961092,101.984292,NaN,893.334270320412,8.75952808811392,1,101.984292,Served,,,Stable,0,37.8444616961092,2290.6082815569,121.491998729467,11.8429679341026,65.3514566466177,663529.499504283,157.132219260126
2,91,90,6,9,37.9607640786804,23.6894427647305,163.86814682024,SAT-1,Satellite,663813.368305921,157.080157900639,11.8950292935888,15.1567800516596,65.2919127370496,188.391482363219,1.55368984805079,8,15.1567800516596,Served,BelowSnrFloor,,Stable,0,-9.55456783654361,4209.51883344304,168.891028262119,11.8950292935888,65.2919127370496,663813.368305921,157.080157900639
2,91,90,7,9,38.0065633188124,23.7609278701381,286.046969842158,SAT-1,Satellite,664621.720286993,158.695715194944,10.2794719992837,13.2902734320775,65.1237717267342,188.391482363219,1.77189246073481,8,13.2902734320775,Served,BelowSnrFloor,,Stable,0,-14.0917634990144,3445.32696009264,173.42822392459,10.2794719992837,65.1237717267342,664621.720286993,158.695715194944
2,91,90,8,9,37.9822871211952,23.7796724258366,356.696165153081,SAT-1,Satellite,665858.4985045,155.437506897627,13.537680296601,17.0986202720536,64.8690617596639,188.391482363219,1.377241842951,8,17.0986202720536,Served,BelowSnrFloor,,Stable,0,-16.8689443970921,4301.48192018814,176.205404822668,13.537680296601,64.8690617596639,665858.4985045,155.437506897627
2,91,90,9,9,38.0110401661439,23.7720121180546,289.806192208963,SAT-1,Satellite,664828.570740416,155.669294481671,13.3058927125574,16.8224392395634,65.0809603094345,188.391482363219,1.39985259926036,8,16.8224392395634,Served,BelowSnrFloor,,Stable,0,-15.014299649675,4942.52825865316,174.350760075251,13.3058927125574,65.0809603094345,664828.570740416,155.669294481671
2,92,91,1,9,37.9588228816542,23.7642682205622,202.66198493723,SAT-1,Satellite,665469.223482083,155.787016772618,13.1881704216099,19.0656224340799,64.9518860118151,188.391482363219,1.41160190295828,7,19.0656224340799,Served,BelowSnrFloor,,Stable,0,-11.7534549826868,4240.592951767,171.089915408263,13.1881704216099,64.9518860118151,665469.223482083,155.787016772618
2,92,91,2,9,37.9571341819559,23.7552559238008,57.2958949727332,BS1,Terrestrial,3835.22249411187,144.978275699733,14.3581847258427,44.2625380695643,NaN,893.334270320412,10.0913132106932,2,44.2602730802075,Served,,,InTransition,0.051171700845281,14.3581847258427,3835.22249411187,144.978275699733,13.723949554668,64.9954012217299,665257.608076567,155.25123763956
2,92,91,3,9,37.976314786464,23.6895545663093,62.2421735696277,SAT-1,Satellite,662818.715678628,155.512344356421,13.4628428378071,19.4392909332802,65.5041820752084,188.391482363219,1.38446762288824,7,19.4392909332802,Served,,,Stable,0,0.0307573476927132,3435.79295745993,159.305703077883,13.4628428378071,65.5041820752084,662818.715678628,155.512344356421
2,92,91,4,9,37.9602659199866,23.7481280948579,37.4482659564832,SAT-1,Satellite,664959.571260174,158.744985059547,10.2302021346809,15.1247839489617,65.0568671547334,188.391482363219,1.77940187442339,7,15.1247839489617,Served,,,Stable,0,-2.20366744575091,3179.50422878816,161.540127871327,10.2302021346809,65.0568671547334,664959.571260174,158.744985059547
2,92,91,5,9,38.0038682988861,23.721424848394,73.0575334800602,BS1,Terrestrial,2290.65854072501,124.977296236841,34.3591641887346,50.992146,NaN,893.334270320412,8.75952808811392,2,50.992146,Served,,,Stable,0,34.3591641887346,2290.65854072501,124.977296236841,9.33353923891616,65.480834248789,662929.590038121,159.641647955312
2,92,91,6,9,37.9607568665058,23.6894453994891,163.86814682024,SAT-1,Satellite,663270.840251041,160.32084426306,8.65434293116769,13.1112090252433,65.4088175995451,188.391482363219,2.05267636700893,7,13.1112090252433,Served,BelowSnrFloor,,Stable,0,-7.5546910839864,4209.82137700034,166.891151509562,8.65434293116769,65.4088175995451,663270.840251041,160.32084426306
2,92,91,7,9,38.0065653941399,23.7609187512543,286.046969842158,SAT-1,Satellite,663990.965359732,154.70866688271,14.2665203115185,20.5382777959922,65.2580734205816,188.391482363219,1.31038586469421,7,20.5382777959922,Served,,,Stable,0,-4.58356381748334,3444.86475953889,163.920024243059,14.2665203115185,65.2580734205816,663990.965359732,154.70866688271
2,92,91,8,9,37.9822946164842,23.7796718791805,356.696165153081,SAT-1,Satellite,665233.87700197,157.787770578683,11.1874166155453,16.3806935859551,65.0003529340962,188.391482363219,1.64297493068954,7,16.3806935859551,Served,,,Stable,0,-1.06415799060483,4301.3436025603,160.400618416181,11.1874166155453,65.0003529340962,665233.87700197,157.787770578683
2,92,91,9,9,38.0110427100597,23.7720031902143,289.806192208963,SAT-1,Satellite,664186.348238505,159.531309199535,9.44387799469322,14.1107089344206,65.2173545015776,188.391482363219,1.90727971458482,7,14.1107089344206,Served,BelowSnrFloor,,Stable,0,-10.6432096582716,4515.76793072411,169.979670083847,9.44387799469322,65.2173545015776,664186.348238505,159.531309199535
2,93,92,1,9,37.9588159535037,23.7642645670289,202.66198493723,SAT-1,Satellite,664946.024978562,156.471086333034,12.5041008611937,15.8723608804294,65.0627627018188,188.391482363219,1.48364414549307,8,15.8723608804294,Served,BelowSnrFloor,,Stable,0,-14.1911502873737,4240.92892120783,173.52761071295,12.5041008611937,65.0627627018188,664946.024978562,156.471086333034
2,93,92,2,9,37.9571382384244,23.7552639028434,57.2958949727332,SAT-1,Satellite,664742.208185013,159.915752927085,9.0594342671433,11.9188266742425,65.1049107831969,188.391482363219,1.97577630240177,8,11.8131142461812,Served,,,InTransition,8.86936532853022,2.71166109539317,3835.3208991095,156.624799330183,9.0594342671433,65.1049107831969,664742.208185013,159.915752927085
2,93,92,3,9,37.9763182831003,23.6895629595565,62.2421735696277,SAT-1,Satellite,662335.328829716,158.250416827606,10.7247703666221,13.7996033323692,65.6098007556784,188.391482363219,1.70649363812976,8,13.7996033323692,Served,,,Stable,0,-1.17430706160334,3434.98353769035,160.510767487179,10.7247703666221,65.6098007556784,662335.328829716,158.250416827606
2,93,92,4,9,37.9602718804464,23.7481338607324,37.4482659564832,SAT-1,Satellite,664446.676014834,156.459579679351,12.5156075148769,15.8859334707842,65.1662027439081,188.391482363219,1.48237655273524,8,15.8859334707842,Served,,,Stable,0,2.55368471795595,3277.5168989282,156.78277570762,12.5156075148769,65.1662027439081,664446.676014834,156.459579679351
2,93,92,5,9,38.0038704867256,23.7214339248395,73.0575334800602,BS1,Terrestrial,2290.7091020278,118.087309670541,41.2491507550351,101.984292,NaN,893.334270320412,8.75952808811392,1,101.984292,Served,,,Stable,0,41.2491507550351,2290.7091020278,118.087309670541,13.6127936887695,65.595845809501,662401.368222218,155.362393505459
2,93,92,6,9,37.9607496543313,23.6894480342474,163.86814682024,SAT-1,Satellite,662800.077486017,155.543251958306,13.4319352359217,16.9725427525182,65.5112453944782,188.391482363219,1.38747243938498,8,16.9725427525182,Served,,,Stable,0,-2.23646255932323,4210.12406374083,161.572922984899,13.4319352359217,65.5112453944782,662800.077486017,155.543251958306
2,93,92,7,9,38.0065674694673,23.7609096323703,286.046969842158,SAT-1,Satellite,663431.75348885,156.071880902481,12.9033062917467,16.344327756618,65.3782734448278,188.391482363219,1.44080170479126,8,16.344327756618,Served,,,Stable,0,-1.87084862049676,3872.84716814861,161.207309046073,12.9033062917467,65.3782734448278,663431.75348885,156.071880902481
2,93,92,8,9,37.9823021117732,23.7796713325242,356.696165153081,SAT-1,Satellite,664680.65019613,157.358547096906,11.6166400973221,14.8316857744186,65.1177272793277,188.391482363219,1.58774502464306,8,14.8316857744186,Served,,,Stable,0,-5.13673080700124,4301.20544194309,164.473191232577,11.6166400973221,65.1177272793277,664680.65019613,157.358547096906
2,93,92,9,9,38.0110452539756,23.7719942623737,289.806192208963,SAT-1,Satellite,663615.625509716,154.935569668393,14.0396175258355,17.698797181675,65.3397146011969,188.391482363219,1.33053873964862,8,17.698797181675,Served,BelowSnrFloor,,Stable,0,-15.0452769906745,4515.31287481232,174.38173741625,14.0396175258355,65.3397146011969,663615.625509716,154.935569668393
2,94,93,1,9,37.9588090253532,23.764260913496,202.66198493723,SAT-1,Satellite,664494.441857033,159.420677310347,9.55450988388074,12.4707811100814,65.1593910607595,188.391482363219,1.88832881337043,8,12.4707811100814,Served,BelowSnrFloor,,Stable,0,-11.2345119143163,4257.73842041113,170.570972339892,9.55450988388074,65.1593910607595,664494.441857033,159.420677310347
2,94,93,2,9,37.957142294893,23.7552718818865,57.2958949727332,SAT-1,Satellite,664298.423405998,157.157415221489,11.8177719727389,15.0664311668619,65.2001258482859,188.391482363219,1.56300686171769,8,15.0664311668619,Served,,,Stable,0,5.09821559264532,3835.41948257184,154.238244832931,11.8177719727389,65.2001258482859,664298.423405998,157.157415221489
2,94,93,3,9,37.9763217797365,23.6895713528042,62.2421735696277,SAT-1,Satellite,661923.870565473,157.821403320325,11.1537838739029,14.2941825800748,65.7006295836972,188.391482363219,1.64744889492513,8,14.2941825800748,Served,,,Stable,0,-0.599286683138303,3434.17412937808,159.935747108714,11.1537838739029,65.7006295836972,661923.870565473,157.821403320325
2,94,93,4,9,37.9602778409062,23.7481396266073,37.4482659564832,SAT-1,Satellite,664005.432690428,157.246647692141,11.7285395020872,14.9622014179867,65.2611880000998,188.391482363219,1.57389508652739,8,14.9622014179867,Served,,,Stable,0,2.61886572152184,3277.162013712,156.717594704054,11.7285395020872,65.2611880000998,664005.432690428,157.246647692141
2,94,93,5,9,38.003872674565,23.7214430012853,73.0575334800602,BS1,Terrestrial,2290.75996544657,116.547513008597,42.7889474169788,101.984292,NaN,893.334270320412,8.75952808811392,1,101.984292,Served,,,Stable,0,42.7889474169788,2290.75996544657,116.547513008597,9.55135050369756,65.6961939200566,661945.005678079,159.423836690531
2,94,93,6,9,37.9607424421567,23.6894506690055,163.86814682024,SAT-1,Satellite,662401.232958871,155.488731947488,13.4864552467402,17.0375293222612,65.5989307802421,188.391482363219,1.38218017706554,8,17.0375293222612,Served,,,Stable,0,-4.29187413759618,4210.4268936347,163.628334563172,13.4864552467402,65.5989307802421,662401.232958871,155.488731947488
2,94,93,7,9,38.0065695447948,23.760900513486,286.046969842158,SAT-1,Satellite,662944.265761778,161.088650521269,7.88653667295924,10.6399144300274,65.4840669487166,188.391482363219,2.21326359814922,8,10.6399144300274,Served,,,Stable,0,-7.41395921834197,3443.94077746977,166.750419643918,7.88653667295924,65.4840669487166,662944.265761778,161.088650521269
2,94,93,8,9,37.9823096070623,23.779670785868,356.696165153081,SAT-1,Satellite,664198.996519295,157.106618630018,11.8685685642106,15.1258243745367,65.2208923078331,188.391482363219,1.55686954392022,8,15.1258243745367,Served,BelowSnrFloor,,Stable,0,-17.8021053028077,4301.06743835123,177.138565728384,11.8685685642106,65.2208923078331,664198.996519295,157.106618630018
2,94,93,9,9,38.0110477978914,23.7719853345327,289.806192208963,SAT-1,Satellite,663116.587220986,156.193670447265,12.7815167469632,16.2001071854214,65.4477316499482,188.391482363219,1.45362836343417,8,16.2001071854214,Served,BelowSnrFloor,,Stable,0,-13.7097882621536,4941.18579508649,173.046248687729,12.7815167469632,65.4477316499482,663116.587220986,156.193670447265
2,95,94,1,9,37.9588020972027,23.7642572599633,202.66198493723,SAT-1,Satellite,664114.620126067,154.497716742715,14.4774704515131,20.8280152702243,65.2415263999181,188.391482363219,1.29215715275118,7,20.8280152702243,Served,BelowSnrFloor,,Stable,0,-11.3505624277778,4241.60127133074,170.687022853354,14.4774704515131,65.2415263999181,664114.620126067,154.497716742715
2,95,94,2,9,37.9571463513616,23.7552798609301,57.2958949727332,SAT-1,Satellite,663926.397257946,155.828561994613,13.1466251996154,19.0091962739953,65.2808045239693,188.391482363219,1.41579204723392,7,19.0091962739953,Served,,,Stable,0,3.58648320263669,3835.518244486,155.749977222939,13.1466251996154,65.2808045239693,663926.397257946,155.828561994613
2,95,94,3,9,37.9763252763728,23.6895797460522,62.2421735696277,SAT-1,Satellite,661584.474966703,160.397797256226,8.57738993800254,13.0148985213109,65.7764285611371,188.391482363219,2.06786621232299,7,13.0148985213109,Served,,,Stable,0,-6.26634250912747,3433.36473253115,165.602802934703,8.57738993800254,65.7764285611371,661584.474966703,160.397797256226
2,95,94,4,9,37.9602838013659,23.7481453924828,37.4482659564832,BS1,Terrestrial,3178.74079147256,152.727303593137,6.609156832439,22.7700904802942,NaN,893.334270320412,19.6163970251573,2,22.7691247426513,Served,,,InTransition,0.0424125518390801,6.609156832439,3178.74079147256,152.727303593137,5.45558423885888,65.3415804979689,663635.98411754,163.519602955369
2,95,94,5,9,38.0038748624044,23.7214520777313,73.0575334800602,BS1,Terrestrial,2290.81113095993,118.944014307791,40.3924461177845,50.992146,NaN,893.334270320412,8.75952808811392,2,50.992146,Served,,,Stable,0,40.3924461177845,2290.81113095993,118.944014307791,12.9276995749993,65.7816148043435,661560.651043525,156.047487619229
2,95,94,6,9,37.9607352299821,23.6894533037634,163.86814682024,SAT-1,Satellite,662074.436504654,162.334915125573,6.64027206865481,10.6666778932825,65.671643403041,188.391482363219,2.52309755467352,7,10.6666778932825,Served,,,Stable,0,-1.05676331369537,4210.7298666499,160.393223739271,6.64027206865481,65.671643403041,662074.436504654,162.334915125573
2,95,94,7,9,38.0065716201223,23.7608913946014,286.046969842158,SAT-1,Satellite,662528.660465731,154.720278259952,14.2549089342764,20.5223442374474,65.5751809624189,188.391482363219,1.31140324894865,7,20.5223442374474,Served,,,Stable,0,-7.06646919933743,3443.47899606857,166.402929624913,14.2549089342764,65.5751809624189,662528.660465731,154.720278259952
2,95,94,8,9,37.9823171023513,23.7796702392117,356.696165153081,SAT-1,Satellite,663789.071729992,159.744615045636,9.23057214859168,13.8387151857219,65.3095866438589,188.391482363219,1.94476644311595,7,13.8387151857219,Served,BelowSnrFloor,,Stable,0,-10.1422260266926,4300.92959179941,169.478686452268,9.23057214859168,65.3095866438589,663789.071729992,159.744615045636
2,95,94,9,9,38.0110503418072,23.7719764066915,289.806192208963,SAT-1,Satellite,662689.395294501,156.347654819103,12.6275323751253,18.306345715162,65.5411280708304,188.391482363219,1.47014971353571,7,18.306345715162,Served,BelowSnrFloor,,Stable,0,-9.18307583917846,4940.73850741679,168.519536264754,12.6275323751253,65.5411280708304,662689.395294501,156.347654819103
2,96,95,1,9,37.9587951690522,23.7642536064311,202.66198493723,SAT-1,Satellite,663806.682808446,157.736466319001,11.238720875227,14.3925240532246,65.3089580597433,188.391482363219,1.63619217923949,8,14.3925240532246,Served,BelowSnrFloor,,Stable,0,-12.2383426023949,4258.25386052498,171.574803027971,11.238720875227,65.3089580597433,663806.682808446,157.736466319001
2,96,95,2,9,37.9571504078302,23.755287839974,57.2958949727332,SAT-1,Satellite,663626.250256124,156.76509036878,12.2100968254483,15.5262320628243,65.3467392685863,188.391482363219,1.51671926582802,8,15.5262320628243,Served,,,Stable,0,9.05502724095433,3835.61718483791,150.281433184622,12.2100968254483,65.3467392685863,663626.250256124,156.76509036878
2,96,95,3,9,37.9763287730091,23.6895881393007,62.2421735696277,SAT-1,Satellite,661317.252782741,156.254699285291,12.7204879089374,16.1279139277094,65.8369950299696,188.391482363219,1.46013522895499,8,16.1279139277094,Served,,,Stable,0,-2.45031720323684,3809.43402655518,161.786777628813,12.7204879089374,65.8369950299696,661317.252782741,156.254699285291
2,96,95,4,9,37.9602897618257,23.7481511583587,37.4482659564832,SAT-1,Satellite,663338.450086275,160.424417032584,8.55077016164392,11.3589269149321,65.4071724806557,188.391482363219,2.07316549105053,8,11.2583931920405,Served,,,InTransition,8.85063559652692,1.72940361153417,3178.48670848476,157.607056814042,8.55077016164392,65.4071724806557,663338.450086275,160.424417032584
2,96,95,5,9,38.0038770502438,23.7214611541776,73.0575334800602,BS1,Terrestrial,2290.86259854833,119.873146789696,39.4633136358802,101.984292,NaN,893.334270320412,8.75952808811392,1,101.984292,Served,,,Stable,0,39.4633136358802,2290.86259854833,119.873146789696,13.1912261478379,65.8518808322183,661248.429731711,155.78396104639
2,96,95,6,9,37.9607280178075,23.6894559385209,163.86814682024,SAT-1,Satellite,661819.794634618,155.712766669711,13.2624205245173,16.7707131939678,65.7291901118746,188.391482363219,1.40417017589166,8,16.7707131939678,Served,,,Stable,0,2.09280994304984,4211.03298275541,157.243650482526,13.2624205245173,65.7291901118746,661819.794634618,155.712766669711
2,96,95,7,9,38.0065736954497,23.7608822757166,286.046969842158,SAT-1,Satellite,662185.07283218,156.758073898476,12.2171132957521,15.5344773667414,65.6513769281776,188.391482363219,1.51591422997078,8,15.5344773667414,Served,,,Stable,0,-6.23066774473818,3443.01735449604,165.567128170314,12.2171132957521,65.6513769281776,662185.07283218,156.758073898476
2,96,95,8,9,37.9823245976403,23.7796696925553,356.696165153081,SAT-1,Satellite,663451.008662467,156.980635082021,11.9945521122067,15.2733110979992,65.3835823993102,188.391482363219,1.54183563369486,8,15.2733110979992,Served,,,Stable,0,-3.84953867199303,4300.79190230378,163.185999097569,11.9945521122067,65.3835823993102,663451.008662467,156.980635082021
2,96,95,9,9,38.011052885723,23.77196747885,289.806192208963,SAT-1,Satellite,662334.188646603,158.119254808453,10.8559323857756,13.9504220234799,65.6196602244274,188.391482363219,1.68804465239597,8,13.9504220234799,Served,BelowSnrFloor,,Stable,0,-10.4097082449176,4513.94835529683,169.746168670493,10.8559323857756,65.6196602244274,662334.188646603,158.119254808453
2,97,96,1,9,37.9587882409017,23.7642499528992,202.66198493723,SAT-1,Satellite,663570.729742234,155.037843196698,13.9373439975301,17.5762831223409,65.3615113853981,188.391482363219,1.33981315227391,8,17.5762831223409,Served,,,Stable,0,-5.02879016249599,4258.51180174771,164.365250588072,13.9373439975301,65.3615113853981,663570.729742234,155.037843196698
2,97,96,2,9,37.9571544642987,23.7552958190184,57.2958949727332,SAT-1,Satellite,663398.079717682,156.946268046011,12.0289191482169,15.3135884306836,65.3977588474224,188.391482363219,1.53778034469163,8,15.3135884306836,Served,,,Stable,0,2.00649270088857,3894.53596175415,157.329967724687,12.0289191482169,65.3977588474224,663398.079717682,156.946268046011
2,97,96,3,9,37.9763322696453,23.6895965325496,62.2421735696277,SAT-1,Satellite,661122.291250758,155.515130672297,13.4600565219308,17.006058268449,65.8821656800019,188.391482363219,1.38473801063543,8,17.006058268449,Served,,,Stable,0,-0.955271424269398,3431.74597326374,160.291731849845,13.4600565219308,65.8821656800019,661122.291250758,155.515130672297
2,97,96,4,9,37.9602957222855,23.748156924235,37.4482659564832,SAT-1,Satellite,663112.927152269,163.424350060291,5.55083713393671,8.24424848098193,65.4577928287036,188.391482363219,2.85640775502166,8,8.24424848098193,BelowTarget,,,Stable,0,-4.25477263767286,3178.23282363479,163.591233063249,5.55083713393671,65.4577928287036,663112.927152269,163.424350060291
2,97,96,5,9,38.0038792380832,23.7214702306242,73.0575334800602,BS1,Terrestrial,2290.91436819192,116.649296609889,42.6871638156865,101.984292,NaN,893.334270320412,8.75952808811392,1,101.984292,Served,,,Stable,0,42.6871638156865,2290.91436819192,116.649296609889,13.3015611201371,65.9068027503234,661008.443726882,155.673626074091
2,97,96,6,9,37.9607208056329,23.6894585732782,163.86814682024,SAT-1,Satellite,661637.39036255,155.004828684706,13.9703585095217,17.6158192797966,65.7714168610832,188.391482363219,1.33680613551766,8,17.6158192797966,Served,BelowSnrFloor,,Stable,0,-7.55480345120199,4211.33624192109,166.891263876778,13.9703585095217,65.7714168610832,661637.39036255,155.004828684706
2,97,96,7,9,38.0065757707772,23.7608731568315,286.046969842158,SAT-1,Satellite,661913.614817483,158.818454994802,10.1567321994265,13.1506522583102,65.712452978926,188.391482363219,1.79070473713737,8,13.1506522583102,Served,BelowSnrFloor,,Stable,0,-9.5836227423604,3442.55585280933,168.920083167936,10.1567321994265,65.712452978926,661913.614817483,158.818454994802
2,97,96,8,9,37.9823320929293,23.7796691458988,356.696165153081,SAT-1,Satellite,663184.917012046,157.917911512266,11.057275681962,14.1826100217109,65.4426873053021,188.391482363219,1.66040913903388,8,14.1826100217109,Served,,,Stable,0,-6.90729724507409,4300.65436987852,166.24375767065,11.057275681962,65.4426873053021,663184.917012046,157.917911512266
2,97,96,9,9,38.0110554296388,23.7719585510081,289.806192208963,SAT-1,Satellite,662051.082962678,158.820876749682,10.1543104445466,13.1479008817461,65.6831207216858,188.391482363219,1.79107946638817,8,13.1479008817461,Served,BelowSnrFloor,,Stable,0,-14.5985420143476,4513.49373163969,173.935002439923,10.1543104445466,65.6831207216858,662051.082962678,158.820876749682
2,98,97,1,9,37.9587813127511,23.7642462993676,202.66198493723,SAT-1,Satellite,663406.837418744,153.312681321275,15.6625058729527,19.6560634414463,65.3990494013434,188.391482363219,1.19804941439839,8,19.6560634414463,Served,BelowSnrFloor,,Stable,0,-9.38500476056279,4258.76989037994,168.721465186139,15.6625058729527,65.3990494013434,663406.837418744,153.312681321275
2,98,97,2,9,37.9571585207673,23.7553037980633,57.2958949727332,SAT-1,Satellite,663241.959603655,156.981601105127,11.9935860891011,15.2721792153287,65.4337299816485,188.391482363219,1.54194990533939,8,15.2721792153287,Served,,,Stable,0,0.0652242401333751,3894.54374577488,159.271236185442,11.9935860891011,65.4337299816485,663241.959603655,156.981601105127
2,98,97,3,9,37.9763357662816,23.6896049257988,62.2421735696277,SAT-1,Satellite,660999.653952963,156.192085660305,12.783101533923,16.2019825678402,65.911818200472,188.391482363219,1.45346010568764,8,16.2019825678402,Served,,,Stable,0,-0.433585424222571,3430.93661086058,159.770045849798,12.783101533923,65.911818200472,660999.653952963,156.192085660305
2,98,97,4,9,37.9603016827452,23.7481626901119,37.4482659564832,SAT-1,Satellite,662959.488479776,155.872377364364,13.1028098298645,16.5809996244417,65.4933087173388,188.391482363219,1.42023616360797,8,16.5809996244417,Served,,,Stable,0,-4.06980578397057,3177.9791369718,163.406266209546,13.1028098298645,65.4933087173388,662959.488479776,155.872377364364
2,98,97,5,9,38.0038814259226,23.721479307071,73.0575334800602,BS1,Terrestrial,2290.96643986831,116.702628853958,42.6338315716175,101.984292,NaN,893.334270320412,8.75952808811392,1,101.984292,Served,,,Stable,0,42.6338315716175,2290.96643986831,116.702628853958,12.4012613653543,65.9462315809736,660840.77141766,156.573925828874
2,98,97,6,9,37.9607135934583,23.6894612080353,163.86814682024,SAT-1,Satellite,661527.283068984,155.802309570839,13.1728776233891,16.6642429405009,65.7982102577579,188.391482363219,1.41314162182363,8,16.6642429405009,Served,,,Stable,0,-3.40727951735866,4211.63964411512,162.743739942935,13.1728776233891,65.7982102577579,661527.283068984,155.802309570839
2,98,97,7,9,38.0065778461046,23.7608640379461,286.046969842158,SAT-1,Satellite,661714.374920554,160.343337809439,8.63184938478892,11.4476564215847,65.7582459155221,188.391482363219,2.05709661682373,8,11.4476564215847,Served,,,Stable,0,-5.19289740704892,3870.56540539454,164.529357832625,8.63184938478892,65.7582459155221,661714.374920554,160.343337809439
2,98,97,8,9,37.9823395882182,23.7796685992423,356.696165153081,SAT-1,Satellite,662990.883157191,156.162035694621,12.8131514996072,16.2375491336693,65.486746554572,188.391482363219,1.45027646115463,8,16.2375491336693,Served,,,Stable,0,-2.94883057904514,4300.51699453904,162.285291004621,12.8131514996072,65.486746554572,662990.883157191,156.162035694621
2,98,97,9,9,38.0110579735546,23.7719496231659,289.806192208963,SAT-1,Satellite,661840.170508928,157.624495482856,11.350691711372,14.5223710426651,65.7313404440556,188.391482363219,1.62156270668324,8,14.5223710426651,Served,BelowSnrFloor,,Stable,0,-15.9674426637256,4939.39724534389,175.303903089302,11.350691711372,65.7313404440556,661840.170508928,157.624495482856
2,99,98,1,9,37.9587743846006,23.7642426458363,202.66198493723,SAT-1,Satellite,663315.058857969,152.344080549626,16.6311066446025,20.830125,65.4214741483026,188.391482363219,1.1305229947205,8,20.830125,Served,BelowSnrFloor,,Stable,0,-10.1620778751527,4259.0281263928,169.498538300729,16.6311066446025,65.4214741483026,663315.058857969,152.344080549626
2,99,98,2,9,37.9571625772359,23.7553117771086,57.2958949727332,SAT-1,Satellite,663157.940398486,154.813151441014,14.1620357532139,17.845586531136,65.4545586543272,188.391482363219,1.31959435764778,8,17.845586531136,Served,,,Stable,0,4.58976063769194,3835.91507638006,154.746699787884,14.1620357532139,65.4545586543272,663157.940398486,154.813151441014
2,99,98,3,9,37.9763392629178,23.6896133190485,62.2421735696277,SAT-1,Satellite,660949.380712174,153.10351624091,15.8716709533181,19.9098972853722,65.9258725371468,188.391482363219,1.18277532816323,8,19.9098972853722,Served,,,Stable,0,-2.39298552242721,3430.12725995496,161.729445948003,15.8716709533181,65.9258725371468,660949.380712174,153.10351624091
2,99,98,4,9,37.960307643205,23.7481684559892,37.4482659564832,SAT-1,Satellite,662878.183722377,157.928731594482,11.0464555997459,14.1701121520374,65.5136269254079,188.391482363219,1.66187360006296,8,14.1701121520374,Served,,,Stable,0,4.09194862503068,3177.72564854132,155.244511800545,11.0464555997459,65.5136269254079,662878.183722377,157.928731594482
2,99,98,5,9,38.003883613762,23.7214883835181,73.0575334800602,BS1,Terrestrial,2291.01881355942,118.617157838476,40.7193025871003,101.984292,NaN,893.334270320412,8.75952808811392,1,101.984292,Served,,,Stable,0,40.7193025871003,2291.01881355942,118.617157838476,14.1058889537318,65.970060145597,660745.467468464,154.869298240496
2,99,98,6,9,37.9607063812837,23.6894638427921,163.86814682024,SAT-1,Satellite,661489.50840375,155.720499138583,13.2546880556453,16.7615150350775,65.809498718275,188.391482363219,1.40494073752406,8,16.7615150350775,Served,BelowSnrFloor,,Stable,0,-13.899630359113,4638.56895872297,173.236090784689,13.2546880556453,65.809498718275,661489.50840375,155.720499138583
2,99,98,7,9,38.0065799214321,23.7608549190605,286.046969842158,SAT-1,Satellite,661587.418038212,153.633013645708,15.3421735485205,19.2679529761663,65.7886328385756,188.391482363219,1.22218148054085,8,19.2679529761663,Served,,,Stable,0,-5.92850823801876,3441.63326931921,165.264968663595,15.3421735485205,65.7886328385756,661587.418038212,153.633013645708
2,99,98,8,9,37.9823470835072,23.7796680525858,356.696165153081,SAT-1,Satellite,662868.970018863,155.140031207839,13.8351559863886,17.453983320943,65.5156443146066,188.391482363219,1.3492012030942,8,17.453983320943,Served,BelowSnrFloor,,Stable,0,-9.47136973293524,4300.37977629961,168.807830158511,13.8351559863886,65.5156443146066,662868.970018863,155.140031207839
2,99,98,9,9,38.0110605174704,23.7719406953235,289.806192208963,SAT-1,Satellite,661701.51998168,155.6105865336,13.364600660628,16.8923304276717,65.7641902263465,188.391482363219,1.39406077783242,8,16.8923304276717,Served,BelowSnrFloor,,Stable,0,-16.5205544266104,4938.95035838824,175.857014852186,13.364600660628,65.7641902263465,661701.51998168,155.6105865336
2,100,99,1,9,37.95876745645,23.7642389923054,202.66198493723,SAT-1,Satellite,663295.423521962,159.9416694059,9.03351778832766,11.8901176980424,65.4287276525701,188.391482363219,1.98054686197761,8,11.8901176980424,Served,,,Stable,0,1.59404330959561,4259.28650976044,157.74241711598,9.03351778832766,65.4287276525701,663295.423521962,159.9416694059
2,100,99,2,9,37.9571666337044,23.7553197561543,57.2958949727332,SAT-1,Satellite,663146.049027507,158.509091879382,10.4660953148463,13.5032109297411,65.4601910440087,188.391482363219,1.74395078458971,8,13.5032109297411,Served,,,Stable,0,4.17269470434513,3836.01473034521,155.163765721231,10.4660953148463,65.4601910440087,663146.049027507,158.509091879382
2,100,99,3,9,37.9763427595541,23.6896217122985,62.2421735696277,SAT-1,Satellite,660971.487526188,155.034030580228,13.9411566140003,17.5808482840374,65.9242917250405,188.391482363219,1.33946524735008,8,17.5808482840374,Served,,,Stable,0,-1.81345149375355,3429.31792055469,161.149911919329,13.9411566140003,65.9242917250405,660971.487526188,155.034030580228
2,100,99,4,9,37.9603136036647,23.7481742218669,37.4482659564832,SAT-1,Satellite,662869.038941741,155.0133344716,13.9618527226279,17.6056321592969,65.5186947662438,188.391482363219,1.3375796496445,8,17.6056321592969,Served,,,Stable,0,6.50616187906945,3177.47235839303,152.830298546506,13.9618527226279,65.5186947662438,662869.038941741,155.0133344716
2,100,99,5,9,38.0038858016014,23.7214974599655,73.0575334800602,BS1,Terrestrial,2291.07148924219,116.543480861378,42.7929795641979,101.984292,NaN,893.334270320412,8.75952808811392,1,101.984292,Served,,,Stable,0,42.7929795641979,2291.07148924219,116.543480861378,9.55696304759351,65.9782241768481,660722.562729554,159.418224146635
2,100,99,6,9,37.9606991691091,23.6894664775487,163.86814682024,SAT-1,Satellite,661524.078227254,157.656401820508,11.3187853737205,14.485347327937,65.8052532066537,188.391482363219,1.62570732770659,8,14.485347327937,Served,,,Stable,0,-4.07889432278017,4212.24687746479,163.415354748356,11.3187853737205,65.8052532066537,661524.078227254,157.656401820508
2,100,99,7,9,38.0065819967596,23.7608458001747,286.046969842158,SAT-1,Satellite,661532.78535875,153.745502512912,15.2296846813163,19.1318527464068,65.8035323974243,188.391482363219,1.23087583871484,8,19.1318527464068,Served,BelowSnrFloor,,Stable,0,-12.4350623469767,3441.17218762799,171.771522772553,15.2296846813163,65.8035323974243,661532.78535875,153.745502512912
2,100,99,8,9,37.9823545787962,23.7796675059292,356.696165153081,SAT-1,Satellite,662819.216957759,159.290078258868,9.68510893536049,12.617460941396,65.5293048775392,188.391482363219,1.86637671436269,8,12.617460941396,Served,,,Stable,0,-2.14612852735132,4300.2427151766,161.482588952927,9.68510893536049,65.5293048775392,662819.216957759,159.290078258868
2,100,99,9,9,38.0110630613862,23.7719317674807,289.806192208963,SAT-1,Satellite,661635.176394839,158.303908779078,10.6712784151503,13.7381961786288,65.7815821639246,188.391482363219,1.71412134382207,8,13.7381961786288,Served,BelowSnrFloor,,Stable,0,-15.9402871095791,4512.13050966949,175.276747535155,10.6712784151503,65.7815821639246,661635.176394839,158.303908779078
2,101,100,1,9,37.9587605282995,23.7642353387749,202.66198493723,SAT-1,Satellite,663347.937266534,156.862818374214,12.1123688200144,15.4114674240461,65.4207925054629,188.391482363219,1.52801382551408,8,15.4114674240461,Served,BelowSnrFloor,,Stable,0,-9.08192375654622,4259.5450404558,168.418384182122,12.1123688200144,65.4207925054629,663347.937266534,156.862818374214
2,101,100,2,9,37.957170690173,23.7553277352005,57.2958949727332,SAT-1,Satellite,663206.288812771,156.393659435232,12.5815277589959,15.9637258615993,65.4506140644412,188.391482363219,1.47515282457019,8,15.9637258615993,Served,,,Stable,0,8.01798555546105,3836.11456267787,151.318474870115,12.5815277589959,65.4506140644412,663206.288812771,156.393659435232
2,101,100,3,9,37.9763462561903,23.689630105549,62.2421735696277,SAT-1,Satellite,661065.966541233,153.57353767623,15.4016495179982,19.3399535530398,65.9070822766278,188.391482363219,1.21763142971463,8,19.3399535530398,Served,,,Stable,0,4.90547338808369,3428.5085926688,154.430987037492,15.4016495179982,65.9070822766278,661065.966541233,153.57353767623
2,101,100,4,9,37.9603195641245,23.7481799877452,37.4482659564832,SAT-1,Satellite,662932.056564825,156.614741696096,12.3604454981323,15.7030757025465,65.5085006189289,188.391482363219,1.49963839832878,8,15.7030757025465,Served,,,Stable,0,2.94280712082769,3177.21926657202,156.393653304748,12.3604454981323,65.5085006189289,662932.056564825,156.614741696096
2,101,100,5,9,38.0038879894409,23.7215065364132,73.0575334800602,BS1,Terrestrial,2291.12446689691,114.498552330848,44.8379080947275,101.984292,NaN,893.334270320412,8.75952808811392,1,101.984292,Served,,,Stable,0,44.8379080947275,2291.12446689691,114.498552330848,9.76939447675701,65.9707029926468,660772.064186086,159.205792717471
2,101,100,6,9,37.9606919569344,23.689469112305,163.86814682024,SAT-1,Satellite,661630.980590736,154.354762912853,14.6204242813747,18.3965580246948,65.7854875370379,188.391482363219,1.28007289536397,8,18.3965580246948,Served,BelowSnrFloor,,Stable,0,-10.1523216451128,4639.19340242926,169.488782070689,14.6204242813747,65.7854875370379,661630.980590736,154.354762912853
2,101,100,7,9,38.006584072087,23.7608366812886,286.046969842158,SAT-1,Satellite,661550.49429421,154.543395497245,14.4317916969828,18.1695798750888,65.8029056269274,188.391482363219,1.29606383071569,8,18.1695798750888,Served,,,Stable,0,6.79208562913917,3440.7112460475,152.544374796437,14.4317916969828,65.8029056269274,661550.49429421,154.543395497245
2,101,100,8,9,37.9823620740851,23.7796669592725,356.696165153081,SAT-1,Satellite,662841.639709838,155.302916482281,13.672270711947,17.2592774840534,65.527693420444,188.391482363219,1.36442184889606,8,17.2592774840534,Served,,,Stable,0,-0.0239677329664119,4300.10581118416,159.360428158542,13.672270711947,65.527693420444,662841.639709838,155.302916482281
2,101,100,9,9,38.011065605302,23.7719228396376,289.806192208963,SAT-1,Satellite,661641.161005913,157.212072451665,11.7631147425627,15.0025718577603,65.7834705137079,188.391482363219,1.56965989022884,8,15.0025718577603,Served,BelowSnrFloor,,Stable,0,-17.8089225325025,4938.05688524612,177.145382958078,11.7631147425627,65.7834705137079,661641.161005913,157.212072451665
2,102,101,1,9,37.9587536001489,23.7642316852447,202.66198493723,SAT-1,Satellite,663472.582331374,159.165818434148,9.80936876007982,12.7574192897333,65.3976920394507,188.391482363219,1.8459011780191,8,12.7574192897333,Served,BelowSnrFloor,,Stable,0,-11.7751997786503,4259.80371845362,171.111660204226,9.80936876007982,65.3976920394507,663472.582331374,159.165818434148
2,102,101,2,9,37.9571747466415,23.7553357142471,57.2958949727332,SAT-1,Satellite,663338.639467312,155.581818275847,13.3933689183816,16.9265939638168,65.4258554978133,188.391482363219,1.39123886032487,8,16.9265939638168,Served,,,Stable,0,-5.1882979487211,3836.21457336458,164.524758374297,13.3933689183816,65.4258554978133,663338.639467312,155.581818275847
2,102,101,3,9,37.9763497528266,23.6896384987998,62.2421735696277,SAT-1,Satellite,661232.786064541,154.33804304921,14.6371441450181,18.4166928083277,65.8742941160516,188.391482363219,1.27867340463831,8,18.4166928083277,Served,,,Stable,0,-2.76815318773436,3804.51804491285,162.10461361331,14.6371441450181,65.8742941160516,661232.786064541,154.33804304921
2,102,101,4,9,37.9603255245842,23.7481857536238,37.4482659564832,SAT-1,Satellite,663067.215379592,160.337637769771,8.63754942445757,11.4539018445553,65.4830740474915,188.391482363219,2.05597495202881,8,11.4539018445553,Served,,,Stable,0,-6.04186411582248,3176.9663731282,165.378324541398,8.63754942445757,65.4830740474915,663067.215379592,160.337637769771
2,102,101,5,9,38.0038901772803,23.7215156128611,73.0575334800602,BS1,Terrestrial,2291.17774650321,115.630128584628,43.7063318409482,101.984292,NaN,893.334270320412,8.75952808811392,1,101.984292,Served,,,Stable,0,43.7063318409482,2291.17774650321,115.630128584628,11.1282317178232,65.9475197156921,660893.954946321,157.846955476405
2,102,101,6,9,37.9606847447598,23.689471747061,163.86814682024,SAT-1,Satellite,661810.179755538,156.555069754711,12.4201174395171,15.7733570560383,65.75025823296,188.391482363219,1.49295645890343,8,15.7733570560383,Served,,,Stable,0,-6.26661263209593,4212.85468255934,165.603073057672,12.4201174395171,65.75025823296,661810.179755538,156.555069754711
2,102,101,7,9,38.0065861474145,23.7608275624022,286.046969842158,SAT-1,Satellite,661640.538451511,153.675545548973,15.2996416452556,19.2164817388844,65.7867563520774,188.391482363219,1.22545508670045,8,19.2164817388844,Served,,,Stable,0,2.67468101720939,3440.25044463386,156.661779408366,15.2996416452556,65.7867563520774,661640.538451511,153.675545548973
2,102,101,8,9,37.9823695693741,23.7796664126158,356.696165153081,SAT-1,Satellite,662936.230360309,160.169684696403,8.80550249782544,11.6383635139618,65.5108163582984,188.391482363219,2.02338887826902,8,11.6383635139618,Served,BelowSnrFloor,,Stable,0,-10.5909523187221,4585.76623108589,169.927412744298,8.80550249782544,65.5108163582984,662936.230360309,160.169684696403
2,102,101,9,9,38.0110681492178,23.7719139117942,289.806192208963,SAT-1,Satellite,661719.471280872,157.261349459432,11.7138377347964,14.9450415887245,65.7698521675234,188.391482363219,1.57570222575822,8,14.9450415887245,Served,BelowSnrFloor,,Stable,0,-11.2024778704158,4511.22223618538,170.538938295992,11.7138377347964,65.7698521675234,661719.471280872,157.261349459432
2,103,102,1,9,37.9587466719983,23.7642280317148,202.66198493723,SAT-1,Satellite,663669.31736871,159.634087258069,9.34109993615863,12.2320441912832,65.3594900968236,188.391482363219,1.92518396166226,8,12.2320441912832,Served,BelowSnrFloor,,Stable,0,-11.0230864983986,4260.06254372435,170.359546923974,9.34109993615863,65.3594900968236,663669.31736871,159.634087258069
2,103,102,2,9,37.9571788031101,23.7553436932942,57.2958949727332,SAT-1,Satellite,663543.057127916,158.020829435228,10.9543577590004,14.0638257256028,65.3859837183723,188.391482363219,1.67443309913405,8,14.0638257256028,Served,,,Stable,0,6.07025937227806,3836.31476239233,153.266201053298,10.9543577590004,65.3859837183723,663543.057127916,158.020829435228
2,103,102,3,9,37.9763532494628,23.689646892051,62.2421735696277,SAT-1,Satellite,661471.890616032,154.315418660057,14.6597685341709,18.4439421774333,65.8260200608822,188.391482363219,1.2767842725193,8,18.4439421774333,Served,,,Stable,0,-3.94404186518005,3426.88997147052,163.280502290756,14.6597685341709,65.8260200608822,661471.890616032,154.315418660057
2,103,102,4,9,37.9603314850439,23.748191519503,37.4482659564832,SAT-1,Satellite,663274.470569316,156.159179490867,12.8160077033615,16.2409303200014,65.4424855051957,188.391482363219,1.4499745292547,8,16.2409303200014,Served,,,Stable,0,5.51655712311771,3176.71367810717,153.819903302458,12.8160077033615,65.4424855051957,663274.470569316,156.159179490867
2,103,102,5,9,38.0038923651197,23.7215246893093,73.0575334800602,BS1,Terrestrial,2291.23132803968,119.39791346953,39.9385469560459,101.984292,NaN,893.334270320412,8.75952808811392,1,101.984292,Served,,,Stable,0,39.9385469560459,2291.23132803968,119.39791346953,13.6371260227839,65.9087410330245,661088.194269059,155.338061171444
2,103,102,6,9,37.9606775325852,23.6894743818168,163.86814682024,SAT-1,Satellite,662061.616251354,156.165749538077,12.8094376561513,16.2331528351099,65.6996639467364,188.391482363219,1.4506692282518,8,16.2331528351099,Served,BelowSnrFloor,,Stable,0,-11.6776809651932,4213.15879943351,171.014141390769,12.8094376561513,65.6996639467364,662061.616251354,156.165749538077
2,103,102,7,9,38.0065882227419,23.7608184435156,286.046969842158,SAT-1,Satellite,661802.887642633,159.213814703919,9.7613724903089,12.7033139007579,65.7551311506545,188.391482363219,1.8537631581313,8,12.7033139007579,Served,,,Stable,0,2.74166600574296,3439.78978344506,156.594794419833,9.7613724903089,65.7551311506545,661802.887642633,159.213814703919
2,103,102,8,9,37.982377064663,23.779665865959,356.696165153081,SAT-1,Satellite,663102.957356254,155.782709804703,13.1924773895249,16.6875393282165,65.4787212812913,188.391482363219,1.41116882676549,8,16.6875393282165,Served,BelowSnrFloor,,Stable,0,-10.6889074746584,4299.83247465261,170.025367900234,13.1924773895249,65.4787212812913,663102.957356254,155.782709804703
2,103,102,9,9,38.0110706931336,23.7719049839505,289.806192208963,SAT-1,Satellite,661870.080897998,155.191339041085,13.7838481531434,17.3926204253844,65.7407666864252,188.391482363219,1.35396131919448,8,17.3926204253844,Served,BelowSnrFloor,,Stable,0,-15.0050173313033,4937.16381331043,174.341477756879,13.7838481531434,65.7407666864252,661870.080897998,155.191339041085
2,104,103,1,9,37.9587397438478,23.7642243781853,202.66198493723,SAT-1,Satellite,663938.077510342,154.530483951673,14.4447032425552,18.1851053319333,65.3062903962354,188.391482363219,1.29495732169613,8,18.1851053319333,Served,BelowSnrFloor,,Stable,0,-13.1686107053087,4244.63362593092,172.505071130885,14.4447032425552,65.3062903962354,663938.077510342,154.530483951673
2,104,103,2,9,37.9571828595786,23.7553516723416,57.2958949727332,SAT-1,Satellite,663819.474426248,154.026742151355,14.948445042873,18.7920356076245,65.3311070128236,188.391482363219,1.25313381621349,8,18.7920356076245,Served,,,Stable,0,7.9837381640283,3836.41512974635,151.352722261548,14.948445042873,65.3311070128236,663819.474426248,154.026742151355
2,104,103,3,9,37.976356746099,23.6896552853027,62.2421735696277,SAT-1,Satellite,661783.201018918,155.239703564778,13.7354836294503,17.3348043011145,65.7623948639663,188.391482363219,1.35847713572909,8,17.3348043011145,Served,,,Stable,0,7.23581396941339,3802.87943315869,152.100646456162,13.7354836294503,65.7623948639663,661783.201018918,155.239703564778
2,104,103,4,9,37.9603374455037,23.7481972853826,37.4482659564832,SAT-1,Satellite,663553.753785326,157.799324542516,11.1758626517118,14.3197326843141,65.3868456308147,188.391482363219,1.64450942029092,8,14.3197326843141,Served,,,Stable,0,-0.679072180735602,3176.46118155518,160.015532606311,11.1758626517118,65.3868456308147,663553.753785326,157.799324542516
2,104,103,5,9,38.0038945529591,23.7215337657577,73.0575334800602,BS1,Terrestrial,2291.28521148526,114.794000698825,44.542459726751,101.984292,NaN,893.334270320412,8.75952808811392,1,101.984292,Served,,,Stable,0,44.542459726751,2291.28521148526,114.794000698825,12.4614972410656,65.8544765014748,661354.717630194,156.513689953163
2,104,103,6,9,37.9606703204105,23.6894770165723,163.86814682024,SAT-1,Satellite,662385.206973189,157.003428381924,11.9717588123041,15.2466083386454,65.6338444528803,188.391482363219,1.54453598940514,8,15.2466083386454,Served,,,Stable,0,-2.84523760680858,4213.46305914963,162.181698032384,11.9717588123041,65.6338444528803,662385.206973189,157.003428381924
2,104,103,7,9,38.0065902980694,23.7608093246287,286.046969842158,SAT-1,Satellite,662037.487933774,155.462501024004,13.5126861702236,17.0688084600673,65.7081188747713,188.391482363219,1.37964728765311,8,17.0688084600673,Served,,,Stable,0,4.62825910890419,3439.32926253529,154.708201316672,13.5126861702236,65.7081188747713,662037.487933774,155.462501024004
2,104,103,8,9,37.9823845599519,23.7796653193022,356.696165153081,SAT-1,Satellite,663341.765557795,157.301628394278,11.6735587999504,14.8980470369194,65.4314964779042,188.391482363219,1.58067263696005,8,14.8980470369194,Served,BelowSnrFloor,,Stable,0,-10.1006931097286,4585.61246506256,169.437153535304,11.6735587999504,65.4314964779042,663341.765557795,157.301628394278
2,104,103,9,9,38.0110732370494,23.7718960561065,289.806192208963,SAT-1,Satellite,662092.939790684,157.885180271881,11.0900069223466,14.2204304069132,65.6962958950994,188.391482363219,1.65599314658958,8,14.2204304069132,Served,BelowSnrFloor,,Stable,0,-10.1109304400872,4510.31439593627,169.447390865663,11.0900069223466,65.6962958950994,662092.939790684,157.885180271881
2,105,104,1,9,37.9587328156971,23.7642207246561,202.66198493723,SAT-1,Satellite,664278.774472843,155.230534491408,13.74465270282,17.3457632344986,65.2382355117318,188.391482363219,1.35761885925933,8,17.3457632344986,Served,,,Stable,0,-6.38234094998646,4260.58063598345,165.718801375562,13.74465270282,65.2382355117318,664278.774472843,155.230534491408
2,105,104,2,9,37.9571869160472,23.7553596513896,57.2958949727332,SAT-1,Satellite,664167.800598091,151.733066436841,17.2421207573869,20.830125,65.2613725132029,188.391482363219,1.1305229947205,8,20.830125,Served,,,Stable,0,9.14172239755484,3836.51567541344,150.194738028021,17.2421207573869,65.2613725132029,664167.800598091,151.733066436841
2,105,104,3,9,37.9763602427353,23.6896636785547,62.2421735696277,SAT-1,Satellite,662166.614528863,157.055677676199,11.9195095180292,15.1854289916546,65.6835938383366,188.391482363219,1.55075864556372,8,15.1854289916546,Served,,,Stable,0,1.10167639071315,3425.27139642551,158.234784034863,11.9195095180292,65.6835938383366,662166.614528863,157.055677676199
2,105,104,4,9,37.9603434059634,23.7482030512627,37.4482659564832,SAT-1,Satellite,663904.973257922,155.635292648359,13.3398945458696,16.8629129573022,65.3163041532178,188.391482363219,1.39649272667358,8,16.8629129573022,Served,,,Stable,0,-0.0667998466483937,3176.20888352192,159.403260272224,13.3398945458696,65.3163041532178,663904.973257922,155.635292648359
2,105,104,5,9,38.0038967407985,23.7215428422065,73.0575334800602,BS1,Terrestrial,2291.33939681802,119.322089632231,40.014370793345,101.984292,NaN,893.334270320412,8.75952808811392,1,101.984292,Served,,,Stable,0,40.014370793345,2291.33939681802,119.322089632231,15.3408311255915,65.784877415844,661693.436828137,153.634356068637
2,105,104,6,9,37.9606631082358,23.6894796513275,163.86814682024,SAT-1,Satellite,662780.845316725,155.977334093172,12.9978531010561,16.456424358512,65.552979239361,188.391482363219,1.430987362891,8,16.456424358512,Served,,,Stable,0,-7.31838263603137,4213.7674616792,166.654843061607,12.9978531010561,65.552979239361,662780.845316725,155.977334093172
2,105,104,7,9,38.0065923733968,23.7608002057415,286.046969842158,SAT-1,Satellite,662344.261733297,156.731254201242,12.2439329929857,15.5660010898143,65.6458497427634,188.391482363219,1.51284425328813,8,15.5660010898143,Served,,,Stable,0,-0.361441145841127,3867.37622043515,159.697901571417,12.2439329929857,65.6458497427634,662344.261733297,156.731254201242
2,105,104,8,9,37.9823920552408,23.7796647726453,356.696165153081,SAT-1,Satellite,663652.576327635,154.702288495175,14.2728986990527,17.9786522197383,65.369270054892,188.391482363219,1.30982762264841,8,17.9786522197383,Served,BelowSnrFloor,,Stable,0,-20.4119895177259,4585.53580728784,179.748449943302,14.2728986990527,65.369270054892,663652.576327635,154.702288495175
2,105,104,9,9,38.0110757809652,23.7718871282622,289.806192208963,SAT-1,Satellite,662387.974229084,153.975984748914,14.9992024453146,18.8533157007027,65.6365630460481,188.391482363219,1.24906067819808,8,18.8533157007027,Served,BelowSnrFloor,,Stable,0,-16.3995608421243,4509.86063835677,175.7360212677,14.9992024453146,65.6365630460481,662387.974229084,153.975984748914
2,106,105,1,9,37.9587258875465,23.7642170711273,202.66198493723,SAT-1,Satellite,664691.296700473,154.375909093202,14.599278101026,16.3298636295418,65.1555054875152,188.391482363219,1.28184701379737,9,16.3298636295418,Served,,,Stable,0,-5.79594449216626,4260.83990291621,165.132404917742,14.599278101026,65.1555054875152,664691.296700473,154.375909093202
2,106,105,2,9,37.9571909725157,23.7553676304379,57.2958949727332,SAT-1,Satellite,664587.921630234,159.715727353012,9.2594598412162,10.7920313714271,65.1769647665437,188.391482363219,1.93961509273101,9,10.7920313714271,Served,,,Stable,0,2.89337778278164,3836.61639937965,156.443082642794,9.2594598412162,65.1769647665437,664587.921630234,159.715727353012
2,106,105,3,9,37.9763637393715,23.6896720718072,62.2421735696277,SAT-1,Satellite,662622.005001198,159.398560327899,9.57662686632867,11.107191790891,65.5898310975892,188.391482363219,1.8845795880119,9,11.107191790891,Served,,,Stable,0,-0.236395248663115,3424.46212623107,159.572855674239,9.57662686632867,65.5898310975892,662622.005001198,159.398560327899
2,106,105,4,9,37.9603493664231,23.7482088171433,37.4482659564832,SAT-1,Satellite,664328.013945011,160.331380629869,8.64380656435907,10.1873411623144,65.2310484293546,188.391482363219,2.05474486381989,9,10.1873411623144,Served,,,Stable,0,3.67396411906134,3175.95678405363,155.662496306515,8.64380656435907,65.2310484293546,664328.013945011,160.331380629869
2,106,105,5,9,38.0038989286379,23.7215519186555,73.0575334800602,SAT-1,Satellite,662104.240127682,155.538522663515,13.4366645307135,15.0917142792849,65.7001352669184,188.391482363219,1.38701187564746,9,14.9583915388561,Served,,,InTransition,8.83416807140201,2.02308075972635,2102.11651185908,157.31337966585,13.4366645307135,65.7001352669184,662104.240127682,155.538522663515
2,106,105,6,9,37.9606558960612,23.6894822860826,163.86814682024,SAT-1,Satellite,663248.401351492,155.798744556177,13.1764426380516,14.8164266465117,65.4572857294481,188.391482363219,1.41278240892008,9,14.8164266465117,Served,,,Stable,0,-0.655651733022353,4214.07200699056,159.992112158598,13.1764426380516,65.4572857294481,663248.401351492,155.798744556177
2,106,105,7,9,38.0065944487243,23.7607910868541,286.046969842158,SAT-1,Satellite,662723.10791814,155.487959145128,13.4872280491001,15.1452895439894,65.5684940229726,188.391482363219,1.38210543076436,9,15.1452895439894,Served,,,Stable,0,3.0795971700924,3438.40864178262,156.256863255483,13.4872280491001,65.5684940229726,662723.10791814,155.487959145128
2,106,105,8,9,37.9823995505297,23.7796642259884,356.696165153081,SAT-1,Satellite,664035.287658598,156.485501062181,12.489686132047,14.0936540356143,65.2922086745001,188.391482363219,1.48523490617486,9,14.0936540356143,Served,BelowSnrFloor,,Stable,0,-9.24362086035589,4299.42364871014,168.580081285932,12.489686132047,65.2922086745001,664035.287658598,156.485501062181
2,106,105,9,9,38.011078324881,23.7718782004176,289.806192208963,SAT-1,Satellite,662755.086940183,156.986750372336,11.9884368218925,13.5699076503673,65.5617315733857,188.391482363219,1.54255927664179,9,13.5699076503673,Served,BelowSnrFloor,,Stable,0,-12.7138498764181,4935.82495814152,172.050310301994,11.9884368218925,65.5617315733857,662755.086940183,156.986750372336
2,107,106,1,9,37.9587189593959,23.7642134175988,202.66198493723,SAT-1,Satellite,665175.509545321,156.672652890137,12.3025343040909,13.8977056011097,65.0583161194098,188.391482363219,1.50617573360995,9,13.8977056011097,Served,BelowSnrFloor,,Stable,0,-10.6981142007813,4261.09931701579,170.034574626357,12.3025343040909,65.0583161194098,665175.509545321,156.672652890137
2,107,106,2,9,37.9571950289843,23.7553756094867,57.2958949727332,SAT-1,Satellite,665079.700444532,156.448246046734,12.5269411474938,14.1327145251297,65.0781039733074,188.391482363219,1.48112996211917,9,14.1327145251297,Served,,,Stable,0,9.67958729635106,3836.71730162838,149.656873129225,12.5269411474938,65.0781039733074,665079.700444532,156.448246046734
2,107,106,3,9,37.9763672360077,23.68968046506,62.2421735696277,SAT-1,Satellite,663149.223095592,157.11901682858,11.8561703656479,13.4322880195843,65.4813574522085,188.391482363219,1.55836346709712,9,13.4322880195843,Served,,,Stable,0,-0.9159033854298,3800.42156137936,160.252363811006,11.8561703656479,65.4813574522085,663149.223095592,157.11901682858
2,107,106,4,9,37.9603553268828,23.7482145830243,37.4482659564832,SAT-1,Satellite,664822.737717957,157.567627717522,11.4075594767065,12.967471701462,65.1313016484513,188.391482363219,1.61422268050035,9,12.967471701462,Served,,,Stable,0,4.72738797237722,3175.70488319652,154.609072453199,11.4075594767065,65.1313016484513,664822.737717957,157.567627717522
2,107,106,5,9,38.0039011164773,23.7215609951047,73.0575334800602,SAT-1,Satellite,662586.992441799,157.009837890109,11.9653493041187,13.5458675471669,65.6004798255345,188.391482363219,1.54529688529432,9,13.5458675471669,Served,,,Stable,0,3.42040480011192,2291.44867305915,155.916055625464,11.9653493041187,65.6004798255345,662586.992441799,157.009837890109
2,107,106,6,9,37.9606486838865,23.6894849208373,163.86814682024,SAT-1,Satellite,663787.722031287,158.786141142613,10.1890460516155,11.7221130623655,65.3470171744482,188.391482363219,1.78571788361699,9,11.7221130623655,Served,BelowSnrFloor,,Stable,0,-11.9714859440345,4214.37669505158,171.30794636961,10.1890460516155,65.3470171744482,663787.722031287,158.786141142613
2,107,106,7,9,38.0065965240517,23.7607819679665,286.046969842158,SAT-1,Satellite,663173.901998196,155.484907926657,13.490279267571,15.1485233628458,65.4762603401608,188.391482363219,1.38181038691774,9,15.1485233628458,Served,,,Stable,0,3.58665806768366,3437.9485420517,155.749802357892,13.490279267571,65.4762603401608,663173.901998196,155.484907926657
2,107,106,8,9,37.9824070458186,23.7796636793314,356.696165153081,SAT-1,Satellite,664489.774338738,155.408954945391,13.5662322488375,15.2290529705728,65.2005159376509,188.391482363219,1.37450352098021,9,15.2290529705728,Served,BelowSnrFloor,,Stable,0,-13.7477787488153,4585.38294225092,173.084239174391,13.5662322488375,65.2005159376509,664489.774338738,155.408954945391
2,107,106,9,9,38.0110808687968,23.7718692725726,289.806192208963,SAT-1,Satellite,663194.157265963,154.875391307057,14.0997958871711,15.7963880356488,65.4720034653884,188.391482363219,1.32513754929335,9,15.7963880356488,Served,BelowSnrFloor,,Stable,0,-11.9092510233017,4935.37887392439,171.245711448878,14.0997958871711,65.4720034653884,663194.157265963,154.875391307057
2,108,107,1,9,37.9587120312453,23.7642097640706,202.66198493723,SAT-1,Satellite,665731.25548396,157.76121673476,11.2139704594681,12.7678698794217,64.9469169404338,188.391482363219,1.63945804013744,9,12.7678698794217,Served,,,Stable,0,-5.30559447714592,4245.98489555696,164.642054902722,11.2139704594681,64.9469169404338,665731.25548396,157.76121673476
2,108,107,2,9,37.9571990854528,23.755383588536,57.2958949727332,SAT-1,Satellite,665642.977118375,156.524344919497,12.4508422747311,14.0529467421656,64.965043932879,188.391482363219,1.48953719908717,9,14.0529467421656,Served,,,Stable,0,11.6331470701162,3836.81838214756,147.70331335546,12.4508422747311,64.965043932879,665642.977118375,156.524344919497
2,108,107,3,9,37.976370732644,23.6896888583132,62.2421735696277,SAT-1,Satellite,663748.096517378,156.318009991225,12.6571772030028,14.2694006674572,65.3584580087181,188.391482363219,1.46694226457492,9,14.2694006674572,Served,,,Stable,0,1.80591331335023,3799.6022830293,157.530547112226,12.6571772030028,65.3584580087181,663748.096517378,156.318009991225
2,108,107,4,9,37.9603612873425,23.7482203489058,37.4482659564832,SAT-1,Satellite,665388.983583898,158.490290362058,10.4848968321696,12.0219607435963,65.0173207416187,188.391482363219,1.74117911176815,9,12.0219607435963,Served,,,Stable,0,-2.62299204639382,3175.45318099979,161.95945247197,10.4848968321696,65.0173207416187,665388.983583898,158.490290362058
2,108,107,5,9,38.0039033043167,23.7215700715543,73.0575334800602,SAT-1,Satellite,663141.535550651,156.871821249124,12.1033659451043,13.6896911817912,65.4861768964627,188.391482363219,1.52906202567147,9,13.6896911817912,Served,,,Stable,0,4.12398565101338,2291.50376392389,155.212474774562,12.1033659451043,65.4861768964627,663141.535550651,156.871821249124
2,108,107,6,9,37.9606414717118,23.6894875555918,163.86814682024,SAT-1,Satellite,664398.631440957,156.669668103773,12.305519090455,13.90082704887,65.2224602635516,188.391482363219,1.50583752000195,9,13.90082704887,Served,,,Stable,0,-1.47893538070159,4214.68152583273,160.815395806277,12.305519090455,65.2224602635516,664398.631440957,156.669668103773
2,108,107,7,9,38.0065985993791,23.7607728490786,286.046969842158,SAT-1,Satellite,663696.496318064,157.518710522096,11.4564766721321,13.0180042811287,65.3693936431652,188.391482363219,1.60795667885828,9,13.0180042811287,Served,,,Stable,0,0.567027702898059,3437.48858282671,158.769432722678,11.4564766721321,65.3693936431652,663696.496318064,157.518710522096
2,108,107,8,9,37.9824145411075,23.7796631326743,356.696165153081,SAT-1,Satellite,665015.888153341,158.929970317399,10.0452168768293,11.5769775463734,65.0944304490039,188.391482363219,1.80810464954246,9,11.5769775463734,Served,,,Stable,0,-6.77236645683811,4299.15188416078,166.108826882414,10.0452168768293,65.0944304490039,665015.888153341,158.929970317399
2,108,107,9,9,38.0110834127127,23.7718603447274,289.806192208963,SAT-1,Satellite,663705.041358982,156.396361104253,12.5788260899749,14.1871434717833,65.3676172929912,188.391482363219,1.4754476100759,9,14.1871434717833,Served,BelowSnrFloor,,Stable,0,-18.1966191738894,4508.50001619176,177.533079599465,12.5788260899749,65.3676172929912,663705.041358982,156.396361104253
2,109,108,1,9,37.9587051030947,23.7642061105428,202.66198493723,SAT-1,Satellite,666358.354369824,157.443873105354,11.531314088874,13.0953864507247,64.8215889529056,188.391482363219,1.59845507484722,9,13.0953864507247,Served,BelowSnrFloor,,Stable,0,-9.41791288767203,4261.61858660796,168.754373313248,11.531314088874,64.8215889529056,666358.354369824,157.443873105354
2,109,108,2,9,37.9572031419213,23.7553915675857,57.2958949727332,SAT-1,Satellite,666277.569140763,160.359066366216,8.61612082801196,10.1603805095539,64.8380697393263,188.391482363219,2.06019714611707,9,10.1603805095539,Served,,,Stable,0,1.97866487635838,3836.91964092368,157.357795549217,8.61612082801196,64.8380697393263,666277.569140763,160.359066366216
2,109,108,3,9,37.9763742292802,23.6896972515669,62.2421735696277,SAT-1,Satellite,664418.430294627,155.369419290309,13.6057679039195,15.2709944428857,65.2214495231019,188.391482363219,1.37072847531539,9,15.2709944428857,Served,,,Stable,0,4.80055031468058,3422.03438505802,154.535910110895,13.6057679039195,65.2214495231019,664418.430294627,155.369419290309
2,109,108,4,9,37.9603672478022,23.7482261147877,37.4482659564832,SAT-1,Satellite,666026.567943705,157.142005512138,11.8331816820901,13.4083948844643,64.8893940409685,188.391482363219,1.5611403982068,9,13.4083948844643,Served,,,Stable,0,-1.47055893789903,3175.20167750833,160.807019363475,11.8331816820901,64.8893940409685,666026.567943705,157.142005512138
2,109,108,5,9,38.0039054921561,23.7215791480041,73.0575334800602,SAT-1,Satellite,663767.688356991,156.975927857595,11.999259336633,13.5811793197293,65.3575257916883,188.391482363219,1.54127903302464,9,13.5811793197293,Served,,,Stable,0,6.99601774186362,2291.55915658858,152.340442683712,11.999259336633,65.3575257916883,663767.688356991,156.975927857595
2,109,108,6,9,37.9606342595371,23.689490190346,163.86814682024,SAT-1,Satellite,665080.931078686,154.447431405386,14.5277557888422,16.2533420013928,65.0839325011678,188.391482363219,1.28788202004565,9,16.2533420013928,Served,,,Stable,0,-6.62156608372493,4214.98649930166,165.958026509301,14.5277557888422,65.0839325011678,665080.931078686,154.447431405386
2,109,108,7,9,38.0066006747066,23.7607637301904,286.046969842158,SAT-1,Satellite,664290.720295376,157.543631052545,11.4315561416832,12.9922560327074,65.2481728787328,188.391482363219,1.6111433515896,9,12.9922560327074,Served,,,Stable,0,0.0644478078161796,3865.5566014799,159.27201261776,11.4315561416832,65.2481728787328,664290.720295376,157.543631052545
2,109,108,8,9,37.9824220363964,23.7796625860172,356.696165153081,SAT-1,Satellite,665613.458123094,159.698911437029,9.27627575719865,10.8086810931446,64.9742236055925,188.391482363219,1.93662730437324,9,10.8086810931446,Served,,,Stable,0,-4.35875647943814,4299.01623775412,163.695216905014,9.27627575719865,64.9742236055925,665613.458123094,159.698911437029
2,109,108,9,9,38.0110859566285,23.7718514168818,289.806192208963,SAT-1,Satellite,664287.572414643,156.796331268279,12.1788559259491,13.768470181767,65.2488459379865,188.391482363219,1.5203131976831,9,13.768470181767,Served,BelowSnrFloor,,Stable,0,-12.4719718964928,4934.48700691088,171.808432322069,12.1788559259491,65.2488459379865,664287.572414643,156.796331268279
2,110,109,1,9,37.9586981749441,23.7642024570154,202.66198493723,SAT-1,Satellite,667056.603720356,158.310877514833,10.6643096793955,12.2046228075706,64.6826421529406,188.391482363219,1.71511952964758,9,12.2046228075706,Served,,,Stable,0,-6.60393378574776,4261.87844204732,165.940394211324,10.6643096793955,64.6826421529406,667056.603720356,158.310877514833
2,110,109,2,9,37.9572071983899,23.7553995466358,57.2958949727332,SAT-1,Satellite,666983.271703062,156.723217427157,12.251969767071,13.8448440946118,64.6974952738848,188.391482363219,1.51192651836312,9,13.8448440946118,Served,,,Stable,0,10.966081189289,3837.02107794287,148.370379236287,12.251969767071,64.6974952738848,666983.271703062,156.723217427157
2,110,109,3,9,37.9763777259164,23.6897056448209,62.2421735696277,SAT-1,Satellite,665160.007089955,153.534574091442,15.4406131027858,17.2330108424559,65.070677562595,188.391482363219,1.21466800668846,9,17.2330108424559,Served,,,Stable,0,-1.6903691666252,3797.96374471734,161.026829592201,15.4406131027858,65.070677562595,665160.007089955,153.534574091442
2,110,109,4,9,37.9603732082619,23.7482318806702,37.4482659564832,SAT-1,Satellite,666735.284884656,162.621174710165,6.35401248406293,8.03734569929003,64.7478387355781,188.391482363219,2.60439051801586,9,8.03734569929003,BelowTarget,,,Stable,0,1.21265679302277,3174.95037277351,158.123803632553,6.35401248406293,64.7478387355781,666735.284884656,162.621174710165
2,110,109,5,9,38.0039076799955,23.7215882244542,73.0575334800602,SAT-1,Satellite,664465.247177017,156.591235798435,12.3839513957932,13.9828929407226,65.2148565765386,188.391482363219,1.49699972802372,9,13.9828929407226,Served,,,Stable,0,0.615021917501053,2101.75249319269,158.721438508075,12.3839513957932,65.2148565765386,664465.247177017,156.591235798435
2,110,109,6,9,37.9606270473624,23.6894928251,163.86814682024,SAT-1,Satellite,665834.40017271,156.210027336685,12.7651598575431,14.3828915630657,64.931779404417,188.391482363219,1.45536708230489,9,14.3828915630657,Served,BelowSnrFloor,,Stable,0,-11.158230807212,4215.29161542733,170.494691232788,12.7651598575431,64.931779404417,665834.40017271,156.210027336685
2,110,109,7,9,38.006602750034,23.760754611302,286.046969842158,SAT-1,Satellite,664956.380694836,157.025689265936,11.9494979282923,13.5293665692068,65.1129084210262,188.391482363219,1.54718159362236,9,13.5293665692068,Served,,,Stable,0,3.42763434855689,3436.56908611796,155.908826077019,11.9494979282923,65.1129084210262,664956.380694836,157.025689265936
2,110,109,8,9,37.9824295316853,23.7796620393601,356.696165153081,SAT-1,Satellite,666282.290777526,154.869063184135,14.1061240100935,15.8031329948249,64.8401971549121,188.391482363219,1.32457196532493,9,15.8031329948249,Served,BelowSnrFloor,,Stable,0,-7.6003770663022,4298.88074861236,166.936837491878,14.1061240100935,64.8401971549121,666282.290777526,154.869063184135
2,110,109,9,9,38.0110885005443,23.7718424890359,289.806192208963,SAT-1,Satellite,664941.560939306,154.303275220735,14.6719119734931,16.4076177521398,65.1159940695052,188.391482363219,1.2757724640749,9,16.4076177521398,Served,BelowSnrFloor,,Stable,0,-15.0856968741226,4507.59347721751,174.422157299699,14.6719119734931,65.1159940695052,664941.560939306,154.303275220735
2,111,110,1,9,37.9586912467934,23.7641988034883,202.66198493723,SAT-1,Satellite,667825.779037889,159.223313771579,9.75187342264897,12.6926125145279,64.5304128950498,188.391482363219,1.85532610157667,8,12.6926125145279,Served,BelowSnrFloor,,Stable,0,-10.5721098497403,4262.1384445463,169.908570275316,9.75187342264897,64.5304128950498,667825.779037889,159.223313771579
2,111,110,2,9,37.9572112548584,23.7554075256863,57.2958949727332,SAT-1,Satellite,667759.858023347,158.34898068178,10.6262065124484,13.6865012758042,64.543660542317,188.391482363219,1.72059570381465,8,13.6865012758042,Served,,,Stable,0,8.12439909224173,3837.12269318873,151.212061333334,10.6262065124484,64.543660542317,667759.858023347,158.34898068178
2,111,110,3,9,37.9763812225526,23.6897140380753,62.2421735696277,SAT-1,Satellite,665972.587545917,155.042985547972,13.9322016462561,17.5701260054138,64.9065135307153,188.391482363219,1.34028266434437,8,17.5701260054138,Served,,,Stable,0,3.77127393357122,3420.41594886611,155.565186492005,13.9322016462561,64.9065135307153,665972.587545917,155.042985547972
2,111,110,4,9,37.9603791687216,23.7482376465531,37.4482659564832,SAT-1,Satellite,667514.906506728,160.57780791876,8.39737927546761,11.1916195714787,64.5929981732622,188.391482363219,2.10415795006254,8,11.1916195714787,Served,,,Stable,0,2.46482698580064,3174.69926683778,156.871633439775,8.39737927546761,64.5929981732622,667514.906506728,160.57780791876
2,111,110,5,9,38.0039098678349,23.7215973009045,73.0575334800602,BS2,Terrestrial,2101.66230494294,150.387243913964,8.9492165116115,57.7574509426671,NaN,893.334270320412,15.4669961319308,1,57.7558313334443,Served,,,InTransition,0.0280415634064141,8.9492165116115,2101.66230494294,150.387243913964,8.00779710327478,65.0585271440427,665233.986065599,160.967390090953
2,111,110,6,9,37.9606198351877,23.6894954598537,163.86814682024,SAT-1,Satellite,666658.796031301,158.90897571354,10.0662114806885,13.0479031954783,64.7663715739775,188.391482363219,1.80480610122576,8,13.0479031954783,Served,BelowSnrFloor,,Stable,0,-8.95341301294681,4215.59687418134,168.289873438523,10.0662114806885,64.7663715739775,666658.796031301,158.90897571354
2,111,110,7,9,38.0066048253615,23.7607454924133,286.046969842158,SAT-1,Satellite,665693.261936944,155.798820588177,13.1763666060513,16.668389611266,64.9639393090342,188.391482363219,1.41279006818306,8,16.668389611266,Served,,,Stable,0,-1.42968911771356,3436.1095487484,160.766149543289,13.1763666060513,64.9639393090342,665693.261936944,155.798820588177
2,111,110,8,9,37.9824370269741,23.7796614927029,356.696165153081,SAT-1,Satellite,667022.17046271,154.629742642539,14.3454445516888,18.0657934509964,64.6926805708837,188.391482363219,1.3035096055581,8,18.0657934509964,Served,,,Stable,0,-5.05099495519528,4298.74541675093,164.387455380771,14.3454445516888,64.6926805708837,667022.17046271,154.629742642539
2,111,110,9,9,38.01109104446,23.7718335611898,289.806192208963,SAT-1,Satellite,665666.79505322,156.264056301037,12.7111308931916,16.1168497027671,64.9693954203884,188.391482363219,1.46113761248013,8,16.1168497027671,Served,BelowSnrFloor,,Stable,0,-13.5608573146669,4507.14037056884,172.897317740243,12.7111308931916,64.9693954203884,665666.79505322,156.264056301037
2,112,111,1,9,37.9586843186428,23.7641951499615,202.66198493723,SAT-1,Satellite,668665.63416305,155.404098088172,13.5710891060563,15.2342045124985,64.3652611448215,188.391482363219,1.3740387239828,9,15.2342045124985,Served,BelowSnrFloor,,Stable,0,-10.7929473491332,4262.39859407645,170.129407774709,13.5710891060563,64.3652611448215,668665.63416305,155.404098088172
2,112,111,2,9,37.9572153113269,23.7554155047373,57.2958949727332,SAT-1,Satellite,668607.07970313,154.104834632067,14.8703525621608,16.6202639595605,64.3769289053925,188.391482363219,1.25944972836641,9,16.6202639595605,Served,,,Stable,0,-2.90928086663436,3837.22448664947,162.24574129221,14.8703525621608,64.3769289053925,668607.07970313,154.104834632067
2,112,111,3,9,37.9763847191889,23.6897224313302,62.2421735696277,SAT-1,Satellite,666855.910662674,157.522634914712,11.4525522795157,13.0139488870756,64.72935160942,188.391482363219,1.60845774874948,9,13.0139488870756,Served,,,Stable,0,3.49970005028325,3419.60674817187,155.836760375293,11.4525522795157,64.72935160942,666855.910662674,157.522634914712
2,112,111,4,9,37.9603851291812,23.7482434124364,37.4482659564832,SAT-1,Satellite,668365.183281266,156.227562372248,12.7476248219804,14.3644523252329,64.4252390571166,188.391482363219,1.45723529552716,9,14.3644523252329,Served,,,Stable,0,-2.49347487851296,3270.80379357179,161.829935304089,12.7476248219804,64.4252390571166,668365.183281266,156.227562372248
2,112,111,5,9,38.0039120556743,23.7216063773551,73.0575334800602,SAT-1,Satellite,666073.657174634,157.772729523278,11.2024576709503,12.7560189475265,64.8889201729599,188.391482363219,1.64098117252369,9,12.6426545453925,Served,,,InTransition,8.88713027163124,3.1339356104655,2291.72714517461,156.20252481511,11.2024576709503,64.8889201729599,666073.657174634,157.772729523278
2,112,111,6,9,37.9606126230129,23.6894980946072,163.86814682024,SAT-1,Satellite,667553.854424723,158.391643282908,10.5835439113205,12.1223191657668,64.5881016903268,188.391482363219,1.72676421425689,9,12.1223191657668,Served,BelowSnrFloor,,Stable,0,-16.4974197131908,4215.9022755301,175.833880138767,10.5835439113205,64.5881016903268,667553.854424723,158.391643282908
2,112,111,7,9,38.0066069006889,23.7607363735244,286.046969842158,SAT-1,Satellite,666501.126440249,156.934507681977,12.0406795122515,13.6243338816184,64.801630345036,188.391482363219,1.53639709002492,9,13.6243338816184,Served,,,Stable,0,-1.91270073319976,3435.65015210963,161.249161158776,12.0406795122515,64.801630345036,666501.126440249,156.934507681977
2,112,111,8,9,37.9824445222629,23.7796609460456,356.696165153081,SAT-1,Satellite,667832.859682067,159.151399305292,9.82378788893615,11.3543864979994,64.5320282969993,188.391482363219,1.84355067822772,9,11.3543864979994,Served,,,Stable,0,-1.93347896695241,4298.61024218459,161.269939392528,9.82378788893615,64.5320282969993,667832.859682067,159.151399305292
2,112,111,9,9,38.0110935883758,23.7718246333433,289.806192208963,SAT-1,Satellite,666463.040827164,153.333303994273,15.6418831999548,17.4498256840069,64.8094099162647,188.391482363219,1.19957570398147,9,17.4498256840069,Served,BelowSnrFloor,,Stable,0,-16.5357365769374,4506.68737252506,175.872197002513,15.6418831999548,64.8094099162647,666463.040827164,153.333303994273
2,113,112,1,9,37.9586773904921,23.764191496435,202.66198493723,SAT-1,Satellite,669575.901659445,156.968531716261,12.006655477967,13.5888833741693,64.187567666536,188.391482363219,1.54040522336341,9,13.5888833741693,Served,BelowSnrFloor,,Stable,0,-7.60020667150741,4247.67705590048,166.936667097083,12.006655477967,64.187567666536,669575.901659445,156.968531716261
2,113,112,2,9,37.9572193677954,23.7554234837888,57.2958949727332,SAT-1,Satellite,669524.667115215,153.807113309851,15.1680738843771,16.9398695164401,64.1976842494333,188.391482363219,1.23568761311483,9,16.9398695164401,Served,,,Stable,0,-0.606041198041339,3837.3264583088,159.942501623617,15.1680738843771,64.1976842494333,669524.667115215,153.807113309851
2,113,112,3,9,37.9763882158251,23.6897308245854,62.2421735696277,SAT-1,Satellite,667809.694206628,158.860076775632,10.1151104185958,11.647452641178,64.5396056697624,188.391482363219,1.79716437354231,9,11.647452641178,Served,,,Stable,0,7.9226145868256,3795.5059832788,151.41384583875,10.1151104185958,64.5396056697624,667809.694206628,158.860076775632
2,113,112,4,9,37.9603910896409,23.7482491783202,37.4482659564832,SAT-1,Satellite,669285.84444083,154.895317469887,14.0798697243407,15.7751517340545,64.2449485843929,188.391482363219,1.3269214320176,9,15.7751517340545,Served,,,Stable,0,7.65942989114174,3174.19765156123,151.677030534434,14.0798697243407,64.2449485843929,669285.84444083,154.895317469887
2,113,112,5,9,38.0039142435137,23.721615453806,73.0575334800602,SAT-1,Satellite,666983.991143278,155.224707076421,13.7504801178066,15.4246477194145,64.7064400232669,188.391482363219,1.35707390599914,9,15.4246477194145,Served,,,Stable,0,3.94405704103076,2291.78374482513,155.392403384545,13.7504801178066,64.7064400232669,666983.991143278,155.224707076421
2,113,112,6,9,37.9606054108382,23.6895007293604,163.86814682024,SAT-1,Satellite,668519.289997816,159.935060205171,9.04012698905751,10.5754997654842,64.3973814848283,188.391482363219,1.9793283904714,9,10.5754997654842,Served,,,Stable,0,-6.82380349131157,4216.20781944272,166.160263916887,9.04012698905751,64.3973814848283,668519.289997816,159.935060205171
2,113,112,7,9,38.0066089760164,23.7607272546352,286.046969842158,SAT-1,Satellite,667379.714995901,157.250096760391,11.7250904338373,13.2961558703026,64.6263691065041,188.391482363219,1.5743187078605,9,13.2961558703026,Served,,,Stable,0,-3.78579118975949,3863.73900241314,163.122251615335,11.7250904338373,64.6263691065041,667379.714995901,157.250096760391
2,113,112,8,9,37.9824520175518,23.7796603993883,356.696165153081,SAT-1,Satellite,668714.09946909,153.766099611669,15.2090875825587,16.983949659969,64.3586169053305,188.391482363219,1.23248050944145,9,16.983949659969,Served,BelowSnrFloor,,Stable,0,-7.76324547412463,4298.47522492881,167.0997058997,15.2090875825587,64.3586169053305,668714.09946909,153.766099611669
2,113,112,9,9,38.0110961322916,23.7718157054965,289.806192208963,SAT-1,Satellite,667330.042651564,157.435575326346,11.5396118678817,13.1039718053356,64.6364207096692,188.391482363219,1.5974078119371,9,13.1039718053356,Served,BelowSnrFloor,,Stable,0,-10.0634235010683,4506.23448311611,169.399883926644,11.5396118678817,64.6364207096692,667330.042651564,157.435575326346
2,114,113,1,9,37.9586704623414,23.764187842909,202.66198493723,SAT-1,Satellite,670556.293228219,154.490777061311,14.4844101329174,16.2069873789992,63.9977311901672,188.391482363219,1.29156557228954,9,16.2069873789992,Served,BelowSnrFloor,,Stable,0,-10.0479590715979,4262.91933412856,169.384419497174,14.4844101329174,63.9977311901672,670556.293228219,154.490777061311
2,114,113,2,9,37.957223424264,23.7554314628406,57.2958949727332,SAT-1,Satellite,670512.329821274,159.047080628434,9.92810656579439,11.4591222742769,64.0063281413144,188.391482363219,1.82670072176774,9,11.4591222742769,Served,,,Stable,0,9.5739151990233,3837.42860815447,149.762545226553,9.92810656579439,64.0063281413144,670512.329821274,159.047080628434
2,114,113,3,9,37.9763917124613,23.689739217841,62.2421735696277,SAT-1,Satellite,668833.635148519,162.721724469884,6.2534627243439,7.94713545501866,64.3377061985994,188.391482363219,2.63395371171478,9,7.94713545501866,BelowTarget,,,Stable,0,5.7355067427132,3794.68674175677,153.600953682863,6.2534627243439,64.3377061985994,668833.635148519,162.721724469884
2,114,113,4,9,37.9603970501006,23.7482549442045,37.4482659564832,SAT-1,Satellite,670276.598398726,157.675363915363,11.2998232788654,12.8563135984884,64.0525315725817,188.391482363219,1.62817955309582,9,12.8563135984884,Served,,,Stable,0,-0.13085612792824,3173.94714231332,159.467316553504,11.2998232788654,64.0525315725817,670276.598398726,157.675363915363
2,114,113,5,9,38.0039164313531,23.7216245302572,73.0575334800602,SAT-1,Satellite,667964.697518617,156.460975632034,12.5142115621945,14.1193660293966,64.5115096197716,188.391482363219,1.48253022732502,9,14.1193660293966,Served,,,Stable,0,7.17214120651616,2291.8406461652,152.16431921906,12.5142115621945,64.5115096197716,667964.697518617,156.460975632034
2,114,113,6,9,37.9605981986635,23.6895033641133,163.86814682024,SAT-1,Satellite,669554.796711689,157.309559311465,11.6656278827632,13.2344862920459,64.1946387313071,188.391482363219,1.58165466096158,9,13.2344862920459,Served,BelowSnrFloor,,Stable,0,-10.7066362916461,4216.51350588859,170.043096717222,11.6656278827632,64.1946387313071,669554.796711689,157.309559311465
2,114,113,7,9,38.0066110513438,23.7607181357457,286.046969842158,SAT-1,Satellite,668328.747173117,159.197973667092,9.77721352713633,11.3077021751467,64.4385629215549,188.391482363219,1.85116185455026,9,11.3077021751467,Served,,,Stable,0,-3.52854947308236,3863.28491858998,162.865009898658,9.77721352713633,64.4385629215549,668328.747173117,159.197973667092
2,114,113,8,9,37.9824595128406,23.7796598527309,356.696165153081,SAT-1,Satellite,669665.609790571,162.813529073662,6.16165812056653,7.86511959600478,64.1728422180603,188.391482363219,2.66142004247201,9,7.86511959600478,BelowTarget,,,Stable,0,-4.45664782920767,4298.34036499721,163.793108254784,6.16165812056653,64.1728422180603,669665.609790571,162.813529073662
2,114,113,9,9,38.0110986762074,23.7718067776494,289.806192208963,SAT-1,Satellite,668267.523636737,154.815477055164,14.1597101390638,15.860263550435,64.450831169513,188.391482363219,1.31980069957112,9,15.860263550435,Served,BelowSnrFloor,,Stable,0,-16.4540579304901,4932.25909893587,175.790518356066,14.1597101390638,64.450831169513,668267.523636737,154.815477055164
2,115,114,1,9,37.9586635341908,23.7641841893832,202.66198493723,SAT-1,Satellite,671606.500151031,155.81572194596,13.1594652482685,14.798492179318,63.7961655987906,188.391482363219,1.41449457658268,9,14.798492179318,Served,,,Stable,0,-4.34800233625586,4263.17992459537,163.684462761832,13.1594652482685,63.7961655987906,671606.500151031,155.81572194596
2,115,114,2,9,37.9572274807325,23.755439441893,57.2958949727332,SAT-1,Satellite,671569.757017669,157.248365274083,11.7268219201452,13.2979524231915,63.8032770087449,188.391482363219,1.5741060174603,9,13.2979524231915,Served,,,Stable,0,7.78963961431126,3837.53093617129,151.546820811265,11.7268219201452,63.8032770087449,671569.757017669,157.248365274083
2,115,114,3,9,37.9763952090975,23.689747611097,62.2421735696277,SAT-1,Satellite,669927.410129444,156.129650849905,12.8455363443229,14.4674603706083,64.1240972841056,188.391482363219,1.44685980766688,9,14.4674603706083,Served,,,Stable,0,8.42717758569518,3793.86750638689,150.909282839881,12.8455363443229,64.1240972841056,669927.410129444,156.129650849905
2,115,114,4,9,37.9604030105602,23.7482607100893,37.4482659564832,SAT-1,Satellite,671337.133196803,156.802268534004,12.1729186602238,13.7622713858226,63.8484076138897,188.391482363219,1.52099797645396,9,13.7622713858226,Served,,,Stable,0,-1.28257234197415,3173.69683205594,160.61903276755,12.1729186602238,63.8484076138897,671337.133196803,156.802268534004
2,115,114,5,9,38.0039186191925,23.7216336067086,73.0575334800602,SAT-1,Satellite,669015.46520527,156.291931426268,12.6832557679597,14.296796345379,64.3045673701925,188.391482363219,1.46413129372247,9,14.296796345379,Served,,,Stable,0,4.46928302229739,2291.89784917275,154.867177403278,12.6832557679597,64.3045673701925,669015.46520527,156.291931426268
2,115,114,6,9,37.9605909864887,23.689505998866,163.86814682024,SAT-1,Satellite,670660.048313017,157.945962598523,11.0292245957056,12.5779679579705,63.9803142990358,188.391482363219,1.6642105465042,9,12.5779679579705,Served,BelowSnrFloor,,Stable,0,-14.0662612337812,4216.81933483845,173.402721659357,11.0292245957056,63.9803142990358,670660.048313017,157.945962598523
2,115,114,7,9,38.0066131266713,23.760709016856,286.046969842158,SAT-1,Satellite,669347.921754156,154.622459127237,14.3527280669907,16.0662623913144,64.2386358545136,188.391482363219,1.30287844300133,9,16.0662623913144,Served,,,Stable,0,0.337654016021162,3434.27280714755,158.998806409555,14.3527280669907,64.2386358545136,669347.921754156,154.622459127237
2,115,114,8,9,37.9824670081294,23.7796593060734,356.696165153081,SAT-1,Satellite,670687.089978961,154.625780589295,14.3494066049333,16.0627147710699,63.9751164350355,188.391482363219,1.30316619746914,9,16.0627147710699,Served,,,Stable,0,-3.70949892662924,4298.20566240527,163.045959352205,14.3494066049333,63.9751164350355,670687.089978961,154.625780589295
2,115,114,9,9,38.0111012201232,23.771797849802,289.806192208963,SAT-1,Satellite,669275.186042852,155.807461557639,13.1677256365894,14.8072178330312,64.2530618728955,188.391482363219,1.41366103783194,9,14.8072178330312,Served,BelowSnrFloor,,Stable,0,-11.7659717059667,4505.32903033842,171.102432131543,13.1677256365894,64.2530618728955,669275.186042852,155.807461557639
2,116,115,1,9,37.9586566060401,23.7641805358578,202.66198493723,SAT-1,Satellite,672726.193759903,156.331657797349,12.6435293968794,14.2550669410328,63.5832971732125,188.391482363219,1.46841730142937,9,14.2550669410328,Served,,,Stable,0,-4.45616458236123,4263.44066198681,163.792625007937,12.6435293968794,63.5832971732125,672726.193759903,156.331657797349
2,116,115,2,9,37.957231537201,23.7554474209457,57.2958949727332,SAT-1,Satellite,672696.618007956,157.423215086041,11.551972108187,13.1167624071376,63.5889593823299,188.391482363219,1.5958501251693,9,13.1167624071376,Served,,,Stable,0,3.62952660090153,3837.63344234562,155.706933824674,11.551972108187,63.5889593823299,672696.618007956,157.423215086041
2,116,115,3,9,37.9763987057338,23.6897560043535,62.2421735696277,SAT-1,Satellite,671090.675953168,159.236594199616,9.73859299461208,11.269026586428,63.8992336973521,188.391482363219,1.85751508958695,9,11.269026586428,Served,,,Stable,0,-0.381577962327611,3416.37006159976,159.718038387903,9.73859299461208,63.8992336973521,671090.675953168,159.236594199616
2,116,115,4,9,37.9604089710199,23.7482664759745,37.4482659564832,SAT-1,Satellite,672467.116979904,159.06994733433,9.90523985989765,11.4361440904962,63.6330082948473,188.391482363219,1.83037103796567,9,11.4361440904962,Served,,,Stable,0,2.84379306072293,3173.44672083425,156.492667364853,9.90523985989765,63.6330082948473,672467.116979904,159.06994733433
2,116,115,5,9,38.0039208070319,23.7216426831603,73.0575334800602,SAT-1,Satellite,670135.962942365,155.01522356588,13.9599636283484,15.6474397808174,64.0860641588538,188.391482363219,1.33775155696129,9,15.6474397808174,Served,,,Stable,0,5.79600703961736,2291.95535382767,153.540453385959,13.9599636283484,64.0860641588538,670135.962942365,155.01522356588
2,116,115,6,9,37.9605837743139,23.6895086336184,163.86814682024,SAT-1,Satellite,671834.698829252,152.893797307624,16.0813898866037,17.924189361387,63.7548593027025,188.391482363219,1.16782893257867,9,17.924189361387,Served,BelowSnrFloor,,Stable,0,-11.3204245208022,4217.12530625903,170.656884946378,16.0813898866037,63.7548593027025,671834.698829252,152.893797307624
2,116,115,7,9,38.0066152019987,23.760699897966,286.046969842158,SAT-1,Satellite,670436.917197202,155.305629341965,13.6695578522631,15.3386997034697,64.0270257436475,188.391482363219,1.36467805836967,9,15.3386997034697,Served,,,Stable,0,-1.45308055127396,3433.81397399873,160.78954097685,13.6695578522631,64.0270257436475,670436.917197202,155.305629341965
2,116,115,8,9,37.9824745034182,23.7796587594159,356.696165153081,SAT-1,Satellite,671778.219192288,155.008202507687,13.9669846865414,15.6549141895441,63.7658653067622,188.391482363219,1.33711285004853,9,15.6549141895441,Served,,,Stable,0,-2.39907627120996,4298.07111716793,161.735536696786,13.9669846865414,63.7658653067622,671778.219192288,155.008202507687
2,116,115,9,9,38.011103764039,23.7717889219543,289.806192208963,SAT-1,Satellite,670352.71173804,158.045384620235,10.929802573993,12.4760139598259,64.0435476419137,188.391482363219,1.67781047669961,9,12.4760139598259,Served,BelowSnrFloor,,Stable,0,-10.1285401126457,4504.87646703394,169.465000538222,10.929802573993,64.0435476419137,670352.71173804,158.045384620235
2,117,116,1,9,37.9586496778894,23.7641768823328,202.66198493723,SAT-1,Satellite,673915.025932301,156.662665304848,12.3125218893799,13.908150945477,63.3595619258666,188.391482363219,1.50504456065412,9,13.908150945477,Served,,,Stable,0,-6.77507938510107,4249.03324028046,166.111539810677,12.3125218893799,63.3595619258666,673915.025932301,156.662665304848
2,117,116,2,9,37.9572355936695,23.7554553999989,57.2958949727332,SAT-1,Satellite,673892.562700454,156.323110542815,12.6520766514129,14.2640434974737,63.3638132310569,188.391482363219,1.46749320646378,9,14.2640434974737,Served,,,Stable,0,1.0490876606666,3837.73612666119,158.287372764909,12.6520766514129,63.3638132310569,673892.562700454,156.323110542815
2,117,116,3,9,37.97640220237,23.6897643976103,62.2421735696277,SAT-1,Satellite,672323.070103051,157.284945774008,11.6902414202201,13.260006897251,63.6635781013124,188.391482363219,1.57861056117446,9,13.260006897251,Served,,,Stable,0,2.92225911039105,3792.22905411826,156.414201315185,11.6902414202201,63.6635781013124,672323.070103051,157.284945774008
2,117,116,4,9,37.9604149314795,23.7482722418602,37.4482659564832,SAT-1,Satellite,673666.198495374,155.255089745082,13.7200974491466,15.3923704481341,63.4067745128035,188.391482363219,1.35991964329211,9,15.3923704481341,Served,,,Stable,0,1.44611871674991,3173.19680869694,157.890341708826,13.7200974491466,63.4067745128035,673666.198495374,155.255089745082
2,117,116,5,9,38.0039229948713,23.7216517596123,73.0575334800602,SAT-1,Satellite,671325.839806195,158.119214695465,10.8559724987633,12.4004161790285,63.856460451344,188.391482363219,1.688039064741,9,12.4004161790285,Served,,,Stable,0,5.99695510805469,2292.0131601055,153.339505317521,10.8559724987633,63.856460451344,671325.839806195,158.119214695465
2,117,116,6,9,37.9605765621392,23.6895112683706,163.86814682024,SAT-1,Satellite,673078.383088086,160.995241870812,7.97994532341647,9.54679476144507,63.5187323792111,188.391482363219,2.19260887578545,9,9.54679476144507,Served,BelowSnrFloor,,Stable,0,-10.5145267024559,4217.43142012026,169.850987128032,7.97994532341647,63.5187323792111,673078.383088086,160.995241870812
2,117,116,7,9,38.0066172773262,23.7606907790758,286.046969842158,SAT-1,Satellite,671595.392125592,159.056475068437,9.91871212579082,11.4496806809251,63.8041813278835,188.391482363219,1.82820704896333,9,11.4496806809251,Served,,,Stable,0,-2.98252893348365,3433.35528186384,162.31898935906,9.91871212579082,63.8041813278835,671595.392125592,159.056475068437
2,117,116,8,9,37.982481998707,23.7796582127584,356.696165153081,SAT-1,Satellite,672938.656900072,157.998876043485,10.9763111507428,12.5236854900967,63.5455253875221,188.391482363219,1.67142387484891,9,12.5236854900967,Served,,,Stable,0,-4.22898462087488,4297.93672929937,163.565445046451,10.9763111507428,63.5455253875221,672938.656900072,157.998876043485
2,117,116,9,9,38.0111063079548,23.7717799941063,289.806192208963,SAT-1,Satellite,671499.762683107,156.499699367459,12.4754878267691,14.078772340862,63.8227346630217,188.391482363219,1.4868048450853,9,14.078772340862,Served,BelowSnrFloor,,Stable,0,-11.997331306305,4504.42401249663,171.333791731881,12.4754878267691,63.8227346630217,671499.762683107,156.499699367459
2,118,117,1,9,37.9586427497387,23.764173228808,202.66198493723,SAT-1,Satellite,675172.629609782,155.957646235319,13.0175409589093,14.6486945976072,63.1254030509599,188.391482363219,1.42895920109262,9,14.6486945976072,Served,BelowSnrFloor,,Stable,0,-8.4555972291746,4263.96257743436,167.79205765475,13.0175409589093,63.1254030509599,675172.629609782,155.957646235319
2,118,117,2,9,37.957239650138,23.7554633790525,57.2958949727332,SAT-1,Satellite,675157.222129183,156.637122598897,12.3380645953306,13.9348703994635,63.1282834177269,188.391482363219,1.50215870899327,9,13.9348703994635,Served,,,Stable,0,0.592462260570528,3837.83898910634,158.743998165005,12.3380645953306,63.1282834177269,675157.222129183,156.637122598897
2,118,117,3,9,37.9764056990062,23.6897727908675,62.2421735696277,SAT-1,Satellite,673624.211281806,156.230521593252,12.7446656009761,14.3613408805433,63.4175984126366,188.391482363219,1.45755101166115,9,14.3613408805433,Served,,,Stable,0,9.92379566892049,3791.40983722781,149.412664756655,12.7446656009761,63.4175984126366,673624.211281806,156.230521593252
2,118,117,4,9,37.9604208919392,23.7482780077463,37.4482659564832,SAT-1,Satellite,674934.007615905,157.616456204581,11.3587309896473,12.9170690264374,63.1701539158384,188.391482363219,1.62052141135145,9,12.9170690264374,Served,,,Stable,0,0.771505041914025,3268.69693170387,158.564955383662,11.3587309896473,63.1701539158384,674934.007615905,157.616456204581
2,118,117,5,9,38.0039251827108,23.7216608360645,73.0575334800602,SAT-1,Satellite,672584.725736868,154.017563192697,14.9576240015307,16.713880755596,63.6162235394228,188.391482363219,1.25239537336283,9,16.713880755596,Served,,,Stable,0,2.99492991906089,2101.04013574415,156.341530506515,14.9576240015307,63.6162235394228,672584.725736868,154.017563192697
2,118,117,6,9,37.9605693499644,23.6895139031225,163.86814682024,SAT-1,Satellite,674390.71725942,156.202699025563,12.7724881686647,14.3905988712159,63.2723971153682,188.391482363219,1.45458761769223,9,14.3905988712159,Served,,,Stable,0,-5.88305727130788,4217.73767639263,165.219517696884,12.7724881686647,63.2723971153682,674390.71725942,156.202699025563
2,118,117,7,9,38.0066193526536,23.7606816601853,286.046969842158,SAT-1,Satellite,672822.985841673,155.616590171648,13.3585970225802,15.0090499916886,63.5705594936956,188.391482363219,1.39465102327183,9,15.0090499916886,Served,,,Stable,0,0.405209023221801,3432.8967307997,158.931251402354,13.3585970225802,63.5705594936956,672822.985841673,155.616590171648
2,118,117,8,9,37.9824894939958,23.7796576661008,356.696165153081,SAT-1,Satellite,674168.043393547,160.85110862895,8.12407856527852,9.68478457180391,63.3145413981628,188.391482363219,2.16136835817584,9,9.68478457180391,Served,,,Stable,0,-7.0473104939876,4584.55292424303,166.383770919563,8.12407856527852,63.3145413981628,674168.043393547,160.85110862895
2,118,117,9,9,38.0111088518706,23.7717710662579,289.806192208963,SAT-1,Satellite,672715.981441124,155.538896486024,13.4362907082037,15.0913182908892,63.5910777209563,188.391482363219,1.38704827012254,9,15.0913182908892,Served,BelowSnrFloor,,Stable,0,-11.1921955063859,4930.47858418815,170.528655931962,13.4362907082037,63.5910777209563,672715.981441124,155.538896486024
2,119,118,1,9,37.958635821588,23.7641695752837,202.66198493723,SAT-1,Satellite,676498.619338474,158.613945898922,10.3612412953057,13.3834775804988,62.8812685126995,188.391482363219,1.75955278841097,8,13.3834775804988,Served,BelowSnrFloor,,Stable,0,-7.59469055791234,4264.22375543733,166.931150983488,10.3612412953057,62.8812685126995,676498.619338474,158.613945898922
2,119,118,2,9,37.9572437066065,23.7554713581066,57.2958949727332,SAT-1,Satellite,676490.208996439,160.005238517701,8.96994867652754,11.819779743104,62.8828192956552,188.391482363219,1.99233283590935,8,11.819779743104,Served,,,Stable,0,-1.41183498801834,3894.7483782859,160.748295413594,8.96994867652754,62.8828192956552,676490.208996439,160.005238517701
2,119,118,3,9,37.9764091956424,23.6897811841251,62.2421735696277,SAT-1,Satellite,674993.699972318,155.66884845022,13.3063387440077,16.8229700770219,63.1617653356152,188.391482363219,1.39980842785706,8,16.8229700770219,Served,,,Stable,0,5.93729265735104,3790.59062650527,153.399167768225,13.3063387440077,63.1617653356152,674993.699972318,155.66884845022
2,119,118,4,9,37.9604268523988,23.7482837736329,37.4482659564832,BS1,Terrestrial,3172.69758186361,147.230110813556,12.10634961202,75.4199608201098,NaN,893.334270320412,11.8447989180368,1,75.4167681483673,Served,,,InTransition,0.042331919929268,12.10634961202,3172.69758186361,147.230110813556,11.5575774556875,62.9235984873299,676270.155883981,157.417609738541
2,119,118,5,9,38.0039273705501,23.721669912517,73.0575334800602,SAT-1,Satellite,673912.232087148,157.524031099074,11.4511560951538,14.6390694246494,63.365824949348,188.391482363219,1.6086360828203,8,14.6390694246494,Served,,,Stable,0,8.38327422966987,2100.95256186407,150.953186195906,11.4511560951538,63.365824949348,673912.232087148,157.524031099074
2,119,118,6,9,37.9605621377896,23.6895165378741,163.86814682024,SAT-1,Satellite,675771.299418002,158.433377593151,10.5418096010772,13.5898180338908,63.0163196448063,188.391482363219,1.73283668969482,8,13.5898180338908,Served,BelowSnrFloor,,Stable,0,-14.3769121224763,4644.83652578749,173.713372548052,10.5418096010772,63.0163196448063,675771.299418002,158.433377593151
2,119,118,7,9,38.006621427981,23.7606725412946,286.046969842158,SAT-1,Satellite,674119.318863569,156.426397347182,12.5487898470463,15.9250841210993,63.3266226675447,188.391482363219,1.47873223879565,8,15.9250841210993,Served,,,Stable,0,0.14831827707448,3432.43832086243,159.188142148501,12.5487898470463,63.3266226675447,674119.318863569,156.426397347182
2,119,118,8,9,37.9824969892846,23.7796571194431,356.696165153081,SAT-1,Satellite,675466.000318484,160.956786831244,8.01840036298452,10.7814937021577,63.0733637228017,188.391482363219,2.18419969866415,8,10.7814937021577,Served,,,Stable,0,-4.07331078161013,4584.47836950152,163.409771207186,8.01840036298452,63.0733637228017,675466.000318484,160.956786831244
2,119,118,9,9,38.0111113957864,23.7717621384093,289.806192208963,SAT-1,Satellite,674000.991710202,156.098717180616,12.8764700136119,16.3125316879222,63.3490375734832,188.391482363219,1.44361008738073,8,16.3125316879222,Served,BelowSnrFloor,,Stable,0,-16.532966181359,4930.03370734458,175.869426606935,12.8764700136119,63.3490375734832,674000.991710202,156.098717180616
2,120,119,1,9,37.9586288934373,23.7641659217596,202.66198493723,SAT-1,Satellite,677892.591829601,161.261531226798,7.71365596742987,9.293517732739,62.6276087883733,188.391482363219,2.25236423184586,9,9.293517732739,Served,BelowSnrFloor,,Stable,0,-11.6179650247888,4264.48508025726,170.954425450365,7.71365596742987,62.6276087883733,677892.591829601,161.261531226798
2,120,119,2,9,37.957247763075,23.7554793371611,57.2958949727332,SAT-1,Satellite,677891.11823522,155.576511262592,13.3986759316359,15.0514807145292,62.6278724628968,188.391482363219,1.39071944656185,9,15.0514807145292,Served,,,Stable,0,1.13163177437875,3838.04524832484,158.204828651197,13.3986759316359,62.6278724628968,677891.11823522,155.576511262592
2,120,119,3,9,37.9764126922786,23.6897895773831,62.2421735696277,SAT-1,Satellite,676431.119017692,157.047689429418,11.92749776481,13.5064708116128,62.8965500821247,188.391482363219,1.54980432869621,9,13.5064708116128,Served,,,Stable,0,3.64421362803938,3789.77142195507,155.692246797536,11.92749776481,62.8965500821247,676431.119017692,157.047689429418
2,120,119,4,9,37.9604328128584,23.74828953952,37.4482659564832,SAT-1,Satellite,677674.237076138,157.516322798568,11.4588643956601,13.0204718297181,62.667562291269,188.391482363219,1.60765195017512,9,12.9027418725011,Served,,,InTransition,9.041911749176,6.81004337819954,3172.44826726032,152.526417047376,11.4588643956601,62.667562291269,677674.237076138,157.516322798568
2,120,119,5,9,38.0039295583895,23.7216789889698,73.0575334800602,SAT-1,Satellite,675307.952191697,154.220481965924,14.7547052283039,16.4962997139837,63.1057380308844,188.391482363219,1.26891407722802,9,16.4962997139837,Served,,,Stable,0,4.05233189859979,2292.18838844192,155.284128526976,14.7547052283039,63.1057380308844,675307.952191697,154.220481965924
2,120,119,6,9,37.9605549256148,23.6895191726255,163.86814682024,SAT-1,Satellite,677219.710124956,160.719269170527,8.25591802370087,9.81154143307671,62.7509664271001,188.391482363219,2.13344529725769,9,9.81154143307671,Served,BelowSnrFloor,,Stable,0,-16.1536330497318,4645.1512516616,175.490093475308,8.25591802370087,62.7509664271001,677219.710124956,160.719269170527
2,120,119,7,9,38.0066235033085,23.7606634224036,286.046969842158,SAT-1,Satellite,675483.993483057,154.5767383507,14.3984488435284,16.1151060261807,63.0728363735244,188.391482363219,1.29892951962212,9,16.1151060261807,Served,,,Stable,0,-4.76390635607851,3431.98005210764,164.100366781654,14.3984488435284,63.0728363735244,675483.993483057,154.5767383507
2,120,119,8,9,37.9825044845734,23.7796565727854,356.696165153081,SAT-1,Satellite,676832.131228857,156.164968636292,12.8102185579359,14.4302908619708,62.8224460584203,188.391482363219,1.45058662569381,9,14.4302908619708,Served,BelowSnrFloor,,Stable,0,-10.101781864689,4584.4039650319,169.438242290265,12.8102185579359,62.8224460584203,676832.131228857,156.164968636292
2,120,119,9,9,38.0111139397021,23.7717532105603,289.806192208963,SAT-1,Satellite,675354.398877655,157.286473169035,11.6887140251934,13.2584229464257,63.0970784875067,188.391482363219,1.57879915385334,9,13.2584229464257,Served,BelowSnrFloor,,Stable,0,-32.0307405537164,4503.06730181547,191.367200979292,11.6887140251934,63.0970784875067,675354.398877655,157.286473169035
2,121,120,1,9,37.9586219652865,23.7641622682359,202.66198493723,SAT-1,Satellite,679354.126538257,157.995384678313,10.9798025159148,12.527265685863,62.3648747782587,188.391482363219,1.67094619481637,9,12.527265685863,Served,BelowSnrFloor,,Stable,0,-11.0098739856157,4264.74655186635,170.346334411192,10.9798025159148,62.3648747782587,679354.126538257,157.995384678313
2,121,120,2,9,37.9572518195435,23.755487316216,57.2958949727332,SAT-1,Satellite,679359.527589697,158.425232049515,10.5499551447133,12.0881269238286,62.3638946854538,188.391482363219,1.73164850610427,9,12.0881269238286,Served,,,Stable,0,7.90356232945234,3838.14864506828,151.432898096124,10.5499551447133,62.3638946854538,679359.527589697,158.425232049515
2,121,120,3,9,37.9764161889148,23.6897979706415,62.2421735696277,SAT-1,Satellite,677936.034218646,157.709566200606,11.2656209936221,12.8210645574753,62.6224222861703,188.391482363219,1.63265591834509,9,12.8210645574753,Served,,,Stable,0,-0.25141742065972,3412.32446546511,159.587877846236,11.2656209936221,62.6224222861703,677936.034218646,157.709566200606
2,121,120,4,9,37.960438773318,23.7482953054076,37.4482659564832,SAT-1,Satellite,679145.827785237,160.010158171209,8.96502902301961,10.501636491361,62.402499389556,188.391482363219,1.99324999931831,9,10.501636491361,Served,,,Stable,0,7.43864185948337,3172.19915192983,151.897818566092,8.96502902301961,62.402499389556,679145.827785237,160.010158171209
2,121,120,5,9,38.0039317462289,23.7216880654228,73.0575334800602,SAT-1,Satellite,676771.461954847,155.764232650067,13.2109545441614,14.8528940262507,62.8364357387132,188.391482363219,1.40931369282317,9,14.8528940262507,Served,,,Stable,0,5.59363885520452,2292.24740097859,153.742821570371,13.2109545441614,62.8364357387132,676771.461954847,155.764232650067
2,121,120,6,9,37.96054771344,23.6895218073767,163.86814682024,SAT-1,Satellite,678735.513026301,156.664360242809,12.310826951419,13.9063782298129,62.4768022170746,188.391482363219,1.50523641622023,9,13.9063782298129,Served,BelowSnrFloor,,Stable,0,-11.0469558034686,4645.46610567962,170.383416229044,12.310826951419,62.4768022170746,678735.513026301,156.664360242809
2,121,120,7,9,38.0066255786359,23.7606543035123,286.046969842158,SAT-1,Satellite,676916.59434273,157.162642199857,11.8125449943714,13.3869529070853,62.809666970396,188.391482363219,1.56364088785042,9,13.3869529070853,Served,,,Stable,0,4.86800347859,3431.52192459358,154.468456946986,11.8125449943714,62.809666970396,676916.59434273,157.162642199857
2,121,120,8,9,37.9825119798621,23.7796560261276,356.696165153081,SAT-1,Satellite,678266.022159534,157.136768133872,11.8384190603558,13.4138376355604,62.5622432312748,188.391482363219,1.56050695542596,9,13.4138376355604,Served,,,Stable,0,-6.30919757828573,4584.32971084218,165.645658003862,11.8384190603558,62.5622432312748,678266.022159534,157.136768133872
2,121,120,9,9,38.0111164836179,23.7717442827111,289.806192208963,SAT-1,Satellite,676775.790593749,162.716634673095,6.25855252113288,7.95169232438426,62.8356659515926,188.391482363219,2.63244427416492,9,7.95169232438426,BelowTarget,BelowSnrFloor,,Stable,0,-16.9428027962849,4502.6152826744,176.279263221861,6.25855252113288,62.8356659515926,676775.790593749,162.716634673095
