Step,Time_s,UserID,ServingNode,ServingType,Distance_m,PathLoss_dB,SNR_dB,Capacity_Mbps,NodePower_W,EnergyPerBit_uJ,SatElevation_deg,CandSat_SNR_dB,CandSat_PathLoss_dB,CandBS_SNR_dB,ServiceState,Throughput_Mbps,LinkState,Interruption_ms
1,0,1,BS2,Terrestrial,295.272687326099,93.1813973038825,66.1550631216934,33.994764,893.334270320412,8.75952808811392,-4.36747097016584,-Inf,Inf,66.1550631216934,Served,33.994764,Stable,0
1,0,2,BS2,Terrestrial,144.900842099444,110.387747013105,48.9487134124704,33.994764,893.334270320412,8.75952808811392,-4.37075367088268,-Inf,Inf,48.9487134124704,Served,33.994764,Stable,0
1,0,3,BS1,Terrestrial,158.603762337124,105.334972542014,54.0014878835623,50.992146,893.334270320412,8.75952808811392,-4.36531712757471,-Inf,Inf,54.0014878835623,Served,50.992146,Stable,0
1,0,4,BS2,Terrestrial,1289.96390375941,158.400751539554,0.935708886021956,7.1222915383519,893.334270320412,41.8093093358139,-4.37865930011216,-Inf,Inf,0.935708886021956,Served,7.1222915383519,Stable,0
1,0,5,BS1,Terrestrial,2496.53115061175,140.889366839954,18.4470935856215,50.992146,893.334270320412,8.75952808811392,-4.38560531607194,-Inf,Inf,18.4470935856215,Served,50.992146,Stable,0
1,0,6,None,Outage,4576.26928829528,169.787310693034,-10.4508502674581,NaN,NaN,Inf,-4.33763934041786,-Inf,Inf,-10.4508502674581,Outage,0,Outage,0
2,1,1,BS2,Terrestrial,295.272687326099,91.010015787627,68.3264446379489,33.994764,893.334270320412,8.75952808811392,-4.31617052151047,-Inf,Inf,68.3264446379489,Served,33.994764,Stable,0
2,1,2,BS2,Terrestrial,144.900842099444,109.372231330573,49.9642290950029,33.994764,893.334270320412,8.75952808811392,-4.31945864861024,-Inf,Inf,49.9642290950029,Served,33.994764,Stable,0
2,1,3,BS1,Terrestrial,158.603762337124,107.521410577875,51.8150498477011,50.992146,893.334270320412,8.75952808811392,-4.31401313660786,-Inf,Inf,51.8150498477011,Served,50.992146,Stable,0
2,1,4,BS2,Terrestrial,1289.96390375941,146.461144383769,12.8753160418067,26.6198207227832,893.334270320412,11.1863296604377,-4.32737749874872,-Inf,Inf,12.8753160418067,Served,26.6198207227832,Stable,0
2,1,5,BS1,Terrestrial,2496.53115061175,142.504936081095,16.8315243444811,50.992146,893.334270320412,8.75952808811392,-4.33433475247447,-Inf,Inf,16.8315243444811,Served,50.992146,Stable,0
2,1,6,None,Outage,4576.26928829528,171.902359284096,-12.5658988585201,NaN,NaN,Inf,-4.28629022275859,-Inf,Inf,-12.5658988585201,Outage,0,Outage,0
3,2,1,BS2,Terrestrial,295.272687326099,89.9898684157464,69.3465920098294,33.994764,893.334270320412,8.75952808811392,-4.26478519930717,-Inf,Inf,69.3465920098294,Served,33.994764,Stable,0
3,2,2,BS2,Terrestrial,144.900842099444,116.038818724036,43.2976417015401,33.994764,893.334270320412,8.75952808811392,-4.26807878540355,-Inf,Inf,43.2976417015401,Served,33.994764,Stable,0
3,2,3,BS1,Terrestrial,158.603762337124,104.141911093779,55.1945493317972,50.992146,893.334270320412,8.75952808811392,-4.26262425078405,-Inf,Inf,55.1945493317972,Served,50.992146,Stable,0
3,2,4,BS2,Terrestrial,1289.96390375941,151.768406982622,7.56805344295435,16.8103620607729,893.334270320412,17.7139605340013,-4.27601093575391,-Inf,Inf,7.56805344295435,Served,16.8103620607729,Stable,0
3,2,5,BS1,Terrestrial,2496.53115061175,144.222417767744,15.1140426578323,46.4925249741126,893.334270320412,9.60728924507572,-4.28297949495983,-Inf,Inf,15.1140426578323,Served,46.4925249741126,Stable,0
3,2,6,None,Outage,4576.26928829528,169.251398123982,-9.91493769840613,NaN,NaN,Inf,-4.23485593824908,-Inf,Inf,-9.91493769840613,Outage,0,Outage,0
4,3,1,BS2,Terrestrial,295.272687326099,91.5182042452866,67.8182561802893,33.994764,893.334270320412,8.75952808811392,-4.21331449396367,-Inf,Inf,67.8182561802893,Served,33.994764,Stable,0
4,3,2,BS2,Terrestrial,144.900842099444,120.711212741532,38.6252476840442,33.994764,893.334270320412,8.75952808811392,-4.21661357192884,-Inf,Inf,38.6252476840442,Served,33.994764,Stable,0
4,3,3,BS1,Terrestrial,158.603762337124,104.232759515128,55.1037009104476,50.992146,893.334270320412,8.75952808811392,-4.21114996034223,-Inf,Inf,55.1037009104476,Served,50.992146,Stable,0
4,3,4,BS2,Terrestrial,1289.96390375941,147.165605137512,12.1708552880636,25.2635752484591,893.334270320412,11.7868546782572,-4.22455910242296,-Inf,Inf,12.1708552880636,Served,25.2635752484591,Stable,0
4,3,5,BS1,Terrestrial,2496.53115061175,143.484711440023,15.8517489855525,48.6802115093185,893.334270320412,9.17553809466715,-4.23153903535875,-Inf,Inf,15.8517489855525,Served,48.6802115093185,Stable,0
4,3,6,None,Outage,4576.26928829528,167.441981162426,-8.10552073685056,NaN,NaN,Inf,-4.18333597497403,-Inf,Inf,-8.10552073685056,Outage,0,Outage,0
5,4,1,BS2,Terrestrial,295.272687326099,89.9595500979851,69.3769103275908,20.3968584,893.334270320412,8.75952808811392,-4.16175789184998,-Inf,Inf,69.3769103275908,Served,20.3968584,Stable,0
5,4,2,BS2,Terrestrial,144.900842099444,113.26708447607,46.0693759495057,20.3968584,893.334270320412,8.75952808811392,-4.16506249481711,-Inf,Inf,46.0693759495057,Served,20.3968584,Stable,0
5,4,3,BS1,Terrestrial,158.603762337124,100.23279488127,59.1036655443055,101.984292,893.334270320412,8.75952808811392,-4.15958975148187,-Inf,Inf,59.1036655443055,Served,101.984292,Stable,0
5,4,4,BS2,Terrestrial,1289.96390375941,149.127760463786,10.20869996179,12.9349634078932,893.334270320412,13.8127065713272,-4.17302148602204,-Inf,Inf,10.20869996179,Served,12.9349634078932,Stable,0
5,4,5,BS2,Terrestrial,2067.2298489109,156.697791570778,2.63866885479766,5.52211912545442,893.334270320412,32.3547627287703,-4.18001286147815,-Inf,Inf,2.63866885479766,Served,5.52196681355757,InTransition,0.0275821461647431
5,4,6,BS2,Terrestrial,4576.26928829528,157.471139123962,1.86532130161368,4.93090218719567,893.334270320412,36.2341103678828,-4.13172981695763,-Inf,Inf,1.86532130161368,BelowTarget,4.93090218719567,Stable,0
6,5,1,BS2,Terrestrial,295.272687326099,90.395247232201,68.9412131933749,33.994764,893.334270320412,8.75952808811392,-4.11011487525849,-Inf,Inf,68.9412131933749,Served,33.994764,Stable,0
6,5,2,BS2,Terrestrial,144.900842099444,114.214324984968,45.1221354406078,33.994764,893.334270320412,8.75952808811392,-4.11342503662435,-Inf,Inf,45.1221354406078,Served,33.994764,Stable,0
6,5,3,BS1,Terrestrial,158.603762337124,121.43037747123,37.9060829543462,50.992146,893.334270320412,8.75952808811392,-4.10794310632325,-Inf,Inf,37.9060829543462,Served,50.992146,Stable,0
6,5,4,BS2,Terrestrial,1289.96390375941,154.242711018036,5.09374940753952,12.7363016499201,893.334270320412,23.3802636190446,-4.12139756974855,-Inf,Inf,5.09374940753952,Served,12.7363016499201,Stable,0
6,5,5,BS1,Terrestrial,2496.53115061175,159.636110319354,-0.299649893778195,8.7309838687862,893.334270320412,51.1588547033134,-4.12840045706148,-Inf,Inf,-0.299649893778195,Served,8.73069303861189,InTransition,0.0333101261755124
6,5,6,None,Outage,4576.26928829528,177.431917105296,-18.0954566797204,NaN,NaN,Inf,-4.0800369441235,-Inf,Inf,-18.0954566797204,Outage,0,Outage,0
7,6,1,BS2,Terrestrial,295.272687326099,90.5205943836653,68.8158660419106,33.994764,893.334270320412,8.75952808811392,-4.05838492236411,-Inf,Inf,68.8158660419106,Served,33.994764,Stable,0
7,6,2,BS2,Terrestrial,144.900842099444,112.548897701826,46.7875627237499,33.994764,893.334270320412,8.75952808811392,-4.06170067579161,-Inf,Inf,46.7875627237499,Served,33.994764,Stable,0
7,6,3,BS1,Terrestrial,158.603762337124,111.587049797017,47.7494106285592,50.992146,893.334270320412,8.75952808811392,-4.05620950286741,-Inf,Inf,47.7494106285592,Served,50.992146,Stable,0
7,6,4,BS2,Terrestrial,1289.96390375941,159.815167903804,-0.478707478228216,5.64679163131423,893.334270320412,52.7340319156596,-4.06968683269129,-Inf,Inf,-0.478707478228216,Served,5.64679163131423,Stable,0
7,6,5,BS1,Terrestrial,2496.53115061175,151.417682411715,7.91877801386065,26.1311180909439,893.334270320412,17.0933036085817,-4.07670130174893,-Inf,Inf,7.91877801386065,Served,26.1311180909439,Stable,0
7,6,6,None,Outage,4576.26928829528,171.339310113054,-12.0028496874786,NaN,NaN,Inf,-4.02825683225447,-Inf,Inf,-12.0028496874786,Outage,0,Outage,0
8,7,1,BS2,Terrestrial,295.272687326099,95.4665662656953,63.8698941598806,25.496073,893.334270320412,8.75952808811392,-4.00656750718364,-Inf,Inf,63.8698941598806,Served,25.496073,Stable,0
8,7,2,BS2,Terrestrial,144.900842099444,118.028920617688,41.3075398078877,25.496073,893.334270320412,8.75952808811392,-4.0098888866045,-Inf,Inf,41.3075398078877,Served,25.496073,Stable,0
8,7,3,BS1,Terrestrial,158.603762337124,102.043181413753,57.2932790118224,50.992146,893.334270320412,8.75952808811392,-4.00438841495559,-Inf,Inf,57.2932790118224,Served,50.992146,Stable,0
8,7,4,BS2,Terrestrial,1289.96390375941,145.37897989127,13.957480534306,21.5428847320243,893.334270320412,10.3669295156237,-4.01788874978998,-Inf,Inf,13.957480534306,Served,21.5428847320243,Stable,0
8,7,5,BS1,Terrestrial,2496.53115061175,155.59834808863,3.73811233694576,16.070140960616,893.334270320412,27.7948486111527,-4.02491487103703,-Inf,Inf,3.73811233694576,Served,16.070140960616,Stable,0
8,7,6,BS2,Terrestrial,4576.26928829528,166.307270076042,-6.97080965046644,1.21213719987263,893.334270320412,184.247763044951,-3.97638895295176,-Inf,Inf,-6.97080965046644,BelowTarget,1.21213719987263,Stable,0
9,8,1,BS2,Terrestrial,295.272687326099,94.3105521418741,65.0259082837018,33.994764,893.334270320412,8.75952808811392,-3.95466209953496,-Inf,Inf,65.0259082837018,Served,33.994764,Stable,0
9,8,2,BS2,Terrestrial,144.900842099444,125.380798092334,33.955662333242,33.994764,893.334270320412,8.75952808811392,-3.95798913915234,-Inf,Inf,33.955662333242,Served,33.994764,Stable,0
9,8,3,BS1,Terrestrial,158.603762337124,103.892380235698,55.444080189878,50.992146,893.334270320412,8.75952808811392,-3.95247931222839,-Inf,Inf,55.444080189878,Served,50.992146,Stable,0
9,8,4,BS2,Terrestrial,1289.96390375941,161.728825604167,-2.39236517859163,4.01889167608871,893.334270320412,74.0945798261996,-3.96600279179457,-Inf,Inf,-2.39236517859163,BelowTarget,4.01889167608871,Stable,0
9,8,5,BS1,Terrestrial,2496.53115061175,143.508776973523,15.8276834520532,48.6086871030824,893.334270320412,9.18903928042693,-3.973040636238,-Inf,Inf,15.8276834520532,Served,48.6086871030824,Stable,0
9,8,6,None,Outage,4185.25875071361,171.318711999168,-11.9822515735922,NaN,NaN,Inf,-3.92443277359383,-Inf,Inf,-11.9822515735922,Outage,0,Outage,0
10,9,1,BS2,Terrestrial,295.272687326099,90.8750798137198,68.461380611856,25.496073,893.334270320412,8.75952808811392,-3.90266816499534,-Inf,Inf,68.461380611856,Served,25.496073,Stable,0
10,9,2,BS2,Terrestrial,144.900842099444,104.9639005524,54.3725598731759,25.496073,893.334270320412,8.75952808811392,-3.90600089928652,-Inf,Inf,54.3725598731759,Served,25.496073,Stable,0
10,9,3,BS1,Terrestrial,158.603762337124,104.449771383535,54.8866890420404,50.992146,893.334270320412,8.75952808811392,-3.90048166008404,-Inf,Inf,54.8866890420404,Served,50.992146,Stable,0
10,9,4,BS2,Terrestrial,1289.96390375941,150.483403466679,8.85305695889662,14.3094711747149,893.334270320412,15.6073949102143,-3.91402842522358,-Inf,Inf,8.85305695889662,Served,14.3094711747149,Stable,0
10,9,5,BS1,Terrestrial,2496.53115061175,147.755929571729,11.5805308538465,36.2049779777871,893.334270320412,12.3371746126803,-3.92107806443822,-Inf,Inf,11.5805308538465,Served,36.2049779777871,Stable,0
10,9,6,BS2,Terrestrial,4576.26928829528,162.172908479567,-2.83644805399129,2.77452322546142,893.334270320412,80.4943946875635,-3.87238775729445,-Inf,Inf,-2.83644805399129,BelowTarget,2.77452322546142,Stable,0
11,10,1,BS2,Terrestrial,295.272687326099,89.3837510540079,69.9527093715679,33.994764,893.334270320412,8.75952808811392,-3.85058516485966,-Inf,Inf,69.9527093715679,Served,33.994764,Stable,0
11,10,2,BS2,Terrestrial,144.900842099444,121.896415468376,37.4400449571997,33.994764,893.334270320412,8.75952808811392,-3.85392362857878,-Inf,Inf,37.4400449571997,Served,33.994764,Stable,0
11,10,3,BS1,Terrestrial,158.603762337124,104.741329423054,54.5951310025215,50.992146,893.334270320412,8.75952808811392,-3.84839491963658,-Inf,Inf,54.5951310025215,Served,50.992146,Stable,0
11,10,4,BS2,Terrestrial,1289.96390375941,146.19571100249,13.1407494230862,27.1337391350946,893.334270320412,10.974458353278,-3.86196511232252,-Inf,Inf,13.1407494230862,Served,27.1337391350946,Stable,0
11,10,5,BS1,Terrestrial,2496.53115061175,148.909360665172,10.4270997604037,32.9467839886931,893.334270320412,13.5572302083717,-3.86902661845661,-Inf,Inf,10.4270997604037,Served,32.9467839886931,Stable,0
11,10,6,None,Outage,4185.25875071361,176.529928110907,-17.1934676853312,NaN,NaN,Inf,-3.82025336286064,-Inf,Inf,-17.1934676853312,Outage,0,Outage,0
12,11,1,BS2,Terrestrial,295.272687326099,89.6281260495893,69.7083343759866,33.994764,893.334270320412,8.75952808811392,-3.79841255609807,-Inf,Inf,69.7083343759866,Served,33.994764,Stable,0
12,11,2,BS2,Terrestrial,144.900842099444,124.806256344612,34.5302040809639,33.994764,893.334270320412,8.75952808811392,-3.80175678427887,-Inf,Inf,34.5302040809639,Served,33.994764,Stable,0
12,11,3,BS1,Terrestrial,158.603762337124,103.614302503688,55.722157921888,50.992146,893.334270320412,8.75952808811392,-3.79621854767358,-Inf,Inf,55.722157921888,Served,50.992146,Stable,0
12,11,4,BS2,Terrestrial,1289.96390375941,153.6024509463,5.7340094792763,13.7472011960079,893.334270320412,21.6609974540327,-3.80981231102161,-Inf,Inf,5.7340094792763,Served,13.7472011960079,Stable,0
12,11,5,BS1,Terrestrial,2496.53115061175,145.066789588187,14.2696708373886,44.002252046095,893.334270320412,10.1510062415055,-3.8168857568025,-Inf,Inf,14.2696708373886,Served,44.002252046095,Stable,0
12,11,6,None,Outage,4576.26928829528,172.699731865759,-13.3632714401828,NaN,NaN,Inf,-3.76802904475003,-Inf,Inf,-13.3632714401828,Outage,0,Outage,0
13,12,1,BS2,Terrestrial,295.272687326099,91.0876873047473,68.2487731208285,25.496073,893.334270320412,8.75952808811392,-3.7461497913127,-Inf,Inf,68.2487731208285,Served,25.496073,Stable,0
13,12,2,BS2,Terrestrial,144.900842099444,107.863755803835,51.4727046217406,25.496073,893.334270320412,8.75952808811392,-3.74949981927129,-Inf,Inf,51.4727046217406,Served,25.496073,Stable,0
13,12,3,BS1,Terrestrial,158.603762337124,105.488592119161,53.8478683064147,50.992146,893.334270320412,8.75952808811392,-3.74395199661273,-Inf,Inf,53.8478683064147,Served,50.992146,Stable,0
13,12,4,BS2,Terrestrial,1289.96390375941,144.232746970543,15.1037134550333,23.2309840644929,893.334270320412,9.61360771287578,-3.7575694748926,-Inf,Inf,15.1037134550333,Served,23.2309840644929,Stable,0
13,12,5,BS1,Terrestrial,2496.53115061175,154.698809668338,4.63765075723754,18.0557048083184,893.334270320412,24.7382829915575,-3.7646549336325,-Inf,Inf,4.63765075723754,Served,18.0557048083184,Stable,0
13,12,6,BS2,Terrestrial,4576.26928829528,154.999435130428,4.33702529514832,8.68978256963399,893.334270320412,25.7007083653084,-3.71571425302725,-Inf,Inf,4.33702529514832,Served,8.68978256963399,Stable,0
14,13,1,BS2,Terrestrial,295.272687326099,88.8426296285005,70.4938307970754,25.496073,893.334270320412,8.75952808811392,-3.69379631869459,-Inf,Inf,70.4938307970754,Served,25.496073,Stable,0
14,13,2,BS2,Terrestrial,144.900842099444,114.483054981982,44.8534054435934,25.496073,893.334270320412,8.75952808811392,-3.69715218203226,-Inf,Inf,44.8534054435934,Served,25.496073,Stable,0
14,13,3,BS1,Terrestrial,158.603762337124,99.420456141974,59.9160042836019,50.992146,893.334270320412,8.75952808811392,-3.6915947144588,-Inf,Inf,59.9160042836019,Served,50.992146,Stable,0
14,13,4,BS2,Terrestrial,1289.96390375941,153.626590443315,5.70986998226101,10.2813686082714,893.334270320412,21.7221632731299,-3.70523605310581,-Inf,Inf,5.70986998226101,Served,10.2813686082714,Stable,0
14,13,5,BS1,Terrestrial,2496.53115061175,149.765326218715,9.57113420686136,30.5741202783182,893.334270320412,14.609320925481,-3.71233359870757,-Inf,Inf,9.57113420686136,Served,30.5741202783182,Stable,0
14,13,6,BS2,Terrestrial,4576.26928829528,166.014449935278,-6.67798950970263,1.28894905585716,893.334270320412,173.267955444201,-3.66330843332064,-Inf,Inf,-6.67798950970263,BelowTarget,1.28894905585716,Stable,0
15,14,1,BS2,Terrestrial,295.272687326099,90.4507092798625,68.8857511457134,25.496073,893.334270320412,8.75952808811392,-3.64135158197942,-Inf,Inf,68.8857511457134,Served,25.496073,Stable,0
15,14,2,BS2,Terrestrial,144.900842099444,117.188509989316,42.1479504362602,25.496073,893.334270320412,8.75952808811392,-3.6447133165855,-Inf,Inf,42.1479504362602,Served,25.496073,Stable,0
15,14,3,BS1,Terrestrial,158.603762337124,99.4274271771609,59.909033248415,50.992146,893.334270320412,8.75952808811392,-3.63914614475936,-Inf,Inf,59.909033248415,Served,50.992146,Stable,0
15,14,4,BS2,Terrestrial,1289.96390375941,162.08191577834,-2.7454553527644,2.82234099045794,893.334270320412,79.1306111965818,-3.652811490386,-Inf,Inf,-2.7454553527644,BelowTarget,2.82234099045794,Stable,0
15,14,5,BS1,Terrestrial,2496.53115061175,143.086942732796,16.2495176927797,49.8638229746902,893.334270320412,8.95773946949324,-3.65992119734902,-Inf,Inf,16.2495176927797,Served,49.8638229746902,Stable,0
15,14,6,BS2,Terrestrial,4576.26928829528,165.958997007352,-6.62253658177659,1.30398312954838,893.334270320412,171.270289100636,-3.61081102677762,-Inf,Inf,-6.62253658177659,BelowTarget,1.30398312954838,Stable,0
16,15,1,BS2,Terrestrial,295.272687326099,91.7033574950368,67.633102930539,33.994764,893.334270320412,8.75952808811392,-3.58881502040345,-Inf,Inf,67.633102930539,Served,33.994764,Stable,0
16,15,2,BS2,Terrestrial,144.900842099444,117.277927297894,42.0585331276816,33.994764,893.334270320412,8.75952808811392,-3.59218266245819,-Inf,Inf,42.0585331276816,Served,33.994764,Stable,0
16,15,3,BS1,Terrestrial,158.603762337124,100.46855848088,58.8679019446962,50.992146,893.334270320412,8.75952808811392,-3.58660572656066,-Inf,Inf,58.8679019446962,Served,50.992146,Stable,0
16,15,4,BS2,Terrestrial,1289.96390375941,148.973000776304,10.3634596492714,21.8459654278347,893.334270320412,13.6308047859215,-3.60029522696844,-Inf,Inf,10.3634596492714,Served,21.8459654278347,Stable,0
16,15,5,BS1,Terrestrial,2496.53115061175,148.144184521531,11.1922759040453,35.1012170919448,893.334270320412,12.7251181630027,-3.60741717039457,-Inf,Inf,11.1922759040453,Served,35.1012170919448,Stable,0
16,15,6,None,Outage,4576.26928829528,169.37181803098,-10.0353576054037,NaN,NaN,Inf,-3.55822147002034,-Inf,Inf,-10.0353576054037,Outage,0,Outage,0
17,16,1,BS2,Terrestrial,295.272687326099,90.1769979438121,69.1594624817638,25.496073,893.334270320412,8.75952808811392,-3.53618606865795,-Inf,Inf,69.1594624817638,Served,25.496073,Stable,0
17,16,2,BS2,Terrestrial,144.900842099444,120.747161562356,38.5892988632195,25.496073,893.334270320412,8.75952808811392,-3.53955965463542,-Inf,Inf,38.5892988632195,Served,25.496073,Stable,0
17,16,3,BS1,Terrestrial,158.603762337124,105.048204335021,54.2882560905549,50.992146,893.334270320412,8.75952808811392,-3.53397289436207,-Inf,Inf,54.2882560905549,Served,50.992146,Stable,0
17,16,4,BS2,Terrestrial,1289.96390375941,146.729779339308,12.6066810862683,19.575952933956,893.334270320412,11.4085668439013,-3.54768669855338,-Inf,Inf,12.6066810862683,Served,19.575952933956,Stable,0
17,16,5,BS1,Terrestrial,2496.53115061175,150.797207079144,8.53925334643222,27.7758398264559,893.334270320412,16.0811387864775,-3.55482095415298,-Inf,Inf,8.53925334643222,Served,27.7758398264559,Stable,0
17,16,6,BS2,Terrestrial,4576.26928829528,162.250830725008,-2.91437029943233,2.7340944718644,893.334270320412,81.6846564295236,-3.50553919509984,-Inf,Inf,-2.91437029943233,BelowTarget,2.7340944718644,Stable,0
18,17,1,BS2,Terrestrial,295.272687326099,90.2936862067299,69.042774218846,33.994764,893.334270320412,8.75952808811392,-3.48346415684424,-Inf,Inf,69.042774218846,Served,33.994764,Stable,0
18,17,2,BS2,Terrestrial,144.900842099444,117.533368985724,41.8030914398516,33.994764,893.334270320412,8.75952808811392,-3.48684372351532,-Inf,Inf,41.8030914398516,Served,33.994764,Stable,0
18,17,3,BS1,Terrestrial,158.603762337124,100.519629382253,58.816831043323,50.992146,893.334270320412,8.75952808811392,-3.48124707807109,-Inf,Inf,58.816831043323,Served,50.992146,Stable,0
18,17,4,BS2,Terrestrial,1289.96390375941,147.503062101788,11.8333983237878,24.6182263444343,893.334270320412,12.0958385035779,-3.49498533626131,-Inf,Inf,11.8333983237878,Served,24.6182263444343,Stable,0
18,17,5,BS1,Terrestrial,2496.53115061175,149.917954676753,9.41850574882238,30.1556826542051,893.334270320412,14.8120385892813,-3.50213198035931,-Inf,Inf,9.41850574882238,Served,30.1556826542051,Stable,0
18,17,6,None,Outage,4576.26928829528,170.270878939361,-10.9344185137855,NaN,NaN,Inf,-3.45276362945074,-Inf,Inf,-10.9344185137855,Outage,0,Outage,0
19,18,1,BS2,Terrestrial,295.272687326099,91.7403551882316,67.5961052373443,33.994764,893.334270320412,8.75952808811392,-3.43064871042724,-Inf,Inf,67.5961052373443,Served,33.994764,Stable,0
19,18,2,BS2,Terrestrial,144.900842099444,114.570353140297,44.7661072852789,33.994764,893.334270320412,8.75952808811392,-3.43403429486255,-Inf,Inf,44.7661072852789,Served,33.994764,Stable,0
19,18,3,BS1,Terrestrial,158.603762337124,102.940659820685,56.3958006048905,50.992146,893.334270320412,8.75952808811392,-3.42842770295687,-Inf,Inf,56.3958006048905,Served,50.992146,Stable,0
19,18,4,BS2,Terrestrial,1289.96390375941,152.740502691134,6.59595773444141,15.1580408013002,893.334270320412,19.6448930313779,-3.44219056658654,-Inf,Inf,6.59595773444141,Served,15.1580408013002,Stable,0
19,18,5,BS1,Terrestrial,2496.53115061175,151.412570836155,7.92388958942124,26.1445398982343,893.334270320412,17.0845284292179,-3.44934967612859,-Inf,Inf,7.92388958942124,Served,26.1445398982343,Stable,0
19,18,6,None,Outage,4576.26928829528,167.669028699777,-8.33256827420115,NaN,NaN,Inf,-3.39989419584449,-Inf,Inf,-8.33256827420115,Outage,0,Outage,0
20,19,1,BS2,Terrestrial,295.272687326099,88.5859194795678,70.750540946008,25.496073,893.334270320412,8.75952808811392,-3.37773915018882,-Inf,Inf,70.750540946008,Served,25.496073,Stable,0
20,19,2,BS2,Terrestrial,144.900842099444,118.50978412149,40.8266763040854,25.496073,893.334270320412,8.75952808811392,-3.38113078976178,-Inf,Inf,40.8266763040854,Served,25.496073,Stable,0
20,19,3,BS1,Terrestrial,158.603762337124,96.1602186657759,63.1762417598,50.992146,893.334270320412,8.75952808811392,-3.37551418960353,-Inf,Inf,63.1762417598,Served,50.992146,Stable,0
20,19,4,BS2,Terrestrial,1289.96390375941,152.9766468808,6.35981354477599,11.0746082855243,893.334270320412,20.1662724154338,-3.38930181135075,-Inf,Inf,6.35981354477599,Served,11.0746082855243,Stable,0
20,19,5,BS1,Terrestrial,2496.53115061175,147.564510652687,11.7719497728888,36.7515570840536,893.334270320412,12.1536928119438,-3.39647346390946,-Inf,Inf,11.7719497728888,Served,36.7515570840536,Stable,0
20,19,6,BS2,Terrestrial,4576.26928829528,164.29189904828,-4.95543862270455,1.83590593607855,893.334270320412,121.647609058413,-3.34693031234238,-Inf,Inf,-4.95543862270455,BelowTarget,1.83590593607855,Stable,0
21,20,1,BS2,Terrestrial,295.272687326099,92.3581434455267,66.9783169800491,33.994764,893.334270320412,8.75952808811392,-3.3247348921811,-Inf,Inf,66.9783169800491,Served,33.994764,Stable,0
21,20,2,BS2,Terrestrial,144.900842099444,109.350625620304,49.9858348052715,33.994764,893.334270320412,8.75952808811392,-3.32813262457096,-Inf,Inf,49.9858348052715,Served,33.994764,Stable,0
21,20,3,BS1,Terrestrial,158.603762337124,109.69391199376,49.6425484318163,50.992146,893.334270320412,8.75952808811392,-3.32250595386342,-Inf,Inf,49.6425484318163,Served,50.992146,Stable,0
21,20,4,BS2,Terrestrial,1289.96390375941,160.021919864799,-0.685459439223621,5.4506886907853,893.334270320412,54.6312781741168,-3.33631848765632,-Inf,Inf,-0.685459439223621,BelowTarget,5.4506886907853,Stable,0
21,20,5,BS1,Terrestrial,2496.53115061175,143.482733954166,15.8537264714103,48.6860891792613,893.334270320412,9.17443036994789,-3.3435027614376,-Inf,Inf,15.8537264714103,Served,48.6860891792613,Stable,0
21,20,6,None,Outage,4185.25875071361,171.747779137037,-12.4113187114612,NaN,NaN,Inf,-3.29387139224855,-Inf,Inf,-12.4113187114612,Outage,0,Outage,0
22,21,1,BS2,Terrestrial,295.272687326099,92.5453826700263,66.7910777555496,33.994764,893.334270320412,8.75952808811392,-3.27163534767807,-Inf,Inf,66.7910777555496,Served,33.994764,Stable,0
22,21,2,BS2,Terrestrial,144.900842099444,119.253227309101,40.083233116475,33.994764,893.334270320412,8.75952808811392,-3.27503921087302,-Inf,Inf,40.083233116475,Served,33.994764,Stable,0
22,21,3,BS1,Terrestrial,158.603762337124,94.2836263284608,65.0528340971151,50.992146,893.334270320412,8.75952808811392,-3.2694024068088,-Inf,Inf,65.0528340971151,Served,50.992146,Stable,0
22,21,4,BS2,Terrestrial,1289.96390375941,150.312170565512,9.02428986006427,19.3879968795305,893.334270320412,15.3588889020914,-3.2832400078382,-Inf,Inf,9.02428986006427,Served,19.3879968795305,Stable,0
22,21,5,BS1,Terrestrial,2496.53115061175,142.593731492218,16.7427289333577,50.992146,893.334270320412,8.75952808811392,-3.29043698168758,-Inf,Inf,16.7427289333577,Served,50.992146,Stable,0
22,21,6,None,Outage,4576.26928829528,167.234390033639,-7.89792960806318,NaN,NaN,Inf,-3.2407168440613,-Inf,Inf,-7.89792960806318,Outage,0,Outage,0
23,22,1,BS2,Terrestrial,295.272687326099,89.8949674840999,69.441492941476,25.496073,893.334270320412,8.75952808811392,-3.21843992312761,-Inf,Inf,69.441492941476,Served,25.496073,Stable,0
23,22,2,BS2,Terrestrial,144.900842099444,121.522999274497,37.8134611510793,25.496073,893.334270320412,8.75952808811392,-3.2218499554279,-Inf,Inf,37.8134611510793,Served,25.496073,Stable,0
23,22,3,BS1,Terrestrial,158.603762337124,117.966789227577,41.3696711979992,50.992146,893.334270320412,8.75952808811392,-3.21620295468376,-Inf,Inf,41.3696711979992,Served,50.992146,Stable,0
23,22,4,BS2,Terrestrial,1289.96390375941,150.241020536424,9.09543988915206,14.6375017976408,893.334270320412,15.2576287038337,-3.23006577941594,-Inf,Inf,9.09543988915206,Served,14.6375017976408,Stable,0
23,22,5,BS1,Terrestrial,2496.53115061175,146.718557273953,12.6179031516232,39.1843499942078,893.334270320412,11.3991207006428,-3.23727553282507,-Inf,Inf,12.6179031516232,Served,39.1843499942078,Stable,0
23,22,6,BS2,Terrestrial,4576.26928829528,162.939985481796,-3.60352505621995,2.3969813595234,893.334270320412,93.1728428728829,-3.18746607142472,-Inf,Inf,-3.60352505621995,BelowTarget,2.3969813595234,Stable,0
24,23,1,BS2,Terrestrial,295.272687326099,88.3641449683792,70.9723154571967,50.992146,893.334270320412,8.75952808811392,-3.16514802010276,-Inf,Inf,70.9723154571967,Served,50.992146,Stable,0
24,23,2,BS2,Terrestrial,144.900842099444,117.041964774779,42.294495650797,50.992146,893.334270320412,8.75952808811392,-3.16856426012388,-Inf,Inf,42.294495650797,Served,50.992146,Stable,0
24,23,3,BS1,Terrestrial,158.603762337124,99.9006651701694,59.4357952554064,33.994764,893.334270320412,8.75952808811392,-3.16290699885545,-Inf,Inf,59.4357952554064,Served,33.994764,Stable,0
24,23,4,BS1,Terrestrial,1684.50527938871,156.828938651642,2.50752177393417,9.03184406076102,893.334270320412,32.9697997555677,-3.17679520504517,-Inf,Inf,2.50752177393417,Served,9.03164106447346,InTransition,0.0224756191750323
24,23,5,BS1,Terrestrial,2496.53115061175,149.53632370253,9.80013672304565,20.8031166602735,893.334270320412,14.3141095139582,-3.18401781815834,-Inf,Inf,9.80013672304565,Served,20.8031166602735,Stable,0
24,23,6,None,Outage,4576.26928829528,173.442174126856,-14.1057137012797,NaN,NaN,Inf,-3.13411847307964,-Inf,Inf,-14.1057137012797,Outage,0,Outage,0
25,24,1,BS2,Terrestrial,295.272687326099,92.6240514177409,66.712409007835,33.994764,893.334270320412,8.75952808811392,-3.11175903525182,-Inf,Inf,66.712409007835,Served,33.994764,Stable,0
25,24,2,BS2,Terrestrial,144.900842099444,113.336020181726,46.00044024385,33.994764,893.334270320412,8.75952808811392,-3.11518152192771,-Inf,Inf,46.00044024385,Served,33.994764,Stable,0
25,24,3,BS1,Terrestrial,158.603762337124,103.207077966828,56.1293824587479,50.992146,893.334270320412,8.75952808811392,-3.10951393576421,-Inf,Inf,56.1293824587479,Served,50.992146,Stable,0
25,24,4,BS2,Terrestrial,1289.96390375941,151.376097305062,7.9603631205139,17.4935829845828,893.334270320412,17.022132651112,-3.1234276824678,-Inf,Inf,7.9603631205139,Served,17.4932818950791,InTransition,0.0172114256958314
25,24,5,BS1,Terrestrial,2496.53115061175,150.831862775969,8.50459764960684,27.6831790378192,893.334270320412,16.134965371932,-3.13066323608853,-Inf,Inf,8.50459764960684,Served,27.6831790378192,Stable,0
25,24,6,None,Outage,4576.26928829528,167.897841474574,-8.5613810489985,NaN,NaN,Inf,-3.08067344281343,-Inf,Inf,-8.5613810489985,Outage,0,Outage,0
26,25,1,BS2,Terrestrial,295.272687326099,91.9369981639462,67.3994622616297,33.994764,893.334270320412,8.75952808811392,-3.05827236024857,-Inf,Inf,67.3994622616297,Served,33.994764,Stable,0
26,25,2,BS2,Terrestrial,144.900842099444,111.380163268936,47.95629715664,33.994764,893.334270320412,8.75952808811392,-3.06170113283482,-Inf,Inf,47.95629715664,Served,33.994764,Stable,0
26,25,3,BS1,Terrestrial,158.603762337124,100.468947795872,58.8675126297037,33.994764,893.334270320412,8.75952808811392,-3.05602315687376,-Inf,Inf,58.8675126297037,Served,33.994764,Stable,0
26,25,4,BS1,Terrestrial,1684.50527938871,159.621901291703,-0.285440866126692,5.83461324639769,893.334270320412,51.0364744896594,-3.06996260446235,-Inf,Inf,-0.285440866126692,Served,5.83448210985233,InTransition,0.0224756191750323
26,25,5,BS1,Terrestrial,2496.53115061175,145.132947819156,14.2035126064197,29.205220195715,893.334270320412,10.1960570100579,-3.07721118006013,-Inf,Inf,14.2035126064197,Served,29.205220195715,Stable,0
26,25,6,BS2,Terrestrial,4576.26928829528,164.456098259839,-5.11963783426299,2.36819683374038,893.334270320412,125.740430805528,-3.02713036940983,-Inf,Inf,-5.11963783426299,BelowTarget,2.36819683374038,Stable,0
27,26,1,BS2,Terrestrial,295.272687326099,86.5115085686312,72.8249518569447,25.496073,893.334270320412,8.75952808811392,-3.00468738174158,-Inf,Inf,72.8249518569447,Served,25.496073,Stable,0
27,26,2,BS2,Terrestrial,144.900842099444,117.790707326932,41.5457530986437,25.496073,893.334270320412,8.75952808811392,-3.00812247981874,-Inf,Inf,41.5457530986437,Served,25.496073,Stable,0
27,26,3,BS1,Terrestrial,158.603762337124,101.412896794587,57.9235636309893,50.992146,893.334270320412,8.75952808811392,-3.00243404862042,-Inf,Inf,57.9235636309893,Served,50.992146,Stable,0
27,26,4,BS2,Terrestrial,1289.96390375941,147.276323223118,12.0601372024582,18.7886344379046,893.334270320412,11.8866311608865,-3.01639935879342,-Inf,Inf,12.0601372024582,Served,18.7883110587191,InTransition,0.0172114256958314
27,26,5,BS1,Terrestrial,2496.53115061175,147.761436067755,11.5750243578207,36.1892775308623,893.334270320412,12.3425270034553,-3.02366103851044,-Inf,Inf,11.5750243578207,Served,36.1892775308623,Stable,0
27,26,6,BS2,Terrestrial,4576.26928829528,161.430533233896,-2.09407280831982,3.18412709125616,893.334270320412,70.1396524634311,-2.9734886365979,-Inf,Inf,-2.09407280831982,BelowTarget,3.18412709125616,Stable,0
28,27,1,BS2,Terrestrial,295.272687326099,90.4420082499789,68.894452175597,33.994764,893.334270320412,8.75952808811392,-2.95100348130267,-Inf,Inf,68.894452175597,Served,33.994764,Stable,0
28,27,2,BS2,Terrestrial,144.900842099444,110.784027032154,48.5524333934221,33.994764,893.334270320412,8.75952808811392,-2.95444494477961,-Inf,Inf,48.5524333934221,Served,33.994764,Stable,0
28,27,3,BS1,Terrestrial,158.603762337124,112.241153196438,47.0953072291382,50.992146,893.334270320412,8.75952808811392,-2.94874599236166,-Inf,Inf,47.0953072291382,Served,50.992146,Stable,0
28,27,4,BS2,Terrestrial,1289.96390375941,156.926868335906,2.40959208967013,8.90485014212114,893.334270320412,33.4399889222474,-2.96273732816033,-Inf,Inf,2.40959208967013,Served,8.90485014212114,Stable,0
28,27,5,BS1,Terrestrial,2496.53115061175,142.202225290365,17.1342351352108,50.992146,893.334270320412,8.75952808811392,-2.97001219481835,-Inf,Inf,17.1342351352108,Served,50.992146,Stable,0
28,27,6,None,Outage,4576.26928829528,171.267258257799,-11.9307978322227,NaN,NaN,Inf,-2.91974762300021,-Inf,Inf,-11.9307978322227,Outage,0,Outage,0
29,28,1,BS2,Terrestrial,295.272687326099,90.2019027187064,69.1345577068694,25.496073,893.334270320412,8.75952808811392,-2.8972200353754,-Inf,Inf,69.1345577068694,Served,25.496073,Stable,0
29,28,2,BS2,Terrestrial,144.900842099444,107.860218260627,51.4762421649491,25.496073,893.334270320412,8.75952808811392,-2.90066790449262,-Inf,Inf,51.4762421649491,Served,25.496073,Stable,0
29,28,3,BS1,Terrestrial,158.603762337124,100.008510452441,59.3279499731347,50.992146,893.334270320412,8.75952808811392,-2.89495836432442,-Inf,Inf,59.3279499731347,Served,50.992146,Stable,0
29,28,4,BS2,Terrestrial,1289.96390375941,154.697939960271,4.63852046530457,9.0288392993866,893.334270320412,24.735578979158,-2.90897589014564,-Inf,Inf,4.63852046530457,Served,9.0288392993866,Stable,0
29,28,5,BS1,Terrestrial,2496.53115061175,146.831043088893,12.5054173366831,38.859340548576,893.334270320412,11.4944599896607,-2.91626402725293,-Inf,Inf,12.5054173366831,Served,38.859340548576,Stable,0
29,28,6,BS2,Terrestrial,4576.26928829528,166.252181872448,-6.91572144687228,1.22626185868119,893.334270320412,182.12551095758,-2.86590670208085,-Inf,Inf,-6.91572144687228,BelowTarget,1.22626185868119,Stable,0
30,29,1,BS2,Terrestrial,295.272687326099,89.9782555003595,69.3582049252164,25.496073,893.334270320412,8.75952808811392,-2.8433364152222,-Inf,Inf,69.3582049252164,Served,25.496073,Stable,0
30,29,2,BS2,Terrestrial,144.900842099444,114.216108784714,45.1203516408614,25.496073,893.334270320412,8.75952808811392,-2.84679073055525,-Inf,Inf,45.1203516408614,Served,25.496073,Stable,0
30,29,3,BS1,Terrestrial,158.603762337124,97.5307669028565,61.8056935227194,50.992146,893.334270320412,8.75952808811392,-2.84107053555235,-Inf,Inf,61.8056935227194,Served,50.992146,Stable,0
30,29,4,BS2,Terrestrial,1289.96390375941,159.494426037784,-0.157965612208187,4.47066482150384,893.334270320412,49.9553369570162,-2.85511441716252,-Inf,Inf,-0.157965612208187,BelowTarget,4.47066482150384,Stable,0
30,29,5,BS1,Terrestrial,2496.53115061175,146.099391146639,13.2370692789373,40.980889363459,893.334270320412,10.8994007230717,-2.86241590892088,-Inf,Inf,13.2370692789373,Served,40.980889363459,Stable,0
30,29,6,BS2,Terrestrial,4576.26928829528,165.155081101383,-5.81862067580673,1.54040062981638,893.334270320412,144.984079633053,-2.81196524209229,-Inf,Inf,-5.81862067580673,BelowTarget,1.54040062981638,Stable,0
31,30,1,BS2,Terrestrial,295.272687326099,90.9653114482239,68.371148977352,33.994764,893.334270320412,8.75952808811392,-2.78935198687129,-Inf,Inf,68.371148977352,Served,33.994764,Stable,0
31,30,2,BS2,Terrestrial,144.900842099444,116.345622888257,42.9908375373185,33.994764,893.334270320412,8.75952808811392,-2.79281278933424,-Inf,Inf,42.9908375373185,Served,33.994764,Stable,0
31,30,3,BS1,Terrestrial,158.603762337124,99.2089204359927,60.1275399895831,50.992146,893.334270320412,8.75952808811392,-2.78708187185261,-Inf,Inf,60.1275399895831,Served,50.992146,Stable,0
31,30,4,BS2,Terrestrial,1289.96390375941,151.280648236941,8.05581218863512,17.6611278011704,893.334270320412,16.8606497534699,-2.80115227640179,-Inf,Inf,8.05581218863512,Served,17.6611278011704,Stable,0
31,30,5,BS1,Terrestrial,2496.53115061175,161.872329308675,-2.53586888309957,5.86998793616884,893.334270320412,76.0933651001218,-2.80846720771362,-Inf,Inf,-2.53586888309957,Served,5.86998793616884,Stable,0
31,30,6,None,Outage,4576.26928829528,167.417049507876,-8.08058908229989,NaN,NaN,Inf,-2.75792260602187,-Inf,Inf,-8.08058908229989,Outage,0,Outage,0
32,31,1,BS2,Terrestrial,295.272687326099,88.8446910022451,70.4917694233307,33.994764,893.334270320412,8.75952808811392,-2.73526611106296,-Inf,Inf,70.4917694233307,Served,33.994764,Stable,0
32,31,2,BS2,Terrestrial,144.900842099444,116.252514450667,43.083945974909,33.994764,893.334270320412,8.75952808811392,-2.73873344191184,-Inf,Inf,43.083945974909,Served,33.994764,Stable,0
32,31,3,BS1,Terrestrial,158.603762337124,105.895346427309,53.441113998267,50.992146,893.334270320412,8.75952808811392,-2.73299173374217,-Inf,Inf,53.441113998267,Served,50.992146,Stable,0
32,31,4,BS2,Terrestrial,1289.96390375941,150.606301170583,8.73015925499249,18.8585926518353,893.334270320412,15.790048367041,-2.7470888297783,-Inf,Inf,8.73015925499249,Served,18.8585926518353,Stable,0
32,31,5,BS1,Terrestrial,2496.53115061175,152.781276109637,6.55518431593882,22.6351442624863,893.334270320412,19.7333460737194,-2.75441728625386,-Inf,Inf,6.55518431593882,Served,22.6351442624863,Stable,0
32,31,6,None,Outage,4576.26928829528,169.935213273087,-10.5987528475115,NaN,NaN,Inf,-2.70377815153776,-Inf,Inf,-10.5987528475115,Outage,0,Outage,0
33,32,1,BS2,Terrestrial,295.272687326099,91.4850546597472,67.8514057658287,33.994764,893.334270320412,8.75952808811392,-2.68107814319493,-Inf,Inf,67.8514057658287,Served,33.994764,Stable,0
33,32,2,BS2,Terrestrial,144.900842099444,108.361275569229,50.9751848563464,33.994764,893.334270320412,8.75952808811392,-2.6845520440313,-Inf,Inf,50.9751848563464,Served,33.994764,Stable,0
33,32,3,BS1,Terrestrial,158.603762337124,119.05471035672,40.2817500688563,50.992146,893.334270320412,8.75952808811392,-2.6787994763931,-Inf,Inf,40.2817500688563,Served,50.992146,Stable,0
33,32,4,BS2,Terrestrial,1289.96390375941,147.553793199704,11.7826672258714,24.5214698641107,893.334270320412,12.1435660976681,-2.69292343387648,-Inf,Inf,11.7826672258714,Served,24.5214698641107,Stable,0
33,32,5,BS1,Terrestrial,2496.53115061175,141.393954315399,17.9425061101767,50.992146,893.334270320412,8.75952808811392,-2.7002655018411,-Inf,Inf,17.9425061101767,Served,50.992146,Stable,0
33,32,6,None,Outage,4576.26928829528,167.853470829863,-8.51701040428716,NaN,NaN,Inf,-2.64953123093385,-Inf,Inf,-8.51701040428716,Outage,0,Outage,0
34,33,1,BS2,Terrestrial,295.272687326099,87.478287858597,71.8581725669789,50.992146,893.334270320412,8.75952808811392,-2.62678743326722,-Inf,Inf,71.8581725669789,Served,50.992146,Stable,0
34,33,2,BS2,Terrestrial,144.900842099444,120.933762458352,38.402697967224,50.992146,893.334270320412,8.75952808811392,-2.63026794604174,-Inf,Inf,38.402697967224,Served,50.992146,Stable,0
34,33,3,BS1,Terrestrial,158.603762337124,108.55328426005,50.7831761655254,33.994764,893.334270320412,8.75952808811392,-2.62450444957749,-Inf,Inf,50.7831761655254,Served,33.994764,Stable,0
34,33,4,BS1,Terrestrial,1684.50527938871,158.814401090546,0.522059335029809,6.66661697166987,893.334270320412,44.6670464753303,-2.63865543989535,-Inf,Inf,0.522059335029809,Served,6.66646713532563,InTransition,0.0224756191750323
34,33,5,BS1,Terrestrial,2496.53115061175,143.322315800303,16.0141446252731,32.7754148618399,893.334270320412,9.08541024917749,-2.64601120639686,-Inf,Inf,16.0141446252731,Served,32.7754148618399,Stable,0
34,33,6,None,Outage,4576.26928829528,172.590149461401,-13.2536890358253,NaN,NaN,Inf,-2.59518119107435,-Inf,Inf,-13.2536890358253,Outage,0,Outage,0
35,34,1,BS2,Terrestrial,295.272687326099,93.7743747530496,65.5620856725263,50.992146,893.334270320412,8.75952808811392,-2.57239332582651,-Inf,Inf,65.5620856725263,Served,50.992146,Stable,0
35,34,2,BS2,Terrestrial,144.900842099444,122.782379464855,36.5540809607212,50.992146,893.334270320412,8.75952808811392,-2.57588049284251,-Inf,Inf,36.5540809607212,Served,50.992146,Stable,0
35,34,3,BS1,Terrestrial,158.603762337124,120.940592021997,38.3958684035792,33.994764,893.334270320412,8.75952808811392,-2.57010599761165,-Inf,Inf,38.3958684035792,Served,33.994764,Stable,0
35,34,4,BS1,Terrestrial,1684.50527938871,153.31252264014,6.02393778543575,14.2156291265521,893.334270320412,20.9472326167127,-2.58428419359303,-Inf,Inf,6.02393778543575,Served,14.2156291265521,Stable,0
35,34,5,BS1,Terrestrial,2496.53115061175,142.068005618817,17.2684548067593,33.994764,893.334270320412,8.75952808811392,-2.59165374640913,-Inf,Inf,17.2684548067593,Served,33.994764,Stable,0
35,34,6,None,Outage,4576.26928829528,174.09972311564,-14.7632626900639,NaN,NaN,Inf,-2.54072737333766,-Inf,Inf,-14.7632626900639,Outage,0,Outage,0
36,35,1,BS2,Terrestrial,295.272687326099,92.0682861037364,67.2681743218394,33.994764,893.334270320412,8.75952808811392,-2.51789515990953,-Inf,Inf,67.2681743218394,Served,33.994764,Stable,0
36,35,2,BS2,Terrestrial,144.900842099444,114.630559091176,44.7059013344,33.994764,893.334270320412,8.75952808811392,-2.52138902382673,-Inf,Inf,44.7059013344,Served,33.994764,Stable,0
36,35,3,BS1,Terrestrial,158.603762337124,93.5380962404278,65.798364185148,50.992146,893.334270320412,8.75952808811392,-2.51560345929963,-Inf,Inf,65.798364185148,Served,50.992146,Stable,0
36,35,4,BS2,Terrestrial,1289.96390375941,152.41889706702,6.91756335855607,15.6979275244121,893.334270320412,18.9692613654716,-2.52980903523025,-Inf,Inf,6.91756335855607,Served,15.697657340699,InTransition,0.0172114256958314
36,35,5,BS1,Terrestrial,2496.53115061175,144.139602696379,15.1968577291968,46.7375946166688,893.334270320412,9.55691320496208,-2.53719246287616,-Inf,Inf,15.1968577291968,Served,46.7375946166688,Stable,0
36,35,6,None,Outage,4185.25875071361,175.489887171454,-16.1534267458786,NaN,NaN,Inf,-2.48616911355942,-Inf,Inf,-16.1534267458786,Outage,0,Outage,0
37,36,1,BS2,Terrestrial,295.272687326099,89.7426457002563,69.5938147253196,50.992146,893.334270320412,8.75952808811392,-2.4632922689857,-Inf,Inf,69.5938147253196,Served,50.992146,Stable,0
37,36,2,BS2,Terrestrial,144.900842099444,113.293320910523,46.0431395150526,50.992146,893.334270320412,8.75952808811392,-2.4667928728239,-Inf,Inf,46.0431395150526,Served,50.992146,Stable,0
37,36,3,BS1,Terrestrial,158.603762337124,99.243192226343,60.0932681992329,33.994764,893.334270320412,8.75952808811392,-2.46099616787572,-Inf,Inf,60.0932681992329,Served,33.994764,Stable,0
37,36,4,BS1,Terrestrial,1684.50527938871,154.544224530704,4.79223589487199,12.2720750458721,893.334270320412,24.2646894672443,-2.47522929951322,-Inf,Inf,4.79223589487199,Served,12.2717992233869,InTransition,0.0224756191750323
37,36,5,BS1,Terrestrial,2496.53115061175,147.32230977406,12.0141506515164,24.9635253681517,893.334270320412,11.9285271497233,-2.48262669124926,-Inf,Inf,12.0141506515164,Served,24.9635253681517,Stable,0
37,36,6,None,Outage,4576.26928829528,169.048878959968,-9.71241853439173,NaN,NaN,Inf,-2.43150574197473,-Inf,Inf,-9.71241853439173,Outage,0,Outage,0
38,37,1,BS2,Terrestrial,295.272687326099,89.9353922823836,69.4010681431923,25.496073,893.334270320412,8.75952808811392,-2.4085839808995,-Inf,Inf,69.4010681431923,Served,25.496073,Stable,0
38,37,2,BS2,Terrestrial,144.900842099444,113.777990861064,45.5584695645123,25.496073,893.334270320412,8.75952808811392,-2.41209136804232,-Inf,Inf,45.5584695645123,Served,25.496073,Stable,0
38,37,3,BS1,Terrestrial,158.603762337124,103.750577733819,55.5858826917567,50.992146,893.334270320412,8.75952808811392,-2.40628345094681,-Inf,Inf,55.5858826917567,Served,50.992146,Stable,0
38,37,4,BS2,Terrestrial,1289.96390375941,153.335008344091,6.00145208148513,10.6343035075647,893.334270320412,21.0012406944409,-2.42054431553608,-Inf,Inf,6.00145208148513,Served,10.6341204760401,InTransition,0.0172114256958314
38,37,5,BS1,Terrestrial,2496.53115061175,146.958060618787,12.3783998067891,38.4928823999988,893.334270320412,11.6038890130041,-2.42795576137541,-Inf,Inf,12.3783998067891,Served,38.4928823999988,Stable,0
38,37,6,BS2,Terrestrial,4576.26928829528,166.076989590803,-6.74052916522709,1.27218219956765,893.334270320412,175.551558303522,-2.37673658316012,-Inf,Inf,-6.74052916522709,BelowTarget,1.27218219956765,Stable,0
39,38,1,BS2,Terrestrial,295.272687326099,90.5536552923574,68.7828051332184,33.994764,893.334270320412,8.75952808811392,-2.35376961781174,-Inf,Inf,68.7828051332184,Served,33.994764,Stable,0
39,38,2,BS2,Terrestrial,144.900842099444,123.160536162863,36.175924262713,33.994764,893.334270320412,8.75952808811392,-2.35728383201041,-Inf,Inf,36.175924262713,Served,33.994764,Stable,0
39,38,3,BS1,Terrestrial,158.603762337124,113.930821330442,45.4056390951339,50.992146,893.334270320412,8.75952808811392,-2.35146463043367,-Inf,Inf,45.4056390951339,Served,50.992146,Stable,0
39,38,4,BS2,Terrestrial,1289.96390375941,151.014689443258,8.32177098231767,18.1305809253567,893.334270320412,16.4240788164898,-2.36575340672237,-Inf,Inf,8.32177098231767,Served,18.1305809253567,Stable,0
39,38,5,BS1,Terrestrial,2496.53115061175,143.325473719897,16.0109867056791,49.1537274287572,893.334270320412,9.08714676435474,-2.37317899743883,-Inf,Inf,16.0109867056791,Served,49.1537274287572,Stable,0
39,38,6,None,Outage,4576.26928829528,169.53695647878,-10.2004960532045,NaN,NaN,Inf,-2.32186095597435,-Inf,Inf,-10.2004960532045,Outage,0,Outage,0
40,39,1,BS2,Terrestrial,295.272687326099,91.469163762935,67.8672966626409,33.994764,893.334270320412,8.75952808811392,-2.29884849614013,-Inf,Inf,67.8672966626409,Served,33.994764,Stable,0
40,39,2,BS2,Terrestrial,144.900842099444,119.25950533192,40.0769550936557,33.994764,893.334270320412,8.75952808811392,-2.30236958151734,-Inf,Inf,40.0769550936557,Served,33.994764,Stable,0
40,39,3,BS1,Terrestrial,158.603762337124,111.325892934668,48.0105674909078,50.992146,893.334270320412,8.75952808811392,-2.29653902251142,-Inf,Inf,48.0105674909078,Served,50.992146,Stable,0
40,39,4,BS2,Terrestrial,1289.96390375941,156.996299957588,2.34016046798823,8.81544195079489,893.334270320412,33.7791447971538,-2.31085589076574,-Inf,Inf,2.34016046798823,Served,8.81544195079489,Stable,0
40,39,5,BS1,Terrestrial,2496.53115061175,153.439030952232,5.89742947334381,21.0156674063582,893.334270320412,21.2540066667151,-2.31829571790179,-Inf,Inf,5.89742947334381,Served,21.0156674063582,Stable,0
40,39,6,None,Outage,4576.26928829528,167.760441594452,-8.42398116887628,NaN,NaN,Inf,-2.26687817349865,-Inf,Inf,-8.42398116887628,Outage,0,Outage,0
41,40,1,BS2,Terrestrial,295.272687326099,89.4490644718294,69.8873959537465,33.994764,893.334270320412,8.75952808811392,-2.24381992649952,-Inf,Inf,69.8873959537465,Served,33.994764,Stable,0
41,40,2,BS2,Terrestrial,144.900842099444,110.140302774789,49.1961576507868,33.994764,893.334270320412,8.75952808811392,-2.24734792755334,-Inf,Inf,49.1961576507868,Served,33.994764,Stable,0
41,40,3,BS1,Terrestrial,158.603762337124,97.0943636978879,62.242096727688,50.992146,893.334270320412,8.75952808811392,-2.24150593754981,-Inf,Inf,62.242096727688,Served,50.992146,Stable,0
41,40,4,BS2,Terrestrial,1289.96390375941,147.960978474923,11.3754819506533,23.7474770514145,893.334270320412,12.5393568951388,-2.25585107957039,-Inf,Inf,11.3754819506533,Served,23.7474770514145,Stable,0
41,40,5,BS1,Terrestrial,2496.53115061175,148.686463118361,10.6499973072144,33.5713399523216,893.334270320412,13.3050136156188,-2.26330523544509,-Inf,Inf,10.6499973072144,Served,33.5713399523216,Stable,0
41,40,6,None,Outage,4576.26928829528,171.801497956094,-12.4650375305178,NaN,NaN,Inf,-2.21178754297649,-Inf,Inf,-12.4650375305178,Outage,0,Outage,0
42,41,1,BS2,Terrestrial,295.272687326099,91.3591420194286,67.9773184061472,25.496073,893.334270320412,8.75952808811392,-2.1886832136406,-Inf,Inf,67.9773184061472,Served,25.496073,Stable,0
42,41,2,BS2,Terrestrial,144.900842099444,119.760888530573,39.5755718950032,25.496073,893.334270320412,8.75952808811392,-2.19221817524839,-Inf,Inf,39.5755718950032,Served,25.496073,Stable,0
42,41,3,BS1,Terrestrial,158.603762337124,100.597965596985,58.7384948285913,50.992146,893.334270320412,8.75952808811392,-2.18636468005189,-Inf,Inf,58.7384948285913,Served,50.992146,Stable,0
42,41,4,BS2,Terrestrial,1289.96390375941,155.769267726846,3.56719269872985,7.85298541629281,893.334270320412,28.4393203019003,-2.20073827918991,-Inf,Inf,3.56719269872985,Served,7.85298541629281,Stable,0
42,41,5,BS1,Terrestrial,2496.53115061175,148.80898492528,10.5274755002959,33.2277132217326,893.334270320412,13.4426083486258,-2.20820685690706,-Inf,Inf,10.5274755002959,Served,33.2277132217326,Stable,0
42,41,6,BS2,Terrestrial,4576.26928829528,161.874537854179,-2.53807742860306,2.93378847922807,893.334270320412,76.1246317385723,-2.15658836575185,-Inf,Inf,-2.53807742860306,BelowTarget,2.93378847922807,Stable,0
43,42,1,BS2,Terrestrial,295.272687326099,89.6848738974999,69.6515865280759,25.496073,893.334270320412,8.75952808811392,-2.13343765638884,-Inf,Inf,69.6515865280759,Served,25.496073,Stable,0
43,42,2,BS2,Terrestrial,144.900842099444,111.03138071606,48.3050797095155,25.496073,893.334270320412,8.75952808811392,-2.13697962381126,-Inf,Inf,48.3050797095155,Served,25.496073,Stable,0
43,42,3,BS1,Terrestrial,158.603762337124,99.564963474846,59.7714969507299,101.984292,893.334270320412,8.75952808811392,-2.1311145485928,-Inf,Inf,59.7714969507299,Served,101.984292,Stable,0
43,42,4,BS2,Terrestrial,1289.96390375941,150.530685738628,8.80577468694739,14.2457236823493,893.334270320412,15.6772356785789,-2.14551678976634,-Inf,Inf,8.80577468694739,Served,14.2457236823493,Stable,0
43,42,5,BS2,Terrestrial,2067.2298489109,155.179366097551,4.15709432802501,8.49041361598456,893.334270320412,26.304203503071,-2.15299988322277,-Inf,Inf,4.15709432802501,Served,8.49017943215521,InTransition,0.0275821461647431
43,42,6,None,Outage,4576.26928829528,175.803038550289,-16.4665781247132,NaN,NaN,Inf,-2.10127993720768,-Inf,Inf,-16.4665781247132,Outage,0,Outage,0
44,43,1,BS2,Terrestrial,295.272687326099,90.1554852614071,69.1809751641688,33.994764,893.334270320412,8.75952808811392,-2.07808254758186,-Inf,Inf,69.1809751641688,Served,33.994764,Stable,0
44,43,2,BS2,Terrestrial,144.900842099444,113.103306839912,46.2331535856639,33.994764,893.334270320412,8.75952808811392,-2.08163156646689,-Inf,Inf,46.2331535856639,Served,33.994764,Stable,0
44,43,3,BS1,Terrestrial,158.603762337124,114.972413331693,44.364047093883,50.992146,893.334270320412,8.75952808811392,-2.07575483575728,-Inf,Inf,44.364047093883,Served,50.992146,Stable,0
44,43,4,BS2,Terrestrial,1289.96390375941,148.291538149487,11.044922276089,23.1227329216362,893.334270320412,12.8781529032915,-2.09018590546785,-Inf,Inf,11.044922276089,Served,23.1227329216362,Stable,0
44,43,5,BS1,Terrestrial,2496.53115061175,143.199994574467,16.1364658511087,49.5271573005279,893.334270320412,9.01863057574365,-2.09768360936162,-Inf,Inf,16.1364658511087,Served,49.5255075446691,InTransition,0.0333101261755124
44,43,6,None,Outage,4576.26928829528,172.178466809128,-12.842006383552,NaN,NaN,Inf,-2.04586154670294,-Inf,Inf,-12.842006383552,Outage,0,Outage,0
45,44,1,BS2,Terrestrial,295.272687326099,90.0743813179263,69.2620791076495,33.994764,893.334270320412,8.75952808811392,-2.02261717400633,-Inf,Inf,69.2620791076495,Served,33.994764,Stable,0
45,44,2,BS1,Terrestrial,565.376556244471,131.945061499268,27.3913989263078,33.994764,893.334270320412,8.75952808811392,-2.02617329039335,-Inf,Inf,27.3913989263078,Served,33.9945075580237,InTransition,0.00754357277719736
45,44,3,BS1,Terrestrial,158.603762337124,100.337482563696,58.9989778618799,33.994764,893.334270320412,8.75952808811392,-2.0202848280764,-Inf,Inf,58.9989778618799,Served,33.994764,Stable,0
45,44,4,BS2,Terrestrial,1289.96390375941,148.095002197148,11.2414582284281,23.4937753123377,893.334270320412,12.6747653856393,-2.03474491442564,-Inf,Inf,11.2414582284281,Served,23.4937753123377,Stable,0
45,44,5,BS1,Terrestrial,2496.53115061175,141.854824173599,17.4816362519765,33.994764,893.334270320412,8.75952808811392,-2.04225732426457,-Inf,Inf,17.4816362519765,Served,33.994764,Stable,0
45,44,6,BS2,Terrestrial,4576.26928829528,166.611836580494,-7.27537615491846,1.51558743972263,893.334270320412,196.477011027025,-1.99033247750889,-Inf,Inf,-7.27537615491846,BelowTarget,1.51558743972263,Stable,0
46,45,1,BS2,Terrestrial,295.272687326099,87.5388992574032,71.7975611681727,25.496073,893.334270320412,8.75952808811392,-1.96704081633423,-Inf,Inf,71.7975611681727,Served,25.496073,Stable,0
46,45,2,BS2,Terrestrial,144.900842099444,113.087748517114,46.2487119084622,25.496073,893.334270320412,8.75952808811392,-1.97060407665821,-Inf,Inf,46.2487119084622,Served,25.4960237071996,InTransition,0.00193334873153406
46,45,3,BS1,Terrestrial,158.603762337124,100.829924322586,58.5065361029897,50.992146,893.334270320412,8.75952808811392,-1.96470380596385,-Inf,Inf,58.5065361029897,Served,50.992146,Stable,0
46,45,4,BS2,Terrestrial,1289.96390375941,148.34068195018,10.9957784753957,17.2726071959198,893.334270320412,12.9299280095283,-1.97919309867052,-Inf,Inf,10.9957784753957,Served,17.2726071959198,Stable,0
46,45,5,BS1,Terrestrial,2496.53115061175,145.28285516162,14.0536052639557,43.3676951505768,893.334270320412,10.299535947422,-1.98672031078068,-Inf,Inf,14.0536052639557,Served,43.3676951505768,Stable,0
46,45,6,BS2,Terrestrial,4576.26928829528,161.726136151418,-2.3896757258423,3.01566856186215,893.334270320412,74.0577298196844,-1.93469200674505,-Inf,Inf,-2.3896757258423,BelowTarget,3.01566856186215,Stable,0
47,46,1,BS2,Terrestrial,295.272687326099,87.7446629513763,71.5917974741996,50.992146,893.334270320412,8.75952808811392,-1.91135274905806,-Inf,Inf,71.5917974741996,Served,50.992146,Stable,0
47,46,2,BS2,Terrestrial,144.900842099444,108.74839358693,50.5880668386463,50.992146,893.334270320412,8.75952808811392,-1.9149232001537,-Inf,Inf,50.5880668386463,Served,50.992146,Stable,0
47,46,3,BS1,Terrestrial,158.603762337124,100.81257848319,58.5238819423861,33.994764,893.334270320412,8.75952808811392,-1.90901104365113,-Inf,Inf,58.5238819423861,Served,33.994764,Stable,0
47,46,4,BS1,Terrestrial,1684.50527938871,154.418638872715,4.91782155286083,12.4644822618991,893.334270320412,23.8901290763627,-1.9235297340682,-Inf,Inf,4.91782155286083,Served,12.4642021149426,InTransition,0.0224756191750323
47,46,5,BS1,Terrestrial,2496.53115061175,157.740621597849,1.59583882772677,7.89037549793179,893.334270320412,37.7394067221334,-1.93107184560257,-Inf,Inf,1.59583882772677,Served,7.89037549793179,Stable,0
47,46,6,None,Outage,4576.26928829528,170.850860523769,-11.5144000981929,NaN,NaN,Inf,-1.87893940531385,-Inf,Inf,-11.5144000981929,Outage,0,Outage,0
48,47,1,BS2,Terrestrial,295.272687326099,91.4125133431422,67.9239470824337,25.496073,893.334270320412,8.75952808811392,-1.85555224042536,-Inf,Inf,67.9239470824337,Served,25.496073,Stable,0
48,47,2,BS2,Terrestrial,144.900842099444,113.311035031057,46.0254253945185,25.496073,893.334270320412,8.75952808811392,-1.85912992953136,-Inf,Inf,46.0254253945185,Served,25.496073,Stable,0
48,47,3,BS1,Terrestrial,158.603762337124,104.168233198735,55.1682272268406,50.992146,893.334270320412,8.75952808811392,-1.85320580912197,-Inf,Inf,55.1682272268406,Served,50.992146,Stable,0
48,47,4,BS2,Terrestrial,1289.96390375941,151.776024290741,7.56043613483442,12.5978885984361,893.334270320412,17.7278570004046,-1.86775409025407,-Inf,Inf,7.56043613483442,Served,12.5976717708126,InTransition,0.0172114256958314
48,47,5,BS1,Terrestrial,2496.53115061175,148.568055274281,10.7684051512953,33.9041598694385,893.334270320412,13.1744050547271,-1.87531119920125,-Inf,Inf,10.7684051512953,Served,33.9041598694385,Stable,0
48,47,6,BS2,Terrestrial,4576.26928829528,162.79140313144,-3.45494270586454,2.46660863233171,893.334270320412,90.54276574431,-1.82307393783468,-Inf,Inf,-3.45494270586454,BelowTarget,2.46660863233171,Stable,0
49,48,1,BS2,Terrestrial,295.272687326099,90.5449406725486,68.7915197530272,33.994764,893.334270320412,8.75952808811392,-1.79963855237231,-Inf,Inf,68.7915197530272,Served,33.994764,Stable,0
49,48,2,BS2,Terrestrial,144.900842099444,113.277957222989,46.0585032025865,33.994764,893.334270320412,8.75952808811392,-1.80322352713569,-Inf,Inf,46.0585032025865,Served,33.994764,Stable,0
49,48,3,BS1,Terrestrial,158.603762337124,99.6698886244954,59.6665718010805,50.992146,893.334270320412,8.75952808811392,-1.79728736404598,-Inf,Inf,59.6665718010805,Served,50.992146,Stable,0
49,48,4,BS2,Terrestrial,1289.96390375941,149.455289762408,9.88117066316775,20.9523763157322,893.334270320412,14.2121392638035,-1.81186543056691,-Inf,Inf,9.88117066316775,Served,20.9523763157322,Stable,0
49,48,5,BS1,Terrestrial,2496.53115061175,144.604147143506,14.73231328207,45.3647408804954,893.334270320412,9.84612997871771,-1.81943763576003,-Inf,Inf,14.73231328207,Served,45.3647408804954,Stable,0
49,48,6,None,Outage,4576.26928829528,173.589470128207,-14.253009702631,NaN,NaN,Inf,-1.7670948625771,-Inf,Inf,-14.253009702631,Outage,0,Outage,0
50,49,1,BS2,Terrestrial,295.272687326099,86.005198510726,73.3312619148498,33.994764,893.334270320412,8.75952808811392,-1.74361094045678,-Inf,Inf,73.3312619148498,Served,33.994764,Stable,0
50,49,2,BS2,Terrestrial,144.900842099444,127.967381626521,31.369078799055,33.994764,893.334270320412,8.75952808811392,-1.74720324893716,-Inf,Inf,31.369078799055,Served,33.994764,Stable,0
50,49,3,BS1,Terrestrial,158.603762337124,100.709852433239,58.6266079923369,50.992146,893.334270320412,8.75952808811392,-1.74125496371156,-Inf,Inf,58.6266079923369,Served,50.992146,Stable,0
50,49,4,BS2,Terrestrial,1289.96390375941,144.904182453006,14.4322779725703,29.6537085732242,893.334270320412,10.0418498877298,-1.75586301198217,-Inf,Inf,14.4322779725703,Served,29.6537085732242,Stable,0
50,49,5,BS1,Terrestrial,2496.53115061175,143.653999362243,15.682461063333,48.1772924085867,893.334270320412,9.27132084078258,-1.76345041310782,-Inf,Inf,15.682461063333,Served,48.1772924085867,Stable,0
50,49,6,None,Outage,4576.26928829528,169.19700533313,-9.86054490755456,NaN,NaN,Inf,-1.71100143139327,-Inf,Inf,-9.86054490755456,Outage,0,Outage,0
51,50,1,BS2,Terrestrial,295.272687326099,87.7491808176294,71.5872796079465,25.496073,893.334270320412,8.75952808811392,-1.68746865379003,-Inf,Inf,71.5872796079465,Served,25.496073,Stable,0
51,50,2,BS2,Terrestrial,144.900842099444,116.001772104065,43.3346883215108,25.496073,893.334270320412,8.75952808811392,-1.69106834446412,-Inf,Inf,43.3346883215108,Served,25.496073,Stable,0
51,50,3,BS1,Terrestrial,158.603762337124,96.5211867183208,62.8152737072551,50.992146,893.334270320412,8.75952808811392,-1.68510785695769,-Inf,Inf,62.8152737072551,Served,50.992146,Stable,0
51,50,4,BS2,Terrestrial,1289.96390375941,152.27533412473,7.06112630084542,11.9558586912724,893.334270320412,18.6798433594011,-1.69974608504385,-Inf,Inf,7.06112630084542,Served,11.9558586912724,Stable,0
51,50,5,BS1,Terrestrial,2496.53115061175,154.541998529505,4.79446189607049,18.4132102411499,893.334270320412,24.257971820796,-1.70734878265117,-Inf,Inf,4.79446189607049,Served,18.4132102411499,Stable,0
51,50,6,BS2,Terrestrial,4576.26928829528,159.566247646159,-0.229787220582807,4.41713126441016,893.334270320412,50.560772187042,-1.65479288964929,-Inf,Inf,-0.229787220582807,BelowTarget,4.41713126441016,Stable,0
52,51,1,BS2,Terrestrial,295.272687326099,89.1111889598573,70.2252714657186,33.994764,893.334270320412,8.75952808811392,-1.6312109349681,-Inf,Inf,70.2252714657186,Served,33.994764,Stable,0
52,51,2,BS2,Terrestrial,144.900842099444,118.114326503226,41.2221339223503,33.994764,893.334270320412,8.75952808811392,-1.63481805673412,-Inf,Inf,41.2221339223503,Served,33.994764,Stable,0
52,51,3,BS1,Terrestrial,158.603762337124,102.008672425606,57.3277879999701,33.994764,893.334270320412,8.75952808811392,-1.62884528610517,-Inf,Inf,57.3277879999701,Served,33.994764,Stable,0
52,51,4,BS1,Terrestrial,1684.50527938871,153.844200362805,5.49226006277075,13.361608042714,893.334270320412,22.2860967897633,-1.64351389379609,-Inf,Inf,5.49226006277075,Served,13.3613077323,InTransition,0.0224756191750323
52,51,5,BS1,Terrestrial,2496.53115061175,152.72313586408,6.61332456149543,15.1870156661443,893.334270320412,19.6074131121513,-1.65113198930598,-Inf,Inf,6.61332456149543,Served,15.1870156661443,Stable,0
52,51,6,BS2,Terrestrial,4576.26928829528,166.330194402958,-6.99373397738208,1.60840424783614,893.334270320412,185.13883590361,-1.598468476156,-Inf,Inf,-6.99373397738208,BelowTarget,1.60840424783614,Stable,0
53,52,1,BS2,Terrestrial,295.272687326099,90.2331536081921,69.1033068173838,25.496073,893.334270320412,8.75952808811392,-1.57483702000213,-Inf,Inf,69.1033068173838,Served,25.496073,Stable,0
53,52,2,BS2,Terrestrial,144.900842099444,107.559944083549,51.7765163420271,25.496073,893.334270320412,8.75952808811392,-1.57845162218433,-Inf,Inf,51.7765163420271,Served,25.496073,Stable,0
53,52,3,BS1,Terrestrial,158.603762337124,103.676656386358,55.6598040392174,50.992146,893.334270320412,8.75952808811392,-1.57246648688697,-Inf,Inf,55.6598040392174,Served,50.992146,Stable,0
53,52,4,BS2,Terrestrial,1289.96390375941,146.478791607538,12.8576688180375,19.9392800196545,893.334270320412,11.2006836435398,-1.58716567571367,-Inf,Inf,12.8576688180375,Served,19.938936836218,InTransition,0.0172114256958314
53,52,5,BS1,Terrestrial,2496.53115061175,154.282447314212,5.05401311136393,19.0120140282175,893.334270320412,23.49394096266,-1.59479927142807,-Inf,Inf,5.05401311136393,Served,19.0120140282175,Stable,0
53,52,6,BS2,Terrestrial,4576.26928829528,164.786079070135,-5.44961864455945,1.6611704972045,893.334270320412,134.443495087313,-1.54202742309886,-Inf,Inf,-5.44961864455945,BelowTarget,1.6611704972045,Stable,0
54,53,1,BS2,Terrestrial,295.272687326099,88.8812922759787,70.4551681495972,25.496073,893.334270320412,8.75952808811392,-1.51834613824728,-Inf,Inf,70.4551681495972,Served,25.496073,Stable,0
54,53,2,BS2,Terrestrial,144.900842099444,118.160066755786,41.1763936697899,25.496073,893.334270320412,8.75952808811392,-1.52196827060053,-Inf,Inf,41.1763936697899,Served,25.496073,Stable,0
54,53,3,BS1,Terrestrial,158.603762337124,100.847265199513,58.4891952260632,50.992146,893.334270320412,8.75952808811392,-1.51597068837711,-Inf,Inf,58.4891952260632,Served,50.992146,Stable,0
54,53,4,BS2,Terrestrial,1289.96390375941,150.868406283843,8.46805414173306,13.7927848546947,893.334270320412,16.1920576542659,-1.53070066163112,-Inf,Inf,8.46805414173306,Served,13.7927848546947,Stable,0
54,53,5,BS1,Terrestrial,2496.53115061175,154.088764023406,5.24769640217016,19.4644595900735,893.334270320412,22.9478313072713,-1.53834986074246,-Inf,Inf,5.24769640217016,Served,19.4644595900735,Stable,0
54,53,6,BS2,Terrestrial,4576.26928829528,166.405009768685,-7.06854934310874,1.18744111998643,893.334270320412,188.07969828656,-1.48546895596631,-Inf,Inf,-7.06854934310874,BelowTarget,1.18744111998643,Stable,0
55,54,1,BS2,Terrestrial,295.272687326099,92.0407306408517,67.2957297847242,33.994764,893.334270320412,8.75952808811392,-1.46173751233193,-Inf,Inf,67.2957297847242,Served,33.994764,Stable,0
55,54,2,BS2,Terrestrial,144.900842099444,105.678116998226,53.6583434273499,33.994764,893.334270320412,8.75952808811392,-1.46536722504635,-Inf,Inf,53.6583434273499,Served,33.994764,Stable,0
55,54,3,BS1,Terrestrial,158.603762337124,111.062059105595,48.2744013199812,50.992146,893.334270320412,8.75952808811392,-1.45935711291978,-Inf,Inf,48.2744013199812,Served,50.992146,Stable,0
55,54,4,BS2,Terrestrial,1289.96390375941,150.336784800529,8.99967562504719,19.343537354142,893.334270320412,15.3941900416183,-1.47411807567217,-Inf,Inf,8.99967562504719,Served,19.343537354142,Stable,0
55,54,5,BS1,Terrestrial,2496.53115061175,146.408531130454,12.9279292951215,40.0823523058234,893.334270320412,11.1437355710112,-1.48178298227291,-Inf,Inf,12.9279292951215,Served,40.0823523058234,Stable,0
55,54,6,None,Outage,4185.25875071361,167.640347736914,-8.30388731133789,NaN,NaN,Inf,-1.42879229347847,-Inf,Inf,-8.30388731133789,Outage,0,Outage,0
56,55,1,BS2,Terrestrial,295.272687326099,88.8829968896723,70.4534635359036,33.994764,893.334270320412,8.75952808811392,-1.40501035808462,-Inf,Inf,70.4534635359036,Served,33.994764,Stable,0
56,55,2,BS2,Terrestrial,144.900842099444,116.01410168669,43.3223587388863,33.994764,893.334270320412,8.75952808811392,-1.40864770179027,-Inf,Inf,43.3223587388863,Served,33.994764,Stable,0
56,55,3,BS1,Terrestrial,158.603762337124,100.12503483554,59.2114255900354,33.994764,893.334270320412,8.75952808811392,-1.40262497605627,-Inf,Inf,59.2114255900354,Served,33.994764,Stable,0
56,55,4,BS1,Terrestrial,1684.50527938871,151.62392086016,7.71253956541608,17.0609575306748,893.334270320412,17.453773598077,-1.4174171351768,-Inf,Inf,7.71253956541608,Served,17.0605740750905,InTransition,0.0224756191750323
56,55,5,BS1,Terrestrial,2496.53115061175,160.293164259247,-0.956703833671213,5.20095080258241,893.334270320412,57.2545485258098,-1.42509785426912,-Inf,Inf,-0.956703833671213,BelowTarget,5.20095080258241,Stable,0
56,55,6,BS2,Terrestrial,4576.26928829528,162.570398926345,-3.23393850076914,3.43100296061994,893.334270320412,86.7903914757914,-1.37199664751355,-Inf,Inf,-3.23393850076914,BelowTarget,3.43100296061994,Stable,0
57,56,1,BS2,Terrestrial,295.272687326099,89.9863154994443,69.3501449261315,33.994764,893.334270320412,8.75952808811392,-1.3481638844612,-Inf,Inf,69.3501449261315,Served,33.994764,Stable,0
57,56,2,BS2,Terrestrial,144.900842099444,113.018095305326,46.3183651202499,33.994764,893.334270320412,8.75952808811392,-1.35180891023282,-Inf,Inf,46.3183651202499,Served,33.994764,Stable,0
57,56,3,BS1,Terrestrial,158.603762337124,102.300024903183,57.0364355223933,50.992146,893.334270320412,8.75952808811392,-1.34577348645208,-Inf,Inf,57.0364355223933,Served,50.992146,Stable,0
57,56,4,BS2,Terrestrial,1289.96390375941,150.007933324368,9.32852710120824,19.9398034732149,893.334270320412,14.9338528088709,-1.36059705062869,-Inf,Inf,9.32852710120824,Served,19.9394602807691,InTransition,0.0172114256958314
57,56,5,BS1,Terrestrial,2496.53115061175,150.857322513641,8.47913791193471,27.6151641759352,893.334270320412,16.1747050393945,-1.36829368813424,-Inf,Inf,8.47913791193471,Served,27.6151641759352,Stable,0
57,56,6,None,Outage,4576.26928829528,171.981719606492,-12.6452591809158,NaN,NaN,Inf,-1.31508122303446,-Inf,Inf,-12.6452591809158,Outage,0,Outage,0
58,57,1,BS2,Terrestrial,295.272687326099,91.4254141065476,67.9110463190283,33.994764,893.334270320412,8.75952808811392,-1.2911972934702,-Inf,Inf,67.9110463190283,Served,33.994764,Stable,0
58,57,2,BS2,Terrestrial,144.900842099444,109.804112969692,49.5323474558839,33.994764,893.334270320412,8.75952808811392,-1.29485005283206,-Inf,Inf,49.5323474558839,Served,33.994764,Stable,0
58,57,3,BS1,Terrestrial,158.603762337124,100.547542292407,58.7889181331688,50.992146,893.334270320412,8.75952808811392,-1.28880184582227,-Inf,Inf,58.7889181331688,Served,50.992146,Stable,0
58,57,4,BS2,Terrestrial,1289.96390375941,145.569180300534,13.7672801250415,28.3524286568351,893.334270320412,10.5027365983696,-1.30365702558075,-Inf,Inf,13.7672801250415,Served,28.3524286568351,Stable,0
58,57,5,BS1,Terrestrial,2496.53115061175,142.785528322499,16.5509321030771,50.7624070072539,893.334270320412,8.79917169996249,-1.31136968835061,-Inf,Inf,16.5509321030771,Served,50.7624070072539,Stable,0
58,57,6,None,Outage,4576.26928829528,168.160088876076,-8.82362845050008,NaN,NaN,Inf,-1.25804521801365,-Inf,Inf,-8.82362845050008,Outage,0,Outage,0
59,58,1,BS2,Terrestrial,295.272687326099,93.662107888762,65.6743525368139,33.994764,893.334270320412,8.75952808811392,-1.23410978009791,-Inf,Inf,65.6743525368139,Served,33.994764,Stable,0
59,58,2,BS2,Terrestrial,144.900842099444,112.804480691242,46.5319797343336,33.994764,893.334270320412,8.75952808811392,-1.23777032502867,-Inf,Inf,46.5319797343336,Served,33.994764,Stable,0
59,58,3,BS1,Terrestrial,158.603762337124,98.3267509046406,61.0097095209353,50.992146,893.334270320412,8.75952808811392,-1.23170924885646,-Inf,Inf,61.0097095209353,Served,50.992146,Stable,0
59,58,4,BS2,Terrestrial,1289.96390375941,148.285571511485,11.0508889140912,23.1339796562552,893.334270320412,12.8718921055283,-1.24659625658044,-Inf,Inf,11.0508889140912,Served,23.1339796562552,Stable,0
59,58,5,BS1,Terrestrial,2496.53115061175,145.613778778108,13.7226816474679,42.3981479077502,893.334270320412,10.5350624308417,-1.25432505240513,-Inf,Inf,13.7226816474679,Served,42.3981479077502,Stable,0
59,58,6,None,Outage,4185.25875071361,174.43392673585,-15.0974663102744,NaN,NaN,Inf,-1.20088782335766,-Inf,Inf,-15.0974663102744,Outage,0,Outage,0
60,59,1,BS2,Terrestrial,295.272687326099,91.3095186067537,68.0269418188221,25.496073,893.334270320412,8.75952808811392,-1.17690053223195,-Inf,Inf,68.0269418188221,Served,25.496073,Stable,0
60,59,2,BS2,Terrestrial,144.900842099444,112.034389304498,47.3020711210775,25.496073,893.334270320412,8.75952808811392,-1.18056891516959,-Inf,Inf,47.3020711210775,Served,25.496073,Stable,0
60,59,3,BS1,Terrestrial,158.603762337124,102.949062748105,56.3873976774707,50.992146,893.334270320412,8.75952808811392,-1.1744948831424,-Inf,Inf,56.3873976774707,Served,50.992146,Stable,0
60,59,4,BS2,Terrestrial,1289.96390375941,148.71439541815,10.622065007426,16.7464660923704,893.334270320412,13.3361609755895,-1.18941393309352,-Inf,Inf,10.622065007426,Served,16.7464660923704,Stable,0
60,59,5,BS1,Terrestrial,2496.53115061175,159.822063533575,-0.48560310799931,8.46025627925966,893.334270320412,52.7959343566473,-1.19715897071319,-Inf,Inf,-0.48560310799931,Served,8.46025627925966,Stable,0
60,59,6,BS2,Terrestrial,4576.26928829528,159.049497021978,0.286963403597497,4.81238916503699,893.334270320412,46.408043888609,-1.14360822283004,-Inf,Inf,0.286963403597497,BelowTarget,4.81238916503699,Stable,0
61,60,1,BS2,Terrestrial,295.272687326099,92.2723183345253,67.0641420910506,33.994764,893.334270320412,8.75952808811392,-1.11956873058416,-Inf,Inf,67.0641420910506,Served,33.994764,Stable,0
61,60,2,BS2,Terrestrial,144.900842099444,121.368800183411,37.9676602421647,33.994764,893.334270320412,8.75952808811392,-1.12324500443096,-Inf,Inf,37.9676602421647,Served,33.994764,Stable,0
61,60,3,BS1,Terrestrial,158.603762337124,110.377930949647,48.9585294759289,33.994764,893.334270320412,8.75952808811392,-1.11715792908873,-Inf,Inf,48.9585294759289,Served,33.994764,Stable,0
61,60,4,BS1,Terrestrial,1684.50527938871,152.481604157993,6.85485626758259,15.592115607887,893.334270320412,19.0979914204958,-1.13210923742718,-Inf,Inf,6.85485626758259,Served,15.5917651654345,InTransition,0.0224756191750323
61,60,5,BS1,Terrestrial,2496.53115061175,147.948684483795,11.3877759417811,23.7707759684488,893.334270320412,12.527066449242,-1.13987062654187,-Inf,Inf,11.3877759417811,Served,23.7707759684488,Stable,0
61,60,6,BS2,Terrestrial,4576.26928829528,165.14710513152,-5.81064470594399,2.05723536362363,893.334270320412,144.74672921347,-1.08620559297378,-Inf,Inf,-5.81064470594399,BelowTarget,2.05723536362363,Stable,0
62,61,1,BS2,Terrestrial,295.272687326099,91.8295574684422,67.5069029571336,33.994764,893.334270320412,8.75952808811392,-1.06211354861268,-Inf,Inf,67.5069029571336,Served,33.994764,Stable,0
62,61,2,BS2,Terrestrial,144.900842099444,136.504441889437,22.8320185361387,33.994764,893.334270320412,8.75952808811392,-1.06579776674035,-Inf,Inf,22.8320185361387,Served,33.994764,Stable,0
62,61,3,BS1,Terrestrial,158.603762337124,101.857391262022,57.4790691635534,33.994764,893.334270320412,8.75952808811392,-1.05969755984718,-Inf,Inf,57.4790691635534,Served,33.994764,Stable,0
62,61,4,BS1,Terrestrial,1684.50527938871,166.862199114662,-7.5257386890857,1.4372277774843,893.334270320412,207.189211600147,-1.07468134465233,-Inf,Inf,-7.5257386890857,BelowTarget,1.4372277774843,Stable,0
62,61,5,BS1,Terrestrial,2496.53115061175,148.739719296889,10.5967411286873,22.2812541103189,893.334270320412,13.3645120975887,-1.08245919593249,-Inf,Inf,10.5967411286873,Served,22.2812541103189,Stable,0
62,61,6,BS2,Terrestrial,4576.26928829528,162.138107663287,-2.80164723771094,3.72364527918888,893.334270320412,79.9695104609076,-1.02867910303278,-Inf,Inf,-2.80164723771094,BelowTarget,3.72364527918888,Stable,0
63,62,1,BS2,Terrestrial,295.272687326099,90.4505666204882,68.8858938050877,33.994764,893.334270320412,8.75952808811392,-1.00453415244256,-Inf,Inf,68.8858938050877,Served,33.994764,Stable,0
63,62,2,BS2,Terrestrial,144.900842099444,118.295692633081,41.040767792495,33.994764,893.334270320412,8.75952808811392,-1.00822636869732,-Inf,Inf,41.040767792495,Served,33.994764,Stable,0
63,62,3,BS1,Terrestrial,158.603762337124,102.376915065601,56.9595453599751,50.992146,893.334270320412,8.75952808811392,-1.00211294123298,-Inf,Inf,56.9595453599751,Served,50.992146,Stable,0
63,62,4,BS2,Terrestrial,1289.96390375941,143.859077594867,15.4773828307087,31.7124935023741,893.334270320412,9.38992987367933,-1.01712942252448,-Inf,Inf,15.4773828307087,Served,31.7119476851485,InTransition,0.0172114256958314
63,62,5,BS1,Terrestrial,2496.53115061175,151.253398308717,8.08306211685849,26.5635785735539,893.334270320412,16.8150211359285,-1.02492384762142,-Inf,Inf,8.08306211685849,Served,26.5635785735539,Stable,0
63,62,6,None,Outage,4576.26928829528,170.011136444917,-10.6746760193413,NaN,NaN,Inf,-0.971027914871827,-Inf,Inf,-10.6746760193413,Outage,0,Outage,0
64,63,1,BS2,Terrestrial,295.272687326099,92.6712648817815,66.6651955437944,25.496073,893.334270320412,8.75952808811392,-0.946829700785546,-Inf,Inf,66.6651955437944,Served,25.496073,Stable,0
64,63,2,BS2,Terrestrial,144.900842099444,115.061444329012,44.2750160965635,25.496073,893.334270320412,8.75952808811392,-0.95052996949333,-Inf,Inf,44.2750160965635,Served,25.496073,Stable,0
64,63,3,BS1,Terrestrial,158.603762337124,99.4034453262769,59.933015099299,50.992146,893.334270320412,8.75952808811392,-0.944403231644673,-Inf,Inf,59.933015099299,Served,50.992146,Stable,0
64,63,4,BS2,Terrestrial,1289.96390375941,147.756572168822,11.5798882567543,18.1015728501402,893.334270320412,12.3377990094587,-0.959452631403664,-Inf,Inf,11.5798882567543,Served,18.1015728501402,Stable,0
64,63,5,BS1,Terrestrial,2496.53115061175,144.651497763075,14.6849626625011,45.2250671274328,893.334270320412,9.8765389093091,-0.96726374296036,-Inf,Inf,14.6849626625011,Served,45.2250671274328,Stable,0
64,63,6,BS2,Terrestrial,4576.26928829528,165.359729654632,-6.02326922905621,1.47683613978504,893.334270320412,151.224338004492,-0.913251182895841,-Inf,Inf,-6.02326922905621,BelowTarget,1.47683613978504,Stable,0
65,64,1,BS2,Terrestrial,295.272687326099,93.7999452688095,65.5365151567664,25.496073,893.334270320412,8.75952808811392,-0.888999344859128,-Inf,Inf,65.5365151567664,Served,25.496073,Stable,0
65,64,2,BS2,Terrestrial,144.900842099444,109.365871316576,49.9705891089997,25.496073,893.334270320412,8.75952808811392,-0.892707720830872,-Inf,Inf,49.9705891089997,Served,25.496073,Stable,0
65,64,3,BS1,Terrestrial,158.603762337124,105.485626260409,53.8508341651672,50.992146,893.334270320412,8.75952808811392,-0.886567581983149,-Inf,Inf,53.8508341651672,Served,50.992146,Stable,0
65,64,4,BS2,Terrestrial,1289.96390375941,150.651391945372,8.68506848020391,14.0833511772133,893.334270320412,15.8579847061866,-0.90165012417382,-Inf,Inf,8.68506848020391,Served,14.0833511772133,Stable,0
65,64,5,BS1,Terrestrial,2496.53115061175,146.928374365506,12.4080860600697,38.5784783111112,893.334270320412,11.5781429106176,-0.909478035835694,-Inf,Inf,12.4080860600697,Served,38.5784783111112,Stable,0
65,64,6,BS2,Terrestrial,4576.26928829528,160.787548714511,-1.45108828893464,3.57569843062278,893.334270320412,62.4587257324172,-0.855348053968341,-Inf,Inf,-1.45108828893464,BelowTarget,3.57569843062278,Stable,0
66,65,1,BS2,Terrestrial,295.272687326099,93.0111480071988,66.325312418377,25.496073,893.334270320412,8.75952808811392,-0.831042228304013,-Inf,Inf,66.325312418377,Served,25.496073,Stable,0
66,65,2,BS2,Terrestrial,144.900842099444,111.572148840695,47.7643115848804,25.496073,893.334270320412,8.75952808811392,-0.834758766840953,-Inf,Inf,47.7643115848804,Served,25.496073,Stable,0
66,65,3,BS1,Terrestrial,158.603762337124,111.288895071743,48.0475653538325,50.992146,893.334270320412,8.75952808811392,-0.828605135568964,-Inf,Inf,48.0475653538325,Served,50.992146,Stable,0
66,65,4,BS2,Terrestrial,1289.96390375941,145.305720783495,14.0307396420811,21.6503053141641,893.334270320412,10.315492753536,-0.843721046160422,-Inf,Inf,14.0307396420811,Served,21.6503053141641,Stable,0
66,65,5,BS1,Terrestrial,2496.53115061175,142.305750981803,17.0307094437733,50.992146,893.334270320412,8.75952808811392,-0.851565872586329,-Inf,Inf,17.0307094437733,Served,50.992146,Stable,0
66,65,6,BS2,Terrestrial,4576.26928829528,165.463436094733,-6.1269756691575,1.44552662272871,893.334270320412,154.499795485273,-0.79731766732823,-Inf,Inf,-6.1269756691575,BelowTarget,1.44552662272871,Stable,0
67,66,1,BS2,Terrestrial,295.272687326099,90.7580640365044,68.5783963890715,25.496073,893.334270320412,8.75952808811392,-0.77295748710091,-Inf,Inf,68.5783963890715,Served,25.496073,Stable,0
67,66,2,BS2,Terrestrial,144.900842099444,111.002041738672,48.3344186869034,25.496073,893.334270320412,8.75952808811392,-0.776682244000023,-Inf,Inf,48.3344186869034,Served,25.496073,Stable,0
67,66,3,BS1,Terrestrial,158.603762337124,101.145807404548,58.1906530210278,50.992146,893.334270320412,8.75952808811392,-0.770515028059232,-Inf,Inf,58.1906530210278,Served,50.992146,Stable,0
67,66,4,BS2,Terrestrial,1289.96390375941,147.968537003949,11.3679234216265,17.7998660641787,893.334270320412,12.5469240484652,-0.785664535047547,-Inf,Inf,11.3679234216265,Served,17.7998660641787,Stable,0
67,66,5,BS1,Terrestrial,2496.53115061175,150.624902975816,8.71155744976014,28.2378764046597,893.334270320412,15.8180143846263,-0.793526391920922,-Inf,Inf,8.71155744976014,Served,28.2378764046597,Stable,0
67,66,6,BS2,Terrestrial,4576.26928829528,163.246353682604,-3.90989325702768,2.25856306351439,893.334270320412,98.8830337252526,-0.739159154506024,-Inf,Inf,-3.90989325702768,BelowTarget,2.25856306351439,Stable,0
68,67,1,BS2,Terrestrial,295.272687326099,91.7552979231355,67.5811625024404,33.994764,893.334270320412,8.75952808811392,-0.714744249486285,-Inf,Inf,67.5811625024404,Served,33.994764,Stable,0
68,67,2,BS2,Terrestrial,144.900842099444,127.993006784734,31.3434536408417,33.994764,893.334270320412,8.75952808811392,-0.718477281045741,-Inf,Inf,31.3434536408417,Served,33.994764,Stable,0
68,67,3,BS1,Terrestrial,158.603762337124,114.704783877001,44.6316765485748,50.992146,893.334270320412,8.75952808811392,-0.712296387363209,-Inf,Inf,44.6316765485748,Served,50.992146,Stable,0
68,67,4,BS2,Terrestrial,1289.96390375941,148.677519611756,10.6589408138197,22.3976356094302,893.334270320412,13.2950680732313,-0.727479720793857,-Inf,Inf,10.6589408138197,Served,22.3976356094302,Stable,0
68,67,5,BS1,Terrestrial,2496.53115061175,151.894912546628,7.44154787894755,24.8879524302031,893.334270320412,17.9471226655893,-0.735358724833957,-Inf,Inf,7.44154787894755,Served,24.8879524302031,Stable,0
68,67,6,None,Outage,4576.26928829528,169.564963228217,-10.2285028026409,NaN,NaN,Inf,-0.680871639238988,-Inf,Inf,-10.2285028026409,Outage,0,Outage,0
69,68,1,BS2,Terrestrial,295.272687326099,91.3260274532405,68.0104329723354,25.496073,893.334270320412,8.75952808811392,-0.656401635866494,-Inf,Inf,68.0104329723354,Served,25.496073,Stable,0
69,68,2,BS2,Terrestrial,144.900842099444,108.291818687255,51.0446417383204,25.496073,893.334270320412,8.75952808811392,-0.660142998891182,-Inf,Inf,51.0446417383204,Served,25.496073,Stable,0
69,68,3,BS1,Terrestrial,158.603762337124,100.8873110884,58.4491493371757,50.992146,893.334270320412,8.75952808811392,-0.653948333556402,-Inf,Inf,58.4491493371757,Served,50.992146,Stable,0
69,68,4,BS2,Terrestrial,1289.96390375941,147.976798600903,11.359661824673,17.7881266366509,893.334270320412,12.5552044991597,-0.669165725546969,-Inf,Inf,11.359661824673,Served,17.7881266366509,Stable,0
69,68,5,BS1,Terrestrial,2496.53115061175,145.615160802197,13.7212996233791,42.3941049759675,893.334270320412,10.5360671115339,-0.677061994520293,-Inf,Inf,13.7212996233791,Served,42.3941049759675,Stable,0
69,68,6,BS2,Terrestrial,4576.26928829528,166.59114704434,-7.25468661876397,1.1416764257713,893.334270320412,195.618970961253,-0.622454237384551,-Inf,Inf,-7.25468661876397,BelowTarget,1.1416764257713,Stable,0
70,69,1,BS2,Terrestrial,295.272687326099,91.2609342872415,68.0755261383344,25.496073,893.334270320412,8.75952808811392,-0.597928758731443,-Inf,Inf,68.0755261383344,Served,25.496073,Stable,0
70,69,2,BS2,Terrestrial,144.900842099444,115.189901018903,44.1465594066732,25.496073,893.334270320412,8.75952808811392,-0.601678510538633,-Inf,Inf,44.1465594066732,Served,25.496073,Stable,0
70,69,3,BS1,Terrestrial,158.603762337124,105.973391690951,53.3630687346251,50.992146,893.334270320412,8.75952808811392,-0.595469978794286,-Inf,Inf,53.3630687346251,Served,50.992146,Stable,0
70,69,4,BS2,Terrestrial,1289.96390375941,146.527958426073,12.8085019995031,19.8680234127889,893.334270320412,11.240854862107,-0.610721663557396,-Inf,Inf,12.8085019995031,Served,19.8680234127889,Stable,0
70,69,5,BS1,Terrestrial,2496.53115061175,145.685010635552,13.6514497900241,42.1898369375414,893.334270320412,10.5870789645729,-0.618635316289246,-Inf,Inf,13.6514497900241,Served,42.1898369375414,Stable,0
70,69,6,BS2,Terrestrial,4576.26928829528,164.331388572692,-4.9949281471165,1.82137684336778,893.334270320412,122.617990007578,-0.563906056833429,-Inf,Inf,-4.9949281471165,BelowTarget,1.82137684336778,Stable,0
71,70,1,BS2,Terrestrial,295.272687326099,89.4822613906042,69.8541990349717,33.994764,893.334270320412,8.75952808811392,-0.539324722566721,-Inf,Inf,69.8541990349717,Served,33.994764,Stable,0
71,70,2,BS2,Terrestrial,144.900842099444,108.825512784319,50.510947641257,33.994764,893.334270320412,8.75952808811392,-0.543082920991707,-Inf,Inf,50.510947641257,Served,33.994764,Stable,0
71,70,3,BS1,Terrestrial,158.603762337124,111.092352312272,48.2441081133035,33.994764,893.334270320412,8.75952808811392,-0.536860427224211,-Inf,Inf,48.2441081133035,Served,33.994764,Stable,0
71,70,4,BS1,Terrestrial,1684.50527938871,157.607190366875,1.72927005870088,8.05165827259153,893.334270320412,36.9834486295157,-0.552146641090863,-Inf,Inf,1.72927005870088,Served,8.05147730658646,InTransition,0.0224756191750323
71,70,5,BS1,Terrestrial,2496.53115061175,145.48024948353,13.8562109420454,28.5260101331779,893.334270320412,10.4388271867178,-0.560077797477065,-Inf,Inf,13.8562109420454,Served,28.5260101331779,Stable,0
71,70,6,BS2,Terrestrial,4576.26928829528,163.948326151205,-4.6118657256294,2.62213944638734,893.334270320412,113.563025992789,-0.505226197420984,-Inf,Inf,-4.6118657256294,BelowTarget,2.62213944638734,Stable,0
72,71,1,BS2,Terrestrial,295.272687326099,89.7226350679138,69.6138253576621,33.994764,893.334270320412,8.75952808811392,-0.480588623764827,-Inf,Inf,69.6138253576621,Served,33.994764,Stable,0
72,71,2,BS2,Terrestrial,144.900842099444,112.967418495775,46.3690419298008,33.994764,893.334270320412,8.75952808811392,-0.484355327166726,-Inf,Inf,46.3690419298008,Served,33.994764,Stable,0
72,71,3,BS1,Terrestrial,158.603762337124,104.770228423612,54.5662320019635,50.992146,893.334270320412,8.75952808811392,-0.478118774896744,-Inf,Inf,54.5662320019635,Served,50.992146,Stable,0
72,71,4,BS2,Terrestrial,1289.96390375941,153.427270271113,5.90919015446303,14.0294685423688,893.334270320412,21.2251867707974,-0.493439756339907,-Inf,Inf,5.90919015446303,Served,14.0292270752134,InTransition,0.0172114256958314
72,71,5,BS1,Terrestrial,2496.53115061175,141.201465229092,18.1349951964835,50.992146,893.334270320412,8.75952808811392,-0.501388537358644,-Inf,Inf,18.1349951964835,Served,50.992146,Stable,0
72,71,6,None,Outage,4576.26928829528,172.190758396667,-12.8542979710914,NaN,NaN,Inf,-0.446413750837901,-Inf,Inf,-12.8542979710914,Outage,0,Outage,0
73,72,1,BS2,Terrestrial,295.272687326099,91.1723835283583,68.1640768972176,25.496073,893.334270320412,8.75952808811392,-0.421719550534887,-Inf,Inf,68.1640768972176,Served,25.496073,Stable,0
73,72,2,BS2,Terrestrial,144.900842099444,110.868250352814,48.4682100727615,25.496073,893.334270320412,8.75952808811392,-0.425494817802457,-Inf,Inf,48.4682100727615,Served,25.496073,Stable,0
73,72,3,BS1,Terrestrial,158.603762337124,104.111242155818,55.2252182697581,50.992146,893.334270320412,8.75952808811392,-0.419244109675236,-Inf,Inf,55.2252182697581,Served,50.992146,Stable,0
73,72,4,BS2,Terrestrial,1289.96390375941,144.047423539429,15.2890368861466,23.5052679942843,893.334270320412,9.50142613283158,-0.434600099333739,-Inf,Inf,15.2890368861466,Served,23.5052679942843,Stable,0
73,72,5,BS1,Terrestrial,2496.53115061175,144.811827544688,14.5246328808875,44.7525048995319,893.334270320412,9.98082981417378,-0.442566627057601,-Inf,Inf,14.5246328808875,Served,44.7525048995319,Stable,0
73,72,6,BS2,Terrestrial,4576.26928829528,162.301533970761,-2.96507354518525,2.70804431226589,893.334270320412,82.4704258229935,-0.387467800539145,-Inf,Inf,-2.96507354518525,BelowTarget,2.70804431226589,Stable,0
74,73,1,BS2,Terrestrial,295.272687326099,87.975441692013,71.3610187335629,25.496073,893.334270320412,8.75952808811392,-0.362716582811568,-Inf,Inf,71.3610187335629,Served,25.496073,Stable,0
74,73,2,BS2,Terrestrial,144.900842099444,108.376617104703,50.9598433208727,25.496073,893.334270320412,8.75952808811392,-0.36650047336915,-Inf,Inf,50.9598433208727,Served,25.496073,Stable,0
74,73,3,BS1,Terrestrial,158.603762337124,94.3659863435659,64.97047408201,50.992146,893.334270320412,8.75952808811392,-0.360235511144747,-Inf,Inf,64.97047408201,Served,50.992146,Stable,0
74,73,4,BS2,Terrestrial,1289.96390375941,149.292487856282,10.043972569294,15.9397716811519,893.334270320412,14.0110894966071,-0.375626751847496,-Inf,Inf,10.043972569294,Served,15.9397716811519,Stable,0
74,73,5,BS1,Terrestrial,2496.53115061175,138.11051479951,21.2259456260662,50.992146,893.334270320412,8.75952808811392,-0.383611149455638,-Inf,Inf,21.2259456260662,Served,50.992146,Stable,0
74,73,6,BS2,Terrestrial,4576.26928829528,162.791358689995,-3.45489826441903,2.46662970543971,893.334270320412,90.5419922121189,-0.328387421652224,-Inf,Inf,-3.45489826441903,BelowTarget,2.46662970543971,Stable,0
75,74,1,BS2,Terrestrial,295.272687326099,89.8070671737895,69.5293932517864,50.992146,893.334270320412,8.75952808811392,-0.303578792162558,-Inf,Inf,69.5293932517864,Served,50.992146,Stable,0
75,74,2,BS2,Terrestrial,144.900842099444,123.889423667169,35.4470367584064,50.992146,893.334270320412,8.75952808811392,-0.307371365976029,-Inf,Inf,35.4470367584064,Served,50.992146,Stable,0
75,74,3,BS1,Terrestrial,158.603762337124,100.007507772322,59.3289526532538,33.994764,893.334270320412,8.75952808811392,-0.301092050519415,-Inf,Inf,59.3289526532538,Served,33.994764,Stable,0
75,74,4,BS1,Terrestrial,1684.50527938871,155.77070524165,3.56575518392609,10.4686175674948,893.334270320412,28.4448341136663,-0.316518787309928,-Inf,Inf,3.56575518392609,Served,10.4683822788331,InTransition,0.0224756191750323
75,74,5,BS1,Terrestrial,2496.53115061175,158.762274943612,0.574185481963724,6.72294300453261,893.334270320412,44.2928178784265,-0.324521179100436,-Inf,Inf,0.574185481963724,Served,6.72294300453261,Stable,0
75,74,6,None,Outage,4185.25875071361,168.265725344392,-8.92926491881599,NaN,NaN,Inf,-0.269171680883942,-Inf,Inf,-8.92926491881599,Outage,0,Outage,0
76,75,1,BS2,Terrestrial,295.272687326099,87.5825284216905,71.7539320038854,33.994764,893.334270320412,8.75952808811392,-0.244305241694949,-Inf,Inf,71.7539320038854,Served,33.994764,Stable,0
76,75,2,BS2,Terrestrial,144.900842099444,116.150522965852,43.1859374597242,33.994764,893.334270320412,8.75952808811392,-0.248106559277842,-Inf,Inf,43.1859374597242,Served,33.994764,Stable,0
76,75,3,BS1,Terrestrial,158.603762337124,112.072268436075,47.2641919895006,50.992146,893.334270320412,8.75952808811392,-0.241812790548851,-Inf,Inf,47.2641919895006,Served,50.992146,Stable,0
76,75,4,BS2,Terrestrial,1289.96390375941,159.481968176328,-0.145507750751676,5.97332876833846,893.334270320412,49.851280861213,-0.257275270710141,-Inf,Inf,-0.145507750751676,Served,5.97322595883421,InTransition,0.0172114256958314
76,75,5,BS1,Terrestrial,2496.53115061175,152.908338841309,6.42812158426642,22.3186539259708,893.334270320412,20.0131753752607,-0.265295782112485,-Inf,Inf,6.42812158426642,Served,22.3186539259708,Stable,0
76,75,6,None,Outage,4185.25875071361,169.516585721073,-10.1801252954972,NaN,NaN,Inf,-0.209819636426136,-Inf,Inf,-10.1801252954972,Outage,0,Outage,0
77,76,1,BS2,Terrestrial,295.272687326099,87.992265219574,71.3441952060019,33.994764,893.334270320412,8.75952808811392,-0.184894985960304,-Inf,Inf,71.3441952060019,Served,33.994764,Stable,0
77,76,2,BS2,Terrestrial,144.900842099444,119.882821374839,39.4536390507373,33.994764,893.334270320412,8.75952808811392,-0.188705108379944,-Inf,Inf,39.4536390507373,Served,33.994764,Stable,0
77,76,3,BS1,Terrestrial,158.603762337124,100.317411904781,59.0190485207949,50.992146,893.334270320412,8.75952808811392,-0.182396785423095,-Inf,Inf,59.0190485207949,Served,50.992146,Stable,0
77,76,4,BS2,Terrestrial,1289.96390375941,145.281299951271,14.0551604743049,28.9148389369312,893.334270320412,10.2984523191125,-0.197895258502852,-Inf,Inf,14.0551604743049,Served,28.9148389369312,Stable,0
77,76,5,BS1,Terrestrial,2496.53115061175,146.758131034814,12.5783293907622,39.0699576947623,893.334270320412,11.432496002423,-0.205934016090583,-Inf,Inf,12.5783293907622,Served,39.0699576947623,Stable,0
77,76,6,None,Outage,4576.26928829528,169.111478328134,-9.77501790255766,NaN,NaN,Inf,-0.150330337859938,-Inf,Inf,-9.77501790255766,Outage,0,Outage,0
78,77,1,BS2,Terrestrial,295.272687326099,91.2591503605562,68.0773100650197,25.496073,893.334270320412,8.75952808811392,-0.12534707085861,-Inf,Inf,68.0773100650197,Served,25.496073,Stable,0
78,77,2,BS2,Terrestrial,144.900842099444,117.582860463513,41.7535999620627,25.496073,893.334270320412,8.75952808811392,-0.129166059742321,-Inf,Inf,41.7535999620627,Served,25.496073,Stable,0
78,77,3,BS1,Terrestrial,158.603762337124,105.232269098979,54.1041913265966,50.992146,893.334270320412,8.75952808811392,-0.12284308067656,-Inf,Inf,54.1041913265966,Served,50.992146,Stable,0
78,77,4,BS2,Terrestrial,1289.96390375941,149.059542213095,10.2769182124813,16.263734668153,893.334270320412,13.7319977321953,-0.138377798512657,-Inf,Inf,10.2769182124813,Served,16.263734668153,Stable,0
78,77,5,BS1,Terrestrial,2496.53115061175,139.449978535611,19.8864818899648,50.992146,893.334270320412,8.75952808811392,-0.146434930016238,-Inf,Inf,19.8864818899648,Served,50.992146,Stable,0
78,77,6,BS2,Terrestrial,4576.26928829528,162.171945000202,-2.83548457462632,2.77502610992632,893.334270320412,80.4798076606322,-0.0907028260590804,-Inf,Inf,-2.83548457462632,BelowTarget,2.77502610992632,Stable,0
79,78,1,BS2,Terrestrial,295.272687326099,91.1949368252124,68.1415236003635,25.496073,893.334270320412,8.75952808811392,-0.0656605335403408,-Inf,Inf,68.1415236003635,Served,25.496073,Stable,0
79,78,2,BS2,Terrestrial,144.900842099444,113.926589523047,45.409870902529,25.496073,893.334270320412,8.75952808811392,-0.0694884510818211,-Inf,Inf,45.409870902529,Served,25.496073,Stable,0
79,78,3,BS1,Terrestrial,158.603762337124,100.390249131284,58.9462112942923,50.992146,893.334270320412,8.75952808811392,-0.0631507130900238,-Inf,Inf,58.9462112942923,Served,50.992146,Stable,0
79,78,4,BS2,Terrestrial,1289.96390375941,155.058858875995,4.27760154958079,8.62368986268805,893.334270320412,25.8976808229614,-0.0787219298364286,-Inf,Inf,4.27760154958079,Served,8.62368986268805,Stable,0
79,78,5,BS1,Terrestrial,2496.53115061175,142.081639271038,17.2548211545378,50.992146,893.334270320412,8.75952808811392,-0.0867975641561931,-Inf,Inf,17.2548211545378,Served,50.992146,Stable,0
79,78,6,BS2,Terrestrial,4576.26928829528,164.481020910885,-5.14456048530886,1.76722703337663,893.334270320412,126.375142164604,-0.0309361330911682,-Inf,Inf,-5.14456048530886,BelowTarget,1.76722703337663,Stable,0
80,79,1,BS2,Terrestrial,295.272687326099,88.7246157065939,70.611844718982,25.496073,893.334270320412,8.75952808811392,-0.00583440230863036,-Inf,Inf,70.611844718982,Served,25.496073,Stable,0
80,79,2,BS2,Terrestrial,144.900842099444,111.402450191966,47.9340102336098,25.496073,893.334270320412,8.75952808811392,-0.0096713112743095,-Inf,Inf,47.9340102336098,Served,25.496073,Stable,0
80,79,3,BS1,Terrestrial,158.603762337124,99.2881159297004,60.0483444958754,50.992146,893.334270320412,8.75952808811392,-0.00331871059274005,-Inf,Inf,60.0483444958754,Served,50.992146,Stable,0
80,79,4,BS2,Terrestrial,1289.96390375941,151.026943398774,8.30951702680159,13.5816512737267,893.334270320412,16.4437713116766,-0.0189266827456889,-Inf,Inf,8.30951702680159,Served,13.5816512737267,Stable,0
80,79,5,BS1,Terrestrial,2496.53115061175,162.074231066302,-2.73777064072598,5.65281900831381,893.334270320412,79.0167055593459,-0.0270209499650506,-Inf,Inf,-2.73777064072598,Served,5.65281900831381,Stable,0
80,79,6,BS2,Terrestrial,4576.26928829528,163.928050176911,-4.59158975133474,1.9745620316345,893.334270320412,113.105369191786,0.0289707178808714,-Inf,Inf,-4.59158975133474,BelowTarget,1.9745620316345,Stable,0
81,80,1,BS2,Terrestrial,295.272687326099,91.4550666511134,67.8813937744624,25.496073,893.334270320412,8.75952808811392,0.0541323034816701,-Inf,Inf,67.8813937744624,Served,25.496073,Stable,0
81,80,2,BS2,Terrestrial,144.900842099444,118.185987704449,41.1504727211269,25.496073,893.334270320412,8.75952808811392,0.0502863397461192,-Inf,Inf,41.1504727211269,Served,25.496073,Stable,0
81,80,3,BS1,Terrestrial,158.603762337124,103.521602486607,55.8148579389688,50.992146,893.334270320412,8.75952808811392,0.0566539078385343,-Inf,Inf,55.8148579389688,Served,50.992146,Stable,0
81,80,4,BS2,Terrestrial,1289.96390375941,149.104854341539,10.2316060840365,16.2005988976209,893.334270320412,13.7855130536502,0.0410089214139803,-Inf,Inf,10.2316060840365,Served,16.2005988976209,Stable,0
81,80,5,BS1,Terrestrial,2496.53115061175,156.917972230013,2.41848819556247,13.3745154526557,893.334270320412,33.3968835537524,0.0328958900151629,-Inf,Inf,2.41848819556247,Served,13.3745154526557,Stable,0
81,80,6,BS2,Terrestrial,4576.26928829528,164.206334050285,-4.86987362470924,1.86773255950943,893.334270320412,119.574703799543,0.0890187127005205,-Inf,Inf,-4.86987362470924,BelowTarget,1.86773255950943,Stable,0
82,81,1,BS2,Terrestrial,295.272687326099,86.1330442119162,73.2034162136597,33.994764,893.334270320412,8.75952808811392,0.114240573524869,-Inf,Inf,73.2034162136597,Served,33.994764,Stable,0
82,81,2,BS2,Terrestrial,144.900842099444,112.007912060641,47.3285483649344,33.994764,893.334270320412,8.75952808811392,0.110385491087967,-Inf,Inf,47.3285483649344,Served,33.994764,Stable,0
82,81,3,BS1,Terrestrial,158.603762337124,103.431814184765,55.9046462408108,50.992146,893.334270320412,8.75952808811392,0.116768132280518,-Inf,Inf,55.9046462408108,Served,50.992146,Stable,0
82,81,4,BS2,Terrestrial,1289.96390375941,150.483396076652,8.85306434892414,19.079308192615,893.334270320412,15.6073840361814,0.101085870323531,-Inf,Inf,8.85306434892414,Served,19.079308192615,Stable,0
82,81,5,BS1,Terrestrial,2496.53115061175,140.640995157486,18.6954652680901,50.992146,893.334270320412,8.75952808811392,0.0929539422554717,-Inf,Inf,18.6954652680901,Served,50.992146,Stable,0
82,81,6,None,Outage,4185.25875071361,171.358236598839,-12.0217761732634,NaN,NaN,Inf,0.149208846319306,-Inf,Inf,-12.0217761732634,Outage,0,Outage,0
83,82,1,BS2,Terrestrial,295.272687326099,91.5700333477195,67.7664270778564,33.994764,893.334270320412,8.75952808811392,0.17449140666719,-Inf,Inf,67.7664270778564,Served,33.994764,Stable,0
83,82,2,BS2,Terrestrial,144.900842099444,112.621487689661,46.7149727359153,33.994764,893.334270320412,8.75952808811392,0.170627141004989,-Inf,Inf,46.7149727359153,Served,33.994764,Stable,0
83,82,3,BS1,Terrestrial,158.603762337124,98.2156771673623,61.1207832582135,50.992146,893.334270320412,8.75952808811392,0.177024961966169,-Inf,Inf,61.1207832582135,Served,50.992146,Stable,0
83,82,4,BS2,Terrestrial,1289.96390375941,148.424595890019,10.9118645355573,22.8722225336716,893.334270320412,13.0192022077621,0.161305160792886,-Inf,Inf,10.9118645355573,Served,22.8722225336716,Stable,0
83,82,5,BS1,Terrestrial,2496.53115061175,144.099390881958,15.2370695436176,46.8566406220814,893.334270320412,9.53263249840646,0.15315420234217,-Inf,Inf,15.2370695436176,Served,46.8566406220814,Stable,0
83,82,6,None,Outage,4185.25875071361,170.228214991431,-10.8917545658552,NaN,NaN,Inf,0.209542122900334,-Inf,Inf,-10.8917545658552,Outage,0,Outage,0
84,83,1,BS2,Terrestrial,295.272687326099,92.6677357704573,66.6687246551185,33.994764,893.334270320412,8.75952808811392,0.234885811011166,-Inf,Inf,66.6687246551185,Served,33.994764,Stable,0
84,83,2,BS1,Terrestrial,565.376556244471,125.550516146621,33.7859442789546,33.994764,893.334270320412,8.75952808811392,0.23101229700048,-Inf,Inf,33.7859442789546,Served,33.9945075580237,InTransition,0.00754357277719736
84,83,3,BS1,Terrestrial,158.603762337124,103.398947006621,55.9375134189545,33.994764,893.334270320412,8.75952808811392,0.23742540538916,-Inf,Inf,55.9375134189545,Served,33.994764,Stable,0
84,83,4,BS2,Terrestrial,1289.96390375941,149.467653072491,9.86880735308483,20.9295869485891,893.334270320412,14.227614278211,0.221667798865063,-Inf,Inf,9.86880735308483,Served,20.9295869485891,Stable,0
84,83,5,BS1,Terrestrial,2496.53115061175,144.06052024599,15.2759401795856,31.314497714371,893.334270320412,9.50927244060972,0.213497675080704,-Inf,Inf,15.2759401795856,Served,31.314497714371,Stable,0
84,83,6,BS2,Terrestrial,4576.26928829528,162.926786884178,-3.59032645860208,3.20413294598399,893.334270320412,92.9356225621146,0.270019555923478,-Inf,Inf,-3.59032645860208,BelowTarget,3.20413294598399,Stable,0
85,84,1,BS2,Terrestrial,295.272687326099,90.4893799757491,68.8470804498268,25.496073,893.334270320412,8.75952808811392,0.295424804020785,-Inf,Inf,68.8470804498268,Served,25.496073,Stable,0
85,84,2,BS2,Terrestrial,144.900842099444,112.840174869996,46.4962855555795,25.496073,893.334270320412,8.75952808811392,0.291541975932362,-Inf,Inf,46.4962855555795,Served,25.4960237071996,InTransition,0.00193334873153406
85,84,3,BS1,Terrestrial,158.603762337124,99.4701608303321,59.8662995952437,50.992146,893.334270320412,8.75952808811392,0.297970480409091,-Inf,Inf,59.8662995952437,Served,50.992146,Stable,0
85,84,4,BS2,Terrestrial,1289.96390375941,149.60011100175,9.73634942382577,15.5143572020669,893.334270320412,14.3952833282935,0.282174799920966,-Inf,Inf,9.73634942382577,Served,15.5143572020669,Stable,0
85,84,5,BS1,Terrestrial,2496.53115061175,140.614976693911,18.7214837316645,50.992146,893.334270320412,8.75952808811392,0.2739853746004,-Inf,Inf,18.7214837316645,Served,50.992146,Stable,0
85,84,6,BS2,Terrestrial,4576.26928829528,164.225792520031,-4.8893320944552,1.86045313215899,893.334270320412,120.042565824237,0.330642168291378,-Inf,Inf,-4.8893320944552,BelowTarget,1.86045313215899,Stable,0
86,85,1,BS2,Terrestrial,295.272687326099,89.7310539830684,69.6054064425074,33.994764,893.334270320412,8.75952808811392,0.356109412628647,-Inf,Inf,69.6054064425074,Served,33.994764,Stable,0
86,85,2,BS2,Terrestrial,144.900842099444,118.90467653715,40.4317838884263,33.994764,893.334270320412,8.75952808811392,0.352217204120244,-Inf,Inf,40.4317838884263,Served,33.994764,Stable,0
86,85,3,BS1,Terrestrial,158.603762337124,96.7883755926826,62.5480848328932,50.992146,893.334270320412,8.75952808811392,0.358661214358699,-Inf,Inf,62.5480848328932,Served,50.992146,Stable,0
86,85,4,BS2,Terrestrial,1289.96390375941,151.427674945182,7.90878548039373,17.4032575794886,893.334270320412,17.110479963117,0.342827188786262,-Inf,Inf,7.90878548039373,Served,17.4032575794886,Stable,0
86,85,5,BS1,Terrestrial,2496.53115061175,151.177319931693,8.15914049388309,26.7645982247883,893.334270320412,16.6887293210522,0.334618324461036,-Inf,Inf,8.15914049388309,Served,26.7645982247883,Stable,0
86,85,6,None,Outage,4185.25875071361,170.622476038608,-11.2860156130318,NaN,NaN,Inf,0.391410992437376,-Inf,Inf,-11.2860156130318,Outage,0,Outage,0
87,86,1,BS2,Terrestrial,295.272687326099,87.2354382896284,72.1010221359475,50.992146,893.334270320412,8.75952808811392,0.416940673344205,-Inf,Inf,72.1010221359475,Served,50.992146,Stable,0
87,86,2,BS2,Terrestrial,144.900842099444,110.09335871267,49.2431017129063,50.992146,893.334270320412,8.75952808811392,0.413039017453543,-Inf,Inf,49.2431017129063,Served,50.992146,Stable,0
87,86,3,BS1,Terrestrial,158.603762337124,107.008680807927,52.327779617649,33.994764,893.334270320412,8.75952808811392,0.419498644152128,-Inf,Inf,52.327779617649,Served,33.994764,Stable,0
87,86,4,BS1,Terrestrial,1684.50527938871,157.366542853489,1.96991757208693,8.34759251672581,893.334270320412,35.6723318142513,0.403625999839263,-Inf,Inf,1.96991757208693,Served,8.34740489941537,InTransition,0.0224756191750323
87,86,5,BS1,Terrestrial,2496.53115061175,164.34953468904,-5.01307426346438,2.41964538136634,893.334270320412,123.066831362971,0.395397557760612,-Inf,Inf,-5.01307426346438,BelowTarget,2.41964538136634,Stable,0
87,86,6,None,Outage,4576.26928829528,169.01277231121,-9.67631188563448,NaN,NaN,Inf,0.452327070434593,-Inf,Inf,-9.67631188563448,Outage,0,Outage,0
88,87,1,BS2,Terrestrial,295.272687326099,89.7266534906325,69.6098069349434,25.496073,893.334270320412,8.75952808811392,0.477919632363791,-Inf,Inf,69.6098069349434,Served,25.496073,Stable,0
88,87,2,BS2,Terrestrial,144.900842099444,108.576641425727,50.7598189998489,25.496073,893.334270320412,8.75952808811392,0.47400846150142,-Inf,Inf,50.7598189998489,Served,25.496073,Stable,0
88,87,3,BS1,Terrestrial,158.603762337124,110.166047785503,49.1704126400724,101.984292,893.334270320412,8.75952808811392,0.480483816395107,-Inf,Inf,49.1704126400724,Served,101.984292,Stable,0
88,87,4,BS2,Terrestrial,1289.96390375941,147.067941547329,12.2685188782474,19.0881684119488,893.334270320412,11.700104628179,0.46457227712064,-Inf,Inf,12.2685188782474,Served,19.0878398773565,InTransition,0.0172114256958314
88,87,5,BS2,Terrestrial,2067.2298489109,157.038001396048,2.29845902952826,6.5714959668281,893.334270320412,33.9851943465319,0.456324117244844,-Inf,Inf,2.29845902952826,Served,6.57131471086582,InTransition,0.0275821461647431
88,87,6,None,Outage,4185.25875071361,178.129402157406,-18.7929417318304,NaN,NaN,Inf,0.513391454106848,-Inf,Inf,-18.7929417318304,Outage,0,Outage,0
89,88,1,BS2,Terrestrial,295.272687326099,92.2744173920442,67.0620430335317,33.994764,893.334270320412,8.75952808811392,0.539047345681526,-Inf,Inf,67.0620430335317,Served,33.994764,Stable,0
89,88,2,BS2,Terrestrial,144.900842099444,109.037543254578,50.2989171709979,33.994764,893.334270320412,8.75952808811392,0.53512659162365,-Inf,Inf,50.2989171709979,Served,33.994764,Stable,0
89,88,3,BS1,Terrestrial,158.603762337124,101.800443061795,57.5360173637812,33.994764,893.334270320412,8.75952808811392,0.5416177874958,-Inf,Inf,57.5360173637812,Served,33.994764,Stable,0
89,88,4,BS1,Terrestrial,1684.50527938871,153.149028140386,6.18743228519028,14.4825731129639,893.334270320412,20.5611314912163,0.525667074444038,-Inf,Inf,6.18743228519028,Served,14.4822476081659,InTransition,0.0224756191750323
89,88,5,BS1,Terrestrial,2496.53115061175,148.032941882092,11.3035185434835,23.6111860218238,893.334270320412,12.6117379208129,0.517399055417534,-Inf,Inf,11.3035185434835,Served,23.6103995302383,InTransition,0.0333101261755124
89,88,6,BS2,Terrestrial,4576.26928829528,163.995251932163,-4.65879150658671,2.597725096535,893.334270320412,114.630331940819,0.574605205140358,-Inf,Inf,-4.65879150658671,BelowTarget,2.597725096535,Stable,0
90,89,1,BS2,Terrestrial,295.272687326099,93.0816865054867,66.2547739200891,33.994764,893.334270320412,8.75952808811392,0.600324879202599,-Inf,Inf,66.2547739200891,Served,33.994764,Stable,0
90,89,2,BS2,Terrestrial,144.900842099444,112.393400863339,46.9430595622366,33.994764,893.334270320412,8.75952808811392,0.596394473083715,-Inf,Inf,46.9430595622366,Served,33.994764,Stable,0
90,89,3,BS1,Terrestrial,158.603762337124,103.620696782992,55.7157636425835,50.992146,893.334270320412,8.75952808811392,0.602901623778233,-Inf,Inf,55.7157636425835,Served,50.992146,Stable,0
90,89,4,BS2,Terrestrial,1289.96390375941,156.405237542586,2.93122288298966,9.59311956058033,893.334270320412,31.040798379124,0.586911455508945,-Inf,Inf,2.93122288298966,Served,9.59295444931582,InTransition,0.0172114256958314
90,89,5,BS1,Terrestrial,2496.53115061175,160.912965380711,-1.57650495513559,6.99316013662943,893.334270320412,63.8720015605836,0.578623434653326,-Inf,Inf,-1.57650495513559,Served,6.99316013662943,Stable,0
90,89,6,None,Outage,4576.26928829528,167.745212563728,-8.40875213815175,NaN,NaN,Inf,0.635969395197947,-Inf,Inf,-8.40875213815175,Outage,0,Outage,0
91,90,1,BS2,Terrestrial,295.272687326099,89.2330826890976,70.1033777364783,25.496073,893.334270320412,8.75952808811392,0.661753308857126,-Inf,Inf,70.1033777364783,Served,25.496073,Stable,0
91,90,2,BS2,Terrestrial,144.900842099444,112.096096704397,47.2403637211793,25.496073,893.334270320412,8.75952808811392,0.65781318116262,-Inf,Inf,47.2403637211793,Served,25.496073,Stable,0
91,90,3,BS1,Terrestrial,158.603762337124,111.992995992706,47.3434644328694,50.992146,893.334270320412,8.75952808811392,0.664336401596215,-Inf,Inf,47.3434644328694,Served,50.992146,Stable,0
91,90,4,BS2,Terrestrial,1289.96390375941,155.438652287888,3.89780813768832,8.20713498164658,893.334270320412,27.2121231196439,0.648306494014262,-Inf,Inf,3.89780813768832,Served,8.20713498164658,Stable,0
91,90,5,BS1,Terrestrial,2496.53115061175,149.683138373646,9.65332205192988,30.8000511106667,893.334270320412,14.5021556475767,0.639998327311023,-Inf,Inf,9.65332205192988,Served,30.8000511106667,Stable,0
91,90,6,BS2,Terrestrial,4576.26928829528,164.055069382885,-4.71860895730882,1.92516541304141,893.334270320412,116.007469315209,0.697485106033778,-Inf,Inf,-4.71860895730882,BelowTarget,1.92516541304141,Stable,0
92,91,1,BS2,Terrestrial,295.272687326099,90.717052216544,68.6194082090318,33.994764,893.334270320412,8.75952808811392,0.723333720716413,-Inf,Inf,68.6194082090318,Served,33.994764,Stable,0
92,91,2,BS2,Terrestrial,144.900842099444,113.340922454913,45.995537970663,33.994764,893.334270320412,8.75952808811392,0.719383801275037,-Inf,Inf,45.995537970663,Served,33.994764,Stable,0
92,91,3,BS1,Terrestrial,158.603762337124,107.850065118769,51.4863953068066,50.992146,893.334270320412,8.75952808811392,0.725923207449607,-Inf,Inf,51.4863953068066,Served,50.992146,Stable,0
92,91,4,BS2,Terrestrial,1289.96390375941,149.423608955177,9.9128514703992,21.01080131426,893.334270320412,14.1726193900421,0.709853273774182,-Inf,Inf,9.9128514703992,Served,21.01080131426,Stable,0
92,91,5,BS1,Terrestrial,2496.53115061175,143.691032266409,15.6454281591664,48.0673434503859,893.334270320412,9.29252800544815,0.70152481584925,-Inf,Inf,15.6454281591664,Served,48.0673434503859,Stable,0
92,91,6,None,Outage,4576.26928829528,170.452901281618,-11.1164408560421,NaN,NaN,Inf,0.759153429610512,-Inf,Inf,-11.1164408560421,Outage,0,Outage,0
93,92,1,BS2,Terrestrial,295.272687326099,89.670412537493,69.6660478880829,33.994764,893.334270320412,8.75952808811392,0.785067211110347,-Inf,Inf,69.6660478880829,Served,33.994764,Stable,0
93,92,2,BS2,Terrestrial,144.900842099444,113.670946995135,45.6655134304408,33.994764,893.334270320412,8.75952808811392,0.781107429086633,-Inf,Inf,45.6655134304408,Served,33.994764,Stable,0
93,92,3,BS1,Terrestrial,158.603762337124,97.0650126422561,62.2714477833197,50.992146,893.334270320412,8.75952808811392,0.787663138101883,-Inf,Inf,62.2714477833197,Served,50.992146,Stable,0
93,92,4,BS2,Terrestrial,1289.96390375941,155.623319881095,3.71314054448089,10.6777772676059,893.334270320412,27.8876476483733,0.771552888835316,-Inf,Inf,3.71314054448089,Served,10.6777772676059,Stable,0
93,92,5,BS1,Terrestrial,2496.53115061175,153.703084419564,5.63337600601159,20.3791924683149,893.334270320412,21.9178034583399,0.76320399294337,-Inf,Inf,5.63337600601159,Served,20.3791924683149,Stable,0
93,92,6,None,Outage,4576.26928829528,167.894963025917,-8.55850260034083,NaN,NaN,Inf,0.820975468217633,-Inf,Inf,-8.55850260034083,Outage,0,Outage,0
94,93,1,BS2,Terrestrial,295.272687326099,91.0923157801222,68.2441446454537,25.496073,893.334270320412,8.75952808811392,0.846954886746446,-Inf,Inf,68.2441446454537,Served,25.496073,Stable,0
94,93,2,BS2,Terrestrial,144.900842099444,118.296543134354,41.0399172912215,25.496073,893.334270320412,8.75952808811392,0.842985170632938,-Inf,Inf,41.0399172912215,Served,25.496073,Stable,0
94,93,3,BS1,Terrestrial,158.603762337124,107.247180258264,52.0892801673116,50.992146,893.334270320412,8.75952808811392,0.849557300699123,-Inf,Inf,52.0892801673116,Served,50.992146,Stable,0
94,93,4,BS2,Terrestrial,1289.96390375941,151.406749801724,7.92971062385152,13.0799136257211,893.334270320412,17.0745445245852,0.833406443595233,-Inf,Inf,7.92971062385152,Served,13.0799136257211,Stable,0
94,93,5,BS1,Terrestrial,2496.53115061175,149.460434217384,9.87602620819192,31.4143391612459,893.334270320412,14.2185749274406,0.825036961603894,-Inf,Inf,9.87602620819192,Served,31.4143391612459,Stable,0
94,93,6,BS2,Terrestrial,4576.26928829528,164.368870493701,-5.03241006812482,1.80767890079719,893.334270320412,123.54714517142,0.88295233459139,-Inf,Inf,-5.03241006812482,BelowTarget,1.80767890079719,Stable,0
95,94,1,BS2,Terrestrial,295.272687326099,88.1318638974871,71.2045965280888,25.496073,893.334270320412,8.75952808811392,0.908997864830241,-Inf,Inf,71.2045965280888,Served,25.496073,Stable,0
95,94,2,BS2,Terrestrial,144.900842099444,113.914706487991,45.4217539375844,25.496073,893.334270320412,8.75952808811392,0.905018142439679,-Inf,Inf,45.4217539375844,Served,25.496073,Stable,0
95,94,3,BS1,Terrestrial,158.603762337124,116.479433267594,42.8570271579817,50.992146,893.334270320412,8.75952808811392,0.911606812890561,-Inf,Inf,42.8570271579817,Served,50.992146,Stable,0
95,94,4,BS2,Terrestrial,1289.96390375941,148.835188227418,10.5012721981579,16.577162313715,893.334270320412,13.4723641690671,0.895415052922609,-Inf,Inf,10.5012721981579,Served,16.577162313715,Stable,0
95,94,5,BS1,Terrestrial,2496.53115061175,144.113993803766,15.22246662181,46.8134053402606,893.334270320412,9.54143651617804,0.887024835296273,-Inf,Inf,15.22246662181,Served,46.8134053402606,Stable,0
95,94,6,BS2,Terrestrial,4576.26928829528,162.662958578063,-3.32649815248763,2.52813672416775,893.334270320412,88.3391967867655,0.945085152036164,-Inf,Inf,-3.32649815248763,BelowTarget,2.52813672416775,Stable,0
96,95,1,BS2,Terrestrial,295.272687326099,92.9252713575357,66.4111890680401,25.496073,893.334270320412,8.75952808811392,0.97119727318838,-Inf,Inf,66.4111890680401,Served,25.496073,Stable,0
96,95,2,BS2,Terrestrial,144.900842099444,114.119418480801,45.2170419447747,25.496073,893.334270320412,8.75952808811392,0.967207471645772,-Inf,Inf,45.2170419447747,Served,25.496073,Stable,0
96,95,3,BS1,Terrestrial,158.603762337124,98.4668745629687,60.8695858626071,50.992146,893.334270320412,8.75952808811392,0.973812802951702,-Inf,Inf,60.8695858626071,Served,50.992146,Stable,0
96,95,4,BS2,Terrestrial,1289.96390375941,142.509429788428,16.827030637148,25.496073,893.334270320412,8.75952808811392,0.95757984227991,-Inf,Inf,16.827030637148,Served,25.496073,Stable,0
96,95,5,BS1,Terrestrial,2496.53115061175,143.702455380274,15.6340050453022,48.0334337703403,893.334270320412,9.2990881579658,0.949168738063445,-Inf,Inf,15.6340050453022,Served,48.0334337703403,Stable,0
96,95,6,BS2,Terrestrial,4576.26928829528,164.533690832385,-5.19723040680933,1.74850336496191,893.334270320412,127.728417374232,1.00737505454848,-Inf,Inf,-5.19723040680933,BelowTarget,1.74850336496191,Stable,0
97,96,1,BS2,Terrestrial,295.272687326099,90.7812250214106,68.5552354041652,33.994764,893.334270320412,8.75952808811392,1.03355425039176,-Inf,Inf,68.5552354041652,Served,33.994764,Stable,0
97,96,2,BS2,Terrestrial,144.900842099444,112.10842533153,47.2280350940461,33.994764,893.334270320412,8.75952808811392,1.02955429612633,-Inf,Inf,47.2280350940461,Served,33.994764,Stable,0
97,96,3,BS1,Terrestrial,158.603762337124,99.2161075562868,60.1203528692891,50.992146,893.334270320412,8.75952808811392,1.03617640990757,-Inf,Inf,60.1203528692891,Served,50.992146,Stable,0
97,96,4,BS2,Terrestrial,1289.96390375941,153.526997616443,5.80946280913284,13.8684888829001,893.334270320412,21.4715599241649,1.01990194784613,-Inf,Inf,5.80946280913284,Served,13.8684888829001,Stable,0
97,96,5,BS1,Terrestrial,2496.53115061175,143.581893372619,15.7545670529572,48.3914423239007,893.334270320412,9.23029183900965,1.01146980464839,-Inf,Inf,15.7545670529572,Served,48.3914423239007,Stable,0
97,96,6,None,Outage,4185.25875071361,169.666089399586,-10.3296289740102,NaN,NaN,Inf,1.06982318694119,-Inf,Inf,-10.3296289740102,Outage,0,Outage,0
98,97,1,BS2,Terrestrial,295.272687326099,91.2920338565579,68.044426569018,25.496073,893.334270320412,8.75952808811392,1.09606994588202,-Inf,Inf,68.044426569018,Served,25.496073,Stable,0
98,97,2,BS2,Terrestrial,144.900842099444,111.491988568871,47.8444718567046,25.496073,893.334270320412,8.75952808811392,1.09205976461905,-Inf,Inf,47.8444718567046,Served,25.496073,Stable,0
98,97,3,BS1,Terrestrial,158.603762337124,101.914202651487,57.4222577740887,50.992146,893.334270320412,8.75952808811392,1.09869878365924,-Inf,Inf,57.4222577740887,Served,50.992146,Stable,0
98,97,4,BS2,Terrestrial,1289.96390375941,146.525517906901,12.8109425186749,19.8715594709881,893.334270320412,11.2388546005241,1.08238251664292,-Inf,Inf,12.8109425186749,Served,19.8715594709881,Stable,0
98,97,5,BS1,Terrestrial,2496.53115061175,154.158911970986,5.17754845458984,19.3000487815675,893.334270320412,23.1433163830547,1.07392918061997,-Inf,Inf,5.17754845458984,Served,19.3000487815675,Stable,0
98,97,6,BS2,Terrestrial,4576.26928829528,166.75221063658,-7.4157502110038,1.10338665508231,893.334270320412,202.407348821382,1.13243070497089,-Inf,Inf,-7.4157502110038,BelowTarget,1.10338665508231,Stable,0
99,98,1,BS2,Terrestrial,295.272687326099,89.7490053200644,69.5874551055115,33.994764,893.334270320412,8.75952808811392,1.15874552009845,-Inf,Inf,69.5874551055115,Served,33.994764,Stable,0
99,98,2,BS2,Terrestrial,144.900842099444,112.507533544919,46.8289268806568,33.994764,893.334270320412,8.75952808811392,1.154725036851,-Inf,Inf,46.8289268806568,Served,33.994764,Stable,0
99,98,3,BS1,Terrestrial,158.603762337124,101.679011096851,57.6574493287254,50.992146,893.334270320412,8.75952808811392,1.16138108511082,-Inf,Inf,57.6574493287254,Served,50.992146,Stable,0
99,98,4,BS2,Terrestrial,1289.96390375941,156.847177166076,2.48928325950007,9.00811406543291,893.334270320412,33.0566518078935,1.14502270666116,-Inf,Inf,2.48928325950007,Served,9.00811406543291,Stable,0
99,98,5,BS1,Terrestrial,2496.53115061175,142.284240154373,17.0522202712025,50.992146,893.334270320412,8.75952808811392,1.1365480224992,-Inf,Inf,17.0522202712025,Served,50.992146,Stable,0
99,98,6,None,Outage,4185.25875071361,169.507734748553,-10.1712743229769,NaN,NaN,Inf,1.19519877546584,-Inf,Inf,-10.1712743229769,Outage,0,Outage,0
100,99,1,BS2,Terrestrial,295.272687326099,89.7772393497514,69.5592210758244,25.496073,893.334270320412,8.75952808811392,1.22158214460761,-Inf,Inf,69.5592210758244,Served,25.496073,Stable,0
100,99,2,BS2,Terrestrial,144.900842099444,108.926952803906,50.4095076216696,25.496073,893.334270320412,8.75952808811392,1.21755128366816,-Inf,Inf,50.4095076216696,Served,25.496073,Stable,0
100,99,3,BS1,Terrestrial,158.603762337124,108.159099033377,51.1773613921986,50.992146,893.334270320412,8.75952808811392,1.22422448629919,-Inf,Inf,51.1773613921986,Served,50.992146,Stable,0
100,99,4,BS2,Terrestrial,1289.96390375941,149.663151511155,9.67330891442074,15.4275287973176,893.334270320412,14.4763021034798,1.2078236869901,-Inf,Inf,9.67330891442074,Served,15.4275287973176,Stable,0
100,99,5,BS1,Terrestrial,2496.53115061175,152.408169520134,6.9282909054416,23.5740827158893,893.334270320412,18.9473813485496,1.19932749788834,-Inf,Inf,6.9282909054416,Served,23.5740827158893,Stable,0
100,99,6,BS2,Terrestrial,4576.26928829528,161.047070497233,-1.71061007165758,3.41345857244441,893.334270320412,65.427355522341,1.25812857645665,-Inf,Inf,-1.71061007165758,BelowTarget,3.41345857244441,Stable,0
101,100,1,BS2,Terrestrial,295.272687326099,88.7977722456891,70.5386881798868,33.994764,893.334270320412,8.75952808811392,1.28458100223402,-Inf,Inf,70.5386881798868,Served,33.994764,Stable,0
101,100,2,BS2,Terrestrial,144.900842099444,126.938312246345,32.3981481792307,33.994764,893.334270320412,8.75952808811392,1.28053968716594,-Inf,Inf,32.3981481792307,Served,33.994764,Stable,0
101,100,3,BS1,Terrestrial,158.603762337124,104.320880346284,55.0155800792917,50.992146,893.334270320412,8.75952808811392,1.28723017052467,-Inf,Inf,55.0155800792917,Served,50.992146,Stable,0
101,100,4,BS2,Terrestrial,1289.96390375941,151.457894562552,7.8785658630236,17.3504047262515,893.334270320412,17.1626019568442,1.27078663794768,-Inf,Inf,7.8785658630236,Served,17.3504047262515,Stable,0
101,100,5,BS1,Terrestrial,2496.53115061175,148.127069983309,11.2093904422672,35.1497290825936,893.334270320412,12.7075555578435,1.26226878560082,-Inf,Inf,11.2093904422672,Served,35.1497290825936,Stable,0
101,100,6,None,Outage,4576.26928829528,167.619804061492,-8.28334363591608,NaN,NaN,Inf,1.32122129730793,-Inf,Inf,-8.28334363591608,Outage,0,Outage,0
102,101,1,BS2,Terrestrial,295.272687326099,88.7044080572517,70.6320523683242,25.496073,893.334270320412,8.75952808811392,1.34774328719331,-Inf,Inf,70.6320523683242,Served,25.496073,Stable,0
102,101,2,BS2,Terrestrial,144.900842099444,110.086359712916,49.2501007126602,25.496073,893.334270320412,8.75952808811392,1.34369144082227,-Inf,Inf,49.2501007126602,Served,25.496073,Stable,0
102,101,3,BS1,Terrestrial,158.603762337124,100.946084989467,58.3903754361089,50.992146,893.334270320412,8.75952808811392,1.35039933248439,-Inf,Inf,58.3903754361089,Served,50.992146,Stable,0
102,101,4,BS2,Terrestrial,1289.96390375941,148.174476990197,11.1619834353786,17.5076923698006,893.334270320412,12.756310932521,1.33391275121331,-Inf,Inf,11.1619834353786,Served,17.5076923698006,Stable,0
102,101,5,BS1,Terrestrial,2496.53115061175,155.854850754428,3.48160967114811,15.5252541999697,893.334270320412,28.7703588879773,1.32537307579386,-Inf,Inf,3.48160967114811,Served,15.5252541999697,Stable,0
102,101,6,BS2,Terrestrial,4576.26928829528,165.312720024117,-5.97625959854082,1.49122700150871,893.334270320412,149.764970292351,1.38447813885258,-Inf,Inf,-5.97625959854082,BelowTarget,1.49122700150871,Stable,0
103,102,1,BS2,Terrestrial,295.272687326099,90.7796947575892,68.5567656679867,33.994764,893.334270320412,8.75952808811392,1.4110702052266,-Inf,Inf,68.5567656679867,Served,33.994764,Stable,0
103,102,2,BS2,Terrestrial,144.900842099444,116.492045186057,42.8444152395192,33.994764,893.334270320412,8.75952808811392,1.40700774963179,-Inf,Inf,42.8444152395192,Served,33.994764,Stable,0
103,102,3,BS1,Terrestrial,158.603762337124,94.5132719256022,64.8231884999737,50.992146,893.334270320412,8.75952808811392,1.41373317840659,-Inf,Inf,64.8231884999737,Served,50.992146,Stable,0
103,102,4,BS2,Terrestrial,1289.96390375941,154.765652554459,4.57080787111656,11.9362060412434,893.334270320412,24.947465641753,1.39720322996176,-Inf,Inf,4.57080787111656,Served,11.9362060412434,Stable,0
103,102,5,BS1,Terrestrial,2496.53115061175,146.405138345638,12.9313220799382,40.0921972292993,893.334270320412,11.1409991476791,1.38864157010209,-Inf,Inf,12.9313220799382,Served,40.0921972292993,Stable,0
103,102,6,None,Outage,4576.26928829528,167.792386228651,-8.45592580307553,NaN,NaN,Inf,1.44790031352716,-Inf,Inf,-8.45592580307553,Outage,0,Outage,0
104,103,1,BS2,Terrestrial,295.272687326099,89.8505741122637,69.4858863133122,33.994764,893.334270320412,8.75952808811392,1.47456297373716,-Inf,Inf,69.4858863133122,Served,33.994764,Stable,0
104,103,2,BS2,Terrestrial,144.900842099444,111.928369282697,47.4080911428792,33.994764,893.334270320412,8.75952808811392,1.47048983024251,-Inf,Inf,47.4080911428792,Served,33.994764,Stable,0
104,103,3,BS1,Terrestrial,158.603762337124,99.7664506926798,59.5700097328961,50.992146,893.334270320412,8.75952808811392,1.47723292618749,-Inf,Inf,59.5700097328961,Served,50.992146,Stable,0
104,103,4,BS2,Terrestrial,1289.96390375941,155.453486273698,3.8829741518779,10.9214320570252,893.334270320412,27.2654802549687,1.4606592889995,-Inf,Inf,3.8829741518779,Served,10.9214320570252,Stable,0
104,103,5,BS1,Terrestrial,2496.53115061175,144.768124200245,14.5683362253309,44.8812597826039,893.334270320412,9.95219691523311,1.45207548177361,-Inf,Inf,14.5683362253309,Served,44.8812597826039,Stable,0
104,103,6,None,Outage,4576.26928829528,169.062496735464,-9.72603630988849,NaN,NaN,Inf,1.51148904550969,-Inf,Inf,-9.72603630988849,Outage,0,Outage,0
105,104,1,BS2,Terrestrial,295.272687326099,93.2260429171789,66.1104175083969,33.994764,893.334270320412,8.75952808811392,1.53822282192881,-Inf,Inf,66.1104175083969,Served,33.994764,Stable,0
105,104,2,BS2,Terrestrial,144.900842099444,112.083605013366,47.2528554122102,33.994764,893.334270320412,8.75952808811392,1.5341389110939,-Inf,Inf,47.2528554122102,Served,33.994764,Stable,0
105,104,3,BS1,Terrestrial,158.603762337124,103.268129621734,56.0683308038417,50.992146,893.334270320412,8.75952808811392,1.5408998055297,-Inf,Inf,56.0683308038417,Served,50.992146,Stable,0
105,104,4,BS2,Terrestrial,1289.96390375941,149.107428334043,10.2290320915331,21.5960188338596,893.334270320412,13.7885641051548,1.52428215490259,-Inf,Inf,10.2290320915331,Served,21.5960188338596,Stable,0
105,104,5,BS1,Terrestrial,2496.53115061175,144.471321850109,14.8651385754667,45.7568087268271,893.334270320412,9.76176327826652,1.5156760358077,-Inf,Inf,14.8651385754667,Served,45.7568087268271,Stable,0
105,104,6,None,Outage,4576.26928829528,169.461050846925,-10.1245904213491,NaN,NaN,Inf,1.57524557085913,-Inf,Inf,-10.1245904213491,Outage,0,Outage,0
106,105,1,BS2,Terrestrial,295.272687326099,87.3103169400504,72.0261434855255,33.994764,893.334270320412,8.75952808811392,1.60205099094637,-Inf,Inf,72.0261434855255,Served,33.994764,Stable,0
106,105,2,BS2,Terrestrial,144.900842099444,107.563085738812,51.7733746867642,33.994764,893.334270320412,8.75952808811392,1.59795623255742,-Inf,Inf,51.7733746867642,Served,33.994764,Stable,0
106,105,3,BS1,Terrestrial,158.603762337124,96.1631973729606,63.1732630526152,50.992146,893.334270320412,8.75952808811392,1.60473505808276,-Inf,Inf,63.1732630526152,Served,50.992146,Stable,0
106,105,4,BS2,Terrestrial,1289.96390375941,154.015282679754,5.32117774582153,13.0915595028455,893.334270320412,22.7458073304469,1.58807306615672,-Inf,Inf,5.32117774582153,Served,13.0915595028455,Stable,0
106,105,5,BS1,Terrestrial,2496.53115061175,153.015268237751,6.32119218782526,22.0536375506405,893.334270320412,20.2536717189874,1.57944446909455,-Inf,Inf,6.32119218782526,Served,22.0536375506405,Stable,0
106,105,6,None,Outage,4185.25875071361,172.375636746271,-13.0391763206949,NaN,NaN,Inf,1.63917113765697,-Inf,Inf,-13.0391763206949,Outage,0,Outage,0
107,106,1,BS2,Terrestrial,295.272687326099,91.2404746954763,68.0959857300996,33.994764,893.334270320412,8.75952808811392,1.66604873401796,-Inf,Inf,68.0959857300996,Served,33.994764,Stable,0
107,106,2,BS2,Terrestrial,144.900842099444,117.228322597719,42.1081378278569,33.994764,893.334270320412,8.75952808811392,1.66194304707852,-Inf,Inf,42.1081378278569,Served,33.994764,Stable,0
107,106,3,BS1,Terrestrial,158.603762337124,99.412079082526,59.9243813430499,50.992146,893.334270320412,8.75952808811392,1.66873993758554,-Inf,Inf,59.9243813430499,Served,50.992146,Stable,0
107,106,4,BS2,Terrestrial,1289.96390375941,149.807036423154,9.52942400242156,20.3064151722753,893.334270320412,14.6642372659338,1.65203327329912,-Inf,Inf,9.52942400242156,Served,20.3064151722753,Stable,0
107,106,5,BS1,Terrestrial,2496.53115061175,144.679466469998,14.6569939555778,45.1425891767704,893.334270320412,9.89458387978448,1.64338203055689,-Inf,Inf,14.6569939555778,Served,45.1425891767704,Stable,0
107,106,6,None,Outage,4576.26928829528,167.522253921662,-8.18579349608623,NaN,NaN,Inf,1.70326700615061,-Inf,Inf,-8.18579349608623,Outage,0,Outage,0
108,107,1,BS2,Terrestrial,295.272687326099,89.812506213732,69.5239542118439,25.496073,893.334270320412,8.75952808811392,1.73021731659917,-Inf,Inf,69.5239542118439,Served,25.496073,Stable,0
108,107,2,BS2,Terrestrial,144.900842099444,122.401363966159,36.9350964594168,25.496073,893.334270320412,8.75952808811392,1.72610061932081,-Inf,Inf,36.9350964594168,Served,25.496073,Stable,0
108,107,3,BS1,Terrestrial,158.603762337124,105.782790177812,53.5536702477634,50.992146,893.334270320412,8.75952808811392,1.7329157100105,-Inf,Inf,53.5536702477634,Served,50.992146,Stable,0
108,107,4,BS2,Terrestrial,1289.96390375941,147.511324394658,11.8251360309175,18.451847543415,893.334270320412,12.1035883834735,1.71616403906219,-Inf,Inf,11.8251360309175,Served,18.451847543415,Stable,0
108,107,5,BS1,Terrestrial,2496.53115061175,150.774514914701,8.56194551087444,27.8365623275112,893.334270320412,16.046059492007,1.70748998129344,-Inf,Inf,8.56194551087444,Served,27.8365623275112,Stable,0
108,107,6,BS2,Terrestrial,4576.26928829528,166.651197772792,-7.31473734721604,1.12726023444746,893.334270320412,198.120683011206,1.76753444889876,-Inf,Inf,-7.31473734721604,BelowTarget,1.12726023444746,Stable,0
109,108,1,BS2,Terrestrial,295.272687326099,89.4617873563817,69.8746730691941,33.994764,893.334270320412,8.75952808811392,1.79455801651965,-Inf,Inf,69.8746730691941,Served,33.994764,Stable,0
109,108,2,BS2,Terrestrial,144.900842099444,123.260950703245,36.075509722331,33.994764,893.334270320412,8.75952808811392,1.79043022631244,-Inf,Inf,36.075509722331,Served,33.994764,Stable,0
109,108,3,BS1,Terrestrial,158.603762337124,100.443216361936,58.8932440636399,50.992146,893.334270320412,8.75952808811392,1.79726365371031,-Inf,Inf,58.8932440636399,Served,50.992146,Stable,0
109,108,4,BS2,Terrestrial,1289.96390375941,152.581172124138,6.75528830143796,15.4246418317815,893.334270320412,19.3053487629937,1.78046663851975,-Inf,Inf,6.75528830143796,Served,15.4246418317815,Stable,0
109,108,5,BS1,Terrestrial,2496.53115061175,158.371152771262,0.965307654314216,10.7334876108997,893.334270320412,41.6143523291184,1.77176959472478,-Inf,Inf,0.965307654314216,Served,10.7334876108997,Stable,0
109,108,6,None,Outage,4576.26928829528,170.922877889829,-11.5864174642529,NaN,NaN,Inf,1.83197475091919,-Inf,Inf,-11.5864174642529,Outage,0,Outage,0
110,109,1,BS2,Terrestrial,295.272687326099,88.5030191805874,70.8334412449885,25.496073,893.334270320412,8.75952808811392,1.85907212413135,-Inf,Inf,70.8334412449885,Served,25.496073,Stable,0
110,109,2,BS2,Terrestrial,144.900842099444,109.385423225969,49.9510371996066,25.496073,893.334270320412,8.75952808811392,1.8549331575942,-Inf,Inf,49.9510371996066,Served,25.496073,Stable,0
110,109,3,BS1,Terrestrial,158.603762337124,102.85238315326,56.4840772723163,50.992146,893.334270320412,8.75952808811392,1.86178505956627,-Inf,Inf,56.4840772723163,Served,50.992146,Stable,0
110,109,4,BS2,Terrestrial,1289.96390375941,149.216988594071,10.1194718315049,16.0446025394195,893.334270320412,13.9195450327549,1.84494235923468,-Inf,Inf,10.1194718315049,Served,16.0446025394195,Stable,0
110,109,5,BS1,Terrestrial,2496.53115061175,154.019541008347,5.31691941722849,19.6273024585247,893.334270320412,22.7574388331804,1.83622215674082,-Inf,Inf,5.31691941722849,Served,19.6273024585247,Stable,0
110,109,6,BS2,Terrestrial,4576.26928829528,160.471129627878,-1.13466920230169,3.7812905163104,893.334270320412,59.0627899699231,1.8965892098381,-Inf,Inf,-1.13466920230169,BelowTarget,3.7812905163104,Stable,0
111,110,1,BS2,Terrestrial,295.272687326099,91.3503506652941,67.9861097602818,33.994764,893.334270320412,8.75952808811392,1.92376094245907,-Inf,Inf,67.9861097602818,Served,33.994764,Stable,0
111,110,2,BS2,Terrestrial,144.900842099444,108.396320945474,50.9401394801022,33.994764,893.334270320412,8.75952808811392,1.91961071537004,-Inf,Inf,50.9401394801022,Served,33.994764,Stable,0
111,110,3,BS1,Terrestrial,158.603762337124,100.234840014551,59.1016204110251,50.992146,893.334270320412,8.75952808811392,1.92648123113888,-Inf,Inf,59.1016204110251,Served,50.992146,Stable,0
111,110,4,BS2,Terrestrial,1289.96390375941,152.205491247793,7.13096917778321,16.0599504048148,893.334270320412,18.5416568918874,1.90959250140915,-Inf,Inf,7.13096917778321,Served,16.0599504048148,Stable,0
111,110,5,BS1,Terrestrial,2496.53115061175,140.441006216514,18.8954542090615,50.992146,893.334270320412,8.75952808811392,1.90084896585069,-Inf,Inf,18.8954542090615,Served,50.992146,Stable,0
111,110,6,None,Outage,4576.26928829528,166.9463201298,-7.60985970422462,NaN,NaN,Inf,1.96137913604198,-Inf,Inf,-7.60985970422462,Outage,0,Outage,0
112,111,1,BS2,Terrestrial,295.272687326099,88.1962562588844,71.1402041666915,33.994764,893.334270320412,8.75952808811392,1.98862578735308,-Inf,Inf,71.1402041666915,Served,33.994764,Stable,0
112,111,2,BS2,Terrestrial,144.900842099444,112.105697105979,47.2307633195966,33.994764,893.334270320412,8.75952808811392,1.98446421465937,-Inf,Inf,47.2307633195966,Served,33.994764,Stable,0
112,111,3,BS1,Terrestrial,158.603762337124,94.1027343894135,65.2337260361624,50.992146,893.334270320412,8.75952808811392,1.99135348482054,-Inf,Inf,65.2337260361624,Served,50.992146,Stable,0
112,111,4,BS2,Terrestrial,1289.96390375941,147.006917289509,12.3295431360672,25.5680541001641,893.334270320412,11.6464901450945,1.97441837803664,-Inf,Inf,12.3295431360672,Served,25.5680541001641,Stable,0
112,111,5,BS1,Terrestrial,2496.53115061175,145.576522544119,13.7599378814573,42.5071558628628,893.334270320412,10.50804567121,1.96565133333448,-Inf,Inf,13.7599378814573,Served,42.5071558628628,Stable,0
112,111,6,None,Outage,4576.26928829528,169.740903997329,-10.4044435717535,NaN,NaN,Inf,2.02634585283138,-Inf,Inf,-10.4044435717535,Outage,0,Outage,0
113,112,1,BS2,Terrestrial,295.272687326099,90.0274783165098,69.3089821090661,33.994764,893.334270320412,8.75952808811392,2.05366798764394,-Inf,Inf,69.3089821090661,Served,33.994764,Stable,0
113,112,2,BS2,Terrestrial,144.900842099444,115.940440978559,43.3960194470168,33.994764,893.334270320412,8.75952808811392,2.04949498345196,-Inf,Inf,43.3960194470168,Served,33.994764,Stable,0
113,112,3,BS1,Terrestrial,158.603762337124,107.773406318745,51.563054106831,50.992146,893.334270320412,8.75952808811392,2.05640314999056,-Inf,Inf,51.563054106831,Served,50.992146,Stable,0
113,112,4,BS2,Terrestrial,1289.96390375941,147.188644450378,12.1478159751977,25.2194214267775,893.334270320412,11.8074909438893,2.03942131505638,-Inf,Inf,12.1478159751977,Served,25.2194214267775,Stable,0
113,112,5,BS1,Terrestrial,2496.53115061175,146.805877647496,12.5305827780802,38.9320135135814,893.334270320412,11.4730037018092,2.03063058339744,-Inf,Inf,12.5305827780802,Served,38.9320135135814,Stable,0
113,112,6,None,Outage,4576.26928829528,167.698233142834,-8.36177271725776,NaN,NaN,Inf,2.09149069657704,-Inf,Inf,-8.36177271725776,Outage,0,Outage,0
114,113,1,BS2,Terrestrial,295.272687326099,91.3715389038195,67.9649215217563,33.994764,893.334270320412,8.75952808811392,2.11888888529951,-Inf,Inf,67.9649215217563,Served,33.994764,Stable,0
114,113,2,BS2,Terrestrial,144.900842099444,115.514341715766,43.8221187098099,33.994764,893.334270320412,8.75952808811392,2.11470436286459,-Inf,Inf,43.8221187098099,Served,33.994764,Stable,0
114,113,3,BS1,Terrestrial,158.603762337124,105.325166622514,54.0112938030622,50.992146,893.334270320412,8.75952808811392,2.12163156917208,-Inf,Inf,54.0112938030622,Served,50.992146,Stable,0
114,113,4,BS2,Terrestrial,1289.96390375941,157.04423706723,2.29222335834623,8.75401888278364,893.334270320412,34.0161580748288,2.10460265150973,-Inf,Inf,2.29222335834623,Served,8.75401888278364,Stable,0
114,113,5,BS1,Terrestrial,2496.53115061175,140.093519014354,19.2429414112223,50.992146,893.334270320412,8.75952808811392,2.09578805332602,-Inf,Inf,19.2429414112223,Served,50.992146,Stable,0
114,113,6,None,Outage,4576.26928829528,171.912002971742,-12.5755425461661,NaN,NaN,Inf,2.15681501687809,-Inf,Inf,-12.5755425461661,Outage,0,Outage,0
115,114,1,BS2,Terrestrial,295.272687326099,90.1777790419083,69.1586813836676,25.496073,893.334270320412,8.75952808811392,2.18428983558378,-Inf,Inf,69.1586813836676,Served,25.496073,Stable,0
115,114,2,BS2,Terrestrial,144.900842099444,117.151811330844,42.1846490947317,25.496073,893.334270320412,8.75952808811392,2.18009370729989,-Inf,Inf,42.1846490947317,Served,25.496073,Stable,0
115,114,3,BS1,Terrestrial,158.603762337124,98.6180798510237,60.7183805745522,50.992146,893.334270320412,8.75952808811392,2.1870400981912,-Inf,Inf,60.7183805745522,Served,50.992146,Stable,0
115,114,4,BS2,Terrestrial,1289.96390375941,151.017982934361,8.31847749121536,13.5935583565195,893.334270320412,16.4293676256587,2.16996373969868,-Inf,Inf,8.31847749121536,Served,13.5935583565195,Stable,0
115,114,5,BS1,Terrestrial,2496.53115061175,151.960743953648,7.37571647192823,24.7180530074687,893.334270320412,18.0704821300142,2.16112509364609,-Inf,Inf,7.37571647192823,Served,24.7180530074687,Stable,0
115,114,6,BS2,Terrestrial,4576.26928829528,165.69652305835,-6.36006263277457,1.37731589116303,893.334270320412,162.151303860668,2.22232017672231,-Inf,Inf,-6.36006263277457,BelowTarget,1.37731589116303,Stable,0
116,115,1,BS2,Terrestrial,295.272687326099,92.2920428845228,67.0444175410531,25.496073,893.334270320412,8.75952808811392,2.24987220721894,-Inf,Inf,67.0444175410531,Served,25.496073,Stable,0
116,115,2,BS2,Terrestrial,144.900842099444,118.350732805574,40.985727620002,25.496073,893.334270320412,8.75952808811392,2.24566438460823,-Inf,Inf,40.985727620002,Served,25.496073,Stable,0
116,115,3,BS1,Terrestrial,158.603762337124,96.8536429199731,62.4828175056027,50.992146,893.334270320412,8.75952808811392,2.25263010633904,-Inf,Inf,62.4828175056027,Served,50.992146,Stable,0
116,115,4,BS2,Terrestrial,1289.96390375941,147.301067344767,12.0353930808087,18.7531216654893,893.334270320412,11.9091408653897,2.2355059453473,-Inf,Inf,12.0353930808087,Served,18.7531216654893,Stable,0
116,115,5,BS1,Terrestrial,2496.53115061175,144.251763819081,15.0846966064951,46.405716347663,893.334270320412,9.62526107374054,2.22664306828409,-Inf,Inf,15.0846966064951,Served,46.405716347663,Stable,0
116,115,6,BS2,Terrestrial,4576.26928829528,162.923956750787,-3.58749632521076,2.40441333330583,893.334270320412,92.8848482440587,2.28800755264937,-Inf,Inf,-3.58749632521076,BelowTarget,2.40441333330583,Stable,0
117,116,1,BS2,Terrestrial,295.272687326099,87.6774881851915,71.6589722403843,25.496073,893.334270320412,8.75952808811392,2.31563738254861,-Inf,Inf,71.6589722403843,Served,25.496073,Stable,0
117,116,2,BS2,Terrestrial,144.900842099444,119.366731755423,39.9697286701528,25.496073,893.334270320412,8.75952808811392,2.31141777625071,-Inf,Inf,39.9697286701528,Served,25.496073,Stable,0
117,116,3,BS1,Terrestrial,158.603762337124,106.314713265651,53.021747159925,50.992146,893.334270320412,8.75952808811392,2.31840297653501,-Inf,Inf,53.021747159925,Served,50.992146,Stable,0
117,116,4,BS2,Terrestrial,1289.96390375941,145.527146018542,13.8093144070343,21.3258423489718,893.334270320412,10.4724382711603,2.30123064776447,-Inf,Inf,13.8093144070343,Served,21.3258423489718,Stable,0
117,116,5,BS1,Terrestrial,2496.53115061175,153.275955668535,6.06050475704109,21.4127420129304,893.334270320412,20.8598756240784,2.29234335472945,-Inf,Inf,6.06050475704109,Served,21.4127420129304,Stable,0
117,116,6,BS2,Terrestrial,4576.26928829528,161.950995048096,-2.61453462251998,2.89229814924673,893.334270320412,77.2166478197514,2.35387853491546,-Inf,Inf,-2.61453462251998,BelowTarget,2.89229814924673,Stable,0
118,117,1,BS2,Terrestrial,295.272687326099,87.4495674454618,71.8868929801141,25.496073,893.334270320412,8.75952808811392,2.38158675770427,-Inf,Inf,71.8868929801141,Served,25.496073,Stable,0
118,117,2,BS2,Terrestrial,144.900842099444,120.030060570899,39.3063998546768,25.496073,893.334270320412,8.75952808811392,2.37735527746559,-Inf,Inf,39.3063998546768,Served,25.496073,Stable,0
118,117,3,BS1,Terrestrial,158.603762337124,111.689975271409,47.6464851541672,50.992146,893.334270320412,8.75952808811392,2.38436010549353,-Inf,Inf,47.6464851541672,Served,50.992146,Stable,0
118,117,4,BS2,Terrestrial,1289.96390375941,151.018350198337,8.31811022723932,13.593070257004,893.334270320412,16.4299575708459,2.36713924000986,-Inf,Inf,8.31811022723932,Served,13.593070257004,Stable,0
118,117,5,BS1,Terrestrial,2496.53115061175,145.318974609058,14.0174858165182,43.2617319102106,893.334270320412,10.3247631437239,2.35822734420026,-Inf,Inf,14.0174858165182,Served,43.2617319102106,Stable,0
118,117,6,BS2,Terrestrial,4576.26928829528,165.588243573913,-6.25178314833678,1.4086351094086,893.334270320412,158.546074912095,2.41993452766111,-Inf,Inf,-6.25178314833678,BelowTarget,1.4086351094086,Stable,0
119,118,1,BS2,Terrestrial,295.272687326099,93.1294278221789,66.2070326033969,25.496073,893.334270320412,8.75952808811392,2.44772174277357,-Inf,Inf,66.2070326033969,Served,25.496073,Stable,0
119,118,2,BS2,Terrestrial,144.900842099444,118.739749643619,40.5967107819567,25.496073,893.334270320412,8.75952808811392,2.44347829743632,-Inf,Inf,40.5967107819567,Served,25.496073,Stable,0
119,118,3,BS1,Terrestrial,158.603762337124,96.3858372401304,62.9506231854455,50.992146,893.334270320412,8.75952808811392,2.4505029038922,-Inf,Inf,62.9506231854455,Served,50.992146,Stable,0
119,118,4,BS2,Terrestrial,1289.96390375941,156.238891293034,3.09756913254174,7.36398429811381,893.334270320412,30.3278169179838,2.43323312906153,-Inf,Inf,3.09756913254174,Served,7.36398429811381,Stable,0
119,118,5,BS1,Terrestrial,2496.53115061175,142.997055871558,16.3394045540178,50.1316490776164,893.334270320412,8.90988314524929,2.42429644181061,-Inf,Inf,16.3394045540178,Served,50.1316490776164,Stable,0
119,118,6,BS2,Terrestrial,4576.26928829528,164.796818085101,-5.46035765952522,1.65754104011573,893.334270320412,134.737881099167,2.48617694908081,-Inf,Inf,-5.46035765952522,BelowTarget,1.65754104011573,Stable,0
120,119,1,BS2,Terrestrial,295.272687326099,85.6432767268933,73.6931836986826,25.496073,893.334270320412,8.75952808811392,2.51404376197132,-Inf,Inf,73.6931836986826,Served,25.496073,Stable,0
120,119,2,BS2,Terrestrial,144.900842099444,116.0046919935,43.3317684320761,25.496073,893.334270320412,8.75952808811392,2.50978825946241,-Inf,Inf,43.3317684320761,Served,25.496073,Stable,0
120,119,3,BS1,Terrestrial,158.603762337124,114.485076238479,44.8513841870964,50.992146,893.334270320412,8.75952808811392,2.51683279654307,-Inf,Inf,44.8513841870964,Served,50.992146,Stable,0
120,119,4,BS2,Terrestrial,1289.96390375941,151.596573211874,7.73988721370159,12.8313946054898,893.334270320412,17.4052450607787,2.49951373598659,-Inf,Inf,7.73988721370159,Served,12.8313946054898,Stable,0
120,119,5,BS1,Terrestrial,2496.53115061175,150.52630640043,8.81015402514552,28.5032493355723,893.334270320412,15.6707444088756,2.49055206674081,-Inf,Inf,8.81015402514552,Served,28.5032493355723,Stable,0
120,119,6,BS2,Terrestrial,4576.26928829528,162.052123743925,-2.71566331834958,2.83813999575241,893.334270320412,78.6901167364352,2.5526072315954,-Inf,Inf,-2.71566331834958,BelowTarget,2.83813999575241,Stable,0
121,120,1,BS2,Terrestrial,295.272687326099,90.9782746543334,68.3581857712425,33.994764,893.334270320412,8.75952808811392,2.58055425381268,-Inf,Inf,68.3581857712425,Served,33.994764,Stable,0
121,120,2,BS2,Terrestrial,144.900842099444,106.372980831978,52.9634795935979,33.994764,893.334270320412,8.75952808811392,2.57628660113246,-Inf,Inf,52.9634795935979,Served,33.994764,Stable,0
121,120,3,BS1,Terrestrial,158.603762337124,104.594909850679,54.7415505748965,33.994764,893.334270320412,8.75952808811392,2.58335122256585,-Inf,Inf,54.7415505748965,Served,33.994764,Stable,0
121,120,4,BS1,Terrestrial,1684.50527938871,155.835779765553,3.50068066002297,10.3769529875346,893.334270320412,28.6961009136798,2.5659824961137,-Inf,Inf,3.50068066002297,Served,10.3767197590911,InTransition,0.0224756191750323
121,120,5,BS1,Terrestrial,2496.53115061175,151.140121932201,8.19633849337438,17.9087039068578,893.334270320412,16.6275623102337,2.55699565240967,-Inf,Inf,8.19633849337438,Served,17.9087039068578,Stable,0
121,120,6,BS2,Terrestrial,4576.26928829528,165.685080228631,-6.34861980305473,1.84079443326506,893.334270320412,161.766074867267,2.61922682202676,-Inf,Inf,-6.34861980305473,BelowTarget,1.84079443326506,Stable,0
122,121,1,BS2,Terrestrial,295.272687326099,89.4438978237726,69.8925626018033,33.994764,893.334270320412,8.75952808811392,2.64725467128927,-Inf,Inf,69.8925626018033,Served,33.994764,Stable,0
122,121,2,BS2,Terrestrial,144.900842099444,108.794213414343,50.542247011233,33.994764,893.334270320412,8.75952808811392,2.64297477450021,-Inf,Inf,50.542247011233,Served,33.994764,Stable,0
122,121,3,BS1,Terrestrial,158.603762337124,99.7759057585814,59.5605546669945,50.992146,893.334270320412,8.75952808811392,2.65005963556422,-Inf,Inf,59.5605546669945,Served,50.992146,Stable,0
122,121,4,BS2,Terrestrial,1289.96390375941,149.153080555431,10.1833798701449,21.5112872357584,893.334270320412,13.8428763859284,2.63264085920871,-Inf,Inf,10.1833798701449,Served,21.5109169958365,InTransition,0.0172114256958314
122,121,5,BS1,Terrestrial,2496.53115061175,153.395143150366,5.94131727521,21.1222344721825,893.334270320412,21.1467747765255,2.62362864664977,-Inf,Inf,5.94131727521,Served,21.1222344721825,Stable,0
122,121,6,None,Outage,4185.25875071361,180.804786791904,-21.4683263663279,NaN,NaN,Inf,2.68603718177532,-Inf,Inf,-21.4683263663279,Outage,0,Outage,0
123,122,1,BS2,Terrestrial,295.272687326099,90.9013069718425,68.4351534537333,25.496073,893.334270320412,8.75952808811392,2.71414648204713,-Inf,Inf,68.4351534537333,Served,25.496073,Stable,0
123,122,2,BS2,Terrestrial,144.900842099444,113.234179750357,46.1022806752184,25.496073,893.334270320412,8.75952808811392,2.70985424626211,-Inf,Inf,46.1022806752184,Served,25.496073,Stable,0
123,122,3,BS1,Terrestrial,158.603762337124,106.527053116554,52.8094073090219,50.992146,893.334270320412,8.75952808811392,2.71695950380371,-Inf,Inf,52.8094073090219,Served,50.992146,Stable,0
123,122,4,BS2,Terrestrial,1289.96390375941,154.484296084101,4.85216434147534,9.2727893721957,893.334270320412,24.0848312860168,2.69949028965195,-Inf,Inf,4.85216434147534,Served,9.2727893721957,Stable,0
123,122,5,BS1,Terrestrial,2496.53115061175,144.303997962119,15.032462463457,46.2512461210291,893.334270320412,9.65740758619516,2.6904525118844,-Inf,Inf,15.032462463457,Served,46.2512461210291,Stable,0
123,122,6,BS2,Terrestrial,4576.26928829528,166.233993701335,-6.8975332757596,1.23095812276095,893.334270320412,181.43067863201,2.75303978699944,-Inf,Inf,-6.8975332757596,BelowTarget,1.23095812276095,Stable,0
124,123,1,BS2,Terrestrial,295.272687326099,91.3418921942301,67.9945682313458,25.496073,893.334270320412,8.75952808811392,2.78123116856809,-Inf,Inf,67.9945682313458,Served,25.496073,Stable,0
124,123,2,BS2,Terrestrial,144.900842099444,112.650926419188,46.6855340063875,25.496073,893.334270320412,8.75952808811392,2.77692649793872,-Inf,Inf,46.6855340063875,Served,25.496073,Stable,0
124,123,3,BS1,Terrestrial,158.603762337124,98.4198027438819,60.916657681694,50.992146,893.334270320412,8.75952808811392,2.7840523103934,-Inf,Inf,60.916657681694,Served,50.992146,Stable,0
124,123,4,BS2,Terrestrial,1289.96390375941,146.696217301476,12.6402431241004,19.6244750275879,893.334270320412,11.3803588257084,2.76653226661911,-Inf,Inf,12.6402431241004,Served,19.6244750275879,Stable,0
124,123,5,BS1,Terrestrial,2496.53115061175,157.977746540844,1.35871388473146,11.41309998463,893.334270320412,39.1363552200307,2.75746872530814,-Inf,Inf,1.35871388473146,Served,11.41309998463,Stable,0
124,123,6,BS2,Terrestrial,4576.26928829528,165.28395079764,-5.94749037206438,1.50009556124739,893.334270320412,148.879560309073,2.82023612879835,-Inf,Inf,-5.94749037206438,BelowTarget,1.50009556124739,Stable,0
125,124,1,BS2,Terrestrial,295.272687326099,90.173799178998,69.1626612465778,33.994764,893.334270320412,8.75952808811392,2.84851022835316,-Inf,Inf,69.1626612465778,Served,33.994764,Stable,0
125,124,2,BS2,Terrestrial,144.900842099444,121.790924326846,37.5455360987296,33.994764,893.334270320412,8.75952808811392,2.84419302605787,-Inf,Inf,37.5455360987296,Served,33.994764,Stable,0
125,124,3,BS1,Terrestrial,158.603762337124,103.32131878584,56.0151416397363,50.992146,893.334270320412,8.75952808811392,2.85133955346925,-Inf,Inf,56.0151416397363,Served,50.992146,Stable,0
125,124,4,BS2,Terrestrial,1289.96390375941,150.964314687656,8.37214573791971,18.2199214381004,893.334270320412,16.3435441320899,2.833768284264,-Inf,Inf,8.37214573791971,Served,18.2199214381004,Stable,0
125,124,5,BS1,Terrestrial,2496.53115061175,145.946908627693,13.3895517978827,41.4251713703914,893.334270320412,10.7825054280756,2.82467877906924,-Inf,Inf,13.3895517978827,Served,41.4251713703914,Stable,0
125,124,6,None,Outage,4185.25875071361,182.548758468347,-23.2122980427707,NaN,NaN,Inf,2.88762771339701,-Inf,Inf,-23.2122980427707,Outage,0,Outage,0
126,125,1,BS2,Terrestrial,295.272687326099,91.2932012736702,68.0432591519057,25.496073,893.334270320412,8.75952808811392,2.91598517410858,-Inf,Inf,68.0432591519057,Served,25.496073,Stable,0
126,125,2,BS2,Terrestrial,144.900842099444,111.963650202402,47.3728102231742,25.496073,893.334270320412,8.75952808811392,2.91165534234051,-Inf,Inf,47.3728102231742,Served,25.496073,Stable,0
126,125,3,BS1,Terrestrial,158.603762337124,98.0320333441084,61.3044270814674,50.992146,893.334270320412,8.75952808811392,2.91882274638039,-Inf,Inf,61.3044270814674,Served,50.992146,Stable,0
126,125,4,BS2,Terrestrial,1289.96390375941,153.722610674429,5.61384975114694,10.1662252797959,893.334270320412,21.9681899066264,2.90119985190402,-Inf,Inf,5.61384975114694,Served,10.1662252797959,Stable,0
126,125,5,BS1,Terrestrial,2496.53115061175,143.359508458548,15.9769519670283,49.0524841292564,893.334270320412,9.10590244488353,2.89208418045474,-Inf,Inf,15.9769519670283,Served,49.0524841292564,Stable,0
126,125,6,BS2,Terrestrial,4576.26928829528,162.902061961795,-3.56560153621879,2.41459607064062,893.334270320412,92.4931380016907,2.95521606233376,-Inf,Inf,-3.56560153621879,BelowTarget,2.41459607064062,Stable,0
127,126,1,BS2,Terrestrial,295.272687326099,93.4757087900068,65.860751635569,33.994764,893.334270320412,8.75952808811392,2.98365753393499,-Inf,Inf,65.860751635569,Served,33.994764,Stable,0
127,126,2,BS2,Terrestrial,144.900842099444,109.977946926132,49.3585134994441,33.994764,893.334270320412,8.75952808811392,2.97931497388973,-Inf,Inf,49.3585134994441,Served,33.994764,Stable,0
127,126,3,BS1,Terrestrial,158.603762337124,97.1377480370426,62.1987123885333,50.992146,893.334270320412,8.75952808811392,2.98650341787829,-Inf,Inf,62.1987123885333,Served,50.992146,Stable,0
127,126,4,BS2,Terrestrial,1289.96390375941,153.617887452989,5.71857297258697,13.7224422164878,893.334270320412,21.7000797240754,2.96882849420873,-Inf,Inf,5.71857297258697,Served,13.7224422164878,Stable,0
127,126,5,BS1,Terrestrial,2496.53115061175,144.420188592725,14.9162718328512,45.9078432496902,893.334270320412,9.72964756219997,2.95968645207866,-Inf,Inf,14.9162718328512,Served,45.9078432496902,Stable,0
127,126,6,None,Outage,4576.26928829528,168.425328773869,-9.08886834829346,NaN,NaN,Inf,3.02300271265097,-Inf,Inf,-9.08886834829346,Outage,0,Outage,0
128,127,1,BS2,Terrestrial,295.272687326099,89.5854676937705,69.7509927318054,25.496073,893.334270320412,8.75952808811392,3.05152885151911,-Inf,Inf,69.7509927318054,Served,25.496073,Stable,0
128,127,2,BS2,Terrestrial,144.900842099444,115.341936723833,43.9945237017427,25.496073,893.334270320412,8.75952808811392,3.04717346338227,-Inf,Inf,43.9945237017427,Served,25.496073,Stable,0
128,127,3,BS1,Terrestrial,158.603762337124,103.161114215905,56.1753462096706,50.992146,893.334270320412,8.75952808811392,3.05438311230865,-Inf,Inf,56.1753462096706,Served,50.992146,Stable,0
128,127,4,BS2,Terrestrial,1289.96390375941,156.662452264804,2.67400816077165,6.9375828368595,893.334270320412,32.1918415724751,3.03665575139086,-Inf,Inf,2.67400816077165,Served,6.9375828368595,Stable,0
128,127,5,BS1,Terrestrial,2496.53115061175,148.543338294152,10.7931221314242,33.9737233145233,893.334270320412,13.1474295891867,3.02748713207272,-Inf,Inf,10.7931221314242,Served,33.9737233145233,Stable,0
128,127,6,BS2,Terrestrial,4576.26928829528,165.962074761579,-6.62561433600317,1.30314456491616,893.334270320412,171.380500362576,3.09098921708838,-Inf,Inf,-6.62561433600317,BelowTarget,1.30314456491616,Stable,0
129,128,1,BS2,Terrestrial,295.272687326099,90.578414650608,68.7580457749679,25.496073,893.334270320412,8.75952808811392,3.11960068632801,-Inf,Inf,68.7580457749679,Served,25.496073,Stable,0
129,128,2,BS2,Terrestrial,144.900842099444,109.792875187083,49.5435852384925,25.496073,893.334270320412,8.75952808811392,3.11523236926258,-Inf,Inf,49.5435852384925,Served,25.496073,Stable,0
129,128,3,BS1,Terrestrial,158.603762337124,98.9792190958727,60.3572413297032,50.992146,893.334270320412,8.75952808811392,3.12246338980573,-Inf,Inf,60.3572413297032,Served,50.992146,Stable,0
129,128,4,BS2,Terrestrial,1289.96390375941,151.097489120108,8.23897130546806,13.488017560019,893.334270320412,16.5579238450953,3.10468317940005,-Inf,Inf,8.23897130546806,Served,13.488017560019,Stable,0
129,128,5,BS1,Terrestrial,2496.53115061175,146.337079873283,12.9993805522928,40.2897624590935,893.334270320412,11.0863680473101,3.09548777427961,-Inf,Inf,12.9993805522928,Served,40.2897624590935,Stable,0
129,128,6,BS2,Terrestrial,4576.26928829528,162.270257851628,-2.93379742605211,2.72408942821781,893.334270320412,81.9846680753852,3.15917714427899,-Inf,Inf,-2.93379742605211,BelowTarget,2.72408942821781,Stable,0
130,129,1,BS2,Terrestrial,295.272687326099,87.16983965093,72.1666207746458,25.496073,893.334270320412,8.75952808811392,3.18787461380657,-Inf,Inf,72.1666207746458,Served,25.496073,Stable,0
130,129,2,BS2,Terrestrial,144.900842099444,114.9129061391,44.4235542864757,25.496073,893.334270320412,8.75952808811392,3.18349326594008,-Inf,Inf,44.4235542864757,Served,25.496073,Stable,0
130,129,3,BS1,Terrestrial,158.603762337124,107.056081306661,52.2803791189151,50.992146,893.334270320412,8.75952808811392,3.19074582648993,-Inf,Inf,52.2803791189151,Served,50.992146,Stable,0
130,129,4,BS2,Terrestrial,1289.96390375941,150.989724195407,8.34673623016877,13.631130522852,893.334270320412,16.3840825385461,3.17291235011953,-Inf,Inf,8.34673623016877,Served,13.631130522852,Stable,0
130,129,5,BS1,Terrestrial,2496.53115061175,151.232155536509,8.10430488906698,26.619660356073,893.334270320412,16.7795955765568,3.16368994844941,-Inf,Inf,8.10430488906698,Served,26.619660356073,Stable,0
130,129,6,BS2,Terrestrial,4576.26928829528,159.71627140707,-0.379810981494103,4.30676761245094,893.334270320412,51.8564240462945,3.22756807894809,-Inf,Inf,-0.379810981494103,BelowTarget,4.30676761245094,Stable,0
131,130,1,BS2,Terrestrial,295.272687326099,93.7698429190798,65.566617506496,33.994764,893.334270320412,8.75952808811392,3.25635222557756,-Inf,Inf,65.566617506496,Served,33.994764,Stable,0
131,130,2,BS2,Terrestrial,144.900842099444,111.121729017128,48.2147314084483,33.994764,893.334270320412,8.75952808811392,3.25195774398915,-Inf,Inf,48.2147314084483,Served,33.994764,Stable,0
131,130,3,BS1,Terrestrial,158.603762337124,99.4065946798311,59.9298657457447,50.992146,893.334270320412,8.75952808811392,3.25923201466807,-Inf,Inf,59.9298657457447,Served,50.992146,Stable,0
131,130,4,BS2,Terrestrial,1289.96390375941,149.041260729461,10.2951996961153,21.7189643358141,893.334270320412,13.7105105705144,3.24134485156575,-Inf,Inf,10.2951996961153,Served,21.7189643358141,Stable,0
131,130,5,BS1,Terrestrial,2496.53115061175,164.817314552102,-5.48085412652645,3.30126646392711,893.334270320412,135.301751628029,3.2320952404387,-Inf,Inf,-5.48085412652645,BelowTarget,3.30126646392711,Stable,0
131,130,6,None,Outage,4576.26928829528,171.773088334972,-12.436627909396,NaN,NaN,Inf,3.29616362211516,-Inf,Inf,-12.436627909396,Outage,0,Outage,0
132,131,1,BS2,Terrestrial,295.272687326099,91.4897455847631,67.8467148408127,25.496073,893.334270320412,8.75952808811392,3.32503512964491,-Inf,Inf,67.8467148408127,Served,25.496073,Stable,0
132,131,2,BS2,Terrestrial,144.900842099444,108.382124946878,50.9543354786983,25.496073,893.334270320412,8.75952808811392,3.32062741035209,-Inf,Inf,50.9543354786983,Served,25.496073,Stable,0
132,131,3,BS1,Terrestrial,158.603762337124,100.852135854139,58.4843245714368,50.992146,893.334270320412,8.75952808811392,3.32792356303667,-Inf,Inf,58.4843245714368,Served,50.992146,Stable,0
132,131,4,BS2,Terrestrial,1289.96390375941,149.047222672653,10.2892377529224,16.2809099256957,893.334270320412,13.7175114044223,3.30998228809078,-Inf,Inf,10.2892377529224,Served,16.2809099256957,Stable,0
132,131,5,BS1,Terrestrial,2496.53115061175,141.00113312352,18.3353273020555,50.992146,893.334270320412,8.75952808811392,3.30070525241269,-Inf,Inf,18.3353273020555,Served,50.992146,Stable,0
132,131,6,BS2,Terrestrial,4576.26928829528,163.593759251524,-4.257298825948,2.10978457263884,893.334270320412,105.856100417288,3.36496539129865,-Inf,Inf,-4.257298825948,BelowTarget,2.10978457263884,Stable,0
133,132,1,BS2,Terrestrial,295.272687326099,88.7670118627691,70.5694485628068,25.496073,893.334270320412,8.75952808811392,3.39392495059985,-Inf,Inf,70.5694485628068,Served,25.496073,Stable,0
133,132,2,BS2,Terrestrial,144.900842099444,111.778663698604,47.5577967269723,25.496073,893.334270320412,8.75952808811392,3.38950388854513,-Inf,Inf,47.5577967269723,Served,25.496073,Stable,0
133,132,3,BS1,Terrestrial,158.603762337124,112.684991963051,46.6514684625247,50.992146,893.334270320412,8.75952808811392,3.39682209688831,-Inf,Inf,46.6514684625247,Served,50.992146,Stable,0
133,132,4,BS2,Terrestrial,1289.96390375941,149.454951707654,9.88150871792232,15.7147496543861,893.334270320412,14.2117165396758,3.37882628058793,-Inf,Inf,9.88150871792232,Served,15.7147496543861,Stable,0
133,132,5,BS1,Terrestrial,2496.53115061175,154.430860889307,4.90559953626857,18.6685455922235,893.334270320412,23.9261881946641,3.36952160305036,-Inf,Inf,4.90559953626857,Served,18.6685455922235,Stable,0
133,132,6,BS2,Terrestrial,4576.26928829528,165.296979754196,-5.96051932861988,1.49607337633419,893.334270320412,149.279822175123,3.43397502072404,-Inf,Inf,-5.96051932861988,BelowTarget,1.49607337633419,Stable,0
134,133,1,BS2,Terrestrial,295.272687326099,87.7167197015815,71.6197407239943,25.496073,893.334270320412,8.75952808811392,3.46302332982981,-Inf,Inf,71.6197407239943,Served,25.496073,Stable,0
134,133,2,BS2,Terrestrial,144.900842099444,109.474822223665,49.8616382019108,25.496073,893.334270320412,8.75952808811392,3.45858881886712,-Inf,Inf,49.8616382019108,Served,25.496073,Stable,0
134,133,3,BS1,Terrestrial,158.603762337124,108.021656925305,51.3148035002709,50.992146,893.334270320412,8.75952808811392,3.46592925832058,-Inf,Inf,51.3148035002709,Served,50.992146,Stable,0
134,133,4,BS2,Terrestrial,1289.96390375941,147.589054405829,11.7474060197471,18.3406946783915,893.334270320412,12.1769415769856,3.44787846669992,-Inf,Inf,11.7474060197471,Served,18.3406946783915,Stable,0
134,133,5,BS1,Terrestrial,2496.53115061175,147.684063161362,11.6523972642144,36.4100058212668,893.334270320412,12.2677029317944,3.43854592775229,-Inf,Inf,11.6523972642144,Served,36.4100058212668,Stable,0
134,133,6,BS2,Terrestrial,4576.26928829528,166.66717813225,-7.33071770667382,1.12345210482319,893.334270320412,198.792246346142,3.50319416153436,-Inf,Inf,-7.33071770667382,BelowTarget,1.12345210482319,Stable,0
135,134,1,BS2,Terrestrial,295.272687326099,92.6543872099565,66.6820732156194,33.994764,893.334270320412,8.75952808811392,3.53233192573092,-Inf,Inf,66.6820732156194,Served,33.994764,Stable,0
135,134,2,BS2,Terrestrial,144.900842099444,112.491909098121,46.8445513274544,33.994764,893.334270320412,8.75952808811392,3.52788385861182,-Inf,Inf,46.8445513274544,Served,33.994764,Stable,0
135,134,3,BS1,Terrestrial,158.603762337124,104.562818464511,54.773641961065,50.992146,893.334270320412,8.75952808811392,3.53524670644881,-Inf,Inf,54.773641961065,Served,50.992146,Stable,0
135,134,4,BS2,Terrestrial,1289.96390375941,144.648168467553,14.6882919580224,30.156590783474,893.334270320412,9.87439502843234,3.51714050103065,-Inf,Inf,14.6882919580224,Served,30.156590783474,Stable,0
135,134,5,BS1,Terrestrial,2496.53115061175,163.756644873312,-4.42018444773603,4.0858821439746,893.334270320412,109.319632681746,3.507779878852,-Inf,Inf,-4.42018444773603,BelowTarget,4.0858821439746,Stable,0
135,134,6,None,Outage,4185.25875071361,173.645911803005,-14.3094513774294,NaN,NaN,Inf,3.57262448200453,-Inf,Inf,-14.3094513774294,Outage,0,Outage,0
136,135,1,BS2,Terrestrial,295.272687326099,91.1479568463935,68.1885035791823,33.994764,893.334270320412,8.75952808811392,3.60185241392316,-Inf,Inf,68.1885035791823,Served,33.994764,Stable,0
136,135,2,BS2,Terrestrial,144.900842099444,111.284568252302,48.0518921732742,33.994764,893.334270320412,8.75952808811392,3.59739068228289,-Inf,Inf,48.0518921732742,Served,33.994764,Stable,0
136,135,3,BS1,Terrestrial,158.603762337124,97.7308486448741,61.6056117807018,50.992146,893.334270320412,8.75952808811392,3.60477611762124,-Inf,Inf,61.6056117807018,Served,50.992146,Stable,0
136,135,4,BS2,Terrestrial,1289.96390375941,147.333584252469,12.0028761731069,24.9419620193254,893.334270320412,11.9388398505331,3.58661405535973,-Inf,Inf,12.0028761731069,Served,24.9419620193254,Stable,0
136,135,5,BS1,Terrestrial,2496.53115061175,160.441034598372,-1.10457417279585,7.60258643084018,893.334270320412,58.7519969977959,3.57722512583002,-Inf,Inf,-1.10457417279585,Served,7.60258643084018,Stable,0
136,135,6,None,Outage,4576.26928829528,169.501551116055,-10.1650906904788,NaN,NaN,Inf,3.64226766775834,-Inf,Inf,-10.1650906904788,Outage,0,Outage,0
137,136,1,BS2,Terrestrial,295.272687326099,90.5275755910185,68.8088848345574,25.496073,893.334270320412,8.75952808811392,3.67158648746909,-Inf,Inf,68.8088848345574,Served,25.496073,Stable,0
137,136,2,BS2,Terrestrial,144.900842099444,116.893720793744,42.4427396318321,25.496073,893.334270320412,8.75952808811392,3.66711098181232,-Inf,Inf,42.4427396318321,Served,25.496073,Stable,0
137,136,3,BS1,Terrestrial,158.603762337124,97.8951864353483,61.4412739902276,50.992146,893.334270320412,8.75952808811392,3.67451918563797,-Inf,Inf,61.4412739902276,Served,50.992146,Stable,0
137,136,4,BS2,Terrestrial,1289.96390375941,148.160506336895,11.175954088681,17.5274823443121,893.334270320412,12.7419080044076,3.65630081886037,-Inf,Inf,11.175954088681,Served,17.5274823443121,Stable,0
137,136,5,BS1,Terrestrial,2496.53115061175,145.905762303917,13.4306981216592,41.5451758120064,893.334270320412,10.7513598493696,3.64688335553147,-Inf,Inf,13.4306981216592,Served,41.5451758120064,Stable,0
137,136,6,BS2,Terrestrial,4576.26928829528,164.764002245479,-5.42754181990321,1.66865375231041,893.334270320412,133.840568944202,3.71212542198901,-Inf,Inf,-5.42754181990321,BelowTarget,1.66865375231041,Stable,0
138,137,1,BS2,Terrestrial,295.272687326099,93.5870670333363,65.7493933922396,25.496073,893.334270320412,8.75952808811392,3.74153585709559,-Inf,Inf,65.7493933922396,Served,25.496073,Stable,0
138,137,2,BS2,Terrestrial,144.900842099444,122.237676884332,37.0987835412442,25.496073,893.334270320412,8.75952808811392,3.73704646678208,-Inf,Inf,37.0987835412442,Served,25.496073,Stable,0
138,137,3,BS1,Terrestrial,158.603762337124,100.206755131099,59.1297052944766,50.992146,893.334270320412,8.75952808811392,3.74447762197279,-Inf,Inf,59.1297052944766,Served,50.992146,Stable,0
138,137,4,BS2,Terrestrial,1289.96390375941,143.921978830279,15.4144815952969,23.6911215714252,893.334270320412,9.42688875690352,3.72620249832058,-Inf,Inf,15.4144815952969,Served,23.6911215714252,Stable,0
138,137,5,BS1,Terrestrial,2496.53115061175,144.212621255891,15.123839169685,46.5215079682368,893.334270320412,9.60130388432754,3.71675627238666,-Inf,Inf,15.123839169685,Served,46.5215079682368,Stable,0
138,137,6,BS2,Terrestrial,4576.26928829528,163.847209194716,-4.51074876914049,2.0065638444759,893.334270320412,111.301500919068,3.7821994656828,-Inf,Inf,-4.51074876914049,BelowTarget,2.0065638444759,Stable,0
139,138,1,BS2,Terrestrial,295.272687326099,92.3354936591186,67.0009667664573,33.994764,893.334270320412,8.75952808811392,3.81170225141878,-Inf,Inf,67.0009667664573,Served,33.994764,Stable,0
139,138,2,BS2,Terrestrial,144.900842099444,114.632576594031,44.7038838315446,33.994764,893.334270320412,8.75952808811392,3.80719886464871,-Inf,Inf,44.7038838315446,Served,33.994764,Stable,0
139,138,3,BS1,Terrestrial,158.603762337124,98.5240171460236,60.8124432795522,50.992146,893.334270320412,8.75952808811392,3.81465315599828,-Inf,Inf,60.8124432795522,Served,50.992146,Stable,0
139,138,4,BS2,Terrestrial,1289.96390375941,157.00182048433,2.33463994124557,8.80835558866959,893.334270320412,33.8063202727469,3.79632081836715,-Inf,Inf,2.33463994124557,Served,8.80835558866959,Stable,0
139,138,5,BS1,Terrestrial,2496.53115061175,148.747268932435,10.5891914931405,33.4007056273312,893.334270320412,13.3729849945058,3.78684559863481,-Inf,Inf,10.5891914931405,Served,33.4007056273312,Stable,0
139,138,6,None,Outage,4576.26928829528,168.057583053007,-8.72112262743084,NaN,NaN,Inf,3.85249153784584,-Inf,Inf,-8.72112262743084,Outage,0,Outage,0
140,139,1,BS2,Terrestrial,295.272687326099,93.175044375045,66.1614160505309,33.994764,893.334270320412,8.75952808811392,3.88208741717285,-Inf,Inf,66.1614160505309,Served,33.994764,Stable,0
140,139,2,BS2,Terrestrial,144.900842099444,108.822857462931,50.5136029626445,33.994764,893.334270320412,8.75952808811392,3.87756992097201,-Inf,Inf,50.5136029626445,Served,33.994764,Stable,0
140,139,3,BS1,Terrestrial,158.603762337124,106.86111076923,52.4753496563455,50.992146,893.334270320412,8.75952808811392,3.88504753521472,-Inf,Inf,52.4753496563455,Served,50.992146,Stable,0
140,139,4,BS2,Terrestrial,1289.96390375941,159.414962938473,-0.078502512897046,6.04056201320129,893.334270320412,49.2964213356353,3.86665752169383,-Inf,Inf,-0.078502512897046,Served,6.04056201320129,Stable,0
140,139,5,BS1,Terrestrial,2496.53115061175,148.858932839133,10.4775275864428,33.0878534549095,893.334270320412,13.499429201985,3.85715307455169,-Inf,Inf,10.4775275864428,Served,33.0878534549095,Stable,0
140,139,6,None,Outage,4576.26928829528,167.083106523564,-7.7466460979883,NaN,NaN,Inf,3.92300339573492,-Inf,Inf,-7.7466460979883,Outage,0,Outage,0
141,140,1,BS2,Terrestrial,295.272687326099,93.8044336942388,65.5320267313371,33.994764,893.334270320412,8.75952808811392,3.95269311944138,-Inf,Inf,65.5320267313371,Served,33.994764,Stable,0
141,140,2,BS2,Terrestrial,144.900842099444,118.806034077346,40.5304263482297,33.994764,893.334270320412,8.75952808811392,3.94816139964613,-Inf,Inf,40.5304263482297,Served,33.994764,Stable,0
141,140,3,BS1,Terrestrial,158.603762337124,101.196667181375,58.1397932442011,50.992146,893.334270320412,8.75952808811392,3.95566252548161,-Inf,Inf,58.1397932442011,Served,50.992146,Stable,0
141,140,4,BS2,Terrestrial,1289.96390375941,155.278768592461,4.05769183311469,11.1749960803164,893.334270320412,26.6468183045997,3.9372143692919,-Inf,Inf,4.05769183311469,Served,11.1749960803164,Stable,0
141,140,5,BS1,Terrestrial,2496.53115061175,141.433709540673,17.9027508849032,50.992146,893.334270320412,8.75952808811392,3.92768045867972,-Inf,Inf,17.9027508849032,Served,50.992146,Stable,0
141,140,6,None,Outage,4576.26928829528,167.233436245898,-7.8969758203217,NaN,NaN,Inf,3.99373681509078,-Inf,Inf,-7.8969758203217,Outage,0,Outage,0
142,141,1,BS2,Terrestrial,295.272687326099,92.8091025356756,66.5273578899003,33.994764,893.334270320412,8.75952808811392,4.02352114189321,-Inf,Inf,66.5273578899003,Served,33.994764,Stable,0
142,141,2,BS2,Terrestrial,144.900842099444,109.046436007438,50.290024418138,33.994764,893.334270320412,8.75952808811392,4.01897508313516,-Inf,Inf,50.290024418138,Served,33.994764,Stable,0
142,141,3,BS1,Terrestrial,158.603762337124,110.202611612541,49.1338488130351,50.992146,893.334270320412,8.75952808811392,4.02649991125369,-Inf,Inf,49.1338488130351,Served,50.992146,Stable,0
142,141,4,BS2,Terrestrial,1289.96390375941,154.191428266273,5.1450321593025,12.8160313621414,893.334270320412,23.2348128443601,4.0079931406852,-Inf,Inf,5.1450321593025,Served,12.8160313621414,Stable,0
142,141,5,BS1,Terrestrial,2496.53115061175,159.279521126974,0.0569392986016055,9.26710361322791,893.334270320412,48.199216691894,3.99842952806261,-Inf,Inf,0.0569392986016055,Served,9.26710361322791,Stable,0
142,141,6,None,Outage,4185.25875071361,176.201047000259,-16.8645865746832,NaN,NaN,Inf,4.06469359037597,-Inf,Inf,-16.8645865746832,Outage,0,Outage,0
143,142,1,BS2,Terrestrial,295.272687326099,88.1439866164934,71.1924738090824,25.496073,893.334270320412,8.75952808811392,4.0945732870206,-Inf,Inf,71.1924738090824,Served,25.496073,Stable,0
143,142,2,BS2,Terrestrial,144.900842099444,108.569334068552,50.7671263570238,25.496073,893.334270320412,8.75952808811392,4.09001277271111,-Inf,Inf,50.7671263570238,Served,25.496073,Stable,0
143,142,3,BS1,Terrestrial,158.603762337124,97.1189957352461,62.2174646903298,50.992146,893.334270320412,8.75952808811392,4.0975614958192,-Inf,Inf,62.2174646903298,Served,50.992146,Stable,0
143,142,4,BS2,Terrestrial,1289.96390375941,147.113989134986,12.22247129059,19.0219076760093,893.334270320412,11.7408606636113,4.07899563416755,-Inf,Inf,12.22247129059,Served,19.0219076760093,Stable,0
143,142,5,BS1,Terrestrial,2496.53115061175,160.114395466985,-0.777935041408881,8.04687945224827,893.334270320412,55.508118123406,4.06940207848229,-Inf,Inf,-0.777935041408881,Served,8.04687945224827,Stable,0
143,142,6,BS2,Terrestrial,4576.26928829528,163.528415627359,-4.19195520178323,2.13711730650907,893.334270320412,104.502250250789,4.13587553501506,-Inf,Inf,-4.19195520178323,BelowTarget,2.13711730650907,Stable,0
144,143,1,BS2,Terrestrial,295.272687326099,90.6607081054897,68.6757523200861,25.496073,893.334270320412,8.75952808811392,4.16585137638237,-Inf,Inf,68.6757523200861,Served,25.496073,Stable,0
144,143,2,BS2,Terrestrial,144.900842099444,118.874324420724,40.4621360048523,25.496073,893.334270320412,8.75952808811392,4.16127628869682,-Inf,Inf,40.4621360048523,Served,25.496073,Stable,0
144,143,3,BS1,Terrestrial,158.603762337124,100.507305465778,58.8291549597976,50.992146,893.334270320412,8.75952808811392,4.16884910154321,-Inf,Inf,58.8291549597976,Served,50.992146,Stable,0
144,143,4,BS2,Terrestrial,1289.96390375941,147.511691805539,11.8247686200367,18.4513218607002,893.334270320412,12.1039332176946,4.15022366704508,-Inf,Inf,11.8247686200367,Served,18.4513218607002,Stable,0
144,143,5,BS1,Terrestrial,2496.53115061175,142.376939153414,16.9595212721615,50.992146,893.334270320412,8.75952808811392,4.14059992470071,-Inf,Inf,16.9595212721615,Served,50.992146,Stable,0
144,143,6,BS2,Terrestrial,4576.26928829528,163.155555707125,-3.81909528154884,2.29887092850834,893.334270320412,97.1492417475638,4.20728448163984,-Inf,Inf,-3.81909528154884,BelowTarget,2.29887092850834,Stable,0
145,144,1,BS2,Terrestrial,295.272687326099,91.8533836766721,67.4830767489037,25.496073,893.334270320412,8.75952808811392,4.2373572508495,-Inf,Inf,67.4830767489037,Served,25.496073,Stable,0
145,144,2,BS2,Terrestrial,144.900842099444,108.109914816989,51.2265456085865,25.496073,893.334270320412,8.75952808811392,4.23276747071131,-Inf,Inf,51.2265456085865,Served,25.496073,Stable,0
145,144,3,BS1,Terrestrial,158.603762337124,101.87234075342,57.4641196721561,50.992146,893.334270320412,8.75952808811392,4.24036457011336,-Inf,Inf,57.4641196721561,Served,50.992146,Stable,0
145,144,4,BS2,Terrestrial,1289.96390375941,144.382921212502,14.9535392130742,23.0089782800018,893.334270320412,9.70636613509316,4.22167907588095,-Inf,Inf,14.9535392130742,Served,23.0089782800018,Stable,0
145,144,5,BS1,Terrestrial,2496.53115061175,144.880213615224,14.4562468103514,44.5511207221137,893.334270320412,10.0259461023726,4.21202490070419,-Inf,Inf,14.4562468103514,Served,44.5511207221137,Stable,0
145,144,6,BS2,Terrestrial,4576.26928829528,166.134679535892,-6.79821911031587,1.25689121318072,893.334270320412,177.687269381834,4.27892228233708,-Inf,Inf,-6.79821911031587,BelowTarget,1.25689121318072,Stable,0
146,145,1,BS2,Terrestrial,295.272687326099,86.706142317021,72.6303181085549,33.994764,893.334270320412,8.75952808811392,4.30909277085485,-Inf,Inf,72.6303181085549,Served,33.994764,Stable,0
146,145,2,BS2,Terrestrial,144.900842099444,131.926656716299,27.4098037092766,33.994764,893.334270320412,8.75952808811392,4.30448817791925,-Inf,Inf,27.4098037092766,Served,33.994764,Stable,0
146,145,3,BS1,Terrestrial,158.603762337124,100.271565674012,59.0648947515637,50.992146,893.334270320412,8.75952808811392,4.31210976278974,-Inf,Inf,59.0648947515637,Served,50.992146,Stable,0
146,145,4,BS2,Terrestrial,1289.96390375941,157.686665262529,1.64979516304643,7.95535232615594,893.334270320412,37.4311630583295,4.29336371674437,-Inf,Inf,1.64979516304643,Served,7.95535232615594,Stable,0
146,145,5,BS1,Terrestrial,2496.53115061175,147.218053153847,12.1184072717291,37.7446207758965,893.334270320412,11.8339282784752,4.2836788599518,-Inf,Inf,12.1184072717291,Served,37.7446207758965,Stable,0
146,145,6,None,Outage,4576.26928829528,168.831861865566,-9.49540143998982,NaN,NaN,Inf,4.35079080890036,-Inf,Inf,-9.49540143998982,Outage,0,Outage,0
147,146,1,BS2,Terrestrial,295.272687326099,88.2617583892559,71.07470203632,33.994764,893.334270320412,8.75952808811392,4.38105981664704,-Inf,Inf,71.07470203632,Served,33.994764,Stable,0
147,146,2,BS2,Terrestrial,144.900842099444,128.52097951696,30.8154809086156,33.994764,893.334270320412,8.75952808811392,4.3764402892846,-Inf,Inf,30.8154809086156,Served,33.994764,Stable,0
147,146,3,BS1,Terrestrial,158.603762337124,98.7084916655253,60.6279687600506,33.994764,893.334270320412,8.75952808811392,4.38408656065894,-Inf,Inf,60.6279687600506,Served,33.994764,Stable,0
147,146,4,BS1,Terrestrial,1684.50527938871,157.190869337358,2.14559108821763,8.56769649953534,893.334270320412,34.7559101939423,4.36527946546346,-Inf,Inf,2.14559108821763,Served,8.56750393525161,InTransition,0.0224756191750323
147,146,5,BS1,Terrestrial,2496.53115061175,138.925158643128,20.4113017824479,33.994764,893.334270320412,8.75952808811392,4.35556367562787,-Inf,Inf,20.4113017824479,Served,33.994764,Stable,0
147,146,6,BS2,Terrestrial,4576.26928829528,162.447793144537,-3.11133271896097,3.51203284796107,893.334270320412,84.7879570032157,4.42289195308609,-Inf,Inf,-3.11133271896097,BelowTarget,3.51203284796107,Stable,0
148,147,1,BS2,Terrestrial,295.272687326099,89.4497202941218,69.8867401314541,25.496073,893.334270320412,8.75952808811392,4.45326028854734,-Inf,Inf,69.8867401314541,Served,25.496073,Stable,0
148,147,2,BS2,Terrestrial,144.900842099444,118.290760812826,41.0456996127496,25.496073,893.334270320412,8.75952808811392,4.44862570382725,-Inf,Inf,41.0456996127496,Served,25.496073,Stable,0
148,147,3,BS1,Terrestrial,158.603762337124,100.078779538207,59.2576808873693,50.992146,893.334270320412,8.75952808811392,4.45629686489108,-Inf,Inf,59.2576808873693,Served,50.992146,Stable,0
148,147,4,BS2,Terrestrial,1289.96390375941,151.478219505069,7.85824092050697,12.9861646552778,893.334270320412,17.1978080910391,4.43742821788142,-Inf,Inf,7.85824092050697,Served,12.9859411448698,InTransition,0.0172114256958314
148,147,5,BS1,Terrestrial,2496.53115061175,146.516236280007,12.8202241455688,39.7700169689154,893.334270320412,11.2312533210465,4.42768124089755,-Inf,Inf,12.8202241455688,Served,39.7700169689154,Stable,0
148,147,6,BS2,Terrestrial,4576.26928829528,166.453812246564,-7.11735182098775,1.17528279760052,893.334270320412,190.025386261132,4.4952276268727,-Inf,Inf,-7.11735182098775,BelowTarget,1.17528279760052,Stable,0
149,148,1,BS2,Terrestrial,295.272687326099,90.0811023311914,69.2553580943844,33.994764,893.334270320412,8.75952808811392,4.52569610721134,-Inf,Inf,69.2553580943844,Served,33.994764,Stable,0
149,148,2,BS2,Terrestrial,144.900842099444,108.972495896571,50.3639645290046,33.994764,893.334270320412,8.75952808811392,4.52104634088445,-Inf,Inf,50.3639645290046,Served,33.994764,Stable,0
149,148,3,BS1,Terrestrial,158.603762337124,98.8370636463375,60.4993967792384,50.992146,893.334270320412,8.75952808811392,4.52874259700165,-Inf,Inf,60.4993967792384,Served,50.992146,Stable,0
149,148,4,BS2,Terrestrial,1289.96390375941,152.406210376105,6.93025004947052,15.7193665599922,893.334270320412,18.9433899241645,4.50981189011724,-Inf,Inf,6.93025004947052,Served,15.7193665599922,Stable,0
149,148,5,BS1,Terrestrial,2496.53115061175,144.787108481851,14.5493519437252,44.8253245938933,893.334270320412,9.96461574359814,4.50003346916709,-Inf,Inf,14.5493519437252,Served,44.8253245938933,Stable,0
149,148,6,None,Outage,4576.26928829528,170.502681448565,-11.1662210229895,NaN,NaN,Inf,4.56779976272449,-Inf,Inf,-11.1662210229895,Outage,0,Outage,0
150,149,1,BS2,Terrestrial,295.272687326099,90.2524677555011,69.0839926700747,33.994764,893.334270320412,8.75952808811392,4.59836921389386,-Inf,Inf,69.0839926700747,Served,33.994764,Stable,0
150,149,2,BS2,Terrestrial,144.900842099444,108.36570285846,50.970757567116,33.994764,893.334270320412,8.75952808811392,4.59370414037545,-Inf,Inf,50.970757567116,Served,33.994764,Stable,0
150,149,3,BS1,Terrestrial,158.603762337124,99.7671055644663,59.5693548611096,50.992146,893.334270320412,8.75952808811392,4.60142569911662,-Inf,Inf,59.5693548611096,Served,50.992146,Stable,0
150,149,4,BS2,Terrestrial,1289.96390375941,157.857031188074,1.47942923750159,7.75131256954394,893.334270320412,38.4164730083029,4.5824324188298,-Inf,Inf,1.47942923750159,Served,7.75131256954394,Stable,0
150,149,5,BS1,Terrestrial,2496.53115061175,144.06657345701,15.2698869685663,46.953819498514,893.334270320412,9.51290310204354,4.5726222943473,-Inf,Inf,15.2698869685663,Served,46.953819498514,Stable,0
150,149,6,None,Outage,4576.26928829528,172.372798427094,-13.0363380015179,NaN,NaN,Inf,4.64061031385892,-Inf,Inf,-13.0363380015179,Outage,0,Outage,0
151,150,1,BS2,Terrestrial,295.272687326099,86.9162776815849,72.420182743991,33.994764,893.334270320412,8.75952808811392,4.67128157071842,-Inf,Inf,72.420182743991,Served,33.994764,Stable,0
151,150,2,BS2,Terrestrial,144.900842099444,125.647778921687,33.6886815038893,33.994764,893.334270320412,8.75952808811392,4.66660106307071,-Inf,Inf,33.6886815038893,Served,33.994764,Stable,0
151,150,3,BS1,Terrestrial,158.603762337124,114.637001314111,44.6994591114646,50.992146,893.334270320412,8.75952808811392,4.67434813424205,-Inf,Inf,44.6994591114646,Served,50.992146,Stable,0
151,150,4,BS2,Terrestrial,1289.96390375941,144.343476196343,14.9929842292331,30.7563573172304,893.334270320412,9.68183868575301,4.65529176148635,-Inf,Inf,14.9929842292331,Served,30.7563573172304,Stable,0
151,150,5,BS1,Terrestrial,2496.53115061175,161.551877059069,-2.21541663349319,6.22821262288944,893.334270320412,71.7167447878465,4.64544967112161,-Inf,Inf,-2.21541663349319,Served,6.22821262288944,Stable,0
151,150,6,None,Outage,4576.26928829528,168.700111328992,-9.36365090341596,NaN,NaN,Inf,4.71366125451834,-Inf,Inf,-9.36365090341596,Outage,0,Outage,0
152,151,1,BS2,Terrestrial,295.272687326099,91.3133172057764,68.0231432197995,25.496073,893.334270320412,8.75952808811392,4.7444351609503,-Inf,Inf,68.0231432197995,Served,25.496073,Stable,0
152,151,2,BS2,Terrestrial,144.900842099444,107.910273560961,51.4261868646147,25.496073,893.334270320412,8.75952808811392,4.73973909086468,-Inf,Inf,51.4261868646147,Served,25.496073,Stable,0
152,151,3,BS1,Terrestrial,158.603762337124,105.02991871053,54.3065417150454,50.992146,893.334270320412,8.75952808811392,4.74751188653728,-Inf,Inf,54.3065417150454,Served,50.992146,Stable,0
152,151,4,BS2,Terrestrial,1289.96390375941,148.879645291441,10.456815134135,16.514947482567,893.334270320412,13.5231170317587,4.7283918966347,-Inf,Inf,10.456815134135,Served,16.514947482567,Stable,0
152,151,5,BS1,Terrestrial,2496.53115061175,144.908951737675,14.4275086879013,44.4665249719161,893.334270320412,10.0450200559254,4.71851757521766,-Inf,Inf,14.4275086879013,Served,44.4665249719161,Stable,0
152,151,6,BS2,Terrestrial,4576.26928829528,164.669035245724,-5.33257482014807,1.70118303854863,893.334270320412,131.281327475873,4.78695458024544,-Inf,Inf,-5.33257482014807,BelowTarget,1.70118303854863,Stable,0
153,152,1,BS2,Terrestrial,295.272687326099,88.1416389567482,71.1948214688276,33.994764,893.334270320412,8.75952808811392,4.81783198927438,-Inf,Inf,71.1948214688276,Served,33.994764,Stable,0
153,152,2,BS2,Terrestrial,144.900842099444,118.333436195625,41.0030242299504,33.994764,893.334270320412,8.75952808811392,4.81312022705342,-Inf,Inf,41.0030242299504,Served,33.994764,Stable,0
153,152,3,BS1,Terrestrial,158.603762337124,103.648875149609,55.6875852759666,50.992146,893.334270320412,8.75952808811392,4.82091896159308,-Inf,Inf,55.6875852759666,Served,50.992146,Stable,0
153,152,4,BS2,Terrestrial,1289.96390375941,151.752668450441,7.5837919751344,16.8375992196536,893.334270320412,17.685305738791,4.80173482418011,-Inf,Inf,7.5837919751344,Served,16.8375992196536,Stable,0
153,152,5,BS1,Terrestrial,2496.53115061175,147.490065074949,11.8463953506271,36.9645390642007,893.334270320412,12.0836657636776,4.79182800368363,-Inf,Inf,11.8463953506271,Served,36.9645390642007,Stable,0
153,152,6,None,Outage,4576.26928829528,169.148929735441,-9.81246930986524,NaN,NaN,Inf,4.86049230816354,-Inf,Inf,-9.81246930986524,Outage,0,Outage,0
154,153,1,BS2,Terrestrial,295.272687326099,88.4235361274997,70.9129242980761,33.994764,893.334270320412,8.75952808811392,4.89147408207647,-Inf,Inf,70.9129242980761,Served,33.994764,Stable,0
154,153,2,BS2,Terrestrial,144.900842099444,112.982150737976,46.3543096876,33.994764,893.334270320412,8.75952808811392,4.88674649661559,-Inf,Inf,46.3543096876,Served,33.994764,Stable,0
154,153,3,BS1,Terrestrial,158.603762337124,110.207127038981,49.1293333865951,50.992146,893.334270320412,8.75952808811392,4.89457138671302,-Inf,Inf,49.1293333865951,Served,50.992146,Stable,0
154,153,4,BS2,Terrestrial,1289.96390375941,146.434299372793,12.9021610527824,26.6717281210134,893.334270320412,11.1645592949862,4.87532256566568,-Inf,Inf,12.9021610527824,Served,26.6717281210134,Stable,0
154,153,5,BS1,Terrestrial,2496.53115061175,155.373323737283,3.96313668829248,16.5561116310013,893.334270320412,26.9789878877007,4.86538297516809,-Inf,Inf,3.96313668829248,Served,16.5561116310013,Stable,0
154,153,6,None,Outage,4576.26928829528,167.949227654618,-8.61276722904191,NaN,NaN,Inf,4.93427647726033,-Inf,Inf,-8.61276722904191,Outage,0,Outage,0
155,154,1,BS2,Terrestrial,295.272687326099,93.5245274916953,65.8119329338806,25.496073,893.334270320412,8.75952808811392,4.96536348772982,-Inf,Inf,65.8119329338806,Served,25.496073,Stable,0
155,154,2,BS2,Terrestrial,144.900842099444,117.398058972972,41.9384014526035,25.496073,893.334270320412,8.75952808811392,4.96061994649866,-Inf,Inf,41.9384014526035,Served,25.496073,Stable,0
155,154,3,BS1,Terrestrial,158.603762337124,107.70828600445,51.6281744211256,50.992146,893.334270320412,8.75952808811392,4.96847121120021,-Inf,Inf,51.6281744211256,Served,50.992146,Stable,0
155,154,4,BS2,Terrestrial,1289.96390375941,144.009993148488,15.3264672770881,23.5607073265667,893.334270320412,9.47906887872908,4.94915716455782,-Inf,Inf,15.3264672770881,Served,23.5607073265667,Stable,0
155,154,5,BS1,Terrestrial,2496.53115061175,143.433729054634,15.9027313709416,48.8317677373251,893.334270320412,9.14706052754242,4.93918453020495,-Inf,Inf,15.9027313709416,Served,48.8317677373251,Stable,0
155,154,6,BS2,Terrestrial,4576.26928829528,163.086760536429,-3.75030011085281,2.32981032305476,893.334270320412,95.8591201052268,5.00830914867688,-Inf,Inf,-3.75030011085281,BelowTarget,2.32981032305476,Stable,0
156,155,1,BS2,Terrestrial,295.272687326099,88.8154476210098,70.521012804566,33.994764,893.334270320412,8.75952808811392,5.03950227688527,-Inf,Inf,70.521012804566,Served,33.994764,Stable,0
156,155,2,BS2,Terrestrial,144.900842099444,114.015913962798,45.3205464627776,33.994764,893.334270320412,8.75952808811392,5.03474264590894,-Inf,Inf,45.3205464627776,Served,33.994764,Stable,0
156,155,3,BS1,Terrestrial,158.603762337124,96.9537166111704,62.3827438144054,50.992146,893.334270320412,8.75952808811392,5.04262050664768,-Inf,Inf,62.3827438144054,Served,50.992146,Stable,0
156,155,4,BS2,Terrestrial,1289.96390375941,146.689400869684,12.6470595558918,26.1791096120629,893.334270320412,11.3746454527847,5.02324068653554,-Inf,Inf,12.6470595558918,Served,26.1791096120629,Stable,0
156,155,5,BS1,Terrestrial,2496.53115061175,151.145360818101,8.19109960747463,26.8491825675624,893.334270320412,16.6361539699105,5.01323473150204,-Inf,Inf,8.19109960747463,Served,26.8491825675624,Stable,0
156,155,6,None,Outage,4185.25875071361,174.97535497172,-15.6388945461437,NaN,NaN,Inf,5.08259240600039,-Inf,Inf,-15.6388945461437,Outage,0,Outage,0
157,156,1,BS2,Terrestrial,295.272687326099,90.3477215887888,68.9887388367871,33.994764,893.334270320412,8.75952808811392,5.11389254276612,-Inf,Inf,68.9887388367871,Served,33.994764,Stable,0
157,156,2,BS2,Terrestrial,144.900842099444,124.594446472104,34.7420139534723,33.994764,893.334270320412,8.75952808811392,5.1091166866059,-Inf,Inf,34.7420139534723,Served,33.994764,Stable,0
157,156,3,BS1,Terrestrial,158.603762337124,100.253381190979,59.0830792345974,50.992146,893.334270320412,8.75952808811392,5.11702136723334,-Inf,Inf,59.0830792345974,Served,50.992146,Stable,0
157,156,4,BS2,Terrestrial,1289.96390375941,156.465861237054,2.8705991885214,9.51164624160912,893.334270320412,31.3066826228419,5.09757521978418,-Inf,Inf,2.8705991885214,Served,9.51164624160912,Stable,0
157,156,5,BS1,Terrestrial,2496.53115061175,154.233253379424,5.10320704615179,19.1264832732096,893.334270320412,23.3533331130376,5.08753566423438,-Inf,Inf,5.10320704615179,Served,19.1264832732096,Stable,0
157,156,6,None,Outage,4185.25875071361,170.588350298317,-11.2518898727407,NaN,NaN,Inf,5.15712835556153,-Inf,Inf,-11.2518898727407,Outage,0,Outage,0
158,157,1,BS2,Terrestrial,295.272687326099,87.7321215769518,71.6043388486241,25.496073,893.334270320412,8.75952808811392,5.18853640146789,-Inf,Inf,71.6043388486241,Served,25.496073,Stable,0
158,157,2,BS2,Terrestrial,144.900842099444,119.570918351675,39.7655420739011,25.496073,893.334270320412,8.75952808811392,5.18374418320189,-Inf,Inf,39.7655420739011,Served,25.496073,Stable,0
158,157,3,BS1,Terrestrial,158.603762337124,112.173291639683,47.1631687858925,50.992146,893.334270320412,8.75952808811392,5.19167591002009,-Inf,Inf,47.1631687858925,Served,50.992146,Stable,0
158,157,4,BS2,Terrestrial,1289.96390375941,146.312006599826,13.0244538257501,20.1812922059442,893.334270320412,11.066366083056,5.1721628752943,-Inf,Inf,13.0244538257501,Served,20.1812922059442,Stable,0
158,157,5,BS1,Terrestrial,2496.53115061175,154.196497171529,5.13996325404653,19.2122112558577,893.334270320412,23.249126777326,5.1620894363424,-Inf,Inf,5.13996325404653,Served,19.2122112558577,Stable,0
158,157,6,BS2,Terrestrial,4576.26928829528,164.071547789341,-4.73508736376522,1.91883573962934,893.334270320412,116.390143756257,5.23191912673697,-Inf,Inf,-4.73508736376522,BelowTarget,1.91883573962934,Stable,0
159,158,1,BS2,Terrestrial,295.272687326099,89.0618523927031,70.2746080328727,25.496073,893.334270320412,8.75952808811392,5.26343599226195,-Inf,Inf,70.2746080328727,Served,25.496073,Stable,0
159,158,2,BS2,Terrestrial,144.900842099444,111.319713340386,48.0167470851903,25.496073,893.334270320412,8.75952808811392,5.2586272734653,-Inf,Inf,48.0167470851903,Served,25.496073,Stable,0
159,158,3,BS1,Terrestrial,158.603762337124,101.057963369454,58.2784970561222,50.992146,893.334270320412,8.75952808811392,5.26658627525948,-Inf,Inf,58.2784970561222,Served,50.992146,Stable,0
159,158,4,BS2,Terrestrial,1289.96390375941,144.557311240051,14.7791491855248,22.7514725467398,893.334270320412,9.81622473540096,5.24700578716411,-Inf,Inf,14.7791491855248,Served,22.7514725467398,Stable,0
159,158,5,BS1,Terrestrial,2496.53115061175,145.562436967437,13.7740234581384,42.5483786823979,893.334270320412,10.497864994912,5.23689817883377,-Inf,Inf,13.7740234581384,Served,42.5483786823979,Stable,0
159,158,6,BS2,Terrestrial,4576.26928829528,164.601976711649,-5.26551628607319,1.72448659231472,893.334270320412,129.507279775559,5.30696687225559,-Inf,Inf,-5.26551628607319,BelowTarget,1.72448659231472,Stable,0
160,159,1,BS2,Terrestrial,295.272687326099,92.1759360514464,67.1605243741294,25.496073,893.334270320412,8.75952808811392,5.33859347790459,-Inf,Inf,67.1605243741294,Served,25.496073,Stable,0
160,159,2,BS2,Terrestrial,144.900842099444,107.774565998036,51.5618944275402,25.496073,893.334270320412,8.75952808811392,5.33376811862936,-Inf,Inf,51.5618944275402,Served,25.496073,Stable,0
160,159,3,BS1,Terrestrial,158.603762337124,103.424818160806,55.9116422647703,50.992146,893.334270320412,8.75952808811392,5.34175462670106,-Inf,Inf,55.9116422647703,Served,50.992146,Stable,0
160,159,4,BS2,Terrestrial,1289.96390375941,156.690418051729,2.64604237384643,6.90992958921782,893.334270320412,32.320671968726,5.32210611290757,-Inf,Inf,2.64604237384643,Served,6.90992958921782,Stable,0
160,159,5,BS1,Terrestrial,2496.53115061175,149.320376192264,10.0160842333123,31.8021800778335,893.334270320412,14.0451734461921,5.31196404609089,-Inf,Inf,10.0160842333123,Served,31.8021800778335,Stable,0
160,159,6,BS2,Terrestrial,4576.26928829528,161.37409883533,-2.03763840975387,3.21710741932761,893.334270320412,69.4206125161903,5.38227376851024,-Inf,Inf,-2.03763840975387,BelowTarget,3.21710741932761,Stable,0
161,160,1,BS2,Terrestrial,295.272687326099,89.3763845916849,69.960075833891,33.994764,893.334270320412,8.75952808811392,5.41401104495059,-Inf,Inf,69.960075833891,Served,33.994764,Stable,0
161,160,2,BS2,Terrestrial,144.900842099444,117.370479430293,41.9659809952828,33.994764,893.334270320412,8.75952808811392,5.40916890370546,-Inf,Inf,41.9659809952828,Served,33.994764,Stable,0
161,160,3,BS1,Terrestrial,158.603762337124,109.50672584506,49.8297345805162,33.994764,893.334270320412,8.75952808811392,5.41718315190613,-Inf,Inf,49.8297345805162,Served,33.994764,Stable,0
161,160,4,BS1,Terrestrial,1684.50527938871,154.861836310828,4.474624114748,11.7916765212316,893.334270320412,25.2532444873837,5.39746603376693,-Inf,Inf,4.474624114748,Served,11.7914114960007,InTransition,0.0224756191750323
161,160,5,BS1,Terrestrial,2496.53115061175,151.278525390593,8.05793503498316,17.6648598031261,893.334270320412,16.8570876545596,5.38728921618275,-Inf,Inf,8.05793503498316,Served,17.6648598031261,Stable,0
161,160,6,BS2,Terrestrial,4576.26928829528,164.304035773543,-4.96757534796762,2.4419065163016,893.334270320412,121.94491808712,5.45784201587417,-Inf,Inf,-4.96757534796762,BelowTarget,2.4419065163016,Stable,0
162,161,1,BS2,Terrestrial,295.272687326099,87.0447949109336,72.2916655146423,25.496073,893.334270320412,8.75952808811392,5.4896909040713,-Inf,Inf,72.2916655146423,Served,25.496073,Stable,0
162,161,2,BS2,Terrestrial,144.900842099444,111.765196761106,47.5712636644699,25.496073,893.334270320412,8.75952808811392,5.48483183780085,-Inf,Inf,47.5712636644699,Served,25.496073,Stable,0
162,161,3,BS1,Terrestrial,158.603762337124,99.1393017855519,60.197158640024,50.992146,893.334270320412,8.75952808811392,5.49287406256607,-Inf,Inf,60.197158640024,Served,50.992146,Stable,0
162,161,4,BS2,Terrestrial,1289.96390375941,151.754113331312,7.58234709426412,12.6263235689056,893.334270320412,17.6879331787519,5.4730877550296,-Inf,Inf,7.58234709426412,Served,12.6261062518757,InTransition,0.0172114256958314
162,161,5,BS1,Terrestrial,2496.53115061175,144.407753382807,14.9287070427686,45.9445820897272,893.334270320412,9.72186740730148,5.46287589118129,-Inf,Inf,14.9287070427686,Served,45.9445820897272,Stable,0
162,161,6,BS2,Terrestrial,4576.26928829528,165.465839073085,-6.12937864750904,1.44480824083491,893.334270320412,154.576615268366,5.53367383902189,-Inf,Inf,-6.12937864750904,BelowTarget,1.44480824083491,Stable,0
163,162,1,BS2,Terrestrial,295.272687326099,94.8651493314087,64.4713110941671,25.496073,893.334270320412,8.75952808811392,5.56563529037817,-Inf,Inf,64.4713110941671,Served,25.496073,Stable,0
163,162,2,BS2,Terrestrial,144.900842099444,120.301848870914,39.0346115546615,25.496073,893.334270320412,8.75952808811392,5.56075915444188,-Inf,Inf,39.0346115546615,Served,25.496073,Stable,0
163,162,3,BS1,Terrestrial,158.603762337124,111.851202520517,47.4852579050592,50.992146,893.334270320412,8.75952808811392,5.56882959482602,-Inf,Inf,47.4852579050592,Served,50.992146,Stable,0
163,162,4,BS2,Terrestrial,1289.96390375941,150.367227235761,8.96923318981459,14.4664422024709,893.334270320412,15.4380437466482,5.54897350635068,-Inf,Inf,8.96923318981459,Served,14.4664422024709,Stable,0
163,162,5,BS1,Terrestrial,2496.53115061175,158.221461206033,1.11499921954331,10.988934246406,893.334270320412,40.6469931609875,5.5387262974831,-Inf,Inf,1.11499921954331,Served,10.988934246406,Stable,0
163,162,6,BS2,Terrestrial,4576.26928829528,165.784035494839,-6.44757506926277,1.35246264242656,893.334270320412,165.131043604578,5.60977148725549,-Inf,Inf,-6.44757506926277,BelowTarget,1.35246264242656,Stable,0
164,163,1,BS2,Terrestrial,295.272687326099,88.7402116259933,70.5962487995826,25.496073,893.334270320412,8.75952808811392,5.64184646375131,-Inf,Inf,70.5962487995826,Served,25.496073,Stable,0
164,163,2,BS2,Terrestrial,144.900842099444,109.438320625143,49.898139800433,25.496073,893.334270320412,8.75952808811392,5.63695311190219,-Inf,Inf,49.898139800433,Served,25.496073,Stable,0
164,163,3,BS1,Terrestrial,158.603762337124,102.088633457203,57.2478269683731,50.992146,893.334270320412,8.75952808811392,5.64505200961371,-Inf,Inf,57.2478269683731,Served,50.992146,Stable,0
164,163,4,BS2,Terrestrial,1289.96390375941,157.637581154105,1.69887927147047,6.0110604935609,893.334270320412,37.1537714217549,5.62512554208027,-Inf,Inf,1.69887927147047,Served,6.0110604935609,Stable,0
164,163,5,BS1,Terrestrial,2496.53115061175,150.071765224682,9.26469520089347,29.7355280656084,893.334270320412,15.0213284988476,5.61484268613623,-Inf,Inf,9.26469520089347,Served,29.7355280656084,Stable,0
164,163,6,BS2,Terrestrial,4576.26928829528,163.928625558626,-4.59216513305037,1.97433583860885,893.334270320412,113.118327294037,5.68613723483623,-Inf,Inf,-4.59216513305037,BelowTarget,1.97433583860885,Stable,0
165,164,1,BS2,Terrestrial,295.272687326099,88.8557024832695,70.4807579423063,33.994764,893.334270320412,8.75952808811392,5.71832670917267,-Inf,Inf,70.4807579423063,Served,33.994764,Stable,0
165,164,2,BS2,Terrestrial,144.900842099444,110.241050454876,49.0954099706999,33.994764,893.334270320412,8.75952808811392,5.71341599353565,-Inf,Inf,49.0954099706999,Served,33.994764,Stable,0
165,164,3,BS1,Terrestrial,158.603762337124,105.080014218882,54.2564462066939,50.992146,893.334270320412,8.75952808811392,5.72154359297279,-Inf,Inf,54.2564462066939,Served,50.992146,Stable,0
165,164,4,BS2,Terrestrial,1289.96390375941,153.059655506737,6.27680491883925,14.6293251192357,893.334270320412,20.3548754081119,5.70154614159565,-Inf,Inf,6.27680491883925,Served,14.6293251192357,Stable,0
165,164,5,BS1,Terrestrial,2496.53115061175,142.670541614893,16.6659188106828,50.992146,893.334270320412,8.75952808811392,5.69122733317151,-Inf,Inf,16.6659188106828,Served,50.992146,Stable,0
165,164,6,None,Outage,4185.25875071361,174.139366029158,-14.8029056035826,NaN,NaN,Inf,5.7627733813206,-Inf,Inf,-14.8029056035826,Outage,0,Outage,0
166,165,1,BS2,Terrestrial,295.272687326099,89.6842240581669,69.652236367409,25.496073,893.334270320412,8.75952808811392,5.79507833706474,-Inf,Inf,69.652236367409,Served,25.496073,Stable,0
166,165,2,BS2,Terrestrial,144.900842099444,110.269574804665,49.0668856209104,25.496073,893.334270320412,8.75952808811392,5.79015010811459,-Inf,Inf,49.0668856209104,Served,25.496073,Stable,0
166,165,3,BS1,Terrestrial,158.603762337124,108.325396962325,51.0110634632513,50.992146,893.334270320412,8.75952808811392,5.79830665640178,-Inf,Inf,51.0110634632513,Served,50.992146,Stable,0
166,165,4,BS2,Terrestrial,1289.96390375941,148.963596696528,10.372863729048,16.397606571415,893.334270320412,13.6198881591309,5.77823760963864,-Inf,Inf,10.372863729048,Served,16.397606571415,Stable,0
166,165,5,BS1,Terrestrial,2496.53115061175,147.72965195602,11.6068084695559,36.2799200599098,893.334270320412,12.3116901697307,5.7678825399394,-Inf,Inf,11.6068084695559,Served,36.2799200599098,Stable,0
166,165,6,BS2,Terrestrial,4576.26928829528,165.431193956416,-6.09473353083993,1.45519652118784,893.334270320412,153.473131861119,5.83968225190205,-Inf,Inf,-6.09473353083993,BelowTarget,1.45519652118784,Stable,0
167,166,1,BS2,Terrestrial,295.272687326099,86.1069009363881,73.2295594891877,33.994764,893.334270320412,8.75952808811392,5.87210368363507,-Inf,Inf,73.2295594891877,Served,33.994764,Stable,0
167,166,2,BS2,Terrestrial,144.900842099444,113.587109235202,45.7493511903739,33.994764,893.334270320412,8.75952808811392,5.86715779017409,-Inf,Inf,45.7493511903739,Served,33.994764,Stable,0
167,166,3,BS1,Terrestrial,158.603762337124,101.265249524562,58.0712109010142,50.992146,893.334270320412,8.75952808811392,5.87534353719887,-Inf,Inf,58.0712109010142,Served,50.992146,Stable,0
167,166,4,BS2,Terrestrial,1289.96390375941,147.826782944385,11.5096774811913,24.0020372813763,893.334270320412,12.4063672852411,5.85520227665907,-Inf,Inf,11.5096774811913,Served,24.0020372813763,Stable,0
167,166,5,BS1,Terrestrial,2496.53115061175,148.311911860456,11.0245485651197,34.6265073945374,893.334270320412,12.8995722863656,5.84481063345269,-Inf,Inf,11.0245485651197,Served,34.6265073945374,Stable,0
167,166,6,None,Outage,4576.26928829528,169.702582422589,-10.3661219970136,NaN,NaN,Inf,5.91686619775861,-Inf,Inf,-10.3661219970136,Outage,0,Outage,0
168,167,1,BS2,Terrestrial,295.272687326099,89.5774484513267,69.7590119742492,33.994764,893.334270320412,8.75952808811392,5.94940511122483,-Inf,Inf,69.7590119742492,Served,33.994764,Stable,0
168,167,2,BS2,Terrestrial,144.900842099444,112.79456964504,46.5418907805356,33.994764,893.334270320412,8.75952808811392,5.94444140036011,-Inf,Inf,46.5418907805356,Served,33.994764,Stable,0
168,167,3,BS1,Terrestrial,158.603762337124,102.484439889067,56.8520205365092,33.994764,893.334270320412,8.75952808811392,5.95265659881061,-Inf,Inf,56.8520205365092,Served,33.994764,Stable,0
168,167,4,BS1,Terrestrial,1684.50527938871,157.492348942119,1.84411148345725,8.19207528899331,893.334270320412,36.3495304427795,5.93244249916204,-Inf,Inf,1.84411148345725,Served,8.19189116702886,InTransition,0.0224756191750323
168,167,5,BS1,Terrestrial,2496.53115061175,143.476273928115,15.8601864974607,32.4701938333407,893.334270320412,9.17081344309816,5.92201396673299,-Inf,Inf,15.8601864974607,Served,32.4701938333407,Stable,0
168,167,6,BS2,Terrestrial,4576.26928829528,166.660142442951,-7.32368201737509,1.50016967642956,893.334270320412,198.496273311912,5.9943275964045,-Inf,Inf,-7.32368201737509,BelowTarget,1.50016967642956,Stable,0
169,168,1,BS2,Terrestrial,295.272687326099,88.4237459844242,70.9127144411516,33.994764,893.334270320412,8.75952808811392,6.02698500866443,-Inf,Inf,70.9127144411516,Served,33.994764,Stable,0
169,168,2,BS2,Terrestrial,144.900842099444,113.080429162321,46.2560312632552,33.994764,893.334270320412,8.75952808811392,6.02200332578483,-Inf,Inf,46.2560312632552,Served,33.994764,Stable,0
169,168,3,BS1,Terrestrial,158.603762337124,104.197223157645,55.139237267931,50.992146,893.334270320412,8.75952808811392,6.03024823118784,-Inf,Inf,55.139237267931,Served,50.992146,Stable,0
169,168,4,BS2,Terrestrial,1289.96390375941,158.13722848224,1.19923194333595,7.42291904734619,893.334270320412,40.1160363204101,6.00996066006233,-Inf,Inf,1.19923194333595,Served,7.42279128832656,InTransition,0.0172114256958314
169,168,5,BS1,Terrestrial,2496.53115061175,152.448429511553,6.88803091402247,23.4720932058494,893.334270320412,19.0297103561643,5.99949491916452,-Inf,Inf,6.88803091402247,Served,23.4720932058494,Stable,0
169,168,6,None,Outage,4185.25875071361,174.248674424461,-14.9122139988854,NaN,NaN,Inf,6.072068852049,-Inf,Inf,-14.9122139988854,Outage,0,Outage,0
170,169,1,BS2,Terrestrial,295.272687326099,90.4631990360221,68.8732613895538,25.496073,893.334270320412,8.75952808811392,6.10484579163354,-Inf,Inf,68.8732613895538,Served,25.496073,Stable,0
170,169,2,BS2,Terrestrial,144.900842099444,112.303612921791,47.0328475037848,25.496073,893.334270320412,8.75952808811392,6.09984598038623,-Inf,Inf,47.0328475037848,Served,25.496073,Stable,0
170,169,3,BS1,Terrestrial,158.603762337124,103.661622230425,55.6748381951505,50.992146,893.334270320412,8.75952808811392,6.1081208511459,-Inf,Inf,55.6748381951505,Served,50.992146,Stable,0
170,169,4,BS2,Terrestrial,1289.96390375941,148.177393913696,11.1590665118803,17.503561004644,893.334270320412,12.7593218043374,6.0877591690432,-Inf,Inf,11.1590665118803,Served,17.503561004644,Stable,0
170,169,5,BS1,Terrestrial,2496.53115061175,148.957801369536,10.3786590560395,32.8114015068418,893.334270320412,13.6131684307075,6.07725589685206,-Inf,Inf,10.3786590560395,Served,32.8114015068418,Stable,0
170,169,6,BS2,Terrestrial,4576.26928829528,166.829724772846,-7.49326434727004,1.08538283212175,893.334270320412,205.764787290326,6.15009239595969,-Inf,Inf,-7.49326434727004,BelowTarget,1.08538283212175,Stable,0
171,170,1,BS2,Terrestrial,295.272687326099,93.1599175350372,66.1765428905387,25.496073,893.334270320412,8.75952808811392,6.18298990302743,-Inf,Inf,66.1765428905387,Served,25.496073,Stable,0
171,170,2,BS2,Terrestrial,144.900842099444,107.87077628822,51.465684137356,25.496073,893.334270320412,8.75952808811392,6.17797180529409,-Inf,Inf,51.465684137356,Served,25.496073,Stable,0
171,170,3,BS1,Terrestrial,158.603762337124,99.7619170335495,59.5745433920264,50.992146,893.334270320412,8.75952808811392,6.18627690273124,-Inf,Inf,59.5745433920264,Served,50.992146,Stable,0
171,170,4,BS2,Terrestrial,1289.96390375941,147.817199951823,11.5192604737524,18.0151767276307,893.334270320412,12.3969678986033,6.16584046292135,-Inf,Inf,11.5192604737524,Served,18.0151767276307,Stable,0
171,170,5,BS1,Terrestrial,2496.53115061175,153.894553349028,5.44190707654744,19.922821002296,893.334270320412,22.4198739279307,6.1552993329853,-Inf,Inf,5.44190707654744,Served,19.922821002296,Stable,0
171,170,6,BS2,Terrestrial,4576.26928829528,165.778210968355,-6.44175054277864,1.35410415312059,893.334270320412,164.930863748864,6.22840068683198,-Inf,Inf,-6.44175054277864,BelowTarget,1.35410415312059,Stable,0
172,171,1,BS2,Terrestrial,295.272687326099,88.6682475608382,70.6682128647377,25.496073,893.334270320412,8.75952808811392,6.26141981332871,-Inf,Inf,70.6682128647377,Served,25.496073,Stable,0
172,171,2,BS2,Terrestrial,144.900842099444,109.595518709674,49.7409417159023,25.496073,893.334270320412,8.75952808811392,6.25638326920137,-Inf,Inf,49.7409417159023,Served,25.496073,Stable,0
172,171,3,BS1,Terrestrial,158.603762337124,107.35829432795,51.9781660976259,50.992146,893.334270320412,8.75952808811392,6.2647188575934,-Inf,Inf,51.9781660976259,Served,50.992146,Stable,0
172,171,4,BS2,Terrestrial,1289.96390375941,148.40096441266,10.9354960129159,17.187504315108,893.334270320412,12.9939497605706,6.24420700601748,-Inf,Inf,10.9354960129159,Served,17.187504315108,Stable,0
172,171,5,BS1,Terrestrial,2496.53115061175,147.297874247661,12.0385861779149,37.5154074626098,893.334270320412,11.906231742395,6.23362768820849,-Inf,Inf,12.0385861779149,Served,37.5154074626098,Stable,0
172,171,6,BS2,Terrestrial,4576.26928829528,164.558394109938,-5.22193368436263,1.73978144253615,893.334270320412,128.368749154227,6.30699621116432,-Inf,Inf,-5.22193368436263,BelowTarget,1.73978144253615,Stable,0
173,172,1,BS2,Terrestrial,295.272687326099,89.4113530238432,69.9251074017327,50.992146,893.334270320412,8.75952808811392,6.34013802098546,-Inf,Inf,69.9251074017327,Served,50.992146,Stable,0
173,172,2,BS1,Terrestrial,565.376556244471,130.1054038914,29.2310565341764,33.994764,893.334270320412,8.75952808811392,6.33508286874195,-Inf,Inf,29.2310565341764,Served,33.9945075580237,InTransition,0.00754357277719736
173,172,3,BS1,Terrestrial,158.603762337124,107.757339990881,51.5791204346949,33.994764,893.334270320412,8.75952808811392,6.34344921536333,-Inf,Inf,51.5791204346949,Served,33.994764,Stable,0
173,172,4,BS2,Terrestrial,1289.96390375941,151.303996468126,8.03246395744955,26.4301462441688,893.334270320412,16.8999116022203,6.32286129053302,-Inf,Inf,8.03246395744955,Served,26.4301462441688,Stable,0
173,172,5,BS1,Terrestrial,2496.53115061175,163.561073116848,-4.22461269127189,2.83122616957511,893.334270320412,105.176369626271,6.31224345099647,-Inf,Inf,-4.22461269127189,BelowTarget,2.83122616957511,Stable,0
173,172,6,None,Outage,4576.26928829528,167.311584302915,-7.97512387733931,NaN,NaN,Inf,6.38588148363965,-Inf,Inf,-7.97512387733931,Outage,0,Outage,0
174,173,1,BS2,Terrestrial,295.272687326099,92.4828367961802,66.8536236293957,33.994764,893.334270320412,8.75952808811392,6.4191470527947,-Inf,Inf,66.8536236293957,Served,33.994764,Stable,0
174,173,2,BS1,Terrestrial,565.376556244471,123.898555904492,35.437904521084,33.994764,893.334270320412,8.75952808811392,6.41407312887369,-Inf,Inf,35.437904521084,Served,33.994764,Stable,0
174,173,3,BS1,Terrestrial,158.603762337124,103.221177018623,56.1152834069532,33.994764,893.334270320412,8.75952808811392,6.42247050403725,-Inf,Inf,56.1152834069532,Served,33.994764,Stable,0
174,173,4,BS2,Terrestrial,1289.96390375941,145.281117219686,14.0553432058894,28.9151963835815,893.334270320412,10.2983250107161,6.40180583693226,-Inf,Inf,14.0553432058894,Served,28.9151963835815,Stable,0
174,173,5,BS1,Terrestrial,2496.53115061175,150.333637218486,9.00282320708982,19.3492211141843,893.334270320412,15.3896680568973,6.39114913803606,-Inf,Inf,9.00282320708982,Served,19.3492211141843,Stable,0
174,173,6,BS2,Terrestrial,4576.26928829528,164.859401149877,-5.52294072430138,2.1820379408571,893.334270320412,136.467879192713,6.46505904751239,-Inf,Inf,-5.52294072430138,BelowTarget,2.1820379408571,Stable,0
175,174,1,BS2,Terrestrial,295.272687326099,87.4348335105248,71.9016269150511,33.994764,893.334270320412,8.75952808811392,6.49844946429227,-Inf,Inf,71.9016269150511,Served,33.994764,Stable,0
175,174,2,BS2,Terrestrial,144.900842099444,116.837287071863,42.4991733537128,33.994764,893.334270320412,8.75952808811392,6.49335660326792,-Inf,Inf,42.4991733537128,Served,33.9946982762661,InTransition,0.00193334873153406
175,174,3,BS1,Terrestrial,158.603762337124,118.52918579944,40.807274626136,50.992146,893.334270320412,8.75952808811392,6.50178528036665,-Inf,Inf,40.807274626136,Served,50.992146,Stable,0
175,174,4,BS2,Terrestrial,1289.96390375941,141.918241108641,17.4182193169347,33.994764,893.334270320412,8.75952808811392,6.48104319433091,-Inf,Inf,17.4182193169347,Served,33.994764,Stable,0
175,174,5,BS1,Terrestrial,2496.53115061175,146.245191602607,13.0912688229684,40.5567367777868,893.334270320412,11.0133894057485,6.47034729461365,-Inf,Inf,13.0912688229684,Served,40.5567367777868,Stable,0
175,174,6,None,Outage,4185.25875071361,171.782564316288,-12.4461038907125,NaN,NaN,Inf,6.54453147500176,-Inf,Inf,-12.4461038907125,Outage,0,Outage,0
176,175,1,BS2,Terrestrial,295.272687326099,87.9127866317506,71.4236737938253,25.496073,893.334270320412,8.75952808811392,6.57804784014914,-Inf,Inf,71.4236737938253,Served,25.496073,Stable,0
176,175,2,BS2,Terrestrial,144.900842099444,112.142597388878,47.1938630366982,25.496073,893.334270320412,8.75952808811392,6.57293587470538,-Inf,Inf,47.1938630366982,Served,25.496073,Stable,0
176,175,3,BS1,Terrestrial,158.603762337124,98.7893163298303,60.5471440957455,50.992146,893.334270320412,8.75952808811392,6.58139613025491,-Inf,Inf,60.5471440957455,Served,50.992146,Stable,0
176,175,4,BS2,Terrestrial,1289.96390375941,149.22216571998,10.114294705596,16.0374089006678,893.334270320412,13.9257886958787,6.56057594089093,-Inf,Inf,10.114294705596,Served,16.0374089006678,Stable,0
176,175,5,BS1,Terrestrial,2496.53115061175,150.363554413631,8.97290601194527,28.9428249778788,893.334270320412,15.4327414653406,6.54984049500941,-Inf,Inf,8.97290601194527,Served,28.9428249778788,Stable,0
176,175,6,BS2,Terrestrial,4576.26928829528,166.486700310834,-7.15023988525797,1.16715356366139,893.334270320412,191.348914601692,6.62430136769175,-Inf,Inf,-7.15023988525797,BelowTarget,1.16715356366139,Stable,0
177,176,1,BS2,Terrestrial,295.272687326099,89.8425512534158,69.49390917216,25.496073,893.334270320412,8.75952808811392,6.65794479457366,-Inf,Inf,69.49390917216,Served,25.496073,Stable,0
177,176,2,BS2,Terrestrial,144.900842099444,117.17576649951,42.1606939260657,25.496073,893.334270320412,8.75952808811392,6.65281355547803,-Inf,Inf,42.1606939260657,Served,25.496073,Stable,0
177,176,3,BS1,Terrestrial,158.603762337124,103.832458535697,55.5040018898785,50.992146,893.334270320412,8.75952808811392,6.66130566915983,-Inf,Inf,55.5040018898785,Served,50.992146,Stable,0
177,176,4,BS2,Terrestrial,1289.96390375941,158.529267939497,0.807192486078947,5.23394288164887,893.334270320412,42.6702340148094,6.64040668422143,-Inf,Inf,0.807192486078947,BelowTarget,5.23394288164887,Stable,0
177,176,5,BS1,Terrestrial,2496.53115061175,146.610549291872,12.7259111337036,39.4968329519147,893.334270320412,11.3089354709528,6.62963134289721,-Inf,Inf,12.7259111337036,Served,39.4968329519147,Stable,0
177,176,6,BS2,Terrestrial,4576.26928829528,161.612258555419,-2.27579812984308,3.07971556279251,893.334270320412,72.5175955462578,6.704371356937,-Inf,Inf,-2.27579812984308,BelowTarget,3.07971556279251,Stable,0
178,177,1,BS2,Terrestrial,295.272687326099,87.9181865374708,71.4182738881051,25.496073,893.334270320412,8.75952808811392,6.73814297172033,-Inf,Inf,71.4182738881051,Served,25.496073,Stable,0
178,177,2,BS2,Terrestrial,144.900842099444,112.185558448792,47.1509019767839,25.496073,893.334270320412,8.75952808811392,6.73299228779735,-Inf,Inf,47.1509019767839,Served,25.496073,Stable,0
178,177,3,BS1,Terrestrial,158.603762337124,100.888395452523,58.4480649730526,50.992146,893.334270320412,8.75952808811392,6.74151654250269,-Inf,Inf,58.4480649730526,Served,50.992146,Stable,0
178,177,4,BS2,Terrestrial,1289.96390375941,146.077802220365,13.258658205211,20.521874864664,893.334270320412,10.882707796092,6.72053806178594,-Inf,Inf,13.258658205211,Served,20.521874864664,Stable,0
178,177,5,BS1,Terrestrial,2496.53115061175,150.550727890732,8.78573253484421,28.4374530283849,893.334270320412,15.7070021254845,6.70972247175114,-Inf,Inf,8.78573253484421,Served,28.4374530283849,Stable,0
178,177,6,BS2,Terrestrial,4576.26928829528,164.764592834263,-5.42813240868753,1.66845317851534,893.334270320412,133.856658644047,6.78474410427524,-Inf,Inf,-5.42813240868753,BelowTarget,1.66845317851534,Stable,0
179,178,1,BS2,Terrestrial,295.272687326099,90.6081819141549,68.7282785114209,33.994764,893.334270320412,8.75952808811392,6.81864504610506,-Inf,Inf,68.7282785114209,Served,33.994764,Stable,0
179,178,2,BS2,Terrestrial,144.900842099444,110.780169390239,48.5562910353365,33.994764,893.334270320412,8.75952808811392,6.81347474420933,-Inf,Inf,48.5562910353365,Served,33.994764,Stable,0
179,178,3,BS1,Terrestrial,158.603762337124,104.180096591047,55.1563638345286,50.992146,893.334270320412,8.75952808811392,6.82203142608374,-Inf,Inf,55.1563638345286,Served,50.992146,Stable,0
179,178,4,BS2,Terrestrial,1289.96390375941,144.25655215766,15.0799082679158,30.92770241518,893.334270320412,9.62819953805065,6.80097274131628,-Inf,Inf,15.0799082679158,Served,30.92770241518,Stable,0
179,178,5,BS1,Terrestrial,2496.53115061175,146.042542721889,13.2939177036865,41.1464449032692,893.334270320412,10.8555462375977,6.79011654525844,-Inf,Inf,13.2939177036865,Served,41.1464449032692,Stable,0
179,178,6,None,Outage,4576.26928829528,170.211283797125,-10.8748233715496,NaN,NaN,Inf,6.8654223018464,-Inf,Inf,-10.8748233715496,Outage,0,Outage,0
180,179,1,BS2,Terrestrial,295.272687326099,90.7668854109828,68.5695750145931,33.994764,893.334270320412,8.75952808811392,6.89945372302744,-Inf,Inf,68.5695750145931,Served,33.994764,Stable,0
180,179,2,BS2,Terrestrial,144.900842099444,111.146884044517,48.1895763810592,33.994764,893.334270320412,8.75952808811392,6.89426362801611,-Inf,Inf,48.1895763810592,Served,33.994764,Stable,0
180,179,3,BS1,Terrestrial,158.603762337124,99.0895226137851,60.2469378117908,50.992146,893.334270320412,8.75952808811392,6.90285302650475,-Inf,Inf,60.2469378117908,Served,50.992146,Stable,0
180,179,4,BS2,Terrestrial,1289.96390375941,146.326099835858,13.0103605897175,26.8811000257872,893.334270320412,11.0776006123687,6.8817134212332,-Inf,Inf,13.0103605897175,Served,26.8811000257872,Stable,0
180,179,5,BS1,Terrestrial,2496.53115061175,153.513215906893,5.8232445186828,20.8360347996429,893.334270320412,21.43724271222,6.87081625773933,-Inf,Inf,5.8232445186828,Served,20.8360347996429,Stable,0
180,179,6,None,Outage,4576.26928829528,173.028252478931,-13.6917920533552,NaN,NaN,Inf,6.94640867281861,-Inf,Inf,-13.6917920533552,Outage,0,Outage,0
181,180,1,BS2,Terrestrial,295.272687326099,93.9723689261741,65.3640914994018,33.994764,893.334270320412,8.75952808811392,6.98057173899924,-Inf,Inf,65.3640914994018,Served,33.994764,Stable,0
181,180,2,BS2,Terrestrial,144.900842099444,125.3769653589,33.9594950666759,33.994764,893.334270320412,8.75952808811392,6.9753616737042,-Inf,Inf,33.9594950666759,Served,33.994764,Stable,0
181,180,3,BS1,Terrestrial,158.603762337124,102.746452743673,56.5900076819032,33.994764,893.334270320412,8.75952808811392,6.98398408159787,-Inf,Inf,56.5900076819032,Served,33.994764,Stable,0
181,180,4,BS1,Terrestrial,1684.50527938871,153.169427969133,6.16703245644266,14.4491577722944,893.334270320412,20.6086814746932,6.96276283107353,-Inf,Inf,6.16703245644266,Served,14.4488330185269,InTransition,0.0224756191750323
181,180,5,BS1,Terrestrial,2496.53115061175,149.554198896011,9.78226152956492,20.7702269935949,893.334270320412,14.336775914805,6.95182433457317,-Inf,Inf,9.78226152956492,Served,20.7702269935949,Stable,0
181,180,6,BS2,Terrestrial,4576.26928829528,160.941582820719,-1.60512239514321,4.6382858509308,893.334270320412,64.2000298552205,7.02770597182075,-Inf,Inf,-1.60512239514321,BelowTarget,4.6382858509308,Stable,0
182,181,1,BS2,Terrestrial,295.272687326099,91.6875078288249,67.648952596751,50.992146,893.334270320412,8.75952808811392,7.06200186218006,-Inf,Inf,67.648952596751,Served,50.992146,Stable,0
182,181,2,BS1,Terrestrial,565.376556244471,134.717029226844,24.6194311987322,33.994764,893.334270320412,8.75952808811392,7.05677164737958,-Inf,Inf,24.6194311987322,Served,33.9945075580237,InTransition,0.00754357277719736
182,181,3,BS1,Terrestrial,158.603762337124,104.570311544251,54.766148881325,33.994764,893.334270320412,8.75952808811392,7.06542736086146,-Inf,Inf,54.766148881325,Served,33.994764,Stable,0
182,181,4,BS2,Terrestrial,1289.96390375941,145.433426150274,13.9030342753017,42.9261898280102,893.334270320412,10.4054689444798,7.04412373192407,-Inf,Inf,13.9030342753017,Served,42.9254510070835,InTransition,0.0172114256958314
182,181,5,BS1,Terrestrial,2496.53115061175,147.827484301289,11.5089761242865,24.0007054901037,893.334270320412,12.407055710491,7.03314353263161,-Inf,Inf,11.5089761242865,Served,24.0007054901037,Stable,0
182,181,6,None,Outage,4576.26928829528,172.922450112942,-13.5859896873661,NaN,NaN,Inf,7.10931698538197,-Inf,Inf,-13.5859896873661,Outage,0,Outage,0
183,182,1,BS2,Terrestrial,295.272687326099,90.026017983095,69.3104424424809,33.994764,893.334270320412,8.75952808811392,7.14374689282012,-Inf,Inf,69.3104424424809,Served,33.994764,Stable,0
183,182,2,BS2,Terrestrial,144.900842099444,112.087611857528,47.2488485680475,33.994764,893.334270320412,8.75952808811392,7.13849634721006,-Inf,Inf,47.2488485680475,Served,33.9946982762661,InTransition,0.00193334873153406
183,182,3,BS1,Terrestrial,158.603762337124,101.512384025327,57.8240764002484,50.992146,893.334270320412,8.75952808811392,7.14718566590327,-Inf,Inf,57.8240764002484,Served,50.992146,Stable,0
183,182,4,BS2,Terrestrial,1289.96390375941,148.69290196077,10.6435584648055,22.3688414346279,893.334270320412,13.3121820804644,7.12579891686297,-Inf,Inf,10.6435584648055,Served,22.3688414346279,Stable,0
183,182,5,BS1,Terrestrial,2496.53115061175,141.12006493797,18.2163954876061,50.992146,893.334270320412,8.75952808811392,7.11477664071888,-Inf,Inf,18.2163954876061,Served,50.992146,Stable,0
183,182,6,None,Outage,4576.26928829528,174.904191821762,-15.5677313961858,NaN,NaN,Inf,7.19124453237856,-Inf,Inf,-15.5677313961858,Outage,0,Outage,0
184,183,1,BS2,Terrestrial,295.272687326099,94.4686388967683,64.8678215288076,25.496073,893.334270320412,8.75952808811392,7.22580966370988,-Inf,Inf,64.8678215288076,Served,25.496073,Stable,0
184,183,2,BS2,Terrestrial,144.900842099444,110.617422318161,48.7190381074148,25.496073,893.334270320412,8.75952808811392,7.22053860387455,-Inf,Inf,48.7190381074148,Served,25.496073,Stable,0
184,183,3,BS1,Terrestrial,158.603762337124,106.348709919528,52.987750506048,50.992146,893.334270320412,8.75952808811392,7.22926183089036,-Inf,Inf,52.987750506048,Served,50.992146,Stable,0
184,183,4,BS2,Terrestrial,1289.96390375941,152.353563359689,6.98289706588685,11.8563348888157,893.334270320412,18.8366446861059,7.20779121140771,-Inf,Inf,6.98289706588685,Served,11.8563348888157,Stable,0
184,183,5,BS1,Terrestrial,2496.53115061175,149.032716902306,10.3037435232696,32.6022769073056,893.334270320412,13.7004889698399,7.19672648001888,-Inf,Inf,10.3037435232696,Served,32.6022769073056,Stable,0
184,183,6,BS2,Terrestrial,4576.26928829528,166.413837275134,-7.07737684955799,1.18523341965833,893.334270320412,188.430028951161,7.27349146448778,-Inf,Inf,-7.07737684955799,BelowTarget,1.18523341965833,Stable,0
185,184,1,BS2,Terrestrial,295.272687326099,93.1689607890155,66.1674996365604,25.496073,893.334270320412,8.75952808811392,7.3081930406371,-Inf,Inf,66.1674996365604,Served,25.496073,Stable,0
185,184,2,BS2,Terrestrial,144.900842099444,121.587700071032,37.7487603545434,25.496073,893.334270320412,8.75952808811392,7.30290128101938,-Inf,Inf,37.7487603545434,Served,25.496073,Stable,0
185,184,3,BS1,Terrestrial,158.603762337124,107.940167837423,51.3962925881524,50.992146,893.334270320412,8.75952808811392,7.31165872300638,-Inf,Inf,51.3962925881524,Served,50.992146,Stable,0
185,184,4,BS2,Terrestrial,1289.96390375941,149.376253890326,9.96020653524968,15.8236544495106,893.334270320412,14.1139057537376,7.29010347397044,-Inf,Inf,9.96020653524968,Served,15.8236544495106,Stable,0
185,184,5,BS1,Terrestrial,2496.53115061175,156.666177323133,2.67028310244305,13.867791593078,893.334270320412,32.2089593113843,7.2789959045496,-Inf,Inf,2.67028310244305,Served,13.867791593078,Stable,0
185,184,6,BS2,Terrestrial,4576.26928829528,162.616075341844,-3.27961491626786,2.55090683019085,893.334270320412,87.5506564712102,7.35606066664892,-Inf,Inf,-3.27961491626786,BelowTarget,2.55090683019085,Stable,0
186,185,1,BS2,Terrestrial,295.272687326099,89.853204725514,69.4832557000618,33.994764,893.334270320412,8.75952808811392,7.39089992285146,-Inf,Inf,69.4832557000618,Served,33.994764,Stable,0
186,185,2,BS2,Terrestrial,144.900842099444,108.130688132506,51.2057722930697,33.994764,893.334270320412,8.75952808811392,7.38558727572273,-Inf,Inf,51.2057722930697,Served,33.994764,Stable,0
186,185,3,BS1,Terrestrial,158.603762337124,100.606095375352,58.730365050224,101.984292,893.334270320412,8.75952808811392,7.39437924291657,-Inf,Inf,58.730365050224,Served,101.984292,Stable,0
186,185,4,BS2,Terrestrial,1289.96390375941,154.914236496329,4.4222239292472,11.7132906108644,893.334270320412,25.4222404275196,7.37273859632101,-Inf,Inf,4.4222239292472,Served,11.7132906108644,Stable,0
186,185,5,None,Outage,2496.53115061175,167.51085651533,-8.1743960897538,NaN,NaN,Inf,7.36158780162517,-Inf,Inf,-8.1743960897538,Outage,0,Outage,0
186,185,6,None,Outage,4576.26928829528,168.097756652709,-8.76129622713324,NaN,NaN,Inf,7.43895505753237,-Inf,Inf,-8.76129622713324,Outage,0,Outage,0
187,186,1,BS2,Terrestrial,295.272687326099,87.5394263790765,71.7970340464993,33.994764,893.334270320412,8.75952808811392,7.47393324353631,-Inf,Inf,71.7970340464993,Served,33.994764,Stable,0
187,186,2,BS2,Terrestrial,144.900842099444,107.830087317803,51.5063731077726,33.994764,893.334270320412,8.75952808811392,7.46859951896571,-Inf,Inf,51.5063731077726,Served,33.994764,Stable,0
187,186,3,BS1,Terrestrial,158.603762337124,99.747120479152,59.5893399464239,50.992146,893.334270320412,8.75952808811392,7.47742632523984,-Inf,Inf,59.5893399464239,Served,50.992146,Stable,0
187,186,4,BS2,Terrestrial,1289.96390375941,153.608283360721,5.7281770648548,13.7378442650788,893.334270320412,21.6757508937372,7.45569950405701,-Inf,Inf,5.7281770648548,Served,13.7378442650788,Stable,0
187,186,5,BS1,Terrestrial,2496.53115061175,157.939658626709,1.39680179886724,11.4803104888875,893.334270320412,38.9072347470535,7.44450509232485,-Inf,Inf,1.39680179886724,Served,11.4803104888875,Stable,0
187,186,6,None,Outage,4185.25875071361,172.009549614143,-12.6730891885668,NaN,NaN,Inf,7.52217759001567,-Inf,Inf,-12.6730891885668,Outage,0,Outage,0
188,187,1,BS2,Terrestrial,295.272687326099,92.7131945796758,66.6232658459001,33.994764,893.334270320412,8.75952808811392,7.55729597028833,-Inf,Inf,66.6232658459001,Served,33.994764,Stable,0
188,187,2,BS2,Terrestrial,144.900842099444,116.03074891283,43.3057115127455,33.994764,893.334270320412,8.75952808811392,7.55194097611157,-Inf,Inf,43.3057115127455,Served,33.994764,Stable,0
188,187,3,BS1,Terrestrial,158.603762337124,111.359277416401,47.9771830091751,33.994764,893.334270320412,8.75952808811392,7.56080293902872,-Inf,Inf,47.9771830091751,Served,33.994764,Stable,0
188,187,4,BS1,Terrestrial,1684.50527938871,153.437017253203,5.89944317237274,14.0137014690429,893.334270320412,21.2490676189023,7.53898915708168,-Inf,Inf,5.89944317237274,Served,14.0133865024255,InTransition,0.0224756191750323
188,187,5,BS1,Terrestrial,2496.53115061175,150.327425551931,9.00903487364471,19.3604392087056,893.334270320412,15.3807507617341,7.52775073196999,-Inf,Inf,9.00903487364471,Served,19.3604392087056,Stable,0
188,187,6,BS2,Terrestrial,4576.26928829528,166.169779058261,-6.83331863268526,1.66355969120374,893.334270320412,179.000544243371,7.60573125166755,-Inf,Inf,-6.83331863268526,BelowTarget,1.66355969120374,Stable,0
189,188,1,BS2,Terrestrial,295.272687326099,90.2295556919163,69.1069047336596,33.994764,893.334270320412,8.75952808811392,7.64099110560506,-Inf,Inf,69.1069047336596,Served,33.994764,Stable,0
189,188,2,BS2,Terrestrial,144.900842099444,109.965051131823,49.3714092937531,33.994764,893.334270320412,8.75952808811392,7.63561464739276,-Inf,Inf,49.3714092937531,Served,33.994764,Stable,0
189,188,3,BS1,Terrestrial,158.603762337124,108.330173772286,51.00628665329,50.992146,893.334270320412,8.75952808811392,7.64451208825725,-Inf,Inf,51.00628665329,Served,50.992146,Stable,0
189,188,4,BS2,Terrestrial,1289.96390375941,152.1081993932,7.22826103237574,16.2259641444062,893.334270320412,18.3519504577151,7.6226105500897,-Inf,Inf,7.22826103237574,Served,16.22568487243,InTransition,0.0172114256958314
189,188,5,BS1,Terrestrial,2496.53115061175,147.59207215951,11.7443882660661,36.6727636642325,893.334270320412,12.1798056794898,7.61132771060882,-Inf,Inf,11.7443882660661,Served,36.6727636642325,Stable,0
189,188,6,None,Outage,4185.25875071361,171.352372738239,-12.0159123126635,NaN,NaN,Inf,7.68961906523997,-Inf,Inf,-12.0159123126635,Outage,0,Outage,0
190,189,1,BS2,Terrestrial,295.272687326099,88.8223847719106,70.5140756536652,25.496073,893.334270320412,8.75952808811392,7.72502168737994,-Inf,Inf,70.5140756536652,Served,25.496073,Stable,0
190,189,2,BS2,Terrestrial,144.900842099444,116.620348076316,42.7161123492602,25.496073,893.334270320412,8.75952808811392,7.71962356840539,-Inf,Inf,42.7161123492602,Served,25.496073,Stable,0
190,189,3,BS1,Terrestrial,158.603762337124,98.3095234635678,61.0269369620081,50.992146,893.334270320412,8.75952808811392,7.72855681231628,-Inf,Inf,61.0269369620081,Served,50.992146,Stable,0
190,189,4,BS2,Terrestrial,1289.96390375941,149.645385503572,9.69107492200365,15.4519863412329,893.334270320412,14.4533888814118,7.70656671306046,-Inf,Inf,9.69107492200365,Served,15.4519863412329,Stable,0
190,189,5,BS1,Terrestrial,2496.53115061175,144.563542426669,14.7729179989069,45.4845552187796,893.334270320412,9.82019353628387,7.69523905350852,-Inf,Inf,14.7729179989069,Served,45.4845552187796,Stable,0
190,189,6,BS2,Terrestrial,4576.26928829528,165.214638936783,-5.87817851120698,1.52165524461846,893.334270320412,146.770149394846,7.77384408916779,-Inf,Inf,-5.87817851120698,BelowTarget,1.52165524461846,Stable,0
191,190,1,BS2,Terrestrial,295.272687326099,89.6445240777548,69.691936347821,33.994764,893.334270320412,8.75952808811392,7.80939078940619,-Inf,Inf,69.691936347821,Served,33.994764,Stable,0
191,190,2,BS2,Terrestrial,144.900842099444,112.249785999407,47.0866744261692,33.994764,893.334270320412,8.75952808811392,7.80397081061259,-Inf,Inf,47.0866744261692,Served,33.994764,Stable,0
191,190,3,BS1,Terrestrial,158.603762337124,112.160650080165,47.1758103454104,50.992146,893.334270320412,8.75952808811392,7.8129401865178,-Inf,Inf,47.1758103454104,Served,50.992146,Stable,0
191,190,4,BS2,Terrestrial,1289.96390375941,144.485670740567,14.8507896850092,30.4762905673721,893.334270320412,9.77081149192103,7.79086071176006,-Inf,Inf,14.8507896850092,Served,30.4762905673721,Stable,0
191,190,5,BS1,Terrestrial,2496.53115061175,144.47444006516,14.8620203604161,45.747600130305,893.334270320412,9.76372823684616,7.77948782165636,-Inf,Inf,14.8620203604161,Served,45.747600130305,Stable,0
191,190,6,None,Outage,4576.26928829528,169.040732018298,-9.70427159272239,NaN,NaN,Inf,7.85840941807725,-Inf,Inf,-9.70427159272239,Outage,0,Outage,0
192,191,1,BS2,Terrestrial,295.272687326099,91.0103637022091,68.3260967233668,33.994764,893.334270320412,8.75952808811392,7.894101521888,-Inf,Inf,68.3260967233668,Served,33.994764,Stable,0
192,191,2,BS1,Terrestrial,565.376556244471,125.520184411196,33.8162760143795,50.992146,893.334270320412,8.75952808811392,7.88865948185523,-Inf,Inf,33.8162760143795,Served,50.9917613370356,InTransition,0.00754357277719736
192,191,3,BS1,Terrestrial,158.603762337124,99.5874152543727,59.7490451712031,50.992146,893.334270320412,8.75952808811392,7.89766532260642,-Inf,Inf,59.7490451712031,Served,50.992146,Stable,0
192,191,4,BS2,Terrestrial,1289.96390375941,152.511732658659,6.82472776691662,15.5413694521192,893.334270320412,19.1603507672999,7.8754956482507,-Inf,Inf,6.82472776691662,Served,15.5413694521192,Stable,0
192,191,5,BS2,Terrestrial,2067.2298489109,163.369678237278,-4.0332178117018,2.93968957044253,893.334270320412,101.295760307772,7.8640771122679,-Inf,Inf,-4.0332178117018,BelowTarget,2.93960848749512,InTransition,0.0275821461647431
192,191,6,None,Outage,4185.25875071361,173.882654284064,-14.5461938584876,NaN,NaN,Inf,7.94331818330194,-Inf,Inf,-14.5461938584876,Outage,0,Outage,0
193,192,1,BS2,Terrestrial,295.272687326099,90.4467723975018,68.8896880280741,33.994764,893.334270320412,8.75952808811392,7.97915703196068,-Inf,Inf,68.8896880280741,Served,33.994764,Stable,0
193,192,2,BS2,Terrestrial,144.900842099444,113.920890293344,45.4155701322316,33.994764,893.334270320412,8.75952808811392,7.97369272687151,-Inf,Inf,45.4155701322316,Served,33.9946982762661,InTransition,0.00193334873153406
193,192,3,BS1,Terrestrial,158.603762337124,100.399169243724,58.9372911818519,101.984292,893.334270320412,8.75952808811392,7.98273536927992,-Inf,Inf,58.9372911818519,Served,101.984292,Stable,0
193,192,4,BS2,Terrestrial,1289.96390375941,152.029796214112,7.30666421146435,16.3601791872103,893.334270320412,18.2013953942262,7.96047466140895,-Inf,Inf,7.30666421146435,Served,16.3601791872103,Stable,0
193,192,5,None,Outage,2067.2298489109,168.508798774962,-9.172338349386,NaN,NaN,Inf,7.94901005930413,-Inf,Inf,-9.172338349386,Outage,0,Outage,0
193,192,6,None,Outage,4576.26928829528,170.739674833526,-11.4032144079506,NaN,NaN,Inf,8.02857355340783,-Inf,Inf,-11.4032144079506,Outage,0,Outage,0
194,193,1,BS2,Terrestrial,295.272687326099,89.0658650443875,70.2705953811884,25.496073,893.334270320412,8.75952808811392,8.06456050421946,-Inf,Inf,70.2705953811884,Served,25.496073,Stable,0
194,193,2,BS2,Terrestrial,144.900842099444,113.743801504998,45.5926589205782,25.496073,893.334270320412,8.75952808811392,8.05907372782506,-Inf,Inf,45.5926589205782,Served,25.496073,Stable,0
194,193,3,BS1,Terrestrial,158.603762337124,100.70511249701,58.6313479285661,50.992146,893.334270320412,8.75952808811392,8.06815351271822,-Inf,Inf,58.6313479285661,Served,50.992146,Stable,0
194,193,4,BS2,Terrestrial,1289.96390375941,153.72753674305,5.60892368252593,10.1603328447113,893.334270320412,21.9809302503662,8.04580092745254,-Inf,Inf,5.60892368252593,Served,10.1603328447113,Stable,0
194,193,5,BS1,Terrestrial,2496.53115061175,141.037163178582,18.2992972469936,50.992146,893.334270320412,8.75952808811392,8.03428983399718,-Inf,Inf,18.2992972469936,Served,50.992146,Stable,0
194,193,6,BS2,Terrestrial,4576.26928829528,166.208726130614,-6.87226570503861,1.23750947893371,893.334270320412,180.47018740619,8.11417873472683,-Inf,Inf,-6.87226570503861,BelowTarget,1.23750947893371,Stable,0
195,194,1,BS2,Terrestrial,295.272687326099,91.7346934320997,67.6017669934761,33.994764,893.334270320412,8.75952808811392,8.15031516125632,-Inf,Inf,67.6017669934761,Served,33.994764,Stable,0
195,194,2,BS2,Terrestrial,144.900842099444,112.735395321205,46.6010651043713,33.994764,893.334270320412,8.75952808811392,8.14480570484145,-Inf,Inf,46.6010651043713,Served,33.994764,Stable,0
195,194,3,BS1,Terrestrial,158.603762337124,101.170142770866,58.1663176547095,50.992146,893.334270320412,8.75952808811392,8.15392297712093,-Inf,Inf,58.1663176547095,Served,50.992146,Stable,0
195,194,4,BS2,Terrestrial,1289.96390375941,145.978020078319,13.3584403472574,27.5563113113601,893.334270320412,10.8061665707792,8.13147766047535,-Inf,Inf,13.3584403472574,Served,27.5563113113601,Stable,0
195,194,5,BS1,Terrestrial,2496.53115061175,149.792245317503,9.5442151080733,30.5002128426615,893.334270320412,14.6447219061842,8.11991964538422,-Inf,Inf,9.5442151080733,Served,30.5002128426615,Stable,0
195,194,6,None,Outage,4576.26928829528,167.761541587995,-8.42508116241942,NaN,NaN,Inf,8.20013697189883,-Inf,Inf,-8.42508116241942,Outage,0,Outage,0
196,195,1,BS2,Terrestrial,295.272687326099,91.1781247275914,68.1583356979844,33.994764,893.334270320412,8.75952808811392,8.23642426420617,-Inf,Inf,68.1583356979844,Served,33.994764,Stable,0
196,195,2,BS2,Terrestrial,144.900842099444,121.113211525077,38.223248900499,33.994764,893.334270320412,8.75952808811392,8.23089191655358,-Inf,Inf,38.223248900499,Served,33.994764,Stable,0
196,195,3,BS1,Terrestrial,158.603762337124,99.7124003957351,59.6240600298407,50.992146,893.334270320412,8.75952808811392,8.24004702525358,-Inf,Inf,59.6240600298407,Served,50.992146,Stable,0
196,195,4,BS2,Terrestrial,1289.96390375941,147.1397455422,12.1967148833758,25.3131499725036,893.334270320412,11.763770626345,8.21750811299151,-Inf,Inf,12.1967148833758,Served,25.3131499725036,Stable,0
196,195,5,BS1,Terrestrial,2496.53115061175,143.60695839567,15.7295020299061,48.3169903850291,893.334270320412,9.24451485079676,8.20590274085032,-Inf,Inf,15.7295020299061,Served,48.3169903850291,Stable,0
196,195,6,None,Outage,4576.26928829528,175.165290718645,-15.8288302930687,NaN,NaN,Inf,8.28645154842284,-Inf,Inf,-15.8288302930687,Outage,0,Outage,0
197,196,1,BS2,Terrestrial,295.272687326099,91.0197952414676,68.3166651841083,25.496073,893.334270320412,8.75952808811392,8.32289111330183,-Inf,Inf,68.3166651841083,Served,25.496073,Stable,0
197,196,2,BS2,Terrestrial,144.900842099444,109.926008274258,49.4104521513181,25.496073,893.334270320412,8.75952808811392,8.31733566065623,-Inf,Inf,49.4104521513181,Served,25.496073,Stable,0
197,196,3,BS1,Terrestrial,158.603762337124,105.887897752037,53.4485626735393,50.992146,893.334270320412,8.75952808811392,8.32652895900312,-Inf,Inf,53.4485626735393,Served,50.992146,Stable,0
197,196,4,BS2,Terrestrial,1289.96390375941,147.370942944807,11.9655174807689,18.652900708618,893.334270320412,11.9731279905929,8.30389557648839,-Inf,Inf,11.9655174807689,Served,18.652900708618,Stable,0
197,196,5,BS1,Terrestrial,2496.53115061175,150.062911629865,9.27354879571132,29.7596706255013,893.334270320412,15.0091424324251,8.29224240668027,-Inf,Inf,9.27354879571132,Served,29.7596706255013,Stable,0
197,196,6,BS2,Terrestrial,4576.26928829528,166.324153406655,-6.98769298107885,1.20783807072061,893.334270320412,184.903566954848,8.37312578721717,-Inf,Inf,-6.98769298107885,BelowTarget,1.20783807072061,Stable,0
198,197,1,BS2,Terrestrial,295.272687326099,90.5863981452407,68.7500622803352,33.994764,893.334270320412,8.75952808811392,8.40971904843832,-Inf,Inf,68.7500622803352,Served,33.994764,Stable,0
198,197,2,BS2,Terrestrial,144.900842099444,114.364471150035,44.971989275541,33.994764,893.334270320412,8.75952808811392,8.4041402744696,-Inf,Inf,44.971989275541,Served,33.994764,Stable,0
198,197,3,BS1,Terrestrial,158.603762337124,100.432639724015,58.9038207015606,33.994764,893.334270320412,8.75952808811392,8.4133721199426,-Inf,Inf,58.9038207015606,Served,33.994764,Stable,0
198,197,4,BS1,Terrestrial,1684.50527938871,154.062242778988,5.27421764658783,13.0178526954356,893.334270320412,22.8745936118337,8.39064338198882,-Inf,Inf,5.27421764658783,Served,13.017560111136,InTransition,0.0224756191750323
198,197,5,BS1,Terrestrial,2496.53115061175,152.21229656005,7.1241638655259,16.0483606018682,893.334270320412,18.5550473032205,8.37894196861961,-Inf,Inf,7.1241638655259,Served,16.0483606018682,Stable,0
198,197,6,BS2,Terrestrial,4576.26928829528,165.801002404241,-6.46454197866464,1.79692149592917,893.334270320412,165.715692522687,8.46016305118901,-Inf,Inf,-6.46454197866464,BelowTarget,1.79692149592917,Stable,0
199,198,1,BS2,Terrestrial,295.272687326099,90.3803997190602,68.9560607065157,33.994764,893.334270320412,8.75952808811392,8.49691144974621,-Inf,Inf,68.9560607065157,Served,33.994764,Stable,0
199,198,2,BS2,Terrestrial,144.900842099444,113.013865851479,46.3225945740972,33.994764,893.334270320412,8.75952808811392,8.49130913551221,-Inf,Inf,46.3225945740972,Served,33.994764,Stable,0
199,198,3,BS1,Terrestrial,158.603762337124,98.0187370529533,61.3177233726225,50.992146,893.334270320412,8.75952808811392,8.50057988990488,-Inf,Inf,61.3177233726225,Served,50.992146,Stable,0
199,198,4,BS2,Terrestrial,1289.96390375941,148.93079330728,10.4056671182961,21.9245788721873,893.334270320412,13.5819297530296,8.4777549006223,-Inf,Inf,10.4056671182961,Served,21.9242015189271,InTransition,0.0172114256958314
199,198,5,BS1,Terrestrial,2496.53115061175,147.550798125502,11.7856623000743,36.7907703753293,893.334270320412,12.1407388484511,8.46600479244465,-Inf,Inf,11.7856623000743,Served,36.7907703753293,Stable,0
199,198,6,None,Outage,4576.26928829528,168.187889192719,-8.85142876714343,NaN,NaN,Inf,8.54756674381321,-Inf,Inf,-8.85142876714343,Outage,0,Outage,0
200,199,1,BS2,Terrestrial,295.272687326099,91.6503342837461,67.6861261418298,25.496073,893.334270320412,8.75952808811392,8.58447173817468,-Inf,Inf,67.6861261418298,Served,25.496073,Stable,0
200,199,2,BS2,Terrestrial,144.900842099444,111.632863807733,47.703596617843,25.496073,893.334270320412,8.75952808811392,8.57884566208324,-Inf,Inf,47.703596617843,Served,25.496073,Stable,0
200,199,3,BS1,Terrestrial,158.603762337124,107.52693168806,51.8095287375159,50.992146,893.334270320412,8.75952808811392,8.5881556915661,-Inf,Inf,51.8095287375159,Served,50.992146,Stable,0
200,199,4,BS2,Terrestrial,1289.96390375941,153.745208724418,5.59125170115746,10.1392059428575,893.334270320412,22.0267315644602,8.56523354420601,-Inf,Inf,5.59125170115746,Served,10.1392059428575,Stable,0
200,199,5,BS1,Terrestrial,2496.53115061175,149.03934888303,10.2971115425461,32.583778669397,893.334270320412,13.7082669168668,8.55343428454216,-Inf,Inf,10.2971115425461,Served,32.583778669397,Stable,0
200,199,6,BS2,Terrestrial,4576.26928829528,164.528487803513,-5.19202737793759,1.75034524887875,893.334270320412,127.594009080876,8.63534030972072,-Inf,Inf,-5.19202737793759,BelowTarget,1.75034524887875,Stable,0
201,200,1,BS2,Terrestrial,295.272687326099,96.64977934842,62.6866810771559,33.994764,893.334270320412,8.75952808811392,8.67240337608396,-Inf,Inf,62.6866810771559,Served,33.994764,Stable,0
201,200,2,BS2,Terrestrial,144.900842099444,113.318831748117,46.0176286774585,33.994764,893.334270320412,8.75952808811392,8.66675331385439,-Inf,Inf,46.0176286774585,Served,33.994764,Stable,0
201,200,3,BS1,Terrestrial,158.603762337124,110.389428138998,48.947032286578,50.992146,893.334270320412,8.75952808811392,8.67610298903859,-Inf,Inf,48.947032286578,Served,50.992146,Stable,0
201,200,4,BS2,Terrestrial,1289.96390375941,147.166428640692,12.1700317848835,25.2619968098532,893.334270320412,11.787591153153,8.65308276583499,-Inf,Inf,12.1700317848835,Served,25.2619968098532,Stable,0
201,200,5,BS1,Terrestrial,2496.53115061175,145.676854049605,13.6596063759711,42.2136829968938,893.334270320412,10.5810984365679,8.64123389249834,-Inf,Inf,13.6596063759711,Served,42.2136829968938,Stable,0
201,200,6,None,Outage,4185.25875071361,169.564869223434,-10.2284087978578,NaN,NaN,Inf,8.72348723529668,-Inf,Inf,-10.2284087978578,Outage,0,Outage,0
202,201,1,BS2,Terrestrial,295.272687326099,90.329249677114,69.0072107484618,25.496073,893.334270320412,8.75952808811392,8.76070986784803,-Inf,Inf,69.0072107484618,Served,25.496073,Stable,0
202,201,2,BS2,Terrestrial,144.900842099444,113.236535214065,46.0999252115108,25.496073,893.334270320412,8.75952808811392,8.75503559247188,-Inf,Inf,46.0999252115108,Served,25.496073,Stable,0
202,201,3,BS1,Terrestrial,158.603762337124,110.017853458217,49.3186069673584,50.992146,893.334270320412,8.75952808811392,8.76442528847382,-Inf,Inf,49.3186069673584,Served,50.992146,Stable,0
202,201,4,BS2,Terrestrial,1289.96390375941,150.759372608791,8.57708781678465,13.9385517865464,893.334270320412,16.0227239529767,8.7413060604826,-Inf,Inf,8.57708781678465,Served,13.9385517865464,Stable,0
202,201,5,BS1,Terrestrial,2496.53115061175,145.71392624829,13.6225341772854,42.1053160918126,893.334270320412,10.6083311234673,8.72940710569796,-Inf,Inf,13.6225341772854,Served,42.1053160918126,Stable,0
202,201,6,BS2,Terrestrial,4576.26928829528,161.93836936967,-2.60190894409453,2.89911719895407,893.334270320412,77.0350255797441,8.81201104928865,-Inf,Inf,-2.60190894409453,BelowTarget,2.89911719895407,Stable,0
203,202,1,BS2,Terrestrial,295.272687326099,93.51580072522,65.8206597003559,33.994764,893.334270320412,8.75952808811392,8.84939476046683,-Inf,Inf,65.8206597003559,Served,33.994764,Stable,0
203,202,2,BS2,Terrestrial,144.900842099444,121.336020231367,38.0004401942093,33.994764,893.334270320412,8.75952808811392,8.8436960421681,-Inf,Inf,38.0004401942093,Served,33.994764,Stable,0
203,202,3,BS1,Terrestrial,158.603762337124,103.01898277994,56.3174776456355,50.992146,893.334270320412,8.75952808811392,8.85312613867525,-Inf,Inf,56.3174776456355,Served,50.992146,Stable,0
203,202,4,BS2,Terrestrial,1289.96390375941,146.773461504372,12.5629989212038,26.0171052818183,893.334270320412,11.4454735406287,8.82990696561057,-Inf,Inf,12.5629989212038,Served,26.0171052818183,Stable,0
203,202,5,BS1,Terrestrial,2496.53115061175,141.919015359224,17.4174450663518,50.992146,893.334270320412,8.75952808811392,8.8179574559331,-Inf,Inf,17.4174450663518,Served,50.992146,Stable,0
203,202,6,None,Outage,4185.25875071361,174.464964900874,-15.1285044752984,NaN,NaN,Inf,8.9009153234248,-Inf,Inf,-15.1285044752984,Outage,0,Outage,0
204,203,1,BS2,Terrestrial,295.272687326099,90.0460145972902,69.2904458282857,25.496073,893.334270320412,8.75952808811392,8.93846164418924,-Inf,Inf,69.2904458282857,Served,25.496073,Stable,0
204,203,2,BS2,Terrestrial,144.900842099444,109.740917425749,49.5955429998271,25.496073,893.334270320412,8.75952808811392,8.9327382503838,-Inf,Inf,49.5955429998271,Served,25.496073,Stable,0
204,203,3,BS1,Terrestrial,158.603762337124,99.8765622043164,59.4598982212595,50.992146,893.334270320412,8.75952808811392,8.94220913172157,-Inf,Inf,59.4598982212595,Served,50.992146,Stable,0
204,203,4,BS2,Terrestrial,1289.96390375941,144.908220153786,14.4282402717902,22.2343391386612,893.334270320412,10.0445336462359,8.91888906178957,-Inf,Inf,14.4282402717902,Served,22.2343391386612,Stable,0
204,203,5,BS1,Terrestrial,2496.53115061175,147.959776183252,11.3766842423238,35.6246330597263,893.334270320412,12.5381539905646,8.90688851802239,-Inf,Inf,11.3766842423238,Served,35.6246330597263,Stable,0
204,203,6,BS2,Terrestrial,4576.26928829528,166.802435863012,-7.46597543743641,1.09169004324428,893.334270320412,204.575986528558,8.99020367304255,-Inf,Inf,-7.46597543743641,BelowTarget,1.09169004324428,Stable,0
205,204,1,BS2,Terrestrial,295.272687326099,91.235928146251,68.1005322793249,33.994764,893.334270320412,8.75952808811392,9.02791415314565,-Inf,Inf,68.1005322793249,Served,33.994764,Stable,0
205,204,2,BS2,Terrestrial,144.900842099444,107.554193473093,51.7822669524828,33.994764,893.334270320412,8.75952808811392,9.02216584840017,-Inf,Inf,51.7822669524828,Served,33.994764,Stable,0
205,204,3,BS1,Terrestrial,158.603762337124,98.1752365386845,61.1612238868913,50.992146,893.334270320412,8.75952808811392,9.03167790359982,-Inf,Inf,61.1612238868913,Served,50.992146,Stable,0
205,204,4,BS2,Terrestrial,1289.96390375941,157.292206049233,2.04425437634336,8.44031316549979,893.334270320412,35.2804551523026,9.00825597332955,-Inf,Inf,2.04425437634336,Served,8.44031316549979,Stable,0
205,204,5,BS1,Terrestrial,2496.53115061175,151.806208148449,7.53025227712641,25.1175050425576,893.334270320412,17.7831012436705,8.99620391043997,-Inf,Inf,7.53025227712641,Served,25.1175050425576,Stable,0
205,204,6,None,Outage,4576.26928829528,169.150666156506,-9.81420573093018,NaN,NaN,Inf,9.0798797577273,-Inf,Inf,-9.81420573093018,Outage,0,Outage,0
206,205,1,BS2,Terrestrial,295.272687326099,89.6534715185011,69.6829889070747,25.496073,893.334270320412,8.75952808811392,9.11775596599185,-Inf,Inf,69.6829889070747,Served,25.496073,Stable,0
206,205,2,BS2,Terrestrial,144.900842099444,111.933122799824,47.4033376257515,25.496073,893.334270320412,8.75952808811392,9.11198251198183,-Inf,Inf,47.4033376257515,Served,25.496073,Stable,0
206,205,3,BS1,Terrestrial,158.603762337124,99.2484900766296,60.0879703489463,50.992146,893.334270320412,8.75952808811392,9.12153613484962,-Inf,Inf,60.0879703489463,Served,50.992146,Stable,0
206,205,4,BS2,Terrestrial,1289.96390375941,148.301247942534,11.0352124830422,17.3283247387171,893.334270320412,12.8883530836137,9.0980113689211,-Inf,Inf,11.0352124830422,Served,17.3283247387171,Stable,0
206,205,5,BS1,Terrestrial,2496.53115061175,144.474225449534,14.8622349760419,45.7482339184799,893.334270320412,9.7635929718322,9.0859072959555,-Inf,Inf,14.8622349760419,Served,45.7482339184799,Stable,0
206,205,6,BS2,Terrestrial,4576.26928829528,166.787799387571,-7.45133896199539,1.09508680627662,893.334270320412,203.941428478583,9.16994728196224,-Inf,Inf,-7.45133896199539,BelowTarget,1.09508680627662,Stable,0
207,206,1,BS2,Terrestrial,295.272687326099,90.4251273159189,68.911333109657,25.496073,893.334270320412,8.75952808811392,9.20799080656328,-Inf,Inf,68.911333109657,Served,25.496073,Stable,0
207,206,2,BS2,Terrestrial,144.900842099444,119.696745984231,39.6397144413451,25.496073,893.334270320412,8.75952808811392,9.20219196203052,-Inf,Inf,39.6397144413451,Served,25.496073,Stable,0
207,206,3,BS1,Terrestrial,158.603762337124,95.9370290170891,63.3994314084867,50.992146,893.334270320412,8.75952808811392,9.21178755121799,-Inf,Inf,63.3994314084867,Served,50.992146,Stable,0
207,206,4,BS2,Terrestrial,1289.96390375941,146.792666628372,12.543793797204,19.4850866622965,893.334270320412,11.4617692726125,9.1881589622874,-Inf,Inf,12.543793797204,Served,19.4850866622965,Stable,0
207,206,5,BS1,Terrestrial,2496.53115061175,149.040952592375,10.2955078332006,32.5793058886835,893.334270320412,13.7101489112866,9.17600238228465,-Inf,Inf,10.2955078332006,Served,32.5793058886835,Stable,0
207,206,6,BS2,Terrestrial,4576.26928829528,166.860563603462,-7.52410317788647,1.07829551080052,893.334270320412,207.11721911399,9.26040999578892,-Inf,Inf,-7.52410317788647,BelowTarget,1.07829551080052,Stable,0
208,207,1,BS2,Terrestrial,295.272687326099,91.0044466516395,68.3320137739364,33.994764,893.334270320412,8.75952808811392,9.2986224445403,-Inf,Inf,68.3320137739364,Served,33.994764,Stable,0
208,207,2,BS2,Terrestrial,144.900842099444,114.635222975172,44.701237450404,33.994764,893.334270320412,8.75952808811392,9.2927979652496,-Inf,Inf,44.701237450404,Served,33.994764,Stable,0
208,207,3,BS1,Terrestrial,158.603762337124,104.359995695797,54.9764647297786,50.992146,893.334270320412,8.75952808811392,9.302435924325,-Inf,Inf,54.9764647297786,Served,50.992146,Stable,0
208,207,4,BS2,Terrestrial,1289.96390375941,148.103805382515,11.2326550430613,23.477130194049,893.334270320412,12.683751704128,9.27870251284698,-Inf,Inf,11.2326550430613,Served,23.477130194049,Stable,0
208,207,5,BS1,Terrestrial,2496.53115061175,161.567883547659,-2.23142312208338,6.2099210123892,893.334270320412,71.927989787483,9.26649292275047,-Inf,Inf,-2.23142312208338,Served,6.2099210123892,Stable,0
208,207,6,None,Outage,4576.26928829528,172.243401769014,-12.9069413434378,NaN,NaN,Inf,9.35127169547876,-Inf,Inf,-12.9069413434378,Outage,0,Outage,0
209,208,1,BS2,Terrestrial,295.272687326099,88.8864830354468,70.4499773901291,25.496073,893.334270320412,8.75952808811392,9.38965469612463,-Inf,Inf,70.4499773901291,Served,25.496073,Stable,0
209,208,2,BS2,Terrestrial,144.900842099444,111.169576174471,48.1668842511048,25.496073,893.334270320412,8.75952808811392,9.38380433481983,-Inf,Inf,48.1668842511048,Served,25.496073,Stable,0
209,208,3,BS1,Terrestrial,158.603762337124,106.808204225168,52.5282562004074,50.992146,893.334270320412,8.75952808811392,9.39348507234073,-Inf,Inf,52.5282562004074,Served,50.992146,Stable,0
209,208,4,BS2,Terrestrial,1289.96390375941,155.52358790804,3.81287251753551,8.11538985068687,893.334270320412,27.5197583466924,9.36964582638759,-Inf,Inf,3.81287251753551,Served,8.11538985068687,Stable,0
209,208,5,BS1,Terrestrial,2496.53115061175,152.190942840124,7.14551758545153,24.1271054723567,893.334270320412,18.5130842019971,9.35738271695572,-Inf,Inf,7.14551758545153,Served,24.1271054723567,Stable,0
209,208,6,BS2,Terrestrial,4576.26928829528,166.164339047264,-6.82787862168809,1.24909494637313,893.334270320412,178.796310263342,9.44253622421595,-Inf,Inf,-6.82787862168809,BelowTarget,1.24909494637313,Stable,0
210,209,1,BS2,Terrestrial,295.272687326099,92.9268763280889,66.409584097487,33.994764,893.334270320412,8.75952808811392,9.48109142472689,-Inf,Inf,66.409584097487,Served,33.994764,Stable,0
210,209,2,BS2,Terrestrial,144.900842099444,107.697882532856,51.6385778927202,33.994764,893.334270320412,8.75952808811392,9.47521493108605,-Inf,Inf,51.6385778927202,Served,33.994764,Stable,0
210,209,3,BS1,Terrestrial,158.603762337124,110.169471696063,49.1669887295129,50.992146,893.334270320412,8.75952808811392,9.48493886067323,-Inf,Inf,49.1669887295129,Served,50.992146,Stable,0
210,209,4,BS2,Terrestrial,1289.96390375941,148.551141438555,10.7853189870204,22.6345059040592,893.334270320412,13.1559350740412,9.46099275575123,-Inf,Inf,10.7853189870204,Served,22.6345059040592,Stable,0
210,209,5,BS1,Terrestrial,2496.53115061175,154.68088324097,4.65557718460607,18.0964090100702,893.334270320412,24.6826392413902,9.44867561146653,-Inf,Inf,4.65557718460607,Served,18.0964090100702,Stable,0
210,209,6,None,Outage,4576.26928829528,168.428193568375,-9.09173314279869,NaN,NaN,Inf,9.53420747279146,-Inf,Inf,-9.09173314279869,Outage,0,Outage,0
211,210,1,BS2,Terrestrial,295.272687326099,92.176925122707,67.1595353028689,50.992146,893.334270320412,8.75952808811392,9.57293654166637,-Inf,Inf,67.1595353028689,Served,50.992146,Stable,0
211,210,2,BS2,Terrestrial,144.900842099444,110.773398695009,48.5630617305671,50.992146,893.334270320412,8.75952808811392,9.5670336622563,-Inf,Inf,48.5630617305671,Served,50.992146,Stable,0
211,210,3,BS1,Terrestrial,158.603762337124,104.502379246059,54.8340811795168,33.994764,893.334270320412,8.75952808811392,9.57680120266886,-Inf,Inf,54.8340811795168,Served,33.994764,Stable,0
211,210,4,BS1,Terrestrial,1684.50527938871,156.801738530948,2.53472189462803,9.06730053557712,893.334270320412,32.8408757312521,9.55274720153129,-Inf,Inf,2.53472189462803,Served,9.06709674238333,InTransition,0.0224756191750323
211,210,5,BS1,Terrestrial,2496.53115061175,145.731816119662,13.6046443059141,28.035356932851,893.334270320412,10.6215194912634,9.54037550050793,-Inf,Inf,13.6046443059141,Served,28.035356932851,Stable,0
211,210,6,None,Outage,4185.25875071361,170.944135837264,-11.6076754116883,NaN,NaN,Inf,9.62628938030953,-Inf,Inf,-11.6076754116883,Outage,0,Outage,0
212,211,1,BS2,Terrestrial,295.272687326099,91.1418698324636,68.1945905931123,50.992146,893.334270320412,8.75952808811392,9.66519400688173,-Inf,Inf,68.1945905931123,Served,50.992146,Stable,0
212,211,2,BS2,Terrestrial,144.900842099444,107.171023805667,52.1654366199085,50.992146,893.334270320412,8.75952808811392,9.65926448511173,-Inf,Inf,52.1654366199085,Served,50.992146,Stable,0
212,211,3,BS1,Terrestrial,158.603762337124,112.333939005165,47.0025214204112,33.994764,893.334270320412,8.75952808811392,9.66907606032341,-Inf,Inf,47.0025214204112,Served,33.994764,Stable,0
212,211,4,BS1,Terrestrial,1684.50527938871,154.652992816808,4.68346760876793,12.1065486136589,893.334270320412,24.5964477250638,9.64491311278058,-Inf,Inf,4.68346760876793,Served,12.1065486136589,Stable,0
212,211,5,BS1,Terrestrial,2496.53115061175,149.211508719517,10.1249517060584,21.4029569027172,893.334270320412,13.9129416304623,9.63248632667038,-Inf,Inf,10.1249517060584,Served,21.4029569027172,Stable,0
212,211,6,None,Outage,4576.26928829528,170.786180099054,-11.4497196734779,NaN,NaN,Inf,9.7187859349051,-Inf,Inf,-11.4497196734779,Outage,0,Outage,0
213,212,1,BS2,Terrestrial,295.272687326099,89.2796933474475,70.0567670781284,25.496073,893.334270320412,8.75952808811392,9.757867829654,-Inf,Inf,70.0567670781284,Served,25.496073,Stable,0
213,212,2,BS2,Terrestrial,144.900842099444,110.563989210586,48.7724712149901,25.496073,893.334270320412,8.75952808811392,9.75191140572879,-Inf,Inf,48.7724712149901,Served,25.496073,Stable,0
213,212,3,BS1,Terrestrial,158.603762337124,101.112948547181,58.2235118783948,101.984292,893.334270320412,8.75952808811392,9.76176744500567,-Inf,Inf,58.2235118783948,Served,101.984292,Stable,0
213,212,4,BS2,Terrestrial,1289.96390375941,150.352927504195,8.98353292138108,14.4857961306802,893.334270320412,15.41741755616,9.73749448773166,-Inf,Inf,8.98353292138108,Served,14.4855468094764,InTransition,0.0172114256958314
213,212,5,None,Outage,2067.2298489109,171.446822469707,-12.1103620441316,NaN,NaN,Inf,9.72501208162846,-Inf,Inf,-12.1103620441316,Outage,0,Outage,0
213,212,6,BS2,Terrestrial,4576.26928829528,161.959802157383,-2.6233417318075,2.88754906196176,893.334270320412,77.3436443114055,9.81170117447377,-Inf,Inf,-2.6233417318075,BelowTarget,2.88754906196176,Stable,0
214,213,1,BS2,Terrestrial,295.272687326099,93.7164962821544,65.6199641434215,33.994764,893.334270320412,8.75952808811392,9.85096206934229,-Inf,Inf,65.6199641434215,Served,33.994764,Stable,0
214,213,2,BS2,Terrestrial,144.900842099444,116.890595978265,42.4458644473113,33.994764,893.334270320412,8.75952808811392,9.84497848021421,-Inf,Inf,42.4458644473113,Served,33.994764,Stable,0
214,213,3,BS1,Terrestrial,158.603762337124,107.992123507673,51.3443369179026,50.992146,893.334270320412,8.75952808811392,9.85487941819365,-Inf,Inf,51.3443369179026,Served,50.992146,Stable,0
214,213,4,BS2,Terrestrial,1289.96390375941,155.039493655877,4.29696676969928,11.5269353362888,893.334270320412,25.8332402689332,9.83049537452973,-Inf,Inf,4.29696676969928,Served,11.5269353362888,Stable,0
214,213,5,BS1,Terrestrial,2496.53115061175,148.85876477348,10.4776956520959,33.0883238366658,893.334270320412,13.4992372948565,9.81795680687233,-Inf,Inf,10.4776956520959,Served,33.0883238366658,Stable,0
214,213,6,None,Outage,4576.26928829528,172.801569672972,-13.4651092473956,NaN,NaN,Inf,9.90503918741439,-Inf,Inf,-13.4651092473956,Outage,0,Outage,0
215,214,1,BS2,Terrestrial,295.272687326099,91.6351225881725,67.7013378374034,33.994764,893.334270320412,8.75952808811392,9.94448083613091,-Inf,Inf,67.7013378374034,Served,33.994764,Stable,0
215,214,2,BS2,Terrestrial,144.900842099444,112.945639972804,46.3908204527721,33.994764,893.334270320412,8.75952808811392,9.93846981545118,-Inf,Inf,46.3908204527721,Served,33.994764,Stable,0
215,214,3,BS1,Terrestrial,158.603762337124,101.746800329164,57.5896600964119,33.994764,893.334270320412,8.75952808811392,9.94841609222211,-Inf,Inf,57.5896600964119,Served,33.994764,Stable,0
215,214,4,BS1,Terrestrial,1684.50527938871,155.815586122762,3.52087430281352,10.4053527823084,893.334270320412,28.617779361897,9.923919871977,-Inf,Inf,3.52087430281352,Served,10.4051189155619,InTransition,0.0224756191750323
215,214,5,BS1,Terrestrial,2496.53115061175,143.890216284585,15.4462441409906,31.6509381151979,893.334270320412,9.40819159997724,9.91132459445025,-Inf,Inf,15.4462441409906,Served,31.6509381151979,Stable,0
215,214,6,BS2,Terrestrial,4576.26928829528,161.795655685493,-2.45919525991732,3.96945214129631,893.334270320412,75.0174279742187,9.99880411338347,-Inf,Inf,-2.45919525991732,BelowTarget,3.96945214129631,Stable,0
216,215,1,BS2,Terrestrial,295.272687326099,88.4665941666245,70.8698662589514,33.994764,893.334270320412,8.75952808811392,10.0384282917899,-Inf,Inf,70.8698662589514,Served,33.994764,Stable,0
216,215,2,BS2,Terrestrial,144.900842099444,114.124188423557,45.2122720020188,33.994764,893.334270320412,8.75952808811392,10.0323895698592,-Inf,Inf,45.2122720020188,Served,33.994764,Stable,0
216,215,3,BS1,Terrestrial,158.603762337124,107.881845060882,51.454615364694,33.994764,893.334270320412,8.75952808811392,10.0423816310437,-Inf,Inf,51.454615364694,Served,33.994764,Stable,0
216,215,4,BS1,Terrestrial,1684.50527938871,160.047602482197,-0.71114205662073,5.42667638081675,893.334270320412,54.8730142006343,10.0177721302902,-Inf,Inf,-0.71114205662073,BelowTarget,5.42667638081675,Stable,0
216,215,5,BS1,Terrestrial,2496.53115061175,150.101962237179,9.23449818839703,19.7688160898757,893.334270320412,15.0630209089408,10.0051195877247,-Inf,Inf,9.23449818839703,Served,19.7688160898757,Stable,0
216,215,6,BS2,Terrestrial,4576.26928829528,163.835747004432,-4.49928657885621,2.68151606606273,893.334270320412,111.048407979159,10.0930001440628,-Inf,Inf,-4.49928657885621,BelowTarget,2.68151606606273,Stable,0
217,216,1,BS2,Terrestrial,295.272687326099,88.9486945178723,70.3877659077036,33.994764,893.334270320412,8.75952808811392,10.1328086504482,-Inf,Inf,70.3877659077036,Served,33.994764,Stable,0
217,216,2,BS2,Terrestrial,144.900842099444,117.95885087928,41.3776095462961,33.994764,893.334270320412,8.75952808811392,10.1267419541665,-Inf,Inf,41.3776095462961,Served,33.994764,Stable,0
217,216,3,BS1,Terrestrial,158.603762337124,107.758333554337,51.5781268712386,50.992146,893.334270320412,8.75952808811392,10.1367802510031,-Inf,Inf,51.5781268712386,Served,50.992146,Stable,0
217,216,4,BS2,Terrestrial,1289.96390375941,151.515126880823,7.82133354475249,17.250449161723,893.334270320412,17.2620485017598,10.1120563518715,-Inf,Inf,7.82133354475249,Served,17.250152256899,InTransition,0.0172114256958314
217,216,5,BS1,Terrestrial,2496.53115061175,155.309012876918,4.02744754865751,16.6963420305851,893.334270320412,26.7523948863757,10.0993459821411,-Inf,Inf,4.02744754865751,Served,16.6963420305851,Stable,0
217,216,6,None,Outage,4576.26928829528,171.246213526242,-11.909753100666,NaN,NaN,Inf,10.1876315239405,-Inf,Inf,-11.909753100666,Outage,0,Outage,0
218,217,1,BS2,Terrestrial,295.272687326099,91.6701457390287,67.6663146865472,25.496073,893.334270320412,8.75952808811392,10.2276261793801,-Inf,Inf,67.6663146865472,Served,25.496073,Stable,0
218,217,2,BS2,Terrestrial,144.900842099444,114.360055661375,44.9764047642005,25.496073,893.334270320412,8.75952808811392,10.221531232195,-Inf,Inf,44.9764047642005,Served,25.496073,Stable,0
218,217,3,BS1,Terrestrial,158.603762337124,98.8911621740824,60.4452982514935,50.992146,893.334270320412,8.75952808811392,10.2316162216229,-Inf,Inf,60.4452982514935,Served,50.992146,Stable,0
218,217,4,BS2,Terrestrial,1289.96390375941,147.098287274566,12.23817315101,19.0444976146601,893.334270320412,11.7269340519744,10.2067767920906,-Inf,Inf,12.23817315101,Served,19.0444976146601,Stable,0
218,217,5,BS1,Terrestrial,2496.53115061175,143.917927188972,15.4185332366038,47.394253671206,893.334270320412,9.42449981930142,10.1940080260091,-Inf,Inf,15.4185332366038,Served,47.394253671206,Stable,0
218,217,6,BS2,Terrestrial,4576.26928829528,162.452202355237,-3.11574192966094,2.6318190051131,893.334270320412,84.8590146762411,10.2827025511041,-Inf,Inf,-3.11574192966094,BelowTarget,2.6318190051131,Stable,0
219,218,1,BS2,Terrestrial,295.272687326099,88.9858968856237,70.3505635399521,25.496073,893.334270320412,8.75952808811392,10.3228851998042,-Inf,Inf,70.3505635399521,Served,25.496073,Stable,0
219,218,2,BS2,Terrestrial,144.900842099444,119.814817874316,39.5216425512594,25.496073,893.334270320412,8.75952808811392,10.3167617216596,-Inf,Inf,39.5216425512594,Served,25.496073,Stable,0
219,218,3,BS1,Terrestrial,158.603762337124,101.793151097147,57.5433093284287,50.992146,893.334270320412,8.75952808811392,10.3268938664044,-Inf,Inf,57.5433093284287,Served,50.992146,Stable,0
219,218,4,BS2,Terrestrial,1289.96390375941,151.088559408484,8.24790101709215,13.4998588549344,893.334270320412,16.5434001925487,10.3019377600822,-Inf,Inf,8.24790101709215,Served,13.4998588549344,Stable,0
219,218,5,BS1,Terrestrial,2496.53115061175,153.968917954063,5.36754247151273,19.7467643385037,893.334270320412,22.6197632940431,10.2891100212973,-Inf,Inf,5.36754247151273,Served,19.7467643385037,Stable,0
219,218,6,BS2,Terrestrial,4576.26928829528,163.39360935256,-4.0571489269837,2.1944540826122,893.334270320412,101.771811654521,10.3782175780481,-Inf,Inf,-4.0571489269837,BelowTarget,2.1944540826122,Stable,0
220,219,1,BS2,Terrestrial,295.272687326099,89.5238518332253,69.8126085923506,33.994764,893.334270320412,8.75952808811392,10.4185900876975,-Inf,Inf,69.8126085923506,Served,33.994764,Stable,0
220,219,2,BS2,Terrestrial,144.900842099444,116.367396661039,42.9690637645373,33.994764,893.334270320412,8.75952808811392,10.41243779498,-Inf,Inf,42.9690637645373,Served,33.994764,Stable,0
220,219,3,BS1,Terrestrial,158.603762337124,108.381176515861,50.9552839097151,50.992146,893.334270320412,8.75952808811392,10.4226175636415,-Inf,Inf,50.9552839097151,Served,50.992146,Stable,0
220,219,4,BS2,Terrestrial,1289.96390375941,148.124935013692,11.2115254118836,23.4371878017154,893.334270320412,12.7053677525684,10.3975436195563,-Inf,Inf,11.2115254118836,Served,23.4371878017154,Stable,0
220,219,5,BS1,Terrestrial,2496.53115061175,145.878420290572,13.458040135004,41.6249469150886,893.334270320412,10.730755670905,10.3846563244423,-Inf,Inf,13.458040135004,Served,41.6249469150886,Stable,0
220,219,6,None,Outage,4576.26928829528,170.062079076434,-10.7256186508581,NaN,NaN,Inf,10.4741810124953,-Inf,Inf,-10.7256186508581,Outage,0,Outage,0
221,220,1,BS2,Terrestrial,295.272687326099,92.8489467713156,66.4875136542603,25.496073,893.334270320412,8.75952808811392,10.5147452746215,-Inf,Inf,66.4875136542603,Served,25.496073,Stable,0
221,220,2,BS2,Terrestrial,144.900842099444,115.263144476901,44.0733159486751,25.496073,893.334270320412,8.75952808811392,10.5085638801071,-Inf,Inf,44.0733159486751,Served,25.496073,Stable,0
221,220,3,BS1,Terrestrial,158.603762337124,97.853071928899,61.4833884966768,50.992146,893.334270320412,8.75952808811392,10.5187917472477,-Inf,Inf,61.4833884966768,Served,50.992146,Stable,0
221,220,4,BS2,Terrestrial,1289.96390375941,143.722077766667,15.6143826589087,23.9875949857654,893.334270320412,9.31037762279345,10.4935987896208,-Inf,Inf,15.6143826589087,Served,23.9875949857654,Stable,0
221,220,5,BS1,Terrestrial,2496.53115061175,157.972177919246,1.36428250632991,11.4229109540557,893.334270320412,39.1027415828376,10.4806513471698,-Inf,Inf,1.36428250632991,Served,11.4229109540557,Stable,0
221,220,6,BS2,Terrestrial,4576.26928829528,160.930938613349,-1.59447818777306,3.48535137700143,893.334270320412,64.0777767928366,10.5705973182311,-Inf,Inf,-1.59447818777306,BelowTarget,3.48535137700143,Stable,0
222,221,1,BS2,Terrestrial,295.272687326099,94.1555814325726,65.1808789930032,33.994764,893.334270320412,8.75952808811392,10.611355248564,-Inf,Inf,65.1808789930032,Served,33.994764,Stable,0
222,221,2,BS2,Terrestrial,144.900842099444,108.654457057272,50.6820033683038,33.994764,893.334270320412,8.75952808811392,10.605144461363,-Inf,Inf,50.6820033683038,Served,33.994764,Stable,0
222,221,3,BS1,Terrestrial,158.603762337124,111.365650738995,47.9708096865806,50.992146,893.334270320412,8.75952808811392,10.6154209075982,-Inf,Inf,47.9708096865806,Served,50.992146,Stable,0
222,221,4,BS2,Terrestrial,1289.96390375941,147.508508703264,11.8279517223121,24.6078350112165,893.334270320412,12.1009463031215,10.5901077456212,-Inf,Inf,11.8279517223121,Served,24.6078350112165,Stable,0
222,221,5,BS1,Terrestrial,2496.53115061175,152.770382166586,6.56607825898988,22.662357782748,893.334270320412,19.7096497832294,10.5770995573313,-Inf,Inf,6.56607825898988,Served,22.662357782748,Stable,0
222,221,6,None,Outage,4576.26928829528,170.458951878461,-11.1224914528848,NaN,NaN,Inf,10.6674710159534,-Inf,Inf,-11.1224914528848,Outage,0,Outage,0
223,222,1,BS2,Terrestrial,295.272687326099,88.4644139309146,70.8720464946613,25.496073,893.334270320412,8.75952808811392,10.7084245547942,-Inf,Inf,70.8720464946613,Served,25.496073,Stable,0
223,222,2,BS2,Terrestrial,144.900842099444,109.073452600288,50.2630078252875,25.496073,893.334270320412,8.75952808811392,10.7021840802957,-Inf,Inf,50.2630078252875,Served,25.496073,Stable,0
223,222,3,BS1,Terrestrial,158.603762337124,109.965106993558,49.371353432018,50.992146,893.334270320412,8.75952808811392,10.712509592386,-Inf,Inf,49.371353432018,Served,50.992146,Stable,0
223,222,4,BS2,Terrestrial,1289.96390375941,152.072351402071,7.26410902350443,12.2154624604217,893.334270320412,18.2828581646997,10.6870750199911,-Inf,Inf,7.26410902350443,Served,12.2154624604217,Stable,0
223,222,5,BS1,Terrestrial,2496.53115061175,141.349356557693,17.9871038678827,50.992146,893.334270320412,8.75952808811392,10.6740054797543,-Inf,Inf,17.9871038678827,Served,50.992146,Stable,0
223,222,6,BS2,Terrestrial,4576.26928829528,162.118454860555,-2.78199443497888,2.80306035378359,893.334270320412,79.6749050653317,10.7648066841357,-Inf,Inf,-2.78199443497888,BelowTarget,2.80306035378359,Stable,0
224,223,1,BS2,Terrestrial,295.272687326099,92.3935923296899,66.9428680958859,33.994764,893.334270320412,8.75952808811392,10.8059577967324,-Inf,Inf,66.9428680958859,Served,33.994764,Stable,0
224,223,2,BS2,Terrestrial,144.900842099444,111.457735321458,47.8787251041178,33.994764,893.334270320412,8.75952808811392,10.7996873365476,-Inf,Inf,47.8787251041178,Served,33.994764,Stable,0
224,223,3,BS1,Terrestrial,158.603762337124,99.3696097137848,59.9668507117911,50.992146,893.334270320412,8.75952808811392,10.8100624074919,-Inf,Inf,59.9668507117911,Served,50.992146,Stable,0
224,223,4,BS2,Terrestrial,1289.96390375941,148.494245436893,10.8422149886831,22.7413202479863,893.334270320412,13.0941425941694,10.7845052031198,-Inf,Inf,10.8422149886831,Served,22.7413202479863,Stable,0
224,223,5,BS1,Terrestrial,2496.53115061175,143.039365690725,16.2970947348513,50.005567278165,893.334270320412,8.93234812587046,10.7713736971067,-Inf,Inf,16.2970947348513,Served,50.005567278165,Stable,0
224,223,6,None,Outage,4576.26928829528,167.009401163103,-7.67294073752669,NaN,NaN,Inf,10.8626089599053,-Inf,Inf,-7.67294073752669,Outage,0,Outage,0
225,224,1,BS2,Terrestrial,295.272687326099,89.3171742991189,70.019286126457,33.994764,893.334270320412,8.75952808811392,10.9039596368357,-Inf,Inf,70.019286126457,Served,33.994764,Stable,0
225,224,2,BS2,Terrestrial,144.900842099444,120.061542683616,39.2749177419599,33.994764,893.334270320412,8.75952808811392,10.8976588887404,-Inf,Inf,39.2749177419599,Served,33.994764,Stable,0
225,224,3,BS1,Terrestrial,158.603762337124,108.438345961658,50.8981144639182,50.992146,893.334270320412,8.75952808811392,10.9080840178711,-Inf,Inf,50.8981144639182,Served,50.992146,Stable,0
225,224,4,BS2,Terrestrial,1289.96390375941,148.955271394056,10.3811890315198,21.87897945145,893.334270320412,13.6102367465348,10.8824029442339,-Inf,Inf,10.3811890315198,Served,21.87897945145,Stable,0
225,224,5,BS1,Terrestrial,2496.53115061175,141.594231198908,17.7422292266683,50.992146,893.334270320412,8.75952808811392,10.8692088507772,-Inf,Inf,17.7422292266683,Served,50.992146,Stable,0
225,224,6,None,Outage,4576.26928829528,173.899049321583,-14.5625888960076,NaN,NaN,Inf,10.9608825399377,-Inf,Inf,-14.5625888960076,Outage,0,Outage,0
226,225,1,BS2,Terrestrial,295.272687326099,88.5792434122502,70.7572170133257,33.994764,893.334270320412,8.75952808811392,11.002434797497,-Inf,Inf,70.7572170133257,Served,33.994764,Stable,0
226,225,2,BS2,Terrestrial,144.900842099444,114.253414259882,45.0830461656935,33.994764,893.334270320412,8.75952808811392,10.9961034553727,-Inf,Inf,45.0830461656935,Served,33.994764,Stable,0
226,225,3,BS1,Terrestrial,158.603762337124,104.442661147186,54.8937992783898,50.992146,893.334270320412,8.75952808811392,11.0065791484523,-Inf,Inf,54.8937992783898,Served,50.992146,Stable,0
226,225,4,BS2,Terrestrial,1289.96390375941,155.072031644581,4.26442878099442,11.4787625756991,893.334270320412,25.9416542630832,10.980772952293,-Inf,Inf,4.26442878099442,Served,11.4787625756991,Stable,0
226,225,5,BS1,Terrestrial,2496.53115061175,155.153308650518,4.18315177505821,17.0382919072121,893.334270320412,26.2154878900236,10.9675156417685,-Inf,Inf,4.18315177505821,Served,17.0382919072121,Stable,0
226,225,6,None,Outage,4576.26928829528,167.854141837964,-8.51768141238824,NaN,NaN,Inf,11.059632181364,-Inf,Inf,-8.51768141238824,Outage,0,Outage,0
227,226,1,BS2,Terrestrial,295.272687326099,87.9093935579357,71.4270668676401,25.496073,893.334270320412,8.75952808811392,11.101388061961,-Inf,Inf,71.4270668676401,Served,25.496073,Stable,0
227,226,2,BS2,Terrestrial,144.900842099444,116.326734297342,43.0097261282337,25.496073,893.334270320412,8.75952808811392,11.0950258157359,-Inf,Inf,43.0097261282337,Served,25.496073,Stable,0
227,226,3,BS1,Terrestrial,158.603762337124,99.7857294718523,59.5507309537235,101.984292,893.334270320412,8.75952808811392,11.1055525850553,-Inf,Inf,59.5507309537235,Served,101.984292,Stable,0
227,226,4,BS2,Terrestrial,1289.96390375941,145.290980741538,14.0454796840375,21.671927153248,893.334270320412,10.3052011019071,11.0796199969026,-Inf,Inf,14.0454796840375,Served,21.671927153248,Stable,0
227,226,5,BS2,Terrestrial,2067.2298489109,158.066094664733,1.27036576084316,5.62907848486546,893.334270320412,39.674978449948,11.0662988316088,-Inf,Inf,1.27036576084316,Served,5.62892322279991,InTransition,0.0275821461647431
227,226,6,None,Outage,4576.26928829528,170.343487923331,-11.0070274977554,NaN,NaN,Inf,11.158862702696,-Inf,Inf,-11.0070274977554,Outage,0,Outage,0
228,227,1,BS2,Terrestrial,295.272687326099,90.1611856820831,69.1752747434927,25.496073,893.334270320412,8.75952808811392,11.2008242752551,-Inf,Inf,69.1752747434927,Served,25.496073,Stable,0
228,227,2,BS2,Terrestrial,144.900842099444,111.731368793747,47.6050916318294,25.496073,893.334270320412,8.75952808811392,11.1944308108429,-Inf,Inf,47.6050916318294,Served,25.496073,Stable,0
228,227,3,BS1,Terrestrial,158.603762337124,97.5979070097576,61.7385534158182,50.992146,893.334270320412,8.75952808811392,11.2050091753217,-Inf,Inf,61.7385534158182,Served,50.992146,Stable,0
228,227,4,BS2,Terrestrial,1289.96390375941,148.597254600792,10.7392058247834,16.9110103754156,893.334270320412,13.2064000093557,11.178948909241,-Inf,Inf,10.7392058247834,Served,16.9110103754156,Stable,0
228,227,5,BS1,Terrestrial,2496.53115061175,141.361849723324,17.9746107022521,50.992146,893.334270320412,8.75952808811392,11.165563243276,-Inf,Inf,17.9746107022521,Served,50.9904474451828,InTransition,0.0333101261755124
228,227,6,BS2,Terrestrial,4576.26928829528,166.842833162275,-7.50637273669875,1.08236506377153,893.334270320412,206.3384850966,11.258578984766,-Inf,Inf,-7.50637273669875,BelowTarget,1.08236506377153,Stable,0
229,228,1,BS2,Terrestrial,295.272687326099,90.7227539565889,68.613706468987,25.496073,893.334270320412,8.75952808811392,11.3007483451365,-Inf,Inf,68.613706468987,Served,25.496073,Stable,0
229,228,2,BS2,Terrestrial,144.900842099444,122.355243823741,36.981216601835,25.496073,893.334270320412,8.75952808811392,11.294323344375,-Inf,Inf,36.981216601835,Served,25.496073,Stable,0
229,228,3,BS1,Terrestrial,158.603762337124,105.738411199214,53.5980492263617,50.992146,893.334270320412,8.75952808811392,11.3049538296626,-Inf,Inf,53.5980492263617,Served,50.992146,Stable,0
229,228,4,BS2,Terrestrial,1289.96390375941,148.817528488334,10.5189319372422,16.6018904844078,893.334270320412,13.4522973627524,11.2787645830028,-Inf,Inf,10.5189319372422,Served,16.6018904844078,Stable,0
229,228,5,BS1,Terrestrial,2496.53115061175,150.4208581601,8.91560226547574,28.7878392111375,893.334270320412,15.5158270783797,11.2653137621396,-Inf,Inf,8.91560226547574,Served,28.7878392111375,Stable,0
229,228,6,BS2,Terrestrial,4576.26928829528,164.154458247507,-4.81799782193156,1.8872599006734,893.334270320412,118.337473021291,11.3587859716827,-Inf,Inf,-4.81799782193156,BelowTarget,1.8872599006734,Stable,0
230,229,1,BS2,Terrestrial,295.272687326099,87.3295808893358,72.00687953624,33.994764,893.334270320412,8.75952808811392,11.401165243055,-Inf,Inf,72.00687953624,Served,33.994764,Stable,0
230,229,2,BS2,Terrestrial,144.900842099444,120.164973883788,39.1714865417882,33.994764,893.334270320412,8.75952808811392,11.3947083836435,-Inf,Inf,39.1714865417882,Served,33.994764,Stable,0
230,229,3,BS1,Terrestrial,158.603762337124,103.644439410883,55.6920210146931,50.992146,893.334270320412,8.75952808811392,11.4053915222232,-Inf,Inf,55.6920210146931,Served,50.992146,Stable,0
230,229,4,BS2,Terrestrial,1289.96390375941,148.322085802336,11.0143746232401,23.0651702016126,893.334270320412,12.9102923370574,11.3790719753584,-Inf,Inf,11.0143746232401,Served,23.0651702016126,Stable,0
230,229,5,BS1,Terrestrial,2496.53115061175,147.767851782588,11.5686086429876,36.1709862990245,893.334270320412,12.3487684706085,11.3655553369179,-Inf,Inf,11.5686086429876,Served,36.1709862990245,Stable,0
230,229,6,None,Outage,4576.26928829528,167.353483653348,-8.0170232277726,NaN,NaN,Inf,11.4594886718042,-Inf,Inf,-8.0170232277726,Outage,0,Outage,0
231,230,1,BS2,Terrestrial,295.272687326099,87.6524349812999,71.684025444276,25.496073,893.334270320412,8.75952808811392,11.5020800051334,-Inf,Inf,71.684025444276,Served,25.496073,Stable,0
231,230,2,BS2,Terrestrial,144.900842099444,117.018942900962,42.3175175246142,25.496073,893.334270320412,8.75952808811392,11.4955909605687,-Inf,Inf,42.3175175246142,Served,25.496073,Stable,0
231,230,3,BS1,Terrestrial,158.603762337124,97.0322816909404,62.3041787346355,50.992146,893.334270320412,8.75952808811392,11.5063272918626,-Inf,Inf,62.3041787346355,Served,50.992146,Stable,0
231,230,4,BS2,Terrestrial,1289.96390375941,152.667146178924,6.66931424665222,11.4604275455795,893.334270320412,19.4873678745299,11.4798761079301,-Inf,Inf,6.66931424665222,Served,11.4604275455795,Stable,0
231,230,5,BS1,Terrestrial,2496.53115061175,152.191496376886,7.14496404868984,24.1256904864967,893.334270320412,18.5141700052153,11.4662929806521,-Inf,Inf,7.14496404868984,Served,24.1256904864967,Stable,0
231,230,6,BS2,Terrestrial,4576.26928829528,161.840436780002,-2.50397635442596,2.95244575471946,893.334270320412,75.6435803174729,11.5606921587267,-Inf,Inf,-2.50397635442596,BelowTarget,2.95244575471946,Stable,0
232,231,1,BS2,Terrestrial,295.272687326099,92.2392781751364,67.0971822504395,25.496073,893.334270320412,8.75952808811392,11.6034977331636,-Inf,Inf,67.0971822504395,Served,25.496073,Stable,0
232,231,2,BS2,Terrestrial,144.900842099444,110.550844245767,48.7856161798089,25.496073,893.334270320412,8.75952808811392,11.5969761726752,-Inf,Inf,48.7856161798089,Served,25.496073,Stable,0
232,231,3,BS1,Terrestrial,158.603762337124,103.451307030703,55.885153394873,50.992146,893.334270320412,8.75952808811392,11.6077662431515,-Inf,Inf,55.885153394873,Served,50.992146,Stable,0
232,231,4,BS2,Terrestrial,1289.96390375941,151.401418788911,7.93504163666535,13.0869150955365,893.334270320412,17.0654096820934,11.581182067785,-Inf,Inf,7.93504163666535,Served,13.0869150955365,Stable,0
232,231,5,BS1,Terrestrial,2496.53115061175,141.113268608398,18.2231918171777,50.992146,893.334270320412,8.75952808811392,11.5675317716966,-Inf,Inf,18.2231918171777,Served,50.992146,Stable,0
232,231,6,BS2,Terrestrial,4576.26928829528,163.912798312179,-4.57633788660291,1.98056593054772,893.334270320412,112.762500927369,11.6624015722913,-Inf,Inf,-4.57633788660291,BelowTarget,1.98056593054772,Stable,0
233,232,1,BS2,Terrestrial,295.272687326099,94.704106404108,64.6323540214678,33.994764,893.334270320412,8.75952808811392,11.7054235956209,-Inf,Inf,64.6323540214678,Served,33.994764,Stable,0
233,232,2,BS2,Terrestrial,144.900842099444,121.500251713865,37.8362087117114,33.994764,893.334270320412,8.75952808811392,11.698869184105,-Inf,Inf,37.8362087117114,Served,33.994764,Stable,0
233,232,3,BS1,Terrestrial,158.603762337124,106.362536644725,52.9739237808509,50.992146,893.334270320412,8.75952808811392,11.7097135473865,-Inf,Inf,52.9739237808509,Served,50.992146,Stable,0
233,232,4,BS2,Terrestrial,1289.96390375941,156.183511256487,3.15294916908843,9.89436415347753,893.334270320412,30.0957277787421,11.6829950084449,-Inf,Inf,3.15294916908843,Served,9.89436415347753,Stable,0
233,232,5,BS1,Terrestrial,2496.53115061175,143.200362049639,16.1360983759373,49.5260633049642,893.334270320412,9.01882979088781,11.6692768547269,-Inf,Inf,16.1360983759373,Served,49.5260633049642,Stable,0
233,232,6,None,Outage,4576.26928829528,168.10788132579,-8.77142090021383,NaN,NaN,Inf,11.7646221196075,-Inf,Inf,-8.77142090021383,Outage,0,Outage,0
234,233,1,BS2,Terrestrial,295.272687326099,89.1382843141336,70.1981761114423,33.994764,893.334270320412,8.75952808811392,11.8078628286944,-Inf,Inf,70.1981761114423,Served,33.994764,Stable,0
234,233,2,BS2,Terrestrial,144.900842099444,118.92390459946,40.4125558261159,33.994764,893.334270320412,8.75952808811392,11.8012752266468,-Inf,Inf,40.4125558261159,Served,33.994764,Stable,0
234,233,3,BS1,Terrestrial,158.603762337124,100.63956716071,58.6968932648662,50.992146,893.334270320412,8.75952808811392,11.812174443622,-Inf,Inf,58.6968932648662,Served,50.992146,Stable,0
234,233,4,BS2,Terrestrial,1289.96390375941,145.828208592381,13.5082518331953,27.8476648936833,893.334270320412,10.693108066463,11.785320150913,-Inf,Inf,13.5082518331953,Served,27.8476648936833,Stable,0
234,233,5,BS1,Terrestrial,2496.53115061175,146.082537642349,13.2539227832274,41.0299604167194,893.334270320412,10.88636524685,11.7715334417644,-Inf,Inf,13.2539227832274,Served,41.0299604167194,Stable,0
234,233,6,None,Outage,4576.26928829528,170.035095705053,-10.6986352794772,NaN,NaN,Inf,11.8673590760938,-Inf,Inf,-10.6986352794772,Outage,0,Outage,0
235,234,1,BS2,Terrestrial,295.272687326099,89.0446983387987,70.2917620867772,25.496073,893.334270320412,8.75952808811392,11.9108207373368,-Inf,Inf,70.2917620867772,Served,25.496073,Stable,0
235,234,2,BS2,Terrestrial,144.900842099444,113.939443637624,45.3970167879523,25.496073,893.334270320412,8.75952808811392,11.9041996007845,-Inf,Inf,45.3970167879523,Served,25.496073,Stable,0
235,234,3,BS1,Terrestrial,158.603762337124,105.961165573269,53.3752948523068,50.992146,893.334270320412,8.75952808811392,11.9151542397202,-Inf,Inf,53.3752948523068,Served,50.992146,Stable,0
235,234,4,BS2,Terrestrial,1289.96390375941,150.008456493975,9.32800393160116,14.9541382760773,893.334270320412,14.9345661687092,11.8881627847197,-Inf,Inf,9.32800393160116,Served,14.9541382760773,Stable,0
235,234,5,BS1,Terrestrial,2496.53115061175,147.53901634426,11.7974440813163,36.8244685210872,893.334270320412,12.1296288337312,11.8743068132192,-Inf,Inf,11.7974440813163,Served,36.8244685210872,Stable,0
235,234,6,BS2,Terrestrial,4576.26928829528,161.688408804126,-2.35194837855025,3.03676980166257,893.334270320412,73.5431337132741,11.9706177865378,-Inf,Inf,-2.35194837855025,BelowTarget,3.03676980166257,Stable,0
236,235,1,BS2,Terrestrial,295.272687326099,86.9077406454412,72.4287197801347,33.994764,893.334270320412,8.75952808811392,12.0143026963307,-Inf,Inf,72.4287197801347,Served,33.994764,Stable,0
236,235,2,BS2,Terrestrial,144.900842099444,111.702140605764,47.6343198198123,33.994764,893.334270320412,8.75952808811392,12.0076476767624,-Inf,Inf,47.6343198198123,Served,33.994764,Stable,0
236,235,3,BS1,Terrestrial,158.603762337124,98.8425944109747,60.4938660146012,50.992146,893.334270320412,8.75952808811392,12.0186583134184,-Inf,Inf,60.4938660146012,Served,50.992146,Stable,0
236,235,4,BS2,Terrestrial,1289.96390375941,147.750166600396,11.5862938251795,24.147607391727,893.334270320412,12.3315774219861,11.9915282689845,-Inf,Inf,11.5862938251795,Served,24.147607391727,Stable,0
236,235,5,BS1,Terrestrial,2496.53115061175,145.161565730511,14.1748946950652,43.7237632164511,893.334270320412,10.2156608283924,11.9776023189501,-Inf,Inf,14.1748946950652,Served,43.7237632164511,Stable,0
236,235,6,None,Outage,4576.26928829528,172.290095143079,-12.9536347175029,NaN,NaN,Inf,12.0744036661725,-Inf,Inf,-12.9536347175029,Outage,0,Outage,0
237,236,1,BS2,Terrestrial,295.272687326099,89.6425203584573,69.6939400671186,25.496073,893.334270320412,8.75952808811392,12.1183141513743,-Inf,Inf,69.6939400671186,Served,25.496073,Stable,0
237,236,2,BS2,Terrestrial,144.900842099444,118.577078816366,40.7593816092103,25.496073,893.334270320412,8.75952808811392,12.11162489567,-Inf,Inf,40.7593816092103,Served,25.496073,Stable,0
237,236,3,BS1,Terrestrial,158.603762337124,99.5475662594421,59.7888941661338,50.992146,893.334270320412,8.75952808811392,12.1226921134154,-Inf,Inf,59.7888941661338,Served,50.992146,Stable,0
237,236,4,BS2,Terrestrial,1289.96390375941,152.849505899532,6.48695452604341,11.2324926111159,893.334270320412,19.8828145552563,12.0954220334979,-Inf,Inf,6.48695452604341,Served,11.2324926111159,Stable,0
237,236,5,BS1,Terrestrial,2496.53115061175,153.787592849185,5.54886757639127,20.1772228597437,893.334270320412,22.1371958998068,12.0814253793443,-Inf,Inf,5.54886757639127,Served,20.1772228597437,Stable,0
237,236,6,BS2,Terrestrial,4576.26928829528,163.69335737202,-4.35689694644387,2.06869490335224,893.334270320412,107.958678303987,12.1787222017729,-Inf,Inf,-4.35689694644387,BelowTarget,2.06869490335224,Stable,0
238,237,1,BS2,Terrestrial,295.272687326099,86.3228026293054,73.0136577962705,33.994764,893.334270320412,8.75952808811392,12.2228606201858,-Inf,Inf,73.0136577962705,Served,33.994764,Stable,0
238,237,2,BS2,Terrestrial,144.900842099444,118.398495707093,40.9379647184828,33.994764,893.334270320412,8.75952808811392,12.2161367705446,-Inf,Inf,40.9379647184828,Served,33.994764,Stable,0
238,237,3,BS1,Terrestrial,158.603762337124,97.4516937205068,61.8847667050691,50.992146,893.334270320412,8.75952808811392,12.2272611604767,-Inf,Inf,61.8847667050691,Served,50.992146,Stable,0
238,237,4,BS2,Terrestrial,1289.96390375941,148.674589634229,10.6618707913467,22.4031211417056,893.334270320412,13.2918126998144,12.1998495798213,-Inf,Inf,10.6618707913467,Served,22.4031211417056,Stable,0
238,237,5,BS1,Terrestrial,2496.53115061175,146.600575021016,12.73588540456,39.5257099947779,893.334270320412,11.3006732888345,12.1857814864139,-Inf,Inf,12.73588540456,Served,39.5257099947779,Stable,0
238,237,6,None,Outage,4576.26928829528,167.522741411144,-8.18628098556806,NaN,NaN,Inf,12.2835789527707,-Inf,Inf,-8.18628098556806,Outage,0,Outage,0
239,238,1,BS2,Terrestrial,295.272687326099,90.5494944641942,68.7869659613817,33.994764,893.334270320412,8.75952808811392,12.327947693626,-Inf,Inf,68.7869659613817,Served,33.994764,Stable,0
239,238,2,BS2,Terrestrial,144.900842099444,113.969341730281,45.3671186952953,33.994764,893.334270320412,8.75952808811392,12.321188887493,-Inf,Inf,45.3671186952953,Served,33.994764,Stable,0
239,238,3,BS1,Terrestrial,158.603762337124,100.381558974976,58.9549014505995,50.992146,893.334270320412,8.75952808811392,12.3323710485579,-Inf,Inf,58.9549014505995,Served,50.992146,Stable,0
239,238,4,BS2,Terrestrial,1289.96390375941,159.570185046717,-0.233724621140652,5.88561271195018,893.334270320412,50.5942379630575,12.3048164824054,-Inf,Inf,-0.233724621140652,Served,5.88561271195018,Stable,0
239,238,5,BS1,Terrestrial,2496.53115061175,143.274867856219,16.0615925693567,49.3043007494053,893.334270320412,9.05939498930211,12.2906762049132,-Inf,Inf,16.0615925693567,Served,49.3043007494053,Stable,0
239,238,6,None,Outage,4576.26928829528,171.632620704182,-12.2961602786066,NaN,NaN,Inf,12.3889795523883,-Inf,Inf,-12.2961602786066,Outage,0,Outage,0
240,239,1,BS2,Terrestrial,295.272687326099,89.069602491014,70.2668579345618,25.496073,893.334270320412,8.75952808811392,12.433581036841,-Inf,Inf,70.2668579345618,Served,25.496073,Stable,0
240,239,2,BS2,Terrestrial,144.900842099444,119.944150517273,39.3923099083026,25.496073,893.334270320412,8.75952808811392,12.4267869068331,-Inf,Inf,39.3923099083026,Served,25.496073,Stable,0
240,239,3,BS1,Terrestrial,158.603762337124,110.150491388324,49.1859690372518,50.992146,893.334270320412,8.75952808811392,12.4380274459483,-Inf,Inf,49.1859690372518,Served,50.992146,Stable,0
240,239,4,BS2,Terrestrial,1289.96390375941,147.697811558904,11.6386488666717,18.1853830451908,893.334270320412,12.2809383242089,12.4103283897286,-Inf,Inf,11.6386488666717,Served,18.1853830451908,Stable,0
240,239,5,BS1,Terrestrial,2496.53115061175,148.938440492343,10.3980199332331,32.8654963104477,893.334270320412,13.5907619024215,12.3961151734733,-Inf,Inf,10.3980199332331,Served,32.8654963104477,Stable,0
240,239,6,BS2,Terrestrial,4576.26928829528,163.213585830141,-3.87712540456485,2.27304080534087,893.334270320412,98.2532152767983,12.4949297087922,-Inf,Inf,-3.87712540456485,BelowTarget,2.27304080534087,Stable,0
241,240,1,BS2,Terrestrial,295.272687326099,91.5216237238744,67.8148367017015,25.496073,893.334270320412,8.75952808811392,12.539766390425,-Inf,Inf,67.8148367017015,Served,25.496073,Stable,0
241,240,2,BS2,Terrestrial,144.900842099444,118.145808160923,41.1906522646532,25.496073,893.334270320412,8.75952808811392,12.532936564255,-Inf,Inf,41.1906522646532,Served,25.496073,Stable,0
241,240,3,BS1,Terrestrial,158.603762337124,113.316140724445,46.0203197011308,50.992146,893.334270320412,8.75952808811392,12.5442360964344,-Inf,Inf,46.0203197011308,Served,50.992146,Stable,0
241,240,4,BS2,Terrestrial,1289.96390375941,146.552597987166,12.7838624384094,19.832328802071,893.334270320412,11.2610863710964,12.5163910254549,-Inf,Inf,12.7838624384094,Served,19.832328802071,Stable,0
241,240,5,BS1,Terrestrial,2496.53115061175,147.601144233094,11.735316192482,36.6468350791424,893.334270320412,12.1884232075044,12.5021041057582,-Inf,Inf,11.735316192482,Served,36.6468350791424,Stable,0
241,240,6,BS2,Terrestrial,4576.26928829528,162.402417226489,-3.06595680091343,2.6568106770921,893.334270320412,84.0607761425225,12.6014352062671,-Inf,Inf,-3.06595680091343,BelowTarget,2.6568106770921,Stable,0
242,241,1,BS2,Terrestrial,295.272687326099,94.8578923339444,64.4785680916315,33.994764,893.334270320412,8.75952808811392,12.646509571602,-Inf,Inf,64.4785680916315,Served,33.994764,Stable,0
242,241,2,BS2,Terrestrial,144.900842099444,111.383612081837,47.9528483437394,33.994764,893.334270320412,8.75952808811392,12.6396436720016,-Inf,Inf,47.9528483437394,Served,33.994764,Stable,0
242,241,3,BS1,Terrestrial,158.603762337124,96.9237010393819,62.4127593861939,50.992146,893.334270320412,8.75952808811392,12.6510028204824,-Inf,Inf,62.4127593861939,Served,50.992146,Stable,0
242,241,4,BS2,Terrestrial,1289.96390375941,150.579775515903,8.75668490967303,18.9061661822751,893.334270320412,15.7503159147081,12.6230101896112,-Inf,Inf,8.75668490967303,Served,18.9061661822751,Stable,0
242,241,5,BS1,Terrestrial,2496.53115061175,142.791563386299,16.5448970392767,50.7444015680396,893.334270320412,8.80229387593234,12.6086487916397,-Inf,Inf,16.5448970392767,Served,50.7444015680396,Stable,0
242,241,6,None,Outage,4576.26928829528,171.419857558938,-12.0833971333624,NaN,NaN,Inf,12.7085019064094,-Inf,Inf,-12.0833971333624,Outage,0,Outage,0
243,242,1,BS2,Terrestrial,295.272687326099,90.7522831109304,68.5841773146455,25.496073,893.334270320412,8.75952808811392,12.7538164754289,-Inf,Inf,68.5841773146455,Served,25.496073,Stable,0
243,242,2,BS2,Terrestrial,144.900842099444,113.047792926844,46.2886674987321,25.496073,893.334270320412,8.75952808811392,12.7469141200706,-Inf,Inf,46.2886674987321,Served,25.496073,Stable,0
243,242,3,BS1,Terrestrial,158.603762337124,108.282444070436,51.0540163551399,50.992146,893.334270320412,8.75952808811392,12.7583335164425,-Inf,Inf,51.0540163551399,Served,50.992146,Stable,0
243,242,4,BS2,Terrestrial,1289.96390375941,153.003302478205,6.33315794737103,11.0416164667362,893.334270320412,20.2265282672075,12.7301917597865,-Inf,Inf,6.33315794737103,Served,11.0416164667362,Stable,0
243,242,5,BS1,Terrestrial,2496.53115061175,147.129215965532,12.2072444600435,38.0000111277331,893.334270320412,11.7543948515905,12.7157550983927,-Inf,Inf,12.2072444600435,Served,38.0000111277331,Stable,0
243,242,6,BS2,Terrestrial,4576.26928829528,166.695997292112,-7.35953686653579,1.11661430853673,893.334270320412,200.009587798289,12.8161357493416,-Inf,Inf,-7.35953686653579,BelowTarget,1.11661430853673,Stable,0
244,243,1,BS2,Terrestrial,295.272687326099,90.6950268364338,68.6414335891421,33.994764,893.334270320412,8.75952808811392,12.861693076019,-Inf,Inf,68.6414335891421,Served,33.994764,Stable,0
244,243,2,BS2,Terrestrial,144.900842099444,112.856606187165,46.4798542384111,33.994764,893.334270320412,8.75952808811392,12.8547538774361,-Inf,Inf,46.4798542384111,Served,33.994764,Stable,0
244,243,3,BS1,Terrestrial,158.603762337124,108.346229746362,50.9902306792136,50.992146,893.334270320412,8.75952808811392,12.8662341617731,-Inf,Inf,50.9902306792136,Served,50.992146,Stable,0
244,243,4,BS2,Terrestrial,1289.96390375941,152.513556301403,6.82290412417333,15.5382997866002,893.334270320412,19.1641359863322,12.8379416923493,-Inf,Inf,6.82290412417333,Served,15.5382997866002,Stable,0
244,243,5,BS1,Terrestrial,2496.53115061175,152.42072334979,6.9157370757855,23.5422632837168,893.334270320412,18.9729903950716,12.8234289719116,-Inf,Inf,6.9157370757855,Served,23.5422632837168,Stable,0
244,243,6,None,Outage,4576.26928829528,171.977471672301,-12.6410112467255,NaN,NaN,Inf,12.9243427549481,-Inf,Inf,-12.6410112467255,Outage,0,Outage,0
245,244,1,BS2,Terrestrial,295.272687326099,87.5212659727807,71.8151944527952,20.3968584,893.334270320412,8.75952808811392,12.970145427787,-Inf,Inf,71.8151944527952,Served,20.3968584,Stable,0
245,244,2,BS2,Terrestrial,144.900842099444,112.03622299698,47.3002374285963,20.3968584,893.334270320412,8.75952808811392,12.9631689932926,-Inf,Inf,47.3002374285963,Served,20.3968584,Stable,0
245,244,3,BS1,Terrestrial,158.603762337124,107.425853838207,51.9106065873684,101.984292,893.334270320412,8.75952808811392,12.9747108142862,-Inf,Inf,51.9106065873684,Served,101.984292,Stable,0
245,244,4,BS2,Terrestrial,1289.96390375941,145.657772306246,13.6786881193298,16.9077905382411,893.334270320412,10.567131977415,12.946266023689,-Inf,Inf,13.6786881193298,Served,16.9077905382411,Stable,0
245,244,5,BS2,Terrestrial,2067.2298489109,157.559022058777,1.77743836679932,4.86622417093647,893.334270320412,36.715705604187,12.9316764379474,-Inf,Inf,1.77743836679932,BelowTarget,4.86608995003012,InTransition,0.0275821461647431
245,244,6,BS2,Terrestrial,4576.26928829528,164.121911859823,-4.78545143424734,1.51968084178018,893.334270320412,117.568669125807,13.0331290241315,-Inf,Inf,-4.78545143424734,BelowTarget,1.51968084178018,Stable,0
246,245,1,BS2,Terrestrial,295.272687326099,91.3402150742832,67.9962453512927,33.994764,893.334270320412,8.75952808811392,13.0791796667149,-Inf,Inf,67.9962453512927,Served,33.994764,Stable,0
246,245,2,BS2,Terrestrial,144.900842099444,112.211986450694,47.1244739748819,33.994764,893.334270320412,8.75952808811392,13.0721655983197,-Inf,Inf,47.1244739748819,Served,33.994764,Stable,0
246,245,3,BS1,Terrestrial,158.603762337124,103.7174867475,55.6189736780761,50.992146,893.334270320412,8.75952808811392,13.0837696134152,-Inf,Inf,55.6189736780761,Served,50.992146,Stable,0
246,245,4,BS2,Terrestrial,1289.96390375941,154.365426574715,4.97103385086109,12.5464193698726,893.334270320412,23.7341094162572,13.0551708714762,-Inf,Inf,4.97103385086109,Served,12.5464193698726,Stable,0
246,245,5,BS1,Terrestrial,2496.53115061175,157.00058664734,2.33587377823574,13.2149086522988,893.334270320412,33.8002438694502,13.0405036033663,-Inf,Inf,2.33587377823574,Served,13.2144684620242,InTransition,0.0333101261755124
246,245,6,None,Outage,4576.26928829528,172.128679986885,-12.7922195613088,NaN,NaN,Inf,13.1425007400917,-Inf,Inf,-12.7922195613088,Outage,0,Outage,0
247,246,1,BS2,Terrestrial,295.272687326099,91.3052188030706,68.0312416225052,25.496073,893.334270320412,8.75952808811392,13.1888020116404,-Inf,Inf,68.0312416225052,Served,25.496073,Stable,0
247,246,2,BS2,Terrestrial,144.900842099444,112.114982670431,47.2214777551452,25.496073,893.334270320412,8.75952808811392,13.1817499059684,-Inf,Inf,47.2214777551452,Served,25.496073,Stable,0
247,246,3,BS1,Terrestrial,158.603762337124,101.280867382592,58.0555930429837,50.992146,893.334270320412,8.75952808811392,13.1934167815031,-Inf,Inf,58.0555930429837,Served,50.992146,Stable,0
247,246,4,BS2,Terrestrial,1289.96390375941,154.070330697435,5.26612972814058,9.75388242536451,893.334270320412,22.8968894477685,13.1646624359463,-Inf,Inf,5.26612972814058,Served,9.75388242536451,Stable,0
247,246,5,BS1,Terrestrial,2496.53115061175,149.411302773171,9.92515765240464,31.5502601132966,893.334270320412,14.1573202108708,13.14991665743,-Inf,Inf,9.92515765240464,Served,31.5502601132966,Stable,0
247,246,6,BS2,Terrestrial,4576.26928829528,165.020885516728,-5.68442509115195,1.58339090117729,893.334270320412,141.047651223743,13.2524641696263,-Inf,Inf,-5.68442509115195,BelowTarget,1.58339090117729,Stable,0
248,247,1,BS2,Terrestrial,295.272687326099,86.7698456855326,72.5666147400432,25.496073,893.334270320412,8.75952808811392,13.299018765567,-Inf,Inf,72.5666147400432,Served,25.496073,Stable,0
248,247,2,BS2,Terrestrial,144.900842099444,124.530044168211,34.8064162573644,25.496073,893.334270320412,8.75952808811392,13.2919282137704,-Inf,Inf,34.8064162573644,Served,25.496073,Stable,0
248,247,3,BS1,Terrestrial,158.603762337124,106.583656253823,52.7528041717527,50.992146,893.334270320412,8.75952808811392,13.3036586251148,-Inf,Inf,52.7528041717527,Served,50.992146,Stable,0
248,247,4,BS2,Terrestrial,1289.96390375941,148.579319348778,10.7571410767976,16.9362342050387,893.334270320412,13.1867311750837,13.2747470012049,-Inf,Inf,10.7571410767976,Served,16.9362342050387,Stable,0
248,247,5,BS1,Terrestrial,2496.53115061175,150.47724327313,8.85921715244564,28.6355649067343,893.334270320412,15.5983350290101,13.2599218730983,-Inf,Inf,8.85921715244564,Served,28.6355649067343,Stable,0
248,247,6,BS2,Terrestrial,4576.26928829528,166.853576258982,-7.51711583340645,1.07989758574295,893.334270320412,206.809951729314,13.3630256644534,-Inf,Inf,-7.51711583340645,BelowTarget,1.07989758574295,Stable,0
249,248,1,BS2,Terrestrial,295.272687326099,90.823941301867,68.5125191237089,50.992146,893.334270320412,8.75952808811392,13.4098363169977,-Inf,Inf,68.5125191237089,Served,50.992146,Stable,0
249,248,2,BS2,Terrestrial,144.900842099444,113.493282419618,45.8431780059583,50.992146,893.334270320412,8.75952808811392,13.40270690467,-Inf,Inf,45.8431780059583,Served,50.992146,Stable,0
249,248,3,BS1,Terrestrial,158.603762337124,101.732227028021,57.6042333975546,33.994764,893.334270320412,8.75952808811392,13.4145015363705,-Inf,Inf,57.6042333975546,Served,33.994764,Stable,0
249,248,4,BS1,Terrestrial,1684.50527938871,154.085946304636,5.25051412094024,12.9807176667415,893.334270320412,22.9400328819842,13.3854309365557,-Inf,Inf,5.25051412094024,Served,12.9804259170746,InTransition,0.0224756191750323
249,248,5,BS1,Terrestrial,2496.53115061175,145.368389778156,13.9680706474196,28.7445450940718,893.334270320412,10.359464348184,13.3705256083539,-Inf,Inf,13.9680706474196,Served,28.7445450940718,Stable,0
249,248,6,None,Outage,4576.26928829528,169.734967392336,-10.3985069667602,NaN,NaN,Inf,13.4741916625585,-Inf,Inf,-10.3985069667602,Outage,0,Outage,0
250,249,1,BS2,Terrestrial,295.272687326099,89.7428660942179,69.5935943313579,33.994764,893.334270320412,8.75952808811392,13.5212611412904,-Inf,Inf,69.5935943313579,Served,33.994764,Stable,0
250,249,2,BS2,Terrestrial,144.900842099444,111.33006898597,48.0063914396061,33.994764,893.334270320412,8.75952808811392,13.5140924483781,-Inf,Inf,48.0063914396061,Served,33.994764,Stable,0
250,249,3,BS1,Terrestrial,158.603762337124,110.163818875643,49.1726415499326,50.992146,893.334270320412,8.75952808811392,13.525951994303,-Inf,Inf,49.1726415499326,Served,50.992146,Stable,0
250,249,4,BS2,Terrestrial,1289.96390375941,152.25759622418,7.07886420139613,15.9712882061946,893.334270320412,18.6445881047534,13.496720697851,-Inf,Inf,7.07886420139613,Served,15.9710133175544,InTransition,0.0172114256958314
250,249,5,BS1,Terrestrial,2496.53115061175,148.711661268586,10.6247991569903,33.5006053473845,893.334270320412,13.3331063880336,13.4817343075503,-Inf,Inf,10.6247991569903,Served,33.5006053473845,Stable,0
250,249,6,None,Outage,4185.25875071361,170.021977258838,-10.6855168332621,NaN,NaN,Inf,13.5859686895626,-Inf,Inf,-10.6855168332621,Outage,0,Outage,0
251,250,1,BS2,Terrestrial,295.272687326099,88.7789226055972,70.5575378199786,33.994764,893.334270320412,8.75952808811392,13.6332998020383,-Inf,Inf,70.5575378199786,Served,33.994764,Stable,0
251,250,2,BS2,Terrestrial,144.900842099444,128.966250048236,30.37021037734,33.994764,893.334270320412,8.75952808811392,13.6260914027509,-Inf,Inf,30.37021037734,Served,33.994764,Stable,0
251,250,3,BS1,Terrestrial,158.603762337124,103.028368050968,56.308092374608,50.992146,893.334270320412,8.75952808811392,13.6380165662384,-Inf,Inf,56.308092374608,Served,50.992146,Stable,0
251,250,4,BS2,Terrestrial,1289.96390375941,151.736671504241,7.59978892133523,16.8652986176704,893.334270320412,17.6562595692679,13.6086228288669,-Inf,Inf,7.59978892133523,Served,16.8652986176704,Stable,0
251,250,5,BS1,Terrestrial,2496.53115061175,142.9354517065,16.4010087190754,50.3152771585677,893.334270320412,8.87736608808778,13.5935545027834,-Inf,Inf,16.4010087190754,Served,50.3152771585677,Stable,0
251,250,6,None,Outage,4576.26928829528,172.022139961213,-12.685679535637,NaN,NaN,Inf,13.6983633601164,-Inf,Inf,-12.685679535637,Outage,0,Outage,0
252,251,1,BS2,Terrestrial,295.272687326099,90.5497193679739,68.786741057602,33.994764,893.334270320412,8.75952808811392,13.7459589524726,-Inf,Inf,68.786741057602,Served,33.994764,Stable,0
252,251,2,BS2,Terrestrial,144.900842099444,105.628804716042,53.7076557095341,33.994764,893.334270320412,8.75952808811392,13.7387104151913,-Inf,Inf,53.7076557095341,Served,33.994764,Stable,0
252,251,3,BS1,Terrestrial,158.603762337124,95.8703145029982,63.4661459225777,50.992146,893.334270320412,8.75952808811392,13.7507019092004,-Inf,Inf,63.4661459225777,Served,50.992146,Stable,0
252,251,4,BS2,Terrestrial,1289.96390375941,145.32879200998,14.0076684155954,28.8219576684336,893.334270320412,10.331639978534,13.7211439627003,-Inf,Inf,14.0076684155954,Served,28.8219576684336,Stable,0
252,251,5,BS1,Terrestrial,2496.53115061175,149.584328039721,9.75213238585513,31.0722295442741,893.334270320412,14.3751234369507,13.7059928152862,-Inf,Inf,9.75213238585513,Served,31.0722295442741,Stable,0
252,251,6,None,Outage,4576.26928829528,170.055055883081,-10.718595457505,NaN,NaN,Inf,13.8113823793162,-Inf,Inf,-10.718595457505,Outage,0,Outage,0
253,252,1,BS2,Terrestrial,295.272687326099,89.8659308060021,69.4705296195738,33.994764,893.334270320412,8.75952808811392,13.8592453368906,-Inf,Inf,69.4705296195738,Served,33.994764,Stable,0
253,252,2,BS2,Terrestrial,144.900842099444,114.139951974522,45.1965084510536,33.994764,893.334270320412,8.75952808811392,13.8519562240754,-Inf,Inf,45.1965084510536,Served,33.994764,Stable,0
253,252,3,BS1,Terrestrial,158.603762337124,121.458486254224,37.8779741713522,50.992146,893.334270320412,8.75952808811392,13.8640147713392,-Inf,Inf,37.8779741713522,Served,50.992146,Stable,0
253,252,4,BS2,Terrestrial,1289.96390375941,152.05690930402,7.2795511215555,16.3137221818918,893.334270320412,18.253227974995,13.8342908231916,-Inf,Inf,7.2795511215555,Served,16.3137221818918,Stable,0
253,252,5,BS1,Terrestrial,2496.53115061175,147.043329538848,12.2931308867279,38.2472006414874,893.334270320412,11.678426856571,13.8190559568475,-Inf,Inf,12.2931308867279,Served,38.2472006414874,Stable,0
253,252,6,None,Outage,4576.26928829528,173.239268444346,-13.9028080187705,NaN,NaN,Inf,13.9250325441461,-Inf,Inf,-13.9028080187705,Outage,0,Outage,0
254,253,1,BS2,Terrestrial,295.272687326099,90.1095059974116,69.2269544281642,25.496073,893.334270320412,8.75952808811392,13.9731657921081,-Inf,Inf,69.2269544281642,Served,25.496073,Stable,0
254,253,2,BS2,Terrestrial,144.900842099444,107.279341185117,52.0571192404584,25.496073,893.334270320412,8.75952808811392,13.9658356602027,-Inf,Inf,52.0571192404584,Served,25.496073,Stable,0
254,253,3,BS1,Terrestrial,158.603762337124,103.400089270169,55.936371155407,50.992146,893.334270320412,8.75952808811392,13.9779619933847,-Inf,Inf,55.936371155407,Served,50.992146,Stable,0
254,253,4,BS2,Terrestrial,1289.96390375941,151.183082407471,8.15337801810486,13.3746778868451,893.334270320412,16.6982389758909,13.9480702263713,-Inf,Inf,8.15337801810486,Served,13.3746778868451,Stable,0
254,253,5,BS1,Terrestrial,2496.53115061175,150.524463414711,8.8119970108647,28.5082164502944,893.334270320412,15.6680140246232,13.932750731256,-Inf,Inf,8.8119970108647,Served,28.5082164502944,Stable,0
254,253,6,BS2,Terrestrial,4576.26928829528,166.005441066929,-6.6689806413527,1.2913807598328,893.334270320412,172.941687321575,14.0393207449443,-Inf,Inf,-6.6689806413527,BelowTarget,1.2913807598328,Stable,0
255,254,1,BS2,Terrestrial,295.272687326099,92.094191991644,67.2422684339319,25.496073,893.334270320412,8.75952808811392,14.0877272489364,-Inf,Inf,67.2422684339319,Served,25.496073,Stable,0
255,254,2,BS2,Terrestrial,144.900842099444,110.529104291434,48.8073561341419,25.496073,893.334270320412,8.75952808811392,14.0803556482727,-Inf,Inf,48.8073561341419,Served,25.496073,Stable,0
255,254,3,BS1,Terrestrial,158.603762337124,105.816870898298,53.5195895272776,50.992146,893.334270320412,8.75952808811392,14.0925505101249,-Inf,Inf,53.5195895272776,Served,50.992146,Stable,0
255,254,4,BS2,Terrestrial,1289.96390375941,154.639706565441,4.69675386013486,9.09503400338163,893.334270320412,24.5555505891529,14.0624890819316,-Inf,Inf,4.69675386013486,Served,9.09503400338163,Stable,0
255,254,5,BS1,Terrestrial,2496.53115061175,148.745578299285,10.5908821262911,33.4054473302459,893.334270320412,13.3710867794842,14.0470840357684,-Inf,Inf,10.5908821262911,Served,33.4054473302459,Stable,0
255,254,6,BS2,Terrestrial,4576.26928829528,160.838470005227,-1.50200957965126,3.54341348938841,893.334270320412,63.0278030630431,14.1542539668943,-Inf,Inf,-1.50200957965126,BelowTarget,3.54341348938841,Stable,0
256,255,1,BS2,Terrestrial,295.272687326099,91.1712738654669,68.165186560109,33.994764,893.334270320412,8.75952808811392,14.2029367336858,-Inf,Inf,68.165186560109,Served,33.994764,Stable,0
256,255,2,BS2,Terrestrial,144.900842099444,114.555066547234,44.7813938783421,33.994764,893.334270320412,8.75952808811392,14.1955232083852,-Inf,Inf,44.7813938783421,Served,33.994764,Stable,0
256,255,3,BS1,Terrestrial,158.603762337124,101.542390268181,57.7940701573945,50.992146,893.334270320412,8.75952808811392,14.2077873519102,-Inf,Inf,57.7940701573945,Served,50.992146,Stable,0
256,255,4,BS2,Terrestrial,1289.96390375941,150.423734561479,8.91272586409667,19.1867104668963,893.334270320412,15.5200179113858,14.177554394724,-Inf,Inf,8.91272586409667,Served,19.1867104668963,Stable,0
256,255,5,BS1,Terrestrial,2496.53115061175,154.232444294146,5.10401613142963,19.1283684973532,893.334270320412,23.3510314913691,14.1620628626033,-Inf,Inf,5.10401613142963,Served,19.1283684973532,Stable,0
256,255,6,None,Outage,4576.26928829528,175.1049899384,-15.7685295128245,NaN,NaN,Inf,14.2698392915429,-Inf,Inf,-15.7685295128245,Outage,0,Outage,0
257,256,1,BS2,Terrestrial,295.272687326099,93.0388248218146,66.2976356037612,33.994764,893.334270320412,8.75952808811392,14.3188013696939,-Inf,Inf,66.2976356037612,Served,33.994764,Stable,0
257,256,2,BS2,Terrestrial,144.900842099444,107.689561093452,51.6468993321242,33.994764,893.334270320412,8.75952808811392,14.3113454575683,-Inf,Inf,51.6468993321242,Served,33.994764,Stable,0
257,256,3,BS1,Terrestrial,158.603762337124,103.078672938925,56.2577874866511,50.992146,893.334270320412,8.75952808811392,14.3236796461831,-Inf,Inf,56.2577874866511,Served,50.992146,Stable,0
257,256,4,BS2,Terrestrial,1289.96390375941,150.610566076803,8.72589434877247,18.8509467776771,893.334270320412,15.7964527521465,14.2932732662814,-Inf,Inf,8.72589434877247,Served,18.8509467776771,Stable,0
257,256,5,BS1,Terrestrial,2496.53115061175,148.891076518834,10.4453839067422,32.997917372689,893.334270320412,13.536222001995,14.2776943004611,-Inf,Inf,10.4453839067422,Served,32.997917372689,Stable,0
257,256,6,None,Outage,4576.26928829528,167.548965629492,-8.21250520391584,NaN,NaN,Inf,14.3860838983434,-Inf,Inf,-8.21250520391584,Outage,0,Outage,0
258,257,1,BS2,Terrestrial,295.272687326099,89.116909954113,70.2195504714629,33.994764,893.334270320412,8.75952808811392,14.4353283788813,-Inf,Inf,70.2195504714629,Served,33.994764,Stable,0
258,257,2,BS2,Terrestrial,144.900842099444,112.369985410583,46.9664750149934,33.994764,893.334270320412,8.75952808811392,14.4278296113315,-Inf,Inf,46.9664750149934,Served,33.994764,Stable,0
258,257,3,BS1,Terrestrial,158.603762337124,100.693540173286,58.6429202522898,50.992146,893.334270320412,8.75952808811392,14.4402346190346,-Inf,Inf,58.6429202522898,Served,50.992146,Stable,0
258,257,4,BS2,Terrestrial,1289.96390375941,151.17716233054,8.15929809503606,17.8433434244857,893.334270320412,16.6884693648936,14.4096528963681,-Inf,Inf,8.15929809503606,Served,17.8433434244857,Stable,0
258,257,5,BS1,Terrestrial,2496.53115061175,145.88262683687,13.4538335887058,41.6126727823504,893.334270320412,10.7339208297539,14.3939855360691,-Inf,Inf,13.4538335887058,Served,41.6126727823504,Stable,0
258,257,6,None,Outage,4576.26928829528,169.27441593531,-9.93795550973431,NaN,NaN,Inf,14.502995066226,-Inf,Inf,-9.93795550973431,Outage,0,Outage,0
259,258,1,BS2,Terrestrial,295.272687326099,89.574701581619,69.7617588439569,33.994764,893.334270320412,8.75952808811392,14.5525250833331,-Inf,Inf,69.7617588439569,Served,33.994764,Stable,0
259,258,2,BS2,Terrestrial,144.900842099444,112.170126842277,47.1663335832989,33.994764,893.334270320412,8.75952808811392,14.5449829852457,-Inf,Inf,47.1663335832989,Served,33.994764,Stable,0
259,258,3,BS1,Terrestrial,158.603762337124,100.24796258688,59.0884978386958,33.994764,893.334270320412,8.75952808811392,14.5574595967874,-Inf,Inf,59.0884978386958,Served,33.994764,Stable,0
259,258,4,BS1,Terrestrial,1684.50527938871,155.199660787745,4.1367996378311,11.2907582672877,893.334270320412,26.3736130964335,14.526700584555,-Inf,Inf,4.1367996378311,Served,11.2905045005047,InTransition,0.0224756191750323
259,258,5,BS1,Terrestrial,2496.53115061175,155.38993556986,3.94652485571632,11.013323803428,893.334270320412,27.0379855729038,14.5109438557547,-Inf,Inf,3.94652485571632,Served,11.013323803428,Stable,0
259,258,6,BS2,Terrestrial,4576.26928829528,164.126106745519,-4.78964631994347,2.53067534062121,893.334270320412,117.667440515585,14.6205801751948,-Inf,Inf,-4.78964631994347,BelowTarget,2.53067534062121,Stable,0
260,259,1,BS2,Terrestrial,295.272687326099,94.5521916858841,64.7842687396918,25.496073,893.334270320412,8.75952808811392,14.6703989069082,-Inf,Inf,64.7842687396918,Served,25.496073,Stable,0
260,259,2,BS2,Terrestrial,144.900842099444,121.665608895872,37.6708515297037,25.496073,893.334270320412,8.75952808811392,14.6628129965509,-Inf,Inf,37.6708515297037,Served,25.496073,Stable,0
260,259,3,BS1,Terrestrial,158.603762337124,99.1741272985201,60.1623331270558,50.992146,893.334270320412,8.75952808811392,14.6753620076057,-Inf,Inf,60.1623331270558,Served,50.992146,Stable,0
260,259,4,BS2,Terrestrial,1289.96390375941,156.332738365383,3.0037220601933,7.2682930690101,893.334270320412,30.727099947625,14.6444237318231,-Inf,Inf,3.0037220601933,Served,7.268167971324,InTransition,0.0172114256958314
260,259,5,BS1,Terrestrial,2496.53115061175,143.638290809488,15.698169616088,48.2239378301167,893.334270320412,9.26235299849891,14.6285766470442,-Inf,Inf,15.698169616088,Served,48.2239378301167,Stable,0
260,259,6,BS2,Terrestrial,4576.26928829528,159.265536379358,0.0709240462180105,4.64429200663431,893.334270320412,48.0877531518419,14.7388467079522,-Inf,Inf,0.0709240462180105,BelowTarget,4.64429200663431,Stable,0
261,260,1,BS2,Terrestrial,295.272687326099,87.6736447183771,71.6628157071988,25.496073,893.334270320412,8.75952808811392,14.7889573768767,-Inf,Inf,71.6628157071988,Served,25.496073,Stable,0
261,260,2,BS2,Terrestrial,144.900842099444,110.904870206015,48.4315902195607,25.496073,893.334270320412,8.75952808811392,14.7813271657914,-Inf,Inf,48.4315902195607,Served,25.496073,Stable,0
261,260,3,BS1,Terrestrial,158.603762337124,96.741678272464,62.5947821531118,50.992146,893.334270320412,8.75952808811392,14.7939493831342,-Inf,Inf,62.5947821531118,Served,50.992146,Stable,0
261,260,4,BS2,Terrestrial,1289.96390375941,149.450286146815,9.88617427876062,15.7212009235895,893.334270320412,14.2058846945333,14.7628298421937,-Inf,Inf,9.88617427876062,Served,15.7212009235895,Stable,0
261,260,5,BS1,Terrestrial,2496.53115061175,148.565470388071,10.7709900375044,33.9114333405279,893.334270320412,13.1715793512741,14.7468914002903,-Inf,Inf,10.7709900375044,Served,33.9114333405279,Stable,0
261,260,6,BS2,Terrestrial,4576.26928829528,165.008653183258,-5.6721927576819,1.58736196015236,893.334270320412,140.694796263523,14.8578022515521,-Inf,Inf,-5.6721927576819,BelowTarget,1.58736196015236,Stable,0
262,261,1,BS2,Terrestrial,295.272687326099,91.2479757114078,68.088484714168,25.496073,893.334270320412,8.75952808811392,14.9082081255839,-Inf,Inf,68.088484714168,Served,25.496073,Stable,0
262,261,2,BS2,Terrestrial,144.900842099444,112.912466806007,46.4239936195689,25.496073,893.334270320412,8.75952808811392,14.9005331184786,-Inf,Inf,46.4239936195689,Served,25.496073,Stable,0
262,261,3,BS1,Terrestrial,158.603762337124,125.377737853424,33.9587225721519,50.992146,893.334270320412,8.75952808811392,14.9132293601632,-Inf,Inf,33.9587225721519,Served,50.992146,Stable,0
262,261,4,BS2,Terrestrial,1289.96390375941,150.726278969057,8.61018145651926,13.9828833620909,893.334270320412,15.9719252315002,14.8819265243869,-Inf,Inf,8.61018145651926,Served,13.9828833620909,Stable,0
262,261,5,BS1,Terrestrial,2496.53115061175,142.420362926104,16.9160974994714,50.992146,893.334270320412,8.75952808811392,14.8658957103267,-Inf,Inf,16.9160974994714,Served,50.992146,Stable,0
262,261,6,BS2,Terrestrial,4576.26928829528,161.866735952662,-2.5302755270861,2.93804874658898,893.334270320412,76.0142485176221,14.9774544990799,-Inf,Inf,-2.5302755270861,BelowTarget,2.93804874658898,Stable,0
263,262,1,BS2,Terrestrial,295.272687326099,90.987190326831,68.3492700987448,25.496073,893.334270320412,8.75952808811392,15.0281588921446,-Inf,Inf,68.3492700987448,Served,25.496073,Stable,0
263,262,2,BS2,Terrestrial,144.900842099444,120.379057320382,38.957403105194,25.496073,893.334270320412,8.75952808811392,15.0204385867827,-Inf,Inf,38.957403105194,Served,25.496073,Stable,0
263,262,3,BS1,Terrestrial,158.603762337124,96.5057616770873,62.8306987484885,50.992146,893.334270320412,8.75952808811392,15.033209682324,-Inf,Inf,62.8306987484885,Served,50.992146,Stable,0
263,262,4,BS2,Terrestrial,1289.96390375941,145.459581535985,13.8768788895908,21.4247786428791,893.334270320412,10.4240781808185,15.0017214935091,-Inf,Inf,13.8768788895908,Served,21.4247786428791,Stable,0
263,262,5,BS1,Terrestrial,2496.53115061175,151.487639542178,7.84882088339768,25.9476484512969,893.334270320412,17.2141662855726,14.9855972781516,-Inf,Inf,7.84882088339768,Served,25.9476484512969,Stable,0
263,262,6,BS2,Terrestrial,4576.26928829528,159.834016494526,-0.497556068950615,4.22153059799014,893.334270320412,52.9034582116808,15.097811251363,-Inf,Inf,-0.497556068950615,BelowTarget,4.22153059799014,Stable,0
264,263,1,BS2,Terrestrial,295.272687326099,97.4015157085155,61.9349447170603,25.496073,893.334270320412,8.75952808811392,15.1488175241654,-Inf,Inf,61.9349447170603,Served,25.496073,Stable,0
264,263,2,BS2,Terrestrial,144.900842099444,117.956699127352,41.3797612982236,25.496073,893.334270320412,8.75952808811392,15.1410514112535,-Inf,Inf,41.3797612982236,Served,25.496073,Stable,0
264,263,3,BS1,Terrestrial,158.603762337124,101.292538354132,58.0439220714435,50.992146,893.334270320412,8.75952808811392,15.1538982018124,-Inf,Inf,58.0439220714435,Served,50.992146,Stable,0
264,263,4,BS2,Terrestrial,1289.96390375941,152.682339991571,6.65412043400525,11.4413708709082,893.334270320412,19.5198259107193,15.1222225727683,-Inf,Inf,6.65412043400525,Served,11.4413708709082,Stable,0
264,263,5,BS1,Terrestrial,2496.53115061175,148.839571423259,10.4968890023171,33.1420519733257,893.334270320412,13.4773530474125,15.1060039126397,-Inf,Inf,10.4968890023171,Served,33.1420519733257,Stable,0
264,263,6,BS2,Terrestrial,4576.26928829528,166.177124887054,-6.84066446147855,1.24574764786009,893.334270320412,179.276732301072,15.2188804187093,-Inf,Inf,-6.84066446147855,BelowTarget,1.24574764786009,Stable,0
265,264,1,BS2,Terrestrial,295.272687326099,90.4178237978256,68.9186366277502,25.496073,893.334270320412,8.75952808811392,15.2701919794966,-Inf,Inf,68.9186366277502,Served,25.496073,Stable,0
265,264,2,BS2,Terrestrial,144.900842099444,113.644664115346,45.6917963102295,25.496073,893.334270320412,8.75952808811392,15.2623795425705,-Inf,Inf,45.6917963102295,Served,25.496073,Stable,0
265,264,3,BS1,Terrestrial,158.603762337124,111.153348744368,48.183111681208,50.992146,893.334270320412,8.75952808811392,15.2753028811421,-Inf,Inf,48.183111681208,Served,50.992146,Stable,0
265,264,4,BS2,Terrestrial,1289.96390375941,144.607521905594,14.7289385199819,22.6773922198846,893.334270320412,9.84829143556787,15.2434376952196,-Inf,Inf,14.7289385199819,Served,22.6773922198846,Stable,0
265,264,5,BS1,Terrestrial,2496.53115061175,152.59547291155,6.74098751402565,23.1009636933548,893.334270320412,19.3354329754085,15.2271235322839,-Inf,Inf,6.74098751402565,Served,23.1009636933548,Stable,0
265,264,6,BS2,Terrestrial,4576.26928829528,165.893887330815,-6.55742690523951,1.32183766102645,893.334270320412,168.956880383236,15.340670022676,-Inf,Inf,-6.55742690523951,BelowTarget,1.32183766102645,Stable,0
266,265,1,BS2,Terrestrial,295.272687326099,87.8230879179651,71.5133725076108,50.992146,893.334270320412,8.75952808811392,15.3922903280141,-Inf,Inf,71.5133725076108,Served,50.992146,Stable,0
266,265,2,BS2,Terrestrial,144.900842099444,121.250408112441,38.0860523131349,50.992146,893.334270320412,8.75952808811392,15.3844310433227,-Inf,Inf,38.0860523131349,Served,50.992146,Stable,0
266,265,3,BS1,Terrestrial,158.603762337124,119.529113257281,39.8073471682951,33.994764,893.334270320412,8.75952808811392,15.3974317949276,-Inf,Inf,39.8073471682951,Served,33.994764,Stable,0
266,265,4,BS1,Terrestrial,1684.50527938871,155.422146283377,3.91431414219844,10.9666998875501,893.334270320412,27.1529350816698,15.3653749055404,-Inf,Inf,3.91431414219844,Served,10.9664534041798,InTransition,0.0224756191750323
266,265,5,BS1,Terrestrial,2496.53115061175,148.468349394838,10.8681110307374,22.7899718268063,893.334270320412,13.0661894788543,15.3489641669666,-Inf,Inf,10.8681110307374,Served,22.7899718268063,Stable,0
266,265,6,None,Outage,4576.26928829528,167.941708287861,-8.60524786228498,NaN,NaN,Inf,15.4631881978682,-Inf,Inf,-8.60524786228498,Outage,0,Outage,0
267,266,1,BS2,Terrestrial,295.272687326099,89.771545017743,69.5649154078329,25.496073,893.334270320412,8.75952808811392,15.5151207534321,-Inf,Inf,69.5649154078329,Served,25.496073,Stable,0
267,266,2,BS2,Terrestrial,144.900842099444,114.972163426676,44.3642969989001,25.496073,893.334270320412,8.75952808811392,15.5072140898189,-Inf,Inf,44.3642969989001,Served,25.496073,Stable,0
267,266,3,BS1,Terrestrial,158.603762337124,101.785864538484,57.5505958870915,50.992146,893.334270320412,8.75952808811392,15.5202931316982,-Inf,Inf,57.5505958870915,Served,50.992146,Stable,0
267,266,4,BS2,Terrestrial,1289.96390375941,156.183569723197,3.15289070237878,7.42071303614087,893.334270320412,30.0959714373011,15.4880423618355,-Inf,Inf,3.15289070237878,Served,7.42058531508983,InTransition,0.0172114256958314
267,266,5,BS1,Terrestrial,2496.53115061175,141.142810785062,18.193649640514,50.992146,893.334270320412,8.75952808811392,15.4715339597608,-Inf,Inf,18.193649640514,Served,50.992146,Stable,0
267,266,6,BS2,Terrestrial,4576.26928829528,164.598263457327,-5.26180303175124,1.72578511803791,893.334270320412,129.409835121314,15.5864431937689,-Inf,Inf,-5.26180303175124,BelowTarget,1.72578511803791,Stable,0
268,267,1,BS2,Terrestrial,295.272687326099,89.6125390802823,69.7239213452936,25.496073,893.334270320412,8.75952808811392,15.6386915551456,-Inf,Inf,69.7239213452936,Served,25.496073,Stable,0
268,267,2,BS2,Terrestrial,144.900842099444,113.370551001768,45.965909423808,25.496073,893.334270320412,8.75952808811392,15.6307369739291,-Inf,Inf,45.965909423808,Served,25.496073,Stable,0
268,267,3,BS1,Terrestrial,158.603762337124,102.557235140235,56.7792252853413,101.984292,893.334270320412,8.75952808811392,15.643895195742,-Inf,Inf,56.7792252853413,Served,101.984292,Stable,0
268,267,4,BS2,Terrestrial,1289.96390375941,150.872224198892,8.46423622668362,13.7876888889938,893.334270320412,16.1980422809208,15.6114483374735,-Inf,Inf,8.46423622668362,Served,13.7876888889938,Stable,0
268,267,5,BS2,Terrestrial,2067.2298489109,159.302612107107,0.033848318469154,4.61585564632607,893.334270320412,48.3840017306136,15.5948411687624,-Inf,Inf,0.033848318469154,BelowTarget,4.61572833112096,InTransition,0.0275821461647431
268,267,6,None,Outage,4576.26928829528,167.922074081015,-8.58561365543898,NaN,NaN,Inf,15.7104433765988,-Inf,Inf,-8.58561365543898,Outage,0,Outage,0
269,268,1,BS2,Terrestrial,295.272687326099,91.004371824266,68.3320886013099,25.496073,893.334270320412,8.75952808811392,15.7630111501055,-Inf,Inf,68.3320886013099,Served,25.496073,Stable,0
269,268,2,BS2,Terrestrial,144.900842099444,113.554735042356,45.7817253832199,25.496073,893.334270320412,8.75952808811392,15.7550081049567,-Inf,Inf,45.7817253832199,Served,25.496073,Stable,0
269,268,3,BS1,Terrestrial,158.603762337124,102.674871765394,56.6615886601814,50.992146,893.334270320412,8.75952808811392,15.768246408982,-Inf,Inf,56.6615886601814,Served,50.992146,Stable,0
269,268,4,BS2,Terrestrial,1289.96390375941,157.983672954244,1.35278747133165,5.70133224103637,893.334270320412,39.1721720710502,15.7356012229538,-Inf,Inf,1.35278747133165,Served,5.70133224103637,Stable,0
269,268,5,BS1,Terrestrial,2496.53115061175,143.919615990348,15.4168444352276,47.3892474158694,893.334270320412,9.42549543444805,15.718894168954,-Inf,Inf,15.4168444352276,Served,47.3876688740586,InTransition,0.0333101261755124
269,268,6,BS2,Terrestrial,4576.26928829528,166.835308931301,-7.49884850572508,1.08409632081924,893.334270320412,206.008971058339,15.8351972312092,-Inf,Inf,-7.49884850572508,BelowTarget,1.08409632081924,Stable,0
270,269,1,BS2,Terrestrial,295.272687326099,91.5705298241547,67.7659306014211,50.992146,893.334270320412,8.75952808811392,15.888088074725,-Inf,Inf,67.7659306014211,Served,50.992146,Stable,0
270,269,2,BS2,Terrestrial,144.900842099444,111.805791661493,47.5306687640832,50.992146,893.334270320412,8.75952808811392,15.8800360115431,-Inf,Inf,47.5306687640832,Served,50.992146,Stable,0
270,269,3,BS1,Terrestrial,158.603762337124,107.839648759951,51.4968116656249,33.994764,893.334270320412,8.75952808811392,15.8933553128839,-Inf,Inf,51.4968116656249,Served,33.994764,Stable,0
270,269,4,BS1,Terrestrial,1684.50527938871,152.404851986516,6.93160843906023,15.7216627070288,893.334270320412,18.940623244237,15.8605095278062,-Inf,Inf,6.93160843906023,Served,15.721309352925,InTransition,0.0224756191750323
270,269,5,BS1,Terrestrial,2496.53115061175,142.875367607114,16.4610928184618,33.6629536429109,893.334270320412,8.8458693573228,15.8437014540993,-Inf,Inf,16.4610928184618,Served,33.6629536429109,Stable,0
270,269,6,None,Outage,4576.26928829528,167.663146854441,-8.32668642886497,NaN,NaN,Inf,15.960713363006,-Inf,Inf,-8.32668642886497,Outage,0,Outage,0
271,270,1,BS2,Terrestrial,295.272687326099,88.5964856505751,70.7399747750007,33.994764,893.334270320412,8.75952808811392,16.0139309868172,-Inf,Inf,70.7399747750007,Served,33.994764,Stable,0
271,270,2,BS2,Terrestrial,144.900842099444,110.576208758152,48.7602516674241,33.994764,893.334270320412,8.75952808811392,16.0058293436037,-Inf,Inf,48.7602516674241,Served,33.994764,Stable,0
271,270,3,BS1,Terrestrial,158.603762337124,107.818015308608,51.5184451169681,50.992146,893.334270320412,8.75952808811392,16.0192305703958,-Inf,Inf,51.5184451169681,Served,50.992146,Stable,0
271,270,4,BS2,Terrestrial,1289.96390375941,155.157962866171,4.1784975594052,11.3520139548462,893.334270320412,26.2313005684496,15.9861818825212,-Inf,Inf,4.1784975594052,Served,11.3518185705015,InTransition,0.0172114256958314
271,270,5,BS1,Terrestrial,2496.53115061175,144.163213949112,15.1732464764643,46.6677091788952,893.334270320412,9.5712247937425,15.9692716386703,-Inf,Inf,15.1732464764643,Served,46.6677091788952,Stable,0
271,270,6,None,Outage,4576.26928829528,167.538028784495,-8.20156835891868,NaN,NaN,Inf,16.087000499906,-Inf,Inf,-8.20156835891868,Outage,0,Outage,0
272,271,1,BS2,Terrestrial,295.272687326099,91.8275290298093,67.5089313957666,25.496073,893.334270320412,8.75952808811392,16.1405486675674,-Inf,Inf,67.5089313957666,Served,25.496073,Stable,0
272,271,2,BS2,Terrestrial,144.900842099444,116.822809268817,42.5136511567584,25.496073,893.334270320412,8.75952808811392,16.1323968742973,-Inf,Inf,42.5136511567584,Served,25.496073,Stable,0
272,271,3,BS1,Terrestrial,158.603762337124,103.229787166351,56.1066732592248,50.992146,893.334270320412,8.75952808811392,16.1458809679205,-Inf,Inf,56.1066732592248,Served,50.992146,Stable,0
272,271,4,BS2,Terrestrial,1289.96390375941,155.301896311695,4.03456411388095,8.35594804053853,893.334270320412,26.7274959701293,16.1126270405145,-Inf,Inf,4.03456411388095,Served,8.35594804053853,Stable,0
272,271,5,BS1,Terrestrial,2496.53115061175,151.643886686219,7.69257373935721,25.5393843949239,893.334270320412,17.4893461899177,16.0956134598069,-Inf,Inf,7.69257373935721,Served,25.5393843949239,Stable,0
272,271,6,BS2,Terrestrial,4576.26928829528,158.321958179255,1.01450224632134,5.40850482403157,893.334270320412,41.2930328891946,16.2140674943272,-Inf,Inf,1.01450224632134,BelowTarget,5.40850482403157,Stable,0
273,272,1,BS2,Terrestrial,295.272687326099,89.6593453328052,69.6771150927706,25.496073,893.334270320412,8.75952808811392,16.2679500235373,-Inf,Inf,69.6771150927706,Served,25.496073,Stable,0
273,272,2,BS2,Terrestrial,144.900842099444,109.078392952475,50.2580674731009,25.496073,893.334270320412,8.75952808811392,16.2597475020284,-Inf,Inf,50.2580674731009,Served,25.496073,Stable,0
273,272,3,BS1,Terrestrial,158.603762337124,99.5949721153959,59.74148831018,101.984292,893.334270320412,8.75952808811392,16.2733154173221,-Inf,Inf,59.74148831018,Served,101.984292,Stable,0
273,272,4,BS2,Terrestrial,1289.96390375941,149.697769983194,9.63869044238183,15.3798993325994,893.334270320412,14.5211332499897,16.2398538801237,-Inf,Inf,9.63869044238183,Served,15.3798993325994,Stable,0
273,272,5,BS2,Terrestrial,2067.2298489109,158.415120929937,0.921339495638676,5.32959703319859,893.334270320412,41.904400311869,16.2227357793098,-Inf,Inf,0.921339495638676,BelowTarget,5.32945003147422,InTransition,0.0275821461647431
273,272,6,None,Outage,4576.26928829528,171.15448939686,-11.8180289712842,NaN,NaN,Inf,16.3419233252115,-Inf,Inf,-11.8180289712842,Outage,0,Outage,0
274,273,1,BS2,Terrestrial,295.272687326099,92.0044253110164,67.3320351145595,25.496073,893.334270320412,8.75952808811392,16.396144088703,-Inf,Inf,67.3320351145595,Served,25.496073,Stable,0
274,273,2,BS2,Terrestrial,144.900842099444,112.976098035085,46.3603623904913,25.496073,893.334270320412,8.75952808811392,16.387890252483,-Inf,Inf,46.3603623904913,Served,25.496073,Stable,0
274,273,3,BS1,Terrestrial,158.603762337124,107.445299266559,51.8911611590173,50.992146,893.334270320412,8.75952808811392,16.4015429579652,-Inf,Inf,51.8911611590173,Served,50.992146,Stable,0
274,273,4,BS2,Terrestrial,1289.96390375941,149.539456345778,9.79700407979794,15.5980138416131,893.334270320412,14.318077278806,16.3678714066383,-Inf,Inf,9.79700407979794,Served,15.5980138416131,Stable,0
274,273,5,BS1,Terrestrial,2496.53115061175,146.614772462586,12.7216879629903,39.4846072377741,893.334270320412,11.3124370839097,16.3506475856662,-Inf,Inf,12.7216879629903,Served,39.483292000525,InTransition,0.0333101261755124
274,273,6,BS2,Terrestrial,4576.26928829528,162.516339339237,-3.17987891366081,2.59990542364874,893.334270320412,85.9006506731594,16.4705771000818,-Inf,Inf,-3.17987891366081,BelowTarget,2.59990542364874,Stable,0
275,274,1,BS2,Terrestrial,295.272687326099,91.4477728924418,67.8886875331341,33.994764,893.334270320412,8.75952808811392,16.5251400265274,-Inf,Inf,67.8886875331341,Served,33.994764,Stable,0
275,274,2,BS2,Terrestrial,144.900842099444,119.556477748035,39.7799826775406,33.994764,893.334270320412,8.75952808811392,16.5168342806993,-Inf,Inf,39.7799826775406,Served,33.994764,Stable,0
275,274,3,BS1,Terrestrial,158.603762337124,102.980035470655,56.3564249549207,50.992146,893.334270320412,8.75952808811392,16.5305727587889,-Inf,Inf,56.3564249549207,Served,50.992146,Stable,0
275,274,4,BS2,Terrestrial,1289.96390375941,148.437585983903,10.8988744416726,22.8477963918426,893.334270320412,13.0331207876625,16.4966887543651,-Inf,Inf,10.8988744416726,Served,22.8477963918426,Stable,0
275,274,5,BS1,Terrestrial,2496.53115061175,148.196330660925,11.1401297646505,34.9534897475348,893.334270320412,12.7788995715859,16.4793579961107,-Inf,Inf,11.1401297646505,Served,34.9534897475348,Stable,0
275,274,6,None,Outage,4576.26928829528,168.121452135099,-8.78499170952358,NaN,NaN,Inf,16.6000380571343,-Inf,Inf,-8.78499170952358,Outage,0,Outage,0
276,275,1,BS2,Terrestrial,295.272687326099,88.5685776436483,70.7678827819275,33.994764,893.334270320412,8.75952808811392,16.6549471320674,-Inf,Inf,70.7678827819275,Served,33.994764,Stable,0
276,275,2,BS2,Terrestrial,144.900842099444,122.644961994367,36.6914984312085,33.994764,893.334270320412,8.75952808811392,16.6465888731716,-Inf,Inf,36.6914984312085,Served,33.994764,Stable,0
276,275,3,BS1,Terrestrial,158.603762337124,100.15423170573,59.1822287198462,50.992146,893.334270320412,8.75952808811392,16.6604141204147,-Inf,Inf,59.1822287198462,Served,50.992146,Stable,0
276,275,4,BS2,Terrestrial,1289.96390375941,154.606606575639,4.72985384993723,12.1770128945268,893.334270320412,24.4541163490634,16.6263151887264,-Inf,Inf,4.72985384993723,Served,12.1770128945268,Stable,0
276,275,5,BS1,Terrestrial,2496.53115061175,146.27776135049,13.0586990750858,40.4620773646862,893.334270320412,11.0391547901601,16.6088762587188,-Inf,Inf,13.0586990750858,Served,40.4620773646862,Stable,0
276,275,6,None,Outage,4576.26928829528,175.751079022735,-16.4146185971591,NaN,NaN,Inf,16.7303155673636,-Inf,Inf,-16.4146185971591,Outage,0,Outage,0
277,276,1,BS2,Terrestrial,295.272687326099,90.0490758681313,69.2873845574446,33.994764,893.334270320412,8.75952808811392,16.7855748341157,-Inf,Inf,69.2873845574446,Served,33.994764,Stable,0
277,276,2,BS2,Terrestrial,144.900842099444,110.721659191304,48.6148012342716,33.994764,893.334270320412,8.75952808811392,16.7771634499907,-Inf,Inf,48.6148012342716,Served,33.994764,Stable,0
277,276,3,BS1,Terrestrial,158.603762337124,101.933185322816,57.4032751027595,50.992146,893.334270320412,8.75952808811392,16.7910764772906,-Inf,Inf,57.4032751027595,Served,50.992146,Stable,0
277,276,4,BS2,Terrestrial,1289.96390375941,157.273321720002,2.06313870557358,8.46396528337518,893.334270320412,35.1818657257132,16.7567601083942,-Inf,Inf,2.06313870557358,Served,8.46396528337518,Stable,0
277,276,5,BS1,Terrestrial,2496.53115061175,154.834726207232,4.50173421834342,17.7484929860074,893.334270320412,25.1664823324634,16.7392117545379,-Inf,Inf,4.50173421834342,Served,17.7484929860074,Stable,0
277,276,6,None,Outage,4576.26928829528,172.73715111013,-13.4006906845541,NaN,NaN,Inf,16.8614191367252,-Inf,Inf,-13.4006906845541,Outage,0,Outage,0
278,277,1,BS2,Terrestrial,295.272687326099,92.6930862975317,66.6433741280441,33.994764,893.334270320412,8.75952808811392,16.9170326973785,-Inf,Inf,66.6433741280441,Served,33.994764,Stable,0
278,277,2,BS2,Terrestrial,144.900842099444,127.414142971339,31.9223174542371,33.994764,893.334270320412,8.75952808811392,16.9085675670189,-Inf,Inf,31.9223174542371,Served,33.994764,Stable,0
278,277,3,BS1,Terrestrial,158.603762337124,99.6176282020286,59.7188322235473,50.992146,893.334270320412,8.75952808811392,16.9225693998702,-Inf,Inf,59.7188322235473,Served,50.992146,Stable,0
278,277,4,BS2,Terrestrial,1289.96390375941,163.853648521145,-4.51718809556871,2.67199810442311,893.334270320412,111.443975058917,16.8880330474602,-Inf,Inf,-4.51718809556871,BelowTarget,2.67199810442311,Stable,0
278,277,5,BS1,Terrestrial,2496.53115061175,157.288112776472,2.04834764910419,12.6681547922096,893.334270320412,35.2590525208049,16.8703739997509,-Inf,Inf,2.04834764910419,Served,12.6681547922096,Stable,0
278,277,6,None,Outage,4185.25875071361,170.719874936413,-11.383414510837,NaN,NaN,Inf,16.9933584083331,-Inf,Inf,-11.383414510837,Outage,0,Outage,0
279,278,1,BS2,Terrestrial,295.272687326099,92.8134126985184,66.5230477270575,50.992146,893.334270320412,8.75952808811392,17.0493304246891,-Inf,Inf,66.5230477270575,Served,50.992146,Stable,0
279,278,2,BS2,Terrestrial,144.900842099444,109.768236697053,49.5682237285227,50.992146,893.334270320412,8.75952808811392,17.0408109181013,-Inf,Inf,49.5682237285227,Served,50.992146,Stable,0
279,278,3,BS1,Terrestrial,158.603762337124,113.462738904059,45.8737215215172,33.994764,893.334270320412,8.75952808811392,17.0549025968273,-Inf,Inf,45.8737215215172,Served,33.994764,Stable,0
279,278,4,BS1,Terrestrial,1684.50527938871,157.763310013309,1.5731504122667,7.86315136313037,893.334270320412,37.8700696902593,17.0201436776401,-Inf,Inf,1.5731504122667,Served,7.86297463393481,InTransition,0.0224756191750323
279,278,5,BS1,Terrestrial,2496.53115061175,146.988929757459,12.3475306681164,25.6026064896654,893.334270320412,11.63077244604,17.0023726478777,-Inf,Inf,12.3475306681164,Served,25.6026064896654,Stable,0
279,278,6,None,Outage,4576.26928829528,169.355036547087,-10.0185761215111,NaN,NaN,Inf,17.1261431646928,-Inf,Inf,-10.0185761215111,Outage,0,Outage,0
280,279,1,BS2,Terrestrial,295.272687326099,91.3775643656175,67.9588960599584,25.496073,893.334270320412,8.75952808811392,17.1824778592582,-Inf,Inf,67.9588960599584,Served,25.496073,Stable,0
280,279,2,BS2,Terrestrial,144.900842099444,128.207210015544,31.1292504100323,25.496073,893.334270320412,8.75952808811392,17.1739033373138,-Inf,Inf,31.1292504100323,Served,25.496073,Stable,0
280,279,3,BS1,Terrestrial,158.603762337124,106.84634327304,52.4901171525354,50.992146,893.334270320412,8.75952808811392,17.1880859173082,-Inf,Inf,52.4901171525354,Served,50.992146,Stable,0
280,279,4,BS2,Terrestrial,1289.96390375941,149.489498298598,9.84696212697747,15.6670007482141,893.334270320412,14.2550301215477,17.1531018105164,-Inf,Inf,9.84696212697747,Served,15.6667310967949,InTransition,0.0172114256958314
280,279,5,BS1,Terrestrial,2496.53115061175,149.259434189629,10.077026235947,31.9712934133585,893.334270320412,13.9708809833004,17.1352174920123,-Inf,Inf,10.077026235947,Served,31.9712934133585,Stable,0
280,279,6,BS2,Terrestrial,4576.26928829528,163.473586423262,-4.1371259976857,2.16028289697528,893.334270320412,103.381630198898,17.2597833299728,-Inf,Inf,-4.1371259976857,BelowTarget,2.16028289697528,Stable,0
281,280,1,BS2,Terrestrial,295.272687326099,90.0086073249619,69.3278531006139,33.994764,893.334270320412,8.75952808811392,17.316484986961,-Inf,Inf,69.3278531006139,Served,33.994764,Stable,0
281,280,2,BS2,Terrestrial,144.900842099444,111.054145464008,48.2823149615684,33.994764,893.334270320412,8.75952808811392,17.3078548012473,-Inf,Inf,48.2823149615684,Served,33.994764,Stable,0
281,280,3,BS1,Terrestrial,158.603762337124,101.663905985793,57.6725544397829,50.992146,893.334270320412,8.75952808811392,17.3221293532199,-Inf,Inf,57.6725544397829,Served,50.992146,Stable,0
281,280,4,BS2,Terrestrial,1289.96390375941,146.930815234931,12.4056451906444,25.7142928159668,893.334270320412,11.5802558615147,17.2869173998164,-Inf,Inf,12.4056451906444,Served,25.7142928159668,Stable,0
281,280,5,BS1,Terrestrial,2496.53115061175,146.697908445032,12.6385519805438,39.2440592071017,893.334270320412,11.3817771195131,17.2689184670968,-Inf,Inf,12.6385519805438,Served,39.2440592071017,Stable,0
281,280,6,None,Outage,4185.25875071361,176.482469765292,-17.1460093397161,NaN,NaN,Inf,17.3942889723115,-Inf,Inf,-17.1460093397161,Outage,0,Outage,0
282,281,1,BS2,Terrestrial,295.272687326099,89.1868884780743,70.1495719475016,50.992146,893.334270320412,8.75952808811392,17.4513619386616,-Inf,Inf,70.1495719475016,Served,50.992146,Stable,0
282,281,2,BS2,Terrestrial,144.900842099444,110.499631127944,48.8368292976314,50.992146,893.334270320412,8.75952808811392,17.4426754313306,-Inf,Inf,48.8368292976314,Served,50.992146,Stable,0
282,281,3,BS1,Terrestrial,158.603762337124,108.592719365414,50.7437410601614,33.994764,893.334270320412,8.75952808811392,17.4570430415568,-Inf,Inf,50.7437410601614,Served,33.994764,Stable,0
282,281,4,BS1,Terrestrial,1684.50527938871,151.353826241092,7.98263418448383,17.5326310488401,893.334270320412,16.9842215510777,17.4216005437283,-Inf,Inf,7.98263418448383,Served,17.5322369921015,InTransition,0.0224756191750323
282,281,5,BS1,Terrestrial,2496.53115061175,142.354544609913,16.9819158156627,33.994764,893.334270320412,8.75952808811392,17.4034856522323,-Inf,Inf,16.9819158156627,Served,33.994764,Stable,0
282,281,6,None,Outage,4576.26928829528,170.263327930862,-10.9268675052859,NaN,NaN,Inf,17.5296703061632,-Inf,Inf,-10.9268675052859,Outage,0,Outage,0
283,282,1,BS2,Terrestrial,295.272687326099,87.7548412297187,71.5816191958571,25.496073,893.334270320412,8.75952808811392,17.5871189925751,-Inf,Inf,71.5816191958571,Served,25.496073,Stable,0
283,282,2,BS2,Terrestrial,144.900842099444,115.958485046893,43.3779753786832,25.496073,893.334270320412,8.75952808811392,17.5783754961894,-Inf,Inf,43.3779753786832,Served,25.496073,Stable,0
283,282,3,BS1,Terrestrial,158.603762337124,103.838155830706,55.4983045948697,50.992146,893.334270320412,8.75952808811392,17.5928372667637,-Inf,Inf,55.4983045948697,Served,50.992146,Stable,0
283,282,4,BS2,Terrestrial,1289.96390375941,150.894196980835,8.44226344474112,13.7583715647626,893.334270320412,16.232558230372,17.5571614872546,-Inf,Inf,8.44226344474112,Served,13.7581347635727,InTransition,0.0172114256958314
283,282,5,BS1,Terrestrial,2496.53115061175,155.871147092441,3.46531333313527,15.4909673014323,893.334270320412,28.834037698789,17.5389292730279,-Inf,Inf,3.46531333313527,Served,15.4909673014323,Stable,0
283,282,6,BS2,Terrestrial,4576.26928829528,165.116217158945,-5.77975673336871,1.5527431004942,893.334270320412,143.831627723235,17.6659376946806,-Inf,Inf,-5.77975673336871,BelowTarget,1.5527431004942,Stable,0
284,283,1,BS2,Terrestrial,295.272687326099,89.5117797498652,69.8246806757107,33.994764,893.334270320412,8.75952808811392,17.7237665766688,-Inf,Inf,69.8246806757107,Served,33.994764,Stable,0
284,283,2,BS2,Terrestrial,144.900842099444,110.292212058336,49.0442483672402,33.994764,893.334270320412,8.75952808811392,17.7149654140448,-Inf,Inf,49.0442483672402,Served,33.994764,Stable,0
284,283,3,BS1,Terrestrial,158.603762337124,104.052818688492,55.283641737084,33.994764,893.334270320412,8.75952808811392,17.7295224631387,-Inf,Inf,55.283641737084,Served,33.994764,Stable,0
284,283,4,BS1,Terrestrial,1684.50527938871,157.230001576412,2.10645884916363,8.51837164913529,893.334270320412,34.9571611068451,17.6936106246043,-Inf,Inf,2.10645884916363,Served,8.51818019345812,InTransition,0.0224756191750323
284,283,5,BS1,Terrestrial,2496.53115061175,148.124923796475,11.2115366291005,23.4372090025577,893.334270320412,12.7053562595405,17.6752597039878,-Inf,Inf,11.2115366291005,Served,23.4372090025577,Stable,0
284,283,6,BS2,Terrestrial,4576.26928829528,159.488763121355,-0.152302695778786,5.96654003850547,893.334270320412,49.9080016533993,17.8031016521375,-Inf,Inf,-0.152302695778786,Served,5.96654003850547,Stable,0
285,284,1,BS2,Terrestrial,295.272687326099,92.6986296317907,66.6378307937852,33.994764,893.334270320412,8.75952808811392,17.8613152711013,-Inf,Inf,66.6378307937852,Served,33.994764,Stable,0
285,284,2,BS2,Terrestrial,144.900842099444,115.023188045731,44.3132723798453,33.994764,893.334270320412,8.75952808811392,17.8524557551506,-Inf,Inf,44.3132723798453,Served,33.994764,Stable,0
285,284,3,BS1,Terrestrial,158.603762337124,100.529439747111,58.8070206784646,50.992146,893.334270320412,8.75952808811392,17.8671092172743,-Inf,Inf,58.8070206784646,Served,50.992146,Stable,0
285,284,4,BS2,Terrestrial,1289.96390375941,148.500190352954,10.8362700726217,22.730154488168,893.334270320412,13.1005748448305,17.8309585016229,-Inf,Inf,10.8362700726217,Served,22.7297632698029,InTransition,0.0172114256958314
285,284,5,BS1,Terrestrial,2496.53115061175,143.064435786305,16.2720246392709,49.9308725244821,893.334270320412,8.94571059100151,17.8124874709369,-Inf,Inf,16.2720246392709,Served,49.9308725244821,Stable,0
285,284,6,None,Outage,4576.26928829528,167.515376346646,-8.17891592106994,NaN,NaN,Inf,17.9411728463895,-Inf,Inf,-8.17891592106994,Outage,0,Outage,0
286,285,1,BS2,Terrestrial,295.272687326099,90.1074340240546,69.2290264015213,50.992146,893.334270320412,8.75952808811392,17.9997758107007,-Inf,Inf,69.2290264015213,Served,50.992146,Stable,0
286,285,2,BS1,Terrestrial,565.376556244471,121.908787998069,37.4276724275064,33.994764,893.334270320412,8.75952808811392,17.9908572442681,-Inf,Inf,37.4276724275064,Served,33.9945075580237,InTransition,0.00754357277719736
286,285,3,BS1,Terrestrial,158.603762337124,104.276269256691,55.0601911688848,33.994764,893.334270320412,8.75952808811392,18.005608270537,-Inf,Inf,55.0601911688848,Served,33.994764,Stable,0
286,285,4,BS2,Terrestrial,1289.96390375941,150.823012501858,8.51344792371805,27.7068338213742,893.334270320412,16.1211901020472,17.9692158182621,-Inf,Inf,8.51344792371805,Served,27.7068338213742,Stable,0
286,285,5,BS1,Terrestrial,2496.53115061175,153.966806174718,5.3696542508583,13.1678364113224,893.334270320412,22.6140484135084,17.9506232534849,-Inf,Inf,5.3696542508583,Served,13.1678364113224,Stable,0
286,285,6,None,Outage,4185.25875071361,170.475393853192,-11.1389334276158,NaN,NaN,Inf,18.0801621013736,-Inf,Inf,-11.1389334276158,Outage,0,Outage,0
287,286,1,BS2,Terrestrial,295.272687326099,93.4423732796493,65.8940871459266,33.994764,893.334270320412,8.75952808811392,18.1391590874832,-Inf,Inf,65.8940871459266,Served,33.994764,Stable,0
287,286,2,BS2,Terrestrial,144.900842099444,109.069962354393,50.2664980711826,33.994764,893.334270320412,8.75952808811392,18.1301807631828,-Inf,Inf,50.2664980711826,Served,33.9946982762661,InTransition,0.00193334873153406
287,286,3,BS1,Terrestrial,158.603762337124,95.2112373080308,64.125223117545,101.984292,893.334270320412,8.75952808811392,18.1450305215871,-Inf,Inf,64.125223117545,Served,101.984292,Stable,0
287,286,4,BS2,Terrestrial,1289.96390375941,147.353319094689,11.9831413308865,24.9042255392688,893.334270320412,11.9569303465096,18.1083934310887,-Inf,Inf,11.9831413308865,Served,24.9042255392688,Stable,0
287,286,5,None,Outage,2067.2298489109,172.262439427541,-12.9259790019652,NaN,NaN,Inf,18.0896778875311,-Inf,Inf,-12.9259790019652,Outage,0,Outage,0
287,286,6,None,Outage,4185.25875071361,176.357255611139,-17.0207951855635,NaN,NaN,Inf,18.2200803996486,-Inf,Inf,-17.0207951855635,Outage,0,Outage,0
288,287,1,BS2,Terrestrial,295.272687326099,89.8084231144803,69.5280373110956,25.496073,893.334270320412,8.75952808811392,18.2794761532106,-Inf,Inf,69.5280373110956,Served,25.496073,Stable,0
288,287,2,BS2,Terrestrial,144.900842099444,112.546549785705,46.7899106398704,25.496073,893.334270320412,8.75952808811392,18.2704373532591,-Inf,Inf,46.7899106398704,Served,25.496073,Stable,0
288,287,3,BS1,Terrestrial,158.603762337124,104.590369684394,54.7460907411816,50.992146,893.334270320412,8.75952808811392,18.285387028939,-Inf,Inf,54.7460907411816,Served,50.992146,Stable,0
288,287,4,BS2,Terrestrial,1289.96390375941,148.067612113109,11.2688483124673,17.659184789756,893.334270320412,12.6468786775287,18.2485023558332,-Inf,Inf,11.2688483124673,Served,17.659184789756,Stable,0
288,287,5,BS1,Terrestrial,2496.53115061175,143.662294143839,15.6741662817371,48.152663439151,893.334270320412,9.27606290614943,18.2296623678073,-Inf,Inf,15.6741662817371,Served,48.152663439151,Stable,0
288,287,6,BS2,Terrestrial,4576.26928829528,161.621836636923,-2.28537621134723,3.0742877969897,893.334270320412,72.6456279723675,18.3609388849752,-Inf,Inf,-2.28537621134723,BelowTarget,3.0742877969897,Stable,0
289,288,1,BS2,Terrestrial,295.272687326099,91.0660775462024,68.2703828793735,33.994764,893.334270320412,8.75952808811392,18.4207382219893,-Inf,Inf,68.2703828793735,Served,33.994764,Stable,0
289,288,2,BS2,Terrestrial,144.900842099444,115.668844390459,43.6676160351172,33.994764,893.334270320412,8.75952808811392,18.4116382180364,-Inf,Inf,43.6676160351172,Served,33.994764,Stable,0
289,288,3,BS1,Terrestrial,158.603762337124,105.585806526154,53.7506538994221,50.992146,893.334270320412,8.75952808811392,18.4266890135605,-Inf,Inf,53.7506538994221,Served,50.992146,Stable,0
289,288,4,BS2,Terrestrial,1289.96390375941,148.315527317577,11.0209331079988,23.0775262388084,893.334270320412,12.903379982125,18.3895537699794,-Inf,Inf,11.0209331079988,Served,23.0775262388084,Stable,0
289,288,5,BS1,Terrestrial,2496.53115061175,148.469450002055,10.8670104235205,34.1818554589441,893.334270320412,13.0673753417716,18.3705878504629,-Inf,Inf,10.8670104235205,Served,34.1818554589441,Stable,0
289,288,6,None,Outage,4185.25875071361,168.936382964475,-9.59992253889953,NaN,NaN,Inf,18.5027488649365,-Inf,Inf,-9.59992253889953,Outage,0,Outage,0
290,289,1,BS2,Terrestrial,295.272687326099,93.1336242793181,66.2028361462578,33.994764,893.334270320412,8.75952808811392,18.5629566729086,-Inf,Inf,66.2028361462578,Served,33.994764,Stable,0
290,289,2,BS2,Terrestrial,144.900842099444,113.358582629693,45.9778777958826,33.994764,893.334270320412,8.75952808811392,18.5537947258651,-Inf,Inf,45.9778777958826,Served,33.994764,Stable,0
290,289,3,BS1,Terrestrial,158.603762337124,100.335043906552,59.0014165190237,50.992146,893.334270320412,8.75952808811392,18.5689478615142,-Inf,Inf,59.0014165190237,Served,50.992146,Stable,0
290,289,4,BS2,Terrestrial,1289.96390375941,148.923377167625,10.4130832579512,21.9383983946459,893.334270320412,13.573374170262,18.531559015393,-Inf,Inf,10.4130832579512,Served,21.9383983946459,Stable,0
290,289,5,BS1,Terrestrial,2496.53115061175,148.445093893597,10.8913665319787,34.2505219069636,893.334270320412,13.0411774855143,18.5124656556882,-Inf,Inf,10.8913665319787,Served,34.2505219069636,Stable,0
290,289,6,None,Outage,4185.25875071361,170.336346776663,-10.9998863510869,NaN,NaN,Inf,18.6455218135992,-Inf,Inf,-10.9998863510869,Outage,0,Outage,0
291,290,1,BS2,Terrestrial,295.272687326099,91.3662849206416,67.9701755049343,33.994764,893.334270320412,8.75952808811392,18.7061430527214,-Inf,Inf,67.9701755049343,Served,33.994764,Stable,0
291,290,2,BS2,Terrestrial,144.900842099444,112.176094628406,47.1603657971702,33.994764,893.334270320412,8.75952808811392,18.6969184125844,-Inf,Inf,47.1603657971702,Served,33.994764,Stable,0
291,290,3,BS1,Terrestrial,158.603762337124,98.9762309172967,60.3602295082791,50.992146,893.334270320412,8.75952808811392,18.7121751266386,-Inf,Inf,60.3602295082791,Served,50.992146,Stable,0
291,290,4,BS2,Terrestrial,1289.96390375941,156.058129033105,3.27833139247088,10.0669566887183,893.334270320412,29.5797527807499,18.6745296009933,-Inf,Inf,3.27833139247088,Served,10.0669566887183,Stable,0
291,290,5,BS1,Terrestrial,2496.53115061175,150.975540232345,8.36092019323095,27.3000019394821,893.334270320412,16.3614323599817,18.655307270381,-Inf,Inf,8.36092019323095,Served,27.3000019394821,Stable,0
291,290,6,None,Outage,4576.26928829528,170.023314194546,-10.6868537689697,NaN,NaN,Inf,18.7892693742165,-Inf,Inf,-10.6868537689697,Outage,0,Outage,0
292,291,1,BS2,Terrestrial,295.272687326099,88.7087732385635,70.6276871870124,33.994764,893.334270320412,8.75952808811392,18.8503090785661,-Inf,Inf,70.6276871870124,Served,33.994764,Stable,0
292,291,2,BS2,Terrestrial,144.900842099444,109.579179718357,49.7572807072193,33.994764,893.334270320412,8.75952808811392,18.8410209842415,-Inf,Inf,49.7572807072193,Served,33.994764,Stable,0
292,291,3,BS1,Terrestrial,158.603762337124,101.070982409771,58.2654780158048,50.992146,893.334270320412,8.75952808811392,18.8563825332725,-Inf,Inf,58.2654780158048,Served,50.992146,Stable,0
292,291,4,BS2,Terrestrial,1289.96390375941,149.750906282405,9.58555414317132,20.4091530178089,893.334270320412,14.5904188109602,18.8184772054648,-Inf,Inf,9.58555414317132,Served,20.4091530178089,Stable,0
292,291,5,BS1,Terrestrial,2496.53115061175,146.115431184428,13.221029241148,40.9341948299233,893.334270320412,10.9118339084488,18.7991243508531,-Inf,Inf,13.221029241148,Served,40.9341948299233,Stable,0
292,291,6,None,Outage,4185.25875071361,175.526947977456,-16.1904875518798,NaN,NaN,Inf,18.9340033619729,-Inf,Inf,-16.1904875518798,Outage,0,Outage,0
293,292,1,BS2,Terrestrial,295.272687326099,87.0179170305993,72.3185433949765,25.496073,893.334270320412,8.75952808811392,18.9954666407288,-Inf,Inf,72.3185433949765,Served,25.496073,Stable,0
293,292,2,BS2,Terrestrial,144.900842099444,116.0173226787,43.3191377468755,25.496073,893.334270320412,8.75952808811392,18.9861143198514,-Inf,Inf,43.3191377468755,Served,25.496073,Stable,0
293,292,3,BS1,Terrestrial,158.603762337124,101.5549914427,57.7814689828754,50.992146,893.334270320412,8.75952808811392,19.0015819790189,-Inf,Inf,57.7814689828754,Served,50.992146,Stable,0
293,292,4,BS2,Terrestrial,1289.96390375941,153.015342025641,6.32111839993519,11.0267275479829,893.334270320412,20.2538392835287,18.9634136800104,-Inf,Inf,6.32111839993519,Served,11.0267275479829,Stable,0
293,292,5,BS1,Terrestrial,2496.53115061175,151.753863803796,7.58259662178025,25.2532950328626,893.334270320412,17.6874793795799,18.9439287255787,-Inf,Inf,7.58259662178025,Served,25.2532950328626,Stable,0
293,292,6,BS2,Terrestrial,4576.26928829528,165.419402435987,-6.08294201041119,1.45874739470003,893.334270320412,153.099548552084,19.0797357667694,-Inf,Inf,-6.08294201041119,BelowTarget,1.45874739470003,Stable,0
294,293,1,BS2,Terrestrial,295.272687326099,91.2148205396809,68.121639885895,33.994764,893.334270320412,8.75952808811392,19.14162780545,-Inf,Inf,68.121639885895,Served,33.994764,Stable,0
294,293,2,BS2,Terrestrial,144.900842099444,113.286234228688,46.0502261968879,33.994764,893.334270320412,8.75952808811392,19.1322104742002,-Inf,Inf,46.0502261968879,Served,33.994764,Stable,0
294,293,3,BS1,Terrestrial,158.603762337124,112.705427851358,46.6310325742178,50.992146,893.334270320412,8.75952808811392,19.1477855375533,-Inf,Inf,46.6310325742178,Served,50.992146,Stable,0
294,293,4,BS2,Terrestrial,1289.96390375941,152.576658427051,6.75980199852518,15.4322195134347,893.334270320412,19.2958692589598,19.1093510511477,-Inf,Inf,6.75980199852518,Served,15.4322195134347,Stable,0
294,293,5,BS1,Terrestrial,2496.53115061175,149.81963701919,9.51682340638592,30.4250548506585,893.334270320412,14.680898271266,19.089732397985,-Inf,Inf,9.51682340638592,Served,30.4250548506585,Stable,0
294,293,6,None,Outage,4576.26928829528,166.930505634788,-7.59404520921177,NaN,NaN,Inf,19.2264787560523,-Inf,Inf,-7.59404520921177,Outage,0,Outage,0
295,294,1,BS2,Terrestrial,295.272687326099,89.5965798595067,69.7398805660691,25.496073,893.334270320412,8.75952808811392,19.2888048177713,-Inf,Inf,69.7398805660691,Served,25.496073,Stable,0
295,294,2,BS2,Terrestrial,144.900842099444,106.326295965046,53.0101644605296,25.496073,893.334270320412,8.75952808811392,19.2793216806899,-Inf,Inf,53.0101644605296,Served,25.496073,Stable,0
295,294,3,BS1,Terrestrial,158.603762337124,107.003660253114,52.3328001724615,50.992146,893.334270320412,8.75952808811392,19.295005461472,-Inf,Inf,52.3328001724615,Served,50.992146,Stable,0
295,294,4,BS2,Terrestrial,1289.96390375941,147.347092926065,11.9893674995111,18.6870974737097,893.334270320412,11.951217565719,19.2563015235466,-Inf,Inf,11.9893674995111,Served,18.6870974737097,Stable,0
295,294,5,BS1,Terrestrial,2496.53115061175,140.440940849354,18.8955195762221,50.992146,893.334270320412,8.75952808811392,19.2365475492847,-Inf,Inf,18.8955195762221,Served,50.992146,Stable,0
295,294,6,BS2,Terrestrial,4576.26928829528,163.657735696171,-4.32127527059487,2.083311875783,893.334270320412,107.20121657069,19.3742446776841,-Inf,Inf,-4.32127527059487,BelowTarget,2.083311875783,Stable,0
296,295,1,BS2,Terrestrial,295.272687326099,90.0258265331161,69.3106338924598,33.994764,893.334270320412,8.75952808811392,19.4370101044267,-Inf,Inf,69.3106338924598,Served,33.994764,Stable,0
296,295,2,BS2,Terrestrial,144.900842099444,112.032909260132,47.303551165444,33.994764,893.334270320412,8.75952808811392,19.4274603542261,-Inf,Inf,47.303551165444,Served,33.994764,Stable,0
296,295,3,BS1,Terrestrial,158.603762337124,102.562027505365,56.7744329202107,50.992146,893.334270320412,8.75952808811392,19.4432541851856,-Inf,Inf,56.7744329202107,Served,50.992146,Stable,0
296,295,4,BS2,Terrestrial,1289.96390375941,145.644982575197,13.6914778503793,28.2045853627349,893.334270320412,10.5577900287179,19.4042774829097,-Inf,Inf,13.6914778503793,Served,28.2045853627349,Stable,0
296,295,5,BS1,Terrestrial,2496.53115061175,147.170390773716,12.1660696518599,37.8816040263827,893.334270320412,11.7911357409555,19.3843865413518,-Inf,Inf,12.1660696518599,Served,37.8816040263827,Stable,0
296,295,6,None,Outage,4185.25875071361,175.861544297689,-16.5250838721134,NaN,NaN,Inf,19.5230460628568,-Inf,Inf,-16.5250838721134,Outage,0,Outage,0
297,296,1,BS2,Terrestrial,295.272687326099,87.2850500883834,72.0514103371924,25.496073,893.334270320412,8.75952808811392,19.5862562767746,-Inf,Inf,72.0514103371924,Served,25.496073,Stable,0
297,296,2,BS2,Terrestrial,144.900842099444,110.421326934279,48.9151334912966,25.496073,893.334270320412,8.75952808811392,19.5766390941478,-Inf,Inf,48.9151334912966,Served,25.496073,Stable,0
297,296,3,BS1,Terrestrial,158.603762337124,100.667090467468,58.6693699581074,50.992146,893.334270320412,8.75952808811392,19.5925443278523,-Inf,Inf,58.6693699581074,Served,50.992146,Stable,0
297,296,4,BS2,Terrestrial,1289.96390375941,146.240917150235,13.0955432753408,20.2845811728774,893.334270320412,11.0100162126455,19.5532914988952,-Inf,Inf,13.0955432753408,Served,20.2845811728774,Stable,0
297,296,5,BS1,Terrestrial,2496.53115061175,143.623713270288,15.7127471552877,48.2672287460529,893.334270320412,9.25404558671152,19.5332619196386,-Inf,Inf,15.7127471552877,Served,48.2672287460529,Stable,0
297,296,6,BS2,Terrestrial,4576.26928829528,162.190023774044,-2.85356334846847,2.76560218487544,893.334270320412,80.7540465514065,19.6728956290482,-Inf,Inf,-2.85356334846847,BelowTarget,2.76560218487544,Stable,0
298,297,1,BS2,Terrestrial,295.272687326099,93.018490158507,66.3179702670689,25.496073,893.334270320412,8.75952808811392,19.7365561337753,-Inf,Inf,66.3179702670689,Served,25.496073,Stable,0
298,297,2,BS2,Terrestrial,144.900842099444,111.665977210007,47.6704832155691,25.496073,893.334270320412,8.75952808811392,19.7268706872016,-Inf,Inf,47.6704832155691,Served,25.496073,Stable,0
298,297,3,BS1,Terrestrial,158.603762337124,106.913217017526,52.4232434080496,50.992146,893.334270320412,8.75952808811392,19.7428886963572,-Inf,Inf,52.4232434080496,Served,50.992146,Stable,0
298,297,4,BS2,Terrestrial,1289.96390375941,148.95650326917,10.3799571564057,16.407513900684,893.334270320412,13.611664078541,19.7033563280837,-Inf,Inf,10.3799571564057,Served,16.407513900684,Stable,0
298,297,5,BS1,Terrestrial,2496.53115061175,135.959868387715,23.3765920378607,50.992146,893.334270320412,8.75952808811392,19.6831864161374,-Inf,Inf,23.3765920378607,Served,50.992146,Stable,0
298,297,6,BS2,Terrestrial,4576.26928829528,164.424919049536,-5.08845862395984,1.78736289352663,893.334270320412,124.951440129456,19.8238062830211,-Inf,Inf,-5.08845862395984,BelowTarget,1.78736289352663,Stable,0
299,298,1,BS2,Terrestrial,295.272687326099,89.7692835785826,69.5671768469933,25.496073,893.334270320412,8.75952808811392,19.8879226650089,-Inf,Inf,69.5671768469933,Served,25.496073,Stable,0
299,298,2,BS2,Terrestrial,144.900842099444,110.569613406226,48.7668470193502,25.496073,893.334270320412,8.75952808811392,19.8781681105574,-Inf,Inf,48.7668470193502,Served,25.496073,Stable,0
299,298,3,BS1,Terrestrial,158.603762337124,99.8283424841664,59.5081179414094,50.992146,893.334270320412,8.75952808811392,19.8943002883329,-Inf,Inf,59.5081179414094,Served,50.992146,Stable,0
299,298,4,BS2,Terrestrial,1289.96390375941,150.878011668266,8.45844875730987,13.7799651238443,893.334270320412,16.2071213949341,19.8544849169867,-Inf,Inf,8.45844875730987,Served,13.7799651238443,Stable,0
299,298,5,BS1,Terrestrial,2496.53115061175,144.386689592526,14.9497708330501,46.0068208558835,893.334270320412,9.70871550893274,19.8341729523839,-Inf,Inf,14.9497708330501,Served,46.0068208558835,Stable,0
299,298,6,BS2,Terrestrial,4576.26928829528,165.175219942488,-5.83875951691249,1.53403924148286,893.334270320412,145.585302866321,19.9757911238663,-Inf,Inf,-5.83875951691249,BelowTarget,1.53403924148286,Stable,0
300,299,1,BS2,Terrestrial,295.272687326099,88.2435590992329,71.0929013263429,33.994764,893.334270320412,8.75952808811392,20.0403690537394,-2.59266947727949,171.567856671508,71.0929013263429,Served,33.994764,Stable,0
300,299,2,BS2,Terrestrial,144.900842099444,116.606112093774,42.7303483318023,33.994764,893.334270320412,8.75952808811392,20.0305445348691,-1.60025423126325,170.575441425491,42.7303483318023,Served,33.994764,Stable,0
300,299,3,BS1,Terrestrial,158.603762337124,104.990649813095,54.3458106124813,50.992146,893.334270320412,8.75952808811392,20.0467922952239,-0.652194433689374,169.627381627917,54.3458106124813,Served,50.992146,Stable,0
300,299,4,BS2,Terrestrial,1289.96390375941,151.098429081444,8.23803134413222,17.9823617380977,893.334270320412,16.5594538939747,20.0066904050998,2.92175754513045,166.053429649098,8.23803134413222,Served,17.9823617380977,Stable,0
300,299,5,BS1,Terrestrial,2496.53115061175,152.740314739638,6.59614568593747,22.7375314032706,893.334270320412,19.6444867843462,19.9862346425055,-Inf,Inf,6.59614568593747,Served,22.7375314032706,Stable,0
300,299,6,SAT-1,Satellite,1397480.18454435,165.417923926273,3.55726326795528,51.257999313465,188.391482363219,3.67535769804675,20.1288634460884,3.55726326795528,165.417923926273,-5.9672442617387,Served,50.3022442712224,InTransition,18.6459685325952
301,300,1,BS2,Terrestrial,295.272687326099,90.7230799932664,68.6133804323095,33.994764,893.334270320412,8.75952808811392,20.1939086800196,6.07337654431581,162.901810649912,68.6133804323095,Served,33.994764,Stable,0
301,300,2,BS2,Terrestrial,144.900842099444,118.585574548209,40.7508858773672,33.994764,893.334270320412,8.75952808811392,20.184013327377,10.3118379558866,158.663349238342,40.7508858773672,Served,33.994764,Stable,0
301,300,3,BS1,Terrestrial,158.603762337124,107.254739849026,52.0817205765502,50.992146,893.334270320412,8.75952808811392,20.2003781053946,2.78847987442884,166.186707319799,52.0817205765502,Served,50.992146,Stable,0
301,300,4,BS2,Terrestrial,1289.96390375941,156.266615170768,3.06984525480794,9.78085916440381,893.334270320412,30.4449829101445,20.1599861279979,-2.44312538511019,171.418312579338,3.06984525480794,Served,9.78085916440381,Stable,0
301,300,5,BS1,Terrestrial,2496.53115061175,149.068023204245,10.2684372213313,32.5038266853188,893.334270320412,13.7419861201129,20.1393847963106,2.28270123089439,166.692485963334,10.2684372213313,Served,32.5038266853188,Stable,0
301,300,6,None,Outage,4576.26928829528,168.582384299846,-9.24592387426972,NaN,NaN,Inf,20.2830367427346,-9.38387134920609,178.359058543434,-9.24592387426972,Outage,0,Outage,0
302,301,1,BS2,Terrestrial,295.272687326099,90.3766855827213,68.9597748428546,33.994764,893.334270320412,8.75952808811392,20.3485551238419,-25.2756558515427,194.250843045771,68.9597748428546,Served,33.994764,Stable,0
302,301,2,BS2,Terrestrial,144.900842099444,111.493606373388,47.8428540521879,33.994764,893.334270320412,8.75952808811392,20.3385880550555,-11.7526963308896,180.727883525118,47.8428540521879,Served,33.994764,Stable,0
302,301,3,BS1,Terrestrial,158.603762337124,108.941914727847,50.3945456977294,50.992146,893.334270320412,8.75952808811392,20.3550713072811,2.00416882865787,166.97101836557,50.3945456977294,Served,50.992146,Stable,0
302,301,4,BS2,Terrestrial,1289.96390375941,145.722985183049,13.6134752425267,28.0525609843348,893.334270320412,10.6150055345425,20.3143856204755,-9.16929133662026,178.144478530848,13.6134752425267,Served,28.0525609843348,Stable,0
302,301,5,BS1,Terrestrial,2496.53115061175,143.697546606469,15.6389138191072,48.0480052465921,893.334270320412,9.29626803168664,20.2936369224241,1.37420762265197,167.600979571576,15.6389138191072,Served,48.0480052465921,Stable,0
302,301,6,SAT-1,Satellite,1385062.88522095,174.679551403376,-5.70436420914803,10.306776401119,188.391482363219,18.2784097598901,20.4383247085685,-5.70436420914803,174.679551403376,-7.05205882262317,Served,10.306776401119,Stable,0
303,302,1,BS2,Terrestrial,295.272687326099,91.1351834279936,68.2012769975822,33.994764,893.334270320412,8.75952808811392,20.5043221683303,-1.73939336130766,170.714580555536,68.2012769975822,Served,33.994764,Stable,0
303,302,2,BS2,Terrestrial,144.900842099444,106.644743435565,52.6917169900112,33.994764,893.334270320412,8.75952808811392,20.4942824878026,-1.34297024633295,170.318157440561,52.6917169900112,Served,33.994764,Stable,0
303,302,3,BS1,Terrestrial,158.603762337124,103.436058587495,55.9004018380813,50.992146,893.334270320412,8.75952808811392,20.5108856925854,-2.20826089183143,171.18344808606,55.9004018380813,Served,50.992146,Stable,0
303,302,4,BS2,Terrestrial,1289.96390375941,147.629633569807,11.7068268557691,24.3769552205523,893.334270320412,12.2155571691639,20.4699026197289,2.82057573889099,166.154611455337,11.7068268557691,Served,24.3769552205523,Stable,0
303,302,5,BS1,Terrestrial,2496.53115061175,153.010406630802,6.32605379477377,22.0656600956518,893.334270320412,20.2426364416003,20.4490047314647,3.73127914693652,165.243908047292,6.32605379477377,Served,22.0656600956518,Stable,0
303,302,6,None,Outage,4185.25875071361,169.681070706985,-10.3446102814089,NaN,NaN,Inf,20.5947412432855,-14.9496832373634,183.924870431592,-10.3446102814089,Outage,0,Outage,0
304,303,1,BS2,Terrestrial,295.272687326099,91.5266331260222,67.8098272995536,33.994764,893.334270320412,8.75952808811392,20.6612238029781,3.63078831352027,165.344398880708,67.8098272995536,Served,33.994764,Stable,0
304,303,2,BS2,Terrestrial,144.900842099444,110.854044458812,48.4824159667641,33.994764,893.334270320412,8.75952808811392,20.6511106016745,4.33864739545322,164.636539798775,48.4824159667641,Served,33.994764,Stable,0
304,303,3,BS1,Terrestrial,158.603762337124,113.82443822342,45.5120222021558,50.992146,893.334270320412,8.75952808811392,20.6678352595145,-1.71467694000756,170.689864134236,45.5120222021558,Served,50.992146,Stable,0
304,303,4,BS2,Terrestrial,1289.96390375941,146.423632989456,12.9128274361195,26.6923569428295,893.334270320412,11.1559309185245,20.6265510685831,7.90048804331889,161.074699150909,12.9128274361195,Served,26.6923569428295,Stable,0
304,303,5,BS1,Terrestrial,2496.53115061175,148.379979679272,10.956480746304,34.4342385250976,893.334270320412,12.9715990331731,20.6055021392658,-3.85170360439167,172.82689079862,10.956480746304,Served,34.4342385250976,Stable,0
304,303,6,SAT-1,Satellite,1372670.96691791,165.061435476761,3.91375171746665,53.7543464804297,188.391482363219,3.50467440678134,20.7523004547728,3.91375171746665,165.061435476761,-7.66048316030833,Served,53.7543464804297,Stable,0
305,304,1,BS2,Terrestrial,295.272687326099,88.8443814662244,70.4920789593515,50.992146,893.334270320412,8.75952808811392,20.8192742269273,-3.13823267552772,172.113419869756,70.4920789593515,Served,50.992146,Stable,0
305,304,2,BS2,Terrestrial,144.900842099444,115.189841219492,44.1466192060843,50.992146,893.334270320412,8.75952808811392,20.8090865821624,-15.9896009459123,184.96478814014,44.1466192060843,Served,50.992146,Stable,0
305,304,3,BS1,Terrestrial,158.603762337124,97.0922495425244,62.2442108830514,50.992146,893.334270320412,8.75952808811392,20.8259342160622,2.08354840879889,166.891638785429,62.2442108830514,Served,50.992146,Stable,0
305,304,4,SAT-1,Satellite,1371440.18162404,162.445504090395,6.52968310383267,36.8815188317574,188.391482363219,2.55400927524982,20.7843451187615,6.52968310383267,162.445504090395,-1.910882017885,Served,36.2066413218609,InTransition,18.2985281320724
305,304,5,BS1,Terrestrial,2496.53115061175,142.641757390496,16.6947030350798,50.992146,893.334270320412,8.75952808811392,20.763143270141,4.52548782613374,164.449699368094,16.6947030350798,Served,50.992146,Stable,0
305,304,6,SAT-1,Satellite,1366484.75805489,168.275815257211,0.699371937017048,16.8125211375801,188.391482363219,5.60271362104393,20.9110166624126,0.699371937017048,168.275815257211,-11.9129359028106,Served,16.8125211375801,Stable,0
306,305,1,BS2,Terrestrial,295.272687326099,89.7295369173044,69.6069235082715,33.994764,893.334270320412,8.75952808811392,20.9784878522921,1.35300081914096,167.622186375087,69.6069235082715,Served,33.994764,Stable,0
306,305,2,BS2,Terrestrial,144.900842099444,111.610279603139,47.7261808224367,33.994764,893.334270320412,8.75952808811392,20.9682248275129,-2.65287817217828,171.628065366406,47.7261808224367,Served,33.994764,Stable,0
306,305,3,BS1,Terrestrial,158.603762337124,105.338179767349,53.9982806582273,50.992146,893.334270320412,8.75952808811392,20.985196983334,3.84167580682831,165.1335113874,53.9982806582273,Served,50.992146,Stable,0
306,305,4,BS2,Terrestrial,1289.96390375941,158.969806016945,0.366654408631291,6.50057202995839,893.334270320412,45.8079825489927,20.9432991341988,-11.2893045855542,180.264491779782,0.366654408631291,Served,6.50046014584592,InTransition,0.0172114256958314
306,305,5,BS1,Terrestrial,2496.53115061175,147.88867380145,11.4477866241255,35.826853409324,893.334270320412,12.4673838937795,20.9219424601912,-0.69247143630696,169.667658630535,11.4477866241255,Served,35.826853409324,Stable,0
306,305,6,SAT-1,Satellite,1360305.1764593,169.879786605129,-0.904599410901028,25.7267754492047,188.391482363219,7.32277866439893,21.0709044004276,-0.904599410901028,169.879786605129,-3.13676077043834,Served,25.7267754492047,Stable,0
307,306,1,BS2,Terrestrial,295.272687326099,93.0688937401635,66.2675666854124,33.994764,893.334270320412,8.75952808811392,21.1388793075261,0.446060699385612,168.529126494843,66.2675666854124,Served,33.994764,Stable,0
307,306,2,BS2,Terrestrial,144.900842099444,111.737394273841,47.5990661517347,33.994764,893.334270320412,8.75952808811392,21.1285399520925,3.88058358437746,165.094603609851,47.5990661517347,Served,33.994764,Stable,0
307,306,3,BS1,Terrestrial,158.603762337124,102.827174793319,56.5092856322565,50.992146,893.334270320412,8.75952808811392,21.1456381989156,4.38917760663361,164.586009587595,56.5092856322565,Served,50.992146,Stable,0
307,306,4,BS2,Terrestrial,1289.96390375941,153.680258969119,5.65620145645653,13.6225927933716,893.334270320412,21.8591346466507,21.1034276943979,2.73139404750705,166.243793146721,5.65620145645653,Served,13.6225927933716,Stable,0
307,306,5,BS1,Terrestrial,2496.53115061175,145.546081333534,13.7903790920421,42.5962517980907,893.334270320412,10.4860666444888,21.0819142606571,7.66896750167174,161.306219692556,13.7903790920421,Served,42.5962517980907,Stable,0
307,306,6,SAT-1,Satellite,1354132.31944529,173.274122933257,-4.29893573902865,13.6766237561731,188.391482363219,13.7747068078981,21.2319784212702,-4.29893573902865,173.274122933257,-10.1931521033963,Served,13.6766237561731,Stable,0
308,307,1,BS2,Terrestrial,295.272687326099,95.0152544837419,64.321205941834,33.994764,893.334270320412,8.75952808811392,21.3004634408305,-7.13744792934156,176.11263512357,64.321205941834,Served,33.994764,Stable,0
308,307,2,BS2,Terrestrial,144.900842099444,113.211321933462,46.1251384921139,33.994764,893.334270320412,8.75952808811392,21.2900467897931,-10.6125510134958,179.587738207724,46.1251384921139,Served,33.994764,Stable,0
308,307,3,BS1,Terrestrial,158.603762337124,107.722917691504,51.6135427340714,50.992146,893.334270320412,8.75952808811392,21.3072727202838,-4.2404252358854,173.215612430114,51.6135427340714,Served,50.992146,Stable,0
308,307,4,BS2,Terrestrial,1289.96390375941,154.761165612526,4.57529481305008,11.9429686446778,893.334270320412,24.9333393535705,21.2647455978281,-7.81712538130864,176.792312575537,4.57529481305008,Served,11.9429686446778,Stable,0
308,307,5,BS1,Terrestrial,2496.53115061175,149.844189609546,9.49227081603016,30.3577273613215,893.334270320412,14.713457626255,21.2430734413121,-1.77378136922229,170.74896856345,9.49227081603016,Served,30.3577273613215,Stable,0
308,307,6,SAT-1,Satellite,1347966.28597165,169.614187340035,-0.639000145806847,26.9329478656252,188.391482363219,6.99483336555463,21.3942536990542,-0.639000145806847,169.614187340035,-9.66207952214083,Served,26.9329478656252,Stable,0
309,308,1,BS2,Terrestrial,295.272687326099,90.0399855331736,69.2964748924022,33.994764,893.334270320412,8.75952808811392,21.4632553236073,-5.33134671979229,174.30653391402,69.2964748924022,Served,33.994764,Stable,0
309,308,2,BS2,Terrestrial,144.900842099444,119.57939968713,39.7570607384458,33.994764,893.334270320412,8.75952808811392,21.4527603974825,7.82686097726045,161.148326216968,39.7570607384458,Served,33.994764,Stable,0
309,308,3,BS1,Terrestrial,158.603762337124,96.1552135405744,63.1812468850015,50.992146,893.334270320412,8.75952808811392,21.470115628261,8.15437544737827,160.82081174685,63.1812468850015,Served,50.992146,Stable,0
309,308,4,BS2,Terrestrial,1289.96390375941,155.372141832663,3.96431859291295,11.0391222942426,893.334270320412,26.9747976487324,21.4272678653687,1.90328985579688,167.071897338431,3.96431859291295,Served,11.0391222942426,Stable,0
309,308,5,BS1,Terrestrial,2496.53115061175,145.171190180578,14.1652702449976,43.695495312293,893.334270320412,10.2222696405628,21.4054349939006,4.39109633048258,164.584090863746,14.1652702449976,Served,43.695495312293,Stable,0
309,308,6,SAT-1,Satellite,1341807.17667467,163.699325518578,5.27586167565011,63.8256374015117,188.391482363219,2.95165845627351,21.5577454330289,5.27586167565011,163.699325518578,-5.62199259956421,Served,63.8256374015117,Stable,0
310,309,1,BS2,Terrestrial,295.272687326099,91.8396058865858,67.4968545389901,50.992146,893.334270320412,8.75952808811392,21.6272702539529,6.4484021855759,162.526785008652,67.4968545389901,Served,50.992146,Stable,0
310,309,2,BS2,Terrestrial,144.900842099444,117.273636629367,42.0628237962089,50.992146,893.334270320412,8.75952808811392,21.6166960584949,6.69967857708824,162.27550861714,42.0628237962089,Served,50.992146,Stable,0
310,309,3,BS1,Terrestrial,158.603762337124,99.6473914556802,59.6890689698957,101.984292,893.334270320412,8.75952808811392,21.6341822305101,2.98145997419243,165.993727220036,59.6890689698957,Served,101.984292,Stable,0
310,309,4,SAT-1,Satellite,1340582.60022891,160.178370623476,8.7968165707525,31.0101418974581,188.391482363219,2.02505235207863,21.5910097437913,8.7968165707525,160.178370623476,3.67680004863371,Served,30.4554694158927,InTransition,17.8868088833496
310,309,5,SAT-1,Satellite,1341410.12510053,162.73144265799,6.24374453623844,23.8153129559995,188.391482363219,2.63683962095151,21.5690141356165,6.24374453623844,162.73144265799,6.20505241015078,Served,23.3890700525624,InTransition,17.8978501867519
310,309,6,SAT-1,Satellite,1335655.09390168,171.894624594305,-2.91943740007639,5.95094126021911,188.391482363219,10.5524753214296,21.7224690510947,-2.91943740007639,171.894624594305,-14.6715882391159,BelowTarget,5.95094126021911,Stable,0
311,310,1,BS2,Terrestrial,295.272687326099,89.7339420874992,69.6025183380767,25.496073,893.334270320412,8.75952808811392,21.7925237601943,-1.63901986936645,170.614207063595,69.6025183380767,Served,25.496073,Stable,0
311,310,2,BS2,Terrestrial,144.900842099444,113.512889549628,45.8235708759482,25.496073,893.334270320412,8.75952808811392,21.7818692861647,2.57560082376131,166.399586370467,45.8235708759482,Served,25.496073,Stable,0
311,310,3,BS1,Terrestrial,158.603762337124,105.465362432204,53.8710979933716,50.992146,893.334270320412,8.75952808811392,21.799488065073,0.162733730994063,168.812453463234,53.8710979933716,Served,50.992146,Stable,0
311,310,4,BS2,Terrestrial,1289.96390375941,145.761512337144,13.5749480884315,20.983136080896,893.334270320412,10.6434789689724,21.755986709287,-4.4272151053656,173.402402299594,13.5749480884315,Served,20.9827749312084,InTransition,0.0172114256958314
311,310,5,BS1,Terrestrial,2496.53115061175,148.702775892676,10.6336845329,33.5255440711802,893.334270320412,13.3231882594316,21.7338263126249,0.767828493392074,168.207358700836,10.6336845329,Served,33.5244273310771,InTransition,0.0333101261755124
311,310,6,BS2,Terrestrial,4576.26928829528,158.203796706051,1.13266371952508,5.50966702291001,893.334270320412,40.5348574880204,21.8884402133601,0.0507632801182751,168.92442391411,1.13266371952508,Served,5.50933060724227,InTransition,0.0610591649813323
312,311,1,BS2,Terrestrial,295.272687326099,89.1680467745448,70.168413651031,25.496073,893.334270320412,8.75952808811392,21.9590316044665,5.5206000972953,163.454587096933,70.168413651031,Served,25.496073,Stable,0
312,311,2,BS2,Terrestrial,144.900842099444,108.70402804781,50.6324323777655,25.496073,893.334270320412,8.75952808811392,21.9482958274012,7.47387277309048,161.501314421138,50.6324323777655,Served,25.496073,Stable,0
312,311,3,BS1,Terrestrial,158.603762337124,116.727311133117,42.609149292459,50.992146,893.334270320412,8.75952808811392,21.9660489039496,-0.267806914791493,169.24299410902,42.609149292459,Served,50.992146,Stable,0
312,311,4,BS2,Terrestrial,1289.96390375941,154.674610014196,4.66185041137987,9.05533164442442,893.334270320412,24.6632123868831,21.9222144710336,3.73024706298318,165.244940131245,4.66185041137987,Served,9.05533164442442,Stable,0
312,311,5,BS1,Terrestrial,2496.53115061175,152.290966923289,7.0454935022864,23.8718936388659,893.334270320412,18.7110055832767,21.8998872036247,3.14498166232332,165.830205531905,7.0454935022864,Served,23.8718936388659,Stable,0
312,311,6,BS2,Terrestrial,4576.26928829528,164.728651045117,-5.39219061954088,1.68069828207862,893.334270320412,132.881415993294,22.0556748157403,-9.8885956662993,178.863782860527,-5.39219061954088,BelowTarget,1.68069828207862,Stable,0
313,312,1,BS2,Terrestrial,295.272687326099,89.8162139277807,69.5202464977952,33.994764,893.334270320412,8.75952808811392,22.1268097863303,-7.84830337131078,176.823490565539,69.5202464977952,Served,33.994764,Stable,0
313,312,2,BS2,Terrestrial,144.900842099444,107.907526649669,51.4289337759073,33.994764,893.334270320412,8.75952808811392,22.1159916663037,1.88453352511158,167.090653669117,51.4289337759073,Served,33.994764,Stable,0
313,312,3,BS1,Terrestrial,158.603762337124,99.8019442261875,59.5345161993884,50.992146,893.334270320412,8.75952808811392,22.133880756717,4.99975030941957,163.975436884809,59.5345161993884,Served,50.992146,Stable,0
313,312,4,BS2,Terrestrial,1289.96390375941,149.679717514102,9.65674291147423,20.5396426772593,893.334270320412,14.49772495003,22.0897089748037,4.76776068223751,164.207426511991,9.65674291147423,Served,20.5396426772593,Stable,0
313,312,5,BS1,Terrestrial,2496.53115061175,144.944943340066,14.3915170855097,44.3606048247551,893.334270320412,10.0690046252694,22.0672127234524,2.96345067304765,166.01173652118,14.3915170855097,Served,44.3606048247551,Stable,0
313,312,6,SAT-1,Satellite,1317242.05458979,163.897735370635,5.07745182359346,62.3088731570432,188.391482363219,3.02350969962812,22.2241889935952,5.07745182359346,163.897735370635,-8.51255053440147,Served,61.213770649874,InTransition,17.5753861638479
314,313,1,BS2,Terrestrial,295.272687326099,87.3566622011957,71.9797982243802,33.994764,893.334270320412,8.75952808811392,22.2958745464309,1.09078071590559,167.884406478323,71.9797982243802,Served,33.994764,Stable,0
314,313,2,BS2,Terrestrial,144.900842099444,115.794444813828,43.5420156117478,33.994764,893.334270320412,8.75952808811392,22.2849730278171,5.58316657033808,163.39202062389,43.5420156117478,Served,33.994764,Stable,0
314,313,3,BS1,Terrestrial,158.603762337124,102.694539361658,56.6419210639183,50.992146,893.334270320412,8.75952808811392,22.3029998741896,-4.1758419814937,173.151029175722,56.6419210639183,Served,50.992146,Stable,0
314,313,4,BS2,Terrestrial,1289.96390375941,150.066849119119,9.26961130645722,19.8326219866486,893.334270320412,15.0145598654212,22.2584864066132,-16.6031650542945,185.578352248523,9.26961130645722,Served,19.8326219866486,Stable,0
314,313,5,BS1,Terrestrial,2496.53115061175,144.706201067084,14.6302593584918,45.0637669644739,893.334270320412,9.91189075499031,22.2358190267265,4.14084448432072,164.834342709907,14.6302593584918,Served,45.0637669644739,Stable,0
314,313,6,SAT-1,Satellite,1311119.13682103,165.108315020986,3.86687217324251,53.422602926639,188.391482363219,3.52643772565559,22.3939991254072,3.86687217324251,165.108315020986,-5.8664874982131,Served,53.422602926639,Stable,0
315,314,1,BS2,Terrestrial,295.272687326099,85.9563603642687,73.3801000613072,33.994764,893.334270320412,8.75952808811392,22.4662423701939,2.7535387181575,166.221648476071,73.3801000613072,Served,33.994764,Stable,0
315,314,2,BS2,Terrestrial,144.900842099444,110.986133574436,48.3503268511394,33.994764,893.334270320412,8.75952808811392,22.4552563814264,4.33584939319687,164.639337801031,48.3503268511394,Served,33.994764,Stable,0
315,314,3,BS1,Terrestrial,158.603762337124,110.338239874016,48.9982205515603,50.992146,893.334270320412,8.75952808811392,22.4734227521172,4.5296619024983,164.44552529173,48.9982205515603,Served,50.992146,Stable,0
315,314,4,BS2,Terrestrial,1289.96390375941,145.795427606497,13.5410328190784,27.9114751163973,893.334270320412,10.6686618627285,22.4285631964086,6.06162528700327,162.913561907225,13.5410328190784,Served,27.9114751163973,Stable,0
315,314,5,BS1,Terrestrial,2496.53115061175,149.466362054979,9.87009837059711,31.3979496091693,893.334270320412,14.2259969431177,22.4057225115299,7.85702245971635,161.118164734512,9.87009837059711,Served,31.3979496091693,Stable,0
315,314,6,SAT-1,Satellite,1305003.78420332,168.328702574523,0.646484619705262,33.3411344988038,188.391482363219,5.65042207456911,22.5651218364972,0.646484619705262,168.328702574523,-17.2860677420155,Served,33.3411344988038,Stable,0
316,315,1,BS2,Terrestrial,295.272687326099,88.7546656034638,70.5817948221121,33.994764,893.334270320412,8.75952808811392,22.6379299915623,-5.00086573986539,173.976052934094,70.5817948221121,Served,33.994764,Stable,0
316,315,2,BS2,Terrestrial,144.900842099444,112.013079663407,47.3233807621691,33.994764,893.334270320412,8.75952808811392,22.6268584448899,5.01662288792878,163.958564306299,47.3233807621691,Served,33.994764,Stable,0
316,315,3,BS1,Terrestrial,158.603762337124,101.960913111807,57.3755473137692,50.992146,893.334270320412,8.75952808811392,22.6451661349231,6.81235801598865,162.162829178239,57.3755473137692,Served,50.992146,Stable,0
316,315,4,BS2,Terrestrial,1289.96390375941,151.141865343373,8.19459508220299,17.9056258816072,893.334270320412,16.6304206329188,22.5999560217937,7.50565555563372,161.469531638594,8.19459508220299,Served,17.9056258816072,Stable,0
316,315,5,BS1,Terrestrial,2496.53115061175,151.67443924229,7.66202118328636,25.4597997300936,893.334270320412,17.5440160525789,22.5769398231331,6.58155488859529,162.393632305633,7.66202118328636,Served,25.4597997300936,Stable,0
316,315,6,SAT-1,Satellite,1298896.11009584,170.34732957781,-1.37214238358143,23.7005830607728,188.391482363219,7.948812140197,22.7375740027793,-1.37214238358143,170.34732957781,-18.7608984889522,Served,23.7005830607728,Stable,0
317,316,1,BS2,Terrestrial,295.272687326099,89.7531806908986,69.5832797346773,33.994764,893.334270320412,8.75952808811392,22.8109543967688,3.07384089237289,165.901346301855,69.5832797346773,Served,33.994764,Stable,0
317,316,2,BS2,Terrestrial,144.900842099444,121.290757692752,38.0457027328243,33.994764,893.334270320412,8.75952808811392,22.7997961880099,0.16909309311896,168.806094101109,38.0457027328243,Served,33.994764,Stable,0
317,316,3,BS1,Terrestrial,158.603762337124,104.78568684316,54.5507735824163,50.992146,893.334270320412,8.75952808811392,22.8182470194779,5.23957656064448,163.735610633584,54.5507735824163,Served,50.992146,Stable,0
317,316,4,BS2,Terrestrial,1289.96390375941,150.616405923381,8.72005450219461,18.8404788828058,893.334270320412,15.8052293659352,22.7726818117935,6.76397589839164,162.211211295836,8.72005450219461,Served,18.8404788828058,Stable,0
317,316,5,BS1,Terrestrial,2496.53115061175,147.007604360494,12.3288560650816,38.3501016851606,893.334270320412,11.6470912861501,22.7494878577538,0.297079603182539,168.678107591046,12.3288560650816,Served,38.3501016851606,Stable,0
317,316,6,SAT-1,Satellite,1292796.22982458,162.868474100235,6.10671309399288,70.3457470645346,188.391482363219,2.67807920485072,22.9113727545508,6.10671309399288,162.868474100235,-10.4109373980936,Served,70.3457470645346,Stable,0
318,317,1,BS2,Terrestrial,295.272687326099,90.6679414053113,68.6685190202646,33.994764,893.334270320412,8.75952808811392,22.9853328281443,2.69310968648517,166.282077507743,68.6685190202646,Served,33.994764,Stable,0
318,317,2,BS2,Terrestrial,144.900842099444,121.65009342399,37.6863670015858,33.994764,893.334270320412,8.75952808811392,22.974086836439,0.115840369464507,168.859346824764,37.6863670015858,Served,33.994764,Stable,0
318,317,3,BS1,Terrestrial,158.603762337124,107.450689817571,51.8857706080051,50.992146,893.334270320412,8.75952808811392,22.9926826589096,3.0852182872413,165.889968906987,51.8857706080051,Served,50.992146,Stable,0
318,317,4,BS2,Terrestrial,1289.96390375941,159.467755732548,-0.13129530697168,5.98754567816676,893.334270320412,49.7329133024629,22.9467577506535,-1.39239236316772,170.367579557396,-0.13129530697168,Served,5.98754567816676,Stable,0
318,317,5,BS1,Terrestrial,2496.53115061175,151.47650514954,7.85995527603572,25.9768217985685,893.334270320412,17.1948338647348,22.9233837663529,5.92425863589352,163.050928558335,7.85995527603572,Served,25.9768217985685,Stable,0
318,317,6,SAT-1,Satellite,1286704.2607221,162.123044303626,6.85214289060204,76.4095241639719,188.391482363219,2.46554973904742,23.0865354803184,6.85214289060204,162.123044303626,-13.0415305344847,Served,76.4095241639719,Stable,0
319,318,1,BS2,Terrestrial,295.272687326099,89.9479739054692,69.3884865201067,33.994764,893.334270320412,8.75952808811392,23.1610827879636,6.64167571330697,162.333511480921,69.3884865201067,Served,33.994764,Stable,0
319,318,2,BS2,Terrestrial,144.900842099444,110.44012337226,48.8963370533159,33.994764,893.334270320412,8.75952808811392,23.1497478755227,-1.07850276386057,170.053689958089,48.8963370533159,Served,33.994764,Stable,0
319,318,3,BS1,Terrestrial,158.603762337124,102.022176193452,57.3142842321239,50.992146,893.334270320412,8.75952808811392,23.1684905664507,4.5159423659847,164.459244828243,57.3142842321239,Served,50.992146,Stable,0
319,318,4,BS2,Terrestrial,1289.96390375941,148.870758987119,10.4657014384565,22.0365054802804,893.334270320412,13.5129451615309,23.1222012816765,-0.0537942146171417,169.028981408845,10.4657014384565,Served,22.0365054802804,Stable,0
319,318,5,BS1,Terrestrial,2496.53115061175,147.055406336906,12.2810540886703,38.2124258695075,893.334270320412,11.6890546725701,23.0986449584672,0.981473414574822,167.993713779653,12.2810540886703,Served,38.2124258695075,Stable,0
319,318,6,SAT-1,Satellite,1280620.32216812,171.712083137931,-2.73689594370322,18.4762934153084,188.391482363219,10.1963894017362,23.2630798306588,-2.73689594370322,171.712083137931,-8.70680647122404,Served,18.4762934153084,Stable,0
320,319,1,BS2,Terrestrial,295.272687326099,89.4586553204414,69.8778051051345,33.994764,893.334270320412,8.75952808811392,23.3382220423222,1.14373991239469,167.831447281833,69.8778051051345,Served,33.994764,Stable,0
320,319,2,BS2,Terrestrial,144.900842099444,123.913044360689,35.4234160648867,33.994764,893.334270320412,8.75952808811392,23.326797054175,6.30931554541542,162.665871648813,35.4234160648867,Served,33.994764,Stable,0
320,319,3,BS1,Terrestrial,158.603762337124,111.971884364395,47.3645760611806,50.992146,893.334270320412,8.75952808811392,23.3456885193161,-0.619710689050777,169.594897883279,47.3645760611806,Served,50.992146,Stable,0
320,319,4,BS2,Terrestrial,1289.96390375941,146.345379026733,12.9910813988428,26.8437753987816,893.334270320412,11.093003338134,23.2990301110916,-12.3098190781159,181.285006272344,12.9910813988428,Served,26.8437753987816,Stable,0
320,319,5,BS1,Terrestrial,2496.53115061175,145.130218044132,14.206242381444,43.8158502561487,893.334270320412,10.1941907448783,23.2752891060758,3.98879565808829,164.98639153614,14.206242381444,Served,43.8158502561487,Stable,0
320,319,6,SAT-1,Satellite,1274544.53563095,169.020460894738,-0.0452737005101085,29.7749939656177,188.391482363219,6.3271711349719,23.4410237221116,-0.0452737005101085,169.020460894738,-3.58516847048355,Served,29.7749939656177,Stable,0
321,320,1,BS2,Terrestrial,295.272687326099,89.8214974096984,69.5149630158775,33.994764,893.334270320412,8.75952808811392,23.5167686250473,7.12755253168694,161.847634662541,69.5149630158775,Served,33.994764,Stable,0
321,320,2,BS2,Terrestrial,144.900842099444,111.290287064447,48.0461733611288,33.994764,893.334270320412,8.75952808811392,23.5052523887863,1.83204635928334,167.143140834945,48.0461733611288,Served,33.994764,Stable,0
321,320,3,BS1,Terrestrial,158.603762337124,98.6073176915692,60.7291427340066,50.992146,893.334270320412,8.75952808811392,23.5242945626155,5.39191396236154,163.583273231867,60.7291427340066,Served,50.992146,Stable,0
321,320,4,BS2,Terrestrial,1289.96390375941,157.444706235776,1.89175418979968,8.25076180904467,893.334270320412,36.0909812934332,23.4772622119561,-9.96154169380037,178.936728888028,1.89175418979968,Served,8.25076180904467,Stable,0
321,320,5,BS1,Terrestrial,2496.53115061175,145.85270669155,13.4837537340258,41.6999868536964,893.334270320412,10.7114454670532,23.4533341474984,1.2195873645685,167.75559982966,13.4837537340258,Served,41.6999868536964,Stable,0
321,320,6,SAT-1,Satellite,1268477.02470983,162.243695903443,6.73149129078558,75.4152630781149,188.391482363219,2.49805509752162,23.6203853411033,6.73149129078558,162.243695903443,-4.18890881799902,Served,75.4152630781149,Stable,0
322,321,1,BS2,Terrestrial,295.272687326099,89.6989263135106,69.6375341120653,50.992146,893.334270320412,8.75952808811392,23.6967408416382,2.45074009255134,166.524447101677,69.6375341120653,Served,50.992146,Stable,0
322,321,2,BS2,Terrestrial,144.900842099444,117.284475026536,42.0519853990403,50.992146,893.334270320412,8.75952808811392,23.6851321671629,-2.99970921840489,171.974896412633,42.0519853990403,Served,50.992146,Stable,0
322,321,3,BS1,Terrestrial,158.603762337124,117.627285554096,41.7091748714795,33.994764,893.334270320412,8.75952808811392,23.704327013295,1.96056089392476,167.014626300303,41.7091748714795,Served,33.994764,Stable,0
322,321,4,BS1,Terrestrial,1684.50527938871,152.478796591636,6.85766383394031,15.5968475319389,893.334270320412,19.0921972851899,23.6569158280891,0.422023896776693,168.553163297451,6.85766383394031,Served,15.5964969831334,InTransition,0.0224756191750323
322,321,5,BS1,Terrestrial,2496.53115061175,151.452432241764,7.88402818381186,17.3599542913111,893.334270320412,17.1531609536465,23.6327982913265,0.928597965601966,168.046589228626,7.88402818381186,Served,17.3599542913111,Stable,0
322,321,6,SAT-1,Satellite,1262417.91517817,162.90236881905,6.07281837517846,70.0746605552579,188.391482363219,2.6884394568656,23.8011831479013,6.07281837517846,162.90236881905,-2.2029566491538,Served,70.0746605552579,Stable,0
323,322,1,BS2,Terrestrial,295.272687326099,89.9203798028067,69.4160806227692,33.994764,893.334270320412,8.75952808811392,23.8781572732364,1.73145979193518,167.243727402293,69.4160806227692,Served,33.994764,Stable,0
323,322,2,BS2,Terrestrial,144.900842099444,113.048978215519,46.2874822100572,33.994764,893.334270320412,8.75952808811392,23.8664549524942,7.47398399414615,161.501203200082,46.2874822100572,Served,33.994764,Stable,0
323,322,3,BS1,Terrestrial,158.603762337124,96.8595192419571,62.4769411836188,50.992146,893.334270320412,8.75952808811392,23.8858044641082,4.62385841291069,164.351328781317,62.4769411836188,Served,50.992146,Stable,0
323,322,4,BS2,Terrestrial,1289.96390375941,150.409312453302,8.92714797227373,19.2126983463306,893.334270320412,15.4990249021255,23.8380094780337,3.23242936327404,165.742757830954,8.92714797227373,Served,19.2123676684006,InTransition,0.0172114256958314
323,322,5,BS1,Terrestrial,2496.53115061175,142.05675891311,17.2797015124658,50.992146,893.334270320412,8.75952808811392,23.8137000203828,-10.3891808798994,179.364368074128,17.2797015124658,Served,50.992146,Stable,0
323,322,6,SAT-1,Satellite,1256367.33502769,168.782290963488,0.192896230740075,30.9718531899686,188.391482363219,6.08266742089028,23.9834358805951,0.192896230740075,168.782290963488,-4.75017053722189,Served,30.9718531899686,Stable,0
324,323,1,BS2,Terrestrial,295.272687326099,88.6296831866837,70.7067772388922,50.992146,893.334270320412,8.75952808811392,24.0610367806224,3.16143945525738,165.813747738971,70.7067772388922,Served,50.992146,Stable,0
324,323,2,BS2,Terrestrial,144.900842099444,111.827405353778,47.5090550717983,50.992146,893.334270320412,8.75952808811392,24.0492395873486,7.51887649232953,161.456310701899,47.5090550717983,Served,50.992146,Stable,0
324,323,3,BS1,Terrestrial,158.603762337124,99.13162363008,60.2048367954959,50.992146,893.334270320412,8.75952808811392,24.0687457876142,6.72909813182594,162.246089062402,60.2048367954959,Served,50.992146,Stable,0
324,323,4,SAT-1,Satellite,1255162.94653722,157.540088299352,11.4350988948758,58.4816213374784,188.391482363219,1.61068963252637,24.0205619590466,11.4350988948758,157.540088299352,7.49118766456502,Served,57.5022242619693,InTransition,16.7470917035174
324,323,5,BS1,Terrestrial,2496.53115061175,147.80752230337,11.5289381222061,36.0579246445704,893.334270320412,12.3874887299557,23.9960580957089,3.06382383559776,165.91136335863,11.5289381222061,Served,36.0579246445704,Stable,0
324,323,6,SAT-1,Satellite,1250325.41451348,171.274030091531,-2.29884289730313,10.021794544368,188.391482363219,9.39908923143363,24.1671625591036,-2.29884289730313,171.274030091531,-4.68100822165405,Served,10.021794544368,Stable,0
325,324,1,BS2,Terrestrial,295.272687326099,89.8188805689402,69.5175798566357,33.994764,893.334270320412,8.75952808811392,24.2453985082374,4.34301181832799,164.6321753759,69.5175798566357,Served,33.994764,Stable,0
325,324,2,BS2,Terrestrial,144.900842099444,112.498331071585,46.8381293539906,33.994764,893.334270320412,8.75952808811392,24.233505197693,8.86086794298978,160.114319251238,46.8381293539906,Served,33.994764,Stable,0
325,324,3,BS1,Terrestrial,158.603762337124,111.201216299823,48.1352441257531,50.992146,893.334270320412,8.75952808811392,24.2531701401997,10.1805970255293,158.794590168699,48.1352441257531,Served,50.992146,Stable,0
325,324,4,BS2,Terrestrial,1289.96390375941,152.879787032768,6.45667339280794,14.9264155364967,893.334270320412,19.949738728545,24.2045923511134,2.20092536988042,166.774261824348,6.45667339280794,Served,14.9261586316048,InTransition,0.0172114256958314
325,324,5,BS1,Terrestrial,2496.53115061175,147.399009135647,11.9374512899288,37.2253461457404,893.334270320412,11.9990055542121,24.1798915605786,0.11010271393468,168.865084480293,11.9374512899288,Served,37.2253461457404,Stable,0
325,324,6,SAT-1,Satellite,1244292.28620006,164.943232288359,4.03195490586924,54.5954004129214,188.391482363219,3.45068414075832,24.3523824892054,4.03195490586924,164.943232288359,-5.40343625930396,Served,54.5954004129214,Stable,0
326,325,1,BS2,Terrestrial,295.272687326099,89.7560436237159,69.58041680186,50.992146,893.334270320412,8.75952808811392,24.4312618882272,2.84495036194531,166.130236832283,69.58041680186,Served,50.992146,Stable,0
326,325,2,BS2,Terrestrial,144.900842099444,121.296892440915,38.0395679846609,50.992146,893.334270320412,8.75952808811392,24.4192711969357,2.03290257210287,166.942284622125,38.0395679846609,Served,50.992146,Stable,0
326,325,3,BS1,Terrestrial,158.603762337124,122.051130020486,37.2853304050903,50.992146,893.334270320412,8.75952808811392,24.4390969661243,12.4584044663219,156.516782727906,37.2853304050903,Served,50.992146,Stable,0
326,325,4,SAT-1,Satellite,1243091.16251894,156.346539282793,12.6286479114353,64.0774808149497,188.391482363219,1.4700287836477,24.3901200209865,12.6286479114353,156.346539282793,10.3515389497081,Served,63.0146902344402,InTransition,16.5860231549779
326,325,5,BS1,Terrestrial,2496.53115061175,148.189198578696,11.1472618468798,34.9736871256153,893.334270320412,12.7715197301305,24.3652197445345,4.44691074522615,164.528276449002,11.1472618468798,Served,34.9736871256153,Stable,0
326,325,6,SAT-1,Satellite,1238268.08500833,156.715433372675,12.2597538215535,62.3384077895406,188.391482363219,1.51103861201623,24.5391152665902,12.2597538215535,156.715433372675,-7.89773695019562,Served,62.3384077895406,Stable,0
327,326,1,BS2,Terrestrial,295.272687326099,89.7325640081344,69.6038964174414,33.994764,893.334270320412,8.75952808811392,24.6186466445071,2.38518647381426,166.590000720414,69.6038964174414,Served,33.994764,Stable,0
327,326,2,BS2,Terrestrial,144.900842099444,111.798570796037,47.5378896295389,33.994764,893.334270320412,8.75952808811392,24.6065572899897,-0.813116619308204,169.788303813536,47.5378896295389,Served,33.994764,Stable,0
327,326,3,BS1,Terrestrial,158.603762337124,101.727026247407,57.6094341781685,50.992146,893.334270320412,8.75952808811392,24.6265460015861,8.7219283279089,160.253258866319,57.6094341781685,Served,50.992146,Stable,0
327,326,4,BS2,Terrestrial,1289.96390375941,149.455835871383,9.88062455419274,20.9513695418719,893.334270320412,14.2128221981712,24.5771646262442,-1.21956140890194,170.19474860313,9.88062455419274,Served,20.9510089389318,InTransition,0.0172114256958314
327,326,5,BS1,Terrestrial,2496.53115061175,141.538545017733,17.797915407843,50.992146,893.334270320412,8.75952808811392,24.5520622674457,-10.6911535170243,179.666340711252,17.797915407843,Served,50.992146,Stable,0
327,326,6,SAT-1,Satellite,1232252.94826357,161.63831858845,7.33686860577768,80.4509144931923,188.391482363219,2.34169472839442,24.727380780929,7.33686860577768,161.63831858845,-5.31050464658085,Served,80.4509144931923,Stable,0
328,327,1,BS2,Terrestrial,295.272687326099,89.5493356087332,69.7871248168426,33.994764,893.334270320412,8.75952808811392,24.8075727968438,-18.2804943782998,187.255681572528,69.7871248168426,Served,33.994764,Stable,0
328,327,2,BS2,Terrestrial,144.900842099444,124.128026278524,35.2084341470523,33.994764,893.334270320412,8.75952808811392,24.7953834773535,5.62773813018731,163.347449064041,35.2084341470523,Served,33.994764,Stable,0
328,327,3,BS1,Terrestrial,158.603762337124,106.82861562945,52.5078447961263,50.992146,893.334270320412,8.75952808811392,24.8155372788035,-3.5280889383433,172.503276132571,52.5078447961263,Served,50.992146,Stable,0
328,327,4,BS2,Terrestrial,1289.96390375941,150.98282125901,8.35363916656621,18.1870843439849,893.334270320412,16.3730526825917,24.7657461193675,-2.23667766166892,171.211864855897,8.35363916656621,Served,18.1870843439849,Stable,0
328,327,5,BS1,Terrestrial,2496.53115061175,145.65441640125,13.6820440243258,42.2792897614872,893.334270320412,10.5646792479253,24.7404390435843,-3.47632577147883,172.451512965707,13.6820440243258,Served,42.2792897614872,Stable,0
328,327,6,SAT-1,Satellite,1226247.01574443,169.433626604615,-0.458439410387257,27.7759017592345,188.391482363219,6.78255143599741,24.9171992199596,-0.458439410387257,169.433626604615,-5.16809062916624,Served,27.7759017592345,Stable,0
329,328,1,BS2,Terrestrial,295.272687326099,90.9915126239058,68.34494780167,33.994764,893.334270320412,8.75952808811392,24.998060664952,-1.08452351588599,170.059710710114,68.34494780167,Served,33.994764,Stable,0
329,328,2,BS2,Terrestrial,144.900842099444,126.650089231941,32.6863711936351,33.994764,893.334270320412,8.75952808811392,24.9857700592072,-6.33877178588526,175.313958980113,32.6863711936351,Served,33.994764,Stable,0
329,328,3,BS1,Terrestrial,158.603762337124,99.6262859703088,59.7101744552671,50.992146,893.334270320412,8.75952808811392,25.006091130113,5.32365230537553,163.651534888853,59.7101744552671,Served,50.992146,Stable,0
329,328,4,BS2,Terrestrial,1289.96390375941,151.699769594959,7.63669083061649,16.9292534222955,893.334270320412,17.589558303536,24.9558847518322,3.99724258003607,164.977944614192,7.63669083061649,Served,16.9292534222955,Stable,0
329,328,5,BS1,Terrestrial,2496.53115061175,149.817099511349,9.51936091422712,30.4320153254827,893.334270320412,14.6775404252042,24.9303702857171,1.22179168470026,167.753395509528,9.51936091422712,Served,30.4320153254827,Stable,0
329,328,6,SAT-1,Satellite,1220250.4297329,163.232359921234,5.74282727299422,67.4576107551469,188.391482363219,2.79273873258022,25.1085910735852,5.74282727299422,163.232359921234,-4.97224879853738,Served,67.4576107551469,Stable,0
330,329,1,BS2,Terrestrial,295.272687326099,89.5100706376775,69.8263897878984,33.994764,893.334270320412,8.75952808811392,25.1901308726026,-0.204816310945716,169.180003505174,69.8263897878984,Served,33.994764,Stable,0
330,329,2,BS2,Terrestrial,144.900842099444,112.951184109712,46.3852763158642,33.994764,893.334270320412,8.75952808811392,25.1777376395193,4.87571225001079,164.099474944217,46.3852763158642,Served,33.994764,Stable,0
330,329,3,BS1,Terrestrial,158.603762337124,104.712614400299,54.6238460252768,50.992146,893.334270320412,8.75952808811392,25.1982281920771,-6.23275661622097,175.207943810449,54.6238460252768,Served,50.992146,Stable,0
330,329,4,BS2,Terrestrial,1289.96390375941,148.534615070746,10.8018453548301,22.6655208159152,893.334270320412,13.1379328331035,25.1476010782135,6.93227690502314,162.042910289205,10.8018453548301,Served,22.6655208159152,Stable,0
330,329,5,BS1,Terrestrial,2496.53115061175,152.51411466041,6.82234576516589,23.3060399510532,893.334270320412,19.1652951809182,25.1218765092105,5.05523177592738,163.919955418301,6.82234576516589,Served,23.3060399510532,Stable,0
330,329,6,SAT-1,Satellite,1214263.33506536,170.59583507837,-1.62064788414165,22.6735359829499,188.391482363219,8.30887085741215,25.3015771379822,-1.62064788414165,170.59583507837,-7.68204170138017,Served,22.6735359829499,Stable,0
331,330,1,BS2,Terrestrial,295.272687326099,89.7161805356493,69.6202798899266,33.994764,893.334270320412,8.75952808811392,25.3838043517393,7.61707266501378,161.358114529214,69.6202798899266,Served,33.994764,Stable,0
331,330,2,BS2,Terrestrial,144.900842099444,122.373732169321,36.9627282562552,33.994764,893.334270320412,8.75952808811392,25.3713071301635,-1.6683456864026,170.643532880631,36.9627282562552,Served,33.994764,Stable,0
331,330,3,BS1,Terrestrial,158.603762337124,104.282731795574,55.0537286300015,50.992146,893.334270320412,8.75952808811392,25.3919694096018,-3.46665378461026,172.441840978838,55.0537286300015,Served,50.992146,Stable,0
331,330,4,BS2,Terrestrial,1289.96390375941,148.536140872586,10.80031955299,22.6626569748307,893.334270320412,13.1395930511378,25.3409159602994,4.16150801127469,164.813679182953,10.80031955299,Served,22.6626569748307,Stable,0
331,330,5,BS1,Terrestrial,2496.53115061175,146.092159972919,13.2443004526573,41.0019427613985,893.334270320412,10.8938041731214,25.3149785361446,2.95153898757627,166.023648206652,13.2443004526573,Served,41.0019427613985,Stable,0
331,330,6,SAT-1,Satellite,1208285.87918468,168.305389606536,0.669797587691761,33.4660857407155,188.391482363219,5.62932527642507,25.4961785197142,0.669797587691761,168.305389606536,-3.01057494166946,Served,33.4660857407155,Stable,0
332,331,1,BS2,Terrestrial,295.272687326099,87.30561579403,72.0308446315459,25.496073,893.334270320412,8.75952808811392,25.5791023465997,-9.10365011275456,178.078837306983,72.0308446315459,Served,25.496073,Stable,0
332,331,2,BS2,Terrestrial,144.900842099444,113.469625004136,45.8668354214397,25.496073,893.334270320412,8.75952808811392,25.5664997550389,2.57018611337753,166.405001080851,45.8668354214397,Served,25.496073,Stable,0
332,331,3,BS1,Terrestrial,158.603762337124,107.373174225627,51.9632861999487,50.992146,893.334270320412,8.75952808811392,25.587336040057,5.24988237292376,163.725304821304,51.9632861999487,Served,50.992146,Stable,0
332,331,4,BS2,Terrestrial,1289.96390375941,145.54486582272,13.7915946028555,21.2999049501179,893.334270320412,10.4851908073358,25.5358505712091,0.576717699997204,168.398469494231,13.7915946028555,Served,21.2999049501179,Stable,0
332,331,5,BS1,Terrestrial,2496.53115061175,141.846454641971,17.4900057836044,50.992146,893.334270320412,8.75952808811392,25.5096974994331,7.11215660221077,161.863030592017,17.4900057836044,Served,50.992146,Stable,0
332,331,6,BS2,Terrestrial,4576.26928829528,162.415850636612,-3.07939021103573,2.65004829357041,893.334270320412,84.2752821229555,25.6924166398483,-3.12176475658762,172.096951950816,-3.07939021103573,BelowTarget,2.64988648383444,InTransition,0.0610591649813323
333,332,1,BS2,Terrestrial,295.272687326099,92.8030338836223,66.5334265419536,50.992146,893.334270320412,8.75952808811392,25.776046417838,0.0972757528108161,168.877911441417,66.5334265419536,Served,50.992146,Stable,0
333,332,2,BS2,Terrestrial,144.900842099444,113.577355925891,45.7591044996846,50.992146,893.334270320412,8.75952808811392,25.7633370541932,-2.48643065894728,171.461617853175,45.7591044996846,Served,50.992146,Stable,0
333,332,3,BS1,Terrestrial,158.603762337124,124.877169683103,34.4592907424729,50.992146,893.334270320412,8.75952808811392,25.7843496573991,-2.29154615126069,171.266733345489,34.4592907424729,Served,50.992146,Stable,0
333,332,4,SAT-1,Satellite,1201129.37333456,157.362807356681,11.6123798375475,59.3068840130995,188.391482363219,1.58827668573523,25.7324263995144,11.6123798375475,157.362807356681,9.96991381093684,Served,58.3564232723016,InTransition,16.0261453052907
333,332,5,BS1,Terrestrial,2496.53115061175,149.557778834735,9.77868159084085,31.1454623860064,893.334270320412,14.3413229710435,25.7060548469468,-0.916252370796002,169.891439565024,9.77868159084085,Served,31.1454623860064,Stable,0
333,332,6,SAT-1,Satellite,1196360.48690769,161.988744794146,6.98644240008204,38.760911285602,188.391482363219,2.43017354487738,25.8903132380696,6.98644240008204,161.988744794146,-4.72130385714627,Served,38.142189613843,InTransition,15.9625161338474
334,333,1,BS2,Terrestrial,295.272687326099,89.8408691090283,69.4955913165476,25.496073,893.334270320412,8.75952808811392,25.9746584466426,9.19802815210161,159.777159042126,69.4955913165476,Served,25.496073,Stable,0
334,333,2,BS2,Terrestrial,144.900842099444,114.319061856599,45.0173985689773,25.496073,893.334270320412,8.75952808811392,25.9618408879401,6.10097964754652,162.874207546682,45.0173985689773,Served,25.496073,Stable,0
334,333,3,BS1,Terrestrial,158.603762337124,104.88233241378,54.4541280117959,101.984292,893.334270320412,8.75952808811392,25.9830321562889,6.13772267693994,162.837464517288,54.4541280117959,Served,101.984292,Stable,0
334,333,4,BS2,Terrestrial,1289.96390375941,146.363246350991,12.9732140745845,20.1068934200077,893.334270320412,11.1073134429544,25.9306652533568,3.25006670408638,165.725120490142,12.9732140745845,Served,20.1065473517057,InTransition,0.0172114256958314
334,333,5,SAT-1,Satellite,1195972.17699363,155.19917053943,13.7760166547984,139.066053603371,188.391482363219,1.3546906486649,25.9040723456328,13.7760166547984,155.19917053943,7.71328274715574,Served,136.846929987207,InTransition,15.9573350840418
334,333,6,BS2,Terrestrial,4576.26928829528,159.966947307508,-0.630486881932342,4.12675792952223,893.334270320412,54.1184075718149,26.0898903767894,-2.843102776742,171.81828997097,-0.630486881932342,BelowTarget,4.12650595312898,InTransition,0.0610591649813323
335,334,1,BS2,Terrestrial,295.272687326099,89.0134738929812,70.3229865325947,33.994764,893.334270320412,8.75952808811392,26.1749606388494,7.60758401352956,161.367603180699,70.3229865325947,Served,33.994764,Stable,0
335,334,2,BS2,Terrestrial,144.900842099444,109.679914217759,49.6565462078166,33.994764,893.334270320412,8.75952808811392,26.1620334409736,5.26346371531076,163.711723478917,49.6565462078166,Served,33.994764,Stable,0
335,334,3,BS1,Terrestrial,158.603762337124,102.855632388207,56.4808280373689,101.984292,893.334270320412,8.75952808811392,26.1834057562032,1.18555023954397,167.789636954684,56.4808280373689,Served,101.984292,Stable,0
335,334,4,BS2,Terrestrial,1289.96390375941,148.907469976913,10.4289904486631,21.9680471021433,893.334270320412,13.5550551545272,26.1305892645605,4.44912305245776,164.52606414177,10.4289904486631,Served,21.9680471021433,Stable,0
335,334,5,SAT-1,Satellite,1190025.01076475,162.926899030531,6.04828816369675,34.939365754428,188.391482363219,2.69597742110335,26.1037720856309,6.04828816369675,162.926899030531,2.76248112825598,Served,34.939365754428,Stable,0
335,334,6,SAT-1,Satellite,1184475.48662162,165.454705017117,3.52048217711098,25.5019630389362,188.391482363219,3.69366628905359,26.2911704452446,3.52048217711098,165.454705017117,-4.94153616568539,Served,25.0989315513282,InTransition,15.8039397591732
336,335,1,BS2,Terrestrial,295.272687326099,92.0742411758861,67.2622192496898,50.992146,893.334270320412,8.75952808811392,26.3769755290386,12.7525094999389,156.222677694289,67.2622192496898,Served,50.992146,Stable,0
336,335,2,BS2,Terrestrial,144.900842099444,115.410304632599,43.9261557929773,50.992146,893.334270320412,8.75952808811392,26.3639372264653,7.53577071356071,161.439416480667,43.9261557929773,Served,50.992146,Stable,0
336,335,3,BS1,Terrestrial,158.603762337124,98.8042681043209,60.5321923212549,50.992146,893.334270320412,8.75952808811392,26.3854930055323,-10.2082557507347,179.183442944963,60.5321923212549,Served,50.992146,Stable,0
336,335,4,SAT-1,Satellite,1183292.35189603,167.240740908136,1.73444628609238,19.7498906597676,188.391482363219,4.76943102138257,26.332220892731,1.73444628609238,167.240740908136,-3.75307637713226,Served,19.438076350303,InTransition,15.7881537086037
336,335,5,BS1,Terrestrial,2496.53115061175,143.177669136683,16.1587912888924,49.5936255838814,893.334270320412,9.00654327852527,26.3051764843766,3.60058190382605,165.374605290402,16.1587912888924,Served,49.5919736139558,InTransition,0.0333101261755124
336,335,6,SAT-1,Satellite,1178548.53132712,162.500201363995,6.47498583023318,36.6588017708947,188.391482363219,2.56952591550322,26.4941761635784,6.47498583023318,162.500201363995,-13.4440911045727,Served,36.6588017708947,Stable,0
337,336,1,BS2,Terrestrial,295.272687326099,92.9126310642753,66.4238293613006,50.992146,893.334270320412,8.75952808811392,26.5807259846179,7.18208528753712,161.793101906691,66.4238293613006,Served,50.992146,Stable,0
337,336,2,BS2,Terrestrial,144.900842099444,119.012412993574,40.3240474320016,50.992146,893.334270320412,8.75952808811392,26.567575090149,2.48967240536777,166.48551478886,40.3240474320016,Served,50.992146,Stable,0
337,336,3,BS1,Terrestrial,158.603762337124,107.21662221359,52.1198382119859,50.992146,893.334270320412,8.75952808811392,26.589316785661,-6.31252502480453,175.287712219033,52.1198382119859,Served,50.992146,Stable,0
337,336,4,SAT-1,Satellite,1177367.36054132,158.968584742913,10.0066024513152,51.9213848025447,188.391482363219,1.81419932345473,26.5355829293402,10.0066024513152,158.968584742913,6.06292778616873,Served,51.9213848025447,Stable,0
337,336,5,BS1,Terrestrial,2496.53115061175,146.253925915548,13.0825345100283,40.5313484511392,893.334270320412,11.0202880542863,26.5083082906903,0.375224726712077,168.599962467516,13.0825345100283,Served,40.5313484511392,Stable,0
337,336,6,SAT-1,Satellite,1172632.15726656,169.03409428721,-0.0589070929821673,14.8537338218524,188.391482363219,6.34155306075509,26.6989305869041,-0.0589070929821673,169.03409428721,-7.09532034610393,Served,14.8537338218524,Stable,0
338,337,1,BS2,Terrestrial,295.272687326099,92.1465911011292,67.1898693244466,33.994764,893.334270320412,8.75952808811392,26.786235209881,2.75834086615848,166.21684632807,67.1898693244466,Served,33.994764,Stable,0
338,337,2,BS2,Terrestrial,144.900842099444,111.831116809949,47.5053436156268,33.994764,893.334270320412,8.75952808811392,26.7729702143807,15.1588908904875,153.816296303741,47.5053436156268,Served,33.994764,Stable,0
338,337,3,BS1,Terrestrial,158.603762337124,97.6300065741215,61.7064538514543,50.992146,893.334270320412,8.75952808811392,26.7949003150263,3.16771349482968,165.807473699398,61.7064538514543,Served,50.992146,Stable,0
338,337,4,BS2,Terrestrial,1289.96390375941,148.976457604747,10.3600028208292,21.8395297610881,893.334270320412,13.6348215078038,26.7406985017884,6.58508521012928,162.390101984099,10.3600028208292,Served,21.8391538716444,InTransition,0.0172114256958314
338,337,5,BS1,Terrestrial,2496.53115061175,155.063208048444,4.27325237713211,17.2377244306709,893.334270320412,25.9121867829292,26.7131905888453,-11.5496627976533,180.524849991881,4.27325237713211,Served,17.2377244306709,Stable,0
338,337,6,SAT-1,Satellite,1166726.5316787,157.518905990876,11.4562812033523,117.160220533973,188.391482363219,1.60798162981087,26.9054571093397,11.4562812033523,157.518905990876,-7.80452139008077,Served,117.160220533973,Stable,0
339,338,1,BS2,Terrestrial,295.272687326099,95.7427888136652,63.5936716119107,33.994764,893.334270320412,8.75952808811392,26.9935267500385,-9.19596893343311,178.171156127661,63.5936716119107,Served,33.994764,Stable,0
339,338,2,BS2,Terrestrial,144.900842099444,117.740217365579,41.5962430599965,33.994764,893.334270320412,8.75952808811392,26.9801461221712,4.67229001528997,164.302897178938,41.5962430599965,Served,33.994764,Stable,0
339,338,3,BS1,Terrestrial,158.603762337124,110.004254715495,49.3322057100804,50.992146,893.334270320412,8.75952808811392,27.0022671531469,1.16522877485298,167.809958419375,49.3322057100804,Served,50.992146,Stable,0
339,338,4,BS2,Terrestrial,1289.96390375941,147.390635404595,11.9458250209809,24.832898156841,893.334270320412,11.9912741648631,26.9475910774398,-4.86070829762451,173.835895491853,11.9458250209809,Served,24.832898156841,Stable,0
339,338,5,BS1,Terrestrial,2496.53115061175,153.156105649091,6.18035477648505,21.7064648299655,893.334270320412,20.5776084986252,26.9198468026098,2.90165145059001,166.073535743638,6.18035477648505,Served,21.7064648299655,Stable,0
339,338,6,SAT-1,Satellite,1160831.82486544,176.190616091214,-7.215428896986,7.52413087201293,188.391482363219,25.0383048311888,27.1137794680125,-7.215428896986,176.190616091214,-12.1914490353139,BelowTarget,7.52413087201293,Stable,0
340,339,1,BS2,Terrestrial,295.272687326099,92.7168918709224,66.6195685546535,33.994764,893.334270320412,8.75952808811392,27.2026244952141,-18.3084699538655,187.283657148094,66.6195685546535,Served,33.994764,Stable,0
340,339,2,BS2,Terrestrial,144.900842099444,115.635496004876,43.7009644206998,33.994764,893.334270320412,8.75952808811392,27.189126681185,5.83954191123181,163.135645282996,43.7009644206998,Served,33.994764,Stable,0
340,339,3,BS1,Terrestrial,158.603762337124,104.114201588596,55.2222588369798,50.992146,893.334270320412,8.75952808811392,27.2114412046175,-0.674420619352219,169.64960781358,55.2222588369798,Served,50.992146,Stable,0
340,339,4,BS2,Terrestrial,1289.96390375941,150.261526814055,9.07493361152049,19.4795603607244,893.334270320412,15.2866945964139,27.1562844676249,7.65053697907246,161.324650215156,9.07493361152049,Served,19.4795603607244,Stable,0
340,339,5,BS1,Terrestrial,2496.53115061175,151.469293724598,7.86716670097798,25.9957221498191,893.334270320412,17.1823322539749,27.1283006992559,6.49409734859228,162.481089845636,7.86716670097798,Served,25.9957221498191,Stable,0
340,339,6,SAT-1,Satellite,1154948.21025416,158.818209934604,10.1569772596245,105.207445446652,188.391482363219,1.79066682555985,27.3239217470237,10.1569772596245,158.818209934604,-7.54979584336266,Served,105.207445446652,Stable,0
341,340,1,BS2,Terrestrial,295.272687326099,88.5918563076265,70.7446041179494,33.994764,893.334270320412,8.75952808811392,27.4135526843998,3.9484497786562,165.026737415572,70.7446041179494,Served,33.994764,Stable,0
341,340,2,BS2,Terrestrial,144.900842099444,106.796777932257,52.5396824933186,33.994764,893.334270320412,8.75952808811392,27.3999361076978,8.14062159927914,160.834565594949,52.5396824933186,Served,33.994764,Stable,0
341,340,3,BS1,Terrestrial,158.603762337124,99.9798372916245,59.3566231339514,50.992146,893.334270320412,8.75952808811392,27.4224467230622,5.89257410047824,163.08261309375,59.3566231339514,Served,50.992146,Stable,0
341,340,4,BS2,Terrestrial,1289.96390375941,142.189185629876,17.1472747956999,33.994764,893.334270320412,8.75952808811392,27.3668028316028,12.7999632768285,156.1752239174,17.1472747956999,Served,33.994764,Stable,0
341,340,5,BS1,Terrestrial,2496.53115061175,148.834283066887,10.5021773586893,33.1568591424231,893.334270320412,13.4713343396483,27.3385763935312,5.6808257248625,163.294361469366,10.5021773586893,Served,33.1568591424231,Stable,0
341,340,6,SAT-1,Satellite,1149075.86446132,167.169901192993,1.80528600123512,39.9237141716736,188.391482363219,4.71878647244912,27.5359083813687,1.80528600123512,167.169901192993,-13.0163375346658,Served,39.9237141716736,Stable,0
342,341,1,BS2,Terrestrial,295.272687326099,91.5512449967853,67.7852154287906,33.994764,893.334270320412,8.75952808811392,27.6263359093632,1.97099817876258,167.004189015466,67.7852154287906,Served,33.994764,Stable,0
342,341,2,BS2,Terrestrial,144.900842099444,108.25933375196,51.077126673616,33.994764,893.334270320412,8.75952808811392,27.6125989705076,6.25599751108328,162.719189683145,51.077126673616,Served,33.994764,Stable,0
342,341,3,BS1,Terrestrial,158.603762337124,111.865255874223,47.4712045513525,50.992146,893.334270320412,8.75952808811392,27.6353083150393,13.0193335274466,155.955853666781,47.4712045513525,Served,50.992146,Stable,0
342,341,4,BS2,Terrestrial,1289.96390375941,147.860375045961,11.4760853796147,23.9382659477913,893.334270320412,12.43941774046,27.5791706804774,6.22720596624757,162.747981227981,11.4760853796147,Served,23.9382659477913,Stable,0
342,341,5,BS1,Terrestrial,2496.53115061175,145.766751549964,13.569708875612,41.950967373754,893.334270320412,10.6473619828766,27.5506983515838,8.3368712337078,160.63831596052,13.569708875612,Served,41.950967373754,Stable,0
342,341,6,SAT-1,Satellite,1143214.96735717,169.252814913908,-0.277627719680254,28.63871593476,188.391482363219,6.57820981891719,27.7497641608048,-0.277627719680254,169.252814913908,-3.32113542262567,Served,28.63871593476,Stable,0
343,342,1,BS2,Terrestrial,295.272687326099,88.6488098685984,70.6876505569775,50.992146,893.334270320412,8.75952808811392,27.8409991185008,2.44759495402266,166.527592240205,70.6876505569775,Served,50.992146,Stable,0
343,342,2,BS2,Terrestrial,144.900842099444,120.53867718444,38.7977832411355,50.992146,893.334270320412,8.75952808811392,27.8271401947908,-13.0065103980264,181.981697592254,38.7977832411355,Served,50.992146,Stable,0
343,342,3,BS1,Terrestrial,158.603762337124,100.036892400097,59.2995680254784,50.992146,893.334270320412,8.75952808811392,27.8500509438915,1.04449728971548,167.930689904513,59.2995680254784,Served,50.992146,Stable,0
343,342,4,SAT-1,Satellite,1142046.27874788,165.382856661859,3.59233053236872,25.7504239039739,188.391482363219,3.65802681667981,27.7934128810608,3.59233053236872,165.382856661859,2.97843726903713,Served,25.3580434419448,InTransition,15.2378253457981
343,342,5,BS1,Terrestrial,2496.53115061175,144.651625220521,14.6848352050544,45.2246912237689,893.334270320412,9.87662100223361,27.7646913948363,6.8220640068408,162.153123187387,14.6848352050544,Served,45.2246912237689,Stable,0
343,342,6,SAT-1,Satellite,1137365.70213181,163.877006407264,5.09818078696364,31.2332901985781,188.391482363219,3.01587634804794,27.9655142336592,5.09818078696364,163.877006407264,-6.40715869003617,Served,31.2332901985781,Stable,0
344,343,1,BS2,Terrestrial,295.272687326099,91.9066114453856,67.4298489801902,33.994764,893.334270320412,8.75952808811392,28.0575676206263,-5.30202115558342,174.277208349812,67.4298489801902,Served,33.994764,Stable,0
344,343,2,BS2,Terrestrial,144.900842099444,116.804086727848,42.5323736977277,33.994764,893.334270320412,8.75952808811392,28.0435850658956,1.18537000601452,167.789817188214,42.5323736977277,Served,33.994764,Stable,0
344,343,3,BS1,Terrestrial,158.603762337124,104.383020646295,54.9534397792813,101.984292,893.334270320412,8.75952808811392,28.0666999335322,5.47844648418314,163.496740710045,54.9534397792813,Served,101.984292,Stable,0
344,343,4,BS2,Terrestrial,1289.96390375941,147.389934142958,11.9465262826182,24.8342382285357,893.334270320412,11.990627107887,28.0095546596741,-2.07415873435068,171.049345928579,11.9465262826182,Served,24.8338107958898,InTransition,0.0172114256958314
344,343,5,SAT-1,Satellite,1136982.44337902,161.349108265491,7.62607892873686,41.4481708239463,188.391482363219,2.27261515548446,27.9805807037981,7.62607892873686,161.349108265491,2.86983257322532,Served,40.8193912628941,InTransition,15.1702607992762
344,343,6,SAT-1,Satellite,1131528.25536249,162.97358275349,6.00160444073813,34.7532326593655,188.391482363219,2.71041667130281,28.1831841105681,6.00160444073813,162.97358275349,-3.48168651823326,Served,34.7532326593655,Stable,0
345,344,1,BS2,Terrestrial,295.272687326099,90.7205156503429,68.6159447752329,33.994764,893.334270320412,8.75952808811392,28.2760670886892,6.64568364788445,162.329503546344,68.6159447752329,Served,33.994764,Stable,0
345,344,2,BS2,Terrestrial,144.900842099444,115.797491814339,43.5389686112371,33.994764,893.334270320412,8.75952808811392,28.261959233065,-9.5664481854663,178.541635379694,43.5389686112371,Served,33.994764,Stable,0
345,344,3,BS1,Terrestrial,158.603762337124,104.093094397427,55.2433660281493,33.994764,893.334270320412,8.75952808811392,28.2852809721598,3.48357381771055,165.491613376518,55.2433660281493,Served,33.994764,Stable,0
345,344,4,BS1,Terrestrial,1684.50527938871,155.255660847462,4.08079957811353,11.2087496123523,893.334270320412,26.566575256409,28.2276216058796,-1.13242905445057,170.107616248679,4.08079957811353,Served,11.2084976887646,InTransition,0.0224756191750323
345,344,5,BS1,Terrestrial,2496.53115061175,143.12574993579,16.2107104897858,33.1654886042569,893.334270320412,8.97855278600005,28.1983918218109,-6.30861874345939,175.283805937688,16.2107104897858,Served,33.1643838576469,InTransition,0.0333101261755124
345,344,6,BS2,Terrestrial,4576.26928829528,165.802094664495,-6.46563423891956,1.79651262878041,893.334270320412,165.753407650107,28.4027996681404,-11.6444543494285,180.619641543657,-6.46563423891956,BelowTarget,1.79640293521941,InTransition,0.0610591649813323
346,345,1,BS2,Terrestrial,295.272687326099,89.7973735916502,69.5390868339257,33.994764,893.334270320412,8.75952808811392,28.4965235634144,2.68440354111459,166.290783653114,69.5390868339257,Served,33.994764,Stable,0
346,345,2,BS2,Terrestrial,144.900842099444,115.953693061461,43.382767364115,33.994764,893.334270320412,8.75952808811392,28.482288713081,2.63907100064392,166.336116193584,43.382767364115,Served,33.994764,Stable,0
346,345,3,BS1,Terrestrial,158.603762337124,97.9819013967075,61.3545590288684,101.984292,893.334270320412,8.75952808811392,28.5058201158936,6.95937215980103,162.015815034427,61.3545590288684,Served,101.984292,Stable,0
346,345,4,BS2,Terrestrial,1289.96390375941,154.340704811703,4.99575561387283,12.5845690095942,893.334270320412,23.6621603711486,28.4476396761357,-1.01188170132582,169.987068895554,4.99575561387283,Served,12.5843524112198,InTransition,0.0172114256958314
346,345,5,SAT-1,Satellite,1125320.6927159,165.012073865072,3.96311332915656,27.0523869343472,188.391482363219,3.48197522866321,28.4181506587173,3.96311332915656,165.012073865072,1.14973700565307,Served,26.6462044572073,InTransition,15.0146631469415
346,345,6,SAT-1,Satellite,1119889.58084919,159.405358905752,9.56982828847597,49.9518525740064,188.391482363219,1.88573068520438,28.624387152536,9.56982828847597,159.405358905752,-4.24785206078698,Served,49.2054620928723,InTransition,14.9421981903119
347,346,1,BS2,Terrestrial,295.272687326099,87.8828706134017,71.4535898121741,33.994764,893.334270320412,8.75952808811392,28.7189634568492,-9.04975682386791,178.024944018096,71.4535898121741,Served,33.994764,Stable,0
347,346,2,BS2,Terrestrial,144.900842099444,118.267273815365,41.0691866102109,33.994764,893.334270320412,8.75952808811392,28.7045998938191,8.36366026567421,160.611526928554,41.0691866102109,Served,33.994764,Stable,0
347,346,3,BS1,Terrestrial,158.603762337124,100.015159433805,59.3213009917704,50.992146,893.334270320412,8.75952808811392,28.7283437923176,-1.936050843559,170.911238037787,59.3213009917704,Served,50.992146,Stable,0
347,346,4,BS2,Terrestrial,1289.96390375941,149.997259303633,9.33920112194323,19.9592383114715,893.334270320412,14.9193113213973,28.6696351973622,-3.96531815205805,172.940505346286,9.33920112194323,Served,19.9592383114715,Stable,0
347,346,5,BS1,Terrestrial,2496.53115061175,147.67200418143,11.6644562441462,36.444430276719,893.334270320412,12.2561151805284,28.6398834944423,4.29949107198851,164.67569612224,11.6644562441462,Served,36.4432163081481,InTransition,0.0333101261755124
347,346,6,SAT-1,Satellite,1114088.74381881,162.663220654029,6.31196654019897,71.9961762106633,188.391482363219,2.61668733367142,28.8479731829464,6.31196654019897,162.663220654029,-12.842896006982,Served,71.9961762106633,Stable,0
348,347,1,BS2,Terrestrial,295.272687326099,88.8245182540665,70.5119421715093,50.992146,893.334270320412,8.75952808811392,28.9434135558152,-2.78142992662606,171.756617120854,70.5119421715093,Served,50.992146,Stable,0
348,347,2,BS2,Terrestrial,144.900842099444,108.144100083881,51.1923603416951,50.992146,893.334270320412,8.75952808811392,28.9289195377051,5.18541420707902,163.789772987149,51.1923603416951,Served,50.992146,Stable,0
348,347,3,BS1,Terrestrial,158.603762337124,107.240828193209,52.0956322323668,50.992146,893.334270320412,8.75952808811392,28.9528788039261,2.31663389469176,166.658553299536,52.0956322323668,Served,50.992146,Stable,0
348,347,4,SAT-1,Satellite,1112931.44241759,158.794328431605,10.1808587626229,52.7122800584158,188.391482363219,1.78697906972002,28.8936348704117,10.1808587626229,158.794328431605,4.02459078444994,Served,51.9295364994897,InTransition,14.8493587843039
348,347,5,BS1,Terrestrial,2496.53115061175,149.12588393516,10.2105764904158,32.3426332027864,893.334270320412,13.810475243609,28.8636169824809,-0.204214328415361,169.179401522643,10.2105764904158,Served,32.3426332027864,Stable,0
348,347,6,SAT-1,Satellite,1108300.50681521,157.674356196314,11.300830997914,57.8580860245907,188.391482363219,1.62804799905712,29.0735847549728,11.300830997914,157.674356196314,-7.220689721588,Served,57.8580860245907,Stable,0
349,348,1,BS2,Terrestrial,295.272687326099,91.4917163639722,67.8447440616036,50.992146,893.334270320412,8.75952808811392,29.1699010252478,14.7220322498349,154.253154944393,67.8447440616036,Served,50.992146,Stable,0
349,348,2,BS2,Terrestrial,144.900842099444,116.241242329872,43.0952180957036,50.992146,893.334270320412,8.75952808811392,29.1552747850628,2.56536896783317,166.409818226395,43.0952180957036,Served,50.992146,Stable,0
349,348,3,BS1,Terrestrial,158.603762337124,119.526606803299,39.8098536222766,101.984292,893.334270320412,8.75952808811392,29.1794523314599,12.7863709930803,156.188816201148,39.8098536222766,Served,101.984292,Stable,0
349,348,4,SAT-1,Satellite,1107145.59858401,156.641245307765,12.3339418864635,41.7916715108383,188.391482363219,1.50262381277221,29.119665773431,12.3339418864635,156.641245307765,7.84711411106599,Served,41.7916715108383,Stable,0
349,348,5,SAT-1,Satellite,1107920.16947514,161.549205726394,7.42598146783411,27.0672576562432,188.391482363219,2.32004149017494,29.089378153279,7.42598146783411,161.549205726394,6.99544696780433,Served,26.6671360402453,InTransition,14.7824955553104
349,348,6,SAT-1,Satellite,1102525.07440544,163.595247820789,5.37993937343936,21.5425565002088,188.391482363219,2.91502825057606,29.3012492438863,5.37993937343936,163.595247820789,-5.82099350166473,Served,21.5425565002088,Stable,0
350,349,1,BS2,Terrestrial,295.272687326099,93.7442490243846,65.5922114011913,33.994764,893.334270320412,8.75952808811392,29.3984534114173,10.8894633959017,158.085723798326,65.5922114011913,Served,33.994764,Stable,0
350,349,2,BS2,Terrestrial,144.900842099444,126.122352519662,33.2141079059138,33.994764,893.334270320412,8.75952808811392,29.383693157343,6.33209076050466,162.643096433723,33.2141079059138,Served,33.994764,Stable,0
350,349,3,BS1,Terrestrial,158.603762337124,100.80212518482,58.5343352407561,50.992146,893.334270320412,8.75952808811392,29.4080919371203,9.29781149911562,159.677375695112,58.5343352407561,Served,50.992146,Stable,0
350,349,4,BS2,Terrestrial,1289.96390375941,146.303477999509,13.0329824260664,26.9249060933544,893.334270320412,11.0595776666534,29.3477553651068,-8.57666320916974,177.551850403398,13.0329824260664,Served,26.9244426773338,InTransition,0.0172114256958314
350,349,5,BS1,Terrestrial,2496.53115061175,146.838181496509,12.4982789290666,38.838730268682,893.334270320412,11.500559675103,29.317194417499,7.28397590614111,161.691211288087,12.4982789290666,Served,38.8374365456763,InTransition,0.0333101261755124
350,349,6,SAT-1,Satellite,1096762.65497449,166.88614217341,2.08904502081774,41.6493943644731,188.391482363219,4.5232706318514,29.530994407761,2.08904502081774,166.88614217341,-3.21001332550824,Served,41.6493943644731,Stable,0
351,350,1,BS2,Terrestrial,295.272687326099,93.9612852487164,65.3751751768595,50.992146,893.334270320412,8.75952808811392,29.6290986450157,13.259906249655,155.715280944573,65.3751751768595,Served,50.992146,Stable,0
351,350,2,BS2,Terrestrial,144.900842099444,107.776680150303,51.5597802752732,50.992146,893.334270320412,8.75952808811392,29.6142025602189,3.0364576278761,165.938729566352,51.5597802752732,Served,50.992146,Stable,0
351,350,3,BS1,Terrestrial,158.603762337124,105.90433990796,53.4321205176155,50.992146,893.334270320412,8.75952808811392,29.638825567651,9.6149632559557,159.360223938272,53.4321205176155,Served,50.992146,Stable,0
351,350,4,SAT-1,Satellite,1095612.65469729,161.518457937407,7.45672925682135,40.7307009004569,188.391482363219,2.31264719484738,29.5779314877792,7.45672925682135,161.518457937407,4.01074552815749,Served,40.1352880386533,InTransition,14.6182817540698
351,350,5,BS1,Terrestrial,2496.53115061175,146.380111596025,12.956348829551,40.1648294323735,893.334270320412,11.120852284765,29.5470935691554,-1.58963112906241,170.564818323291,12.956348829551,Served,40.1648294323735,Stable,0
351,350,6,SAT-1,Satellite,1091013.46080161,161.858582462881,7.11660473134742,39.3026726915404,188.391482363219,2.39667520631197,29.7628483904671,7.11660473134742,161.858582462881,-2.3462398153184,Served,39.3026726915404,Stable,0
352,351,1,BS2,Terrestrial,295.272687326099,91.4953605794539,67.8410998461219,50.992146,893.334270320412,8.75952808811392,29.8618650441014,8.03141265062857,160.9437745436,67.8410998461219,Served,50.992146,Stable,0
352,351,2,BS2,Terrestrial,144.900842099444,118.292470286449,41.0439901391272,50.992146,893.334270320412,8.75952808811392,29.8468312865403,7.49030456479622,161.484882629432,41.0439901391272,Served,50.992146,Stable,0
352,351,3,BS1,Terrestrial,158.603762337124,98.8479125984687,60.4885478271072,101.984292,893.334270320412,8.75952808811392,29.8716815572755,13.2256028990599,155.749584295168,60.4885478271072,Served,101.984292,Stable,0
352,351,4,SAT-1,Satellite,1089865.97684737,157.833321916799,11.1418652774292,38.0810504756063,188.391482363219,1.6490396142818,29.8102223704163,11.1418652774292,157.833321916799,-2.11230470444528,Served,38.0810504756063,Stable,0
352,351,5,SAT-1,Satellite,1090635.01854131,160.191779659153,8.7834075350755,30.9707965907659,188.391482363219,2.02762497902501,29.7791037886131,8.7834075350755,160.191779659153,4.13094857653175,Served,30.5201136677952,InTransition,14.551867326046
352,351,6,SAT-1,Satellite,1085277.70813809,161.442138938341,7.53304825588731,27.3690109948762,188.391482363219,2.29446218569958,29.996839724512,7.53304825588731,161.442138938341,-18.9645790189864,Served,27.3690109948762,Stable,0
353,352,1,BS2,Terrestrial,295.272687326099,91.5465864265773,67.7898739989985,33.994764,893.334270320412,8.75952808811392,30.0967813168845,4.8783631990446,164.096823995184,67.7898739989985,Served,33.994764,Stable,0
353,352,2,BS2,Terrestrial,144.900842099444,114.253521802587,45.0829386229892,33.994764,893.334270320412,8.75952808811392,30.0816080191294,-17.3362746985947,186.311461892823,45.0829386229892,Served,33.994764,Stable,0
353,352,3,BS1,Terrestrial,158.603762337124,113.181869380065,46.1545910455107,50.992146,893.334270320412,8.75952808811392,30.1066886304752,8.02131480660077,160.953872387627,46.1545910455107,Served,50.992146,Stable,0
353,352,4,BS2,Terrestrial,1289.96390375941,147.422014902981,11.9144455225948,24.7729470210771,893.334270320412,12.0202933406934,30.0446566314315,11.4730472672512,157.502139926977,11.9144455225948,Served,24.7725206433402,InTransition,0.0172114256958314
353,352,5,BS1,Terrestrial,2496.53115061175,143.88985097889,15.4466094466858,47.4774902785112,893.334270320412,9.40797697055971,30.0132536454304,0.624192915186114,168.350994279042,15.4466094466858,Served,47.4759087973196,InTransition,0.0333101261755124
353,352,6,SAT-1,Satellite,1079555.61728625,159.526607829675,9.44857936455278,98.8170358624924,188.391482363219,1.9064676522515,30.2329973337148,9.44857936455278,159.526607829675,-4.58600436931792,Served,98.8170358624924,Stable,0
354,353,1,BS2,Terrestrial,295.272687326099,89.2658796561004,70.0705807694755,50.992146,893.334270320412,8.75952808811392,30.3338765643422,3.26059118480228,165.714596009426,70.0705807694755,Served,50.992146,Stable,0
354,353,2,BS2,Terrestrial,144.900842099444,118.4738350707,40.8626253548756,50.992146,893.334270320412,8.75952808811392,30.3185618334076,6.76510170755191,162.210085486676,40.8626253548756,Served,50.992146,Stable,0
354,353,3,BS1,Terrestrial,158.603762337124,99.6173241335833,59.7191362919926,101.984292,893.334270320412,8.75952808811392,30.3438759045974,3.38710914938071,165.588078044847,59.7191362919926,Served,101.984292,Stable,0
354,353,4,SAT-1,Satellite,1078413.29463441,162.424362501311,6.55082469291739,24.6451603531798,188.391482363219,2.54805243251896,30.2812632813342,6.55082469291739,162.424362501311,4.33561248923414,Served,24.2905461143751,InTransition,14.3887981949754
354,353,5,SAT-1,Satellite,1079178.50167263,159.992051414344,8.98313577988424,31.5582974381327,188.391482363219,1.98987796825377,30.2495721010382,8.98313577988424,159.992051414344,8.97802945954373,Served,31.1038892602642,InTransition,14.3990080187091
354,353,6,SAT-1,Satellite,1073847.41267987,167.137877122313,1.83731007191514,13.3720882074709,188.391482363219,4.69613719364006,30.4713505357018,1.83731007191514,167.137877122313,-13.6016408751743,Served,13.3720882074709,Stable,0
355,354,1,BS2,Terrestrial,295.272687326099,88.7964904766788,70.5399699488971,50.992146,893.334270320412,8.75952808811392,30.5731802826479,1.21584229680488,167.759344897423,70.5399699488971,Served,50.992146,Stable,0
355,354,2,BS2,Terrestrial,144.900842099444,117.797157651049,41.5393027745267,50.992146,893.334270320412,8.75952808811392,30.5577221998366,7.32052329032436,161.654663903904,41.5393027745267,Served,50.992146,Stable,0
355,354,3,BS1,Terrestrial,158.603762337124,102.164248653674,57.1722117719018,50.992146,893.334270320412,8.75952808811392,30.5832728922754,7.07115560944325,161.904031584785,57.1722117719018,Served,50.992146,Stable,0
355,354,4,SAT-1,Satellite,1072707.73664129,161.675276542151,7.29991065207676,40.0701054375137,188.391482363219,2.35077347945841,30.5200717251976,7.29991065207676,161.675276542151,4.74888102533933,Served,40.0701054375137,Stable,0
355,354,5,BS1,Terrestrial,2496.53115061175,149.46112143406,9.87533899151629,31.4124390066584,893.334270320412,14.219435016349,30.488088511237,0.712684168901632,168.262503025326,9.87533899151629,Served,31.4113926543516,InTransition,0.0333101261755124
355,354,6,SAT-1,Satellite,1068153.32296585,158.045715072498,10.9294721217297,56.140539212382,188.391482363219,1.67785601105937,30.7119290442062,10.9294721217297,158.045715072498,-9.87435332147345,Served,56.140539212382,Stable,0
356,355,1,BS2,Terrestrial,295.272687326099,91.9614596529932,67.3750007725827,50.992146,893.334270320412,8.75952808811392,30.8147223653991,5.38909689248516,163.586090301743,67.3750007725827,Served,50.992146,Stable,0
356,355,2,BS2,Terrestrial,144.900842099444,112.139013218714,47.1974472068617,50.992146,893.334270320412,8.75952808811392,30.7991189861599,0.901471041295082,168.073716152933,47.1974472068617,Served,50.992146,Stable,0
356,355,3,BS1,Terrestrial,158.603762337124,102.949867279796,56.3865931457797,101.984292,893.334270320412,8.75952808811392,30.824909503648,10.502784825304,158.472402368924,56.3865931457797,Served,101.984292,Stable,0
356,355,4,SAT-1,Satellite,1067016.33863174,161.58174778877,7.39343940545831,26.9757667218495,188.391482363219,2.32791013635493,30.7611117649282,7.39343940545831,161.58174778877,4.93861090713557,Served,26.9757667218495,Stable,0
356,355,5,SAT-1,Satellite,1067777.58698904,160.249252314489,8.72593487973936,30.8023193383076,188.391482363219,2.03871533497289,30.7288326284988,8.72593487973936,160.249252314489,6.08168482292649,Served,30.3634820648666,InTransition,14.2468905870746
356,355,6,SAT-1,Satellite,1062473.58108728,169.144914802214,-0.169727607985521,9.72084273132838,188.391482363219,6.46005315828806,30.9547629711571,-0.169727607985521,169.144914802214,-2.53868647120225,Served,9.72084273132838,Stable,0
357,356,1,BS2,Terrestrial,295.272687326099,90.9073405240453,68.4291199015306,33.994764,893.334270320412,8.75952808811392,31.0585331056298,11.8080693473217,157.167117846906,68.4291199015306,Served,33.994764,Stable,0
357,356,2,BS2,Terrestrial,144.900842099444,107.504629581006,51.8318308445698,33.994764,893.334270320412,8.75952808811392,31.0427824594293,0.613050625632297,168.362136568596,51.8318308445698,Served,33.994764,Stable,0
357,356,3,BS1,Terrestrial,158.603762337124,103.49005564886,55.8464047767164,101.984292,893.334270320412,8.75952808811392,31.0688160483612,9.7338117058207,159.241375488407,55.8464047767164,Served,101.984292,Stable,0
357,356,4,BS2,Terrestrial,1289.96390375941,149.990032428883,9.3464279966924,19.9723995506936,893.334270320412,14.9094799225796,31.004413601323,5.98899598594082,162.986191208287,9.3464279966924,Served,19.9720557972228,InTransition,0.0172114256958314
357,356,5,SAT-1,Satellite,1062098.55546515,156.604431897952,12.3707552962762,62.8608590804789,188.391482363219,1.49848001696912,30.9718346040596,12.3707552962762,156.604431897952,5.57136507939518,Served,62.8608590804789,Stable,0
357,356,6,SAT-1,Satellite,1056808.42436779,164.56648276424,4.4087044299886,28.6595766615721,188.391482363219,3.28671083644828,31.1998828285417,4.4087044299886,164.56648276424,-3.15582051863171,Served,28.6595766615721,Stable,0
358,357,1,BS2,Terrestrial,295.272687326099,89.6611197081369,69.6753407174389,50.992146,893.334270320412,8.75952808811392,31.3046431975869,2.78227811530144,166.192909078927,69.6753407174389,Served,50.992146,Stable,0
358,357,2,BS2,Terrestrial,144.900842099444,109.488303560575,49.8481568650006,50.992146,893.334270320412,8.75952808811392,31.2887432877968,4.94238068717542,164.032806507053,49.8481568650006,Served,50.992146,Stable,0
358,357,3,BS1,Terrestrial,158.603762337124,103.987816447993,55.3486439775831,50.992146,893.334270320412,8.75952808811392,31.3150232373347,5.46961961823692,163.505567575991,55.3486439775831,Served,50.992146,Stable,0
358,357,4,BS1,Terrestrial,1684.50527938871,152.796166613283,6.54029381229316,22.5979671574737,893.334270320412,19.7658104398334,31.2500078358953,2.16335562403611,166.811831570192,6.54029381229316,Served,22.5974592541697,InTransition,0.0224756191750323
358,357,5,SAT-1,Satellite,1056434.12315696,161.590517230163,7.38466996406518,40.4266946548661,188.391482363219,2.33003815883996,31.2171249897815,7.38466996406518,161.590517230163,6.31961210953992,Served,40.4266946548661,Stable,0
358,357,6,SAT-1,Satellite,1051158.09459723,156.572161375129,12.4030258190989,63.0128849732768,188.391482363219,1.4948647601448,31.4473195300219,12.4030258190989,156.572161375129,-6.30336401681731,Served,63.0128849732768,Stable,0
359,358,1,BS2,Terrestrial,295.272687326099,89.5798542347549,69.7566061908209,50.992146,893.334270320412,8.75952808811392,31.5530837382566,-8.36601744245814,177.341204636686,69.7566061908209,Served,50.992146,Stable,0
359,358,2,BS2,Terrestrial,144.900842099444,109.141621269141,50.1948391564349,50.992146,893.334270320412,8.75952808811392,31.5370325420578,13.1625662708375,155.812620923391,50.1948391564349,Served,50.992146,Stable,0
359,358,3,BS1,Terrestrial,158.603762337124,105.366798921586,53.9696615039899,101.984292,893.334270320412,8.75952808811392,31.5635621842766,11.6997663699432,157.275420824285,53.9696615039899,Served,101.984292,Stable,0
359,358,4,SAT-1,Satellite,1050029.46459183,163.031505637873,5.9436815563553,23.0152304704072,188.391482363219,2.7285045382658,31.4979254724534,5.9436815563553,163.031505637873,3.60147736730391,Served,22.6927851321953,InTransition,14.0100851315189
359,358,5,SAT-1,Satellite,1050784.53213579,160.618740536649,8.35644665757957,29.7255958553574,188.391482363219,2.11256188415216,31.4647347397717,8.35644665757957,160.618740536649,7.61549648475403,Served,29.7255958553574,Stable,0
359,358,6,SAT-1,Satellite,1045522.83811864,160.238170236608,8.73701695762011,30.8347852928783,188.391482363219,2.03656877099265,31.6971043922884,8.73701695762011,160.238170236608,-16.7048713098358,Served,30.8347852928783,Stable,0
360,359,1,BS2,Terrestrial,295.272687326099,96.8720223683225,62.4644380572533,33.994764,893.334270320412,8.75952808811392,31.8038862286192,0.105638492682232,168.869548701546,62.4644380572533,Served,33.994764,Stable,0
360,359,2,BS2,Terrestrial,144.900842099444,117.292559373034,42.0439010525416,33.994764,893.334270320412,8.75952808811392,31.7876816969233,-0.692887524720959,169.668074718949,42.0439010525416,Served,33.994764,Stable,0
360,359,3,BS1,Terrestrial,158.603762337124,104.34660593517,54.9898544904058,50.992146,893.334270320412,8.75952808811392,31.8144644069261,-2.14837398532086,171.123561179549,54.9898544904058,Served,50.992146,Stable,0
360,359,4,BS2,Terrestrial,1289.96390375941,147.108355572156,12.2281048534196,25.373349379596,893.334270320412,11.7358605539978,31.748197918412,5.30083500557174,163.674352188656,12.2281048534196,Served,25.3729126680785,InTransition,0.0172114256958314
360,359,5,BS1,Terrestrial,2496.53115061175,144.43576675428,14.9006936712959,45.8618234453944,893.334270320412,9.73941072561217,31.7146952117365,8.40812263292352,160.567064561305,14.9006936712959,Served,45.8602957822688,InTransition,0.0333101261755124
360,359,6,SAT-1,Satellite,1039902.9059165,161.144762500423,7.83042469380541,84.6387957331589,188.391482363219,2.22582895622902,31.9492691361319,7.83042469380541,161.144762500423,-10.600981090238,Served,84.6387957331589,Stable,0
361,360,1,BS2,Terrestrial,295.272687326099,89.834258341607,69.5022020839689,33.994764,893.334270320412,8.75952808811392,32.0570825746149,5.96634841106902,163.008838783159,69.5022020839689,Served,33.994764,Stable,0
361,360,2,BS2,Terrestrial,144.900842099444,114.981683382843,44.3547770427333,33.994764,893.334270320412,8.75952808811392,32.0407226320051,8.01587054835733,160.959316645871,44.3547770427333,Served,33.994764,Stable,0
361,360,3,BS1,Terrestrial,158.603762337124,107.468563861437,51.8678965641386,50.992146,893.334270320412,8.75952808811392,32.0677618280059,-10.9736130276278,179.948800221856,51.8678965641386,Served,50.992146,Stable,0
361,360,4,BS2,Terrestrial,1289.96390375941,149.964007338681,9.37245308689472,20.0198140771298,893.334270320412,14.8741686091371,32.0008569858192,0.101519468085456,168.873667726143,9.37245308689472,Served,20.0198140771298,Stable,0
361,360,5,BS1,Terrestrial,2496.53115061175,145.685987937564,13.6504724880116,42.1869798856997,893.334270320412,10.5877959590944,31.9670381680534,3.17748472993756,165.797702464291,13.6504724880116,Served,42.1869798856997,Stable,0
361,360,6,SAT-1,Satellite,1034298.55370637,158.38086275948,10.5943244347485,109.199681040472,188.391482363219,1.72520176403625,32.2038458872116,10.5943244347485,158.38086275948,-12.3036660722024,Served,109.199681040472,Stable,0
362,361,1,BS2,Terrestrial,295.272687326099,93.3732070535241,65.9632533720518,25.496073,893.334270320412,8.75952808811392,32.3127050877968,6.14114086563976,162.834046328588,65.9632533720518,Served,25.496073,Stable,0
362,361,2,BS2,Terrestrial,144.900842099444,113.693404715602,45.6430557099737,25.496073,893.334270320412,8.75952808811392,32.2961876324896,3.66531477056179,165.309872423666,45.6430557099737,Served,25.496073,Stable,0
362,361,3,BS1,Terrestrial,158.603762337124,100.429419991766,58.9070404338098,101.984292,893.334270320412,8.75952808811392,32.3234867758622,11.5476410906391,157.427546103589,58.9070404338098,Served,101.984292,Stable,0
362,361,4,BS2,Terrestrial,1289.96390375941,147.060034977497,12.2764254480794,19.0995496352525,893.334270320412,11.6931326573215,32.2559348920749,11.4021007173125,157.573086476916,12.2764254480794,Served,19.0995496352525,Stable,0
362,361,5,BS2,Terrestrial,2067.2298489109,157.879457474148,1.45700295142743,5.79352418132571,893.334270320412,38.5488280691009,32.2217957765385,-4.90521293625704,173.880400130485,1.45700295142743,Served,5.79336438349493,InTransition,0.0275821461647431
362,361,6,SAT-1,Satellite,1028710.04202556,158.666879575401,10.3083076188276,106.584995754413,188.391482363219,1.7675234776694,32.4608671764989,10.3083076188276,158.666879575401,-13.4476083837346,Served,106.584995754413,Stable,0
363,362,1,BS2,Terrestrial,295.272687326099,89.2954806062896,70.0409798192862,33.994764,893.334270320412,8.75952808811392,32.570786485654,7.65267005187553,161.322517142353,70.0409798192862,Served,33.994764,Stable,0
363,362,2,BS2,Terrestrial,144.900842099444,111.815212231309,47.521248194267,33.994764,893.334270320412,8.75952808811392,32.5541093894823,5.2021885872467,163.772998606981,47.521248194267,Served,33.994764,Stable,0
363,362,3,BS1,Terrestrial,158.603762337124,105.246619331164,54.0898410944115,50.992146,893.334270320412,8.75952808811392,32.5816719847717,8.75833619877022,160.216850995458,54.0898410944115,Served,50.992146,Stable,0
363,362,4,BS2,Terrestrial,1289.96390375941,146.72719596974,12.6092644558354,26.1062495098032,893.334270320412,11.406391025068,32.5134642603235,8.70968672923067,160.265500464997,12.6092644558354,Served,26.1062495098032,Stable,0
363,362,5,BS1,Terrestrial,2496.53115061175,143.385906043698,15.9505543818781,48.9739725546299,893.334270320412,9.12050037725557,32.4790006108912,-7.1739489611987,176.149136155427,15.9505543818781,Served,48.9723412254248,InTransition,0.0333101261755124
363,362,6,SAT-1,Satellite,1023137.63632529,159.620241823103,9.35494537112493,97.9799701679592,188.391482363219,1.92275504922357,32.7203659403763,9.35494537112493,159.620241823103,-9.61785016613806,Served,97.9799701679592,Stable,0
364,363,1,BS2,Terrestrial,295.272687326099,96.6982113348975,62.6382490906783,33.994764,893.334270320412,8.75952808811392,32.831359891577,6.91363240158029,162.061554792648,62.6382490906783,Served,33.994764,Stable,0
364,363,2,BS2,Terrestrial,144.900842099444,115.964581253068,43.3718791725076,33.994764,893.334270320412,8.75952808811392,32.8145209999968,5.79440094385583,163.180786250372,43.3718791725076,Served,33.994764,Stable,0
364,363,3,BS1,Terrestrial,158.603762337124,112.078556124787,47.2579043007884,101.984292,893.334270320412,8.75952808811392,32.8423505948915,3.65209808588043,165.323089108348,47.2579043007884,Served,101.984292,Stable,0
364,363,4,BS2,Terrestrial,1289.96390375941,149.3027589446,10.0337014809756,21.2340305070755,893.334270320412,14.0236254255912,32.7734781194947,1.19542863110479,167.779758563123,10.0337014809756,Served,21.2340305070755,Stable,0
364,363,5,SAT-1,Satellite,1022767.99294575,152.773487681295,16.2016995129333,81.2441119341144,188.391482363219,1.15941622031635,32.7386856507892,16.2016995129333,152.773487681295,-1.10053489273812,Served,80.135426574171,InTransition,13.6463472065831
364,363,6,SAT-1,Satellite,1017581.60706391,164.615151110509,4.36003608371936,28.4818346078535,188.391482363219,3.30722168984283,32.9823755203637,4.36003608371936,164.615151110509,-6.89404186526369,Served,28.4818346078535,Stable,0
365,364,1,BS2,Terrestrial,295.272687326099,91.5805073589525,67.7559530666234,50.992146,893.334270320412,8.75952808811392,33.0944588344454,1.15872163037113,167.816465563857,67.7559530666234,Served,50.992146,Stable,0
365,364,2,BS2,Terrestrial,144.900842099444,112.17653902887,47.1599213967058,50.992146,893.334270320412,8.75952808811392,33.0774559665675,5.80095436073799,163.17423283349,47.1599213967058,Served,50.992146,Stable,0
365,364,3,BS1,Terrestrial,158.603762337124,99.1481953573743,60.1882650682015,50.992146,893.334270320412,8.75952808811392,33.1055561518302,-2.02694832241269,171.002135516641,60.1882650682015,Served,50.992146,Stable,0
365,364,4,SAT-1,Satellite,1016471.02453018,157.579583254037,11.3956039401914,58.2980723101924,188.391482363219,1.61576082105104,33.0360099039712,11.3956039401914,157.579583254037,4.54530164031627,Served,57.5074146440909,InTransition,13.5623295037019
365,364,5,BS1,Terrestrial,2496.53115061175,142.54019069997,16.796269725606,50.992146,893.334270320412,8.75952808811392,33.0008842816161,-2.32249539720939,171.297682591438,16.796269725606,Served,50.9904474451828,InTransition,0.0333101261755124
365,364,6,SAT-1,Satellite,1012042.22980128,155.439120932825,13.5360662614032,68.3867796280729,188.391482363219,1.37739694271174,33.2469296624531,13.5360662614032,155.439120932825,-11.9891756117301,Served,68.3867796280729,Stable,0
366,365,1,BS2,Terrestrial,295.272687326099,88.6143864363887,70.7220739891872,50.992146,893.334270320412,8.75952808811392,33.3601172478092,-0.852193394333057,169.827380588561,70.7220739891872,Served,50.992146,Stable,0
366,365,2,BS2,Terrestrial,144.900842099444,117.412587787522,41.9238726380536,50.992146,893.334270320412,8.75952808811392,33.3429481964577,11.5100393734344,157.465147820794,41.9238726380536,Served,50.992146,Stable,0
366,365,3,BS1,Terrestrial,158.603762337124,97.3249151201597,62.0115453054162,50.992146,893.334270320412,8.75952808811392,33.3713226058106,8.16306331147237,160.812123882756,62.0115453054162,Served,50.992146,Stable,0
366,365,4,SAT-1,Satellite,1010934.83998587,157.499321582332,11.4758656118966,58.6711981564725,188.391482363219,1.60548521491576,33.3010934528555,11.4758656118966,157.499321582332,9.08011631896497,Served,58.6711981564725,Stable,0
366,365,5,BS1,Terrestrial,2496.53115061175,143.684859219395,15.6516012061809,48.0856692158224,893.334270320412,9.28898656178486,33.2656302937899,9.58381671436396,159.391370479864,15.6516012061809,Served,48.0856692158224,Stable,0
366,365,6,SAT-1,Satellite,1006519.78529443,161.497425896702,7.47776129752631,40.8195769796644,188.391482363219,2.30761188996485,33.5140625160196,7.47776129752631,161.497425896702,-9.15367965889021,Served,40.8195769796644,Stable,0
367,366,1,BS2,Terrestrial,295.272687326099,91.8800537467002,67.4564066788757,50.992146,893.334270320412,8.75952808811392,33.6283694686439,9.77755887044083,159.197628323787,67.4564066788757,Served,50.992146,Stable,0
367,366,2,BS2,Terrestrial,144.900842099444,109.620609494521,49.7158509310553,50.992146,893.334270320412,8.75952808811392,33.6110320004427,8.12178410886568,160.853403085362,49.7158509310553,Served,50.992146,Stable,0
367,366,3,BS1,Terrestrial,158.603762337124,106.213837494312,53.1226229312636,50.992146,893.334270320412,8.75952808811392,33.6396843104054,4.9712064664399,164.003980727788,53.1226229312636,Served,50.992146,Stable,0
367,366,4,SAT-1,Satellite,1005415.64370953,153.480917203738,15.4942699904902,77.8085327488245,188.391482363219,1.21060940045849,33.5687630088159,15.4942699904902,153.480917203738,13.5375329302939,Served,77.8085327488245,Stable,0
367,366,5,BS1,Terrestrial,2496.53115061175,144.792579891603,14.5438805339732,44.8092051973408,893.334270320412,9.96820035510726,33.5329578816757,4.39243328104976,164.582753913178,14.5438805339732,Served,44.8092051973408,Stable,0
367,366,6,SAT-1,Satellite,1001014.55959419,156.842313444038,12.1328737501899,61.7421384986643,188.391482363219,1.52563133496983,33.7838086322887,12.1328737501899,156.842313444038,-4.55423111748527,Served,61.7421384986643,Stable,0
368,367,1,BS2,Terrestrial,295.272687326099,91.5798860293853,67.7565743961905,50.992146,893.334270320412,8.75952808811392,33.8992502356418,12.9684355100273,156.006751684201,67.7565743961905,Served,50.992146,Stable,0
368,367,2,BS2,Terrestrial,144.900842099444,111.728566333571,47.607894092005,50.992146,893.334270320412,8.75952808811392,33.8817420911315,6.33643584520809,162.63875134902,47.607894092005,Served,50.992146,Stable,0
368,367,3,BS1,Terrestrial,158.603762337124,100.32296477335,59.0134956522261,50.992146,893.334270320412,8.75952808811392,33.910676020809,10.6270654641862,158.348121730042,59.0134956522261,Served,50.992146,Stable,0
368,367,4,SAT-1,Satellite,999913.722811866,158.351462386012,10.6237248082161,54.7346245608672,188.391482363219,1.7209534538208,33.8390532164751,10.6237248082161,158.351462386012,-4.41724460614338,Served,54.7346245608672,Stable,0
368,367,5,BS1,Terrestrial,2496.53115061175,154.776847191326,4.5596132342495,17.8790124831226,893.334270320412,24.9827632024895,33.8029016420446,1.99697428181128,166.978212912417,4.5596132342495,Served,17.8790124831226,Stable,0
368,367,6,SAT-1,Satellite,995526.844142961,162.650062864586,6.32512432964253,36.051244071261,188.391482363219,2.61282914385469,34.0562029623248,6.32512432964253,162.650062864586,-7.18317601813777,Served,36.051244071261,Stable,0
369,368,1,BS2,Terrestrial,295.272687326099,92.4246559832592,66.9118044423167,33.994764,893.334270320412,8.75952808811392,34.172794687022,5.69358113710081,163.281606057127,66.9118044423167,Served,33.994764,Stable,0
369,368,2,BS2,Terrestrial,144.900842099444,125.412703127934,33.9237572976422,33.994764,893.334270320412,8.75952808811392,34.1551135808089,2.47826303801176,166.496924156216,33.9237572976422,Served,33.994764,Stable,0
369,368,3,BS1,Terrestrial,158.603762337124,100.158926968703,59.1775334568727,50.992146,893.334270320412,8.75952808811392,34.1843328916247,15.379533660756,153.595653533472,59.1775334568727,Served,50.992146,Stable,0
369,368,4,BS2,Terrestrial,1289.96390375941,151.614098110636,7.72236231493972,17.078038281197,893.334270320412,17.4363170525656,34.1119991203235,3.37962749958137,165.595559694647,7.72236231493972,Served,17.0777443438101,InTransition,0.0172114256958314
369,368,5,BS1,Terrestrial,2496.53115061175,145.572042957639,13.7644174679368,42.5202652267996,893.334270320412,10.5048059502386,34.0754965720614,7.85340958302518,161.121777611203,13.7644174679368,Served,42.5202652267996,Stable,0
369,368,6,SAT-1,Satellite,990056.935873503,160.063112036945,8.91207515728317,94.0467556806924,188.391482363219,2.00316832834559,34.3312808545165,8.91207515728317,160.063112036945,-2.59024351721496,Served,94.0467556806924,Stable,0
370,369,1,BS2,Terrestrial,295.272687326099,88.6762580259056,70.6602023996702,50.992146,893.334270320412,8.75952808811392,34.4490383578198,4.93288794705774,164.04229924717,70.6602023996702,Served,50.992146,Stable,0
370,369,2,BS2,Terrestrial,144.900842099444,111.160047320991,48.1764131045853,50.992146,893.334270320412,8.75952808811392,34.4311819787585,1.02248331301632,167.952703881212,48.1764131045853,Served,50.992146,Stable,0
370,369,3,BS1,Terrestrial,158.603762337124,106.397269958679,52.9391904668967,50.992146,893.334270320412,8.75952808811392,34.4606904741314,12.0054794822197,156.969707712008,52.9391904668967,Served,50.992146,Stable,0
370,369,4,SAT-1,Satellite,988962.882751217,159.33642885237,9.63875834185853,50.2614141014872,188.391482363219,1.87411641446081,34.3876361621177,9.63875834185853,159.33642885237,-4.6084422096512,Served,49.598199645559,InTransition,13.1953003667786
370,369,5,BS1,Terrestrial,2496.53115061175,149.528789288182,9.80767113739424,31.2254753089799,893.334270320412,14.304574413692,34.3507780667629,7.84313794563815,161.13204924859,9.80767113739424,Served,31.2254753089799,Stable,0
370,369,6,SAT-1,Satellite,984605.137308636,164.991987030828,3.98320016340048,27.1238507871892,188.391482363219,3.47280118596209,34.6090780515251,3.98320016340048,164.991987030828,-9.52370168886171,Served,27.1238507871892,Stable,0
371,370,1,BS2,Terrestrial,295.272687326099,87.9784299425354,71.3580304830405,50.992146,893.334270320412,8.75952808811392,34.7280171766315,8.3377414458291,160.637445748399,71.3580304830405,Served,50.992146,Stable,0
371,370,2,BS2,Terrestrial,144.900842099444,123.050740325564,36.2857201000115,50.992146,893.334270320412,8.75952808811392,34.7099831880438,9.7757548142645,159.199432379964,36.2857201000115,Served,50.992146,Stable,0
371,370,3,BS1,Terrestrial,158.603762337124,98.3149987059661,61.0214617196098,50.992146,893.334270320412,8.75952808811392,34.7397847130042,3.56402757197972,165.411159622248,61.0214617196098,Served,50.992146,Stable,0
371,370,4,SAT-1,Satellite,983514.565263315,158.264828757887,10.7103584363413,55.1322121308909,188.391482363219,1.70854274735025,34.6660001777418,10.7103584363413,158.264828757887,9.95705063795296,Served,55.1322121308909,Stable,0
371,370,5,BS1,Terrestrial,2496.53115061175,144.26655246466,15.0699079609154,46.3619766973314,893.334270320412,9.63434191074767,34.6287819160025,9.53483822187525,159.440348972353,15.0699079609154,Served,46.3619766973314,Stable,0
371,370,6,SAT-1,Satellite,979171.756661905,153.849210726652,15.1259764675763,76.0258683435542,188.391482363219,1.23899592643845,34.8896306866662,15.1259764675763,153.849210726652,-5.43621163899078,Served,76.0258683435542,Stable,0
372,371,1,BS2,Terrestrial,295.272687326099,90.0680148626446,69.2684455629312,33.994764,893.334270320412,8.75952808811392,35.0097674617757,5.0026444819317,163.972542712296,69.2684455629312,Served,33.994764,Stable,0
372,371,2,BS2,Terrestrial,144.900842099444,113.400742181778,45.9357182437979,33.994764,893.334270320412,8.75952808811392,34.9915535017078,1.57657684014353,167.398610354085,45.9357182437979,Served,33.994764,Stable,0
372,371,3,BS1,Terrestrial,158.603762337124,102.030799866544,57.305660559032,50.992146,893.334270320412,8.75952808811392,35.0216519424498,6.3165729570818,162.658614237146,57.305660559032,Served,50.992146,Stable,0
372,371,4,BS2,Terrestrial,1289.96390375941,144.23947548455,15.0969849410258,30.9613762397359,893.334270320412,9.61772783616238,34.9471273934925,11.4201848239797,157.555002370248,15.0969849410258,Served,30.9608433503093,InTransition,0.0172114256958314
372,371,5,BS1,Terrestrial,2496.53115061175,141.601679006418,17.7347814191581,50.992146,893.334270320412,8.75952808811392,34.9095443008242,6.57961191691626,162.395575277312,17.7347814191581,Served,50.992146,Stable,0
372,371,6,SAT-1,Satellite,973757.107939047,168.085658134921,0.889529059306625,34.6589959883759,188.391482363219,5.435572410303,35.1729752796882,0.889529059306625,168.085658134921,-6.95569430126511,Served,34.6589959883759,Stable,0
373,372,1,BS2,Terrestrial,295.272687326099,89.9650066592923,69.3714537662835,50.992146,893.334270320412,8.75952808811392,35.2943259168415,6.64892307290611,162.326264121322,69.3714537662835,Served,50.992146,Stable,0
373,372,2,BS2,Terrestrial,144.900842099444,117.216137683388,42.1203227421875,50.992146,893.334270320412,8.75952808811392,35.2759295983616,-5.70297158666008,174.678158780888,42.1203227421875,Served,50.992146,Stable,0
373,372,3,BS1,Terrestrial,158.603762337124,99.6441964881318,59.6922639374441,101.984292,893.334270320412,8.75952808811392,35.306328881727,-2.71544884771734,171.690636041945,59.6922639374441,Served,101.984292,Stable,0
373,372,4,SAT-1,Satellite,972673.682242909,155.10907583946,13.8661113547681,46.6427176533756,188.391482363219,1.34634438015416,35.2310544217578,13.8661113547681,155.10907583946,-1.03829067109049,Served,46.037390298146,InTransition,12.9779606696164
373,372,5,SAT-1,Satellite,973395.565527065,163.989542846662,4.98564434756656,20.5375153313211,188.391482363219,3.05768053119696,35.1931017892345,4.98564434756656,163.989542846662,2.77804918237391,Served,20.2707824523979,InTransition,12.9875924433972
373,372,6,SAT-1,Satellite,968361.511040251,155.937145038857,13.0380421553713,44.0109566838574,188.391482363219,1.426852891175,35.4591487319152,13.0380421553713,155.937145038857,-13.989790190702,Served,44.0109566838574,Stable,0
374,373,1,BS2,Terrestrial,295.272687326099,89.1453359141028,70.191124511473,50.992146,893.334270320412,8.75952808811392,35.5817296255868,-4.5461239160978,173.521311110326,70.191124511473,Served,50.992146,Stable,0
374,373,2,BS2,Terrestrial,144.900842099444,111.224737634026,48.1117227915503,50.992146,893.334270320412,8.75952808811392,35.563148537125,9.14725921511803,159.82792797911,48.1117227915503,Served,50.992146,Stable,0
374,373,3,BS1,Terrestrial,158.603762337124,107.467699016622,51.8687614089539,101.984292,893.334270320412,8.75952808811392,35.5938526300163,17.9704327998461,151.004754394382,51.8687614089539,Served,101.984292,Stable,0
374,373,4,SAT-1,Satellite,967281.752958643,158.831891810457,10.1432953837716,35.0277020831422,188.391482363219,1.79278562546533,35.5178182560526,10.1432953837716,158.831891810457,2.24141361661785,Served,35.0277020831422,Stable,0
374,373,5,SAT-1,Satellite,968000.960407781,153.764497264384,15.2106899298438,50.9570161706148,188.391482363219,1.23235553230749,35.4794913313382,15.2106899298438,153.764497264384,14.2387318015391,Served,50.9570161706148,Stable,0
374,373,6,SAT-1,Satellite,962985.29186309,159.13233054207,9.84285665215842,34.120541810692,188.391482363219,1.8404502817145,35.7481883207165,9.84285665215842,159.13233054207,-15.4429742173828,Served,34.120541810692,Stable,0
375,374,1,BS2,Terrestrial,295.272687326099,90.2845284697571,69.0519319558188,50.992146,893.334270320412,8.75952808811392,35.8720160461479,6.52625106741701,162.448936126811,69.0519319558188,Served,50.992146,Stable,0
375,374,2,BS2,Terrestrial,144.900842099444,105.63786164241,53.6985987831655,50.992146,893.334270320412,8.75952808811392,35.8532477518819,8.07566893996548,160.899518254263,53.6985987831655,Served,50.992146,Stable,0
375,374,3,BS1,Terrestrial,158.603762337124,105.018835021597,54.317625403979,101.984292,893.334270320412,8.75952808811392,35.8842606605992,8.87410919163594,160.101078002592,54.317625403979,Served,101.984292,Stable,0
375,374,4,SAT-1,Satellite,961909.265952201,158.573947143001,10.4012400512275,35.8109971280075,188.391482363219,1.75357197017634,35.807456265376,10.4012400512275,158.573947143001,6.41530783372312,Served,35.8109971280075,Stable,0
375,374,5,SAT-1,Satellite,962625.752707021,156.604129081666,12.3710581125619,41.9081902374122,188.391482363219,1.49844601811699,35.7687502537994,12.3710581125619,156.604129081666,8.94417579808081,Served,41.9081902374122,Stable,0
375,374,6,SAT-1,Satellite,957628.782406083,156.705474305422,12.2697128888063,41.5901679149087,188.391482363219,1.50990399741158,36.0401316932651,12.2697128888063,156.705474305422,-4.79351720779971,Served,41.5901679149087,Stable,0
376,375,1,BS2,Terrestrial,295.272687326099,91.7707850398341,67.5656753857418,33.994764,893.334270320412,8.75952808811392,36.1652230045251,8.07619747114865,160.898989723079,67.5656753857418,Served,33.994764,Stable,0
376,375,2,BS2,Terrestrial,144.900842099444,110.145787050402,49.1906733751736,33.994764,893.334270320412,8.75952808811392,36.1462650448131,10.2533521354782,158.72183505875,49.1906733751736,Served,33.994764,Stable,0
376,375,3,BS1,Terrestrial,158.603762337124,115.11611161854,44.220348807036,50.992146,893.334270320412,8.75952808811392,36.177590814311,8.02573048956134,160.949456704667,44.220348807036,Served,50.992146,Stable,0
376,375,4,BS2,Terrestrial,1289.96390375941,154.719477493213,4.61698293236253,12.0058861591663,893.334270320412,24.8026748012645,36.1000061878498,0.621688343529485,168.353498850699,4.61698293236253,Served,12.0056795207488,InTransition,0.0172114256958314
376,375,5,BS1,Terrestrial,2496.53115061175,143.850768218521,15.4856922070552,47.5933824749205,893.334270320412,9.38506808999296,36.0609162535905,10.8864436377678,158.08874355646,15.4856922070552,Served,47.5917971333451,InTransition,0.0333101261755124
376,375,6,SAT-1,Satellite,952292.32087275,156.691478830421,12.2837083638074,124.902184024218,188.391482363219,1.50831215510764,36.3350168595461,12.2837083638074,156.691478830421,-4.40839625435072,Served,124.902184024218,Stable,0
377,376,1,BS2,Terrestrial,295.272687326099,88.9801314649333,70.3563289606425,50.992146,893.334270320412,8.75952808811392,36.4613886873017,0.261694888002893,168.713492306225,70.3563289606425,Served,50.992146,Stable,0
377,376,2,BS2,Terrestrial,144.900842099444,118.40330029553,40.9331601300456,50.992146,893.334270320412,8.75952808811392,36.4422385791656,6.07847637212677,162.896710822101,40.9331601300456,Served,50.992146,Stable,0
377,376,3,BS1,Terrestrial,158.603762337124,98.2527525857628,61.083707839813,50.992146,893.334270320412,8.75952808811392,36.4738812922261,5.40750076627,163.567686427958,61.083707839813,Served,50.992146,Stable,0
377,376,4,SAT-1,Satellite,951223.957886469,157.066817780478,11.9083694137497,60.6895625463298,188.391482363219,1.55209128603788,36.3955061236013,11.9083694137497,157.066817780478,6.52336602468046,Served,59.9193047983818,InTransition,12.6917663537282
377,376,5,BS1,Terrestrial,2496.53115061175,152.932963561813,6.40349686376334,22.2575152770585,893.334270320412,20.0681490993112,36.3560273909915,-1.66786932538349,170.643056519612,6.40349686376334,Served,22.2575152770585,Stable,0
377,376,6,SAT-1,Satellite,946976.251776087,160.462068305052,8.5131188891759,45.2711671238588,188.391482363219,2.08070052455012,36.6328821845731,8.5131188891759,160.462068305052,0.508805164827834,Served,45.2711671238588,Stable,0
378,377,1,BS2,Terrestrial,295.272687326099,91.6545577318133,67.6819026937625,33.994764,893.334270320412,8.75952808811392,36.7605516335563,4.65190782162529,164.323279372603,67.6819026937625,Served,33.994764,Stable,0
378,377,2,BS2,Terrestrial,144.900842099444,115.455176540997,43.8812838845785,33.994764,893.334270320412,8.75952808811392,36.7412068712184,6.18123895085475,162.793948243373,43.8812838845785,Served,33.994764,Stable,0
378,377,3,BS1,Terrestrial,158.603762337124,100.126507753651,59.2099526719246,50.992146,893.334270320412,8.75952808811392,36.7731706475347,9.21424458476892,159.760942609459,59.2099526719246,Served,50.992146,Stable,0
378,377,4,BS2,Terrestrial,1289.96390375941,145.924727717545,13.4117327080309,27.65990431709,893.334270320412,10.7656948734569,36.693994526847,7.4162268389066,161.558960355322,13.4117327080309,Served,27.6594282507021,InTransition,0.0172114256958314
378,377,5,BS1,Terrestrial,2496.53115061175,147.363104108061,11.9733563175149,37.3282779932533,893.334270320412,11.9659185789641,36.6541220817964,11.6835358774663,157.291651316762,11.9733563175149,Served,37.3282779932533,Stable,0
378,377,6,SAT-1,Satellite,941680.926043374,164.657962976476,4.31722421775245,56.6518437948127,188.391482363219,3.32542543620563,36.9337663797721,4.31722421775245,164.657962976476,-5.2338790063155,Served,56.6518437948127,Stable,0
379,378,1,BS2,Terrestrial,295.272687326099,89.1507861712329,70.185674254343,33.994764,893.334270320412,8.75952808811392,37.0627507259252,10.3753322575341,158.599854936694,70.185674254343,Served,33.994764,Stable,0
379,378,2,BS2,Terrestrial,144.900842099444,117.625607518636,41.7108529069403,33.994764,893.334270320412,8.75952808811392,37.0432087814,6.50489007793271,162.470297116295,41.7108529069403,Served,33.994764,Stable,0
379,378,3,BS1,Terrestrial,158.603762337124,96.7807319405954,62.5557284849804,50.992146,893.334270320412,8.75952808811392,37.0754977765668,5.53503158629889,163.440155607929,62.5557284849804,Served,50.992146,Stable,0
379,378,4,BS2,Terrestrial,1289.96390375941,152.903484612814,6.43297581276184,14.8871424513489,893.334270320412,20.0023672158671,36.9955101971357,5.46469131556177,163.510495878666,6.43297581276184,Served,14.8871424513489,Stable,0
379,378,5,BS1,Terrestrial,2496.53115061175,145.455646113385,13.8808143121906,42.861086504109,893.334270320412,10.4212742044555,36.9552390886848,6.0566021857193,162.918585008509,13.8808143121906,Served,42.861086504109,Stable,0
379,378,6,SAT-1,Satellite,936406.701121113,166.085075966858,2.89011122737048,46.754052723394,188.391482363219,4.02941502157639,37.237708493485,2.89011122737048,166.085075966858,-11.2831881494283,Served,46.754052723394,Stable,0
380,379,1,BS2,Terrestrial,295.272687326099,89.1214128500952,70.2150475754807,50.992146,893.334270320412,8.75952808811392,37.3680251807695,11.8472391341927,157.127948060035,70.2150475754807,Served,50.992146,Stable,0
380,379,2,BS2,Terrestrial,144.900842099444,114.405485622191,44.9309748033847,50.992146,893.334270320412,8.75952808811392,37.3482835045147,8.86791267077453,160.107274523454,44.9309748033847,Served,50.992146,Stable,0
380,379,3,BS1,Terrestrial,158.603762337124,115.513940060459,43.8225203651167,50.992146,893.334270320412,8.75952808811392,37.3809019089202,4.81668205543511,164.158505138793,43.8225203651167,Served,50.992146,Stable,0
380,379,4,SAT-1,Satellite,935350.34796531,158.270237825649,10.7049493685788,55.1073700137412,188.391482363219,1.70931294957682,37.3000922697059,10.7049493685788,158.270237825649,3.2222055221483,Served,54.4196315954811,InTransition,12.479971700493
380,379,5,BS1,Terrestrial,2496.53115061175,144.217861729638,15.1185986959381,46.5060037765136,893.334270320412,9.60450477118357,37.2594175117161,12.2698233748352,156.705363819393,15.1185986959381,Served,46.5060037765136,Stable,0
380,379,6,SAT-1,Satellite,931153.941080103,154.667142096449,14.3080450977796,72.0834526579462,188.391482363219,1.30675956420389,37.5447479005526,14.3080450977796,154.667142096449,-5.25458892524492,Served,72.0834526579462,Stable,0
381,380,1,BS2,Terrestrial,295.272687326099,91.1177518516388,68.2187085739371,33.994764,893.334270320412,8.75952808811392,37.6764145374011,7.26244019025671,161.712747003971,68.2187085739371,Served,33.994764,Stable,0
381,380,2,BS2,Terrestrial,144.900842099444,104.621232923067,54.7152275025087,33.994764,893.334270320412,8.75952808811392,37.6564705590305,13.2467006713734,155.728486522855,54.7152275025087,Served,33.994764,Stable,0
381,380,3,BS1,Terrestrial,158.603762337124,113.468499429407,45.8679609961688,101.984292,893.334270320412,8.75952808811392,37.6894225966448,8.70685875208068,160.268328442147,45.8679609961688,Served,101.984292,Stable,0
381,380,4,BS2,Terrestrial,1289.96390375941,146.783696494244,12.5527639313317,25.997391266484,893.334270320412,11.4541527284201,37.6077802049126,8.4321645550221,160.543022639206,12.5527639313317,Served,25.9969438143159,InTransition,0.0172114256958314
381,380,5,SAT-1,Satellite,930800.906928418,162.365514263832,6.60967293039604,37.208141052167,188.391482363219,2.53158955319869,37.5666967778981,6.60967293039604,162.365514263832,-4.25836988687604,Served,36.7460430838921,InTransition,12.4192704931679
381,380,6,SAT-1,Satellite,925923.016720379,158.920906711901,10.0542804823274,52.1374987581723,188.391482363219,1.80667932726336,37.8549242909236,10.0542804823274,158.920906711901,-11.5363020088369,Served,52.1374987581723,Stable,0
382,381,1,BS2,Terrestrial,295.272687326099,91.033393376944,68.3030670486319,50.992146,893.334270320412,8.75952808811392,37.9879586463214,13.1124275906184,155.86275960361,68.3030670486319,Served,50.992146,Stable,0
382,381,2,BS2,Terrestrial,144.900842099444,112.271593194046,47.0648672315296,50.992146,893.334270320412,8.75952808811392,37.9678097753817,3.02337090509729,165.951816289131,47.0648672315296,Served,50.992146,Stable,0
382,381,3,BS1,Terrestrial,158.603762337124,105.249268740626,54.0871916849496,50.992146,893.334270320412,8.75952808811392,38.0010997024367,0.0557986319191741,168.919388562309,54.0871916849496,Served,50.992146,Stable,0
382,381,4,SAT-1,Satellite,924875.029010391,158.466669809852,10.5085173843762,54.2068837973188,188.391482363219,1.73770810242127,37.918613776675,10.5085173843762,158.466669809852,9.02706423258104,Served,53.537959788235,InTransition,12.3402040889286
382,381,5,BS1,Terrestrial,2496.53115061175,145.977580928881,13.358879496695,41.3357470937032,893.334270320412,10.8058319146298,37.8771166297855,10.9406476620738,158.034539532154,13.358879496695,Served,41.334370194752,InTransition,0.0333101261755124
382,381,6,SAT-1,Satellite,920714.305675962,159.42338252414,9.55180467008762,49.8709896356212,188.391482363219,1.88878828894,38.1682776572463,9.55180467008762,159.42338252414,-10.4639236109073,Served,49.8709896356212,Stable,0
383,382,1,BS2,Terrestrial,295.272687326099,91.6435686295764,67.6928917959994,50.992146,893.334270320412,8.75952808811392,38.30269765642,13.4368510741148,155.538336120113,67.6928917959994,Served,50.992146,Stable,0
383,382,2,BS2,Terrestrial,144.900842099444,119.74699332583,39.5894670997458,50.992146,893.334270320412,8.75952808811392,38.2823412832369,11.3334559537497,157.641731240478,39.5894670997458,Served,50.992146,Stable,0
383,382,3,BS1,Terrestrial,158.603762337124,112.213721373719,47.1227390518565,50.992146,893.334270320412,8.75952808811392,38.3159733867918,0.747483883851231,168.227703310377,47.1227390518565,Served,50.992146,Stable,0
383,382,4,SAT-1,Satellite,919670.612409211,157.3358371986,11.6393499956284,59.4326258361998,188.391482363219,1.58491636296231,38.2326330598969,11.6393499956284,157.3358371986,5.43965347313556,Served,59.4326258361998,Stable,0
383,382,5,BS1,Terrestrial,2496.53115061175,148.475717579335,10.8607428462412,34.1641901754303,893.334270320412,13.0741320917196,38.1907171130576,6.56998890019091,162.405198294037,10.8607428462412,Served,34.1641901754303,Stable,0
383,382,6,SAT-1,Satellite,915528.192519229,162.645499772753,6.3296874214748,36.0696855546777,188.391482363219,2.61149327289862,38.4848482813884,6.3296874214748,162.645499772753,-16.697820476545,Served,36.0696855546777,Stable,0
384,383,1,BS2,Terrestrial,295.272687326099,91.5514759959467,67.7849844296292,50.992146,893.334270320412,8.75952808811392,38.6206720010854,12.2245258579206,156.750661336307,67.7849844296292,Served,50.992146,Stable,0
384,383,2,BS2,Terrestrial,144.900842099444,126.539883975513,32.7965764500628,50.992146,893.334270320412,8.75952808811392,38.6001054976804,7.68148764859959,161.293699545629,32.7965764500628,Served,50.992146,Stable,0
384,383,3,BS1,Terrestrial,158.603762337124,109.252664365784,50.083796059792,101.984292,893.334270320412,8.75952808811392,38.6340840940677,10.2892582556665,158.685928938562,50.083796059792,Served,101.984292,Stable,0
384,383,4,SAT-1,Satellite,914488.870026734,156.4956446549,12.4795425393285,42.2490658457733,188.391482363219,1.48635619582632,38.5498784168081,12.4795425393285,156.4956446549,6.4614440878982,Served,42.2490658457733,Stable,0
384,383,5,SAT-1,Satellite,915178.710251239,159.467594665378,9.50759252885049,33.1151826507904,188.391482363219,1.89632536380532,38.507538563025,9.50759252885049,159.467594665378,0.659727163993466,Served,32.7108187738567,InTransition,12.2108303371827
384,383,6,SAT-1,Satellite,910365.068864727,174.704058072233,-5.72887087800484,3.41837936410184,188.391482363219,18.3704481273216,38.8046767198357,-5.72887087800484,174.704058072233,-6.52401998048126,BelowTarget,3.41837936410184,Stable,0
385,384,1,BS2,Terrestrial,295.272687326099,92.8337484457665,66.5027119798093,33.994764,893.334270320412,8.75952808811392,38.9419223831736,11.0548897554411,157.920297438787,66.5027119798093,Served,33.994764,Stable,0
385,384,2,BS2,Terrestrial,144.900842099444,112.419136672427,46.9173237531487,33.994764,893.334270320412,8.75952808811392,38.9211431042555,10.2152952714111,158.759891922817,46.9173237531487,Served,33.994764,Stable,0
385,384,3,BS1,Terrestrial,158.603762337124,103.141049699243,56.1954107263329,50.992146,893.334270320412,8.75952808811392,38.9554725374019,10.4345075718629,158.540679622365,56.1954107263329,Served,50.992146,Stable,0
385,384,4,BS2,Terrestrial,1289.96390375941,148.55276819356,10.7836922320161,22.6314534759475,893.334270320412,13.1577094870765,38.8703904821757,5.82081881468329,163.154368379545,10.7836922320161,Served,22.6310639563676,InTransition,0.0172114256958314
385,384,5,BS1,Terrestrial,2496.53115061175,149.130454958135,10.2060054674404,32.3299067773707,893.334270320412,13.8159116336472,38.8276215900143,10.0247478460192,158.950439348209,10.2060054674404,Served,32.3288298640967,InTransition,0.0333101261755124
385,384,6,SAT-1,Satellite,905225.333472282,159.677449980826,9.29773721340217,97.4694630177296,188.391482363219,1.93282569258589,39.1278037879136,9.29773721340217,159.677449980826,-5.2285928019806,Served,97.4694630177296,Stable,0
386,385,1,BS2,Terrestrial,295.272687326099,86.0536102420309,73.282850183545,33.994764,893.334270320412,8.75952808811392,39.2664897587827,3.91613279558285,165.059054398645,73.282850183545,Served,33.994764,Stable,0
386,385,2,BS2,Terrestrial,144.900842099444,107.796451970694,51.540008454882,33.994764,893.334270320412,8.75952808811392,39.2454950428179,6.19186487362802,162.7833223206,51.540008454882,Served,33.994764,Stable,0
386,385,3,BS1,Terrestrial,158.603762337124,98.9044922142583,60.4319682113176,50.992146,893.334270320412,8.75952808811392,39.2801796824331,12.841664629053,156.133522565175,60.4319682113176,Served,50.992146,Stable,0
386,385,4,BS2,Terrestrial,1289.96390375941,155.533981699496,3.80247872608035,10.805598334343,893.334270320412,27.5577604213168,39.1942101473321,-4.90217294416448,173.877360138393,3.80247872608035,Served,10.805598334343,Stable,0
386,385,5,BS1,Terrestrial,2496.53115061175,144.101084862133,15.2353755634427,46.8516249903063,893.334270320412,9.53365300035212,39.1510070635781,11.333324573515,157.641862620713,15.2353755634427,Served,46.8516249903063,Stable,0
386,385,6,SAT-1,Satellite,900109.392349167,157.6086435012,11.3665436930284,116.326179179774,188.391482363219,1.61951061825965,39.4542705427799,11.3665436930284,157.6086435012,-8.41490779896944,Served,116.326179179774,Stable,0
387,386,1,BS2,Terrestrial,295.272687326099,86.2233456561652,73.1131147694107,50.992146,893.334270320412,8.75952808811392,39.5944153197731,11.3264218621767,157.648765332051,73.1131147694107,Served,50.992146,Stable,0
387,386,2,BS2,Terrestrial,144.900842099444,115.073294025326,44.2631664002502,50.992146,893.334270320412,8.75952808811392,39.5732024901373,10.422395292102,158.552791902126,44.2631664002502,Served,50.992146,Stable,0
387,386,3,BS1,Terrestrial,158.603762337124,96.5384581653762,62.7980022601997,50.992146,893.334270320412,8.75952808811392,39.6082467297666,11.5891978988311,157.385989295397,62.7980022601997,Served,50.992146,Stable,0
387,386,4,SAT-1,Satellite,899083.654415423,157.413564817486,11.5616223767418,59.0703765107874,188.391482363219,1.59463586903678,39.5213785429607,11.5616223767418,157.413564817486,11.1663687223837,Served,58.3617634878272,InTransition,11.9960810277011
387,386,5,BS1,Terrestrial,2496.53115061175,143.302740546816,16.0337198787601,49.2213627202605,893.334270320412,9.07466007592572,39.4777360954709,9.11354292578429,159.861644268444,16.0337198787601,Served,49.2213627202605,Stable,0
387,386,6,SAT-1,Satellite,895017.658851163,165.672846322246,3.3023408719817,24.755366676187,188.391482363219,3.80506346012718,39.7841182651269,3.3023408719817,165.672846322246,-15.18703388219,Served,24.755366676187,Stable,0
388,387,1,BS2,Terrestrial,295.272687326099,91.242681719179,68.0937787063968,33.994764,893.334270320412,8.75952808811392,39.9257404749836,5.55416144779753,163.421025746431,68.0937787063968,Served,33.994764,Stable,0
388,387,2,BS2,Terrestrial,144.900842099444,118.967005812007,40.3694546135684,33.994764,893.334270320412,8.75952808811392,39.9043068411997,11.9289152842967,157.046271909931,40.3694546135684,Served,33.994764,Stable,0
388,387,3,BS1,Terrestrial,158.603762337124,106.717479437668,52.6189809879077,50.992146,893.334270320412,8.75952808811392,39.9397150961319,11.5576416125491,157.417545581679,52.6189809879077,Served,50.992146,Stable,0
388,387,4,BS2,Terrestrial,1289.96390375941,149.163962318522,10.1724981070537,21.4911018962425,893.334270320412,13.8558781929589,39.8519370205887,8.29271571541523,160.682471478813,10.1724981070537,Served,21.4907320037391,InTransition,0.0172114256958314
388,387,5,BS1,Terrestrial,2496.53115061175,144.651080718963,14.6853797066128,45.2262970966246,893.334270320412,9.87627030808901,39.8078500213409,11.6296617058169,157.345525488411,14.6853797066128,Served,45.2262970966246,Stable,0
388,387,6,SAT-1,Satellite,889950.553782278,162.907079750953,6.06810744327481,70.0370161028703,188.391482363219,2.6898844760392,40.1173884395409,6.06810744327481,162.907079750953,-4.80241965216712,Served,70.0370161028703,Stable,0
389,388,1,BS2,Terrestrial,295.272687326099,88.3824618665609,70.953998559015,33.994764,893.334270320412,8.75952808811392,40.260506830077,10.9049297492198,158.070257445008,70.953998559015,Served,33.994764,Stable,0
389,388,2,BS2,Terrestrial,144.900842099444,112.571866757151,46.7645936684246,33.994764,893.334270320412,8.75952808811392,40.2388496891421,9.26705677967379,159.708130414554,46.7645936684246,Served,33.994764,Stable,0
389,388,3,BS1,Terrestrial,158.603762337124,117.736624938085,41.5998354874904,101.984292,893.334270320412,8.75952808811392,40.2746263941682,8.20965973894241,160.765527455286,41.5998354874904,Served,101.984292,Stable,0
389,388,4,BS2,Terrestrial,1289.96390375941,149.200990005041,10.1354704205349,21.4224499330907,893.334270320412,13.9002817622103,40.1859271327223,6.41505538689177,162.560131807336,10.1354704205349,Served,21.4224499330907,Stable,0
389,388,5,SAT-1,Satellite,889607.476870411,153.752601777145,15.222585417083,76.4930670648412,188.391482363219,1.23142847837127,40.1413903810742,15.222585417083,153.752601777145,9.1158018739273,Served,75.5851215502195,InTransition,11.8696445241516
389,388,6,SAT-1,Satellite,884908.505492894,160.446789408344,8.52839778588461,45.3379165646291,188.391482363219,2.07763718139393,40.4541227334535,8.52839778588461,160.446789408344,-6.45421814562008,Served,45.3379165646291,Stable,0
390,389,1,BS2,Terrestrial,295.272687326099,86.6609369852153,72.6755234403606,33.994764,893.334270320412,8.75952808811392,40.5987561659628,15.2445327132462,153.730654480982,72.6755234403606,Served,33.994764,Stable,0
390,389,2,BS2,Terrestrial,144.900842099444,106.561723155652,52.7747372699239,33.994764,893.334270320412,8.75952808811392,40.576872803768,12.243429031095,156.731758163133,52.7747372699239,Served,33.994764,Stable,0
390,389,3,BS1,Terrestrial,158.603762337124,107.998281673113,51.3381787524626,50.992146,893.334270320412,8.75952808811392,40.6130224107833,10.3292070497222,158.645980144506,51.3381787524626,Served,50.992146,Stable,0
390,389,4,BS2,Terrestrial,1289.96390375941,149.394166175129,9.94229425044699,21.0651343879298,893.334270320412,14.1360641058824,40.5233906115705,6.10807643201602,162.867110762212,9.94229425044699,Served,21.0651343879298,Stable,0
390,389,5,BS1,Terrestrial,2496.53115061175,141.549590539021,17.7868698865553,50.992146,893.334270320412,8.75952808811392,40.4783988977353,8.43967958169964,160.535507612528,17.7868698865553,Served,50.9904474451828,InTransition,0.0333101261755124
390,389,6,SAT-1,Satellite,879891.949976088,157.652319928261,11.3228672659668,115.920662914955,188.391482363219,1.62517602665394,40.7943629746298,11.3228672659668,157.652319928261,-14.3298112208566,Served,115.920662914955,Stable,0
391,390,1,BS2,Terrestrial,295.272687326099,91.678324102453,67.6581363231229,50.992146,893.334270320412,8.75952808811392,40.9405304157299,9.54035749009341,159.434829704135,67.6581363231229,Served,50.992146,Stable,0
391,390,2,BS2,Terrestrial,144.900842099444,110.224488134627,49.1119722909493,50.992146,893.334270320412,8.75952808811392,40.9184181085784,12.3407478335657,156.634439360662,49.1119722909493,Served,50.992146,Stable,0
391,390,3,BS1,Terrestrial,158.603762337124,103.40863368289,55.9278267426859,50.992146,893.334270320412,8.75952808811392,40.954945084021,5.85188630245747,163.123300891771,55.9278267426859,Served,50.992146,Stable,0
391,390,4,SAT-1,Satellite,878885.481607848,159.498869383345,9.47631781088265,49.5326830599591,188.391482363219,1.90168865004921,40.8643693462922,9.47631781088265,159.498869383345,6.71559476691797,Served,48.9518338111567,InTransition,11.7265856182126
391,390,5,BS1,Terrestrial,2496.53115061175,141.189146041224,18.1473143843521,50.992146,893.334270320412,8.75952808811392,40.8189174550426,13.5377024557692,155.437484738459,18.1473143843521,Served,50.992146,Stable,0
391,390,6,SAT-1,Satellite,874901.330961889,157.704482212299,11.2707049819288,57.7183631524318,188.391482363219,1.63198912853509,41.1381511271264,11.2707049819288,157.704482212299,1.49829082814222,Served,57.7183631524318,Stable,0
392,391,1,BS2,Terrestrial,295.272687326099,89.8458633979984,69.4905970275774,50.992146,893.334270320412,8.75952808811392,41.2858716400308,4.05102080481939,164.924166389409,69.4905970275774,Served,50.992146,Stable,0
392,391,2,BS2,Terrestrial,144.900842099444,116.531574157296,42.8048862682802,50.992146,893.334270320412,8.75952808811392,41.2635276562565,3.72327747212157,165.251909722107,42.8048862682802,Served,50.992146,Stable,0
392,391,3,BS1,Terrestrial,158.603762337124,106.070578890631,53.2658815349446,50.992146,893.334270320412,8.75952808811392,41.3004364783767,6.77597224615911,162.199214948069,53.2658815349446,Served,50.992146,Stable,0
392,391,4,SAT-1,Satellite,873899.896672437,159.092676419825,9.88251077440307,51.3599189085599,188.391482363219,1.83403212433636,41.2089053587067,9.88251077440307,159.092676419825,5.86049186056016,Served,51.3599189085599,Stable,0
392,391,5,BS1,Terrestrial,2496.53115061175,140.315115194093,19.0213452314833,50.992146,893.334270320412,8.75952808811392,41.162988073316,9.17380141175627,159.801385782472,19.0213452314833,Served,50.992146,Stable,0
392,391,6,SAT-1,Satellite,869937.100009152,156.232605347959,12.7425818462694,64.6161750033101,188.391482363219,1.45777340080535,41.4855292656585,12.7425818462694,156.232605347959,-4.94632625997428,Served,64.6161750033101,Stable,0
393,392,1,BS2,Terrestrial,295.272687326099,89.0722135679313,70.2642468576445,50.992146,893.334270320412,8.75952808811392,41.6348220008535,11.2564674400121,157.718719754216,70.2642468576445,Served,50.992146,Stable,0
393,392,2,BS2,Terrestrial,144.900842099444,107.4862385158,51.8502219097756,50.992146,893.334270320412,8.75952808811392,41.6122436025453,12.306997919459,156.668189274769,51.8502219097756,Served,50.992146,Stable,0
393,392,3,BS1,Terrestrial,158.603762337124,105.795022301794,53.5414381237819,50.992146,893.334270320412,8.75952808811392,41.6495387584972,7.43458785843171,161.540599335796,53.5414381237819,Served,50.992146,Stable,0
393,392,4,SAT-1,Satellite,868940.789594631,160.338269789894,8.63691740433455,45.8128372147912,188.391482363219,2.05609927060351,41.5570407774053,8.63691740433455,160.338269789894,-0.14803569162757,Served,45.8128372147912,Stable,0
393,392,5,BS1,Terrestrial,2496.53115061175,146.353032883263,12.9834275423133,40.2434395240283,893.334270320412,11.0991292107006,41.5106528838356,8.69396105949664,160.281226134731,12.9834275423133,Served,40.2434395240283,Stable,0
393,392,6,SAT-1,Satellite,864999.716594819,162.271346387558,6.7038408066698,37.5940392079555,188.391482363219,2.50560310001688,41.8365395483123,6.7038408066698,162.271346387558,-4.06738346218671,Served,37.5940392079555,Stable,0
394,393,1,BS2,Terrestrial,295.272687326099,90.2310395990767,69.1054208264991,33.994764,893.334270320412,8.75952808811392,41.9874237336139,10.0572860155249,158.917901178703,69.1054208264991,Served,33.994764,Stable,0
394,393,2,BS2,Terrestrial,144.900842099444,110.341553994803,48.9949064307727,33.994764,893.334270320412,8.75952808811392,41.964608178449,6.55991185599277,162.415275338235,48.9949064307727,Served,33.994764,Stable,0
394,393,3,BS1,Terrestrial,158.603762337124,105.356356504442,53.9801039211337,101.984292,893.334270320412,8.75952808811392,42.0022941611995,12.874165056309,156.101022137919,53.9801039211337,Served,101.984292,Stable,0
394,393,4,BS2,Terrestrial,1289.96390375941,148.811768474124,10.524691951452,22.1466103438949,893.334270320412,13.4457637301092,41.9088178101963,3.4572415913388,165.517945602889,10.524691951452,Served,22.1462291691566,InTransition,0.0172114256958314
394,393,5,SAT-1,Satellite,864663.704575606,161.939626161402,7.03556103282645,38.9650383342827,188.391482363219,2.41744253844947,41.8619541015451,7.03556103282645,161.939626161402,6.50504498986908,Served,38.5155052857221,InTransition,11.5368306506978
394,393,6,SAT-1,Satellite,860089.648200189,162.091300352247,6.88388684198137,38.3359546418535,188.391482363219,2.45711218258722,42.1912241875346,6.88388684198137,162.091300352247,-9.89223197291071,Served,38.3359546418535,Stable,0
395,394,1,BS2,Terrestrial,295.272687326099,91.4129699942941,67.9234904312817,50.992146,893.334270320412,8.75952808811392,42.3437191175092,10.0722892885067,158.902897905721,67.9234904312817,Served,50.992146,Stable,0
395,394,2,BS2,Terrestrial,144.900842099444,108.484665359694,50.8517950658818,50.992146,893.334270320412,8.75952808811392,42.3206636607009,13.8421866568176,155.13300053741,50.8517950658818,Served,50.992146,Stable,0
395,394,3,BS1,Terrestrial,158.603762337124,95.21361836573,64.1228420598459,50.992146,893.334270320412,8.75952808811392,42.3587449657464,11.6788811449127,157.296306049315,64.1228420598459,Served,50.992146,Stable,0
395,394,4,SAT-1,Satellite,859103.861313694,156.070055216524,12.9051319777037,65.3859648333021,188.391482363219,1.44061101525008,42.2642787148236,12.9051319777037,156.070055216524,0.500904683807505,Served,64.6364685285751,InTransition,11.4626480872136
395,394,5,BS1,Terrestrial,2496.53115061175,149.018086471116,10.3183739544594,32.6430933223369,893.334270320412,13.6833580920029,42.2169339960391,5.50780965037927,163.467377543849,10.3183739544594,Served,32.6420059767796,InTransition,0.0333101261755124
395,394,6,SAT-1,Satellite,855207.370393924,156.48389127324,12.4912959209881,63.4290366174732,188.391482363219,1.48505710010517,42.5496254193387,12.4912959209881,156.48389127324,0.793170610753407,Served,63.4290366174732,Stable,0
396,395,1,BS2,Terrestrial,295.272687326099,90.2963061966144,69.0401542289615,33.994764,893.334270320412,8.75952808811392,42.703750444059,8.76819768678442,160.206989507444,69.0401542289615,Served,33.994764,Stable,0
396,395,2,BS2,Terrestrial,144.900842099444,116.71269895523,42.6237614703459,33.994764,893.334270320412,8.75952808811392,42.6804523404219,6.63896891194588,162.336218282282,42.6237614703459,Served,33.994764,Stable,0
396,395,3,BS1,Terrestrial,158.603762337124,96.8942234391833,62.4422369863925,50.992146,893.334270320412,8.75952808811392,42.718933462308,11.7999090869259,157.175278107302,62.4422369863925,Served,50.992146,Stable,0
396,395,4,BS2,Terrestrial,1289.96390375941,147.51971177403,11.8167486515455,24.5864636862481,893.334270320412,12.1114648249866,42.6234657678864,1.8107869042525,167.164400289976,11.8167486515455,Served,24.5860405181553,InTransition,0.0172114256958314
396,395,5,BS1,Terrestrial,2496.53115061175,150.299551097145,9.03690932843074,29.1162025641266,893.334270320412,15.3408444722986,42.5756348607625,1.33726659675455,167.637920597474,9.03690932843074,Served,29.1162025641266,Stable,0
396,395,6,SAT-1,Satellite,850353.366911401,159.778952136217,9.19623505801076,96.5654348921856,188.391482363219,1.95092045692701,42.9117854706524,9.19623505801076,159.778952136217,-8.9737929104337,Served,96.5654348921856,Stable,0
397,396,1,BS2,Terrestrial,295.272687326099,94.7276057050099,64.6088547205659,50.992146,893.334270320412,8.75952808811392,43.0675599837766,13.2301435009957,155.745043693232,64.6088547205659,Served,50.992146,Stable,0
397,396,2,BS2,Terrestrial,144.900842099444,113.174947036749,46.1615133888269,50.992146,893.334270320412,8.75952808811392,43.0440164899137,9.17996741939413,159.795219774834,46.1615133888269,Served,50.992146,Stable,0
397,396,3,BS1,Terrestrial,158.603762337124,98.8604357468426,60.4760246787332,101.984292,893.334270320412,8.75952808811392,43.0829019185492,11.287320397641,157.687866796587,60.4760246787332,Served,101.984292,Stable,0
397,396,4,SAT-1,Satellite,849378.482079079,156.089248938254,12.8859382559745,43.5299965918153,188.391482363219,1.44261809566847,42.9864212319019,12.8859382559745,156.089248938254,5.21057774017578,Served,43.0366760769935,InTransition,11.3328865942195
397,396,5,SAT-1,Satellite,850021.937149319,157.98841870533,10.9867684888978,37.60322858742,188.391482363219,1.66999385815366,42.9380989803636,10.9867684888978,157.98841870533,10.751959764276,Served,37.1767526257473,InTransition,11.3414719345517
397,396,6,SAT-1,Satellite,845528.129730114,151.156855707478,17.8183314867497,55.547,188.391482363219,1.1305229947205,43.2777465247503,17.8183314867497,151.156855707478,-11.3668399275521,Served,55.547,Stable,0
398,397,1,BS2,Terrestrial,295.272687326099,91.0584145594673,68.2780458661086,50.992146,893.334270320412,8.75952808811392,43.4351899508947,15.3484504382129,153.626736756015,68.2780458661086,Served,50.992146,Stable,0
398,397,2,BS2,Terrestrial,144.900842099444,109.838109962546,49.4983504630296,50.992146,893.334270320412,8.75952808811392,43.4113983275115,7.46703183878984,161.508155355438,49.4983504630296,Served,50.992146,Stable,0
398,397,3,BS1,Terrestrial,158.603762337124,97.9819884431073,61.3544719824686,101.984292,893.334270320412,8.75952808811392,43.4506925442699,14.6652797440016,154.309907450226,61.3544719824686,Served,101.984292,Stable,0
398,397,4,SAT-1,Satellite,844558.841991304,161.689459858531,7.28572733569743,26.6736941557178,188.391482363219,2.35427310597239,43.3531873204355,7.28572733569743,161.689459858531,4.56790413244045,Served,26.6736941557178,Stable,0
398,397,5,SAT-1,Satellite,845198.287836234,154.65128959484,14.3238975993879,48.1064162037486,188.391482363219,1.30538014974489,43.3043685961268,14.3238975993879,154.65128959484,10.1840627006743,Served,48.1064162037486,Stable,0
398,397,6,SAT-1,Satellite,840732.159140669,159.164069577639,9.81111761658883,34.0250448482271,188.391482363219,1.84561581234805,43.6475506846942,9.81111761658883,159.164069577639,-5.35409203245084,Served,34.0250448482271,Stable,0
399,398,1,BS2,Terrestrial,295.272687326099,87.1998889477472,72.1365714778286,33.994764,893.334270320412,8.75952808811392,43.8066824660864,12.291148699858,156.68403849437,72.1365714778286,Served,33.994764,Stable,0
399,398,2,BS2,Terrestrial,144.900842099444,111.298757093967,48.0377033316089,33.994764,893.334270320412,8.75952808811392,43.7826399804358,12.1820031069691,156.793184087259,48.0377033316089,Served,33.994764,Stable,0
399,398,3,BS1,Terrestrial,158.603762337124,108.174427804623,51.1620326209528,101.984292,893.334270320412,8.75952808811392,43.8223474540367,11.5355291101404,157.439658084088,51.1620326209528,Served,101.984292,Stable,0
399,398,4,BS2,Terrestrial,1289.96390375941,145.561556234457,13.7749041911193,28.3673042751006,893.334270320412,10.4972290359003,43.7238061612392,8.97926165143602,159.995925542792,13.7749041911193,Served,28.3668160333509,InTransition,0.0172114256958314
399,398,5,SAT-1,Satellite,840403.936262752,160.138278272885,8.83690892134294,46.691800116937,188.391482363219,2.01739365254073,43.6744858694243,8.83690892134294,160.138278272885,1.83566869187399,Served,46.691800116937,Stable,0
399,398,6,SAT-1,Satellite,835965.963813014,160.144841174135,8.83034602009309,46.6628807927733,188.391482363219,2.01864393242085,44.0212399347207,8.83034602009309,160.144841174135,-11.7161978820023,Served,46.6628807927733,Stable,0
400,399,1,BS2,Terrestrial,295.272687326099,92.3737369236669,66.9627235019089,50.992146,893.334270320412,8.75952808811392,44.1820795171113,9.64508074761213,159.330106446616,66.9627235019089,Served,50.992146,Stable,0
400,399,2,BS2,Terrestrial,144.900842099444,120.181842890129,39.154617535447,50.992146,893.334270320412,8.75952808811392,44.1577834455724,13.3994953453243,155.575691848904,39.154617535447,Served,50.992146,Stable,0
400,399,3,BS1,Terrestrial,158.603762337124,102.097358515582,57.2391019099942,50.992146,893.334270320412,8.75952808811392,44.1979086277363,3.31234975480186,165.662837439426,57.2391019099942,Served,50.992146,Stable,0
400,399,4,SAT-1,Satellite,835008.17076279,156.153891320969,12.8212958732595,64.9887630799123,188.391482363219,1.44941581771272,44.0983197573263,12.8212958732595,156.153891320969,11.5157865183702,Served,64.264713535217,InTransition,11.1411497985422
400,399,5,BS1,Terrestrial,2496.53115061175,145.806663569339,13.5297968562372,41.8344019670338,893.334270320412,10.6770292906825,44.0484928431171,11.13116502108,157.844022173148,13.5297968562372,Served,41.8330084578258,InTransition,0.0333101261755124
400,399,6,SAT-1,Satellite,831230.060857508,155.034329057807,13.9408581364216,70.3219635459347,188.391482363219,1.33949247762515,44.3988560995058,13.9408581364216,155.034329057807,-8.49598786808568,Served,70.3219635459347,Stable,0
401,400,1,BS2,Terrestrial,295.272687326099,92.6685172830715,66.6679431425044,33.994764,893.334270320412,8.75952808811392,44.5614229173195,14.2347476358918,154.740439558336,66.6679431425044,Served,33.994764,Stable,0
401,400,2,BS2,Terrestrial,144.900842099444,116.171406898922,43.1650535266539,33.994764,893.334270320412,8.75952808811392,44.5368705481168,9.85045540105739,159.124731793171,43.1650535266539,Served,33.994764,Stable,0
401,400,3,BS1,Terrestrial,158.603762337124,105.709925988243,53.6265344373327,50.992146,893.334270320412,8.75952808811392,44.5774178689852,-1.26596388286868,170.241151077097,53.6265344373327,Served,50.992146,Stable,0
401,400,4,BS2,Terrestrial,1289.96390375941,144.940653610499,14.3958068150772,29.5821516748626,893.334270320412,10.0661403328494,44.4767699459186,10.7881833461313,158.187003848097,14.3958068150772,Served,29.5816425238572,InTransition,0.0172114256958314
401,400,5,BS1,Terrestrial,2496.53115061175,139.036673705236,20.2997867203397,50.992146,893.334270320412,8.75952808811392,44.4264314008389,11.2359179596492,157.739269234579,20.2997867203397,Served,50.992146,Stable,0
401,400,6,SAT-1,Satellite,826524.975880323,158.20643282569,10.7687543685386,110.801119259307,188.391482363219,1.70026696140431,44.7804408012399,10.7687543685386,158.20643282569,-3.86374422191864,Served,110.801119259307,Stable,0
402,401,1,BS2,Terrestrial,295.272687326099,90.2930938710697,69.0433665545062,33.994764,893.334270320412,8.75952808811392,44.944754261951,13.9815709953159,154.993616198912,69.0433665545062,Served,33.994764,Stable,0
402,401,2,BS2,Terrestrial,144.900842099444,119.420041131754,39.9164192938216,33.994764,893.334270320412,8.75952808811392,44.9199428980164,11.7951450608764,157.180042133352,39.9164192938216,Served,33.994764,Stable,0
402,401,3,BS1,Terrestrial,158.603762337124,100.642822195841,58.6936382297353,101.984292,893.334270320412,8.75952808811392,44.9609167613306,10.2697520512346,158.705435142994,58.6936382297353,Served,101.984292,Stable,0
402,401,4,BS2,Terrestrial,1289.96390375941,148.158676566002,11.177783859574,23.3734328273529,893.334270320412,12.7400237828278,44.859198355199,10.8075883546798,158.167598839548,11.177783859574,Served,23.3734328273529,Stable,0
402,401,5,SAT-1,Satellite,826201.802589882,160.931176137341,8.04401105688751,43.236239465354,188.391482363219,2.17862937078721,44.8083432240985,8.04401105688751,160.931176137341,-1.42994668185946,Served,42.7596182825291,InTransition,11.023650269279
402,401,6,SAT-1,Satellite,821851.243032806,154.652907187909,14.3222800063194,72.1518512779213,188.391482363219,1.30552078031619,45.1660354144488,14.3222800063194,154.652907187909,-6.03701828528165,Served,72.1518512779213,Stable,0
403,402,1,BS2,Terrestrial,295.272687326099,90.0761573218799,69.260303103696,50.992146,893.334270320412,8.75952808811392,45.3321148821649,8.61358784826092,160.361599345967,69.260303103696,Served,50.992146,Stable,0
403,402,2,BS2,Terrestrial,144.900842099444,110.681357312991,48.6551031125852,50.992146,893.334270320412,8.75952808811392,45.3070418441463,12.0777330483051,156.897454145923,48.6551031125852,Served,50.992146,Stable,0
403,402,3,BS1,Terrestrial,158.603762337124,106.422754049183,52.9137063763931,101.984292,893.334270320412,8.75952808811392,45.3484466221782,8.4438122977291,160.531374896499,52.9137063763931,Served,101.984292,Stable,0
403,402,4,SAT-1,Satellite,820911.468764582,157.888679079646,11.0865081145823,37.9103642931604,188.391482363219,1.65646418752745,45.2456463588054,11.0865081145823,157.888679079646,-5.08088169155573,Served,37.4951296599623,InTransition,10.9530636526498
403,402,5,SAT-1,Satellite,821529.819028185,158.256068488183,10.7191187060447,36.7816335879666,188.391482363219,1.70729667668388,45.1942697471358,10.7191187060447,158.256068488183,7.51714570100469,Served,36.7816335879666,Stable,0
403,402,6,SAT-1,Satellite,817209.405054251,164.187381395706,4.78780579852184,20.041360922475,188.391482363219,3.1333780690171,45.5556810184947,4.78780579852184,164.187381395706,-6.02648754072771,Served,20.041360922475,Stable,0
404,403,1,BS2,Terrestrial,295.272687326099,88.8702162757145,70.4662441498614,33.994764,893.334270320412,8.75952808811392,45.7235457967328,5.36285049211762,163.61233670211,70.4662441498614,Served,33.994764,Stable,0
404,403,2,BS2,Terrestrial,144.900842099444,117.308699722446,42.0277607031296,33.994764,893.334270320412,8.75952808811392,45.6982084261554,11.9557297047724,157.019457489456,42.0277607031296,Served,33.994764,Stable,0
404,403,3,BS1,Terrestrial,158.603762337124,106.592133499855,52.7443269257212,50.992146,893.334270320412,8.75952808811392,45.7400484543821,2.12215054924471,166.853036644983,52.7443269257212,Served,50.992146,Stable,0
404,403,4,BS2,Terrestrial,1289.96390375941,155.128020984485,4.20843944109129,11.3961000801791,893.334270320412,26.129824063648,45.6361550280008,3.995375311809,164.979811882419,4.20843944109129,Served,11.3959039370493,InTransition,0.0172114256958314
404,403,5,BS1,Terrestrial,2496.53115061175,145.899713996165,13.4367464294109,41.5628200486839,893.334270320412,10.7467956851102,45.5842521094659,9.3518049008365,159.623382293392,13.4367464294109,Served,41.5614355859038,InTransition,0.0333101261755124
404,403,6,SAT-1,Satellite,812600.013307609,163.399060121999,5.57612707222864,66.1512363809736,188.391482363219,2.84789057120939,45.9494183476937,5.57612707222864,163.399060121999,-9.5078069534452,Served,66.1512363809736,Stable,0
405,404,1,BS2,Terrestrial,295.272687326099,93.1018484149026,66.2346120106733,33.994764,893.334270320412,8.75952808811392,46.1190876613391,10.8477346502409,158.127452543987,66.2346120106733,Served,33.994764,Stable,0
405,404,2,BS2,Terrestrial,144.900842099444,111.384906660595,47.9515537649811,33.994764,893.334270320412,8.75952808811392,46.0934833239207,13.3790791333094,155.596108060919,47.9515537649811,Served,33.994764,Stable,0
405,404,3,BS1,Terrestrial,158.603762337124,106.91774399896,52.4187164266154,101.984292,893.334270320412,8.75952808811392,46.1357628954376,6.02648624995351,162.948700944275,52.4187164266154,Served,101.984292,Stable,0
405,404,4,BS2,Terrestrial,1289.96390375941,147.262038670075,12.0744217555009,25.0788547132512,893.334270320412,11.8736718048557,46.0307650814593,10.4677185073855,158.507468686843,12.0744217555009,Served,25.0788547132512,Stable,0
405,404,5,SAT-1,Satellite,812282.190496179,154.751043754313,14.2241434399149,71.6804695529977,188.391482363219,1.31410608453066,45.9783311060518,14.2241434399149,154.751043754313,11.2468100315281,Served,70.9036018597577,InTransition,10.8379269567372
405,404,6,SAT-1,Satellite,808023.62780766,160.69966118586,8.27552600836822,44.2369646619871,188.391482363219,2.12934458549214,46.3472877389895,8.27552600836822,160.69966118586,-16.3349153807334,Served,44.2369646619871,Stable,0
406,405,1,BS2,Terrestrial,295.272687326099,88.3352239100202,71.0012365155556,50.992146,893.334270320412,8.75952808811392,46.518780715425,11.318393918398,157.65679327583,71.0012365155556,Served,50.992146,Stable,0
406,405,2,BS2,Terrestrial,144.900842099444,114.7274491254,44.6090113001754,50.992146,893.334270320412,8.75952808811392,46.4929068045508,14.7790624105587,154.196124783669,44.6090113001754,Served,50.992146,Stable,0
406,405,3,BS1,Terrestrial,158.603762337124,106.504410306089,52.8320501194871,101.984292,893.334270320412,8.75952808811392,46.5356301642163,7.39782687239963,161.577360321828,52.8320501194871,Served,101.984292,Stable,0
406,405,4,SAT-1,Satellite,807102.84577463,154.761525102859,14.2136620913687,47.753431349408,188.391482363219,1.3150292871785,46.4295168326054,14.2136620913687,154.761525102859,5.32592393671388,Served,47.2391831845978,InTransition,10.7688212193067
406,405,5,SAT-1,Satellite,807707.658079711,157.718629456871,11.2565577373575,38.4351814505118,188.391482363219,1.63384582608503,46.3765471350437,11.2565577373575,157.718629456871,-3.8183590904865,Served,38.4351814505118,Stable,0
406,405,6,SAT-1,Satellite,803480.81724104,157.557540736379,11.4176464578487,38.9336659654906,188.391482363219,1.61292699339951,46.7493290771222,11.4176464578487,157.557540736379,-7.36004700624437,Served,38.9336659654906,Stable,0
407,406,1,BS2,Terrestrial,295.272687326099,94.0277958441156,65.3086645814603,50.992146,893.334270320412,8.75952808811392,46.9226647265219,10.3819145978908,158.593272596337,65.3086645814603,Served,50.992146,Stable,0
407,406,2,BS2,Terrestrial,144.900842099444,110.028113609257,49.308346816319,50.992146,893.334270320412,8.75952808811392,46.8965186668815,9.08809697814928,159.887090216079,49.308346816319,Served,50.992146,Stable,0
407,406,3,BS1,Terrestrial,158.603762337124,107.01820282707,52.3182575985059,101.984292,893.334270320412,8.75952808811392,46.9396900051863,12.5241396362107,156.451047558017,52.3182575985059,Served,101.984292,Stable,0
407,406,4,SAT-1,Satellite,802566.590397894,155.025364021185,13.9498231730429,46.9099361375799,188.391482363219,1.33867504324808,46.8324501344514,13.9498231730429,155.025364021185,2.78730869930635,Served,46.9099361375799,Stable,0
407,406,5,SAT-1,Satellite,803166.736377327,157.700675338049,11.2745118561795,38.4906770186456,188.391482363219,1.6314901594825,46.7789401430279,11.2745118561795,157.700675338049,3.19659624105699,Served,38.4906770186456,Stable,0
407,406,6,SAT-1,Satellite,798972.158977598,153.590362411373,15.3848247828549,51.518888005126,188.391482363219,1.21891529921009,47.155581737237,15.3848247828549,153.590362411373,-6.78062167169728,Served,51.518888005126,Stable,0
408,407,1,BS2,Terrestrial,295.272687326099,92.1797189971718,67.156741428404,50.992146,893.334270320412,8.75952808811392,47.3307789320176,12.9848218867587,155.990365307469,67.156741428404,Served,50.992146,Stable,0
408,407,2,BS2,Terrestrial,144.900842099444,110.123227309883,49.2132331156927,50.992146,893.334270320412,8.75952808811392,47.3043581834071,12.1664444692026,156.808742725025,49.2132331156927,Served,50.992146,Stable,0
408,407,3,BS1,Terrestrial,158.603762337124,101.778459191677,57.5580012338984,101.984292,893.334270320412,8.75952808811392,47.3479816300636,11.6417249623422,157.333462231886,57.5580012338984,Served,101.984292,Stable,0
408,407,4,SAT-1,Satellite,798064.602462749,158.400673519108,10.5745136751199,36.3393737732245,188.391482363219,1.72807492995406,47.2396043218746,10.5745136751199,158.400673519108,9.03809072695489,Served,36.3393737732245,Stable,0
408,407,5,SAT-1,Satellite,798660.003354334,165.216805963343,3.75838123088471,17.5529546825034,188.391482363219,3.57758348515166,47.1855495677294,3.75838123088471,165.216805963343,-1.76579980239083,Served,17.5529546825034,Stable,0
408,407,6,SAT-1,Satellite,794498.239072521,161.732118731969,7.24306846225937,26.554383975539,188.391482363219,2.36485097321731,47.5660845248766,7.24306846225937,161.732118731969,-8.45215943025715,Served,26.554383975539,Stable,0
409,408,1,BS2,Terrestrial,295.272687326099,92.7010354433647,66.6354249822111,50.992146,893.334270320412,8.75952808811392,47.7431619783075,12.3002348001446,156.674952394084,66.6354249822111,Served,50.992146,Stable,0
409,408,2,BS2,Terrestrial,144.900842099444,120.276870947893,39.0595894776829,50.992146,893.334270320412,8.75952808811392,47.7164640396012,10.9434137076872,158.031773486541,39.0595894776829,Served,50.992146,Stable,0
409,408,3,BS1,Terrestrial,158.603762337124,111.130991531776,48.2054688938,50.992146,893.334270320412,8.75952808811392,47.7605436568458,9.90898439993745,159.066202794291,48.2054688938,Served,50.992146,Stable,0
409,408,4,SAT-1,Satellite,793597.469776187,157.354414173981,11.620773020247,59.3460098053347,188.391482363219,1.58722956253652,47.6510181512857,11.620773020247,157.354414173981,9.83871756852372,Served,59.3460098053347,Stable,0
409,408,5,BS1,Terrestrial,2496.53115061175,142.509065750129,16.8273946754473,50.992146,893.334270320412,8.75952808811392,47.596414278118,-1.39438823984207,170.36957543407,16.8273946754473,Served,50.9904474451828,InTransition,0.0333101261755124
409,408,6,SAT-1,Satellite,790059.652258632,159.439131998417,9.5360551958116,49.8003570532542,188.391482363219,1.89146718528304,47.9808756133104,9.5360551958116,159.439131998417,-6.5272571355666,Served,49.8003570532542,Stable,0
410,409,1,BS2,Terrestrial,295.272687326099,89.8488886712532,69.4875717543226,33.994764,893.334270320412,8.75952808811392,48.1598518572815,15.5364020204611,153.438785173767,69.4875717543226,Served,33.994764,Stable,0
410,409,2,BS2,Terrestrial,144.900842099444,109.079723163941,50.2567372616346,33.994764,893.334270320412,8.75952808811392,48.1328742705745,10.0966778834358,158.878509310792,50.2567372616346,Served,33.994764,Stable,0
410,409,3,BS1,Terrestrial,158.603762337124,96.2425742632464,63.0938861623295,101.984292,893.334270320412,8.75952808811392,48.1774140461791,9.38887385055821,159.58631334367,63.0938861623295,Served,101.984292,Stable,0
410,409,4,BS2,Terrestrial,1289.96390375941,144.893285179675,14.4431752459005,29.6750932330663,893.334270320412,10.0346134641625,48.0667297376379,9.09122397168963,159.883963222538,14.4431752459005,Served,29.6745824824041,InTransition,0.0172114256958314
410,409,5,SAT-1,Satellite,789751.4586363,156.958695256967,12.0164919372608,61.1960874546416,188.391482363219,1.53924450237815,48.011572511868,12.0164919372608,156.958695256967,11.1874895049338,Served,60.5512453575114,InTransition,10.5373092292575
410,409,6,SAT-1,Satellite,785657.001928167,160.27596922086,8.69921797336784,46.0861350547543,188.391482363219,2.04390628699275,48.3999924781512,8.69921797336784,160.27596922086,-2.21353631761968,Served,46.0861350547543,Stable,0
411,410,1,BS2,Terrestrial,295.272687326099,90.3873862290571,68.9490741965188,50.992146,893.334270320412,8.75952808811392,48.5808858401057,11.8381134101756,157.137073784053,68.9490741965188,Served,50.992146,Stable,0
411,410,2,BS2,Terrestrial,144.900842099444,111.275000093032,48.0614603325439,50.992146,893.334270320412,8.75952808811392,48.5536261950304,10.672649042768,158.30253815146,48.0614603325439,Served,50.992146,Stable,0
411,410,3,BS1,Terrestrial,158.603762337124,101.075763910218,58.2606965153575,101.984292,893.334270320412,8.75952808811392,48.5986300350178,10.7788458512874,158.196341342941,58.2606965153575,Served,101.984292,Stable,0
411,410,4,SAT-1,Satellite,784770.164738152,156.03986221171,12.9353249825183,43.6860708333321,188.391482363219,1.43746415252859,48.4867764887338,12.9353249825183,156.03986221171,1.16822169309106,Served,43.2286407133971,InTransition,10.4708459975755
411,410,5,SAT-1,Satellite,785350.846264964,155.302311779734,13.6728754144943,46.0266660520792,188.391482363219,1.36436475143962,48.4310618101295,13.6728754144943,155.302311779734,13.6279865831825,Served,46.0266660520792,Stable,0
411,410,6,SAT-1,Satellite,781290.900103554,162.038006509145,6.93718068508335,25.7043839731414,188.391482363219,2.44305254906542,48.8234718292186,6.93718068508335,162.038006509145,-12.3214014308855,Served,25.7043839731414,Stable,0
412,411,1,BS2,Terrestrial,295.272687326099,90.7860892161764,68.5503712093995,33.994764,893.334270320412,8.75952808811392,49.0063004082609,7.23477300810777,161.74041418612,68.5503712093995,Served,33.994764,Stable,0
412,411,2,BS2,Terrestrial,144.900842099444,123.025826804524,36.3106336210515,33.994764,893.334270320412,8.75952808811392,48.9787563464797,-6.79781009294891,175.772997287177,36.3106336210515,Served,33.994764,Stable,0
412,411,3,BS1,Terrestrial,158.603762337124,102.718208935653,56.6182514899233,101.984292,893.334270320412,8.75952808811392,49.0242280675382,9.38482102809897,159.590366166129,56.6182514899233,Served,101.984292,Stable,0
412,411,4,BS2,Terrestrial,1289.96390375941,146.643781733635,12.6926786919413,26.2670961544354,893.334270320412,11.3365439543085,48.91119503679,7.42833781722675,161.546849377001,12.6926786919413,Served,26.2666440602616,InTransition,0.0172114256958314
412,411,5,SAT-1,Satellite,780986.821171695,153.692394330815,15.2827928634127,76.7843827073639,188.391482363219,1.22675650777323,48.8549189495695,15.2827928634127,153.692394330815,-0.550116273885891,Served,76.7843827073639,Stable,0
412,411,6,SAT-1,Satellite,776961.967396358,156.019397736445,12.9557894577827,65.6261532883289,188.391482363219,1.43533845062897,49.2513495396118,12.9557894577827,156.019397736445,-17.3021183653235,Served,65.6261532883289,Stable,0
413,412,1,BS2,Terrestrial,295.272687326099,88.8884500524419,70.4480103731339,33.994764,893.334270320412,8.75952808811392,49.4361311818063,12.3106938824367,156.664493311791,70.4480103731339,Served,33.994764,Stable,0
413,412,2,BS2,Terrestrial,144.900842099444,107.365289424749,51.9711710008272,33.994764,893.334270320412,8.75952808811392,49.4083004016821,7.48723313481906,161.487954059409,51.9711710008272,Served,33.994764,Stable,0
413,412,3,BS1,Terrestrial,158.603762337124,100.293042069229,59.0434183563471,50.992146,893.334270320412,8.75952808811392,49.4542437232767,14.0193565145427,154.955830679685,59.0434183563471,Served,50.992146,Stable,0
413,412,4,BS2,Terrestrial,1289.96390375941,148.951033917363,10.3854265082133,21.886871766714,893.334270320412,13.6053289515622,49.3400211672278,7.79695071117783,161.17823648305,10.3854265082133,Served,21.886871766714,Stable,0
413,412,5,BS1,Terrestrial,2496.53115061175,147.915267025154,11.4211934004218,35.7511942492622,893.334270320412,12.4937682373904,49.2831798716524,10.5810438140779,158.39414338015,11.4211934004218,Served,35.7500033724708,InTransition,0.0333101261755124
413,412,6,SAT-1,Satellite,772670.832953898,156.236346594886,12.7388405993418,129.19694895744,188.391482363219,1.45817284296148,49.6836605719619,12.7388405993418,156.236346594886,-7.19801834444414,Served,129.19694895744,Stable,0
414,413,1,BS2,Terrestrial,295.272687326099,89.9158806877588,69.4205797378171,33.994764,893.334270320412,8.75952808811392,49.870412844842,12.3286288570048,156.646558337223,69.4205797378171,Served,33.994764,Stable,0
414,413,2,BS2,Terrestrial,144.900842099444,109.123924773383,50.2125356521932,33.994764,893.334270320412,8.75952808811392,49.8422931062875,8.95652594837952,160.018661245849,50.2125356521932,Served,33.994764,Stable,0
414,413,3,BS1,Terrestrial,158.603762337124,114.780510773899,44.5559496516771,50.992146,893.334270320412,8.75952808811392,49.8887116424636,12.3623991155506,156.612788078677,44.5559496516771,Served,50.992146,Stable,0
414,413,4,BS2,Terrestrial,1289.96390375941,146.628802449399,12.7076579761767,26.2959973140818,893.334270320412,11.324084291237,49.7732897446586,12.0211357983551,156.954051395873,12.7076579761767,Served,26.2959973140818,Stable,0
414,413,5,BS1,Terrestrial,2496.53115061175,146.538921858039,12.7975385675365,39.7042795240473,893.334270320412,11.2498486438893,49.7158796091294,9.14094110938248,159.834246084846,12.7975385675365,Served,39.7042795240473,Stable,0
414,413,6,SAT-1,Satellite,768418.134392718,159.08209408209,9.89309311213853,102.815484158515,188.391482363219,1.83232597604431,50.1204389018362,9.89309311213853,159.08209408209,-3.64873008826106,Served,102.815484158515,Stable,0
415,414,1,BS2,Terrestrial,295.272687326099,92.4614179348497,66.8750424907262,50.992146,893.334270320412,8.75952808811392,50.309179068152,11.2977111420764,157.677476052152,66.8750424907262,Served,50.992146,Stable,0
415,414,2,BS2,Terrestrial,144.900842099444,111.427728533335,47.9087318922409,50.992146,893.334270320412,8.75952808811392,50.2807681976593,15.033258934286,153.941928259942,47.9087318922409,Served,50.992146,Stable,0
415,414,3,BS1,Terrestrial,158.603762337124,109.669754181053,49.6667062445231,101.984292,893.334270320412,8.75952808811392,50.3276654485381,13.1440583467524,155.831128847476,49.6667062445231,Served,101.984292,Stable,0
415,414,4,SAT-1,Satellite,767560.640765307,160.959473519494,8.01571367473414,28.7429417531604,188.391482363219,2.18478544496353,50.211034636046,8.01571367473414,160.959473519494,3.11066936936837,Served,28.4485787670237,InTransition,10.2412268258637
415,414,5,SAT-1,Satellite,768120.524274002,158.549017703068,10.4261694911601,35.8869094536008,188.391482363219,1.74986260293414,50.153052209717,10.4261694911601,158.549017703068,5.3505477879543,Served,35.5191153884936,InTransition,10.2486971073035
415,414,6,SAT-1,Satellite,764204.517718315,156.0467993456,12.928387848628,43.6641425702908,188.391482363219,1.43818605132686,50.5617174382781,12.928387848628,156.0467993456,-10.4309531029042,Served,43.6641425702908,Stable,0
416,415,1,BS2,Terrestrial,295.272687326099,93.2262033554171,66.1102570701588,50.992146,893.334270320412,8.75952808811392,50.752462429015,14.6073051875622,154.367882006666,66.1102570701588,Served,50.992146,Stable,0
416,415,2,BS2,Terrestrial,144.900842099444,115.94457058712,43.391889838456,50.992146,893.334270320412,8.75952808811392,50.7237583248647,9.1338637455936,159.841323448635,43.391889838456,Served,50.992146,Stable,0
416,415,3,BS1,Terrestrial,158.603762337124,108.7869344498,50.5495259757762,101.984292,893.334270320412,8.75952808811392,50.7711376678273,14.5727390525511,154.402448141677,50.5495259757762,Served,101.984292,Stable,0
416,415,4,SAT-1,Satellite,763354.678202171,158.93888619268,10.0363010015476,34.7039843945095,188.391482363219,1.80950867410125,50.6532886310277,10.0363010015476,158.93888619268,7.3881947770634,Served,34.7039843945095,Stable,0
416,415,5,SAT-1,Satellite,763909.145395777,158.13327789679,10.8419092974384,37.1580818126787,188.391482363219,1.69000006793441,50.5947306569487,10.8419092974384,158.13327789679,2.28440729468343,Served,37.1580818126787,Stable,0
416,415,6,SAT-1,Satellite,760030.637230336,157.819127825988,11.1560593682396,38.1248410967505,188.391482363219,1.64714550883969,51.0075279414687,11.1560593682396,157.819127825988,-6.87349234691635,Served,38.1248410967505,Stable,0
417,416,1,BS2,Terrestrial,295.272687326099,89.734966560888,69.6014938646878,101.984292,893.334270320412,8.75952808811392,51.2002943281792,7.82358445465928,161.151602739569,69.6014938646878,Served,101.984292,Stable,0
417,416,2,BS1,Terrestrial,565.376556244471,127.560612180694,31.7758482448821,50.992146,893.334270320412,8.75952808811392,51.1712949658302,11.7248442325221,157.250342961706,31.7758482448821,Served,50.9917613370356,InTransition,0.00754357277719736
417,416,3,BS1,Terrestrial,158.603762337124,103.763125709522,55.5733347160534,50.992146,893.334270320412,8.75952808811392,51.2191596463902,11.2844679707737,157.690719223454,55.5733347160534,Served,50.992146,Stable,0
417,416,4,SAT-1,Satellite,759188.582490617,154.705021302555,14.270165891673,47.9343216621975,188.391482363219,1.3100667457085,51.1000833593909,14.270165891673,154.705021302555,13.911278283436,Served,47.9343216621975,Stable,0
417,416,5,SAT-1,Satellite,759737.544451412,157.579677461823,11.3955097324049,38.8650897486935,188.391482363219,1.61577295186487,51.0409467881953,11.3955097324049,157.579677461823,8.63643937107403,Served,38.8650897486935,Stable,0
417,416,6,SAT-1,Satellite,755897.155412619,157.908603561452,11.0665836327762,37.8489682580427,188.391482363219,1.65915119164168,51.4579009375091,11.0665836327762,157.908603561452,-9.09153845806986,Served,37.8489682580427,Stable,0
418,417,1,BS2,Terrestrial,295.272687326099,90.2794564245027,69.0570040010732,50.992146,893.334270320412,8.75952808811392,51.6527049040063,8.87774508425235,160.097442109976,69.0570040010732,Served,50.992146,Stable,0
418,417,2,BS2,Terrestrial,144.900842099444,120.640268616545,38.6961918090313,50.992146,893.334270320412,8.75952808811392,51.6234083416641,10.2366105773188,158.738576616909,38.6961918090313,Served,50.9920474143992,InTransition,0.00193334873153406
418,417,3,BS1,Terrestrial,158.603762337124,108.768119148125,50.5683412774504,50.992146,893.334270320412,8.75952808811392,51.6717614640289,11.2371257621502,157.738061432078,50.5683412774504,Served,50.992146,Stable,0
418,417,4,SAT-1,Satellite,755063.017767771,159.261334188499,9.71385300572871,50.5992089604546,188.391482363219,1.86160501550977,51.5514492057034,9.71385300572871,159.261334188499,2.52245058479869,Served,50.5992089604546,Stable,0
418,417,5,BS1,Terrestrial,2496.53115061175,144.036515508347,15.2999449172288,47.0428456210756,893.334270320412,9.49490043094025,51.4917312098539,8.71420509070632,160.260982103522,15.2999449172288,Served,47.0412786179523,InTransition,0.0333101261755124
418,417,6,SAT-1,Satellite,751804.742807239,161.721052752523,7.25413444170496,39.8779739721191,188.391482363219,2.36209946993462,51.9128656303258,7.25413444170496,161.721052752523,-11.2065257437509,Served,39.8779739721191,Stable,0
419,418,1,BS2,Terrestrial,295.272687326099,89.368389363818,69.9680710617579,50.992146,893.334270320412,8.75952808811392,52.1097229437978,11.7385347132689,157.236652480959,69.9680710617579,Served,50.992146,Stable,0
419,418,2,BS2,Terrestrial,144.900842099444,108.119413177784,51.2170472477914,50.992146,893.334270320412,8.75952808811392,52.0801273281609,4.05037305067458,164.924814143554,51.2170472477914,Served,50.992146,Stable,0
419,418,3,BS1,Terrestrial,158.603762337124,104.472958349592,54.8635020759834,101.984292,893.334270320412,8.75952808811392,52.1289718454832,12.524543766367,156.450643427861,54.8635020759834,Served,101.984292,Stable,0
419,418,4,SAT-1,Satellite,750978.656203897,157.266072709207,11.7091144850211,39.8387451014388,188.391482363219,1.57628360601829,52.0074152211109,11.7091144850211,157.266072709207,5.06550855795862,Served,39.8387451014388,Stable,0
419,418,5,SAT-1,Satellite,751516.336689228,160.683599569506,8.2915876247225,29.5377676208401,188.391482363219,2.12599549139366,51.9471132097178,8.2915876247225,160.683599569506,2.9424607832681,Served,29.2415878561524,InTransition,10.0271546749749
419,418,6,SAT-1,Satellite,747754.077871928,155.755641320196,13.2195458740319,44.5859226148972,188.391482363219,1.40845264838722,52.3724498107141,13.2195458740319,155.755641320196,-1.77696040699146,Served,44.5859226148972,Stable,0
420,419,1,BS2,Terrestrial,295.272687326099,89.3377475612031,69.9987128643727,33.994764,893.334270320412,8.75952808811392,52.5713757923258,11.3951924480531,157.579994746175,69.9987128643727,Served,33.994764,Stable,0
420,419,2,BS2,Terrestrial,144.900842099444,112.238990500409,47.0974699251672,33.994764,893.334270320412,8.75952808811392,52.5414793645071,12.515738412892,156.459448781336,47.0974699251672,Served,33.994764,Stable,0
420,419,3,BS1,Terrestrial,158.603762337124,102.226516384323,57.1099440412529,101.984292,893.334270320412,8.75952808811392,52.590818068827,7.49963247889528,161.475554715333,57.1099440412529,Served,101.984292,Stable,0
420,419,4,BS2,Terrestrial,1289.96390375941,141.73461332997,17.6018470956061,33.994764,893.334270320412,8.75952808811392,52.4680090323172,10.1794579534715,158.795729240757,17.6018470956061,Served,33.9941789016454,InTransition,0.0172114256958314
420,419,5,SAT-1,Satellite,747468.080021448,155.930219880964,13.0449673132637,66.0493103430149,188.391482363219,1.42614269085356,52.4071206665449,13.0449673132637,155.930219880964,4.1314505579389,Served,66.0493103430149,Stable,0
420,419,6,SAT-1,Satellite,743745.846820072,159.930892742772,9.04429445145584,47.6082129613494,188.391482363219,1.97856074240976,52.8366797625401,9.04429445145584,159.930892742772,-11.1932902873293,Served,47.6082129613494,Stable,0
421,420,1,BS2,Terrestrial,295.272687326099,93.1494028215891,66.1870576039868,50.992146,893.334270320412,8.75952808811392,53.0376892576044,10.5534808314236,158.421706362805,66.1870576039868,Served,50.992146,Stable,0
421,420,2,BS2,Terrestrial,144.900842099444,119.403056713579,39.933403711997,50.992146,893.334270320412,8.75952808811392,53.0074903592255,13.9609029789462,155.014284215282,39.933403711997,Served,50.992146,Stable,0
421,420,3,BS1,Terrestrial,158.603762337124,109.306460663689,50.0299997618873,50.992146,893.334270320412,8.75952808811392,53.0573258711083,10.034277207043,158.940909987185,50.0299997618873,Served,50.992146,Stable,0
421,420,4,SAT-1,Satellite,742936.270506499,157.758590418178,11.21659677605,57.4675813953598,188.391482363219,1.63911093688754,52.9332567477812,11.21659677605,157.758590418178,-6.76306368333761,Served,56.8979239612572,InTransition,9.91267459445559
421,420,5,BS1,Terrestrial,2496.53115061175,145.080199648571,14.2562607770047,43.9628347003485,893.334270320412,10.1601076956183,52.8717799568585,12.2678313333566,156.707355860871,14.2562607770047,Served,43.9613702927776,InTransition,0.0333101261755124
421,420,6,SAT-1,Satellite,739780.743442581,157.225236930318,11.7499502639102,59.9487939568388,188.391482363219,1.5712699950132,53.3055801661363,11.7499502639102,157.225236930318,-3.33906444045351,Served,59.9487939568388,Stable,0
422,421,1,BS2,Terrestrial,295.272687326099,90.3044819980686,69.0319784275073,50.992146,893.334270320412,8.75952808811392,53.5086875139429,12.7789639389374,156.196223255291,69.0319784275073,Served,50.992146,Stable,0
422,421,2,BS2,Terrestrial,144.900842099444,122.644782370803,36.6916780547728,50.992146,893.334270320412,8.75952808811392,53.4781845933973,5.21907782320491,163.756109371023,36.6916780547728,Served,50.992146,Stable,0
422,421,3,BS1,Terrestrial,158.603762337124,105.655686222835,53.6807742027406,50.992146,893.334270320412,8.75952808811392,53.5285193512692,11.6542592109438,157.320927983284,53.6807742027406,Served,50.992146,Stable,0
422,421,4,SAT-1,Satellite,738979.629477075,156.864611950627,12.1105752436006,61.6374502666741,188.391482363219,1.52822254609936,53.4031828611665,12.1105752436006,156.864611950627,1.1660962849042,Served,61.6374502666741,Stable,0
422,421,5,BS1,Terrestrial,2496.53115061175,140.384411369686,18.9520490558903,50.992146,893.334270320412,8.75952808811392,53.3411158590177,9.04287224998308,159.932314944245,18.9520490558903,Served,50.992146,Stable,0
422,421,6,SAT-1,Satellite,735859.468910866,154.074714536587,14.9004726576407,74.9365532370318,188.391482363219,1.25700658907621,53.7791739989296,14.9004726576407,154.074714536587,-5.64660860380133,Served,74.9365532370318,Stable,0
423,422,1,BS2,Terrestrial,295.272687326099,89.1821609103564,70.1542995152195,101.984292,893.334270320412,8.75952808811392,53.9843930023376,11.8669446880379,157.10824250619,70.1542995152195,Served,101.984292,Stable,0
423,422,2,BS1,Terrestrial,565.376556244471,122.337526239711,36.9989341858644,50.992146,893.334270320412,8.75952808811392,53.9535846212185,11.3348348492259,157.640352345002,36.9989341858644,Served,50.9917613370356,InTransition,0.00754357277719736
423,422,3,BS1,Terrestrial,158.603762337124,101.762069582415,57.5743908431609,50.992146,893.334270320412,8.75952808811392,54.0044208704066,10.3785278173336,158.596659376894,57.5743908431609,Served,50.992146,Stable,0
423,422,4,SAT-1,Satellite,735066.957432191,158.435924581078,10.5392626131499,36.2317403075607,188.391482363219,1.73320851426602,53.8778101520965,10.5392626131499,158.435924581078,7.38598555469824,Served,36.2317403075607,Stable,0
423,422,5,SAT-1,Satellite,735580.962346476,155.324410862611,13.650776331617,45.956283378504,188.391482363219,1.3664542946289,53.8151514546112,13.650776331617,155.324410862611,8.00391541321548,Served,45.5052437842601,InTransition,9.81453592600352
423,422,6,SAT-1,Satellite,731982.731560212,158.482513824022,10.4926733702061,36.0895963433709,188.391482363219,1.74003500039906,54.2574824333563,10.4926733702061,158.482513824022,-8.87890666360289,Served,36.0895963433709,Stable,0
424,423,1,BS2,Terrestrial,295.272687326099,90.6902267059248,68.646233719651,50.992146,893.334270320412,8.75952808811392,54.4648263282697,13.6723289816848,155.302858212543,68.646233719651,Served,50.992146,Stable,0
424,423,2,BS2,Terrestrial,144.900842099444,114.642045852425,44.6944145731509,50.992146,893.334270320412,8.75952808811392,54.4337111679572,9.66243916638194,159.312748027846,44.6944145731509,Served,50.9920474143992,InTransition,0.00193334873153406
424,423,3,BS1,Terrestrial,158.603762337124,105.291682708358,54.0447777172178,50.992146,893.334270320412,8.75952808811392,54.4850509494386,9.44269309673004,159.532494097498,54.0447777172178,Served,50.992146,Stable,0
424,423,4,SAT-1,Satellite,731198.964156357,156.721083557552,12.2541036366763,62.3118339098729,188.391482363219,1.5116830186358,54.3571595842767,12.2541036366763,156.721083557552,8.715831042807,Served,62.3118339098729,Stable,0
424,423,5,BS1,Terrestrial,2496.53115061175,150.140074341132,9.19638608444393,29.5494341703509,893.334270320412,15.1159285347122,54.293908027238,5.70110049268456,163.274086701544,9.19638608444393,Served,29.5484498749703,InTransition,0.0333101261755124
424,423,6,SAT-1,Satellite,728151.246652845,158.681484094593,10.293703099635,53.2259356466469,188.391482363219,1.76973387197832,54.7405247321265,10.293703099635,158.681484094593,-7.25656971426278,Served,53.2259356466469,Stable,0
425,424,1,BS2,Terrestrial,295.272687326099,89.2638826025649,70.0725778230109,50.992146,893.334270320412,8.75952808811392,54.9500061569842,14.5012695322347,154.473917661993,70.0725778230109,Served,50.992146,Stable,0
425,424,2,BS2,Terrestrial,144.900842099444,127.739585716231,31.596874709345,50.992146,893.334270320412,8.75952808811392,54.9185830253856,15.6526670161045,153.322520178124,31.596874709345,Served,50.992146,Stable,0
425,424,3,BS1,Terrestrial,158.603762337124,103.637095735118,55.699364690458,50.992146,893.334270320412,8.75952808811392,54.9704281642543,11.065840596494,157.909346597734,55.699364690458,Served,50.992146,Stable,0
425,424,4,SAT-1,Satellite,727376.366313502,159.958544517389,9.0166426768389,47.4857380547988,188.391482363219,1.98366383339997,54.8412502010543,9.0166426768389,159.958544517389,4.1218957942404,Served,47.4857380547988,Stable,0
425,424,5,BS1,Terrestrial,2496.53115061175,144.434856845373,14.901603580203,45.8645112860769,893.334270320412,9.73883995785215,54.7774049587478,11.4000581513538,157.575129042874,14.901603580203,Served,45.8645112860769,Stable,0
425,424,6,SAT-1,Satellite,724365.736119934,163.87755160759,5.09763558663838,31.2312150999029,188.391482363219,3.01607673221469,55.2283181409075,5.09763558663838,163.87755160759,-10.3424826886279,Served,31.2312150999029,Stable,0
426,425,1,BS2,Terrestrial,295.272687326099,89.5612989078145,69.7751615177613,50.992146,893.334270320412,8.75952808811392,55.439949106344,9.51395567344542,159.461231520783,69.7751615177613,Served,50.992146,Stable,0
426,425,2,BS2,Terrestrial,144.900842099444,110.805155319054,48.531305106522,50.992146,893.334270320412,8.75952808811392,55.4082169447809,14.0015128570309,154.973674337197,48.531305106522,Served,50.992146,Stable,0
426,425,3,BS1,Terrestrial,158.603762337124,99.1307408100313,60.2057196155446,101.984292,893.334270320412,8.75952808811392,55.4605690384395,12.9246401013807,156.050547092847,60.2057196155446,Served,101.984292,Stable,0
426,425,4,SAT-1,Satellite,723599.887184767,157.862422659143,11.112764535085,37.9913028663599,188.391482363219,1.65293517331159,55.3300990185032,11.112764535085,157.862422659143,8.51941377563051,Served,37.9913028663599,Stable,0
426,425,5,SAT-1,Satellite,724095.131868783,155.729022562358,13.2461646318706,44.6703382723298,188.391482363219,1.40579102859935,55.2656596230298,13.2461646318706,155.729022562358,0.800220863070706,Served,44.2387653809006,InTransition,9.66128549996789
426,425,6,SAT-1,Satellite,720626.928281901,156.414162889895,12.5610243043329,42.5053949423476,188.391482363219,1.47739271386408,55.7208777785139,12.5610243043329,156.414162889895,-4.25760069242352,Served,42.5053949423476,Stable,0
427,426,1,BS2,Terrestrial,295.272687326099,89.9437291135731,69.3927313120028,33.994764,893.334270320412,8.75952808811392,55.9346696373584,7.85638448617539,161.118802708053,69.3927313120028,Served,33.994764,Stable,0
427,426,2,BS2,Terrestrial,144.900842099444,115.963020316915,43.3734401086605,33.994764,893.334270320412,8.75952808811392,55.9026275275922,12.3034119104768,156.671775283751,43.3734401086605,Served,33.994764,Stable,0
427,426,3,BS1,Terrestrial,158.603762337124,104.348002766035,54.9884576595407,101.984292,893.334270320412,8.75952808811392,55.9554879336779,10.0928005580249,158.882386636203,54.9884576595407,Served,101.984292,Stable,0
427,426,4,BS2,Terrestrial,1289.96390375941,145.528833750475,13.8076266751007,28.4311623274763,893.334270320412,10.4736516459275,55.8237209161274,7.26420736054462,161.710979833683,13.8076266751007,Served,28.4306729866385,InTransition,0.0172114256958314
427,426,5,SAT-1,Satellite,720359.051866752,160.246302082026,8.72888511220219,46.2164420350283,188.391482363219,2.03814350551297,55.7586872774477,8.72888511220219,160.246302082026,-4.6348424943404,Served,46.2164420350283,Stable,0
427,426,6,SAT-1,Satellite,716935.557546303,159.527323525527,9.44786366870159,49.4053153422184,188.391482363219,1.90659123475154,56.2182165246916,9.44786366870159,159.527323525527,0.52822167899302,Served,49.4053153422184,Stable,0
428,427,1,BS2,Terrestrial,295.272687326099,95.4463151686407,63.8901452569352,50.992146,893.334270320412,8.75952808811392,56.4341799424985,13.6164719152698,155.358715278958,63.8901452569352,Served,50.992146,Stable,0
428,427,2,BS2,Terrestrial,144.900842099444,111.701734445394,47.6347259801814,50.992146,893.334270320412,8.75952808811392,56.4018271138858,12.4451241366717,156.530063057556,47.6347259801814,Served,50.992146,Stable,0
428,427,3,BS1,Terrestrial,158.603762337124,101.35520719118,57.9812532343959,101.984292,893.334270320412,8.75952808811392,56.4551969379422,11.7833365378201,157.191850656408,57.9812532343959,Served,101.984292,Stable,0
428,427,4,SAT-1,Satellite,716188.209553191,156.714708110956,12.2604790832723,41.5612126479982,188.391482363219,1.51095593190696,56.3221285252886,12.2604790832723,156.714708110956,10.7749085116754,Served,41.1640625572747,InTransition,9.55578688444779
428,427,5,SAT-1,Satellite,716670.456636582,155.037171288002,13.9380159062264,46.8722337147264,188.391482363219,1.33975182770114,56.2565009520306,13.9380159062264,155.037171288002,12.2374838785138,Served,46.8722337147264,Stable,0
428,427,6,SAT-1,Satellite,713292.364082708,157.77515443098,11.2000327632486,38.2605692989982,188.391482363219,1.64130231040195,56.7203449055991,11.2000327632486,157.77515443098,-8.20299607917693,Served,38.2605692989982,Stable,0
429,428,1,BS2,Terrestrial,295.272687326099,92.5912569840364,66.7452034415395,50.992146,893.334270320412,8.75952808811392,56.9384898319269,11.9841804229437,156.991006771284,66.7452034415395,Served,50.992146,Stable,0
429,428,2,BS2,Terrestrial,144.900842099444,113.260320122736,46.0761403028397,50.992146,893.334270320412,8.75952808811392,56.9058256686966,13.7828567396932,155.192330454535,46.0761403028397,Served,50.992146,Stable,0
429,428,3,BS1,Terrestrial,158.603762337124,104.517928998002,54.8185314275742,50.992146,893.334270320412,8.75952808811392,56.9597057515994,11.1497838151827,157.825403379045,54.8185314275742,Served,50.992146,Stable,0
429,428,4,SAT-1,Satellite,712554.488028624,158.099042650585,10.8761445436435,55.8947771279868,188.391482363219,1.68523332628953,56.8253321154789,10.8761445436435,158.099042650585,9.72918529015269,Served,55.8947771279868,Stable,0
429,428,5,BS1,Terrestrial,2496.53115061175,145.191233615399,14.1452268101768,43.6366333086557,893.334270320412,10.2360585886814,56.7591113365432,9.74737526994738,159.227811924281,14.1452268101768,Served,43.6351797668943,InTransition,0.0333101261755124
429,428,6,SAT-1,Satellite,709698.093473926,156.297194861051,12.677992333177,64.3106987928647,188.391482363219,1.4646978333263,57.227270977095,12.677992333177,156.297194861051,-11.5280422329648,Served,64.3106987928647,Stable,0
430,429,1,BS2,Terrestrial,295.272687326099,92.9852874330124,66.3511729925634,50.992146,893.334270320412,8.75952808811392,57.4476066177701,13.2563755413197,155.718811652908,66.3511729925634,Served,50.992146,Stable,0
430,429,2,BS2,Terrestrial,144.900842099444,116.250272057968,43.0861883676077,50.992146,893.334270320412,8.75952808811392,57.4146306664101,11.5116229215843,157.463564272644,43.0861883676077,Served,50.992146,Stable,0
430,429,3,BS1,Terrestrial,158.603762337124,103.82630143745,55.5101589881255,101.984292,893.334270320412,8.75952808811392,57.4690215715611,9.44411535940816,159.53107183482,55.5101589881255,Served,101.984292,Stable,0
430,429,4,SAT-1,Satellite,708969.838491396,163.479259292387,5.4959279018411,21.8421953683055,188.391482363219,2.87503887447423,57.3333394785576,5.4959279018411,163.479259292387,1.33156273357167,Served,21.8421953683055,Stable,0
430,429,5,SAT-1,Satellite,709438.688385349,157.201124241856,11.7740629523722,40.0409581434544,188.391482363219,1.56832312960036,57.2665266655626,11.7740629523722,157.201124241856,7.71281415825985,Served,39.6619412059838,InTransition,9.4657309675929
430,429,6,SAT-1,Satellite,706153.496342976,154.353616615176,14.6215705790518,49.0611689694039,188.391482363219,1.27997685556375,57.7390002059417,14.6215705790518,154.353616615176,-18.3407397322527,Served,49.0611689694039,Stable,0
431,430,1,BS2,Terrestrial,295.272687326099,100.245513545358,59.0909468802181,50.992146,893.334270320412,8.75952808811392,57.9615349965828,10.1884277061789,158.786759488049,59.0909468802181,Served,50.992146,Stable,0
431,430,2,BS2,Terrestrial,144.900842099444,112.030960759382,47.3054996661934,50.992146,893.334270320412,8.75952808811392,57.9282469733273,9.34177662003481,159.633410574193,47.3054996661934,Served,50.992146,Stable,0
431,430,3,BS1,Terrestrial,158.603762337124,98.4793485536036,60.8571118719723,101.984292,893.334270320412,8.75952808811392,57.983148973627,14.2525508097754,154.722636384453,60.8571118719723,Served,101.984292,Stable,0
431,430,4,SAT-1,Satellite,705435.01258752,156.964510373744,12.0106768204836,40.7792173739091,188.391482363219,1.53993050459859,57.8461558110947,12.0106768204836,156.964510373744,-0.347998282744612,Served,40.7792173739091,Stable,0
431,430,5,SAT-1,Satellite,705897.012419751,159.471909777423,9.50327741680491,33.1022926337794,188.391482363219,1.89706379200025,57.7787526017104,9.50327741680491,159.471909777423,0.646895575654014,Served,33.1022926337794,Stable,0
431,430,6,SAT-1,Satellite,702659.327955364,156.160994316838,12.8141928773906,43.3034184223486,188.391482363219,1.45016636273986,58.2555353490514,12.8141928773906,156.160994316838,-2.17315715703268,Served,43.3034184223486,Stable,0
432,431,1,BS2,Terrestrial,295.272687326099,90.7695939303438,68.5668664952321,50.992146,893.334270320412,8.75952808811392,58.4802769301473,10.9848326071992,157.990354587029,68.5668664952321,Served,50.992146,Stable,0
432,431,2,BS2,Terrestrial,144.900842099444,113.224835996653,46.111624428923,50.992146,893.334270320412,8.75952808811392,58.4466767285519,15.4796370735027,153.495550120725,46.111624428923,Served,50.992146,Stable,0
432,431,3,BS1,Terrestrial,158.603762337124,98.9735183625868,60.362942062989,101.984292,893.334270320412,8.75952808811392,58.5020897931638,13.1586165719903,155.816570622238,60.362942062989,Served,101.984292,Stable,0
432,431,4,SAT-1,Satellite,701950.76652559,155.186760433976,13.7884267602518,46.3949203937637,188.391482363219,1.35353526323068,58.3637835949552,13.7884267602518,155.186760433976,7.68095655501452,Served,46.3949203937637,Stable,0
432,431,5,SAT-1,Satellite,702405.814563028,157.783532095782,11.1916550984463,38.2347033134473,188.391482363219,1.64241266037635,58.295792117181,11.1916550984463,157.783532095782,7.3029081454448,Served,38.2347033134473,Stable,0
432,431,6,SAT-1,Satellite,699216.347796079,158.801381836765,10.1738053574636,35.1201414572331,188.391482363219,1.78806685229926,58.7768763308845,10.1738053574636,158.801381836765,-3.5757800509819,Served,35.1201414572331,Stable,0
433,432,1,BS2,Terrestrial,295.272687326099,93.1072084418519,66.229251983724,50.992146,893.334270320412,8.75952808811392,59.0038315247687,10.5487166393102,158.426470554918,66.229251983724,Served,50.992146,Stable,0
433,432,2,BS2,Terrestrial,144.900842099444,113.610671812706,45.7257886128695,50.992146,893.334270320412,8.75952808811392,58.9699192233626,11.9245081840372,157.050679010191,45.7257886128695,Served,50.992146,Stable,0
433,432,3,BS1,Terrestrial,158.603762337124,104.886940479287,54.4495199462891,50.992146,893.334270320412,8.75952808811392,59.02584300428,14.5472249797505,154.427962214478,54.4495199462891,Served,50.992146,Stable,0
433,432,4,SAT-1,Satellite,698517.860648721,156.760085469642,12.2151017245863,62.1284536828588,188.391482363219,1.51614494805297,58.8862224762744,12.2151017245863,156.760085469642,6.81909865676423,Served,62.1284536828588,Stable,0
433,432,5,BS1,Terrestrial,2496.53115061175,138.742299462145,20.5941609634312,50.992146,893.334270320412,8.75952808811392,58.8176453737299,11.8106248979882,157.16456229624,20.5941609634312,Served,50.9904474451828,InTransition,0.0333101261755124
433,432,6,SAT-1,Satellite,695825.319120949,155.462729372676,13.5124578215523,68.274144520925,188.391482363219,1.37966930003407,59.3030201191274,13.5124578215523,155.462729372676,-14.9556067632787,Served,68.274144520925,Stable,0
434,433,1,BS2,Terrestrial,295.272687326099,89.6404854099958,69.69597501558,33.994764,893.334270320412,8.75952808811392,59.5321949092183,12.0823970934173,156.892790100811,69.69597501558,Served,33.994764,Stable,0
434,433,2,BS2,Terrestrial,144.900842099444,106.775066034285,52.5613943912904,33.994764,893.334270320412,8.75952808811392,59.4979707792204,11.5447210863296,157.430466107899,52.5613943912904,Served,33.994764,Stable,0
434,433,3,BS1,Terrestrial,158.603762337124,105.536571624742,53.7998888008341,101.984292,893.334270320412,8.75952808811392,59.5544045976489,12.3837281870834,156.591459007145,53.7998888008341,Served,101.984292,Stable,0
434,433,4,BS2,Terrestrial,1289.96390375941,147.666997146453,11.6694632791232,24.3058170146685,893.334270320412,12.2513096320562,59.4134691429675,4.66991190452114,164.305275289707,11.6694632791232,Served,24.305398676905,InTransition,0.0172114256958314
434,433,5,SAT-1,Satellite,695577.896325599,155.363289208986,13.6118979852423,68.7487454223828,188.391482363219,1.37014487468656,59.3443096012747,13.6118979852423,155.363289208986,10.6197814222243,Served,68.1107025838812,InTransition,9.2807924651073
434,433,6,SAT-1,Satellite,692487.008481954,152.502047308653,16.473139885575,82.5659443262825,188.391482363219,1.14085464594662,59.8339605987543,16.473139885575,152.502047308653,-2.79624489980773,Served,82.5659443262825,Stable,0
435,434,1,BS2,Terrestrial,295.272687326099,90.5252301307717,68.8112302948042,33.994764,893.334270320412,8.75952808811392,60.0653601114827,16.4589802131111,152.516206981117,68.8112302948042,Served,33.994764,Stable,0
435,434,2,BS2,Terrestrial,144.900842099444,108.999145506648,50.3373149189282,33.994764,893.334270320412,8.75952808811392,60.0308246245701,12.2836212653732,156.691565928855,50.3373149189282,Served,33.994764,Stable,0
435,434,3,BS1,Terrestrial,158.603762337124,107.885665080583,51.4507953449928,50.992146,893.334270320412,8.75952808811392,60.0877674571336,10.8336514209985,158.14153577323,51.4507953449928,Served,50.992146,Stable,0
435,434,4,BS2,Terrestrial,1289.96390375941,150.589148973223,8.74731145235248,18.8893510578819,893.334270320412,15.7643366992511,59.9455172009194,7.7799502293164,161.195236964912,8.74731145235248,Served,18.8893510578819,Stable,0
435,434,5,BS1,Terrestrial,2496.53115061175,142.88387252158,16.4525879039961,50.4690679397378,893.334270320412,8.85031472531939,59.8757789752714,13.2663678250481,155.70881936918,16.4525879039961,Served,50.4673868087167,InTransition,0.0333101261755124
435,434,6,SAT-1,Satellite,689202.185226217,156.564729049333,12.4104581448954,126.095814510122,188.391482363219,1.49403438246633,60.3696884445757,12.4104581448954,156.564729049333,-9.96812644560737,Served,126.095814510122,Stable,0
436,435,1,BS2,Terrestrial,295.272687326099,90.5451503415548,68.791310084021,50.992146,893.334270320412,8.75952808811392,60.6033169344668,10.7284785249071,158.246708669321,68.791310084021,Served,50.992146,Stable,0
436,435,2,BS1,Terrestrial,565.376556244471,127.857583714033,31.4788767115431,50.992146,893.334270320412,8.75952808811392,60.5684707705831,9.42316252194212,159.552024672286,31.4788767115431,Served,50.9917613370356,InTransition,0.00754357277719736
436,435,3,BS1,Terrestrial,158.603762337124,98.7076819218888,60.6287785036871,50.992146,893.334270320412,8.75952808811392,60.6259212353638,7.03742609335521,161.937761100873,60.6287785036871,Served,50.992146,Stable,0
436,435,4,BS2,Terrestrial,1289.96390375941,152.869390106734,6.46707031884159,22.4154876721628,893.334270320412,19.9267194938127,60.4823570489914,2.88923165338304,166.085955540845,6.46707031884159,Served,22.4154876721628,Stable,0
436,435,5,SAT-1,Satellite,688961.054531364,155.697802057506,13.2773851367223,67.1540657769998,188.391482363219,1.40268113466737,60.4120444930203,13.2773851367223,155.697802057506,6.8487515499524,Served,66.5367515685978,InTransition,9.19250683126076
436,435,6,SAT-1,Satellite,685971.620968418,156.75660172805,12.2185854661781,62.144829849449,188.391482363219,1.51574541936644,60.9101909923539,12.2185854661781,156.75660172805,-5.56409014738117,Served,62.144829849449,Stable,0
437,436,1,BS2,Terrestrial,295.272687326099,89.8164066330158,69.5200537925601,50.992146,893.334270320412,8.75952808811392,61.1460518307885,11.9794158496542,156.995771344574,69.5200537925601,Served,50.992146,Stable,0
437,436,2,BS2,Terrestrial,144.900842099444,114.304981493873,45.0314789317027,50.992146,893.334270320412,8.75952808811392,61.1108958859807,5.77106127857974,163.204125915648,45.0314789317027,Served,50.9920474143992,InTransition,0.00193334873153406
437,436,3,BS1,Terrestrial,158.603762337124,101.348554028058,57.9879063975179,50.992146,893.334270320412,8.75952808811392,61.1688522283973,12.6604706839388,156.314716510289,57.9879063975179,Served,50.992146,Stable,0
437,436,4,SAT-1,Satellite,685314.964415943,154.287273658775,14.6879135354528,73.9113890294258,188.391482363219,1.27444149566865,61.0239757529693,14.6879135354528,154.287273658775,10.0966709969555,Served,73.2355537361626,InTransition,9.14385864124632
437,436,5,BS1,Terrestrial,2496.53115061175,146.831286458445,12.5051739671304,38.85863785314,893.334270320412,11.4946678483253,60.9530938490489,9.84757260702287,159.127614587205,12.5051739671304,Served,38.8573434670101,InTransition,0.0333101261755124
437,436,6,SAT-1,Satellite,682796.089036518,154.58714700158,14.3880401926481,72.4679317978872,188.391482363219,1.29982654181881,61.4554521085403,14.3880401926481,154.58714700158,-10.1895279717928,Served,72.4679317978872,Stable,0
438,437,1,BS2,Terrestrial,295.272687326099,90.0594349723071,69.2770254532687,50.992146,893.334270320412,8.75952808811392,61.6935477767817,10.7597934233263,158.215393770902,69.2770254532687,Served,50.992146,Stable,0
438,437,2,BS2,Terrestrial,144.900842099444,111.479169051585,47.8572913739905,50.992146,893.334270320412,8.75952808811392,61.6580831710553,9.26853917858685,159.706648015641,47.8572913739905,Served,50.992146,Stable,0
438,437,3,BS1,Terrestrial,158.603762337124,108.904919123795,50.4315413017812,50.992146,893.334270320412,8.75952808811392,61.7165432495816,0.555217453436399,168.419969740792,50.4315413017812,Served,50.992146,Stable,0
438,437,4,SAT-1,Satellite,682150.276083442,155.474675621071,13.5005115731566,68.2171592931223,188.391482363219,1.38082180726494,61.5703569185559,13.5005115731566,155.474675621071,5.20752275736436,Served,68.2171592931223,Stable,0
438,437,5,BS1,Terrestrial,2496.53115061175,144.582965817825,14.753494607751,45.4272371346723,893.334270320412,9.83258422333785,61.4989113097006,9.70377226697903,159.271414927249,14.753494607751,Served,45.4272371346723,Stable,0
438,437,6,SAT-1,Satellite,679676.363890713,158.54336459455,10.4318225996777,53.8561930632872,188.391482363219,1.74902338661254,62.0054520586502,10.4318225996777,158.54336459455,-4.13171620226345,Served,53.8561930632872,Stable,0
439,438,1,BS2,Terrestrial,295.272687326099,93.093015683517,66.2434447420589,33.994764,893.334270320412,8.75952808811392,62.2457841457976,13.8040789176914,155.171108276537,66.2434447420589,Served,33.994764,Stable,0
439,438,2,BS2,Terrestrial,144.900842099444,108.739694131164,50.5967662944122,33.994764,893.334270320412,8.75952808811392,62.2100122309801,11.7045518924614,157.270635301767,50.5967662944122,Served,33.994764,Stable,0
439,438,3,BS1,Terrestrial,158.603762337124,101.141931231185,58.1945291943905,50.992146,893.334270320412,8.75952808811392,62.2689735027016,13.9491547979353,155.026032396293,58.1945291943905,Served,50.992146,Stable,0
439,438,4,BS2,Terrestrial,1289.96390375941,148.202042162248,11.1344182633276,23.2915446847988,893.334270320412,12.7848150106226,62.1214805634827,5.16186716162787,163.8133200326,11.1344182633276,Served,23.2911438041082,InTransition,0.0172114256958314
439,438,5,BS1,Terrestrial,2496.53115061175,143.020504403368,16.3159560222082,50.0617698010211,893.334270320412,8.92232010445415,62.0494775870359,8.67246523761494,160.302721956613,16.3159560222082,Served,50.0617698010211,Stable,0
439,438,6,SAT-1,Satellite,676613.220515668,156.359822979723,12.6153642145053,128.029442120881,188.391482363219,1.47146999348279,62.5601673742428,12.6153642145053,156.359822979723,-5.17460125521922,Served,128.029442120881,Stable,0
440,439,1,BS2,Terrestrial,295.272687326099,89.5208733107558,69.81558711482,50.992146,893.334270320412,8.75952808811392,62.8027365808557,6.75635480161401,162.218832392614,69.81558711482,Served,50.992146,Stable,0
440,439,2,BS2,Terrestrial,144.900842099444,118.284758903783,41.0517015217932,50.992146,893.334270320412,8.75952808811392,62.7666589484628,13.2382547262156,155.736932468012,41.0517015217932,Served,50.992146,Stable,0
440,439,3,BS1,Terrestrial,158.603762337124,95.1430542880381,64.1934061375378,101.984292,893.334270320412,8.75952808811392,62.8261184544598,9.50151544886913,159.473671745359,64.1934061375378,Served,101.984292,Stable,0
440,439,4,SAT-1,Satellite,675989.559961661,156.430240130829,12.5449470633994,42.4547982633616,188.391482363219,1.4791534374557,62.6773229887753,12.5449470633994,156.430240130829,10.5470209396568,Served,42.0718800193501,InTransition,9.01943383728033
440,439,5,SAT-1,Satellite,676385.286497197,152.487528064803,16.4876591294247,55.0911339620655,188.391482363219,1.13987780376748,62.6047697121217,16.4876591294247,152.487528064803,12.9603647770079,Served,54.5939522427257,InTransition,9.02471384383121
440,439,6,SAT-1,Satellite,673607.43378611,155.545060163336,13.4301270308922,45.2543680505691,188.391482363219,1.38764860703761,63.1195707184067,13.4301270308922,155.545060163336,-11.9169672308425,Served,45.2543680505691,Stable,0
441,440,1,BS2,Terrestrial,295.272687326099,89.5858718449792,69.7505885805967,50.992146,893.334270320412,8.75952808811392,63.3643768666376,9.91993425861315,159.055252935615,69.7505885805967,Served,50.992146,Stable,0
441,440,2,BS2,Terrestrial,144.900842099444,108.851303084834,50.4851573407418,50.992146,893.334270320412,8.75952808811392,63.3279953557378,5.7250772501551,163.250109944073,50.4851573407418,Served,50.992146,Stable,0
441,440,3,BS1,Terrestrial,158.603762337124,104.646687415499,54.6897730100772,101.984292,893.334270320412,8.75952808811392,63.387949706278,14.7050144209074,154.270172773321,54.6897730100772,Served,101.984292,Stable,0
441,440,4,SAT-1,Satellite,672995.082136309,158.196114898211,10.7790722960174,36.9653352141544,188.391482363219,1.69881215533233,63.2378566491472,10.7790722960174,158.196114898211,2.77295559302976,Served,36.9653352141544,Stable,0
441,440,5,SAT-1,Satellite,673382.927535275,157.511006804115,11.4641803901132,39.0778976115681,188.391482363219,1.60697388103985,63.164760907728,11.4641803901132,157.511006804115,4.88150122463961,Served,39.0778976115681,Stable,0
441,440,6,SAT-1,Satellite,670659.777806125,153.247222681966,15.7279645122621,52.6279126145026,188.391482363219,1.19322917569857,63.6836307495636,15.7279645122621,153.247222681966,-1.20231779160545,Served,52.6279126145026,Stable,0
442,441,1,BS2,Terrestrial,295.272687326099,90.5476372184713,68.7888232071045,50.992146,893.334270320412,8.75952808811392,63.930672800754,10.485841615061,158.489345579167,68.7888232071045,Served,50.992146,Stable,0
442,441,2,BS2,Terrestrial,144.900842099444,116.393410389575,42.943050036001,50.992146,893.334270320412,8.75952808811392,63.8939895058326,12.8438385513778,156.13134864285,42.943050036001,Served,50.992146,Stable,0
442,441,3,BS1,Terrestrial,158.603762337124,97.2035423200858,62.1329181054901,50.992146,893.334270320412,8.75952808811392,63.9544348653425,7.99423479949436,160.980952394734,62.1329181054901,Served,50.992146,Stable,0
442,441,4,SAT-1,Satellite,670058.890049133,153.616094722569,15.3590924716588,77.1537275903657,188.391482363219,1.22088386554341,63.8030500224334,15.3590924716588,153.616094722569,6.7160839234524,Served,77.1537275903657,Stable,0
442,441,5,BS1,Terrestrial,2496.53115061175,144.889604775639,14.4468556499374,44.5234740425605,893.334270320412,10.0321716749513,63.729420460403,12.6371552263392,156.338031967889,14.4468556499374,Served,44.5219909600224,InTransition,0.0333101261755124
442,441,6,SAT-1,Satellite,667771.025222427,157.005568248256,11.9696189459721,60.9764075037425,188.391482363219,1.54478994479673,64.2523119832955,11.9696189459721,157.005568248256,-7.27061499197694,Served,60.9764075037425,Stable,0
443,442,1,BS2,Terrestrial,295.272687326099,92.6474644268831,66.6889959986928,50.992146,893.334270320412,8.75952808811392,64.5015880641149,10.5714542733292,158.403732920899,66.6889959986928,Served,50.992146,Stable,0
443,442,2,BS2,Terrestrial,144.900842099444,104.968853597613,54.3676068279627,50.992146,893.334270320412,8.75952808811392,64.4646053429419,13.0446566311218,155.930530563106,54.3676068279627,Served,50.992146,Stable,0
443,442,3,BS1,Terrestrial,158.603762337124,105.931449190613,53.4050112349628,50.992146,893.334270320412,8.75952808811392,64.5255374147142,14.3968612384532,154.578325955775,53.4050112349628,Served,50.992146,Stable,0
443,442,4,SAT-1,Satellite,667181.756064969,157.628993168754,11.3461940254743,58.0686034278024,188.391482363219,1.62214580033295,64.3728674778688,11.3461940254743,157.628993168754,9.41430911293071,Served,58.0686034278024,Stable,0
443,442,5,BS1,Terrestrial,2496.53115061175,143.776891273636,15.5595691519403,47.8125281017575,893.334270320412,9.3420522380574,64.2987135917996,14.5215234425755,154.453663751653,15.5595691519403,Served,47.8125281017575,Stable,0
443,442,6,SAT-1,Satellite,664941.946512094,159.204631314309,9.77055587991867,50.8546471177152,188.391482363219,1.85225434685587,64.8255746517531,9.77055587991867,159.204631314309,-12.5973396270091,Served,50.8546471177152,Stable,0
444,443,1,BS2,Terrestrial,295.272687326099,95.2830512219456,64.0534092036303,50.992146,893.334270320412,8.75952808811392,65.0770820901179,9.70646161034787,159.26872558388,64.0534092036303,Served,50.992146,Stable,0
444,443,2,BS2,Terrestrial,144.900842099444,109.313389953221,50.0230704723546,50.992146,893.334270320412,8.75952808811392,65.039802571636,14.0097641325073,154.965423061721,50.0230704723546,Served,50.992146,Stable,0
444,443,3,BS1,Terrestrial,158.603762337124,103.707667528774,55.6287928968023,101.984292,893.334270320412,8.75952808811392,65.1012165822092,13.6205892919235,155.354597902305,55.6287928968023,Served,101.984292,Stable,0
444,443,4,SAT-1,Satellite,664364.450236107,155.040299934896,13.9348872593326,46.8622441293223,188.391482363219,1.34003742147821,64.9472691429038,13.9348872593326,155.040299934896,13.4552986651002,Served,46.8622441293223,Stable,0
444,443,5,SAT-1,Satellite,664728.033391821,156.74249542844,12.2326917657882,41.4740983364174,188.391482363219,1.51412962081442,64.8726013290343,12.2326917657882,156.74249542844,0.875443943682029,Served,41.106257250517,InTransition,8.86917620044759
444,443,6,SAT-1,Satellite,662173.30924541,160.820210235297,8.15497695893106,29.1433386691459,188.391482363219,2.15476893367138,65.403374560027,8.15497695893106,160.820210235297,-7.2818655458162,Served,29.1433386691459,Stable,0
445,444,1,BS2,Terrestrial,295.272687326099,87.8407984335521,71.4956619920237,50.992146,893.334270320412,8.75952808811392,65.657109932215,13.3491157040772,155.626071490151,71.4956619920237,Served,50.992146,Stable,0
445,444,2,BS2,Terrestrial,144.900842099444,108.46859984633,50.8678605792459,50.992146,893.334270320412,8.75952808811392,65.6195365244668,10.1234019067698,158.851785287458,50.8678605792459,Served,50.992146,Stable,0
445,444,3,BS1,Terrestrial,158.603762337124,128.397120382648,30.9393400429274,50.992146,893.334270320412,8.75952808811392,65.6814272075944,10.7023849721561,158.272802222072,30.9393400429274,Served,50.992146,Stable,0
445,444,4,SAT-1,Satellite,661607.739560166,160.545960004727,8.42922718950118,44.9051850641118,188.391482363219,2.09765845630353,65.5262107680875,8.42922718950118,160.545960004727,-0.127187991132359,Served,44.9051850641118,Stable,0
445,444,5,BS1,Terrestrial,2496.53115061175,143.86009439113,15.4763660344455,47.5657249396834,893.334270320412,9.39052512553127,65.4510403737089,12.6914637760734,156.283723418155,15.4763660344455,Served,47.564140519384,InTransition,0.0333101261755124
445,444,6,SAT-1,Satellite,659465.877324501,152.959205056086,16.0159821381422,80.3408317014851,188.391482363219,1.17245165610936,65.9856629386281,16.0159821381422,152.959205056086,-12.6411174107473,Served,80.3408317014851,Stable,0
446,445,1,BS2,Terrestrial,295.272687326099,85.6953424928482,73.6411179327277,50.992146,893.334270320412,8.75952808811392,66.2416221292215,11.0198779802744,157.955309213954,73.6411179327277,Served,50.992146,Stable,0
446,445,2,BS2,Terrestrial,144.900842099444,116.486221492256,42.8502389333202,50.992146,893.334270320412,8.75952808811392,66.2037580273528,13.3906643988276,155.584522795401,42.8502389333202,Served,50.992146,Stable,0
446,445,3,BS1,Terrestrial,158.603762337124,101.957784539729,57.3786758858471,50.992146,893.334270320412,8.75952808811392,66.2661196074469,11.6447963491273,157.330390845101,57.3786758858471,Served,50.992146,Stable,0
446,445,4,SAT-1,Satellite,658912.387213904,156.278667109291,12.6965200849374,64.3983021730174,188.391482363219,1.46270535096618,66.1096435893514,12.6965200849374,156.278667109291,11.6467434644619,Served,64.3983021730174,Stable,0
446,445,5,BS1,Terrestrial,2496.53115061175,145.928737607512,13.4077228180641,41.4781615606659,893.334270320412,10.7687302993628,66.0339829690594,13.1716858029493,155.803501391279,13.4077228180641,Served,41.4781615606659,Stable,0
446,445,6,SAT-1,Satellite,656820.410198636,159.988322802972,8.98686439125595,47.3539415887932,188.391482363219,1.98918480745649,66.5723862909327,8.98686439125595,159.988322802972,-7.49052801662512,Served,47.3539415887932,Stable,0
447,446,1,BS2,Terrestrial,295.272687326099,93.3432233972544,65.9932370283214,50.992146,893.334270320412,8.75952808811392,66.8305645674742,8.81789438574503,160.157292808483,65.9932370283214,Served,50.992146,Stable,0
447,446,2,BS2,Terrestrial,144.900842099444,117.1309558758,42.2055045497755,50.992146,893.334270320412,8.75952808811392,66.7924132618637,12.3408872219831,156.634299972245,42.2055045497755,Served,50.992146,Stable,0
447,446,3,BS1,Terrestrial,158.603762337124,103.633304611204,55.7031558143716,50.992146,893.334270320412,8.75952808811392,66.8552394367613,13.5587360390043,155.416451155224,55.7031558143716,Served,50.992146,Stable,0
447,446,4,SAT-1,Satellite,656279.151763915,156.852389650652,12.1227975435766,61.6948283324906,188.391482363219,1.52680125267489,66.6975141867635,12.1227975435766,156.852389650652,2.93765829525191,Served,61.6948283324906,Stable,0
447,446,5,BS1,Terrestrial,2496.53115061175,140.58214264649,18.7543177790857,50.992146,893.334270320412,8.75952808811392,66.6213767644603,14.5396848190131,154.435502375215,18.7543177790857,Served,50.992146,Stable,0
447,446,6,SAT-1,Satellite,654237.662057244,154.981593324665,13.9935938695633,70.5746058968464,188.391482363219,1.33469737428344,67.1634862340704,13.9935938695633,154.981593324665,-6.57884253030463,Served,70.5746058968464,Stable,0
448,447,1,BS2,Terrestrial,295.272687326099,92.8299302375906,66.5065301879852,50.992146,893.334270320412,8.75952808811392,67.4238783386362,16.6551320813572,152.320055112871,66.5065301879852,Served,50.992146,Stable,0
448,447,2,BS2,Terrestrial,144.900842099444,119.495644582553,39.8408158430229,50.992146,893.334270320412,8.75952808811392,67.3854436232206,12.4728766511479,156.50231054308,39.8408158430229,Served,50.992146,Stable,0
448,447,3,BS1,Terrestrial,158.603762337124,105.753334171989,53.5831262535873,50.992146,893.334270320412,8.75952808811392,67.4487275460777,13.9790050719701,154.996182122258,53.5831262535873,Served,50.992146,Stable,0
448,447,4,SAT-1,Satellite,653708.786355194,155.869173680634,13.1060135135939,66.3392174719186,188.391482363219,1.41991034521145,67.2897643385107,13.1060135135939,155.869173680634,-1.593429371441,Served,66.3392174719186,Stable,0
448,447,5,BS1,Terrestrial,2496.53115061175,145.226382310761,14.1100781148145,43.5334356891407,893.334270320412,10.260323544177,67.2131646762352,14.0844155000449,154.890771694183,14.1100781148145,Served,43.5334356891407,Stable,0
448,447,6,SAT-1,Satellite,651718.381001732,157.043029368676,11.9321578255524,60.800939972802,188.391482363219,1.54924810740995,67.758899331266,11.9321578255524,157.043029368676,-6.0398538692892,Served,60.800939972802,Stable,0
449,448,1,BS2,Terrestrial,295.272687326099,89.4006336402876,69.9358267852882,50.992146,893.334270320412,8.75952808811392,68.0214995915173,13.3118322276226,155.663354966605,69.9358267852882,Served,50.992146,Stable,0
449,448,2,BS2,Terrestrial,144.900842099444,109.292004066053,50.0444563595227,50.992146,893.334270320412,8.75952808811392,67.9827855724085,14.4548413519499,154.520345842278,50.0444563595227,Served,50.992146,Stable,0
449,448,3,BS1,Terrestrial,158.603762337124,98.9424456500416,60.3940147755343,50.992146,893.334270320412,8.75952808811392,68.0465198324622,14.6196899072838,154.355497286944,60.3940147755343,Served,50.992146,Stable,0
449,448,4,SAT-1,Satellite,651202.037878799,158.471162157011,10.5040250372174,54.1863282845198,188.391482363219,1.73836729971828,67.8863308684297,10.5040250372174,158.471162157011,8.1752371222029,Served,54.1863282845198,Stable,0
449,448,5,BS1,Terrestrial,2496.53115061175,141.96900072238,17.3674597031959,50.992146,893.334270320412,8.75952808811392,67.8092847433404,15.1459638959706,153.829223298258,17.3674597031959,Served,50.992146,Stable,0
449,448,6,SAT-1,Satellite,649263.308197469,159.457524474798,9.51766271942992,49.7179037110065,188.391482363219,1.89460403900248,68.3585569130209,9.51766271942992,159.457524474798,-10.6891697225397,Served,49.7179037110065,Stable,0
450,449,1,BS2,Terrestrial,295.272687326099,88.8319360753036,70.5045243502723,50.992146,893.334270320412,8.75952808811392,68.6233593757593,14.4255645512583,154.54962264297,70.5045243502723,Served,50.992146,Stable,0
450,449,2,BS2,Terrestrial,144.900842099444,112.083839851414,47.2526205741622,50.992146,893.334270320412,8.75952808811392,68.5843704802846,10.0735903056926,158.901596888536,47.2526205741622,Served,50.992146,Stable,0
450,449,3,BS1,Terrestrial,158.603762337124,106.907096195314,52.4293642302622,101.984292,893.334270320412,8.75952808811392,68.6485470821509,10.979025671348,157.99616152288,52.4293642302622,Served,101.984292,Stable,0
450,449,4,SAT-1,Satellite,648759.646119884,154.984793232731,13.9903939614967,47.0395151025591,188.391482363219,1.33498741751109,68.4871454848841,13.9903939614967,154.984793232731,-0.40661260046943,Served,47.0395151025591,Stable,0
450,449,5,SAT-1,Satellite,649071.968289737,158.180008207266,10.7951789869617,37.0147205896556,188.391482363219,1.69654558476633,68.4096699760235,10.7951789869617,158.180008207266,9.75682980734956,Served,36.6941625915111,InTransition,8.66028415284199
450,449,6,SAT-1,Satellite,646873.177007307,154.893598596627,14.0815885976011,47.3309504354063,188.391482363219,1.32676737335838,68.9623848837511,14.0815885976011,154.893598596627,-12.5545441950191,Served,47.3309504354063,Stable,0
451,450,1,BS2,Terrestrial,295.272687326099,94.2626661718575,65.0737942537184,50.992146,893.334270320412,8.75952808811392,69.229383474554,13.8482991024855,155.126888091743,65.0737942537184,Served,50.992146,Stable,0
451,450,2,BS2,Terrestrial,144.900842099444,114.661509059607,44.6749513659685,50.992146,893.334270320412,8.75952808811392,69.1901244608905,10.5662010000077,158.40898619422,44.6749513659685,Served,50.992146,Stable,0
451,450,3,BS1,Terrestrial,158.603762337124,101.695560605861,57.6408998197151,101.984292,893.334270320412,8.75952808811392,69.2547348019668,12.852447044096,156.122740150132,57.6408998197151,Served,101.984292,Stable,0
451,450,4,SAT-1,Satellite,646382.34288763,158.813814488993,10.1613727052352,35.0824660105421,188.391482363219,1.78998707698795,69.0921346080935,10.1613727052352,158.813814488993,9.61725328282228,Served,35.0824660105421,Stable,0
451,450,5,SAT-1,Satellite,646685.776566186,154.525975380237,14.4492118139913,48.5080720805441,188.391482363219,1.29457135883424,69.0142481949445,14.4492118139913,154.525975380237,11.8863370793511,Served,48.5080720805441,Stable,0
451,450,6,SAT-1,Satellite,644548.712108317,155.521412755909,13.4537744383188,45.3295209076115,188.391482363219,1.38534799244249,69.5703035094825,13.4537744383188,155.521412755909,-6.3799354151846,Served,45.3295209076115,Stable,0
452,451,1,BS2,Terrestrial,295.272687326099,89.356308990279,69.9801514352968,50.992146,893.334270320412,8.75952808811392,69.8394922226683,10.5710810156367,158.404106178591,69.9801514352968,Served,50.992146,Stable,0
452,451,2,BS2,Terrestrial,144.900842099444,111.232326770389,48.1041336551864,50.992146,893.334270320412,8.75952808811392,69.7999681903026,10.9916290711323,157.983558123096,48.1041336551864,Served,50.992146,Stable,0
452,451,3,BS1,Terrestrial,158.603762337124,107.063557139948,52.2729032856279,50.992146,893.334270320412,8.75952808811392,69.865003035716,11.9632132480289,157.011973946199,52.2729032856279,Served,50.992146,Stable,0
452,451,4,SAT-1,Satellite,644070.851128676,155.358643283109,13.6165439111188,68.7709303294236,188.391482363219,1.36970287780603,69.7012191821202,13.6165439111188,155.358643283109,5.8635951886466,Served,68.7709303294236,Stable,0
452,451,5,BS1,Terrestrial,2496.53115061175,143.786472988225,15.5499874373512,47.7840995585904,893.334270320412,9.34761017339095,69.6229418574525,12.1914473685063,156.783739825722,15.5499874373512,Served,47.782507864205,InTransition,0.0333101261755124
452,451,6,SAT-1,Satellite,642290.628593423,155.029063537933,13.946123656295,70.3471838744907,188.391482363219,1.33901225313678,70.1822271808879,13.946123656295,155.029063537933,-11.4917893708696,Served,70.3471838744907,Stable,0
453,452,1,BS2,Terrestrial,295.272687326099,91.9588295844203,67.3776308411556,50.992146,893.334270320412,8.75952808811392,70.4536003049039,11.6742120366977,157.30097515753,67.3776308411556,Served,50.992146,Stable,0
453,452,2,BS2,Terrestrial,144.900842099444,111.619188810892,47.7172716146834,50.992146,893.334270320412,8.75952808811392,70.4138167062211,12.6342196966096,156.340967497619,47.7172716146834,Served,50.992146,Stable,0
453,452,3,BS1,Terrestrial,158.603762337124,105.020665793729,54.3157946318472,101.984292,893.334270320412,8.75952808811392,70.4792661605993,12.2046472365012,156.770539957727,54.3157946318472,Served,101.984292,Stable,0
453,452,4,SAT-1,Satellite,641825.884025774,155.452193599484,13.5229935947445,45.5496047587493,188.391482363219,1.37865435101667,70.3143144665622,13.5229935947445,155.452193599484,5.93834587095961,Served,45.5496047587493,Stable,0
453,452,5,SAT-1,Satellite,642111.255641353,159.034355856768,9.94083133746025,34.4157417610467,188.391482363219,1.8246638768895,70.2356678666832,9.94083133746025,159.034355856768,0.946509548615325,Served,34.1208879771531,InTransition,8.56741040018229
453,452,6,SAT-1,Satellite,640099.631059809,159.998246555424,8.97694063880388,31.5400281837548,188.391482363219,1.99103058570138,70.7980641442382,8.97694063880388,159.998246555424,-5.34367679993244,Served,31.5400281837548,Stable,0
454,453,1,BS2,Terrestrial,295.272687326099,92.8224255407043,66.5140348848716,33.994764,893.334270320412,8.75952808811392,71.0716165286007,12.1574502832378,156.81773691099,66.5140348848716,Served,33.994764,Stable,0
454,453,2,BS2,Terrestrial,144.900842099444,109.795562122598,49.5408983029783,33.994764,893.334270320412,8.75952808811392,71.0315791820055,15.2995992696823,153.675587924546,49.5408983029783,Served,33.994764,Stable,0
454,453,3,BS1,Terrestrial,158.603762337124,111.162446121963,48.1740143036126,50.992146,893.334270320412,8.75952808811392,71.0974326571322,15.7010813369918,153.274105857236,48.1740143036126,Served,50.992146,Stable,0
454,453,4,BS2,Terrestrial,1289.96390375941,144.191898728734,15.1445616968422,31.0552146748251,893.334270320412,9.58866629082418,70.9313298014765,13.4318287149784,155.54335847925,15.1445616968422,Served,31.0546801703053,InTransition,0.0172114256958314
454,453,5,BS1,Terrestrial,2496.53115061175,142.820830567785,16.5156298577911,50.6570914799312,893.334270320412,8.81746507963573,70.852337357795,14.5062826054265,154.468904588802,16.5156298577911,Served,50.6554040858223,InTransition,0.0333101261755124
454,453,6,SAT-1,Satellite,637976.412686259,156.888992942953,12.0861942512747,123.046041427019,188.391482363219,1.53106495892399,71.4177161905765,12.0861942512747,156.888992942953,-15.1460219271409,Served,123.046041427019,Stable,0
455,454,1,BS2,Terrestrial,295.272687326099,88.8842655924647,70.4521948331111,50.992146,893.334270320412,8.75952808811392,71.693443561797,12.1280100776385,156.84717711659,70.4521948331111,Served,50.992146,Stable,0
455,454,2,BS2,Terrestrial,144.900842099444,113.628134782909,45.7083256426672,50.992146,893.334270320412,8.75952808811392,71.653158666901,13.3879104843149,155.587276709913,45.7083256426672,Served,50.992146,Stable,0
455,454,3,BS1,Terrestrial,158.603762337124,97.1407794813961,62.1956809441797,101.984292,893.334270320412,8.75952808811392,71.7194048440307,10.6073349531345,158.367852241094,62.1956809441797,Served,101.984292,Stable,0
455,454,4,SAT-1,Satellite,637538.322204491,157.129748690233,11.8454385039947,40.2633988938517,188.391482363219,1.55965871021706,71.5521683370482,11.8454385039947,157.129748690233,5.63226612119809,Served,39.9209024888616,InTransition,8.50639574401155
455,454,5,SAT-1,Satellite,637805.261748109,155.75321763616,13.2219695580684,44.5936078351561,188.391482363219,1.40820991698798,71.4728554538856,13.2219695580684,155.75321763616,10.7225270215158,Served,44.2141181320816,InTransition,8.50995740190515
455,454,6,SAT-1,Satellite,635921.654301429,155.357869582379,13.6173176118486,45.8497499655014,188.391482363219,1.36962929645178,72.0410782904264,13.6173176118486,155.357869582379,-4.01588120526222,Served,45.8497499655014,Stable,0
456,455,1,BS2,Terrestrial,295.272687326099,90.0777959785948,69.2586644469811,50.992146,893.334270320412,8.75952808811392,72.3189776259752,12.2805491474049,156.694638046823,69.2586644469811,Served,50.992146,Stable,0
456,455,2,BS2,Terrestrial,144.900842099444,114.896374186162,44.4400862394137,50.992146,893.334270320412,8.75952808811392,72.278451781561,14.6811355572119,154.294051637016,44.4400862394137,Served,50.992146,Stable,0
456,455,3,BS1,Terrestrial,158.603762337124,94.53566614674,64.8007942788358,101.984292,893.334270320412,8.75952808811392,72.3450785667881,9.43933784403899,159.535849350189,64.8007942788358,Served,101.984292,Stable,0
456,455,4,SAT-1,Satellite,635497.096753838,154.85966953524,14.1155176589877,47.4394382553928,188.391482363219,1.32373322908394,72.1767267168381,14.1155176589877,154.85966953524,10.6794125952584,Served,47.4394382553928,Stable,0
456,455,5,SAT-1,Satellite,635754.685763573,154.096780541772,14.8784066524561,49.8867035413271,188.391482363219,1.25879555733157,72.0971209817577,14.8784066524561,154.096780541772,3.73454934902048,Served,49.8867035413271,Stable,0
456,455,6,SAT-1,Satellite,633936.023445542,158.385833600533,10.5893535936948,36.3847061686374,188.391482363219,1.72592188862773,72.6680381573147,10.5893535936948,158.385833600533,-17.2122784363917,Served,36.3847061686374,Stable,0
457,456,1,BS2,Terrestrial,295.272687326099,93.1752144604624,66.1612459651135,50.992146,893.334270320412,8.75952808811392,72.9481081287421,8.05071819069749,160.924469003531,66.1612459651135,Served,50.992146,Stable,0
457,456,2,BS2,Terrestrial,144.900842099444,118.711713313814,40.6247471117623,50.992146,893.334270320412,8.75952808811392,72.9073483544547,11.1463478801706,157.828839314058,40.6247471117623,Served,50.992146,Stable,0
457,456,3,BS1,Terrestrial,158.603762337124,108.106801863884,51.2296585616916,101.984292,893.334270320412,8.75952808811392,72.9743428250193,15.4512451329833,153.523942061245,51.2296585616916,Served,101.984292,Stable,0
457,456,4,SAT-1,Satellite,633525.132621743,156.665445948172,12.3097412460565,41.7157281705584,188.391482363219,1.50535933427766,72.8048946998584,12.3097412460565,156.665445948172,8.21689753970475,Served,41.7157281705584,Stable,0
457,456,5,SAT-1,Satellite,633773.283954248,154.989998813858,13.9851883803697,47.022886400575,188.391482363219,1.33545950907368,72.7250261345428,13.9851883803697,154.989998813858,6.26199896782629,Served,47.022886400575,Stable,0
457,456,6,SAT-1,Satellite,632020.173427808,161.075500683039,7.89968651118886,28.4106837517159,188.391482363219,2.21033613046877,73.2984757179599,7.89968651118886,161.075500683039,-4.40653272593403,Served,28.4106837517159,Stable,0
458,457,1,BS2,Terrestrial,295.272687326099,90.8786402886189,68.4578201369569,101.984292,893.334270320412,8.75952808811392,73.5807172168869,13.5944870608924,155.380700133336,68.4578201369569,Served,101.984292,Stable,0
458,457,2,BS1,Terrestrial,565.376556244471,130.562105297899,28.7743551276772,50.992146,893.334270320412,8.75952808811392,73.5397309799307,12.4769758758828,156.498211318345,28.7743551276772,Served,50.9917613370356,InTransition,0.00754357277719736
458,457,3,BS1,Terrestrial,158.603762337124,109.338697173611,49.997763251965,50.992146,893.334270320412,8.75952808811392,73.6070793186477,13.4166615358085,155.55852565842,49.997763251965,Served,50.992146,Stable,0
458,457,4,SAT-1,Satellite,631623.080279162,154.873397902267,14.1017892919608,47.3955381216252,188.391482363219,1.32495933745052,73.436554701839,14.1017892919608,154.873397902267,8.36460866285739,Served,47.3955381216252,Stable,0
458,457,5,SAT-1,Satellite,631861.708840973,154.301651816014,14.6735353782141,49.2280682691868,188.391482363219,1.27563731415084,73.3564560638816,14.6735353782141,154.301651816014,3.51861901933219,Served,49.2280682691868,Stable,0
458,457,6,SAT-1,Satellite,630174.742382305,154.695043006097,14.2801441881308,47.9662748604098,188.391482363219,1.30919403206712,73.9322624595305,14.2801441881308,154.695043006097,-0.044345348599677,Served,47.9662748604098,Stable,0
459,458,1,BS2,Terrestrial,295.272687326099,91.6610396444386,67.6754207811372,50.992146,893.334270320412,8.75952808811392,74.2166792235511,10.1735228908103,158.801664303418,67.6754207811372,Served,50.992146,Stable,0
459,458,2,BS2,Terrestrial,144.900842099444,115.355570542329,43.9808898832469,50.992146,893.334270320412,8.75952808811392,74.175474472129,13.9421494731178,155.03303772111,43.9808898832469,Served,50.9920474143992,InTransition,0.00193334873153406
459,458,3,BS1,Terrestrial,158.603762337124,101.183070334786,58.1533900907903,50.992146,893.334270320412,8.75952808811392,74.2431618861677,10.7608376585759,158.214349535652,58.1533900907903,Served,50.992146,Stable,0
459,458,4,SAT-1,Satellite,629791.574833608,155.820150367025,13.1550368272033,66.5721658925783,188.391482363219,1.41494181417508,74.0715812293768,13.1550368272033,155.820150367025,4.37991893117592,Served,66.5721658925783,Stable,0
459,458,5,BS1,Terrestrial,2496.53115061175,146.210166643226,13.1262937823501,40.6585689785568,893.334270320412,10.9858056095328,73.9912883784854,11.5309743008152,157.444212893413,13.1262937823501,Served,40.657214636494,InTransition,0.0333101261755124
459,458,6,SAT-1,Satellite,628400.35232482,157.268917231845,11.7062699623829,59.7448398066159,188.391482363219,1.57663392330627,74.5692606141101,11.7062699623829,157.268917231845,-1.59900424052992,Served,59.7448398066159,Stable,0
460,459,1,BS2,Terrestrial,295.272687326099,90.7217311196674,68.6147293059085,50.992146,893.334270320412,8.75952808811392,74.8558599738808,14.757634986259,154.217552207969,68.6147293059085,Served,50.992146,Stable,0
460,459,2,BS2,Terrestrial,144.900842099444,111.154982312913,48.1814781126625,50.992146,893.334270320412,8.75952808811392,74.8144451797492,10.5164827508327,158.458704443395,48.1814781126625,Served,50.992146,Stable,0
460,459,3,BS1,Terrestrial,158.603762337124,108.04157743548,51.2948829900963,101.984292,893.334270320412,8.75952808811392,74.8824557986588,10.6403464131135,158.334840781115,51.2948829900963,Served,101.984292,Stable,0
460,459,4,SAT-1,Satellite,628031.235086403,156.128267321791,12.846919872437,43.4067502261192,188.391482363219,1.44671417373127,74.7098401713772,12.846919872437,156.128267321791,6.88274118004148,Served,43.4067502261192,Stable,0
460,459,5,SAT-1,Satellite,628250.571658905,156.001714088699,12.9734731055286,43.8066871909174,188.391482363219,1.43350627072205,74.6293925177365,12.9734731055286,156.001714088699,10.0878638246186,Served,43.4394788034379,InTransition,8.38247333972497
460,459,6,SAT-1,Satellite,626697.608213631,154.70198664629,14.2732005479378,47.9440391706862,188.391482363219,1.30980121562504,75.2093221261116,14.2732005479378,154.70198664629,-6.95958365733998,Served,47.9440391706862,Stable,0
461,460,1,BS2,Terrestrial,295.272687326099,90.421061165332,68.9153992602438,50.992146,893.334270320412,8.75952808811392,75.4981159003699,10.3444126199959,158.630774574232,68.9153992602438,Served,50.992146,Stable,0
461,460,2,BS2,Terrestrial,144.900842099444,113.908028659878,45.4284317656974,50.992146,893.334270320412,8.75952808811392,75.4565001137985,12.0695718053815,156.905615388847,45.4284317656974,Served,50.992146,Stable,0
461,460,3,BS1,Terrestrial,158.603762337124,102.356620517507,56.9798399080692,101.984292,893.334270320412,8.75952808811392,75.5248168597918,14.4587152222168,154.516471972011,56.9798399080692,Served,101.984292,Stable,0
461,460,4,SAT-1,Satellite,626342.662594304,154.870936163494,14.104251030734,47.4034098095126,188.391482363219,1.32473931812259,75.3511878991969,14.104251030734,154.870936163494,2.23202911866107,Served,47.4034098095126,Stable,0
461,460,5,SAT-1,Satellite,626552.234679039,154.148963821051,14.8262233731771,49.7188461965843,188.391482363219,1.26304541620786,75.2706289575667,14.8262233731771,154.148963821051,5.20489158620001,Served,49.7188461965843,Stable,0
461,460,6,SAT-1,Satellite,625067.09701698,159.157244210539,9.81794298368919,34.0455755763493,188.391482363219,1.84450283846466,75.8522873280168,9.81794298368919,159.157244210539,-4.49868018360903,Served,34.0455755763493,Stable,0
462,461,1,BS2,Terrestrial,295.272687326099,92.8780071624218,66.4584532631541,50.992146,893.334270320412,8.75952808811392,76.1432929002841,11.3381106699298,157.637076524298,66.4584532631541,Served,50.992146,Stable,0
462,461,2,BS2,Terrestrial,144.900842099444,127.92081727461,31.4156431509654,50.992146,893.334270320412,8.75952808811392,76.1014858220202,11.2588522819589,157.716334912269,31.4156431509654,Served,50.992146,Stable,0
462,461,3,BS1,Terrestrial,158.603762337124,104.95493886331,54.3815215622656,101.984292,893.334270320412,8.75952808811392,76.1700902428411,12.0514352212212,156.923751973007,54.3815215622656,Served,101.984292,Stable,0
462,461,4,SAT-1,Satellite,624726.440738479,155.968413910804,13.0067732834245,43.9120169627684,188.391482363219,1.43006778397319,75.9954701083677,13.0067732834245,155.968413910804,6.99601652613401,Served,43.9120169627684,Stable,0
462,461,5,SAT-1,Satellite,624926.172701531,152.559080404571,16.4161067896574,54.8587037276026,188.391482363219,1.14470733941427,75.9148481895938,16.4161067896574,152.559080404571,15.1225035483161,Served,54.8587037276026,Stable,0
462,461,6,SAT-1,Satellite,623509.386790289,155.180378861344,13.7948083328839,46.4152695847373,188.391482363219,1.35294185188551,76.4979832205089,13.7948083328839,155.180378861344,-13.8758400794738,Served,46.4152695847373,Stable,0
463,462,1,BS2,Terrestrial,295.272687326099,87.6345724620085,71.7018879635674,50.992146,893.334270320412,8.75952808811392,76.7912248402966,12.3452846621579,156.62990253207,71.7018879635674,Served,50.992146,Stable,0
463,462,2,BS2,Terrestrial,144.900842099444,112.059677277819,47.2767831477564,50.992146,893.334270320412,8.75952808811392,76.7492369170641,12.6322781156925,156.342909078536,47.2767831477564,Served,50.992146,Stable,0
463,462,3,BS1,Terrestrial,158.603762337124,104.6746824455,54.6617779800755,50.992146,893.334270320412,8.75952808811392,76.8181089678556,13.8766292653393,155.098557928889,54.6617779800755,Served,50.992146,Stable,0
463,462,4,SAT-1,Satellite,623183.133803769,156.477647720618,12.4975394736102,63.458489196178,188.391482363219,1.48436785014545,76.6425203080494,12.4975394736102,156.477647720618,-1.57260385146205,Served,63.458489196178,Stable,0
463,462,5,BS1,Terrestrial,2496.53115061175,142.877762902439,16.4586975231373,50.4872873376937,893.334270320412,8.84712090337889,76.5618893910797,15.1254692354234,153.849717958805,16.4586975231373,Served,50.4856055997822,InTransition,0.0333101261755124
463,462,6,SAT-1,Satellite,622025.025766102,155.989390729335,12.9857964648931,65.7684929357033,188.391482363219,1.43223201531617,77.1462212103302,12.9857964648931,155.989390729335,-11.0886977008337,Served,65.7684929357033,Stable,0
464,463,1,BS2,Terrestrial,295.272687326099,92.709133808011,66.6273266175649,33.994764,893.334270320412,8.75952808811392,77.441731573314,14.0743988153378,154.90078837889,66.6273266175649,Served,33.994764,Stable,0
464,463,2,BS2,Terrestrial,144.900842099444,110.987419475251,48.3490409503247,33.994764,893.334270320412,8.75952808811392,77.3995741262454,14.0729601550973,154.902227039131,48.3490409503247,Served,33.994764,Stable,0
464,463,3,BS1,Terrestrial,158.603762337124,102.169608630351,57.1668517952252,101.984292,893.334270320412,8.75952808811392,77.4686918810716,15.237834729413,153.737352464815,57.1668517952252,Served,101.984292,Stable,0
464,463,4,BS2,Terrestrial,1289.96390375941,143.136893866576,16.1995665589997,33.1433629013241,893.334270320412,8.98454664945626,77.2921578251509,13.1151723558312,155.860014838397,16.1995665589997,Served,33.1427924567962,InTransition,0.0172114256958314
464,463,5,SAT-1,Satellite,621893.121707537,153.254595671577,15.7205915226513,78.9060878024407,188.391482363219,1.19377026291621,77.2115786689685,15.7205915226513,153.254595671577,0.869508725275892,Served,78.2513528088714,InTransition,8.29764865809315
464,463,6,SAT-1,Satellite,620614.54145989,152.712620023516,16.2625671707119,81.5403548656116,188.391482363219,1.15520396418258,77.7967940957816,16.2625671707119,152.712620023516,-6.86176411172721,Served,81.5403548656116,Stable,0
465,464,1,BS2,Terrestrial,295.272687326099,99.0346496641853,60.3018107613906,50.992146,893.334270320412,8.75952808811392,78.0946162723196,14.7440223179811,154.231164876247,60.3018107613906,Served,50.992146,Stable,0
465,464,2,BS2,Terrestrial,144.900842099444,121.232994503364,38.1034659222123,50.992146,893.334270320412,8.75952808811392,78.0523016720731,14.1259983815969,154.849188812631,38.1034659222123,Served,50.992146,Stable,0
465,464,3,BS1,Terrestrial,158.603762337124,105.683674591579,53.652785833997,101.984292,893.334270320412,8.75952808811392,78.121640937084,15.4412022723984,153.53398492183,53.652785833997,Served,101.984292,Stable,0
465,464,4,SAT-1,Satellite,620317.420927755,156.015542936881,12.9596442573474,43.7629573763675,188.391482363219,1.43493869136117,77.9441851315901,12.9596442573474,156.015542936881,2.91334156540137,Served,43.4007477993423,InTransition,8.27662476989671
465,464,5,SAT-1,Satellite,620487.206066068,154.838991285364,14.1361959088644,47.5055722734599,188.391482363219,1.32189041795467,77.8637267101905,14.1361959088644,154.838991285364,4.74344931762812,Served,47.5055722734599,Stable,0
465,464,6,SAT-1,Satellite,619278.439794792,157.840431675832,11.1347555183957,38.0591197803672,188.391482363219,1.64998983555404,78.4494719940579,11.1347555183957,157.840431675832,0.318034767155069,Served,38.0591197803672,Stable,0
466,465,1,BS2,Terrestrial,295.272687326099,88.608324621644,70.7281358039319,50.992146,893.334270320412,8.75952808811392,78.7496617941957,12.9640875643426,156.011099629885,70.7281358039319,Served,50.992146,Stable,0
466,465,2,BS2,Terrestrial,144.900842099444,107.778760163001,51.557700262575,50.992146,893.334270320412,8.75952808811392,78.7072037032426,14.4598758557738,154.515311338454,51.557700262575,Served,50.992146,Stable,0
466,465,3,BS1,Terrestrial,158.603762337124,101.42767427805,57.9087861475261,50.992146,893.334270320412,8.75952808811392,78.7767374901897,14.4998831877354,154.475304006493,57.9087861475261,Served,50.992146,Stable,0
466,465,4,SAT-1,Satellite,618996.039993658,158.404533828895,10.5706533653326,54.4913752427189,188.391482363219,1.72863578432434,78.5983842143236,10.5706533653326,158.404533828895,1.0541682017716,Served,54.4913752427189,Stable,0
466,465,5,BS1,Terrestrial,2496.53115061175,142.685968157475,16.6504922681009,50.992146,893.334270320412,8.75952808811392,78.5181255929386,12.1798732617157,156.795313932512,16.6504922681009,Served,50.9904474451828,InTransition,0.0333101261755124
466,465,6,SAT-1,Satellite,618017.204248472,153.498786780015,15.4764004142133,77.7219393671913,188.391482363219,1.21195819286738,79.1039967572333,15.4764004142133,153.498786780015,-4.90961883098183,Served,77.7219393671913,Stable,0
467,466,1,BS2,Terrestrial,295.272687326099,90.1063426252256,69.2301178003503,50.992146,893.334270320412,8.75952808811392,79.4066256432943,13.1617302556031,155.813456938625,69.2301178003503,Served,50.992146,Stable,0
467,466,2,BS2,Terrestrial,144.900842099444,120.98568174429,38.3507786812856,50.992146,893.334270320412,8.75952808811392,79.3640393565048,14.1171802852667,154.858006908961,38.3507786812856,Served,50.992146,Stable,0
467,466,3,BS1,Terrestrial,158.603762337124,102.69609077487,56.6403696507054,50.992146,893.334270320412,8.75952808811392,79.4337371545295,13.0304463131673,155.944740881061,56.6403696507054,Served,50.992146,Stable,0
467,466,4,SAT-1,Satellite,617749.622275147,152.689732452627,16.285454741601,81.6517735733536,188.391482363219,1.15362761957628,79.2545115700953,16.285454741601,152.689732452627,10.9290816682296,Served,81.6517735733536,Stable,0
467,466,5,BS1,Terrestrial,2496.53115061175,142.592997867689,16.7434625578871,50.992146,893.334270320412,8.75952808811392,79.1745443937363,16.506874681421,152.468312512807,16.7434625578871,Served,50.992146,Stable,0
467,466,6,SAT-1,Satellite,616831.295025186,156.275835942637,12.6993512515911,64.4116902470962,188.391482363219,1.46240132529135,79.7600741920145,12.6993512515911,156.275835942637,-9.78444522099986,Served,64.4116902470962,Stable,0
468,467,1,BS2,Terrestrial,295.272687326099,88.9531101247215,70.3833503008544,50.992146,893.334270320412,8.75952808811392,80.0652328761934,15.7976995987508,153.177487595477,70.3833503008544,Served,50.992146,Stable,0
468,467,2,BS2,Terrestrial,144.900842099444,111.225746747819,48.1107136777568,50.992146,893.334270320412,8.75952808811392,80.0225358080643,15.7980398655504,153.177147328678,48.1107136777568,Served,50.992146,Stable,0
468,467,3,BS1,Terrestrial,158.603762337124,101.421350764317,57.9151096612586,101.984292,893.334270320412,8.75952808811392,80.092362558356,13.9325589268001,155.042628267428,57.9151096612586,Served,101.984292,Stable,0
468,467,4,SAT-1,Satellite,616578.623341052,156.231043302338,12.7441438918902,43.0823770367877,188.391482363219,1.45760668530702,79.9122911886763,12.7441438918902,156.231043302338,6.21459794754367,Served,43.0823770367877,Stable,0
468,467,5,SAT-1,Satellite,616717.8842999,156.979949344331,11.9952378498969,40.7309722166493,188.391482363219,1.54175452659758,79.8327230354735,11.9952378498969,156.979949344331,11.7466077179011,Served,40.3958134314215,InTransition,8.2285977227606
468,467,6,SAT-1,Satellite,615721.148256241,155.762615629044,13.2125715651838,44.5638089810885,188.391482363219,1.40915155646567,80.4173630255369,13.2125715651838,155.762615629044,-13.618398368194,Served,44.5638089810885,Stable,0
469,468,1,BS2,Terrestrial,295.272687326099,93.3452643103038,65.991196115272,50.992146,893.334270320412,8.75952808811392,80.7251659157269,16.3130853274847,152.662101866743,65.991196115272,Served,50.992146,Stable,0
469,468,2,BS2,Terrestrial,144.900842099444,116.504071161481,42.8323892640951,50.992146,893.334270320412,8.75952808811392,80.6823783111954,14.9003944104572,154.074792783771,42.8323892640951,Served,50.992146,Stable,0
469,468,3,BS1,Terrestrial,158.603762337124,100.108984106227,59.2274763193486,101.984292,893.334270320412,8.75952808811392,80.7522929342993,14.1693116822327,154.805875511995,59.2274763193486,Served,101.984292,Stable,0
469,468,4,SAT-1,Satellite,615483.474529131,155.129617249548,13.8455699446804,46.5771778188697,188.391482363219,1.34823885276919,80.571404534159,13.8455699446804,155.129617249548,7.56710077689434,Served,46.5771778188697,Stable,0
469,468,5,SAT-1,Satellite,615612.447350314,155.060574494696,13.9146126995323,46.7975154362205,188.391482363219,1.34189091455773,80.4923635142337,13.9146126995323,155.060574494696,9.56351424697635,Served,46.7975154362205,Stable,0
469,468,6,SAT-1,Satellite,614687.175231836,153.190935162807,15.7842520314216,52.8100561465632,188.391482363219,1.18911369102618,81.0754589440104,15.7842520314216,153.190935162807,-4.06098459965708,Served,52.8100561465632,Stable,0
470,469,1,BS2,Terrestrial,295.272687326099,90.6402982797275,68.6961621458484,50.992146,893.334270320412,8.75952808811392,81.3860496148228,10.5970496374543,158.378137556774,68.6961621458484,Served,50.992146,Stable,0
470,469,2,BS2,Terrestrial,144.900842099444,112.283531651899,47.0529287736765,50.992146,893.334270320412,8.75952808811392,81.3431956095026,8.92630909756593,160.048878096662,47.0529287736765,Served,50.992146,Stable,0
470,469,3,BS1,Terrestrial,158.603762337124,100.121163589327,59.2152968362489,101.984292,893.334270320412,8.75952808811392,81.4131488422381,11.8303458982158,157.144841296012,59.2152968362489,Served,101.984292,Stable,0
470,469,4,SAT-1,Satellite,614464.582184356,154.394607532886,14.5805796613418,48.9295622639541,188.391482363219,1.28341963185723,81.2314759432122,14.5805796613418,154.394607532886,12.2671935856547,Served,48.9295622639541,Stable,0
470,469,5,SAT-1,Satellite,614583.215827218,152.908046353751,16.0671408404767,53.7263744366987,188.391482363219,1.16883302560697,81.1531171311326,16.0671408404767,152.908046353751,11.8549341957246,Served,53.7263744366987,Stable,0
470,469,6,SAT-1,Satellite,613729.761667398,153.758519139972,15.2166680542556,50.9762946986511,188.391482363219,1.23188947252773,81.7338709860483,15.2166680542556,153.758519139972,-11.8957608500029,Served,50.9762946986511,Stable,0
471,470,1,BS2,Terrestrial,295.272687326099,89.6174245985803,69.7190358269956,50.992146,893.334270320412,8.75952808811392,82.0474288227295,9.97863906532598,158.996548128902,69.7190358269956,Served,50.992146,Stable,0
471,470,2,BS2,Terrestrial,144.900842099444,114.855073405107,44.4813870204685,50.992146,893.334270320412,8.75952808811392,82.0045380647379,12.5490195631394,156.426167631089,44.4813870204685,Served,50.992146,Stable,0
471,470,3,BS1,Terrestrial,158.603762337124,104.929616439954,54.406843985622,101.984292,893.334270320412,8.75952808811392,82.0744692014089,14.9313462736353,154.043840920593,54.406843985622,Served,101.984292,Stable,0
471,470,4,SAT-1,Satellite,613522.326932202,154.733651738196,14.2415354560326,47.8426539951049,188.391482363219,1.3125768648655,81.8920508444486,14.2415354560326,154.733651738196,11.2651841218227,Served,47.8426539951049,Stable,0
471,470,5,SAT-1,Satellite,613630.57389884,153.163487790533,15.8116994036951,52.8988965108643,188.391482363219,1.18711664949083,81.814565478036,15.8116994036951,153.163487790533,11.5534047465688,Served,52.8988965108643,Stable,0
471,470,6,SAT-1,Satellite,612849.267007267,156.866255298483,12.108931895745,41.0864908125789,188.391482363219,1.52841383008825,82.3919857420843,12.108931895745,156.866255298483,-12.1420081838631,Served,41.0864908125789,Stable,0
472,471,1,BS2,Terrestrial,295.272687326099,90.9612946757181,68.3751657498577,50.992146,893.334270320412,8.75952808811392,82.7087337539885,9.64091016024807,159.33427703398,68.3751657498577,Served,50.992146,Stable,0
472,471,2,BS2,Terrestrial,144.900842099444,116.868462317426,42.46799810815,50.992146,893.334270320412,8.75952808811392,82.6658439575787,9.92770951045003,159.047477683778,42.46799810815,Served,50.992146,Stable,0
472,471,3,BS1,Terrestrial,158.603762337124,96.3434434964352,62.9930169291407,101.984292,893.334270320412,8.75952808811392,82.7356757960524,14.6519906102515,154.323196583977,62.9930169291407,Served,101.984292,Stable,0
472,471,4,SAT-1,Satellite,612657.062989932,153.587820143842,15.3873670503865,51.5270957617118,188.391482363219,1.21872113806193,82.5525624009683,15.3873670503865,153.587820143842,13.068459102926,Served,51.5270957617118,Stable,0
472,471,5,SAT-1,Satellite,612754.879413703,155.335369017167,13.639818177061,45.9213885856712,188.391482363219,1.36749263734882,82.4761913706247,13.639818177061,155.335369017167,6.02662426236355,Served,45.9213885856712,Stable,0
472,471,6,SAT-1,Satellite,612046.02376863,155.289015204457,13.6861719897708,46.0690210041247,188.391482363219,1.36311038131496,83.0490114922662,13.6861719897708,155.289015204457,-11.8696640856037,Served,46.0690210041247,Stable,0
473,472,1,BS2,Terrestrial,295.272687326099,89.0585471156613,70.2779133099146,50.992146,893.334270320412,8.75952808811392,83.3692248192772,10.9476395844457,158.027547609782,70.2779133099146,Served,50.992146,Stable,0
473,472,2,BS2,Terrestrial,144.900842099444,106.028033960938,53.3084264646378,50.992146,893.334270320412,8.75952808811392,83.3263859218076,12.8515462869935,156.123640907235,53.3084264646378,Served,50.992146,Stable,0
473,472,3,BS1,Terrestrial,158.603762337124,115.279010930232,44.0574494953438,101.984292,893.334270320412,8.75952808811392,83.3960166601208,14.7069789401784,154.26820825405,44.0574494953438,Served,101.984292,Stable,0
473,472,4,SAT-1,Satellite,611869.117518643,155.027222541935,13.9479646522935,46.9040013309412,188.391482363219,1.33884442703855,83.2122788568464,13.9479646522935,155.027222541935,8.91060042455075,Served,46.9040013309412,Stable,0
473,472,5,SAT-1,Satellite,611956.463246923,156.096614433799,12.8785727604289,43.5067272271894,188.391482363219,1.44338967304566,83.1373330601144,12.8785727604289,156.096614433799,10.5249621796538,Served,43.5067272271894,Stable,0
473,472,6,SAT-1,Satellite,611320.336928379,153.110267632637,15.864919561591,53.0711978365283,188.391482363219,1.18326254819365,83.7038881620585,15.864919561591,153.110267632637,-8.45587896356386,Served,53.0711978365283,Stable,0
474,473,1,BS2,Terrestrial,295.272687326099,91.1224772111114,68.2139832144644,50.992146,893.334270320412,8.75952808811392,84.0279014834955,12.272852630167,156.702334564061,68.2139832144644,Served,50.992146,Stable,0
474,473,2,BS2,Terrestrial,144.900842099444,110.373598042016,48.9628623835596,50.992146,893.334270320412,8.75952808811392,83.9851826785812,13.2289206411936,155.746266553034,48.9628623835596,Served,50.992146,Stable,0
474,473,3,BS1,Terrestrial,158.603762337124,102.786967119798,56.5494933057781,50.992146,893.334270320412,8.75952808811392,84.0544724122152,13.6106518758558,155.364535318372,56.5494933057781,Served,50.992146,Stable,0
474,473,4,SAT-1,Satellite,611158.790018807,155.830063696309,13.1451234979191,66.5250500206526,188.391482363219,1.41594393619195,83.8702174872894,13.1451234979191,155.830063696309,1.32858979911043,Served,66.5250500206526,Stable,0
474,473,5,BS1,Terrestrial,2496.53115061175,146.326426448069,13.010033977507,40.3207014552425,893.334270320412,11.0778612236204,83.7971095625089,11.9622645578815,157.012922636347,13.010033977507,Served,40.3193583675895,InTransition,0.0333101261755124
474,473,6,SAT-1,Satellite,610672.483355508,155.904341113271,13.0708460809574,66.1721847038089,188.391482363219,1.42349450306402,84.3551366852179,13.0708460809574,155.904341113271,-10.0839140035401,Served,66.1721847038089,Stable,0
475,474,1,BS2,Terrestrial,295.272687326099,88.6344359957778,70.7020244297981,50.992146,893.334270320412,8.75952808811392,84.683345202665,14.2880985257088,154.687088668519,70.7020244297981,Served,50.992146,Stable,0
475,474,2,BS2,Terrestrial,144.900842099444,113.174630031643,46.161830393933,50.992146,893.334270320412,8.75952808811392,84.6408473856213,14.9764036564436,153.998783537785,46.161830393933,Served,50.992146,Stable,0
475,474,3,BS1,Terrestrial,158.603762337124,104.263489875099,55.0729705504767,101.984292,893.334270320412,8.75952808811392,84.7095945801889,13.0096304210147,155.965556773213,55.0729705504767,Served,101.984292,Stable,0
475,474,4,SAT-1,Satellite,610526.351771788,154.658964396657,14.3162227975709,48.0818303072132,188.391482363219,1.30604763559341,84.524998208244,14.3162227975709,154.658964396657,8.26936266732008,Served,48.0818303072132,Stable,0
475,474,5,SAT-1,Satellite,610592.650884152,152.051302708053,16.9238844861756,55.547,188.391482363219,1.1305229947205,84.4542938940329,16.9238844861756,152.051302708053,4.17189766764918,Served,55.0944657340624,InTransition,8.14687140507253
475,474,6,SAT-1,Satellite,610102.711291398,153.193497703445,15.7816894907832,52.8017625711318,188.391482363219,1.18930046517183,85.000596075552,15.7816894907832,153.193497703445,-7.20143771825821,Served,52.8017625711318,Stable,0
476,475,1,BS2,Terrestrial,295.272687326099,89.9984925818357,69.3379678437402,50.992146,893.334270320412,8.75952808811392,85.3334351223323,13.3702652912445,155.604921902984,69.3379678437402,Served,50.992146,Stable,0
476,475,2,BS2,Terrestrial,144.900842099444,114.735199875188,44.6012605503879,50.992146,893.334270320412,8.75952808811392,85.2913140942781,16.2516401974068,152.723546996821,44.6012605503879,Served,50.992146,Stable,0
476,475,3,BS1,Terrestrial,158.603762337124,98.4061220545676,60.9303383710083,101.984292,893.334270320412,8.75952808811392,85.3592124087389,13.5699688471456,155.405218347083,60.9303383710083,Served,101.984292,Stable,0
476,475,4,SAT-1,Satellite,609972.045329817,153.479421960795,15.4957652334334,51.8771859491667,188.391482363219,1.21049666898419,85.1745826742146,15.4957652334334,153.479421960795,4.84956656055721,Served,51.8771859491667,Stable,0
476,475,5,SAT-1,Satellite,610027.776307063,152.925388241356,16.049798952872,53.6701591154534,188.391482363219,1.17005728737737,85.1070875548854,16.049798952872,152.925388241356,14.4945236367638,Served,53.6701591154534,Stable,0
476,475,6,SAT-1,Satellite,609611.239880331,155.232773330436,13.7424138637924,46.2482327296967,188.391482363219,1.35782833378229,85.63694190592,13.7424138637924,155.232773330436,-2.99777596663833,Served,46.2482327296967,Stable,0
477,476,1,BS2,Terrestrial,295.272687326099,94.3411364116217,64.9953240139542,50.992146,893.334270320412,8.75952808811392,85.9748032229161,13.6445056472268,155.330681547001,64.9953240139542,Served,50.992146,Stable,0
477,476,2,BS2,Terrestrial,144.900842099444,118.810993695487,40.5254667300887,50.992146,893.334270320412,8.75952808811392,85.9333156512346,13.4714819848326,155.503705209395,40.5254667300887,Served,50.992146,Stable,0
477,476,3,BS1,Terrestrial,158.603762337124,97.0520151267492,62.2844452988267,101.984292,893.334270320412,8.75952808811392,85.9998698181851,13.0710600851734,155.904127109055,62.2844452988267,Served,101.984292,Stable,0
477,476,4,SAT-1,Satellite,609496.084056541,153.376180074098,15.5990071201301,52.2108460934606,188.391482363219,1.20276083393341,85.8157836289898,15.5990071201301,153.376180074098,9.60902570935906,Served,52.2108460934606,Stable,0
477,476,5,SAT-1,Satellite,609541.222302913,154.017578941173,14.9576082530554,50.1415915703691,188.391482363219,1.25239663961623,85.7526968270946,14.9576082530554,154.017578941173,8.96480645355382,Served,50.1415915703691,Stable,0
477,476,6,SAT-1,Satellite,609198.258752192,154.599296767959,14.3758904262691,48.273013624425,188.391482363219,1.30087508677862,86.2587564838054,14.3758904262691,154.599296767959,-10.6340246825192,Served,48.273013624425,Stable,0
478,477,1,BS2,Terrestrial,295.272687326099,89.8716854791109,69.464774946465,50.992146,893.334270320412,8.75952808811392,86.6017197937112,10.089454992371,158.885732201857,69.464774946465,Served,50.992146,Stable,0
478,477,2,BS2,Terrestrial,144.900842099444,119.038969618148,40.2974908074284,50.992146,893.334270320412,8.75952808811392,86.5613206664206,7.82366506689593,161.151522127332,40.2974908074284,Served,50.992146,Stable,0
478,477,3,BS1,Terrestrial,158.603762337124,104.742706948061,54.5937534775147,101.984292,893.334270320412,8.75952808811392,86.6256712676328,14.5110155765582,154.46417161767,54.5937534775147,Served,101.984292,Stable,0
478,477,4,SAT-1,Satellite,609098.651720203,156.111172281931,12.8640149122971,43.4607411903159,188.391482363219,1.44491693118506,86.4432841936649,12.8640149122971,156.111172281931,6.81348166135581,Served,43.4607411903159,Stable,0
478,477,5,SAT-1,Satellite,609133.176670047,153.843467179942,15.1317200142858,50.7024236091631,188.391482363219,1.23854357085192,86.3864849154983,15.1317200142858,153.843467179942,13.5974549239122,Served,50.7024236091631,Stable,0
478,477,6,SAT-1,Satellite,608863.927659242,153.564464021729,15.4107231724994,51.6025077341771,188.391482363219,1.21694009739275,86.8566338960389,15.4107231724994,153.564464021729,-12.563810463389,Served,51.6025077341771,Stable,0
479,478,1,BS2,Terrestrial,295.272687326099,91.3521124492449,67.9843479763309,50.992146,893.334270320412,8.75952808811392,87.2036483653585,13.1428272073152,155.832359986913,67.9843479763309,Served,50.992146,Stable,0
479,478,2,BS2,Terrestrial,144.900842099444,119.471814955041,39.8646454705346,50.992146,893.334270320412,8.75952808811392,87.1652126186585,14.0552838537792,154.919903340449,39.8646454705346,Served,50.992146,Stable,0
479,478,3,BS1,Terrestrial,158.603762337124,101.572203999636,57.7642564259396,101.984292,893.334270320412,8.75952808811392,87.2257456301034,11.7792530158044,157.195934178424,57.7642564259396,Served,101.984292,Stable,0
479,478,4,SAT-1,Satellite,608779.902141197,153.713502890365,15.2616843038634,51.121489973544,188.391482363219,1.22839065958832,87.0475453529882,15.2616843038634,153.713502890365,9.36769966771672,Served,51.121489973544,Stable,0
479,478,5,SAT-1,Satellite,608803.797300693,154.405833789546,14.5693534046825,48.8935261740646,188.391482363219,1.28436555310363,87.0001519697891,14.5693534046825,154.405833789546,0.331675142323178,Served,48.8935261740646,Stable,0
479,478,6,SAT-1,Satellite,608608.376168527,154.092955209584,14.8822319846439,49.8990109509452,188.391482363219,1.25848507998433,87.4131581070179,14.8822319846439,154.092955209584,-14.5005271155216,Served,49.8990109509452,Stable,0
480,479,1,BS2,Terrestrial,295.272687326099,89.4506480428309,69.8858123827449,50.992146,893.334270320412,8.75952808811392,87.7595567101969,14.4176392683889,154.557547925839,69.8858123827449,Served,50.992146,Stable,0
480,479,2,BS2,Terrestrial,144.900842099444,112.187368236843,47.1490921887328,50.992146,893.334270320412,8.75952808811392,87.7249073352011,11.4305993593044,157.544587834924,47.1490921887328,Served,50.992146,Stable,0
480,479,3,BS1,Terrestrial,158.603762337124,105.150433091916,54.18602733366,101.984292,893.334270320412,8.75952808811392,87.7783482217428,15.866562521009,153.108624673219,54.18602733366,Served,101.984292,Stable,0
480,479,4,SAT-1,Satellite,608539.958895663,152.160942655864,16.8142445383642,55.547,188.391482363219,1.1305229947205,87.6100827245328,16.8142445383642,152.160942655864,12.6007624346238,Served,55.547,Stable,0
480,479,5,SAT-1,Satellite,608553.211876882,153.951507457515,15.0236797367127,50.3543342056458,188.391482363219,1.24710537391434,87.5775524471411,15.0236797367127,153.951507457515,9.83670887397497,Served,50.3543342056458,Stable,0
480,479,6,SAT-1,Satellite,608431.703411391,156.705669137789,12.2695180564394,41.5895569260781,188.391482363219,1.50992617928958,87.894547743105,12.2695180564394,156.705669137789,-3.43904670945793,Served,41.5895569260781,Stable,0
481,480,1,BS2,Terrestrial,295.272687326099,93.3123338236885,66.0241266018873,50.992146,893.334270320412,8.75952808811392,88.2249052023603,10.4413869783249,158.533800215903,66.0241266018873,Served,50.992146,Stable,0
481,480,2,BS2,Terrestrial,144.900842099444,116.313606425706,43.0228539998699,50.992146,893.334270320412,8.75952808811392,88.197973853331,15.4994858039298,153.475701390298,43.0228539998699,Served,50.992146,Stable,0
481,480,3,BS1,Terrestrial,158.603762337124,117.453925129467,41.882535296109,101.984292,893.334270320412,8.75952808811392,88.2374887764395,15.5873241423207,153.387863051907,41.882535296109,Served,101.984292,Stable,0
481,480,4,SAT-1,Satellite,608378.915076303,153.939316260074,15.0358709341546,50.3935992990925,188.391482363219,1.24613366898106,88.0928503003499,15.0358709341546,153.939316260074,13.1682936607376,Served,50.3935992990925,Stable,0
481,480,5,SAT-1,Satellite,608381.51762343,154.799626408842,14.1755607853865,47.6315029096326,188.391482363219,1.318395535553,88.0848104478448,14.1755607853865,154.799626408842,10.4476369311577,Served,47.6315029096326,Stable,0
481,480,6,SAT-1,Satellite,608333.977891084,157.964948002992,11.0102391912363,37.6754572625012,188.391482363219,1.6667922661218,88.2375038356306,11.0102391912363,157.964948002992,-4.30325361794053,Served,37.6754572625012,Stable,0
482,481,1,BS2,Terrestrial,295.272687326099,91.2407150536207,68.0957453719551,50.992146,893.334270320412,8.75952808811392,88.5115677481354,15.3780046691061,153.597182525122,68.0957453719551,Served,50.992146,Stable,0
482,481,2,BS2,Terrestrial,144.900842099444,113.051749780768,46.2847106448078,50.992146,893.334270320412,8.75952808811392,88.4994815208709,16.3074062073897,152.667780986838,46.2847106448078,Served,50.992146,Stable,0
482,481,3,BS1,Terrestrial,158.603762337124,99.4969759375785,59.8394844879974,101.984292,893.334270320412,8.75952808811392,88.5132929654234,11.7159978984234,157.259189295805,59.8394844879974,Served,101.984292,Stable,0
482,481,4,SAT-1,Satellite,608296.833111632,156.032780082357,12.9424071118707,43.7084591758302,188.391482363219,1.43672785478709,88.4202974438388,12.9424071118707,156.032780082357,8.64877761936276,Served,43.7084591758302,Stable,0
482,481,5,SAT-1,Satellite,608288.781119236,155.206727352509,13.7684598417192,46.3312587910572,188.391482363219,1.35539509234877,88.4507308426793,13.7684598417192,155.206727352509,4.01367016667245,Served,46.3312587910572,Stable,0
482,481,6,SAT-1,Satellite,608315.237349458,154.080664680355,14.8945225138734,49.938556119084,188.391482363219,1.25748851524647,88.352782360367,14.8945225138734,154.080664680355,-8.25376729832055,Served,49.938556119084,Stable,0
483,482,1,BS2,Terrestrial,295.272687326099,94.410844034487,64.9256163910888,50.992146,893.334270320412,8.75952808811392,88.5121190242973,14.16440276889,154.810784425338,64.9256163910888,Served,50.992146,Stable,0
483,482,2,BS2,Terrestrial,144.900842099444,110.816976853406,48.5194835721696,50.992146,893.334270320412,8.75952808811392,88.5202448156737,14.1563217858518,154.818865408376,48.5194835721696,Served,50.992146,Stable,0
483,482,3,BS1,Terrestrial,158.603762337124,109.722075449491,49.6143849760853,101.984292,893.334270320412,8.75952808811392,88.500650114121,12.7208202581926,156.254366936036,49.6143849760853,Served,101.984292,Stable,0
483,482,4,SAT-1,Satellite,608293.744644384,155.959143660325,13.0160435339028,43.9413459908579,188.391482363219,1.42911327297085,88.487575989415,13.0160435339028,155.959143660325,4.02365251441142,Served,43.9413459908579,Stable,0
483,482,5,SAT-1,Satellite,608275.038167651,152.70646315391,16.2687240403183,54.3802171450825,188.391482363219,1.1547795151351,88.5625612635761,16.2687240403183,152.70646315391,15.9894756515626,Served,54.3802171450825,Stable,0
483,482,6,SAT-1,Satellite,608375.488693273,155.213244837271,13.7619423569573,46.3104812937618,188.391482363219,1.35600319913321,88.1961190016708,13.7619423569573,155.213244837271,-5.53458577916447,Served,46.3104812937618,Stable,0
484,483,1,BS2,Terrestrial,295.272687326099,91.0264032164776,68.3100572090983,50.992146,893.334270320412,8.75952808811392,88.2263291715516,13.0930994554481,155.88208773878,68.3100572090983,Served,50.992146,Stable,0
484,483,2,BS2,Terrestrial,144.900842099444,124.686307264938,34.650153160638,50.992146,893.334270320412,8.75952808811392,88.2502611172274,16.6842122606904,152.290974933538,34.650153160638,Served,50.992146,Stable,0
484,483,3,BS1,Terrestrial,158.603762337124,99.3036369633685,60.0328234622074,101.984292,893.334270320412,8.75952808811392,88.2056944302393,14.5949087463876,154.380278447841,60.0328234622074,Served,101.984292,Stable,0
484,483,4,SAT-1,Satellite,608369.650469691,154.509096239245,14.4660909549835,48.5622038829592,188.391482363219,1.29312831310309,88.2641449730971,14.4660909549835,154.509096239245,7.4552396687765,Served,48.5622038829592,Stable,0
484,483,5,SAT-1,Satellite,608340.293726561,155.300997031287,13.6741901629416,46.0308538183327,188.391482363219,1.36424062511587,88.3671693908872,13.6741901629416,155.300997031287,7.7926971724693,Served,46.0308538183327,Stable,0
484,483,6,SAT-1,Satellite,608514.707980499,158.881566800883,10.0936203933455,34.8773190641405,188.391482363219,1.80051570684815,87.8256712990943,10.0936203933455,158.881566800883,-14.865403010914,Served,34.8773190641405,Stable,0
485,484,1,BS2,Terrestrial,295.272687326099,88.3429798125683,70.9934806130076,50.992146,893.334270320412,8.75952808811392,87.7615345380161,7.98710112662479,160.988086067603,70.9934806130076,Served,50.992146,Stable,0
485,484,2,BS2,Terrestrial,144.900842099444,127.023782787772,32.3126776378041,50.992146,893.334270320412,8.75952808811392,87.7940331972033,10.3816816776073,158.593505516621,32.3126776378041,Served,50.992146,Stable,0
485,484,3,BS1,Terrestrial,158.603762337124,97.9755041476644,61.3609562779114,101.984292,893.334270320412,8.75952808811392,87.7364523917621,8.58671602941749,160.388471164811,61.3609562779114,Served,101.984292,Stable,0
485,484,4,SAT-1,Satellite,608524.520533259,154.518746436583,14.4564407576451,48.5312545819645,188.391482363219,1.29395296554062,87.8385408411949,14.4564407576451,154.518746436583,3.52336982196286,Served,48.5312545819645,Stable,0
485,484,5,SAT-1,Satellite,608484.521898462,153.301369690766,15.6738175034617,52.4527536704542,188.391482363219,1.19721380467985,87.9507992987673,15.6738175034617,153.301369690766,15.2805646047495,Served,52.4527536704542,Stable,0
485,484,6,SAT-1,Satellite,608732.840466634,155.416618294125,13.558568900103,45.6627754500306,188.391482363219,1.37523749200176,87.3292534639673,13.558568900103,155.416618294125,-4.75376710476215,Served,45.6627754500306,Stable,0
486,485,1,BS2,Terrestrial,295.272687326099,90.0179597880476,69.3185006375283,50.992146,893.334270320412,8.75952808811392,87.2060304382268,15.3902302707523,153.584956923476,69.3185006375283,Served,50.992146,Stable,0
486,485,2,BS2,Terrestrial,144.900842099444,113.427461989157,45.9089984364185,50.992146,893.334270320412,8.75952808811392,87.2428524038633,14.245732579728,154.7294546145,45.9089984364185,Served,50.992146,Stable,0
486,485,3,BS1,Terrestrial,158.603762337124,106.978902818425,52.3575576071512,50.992146,893.334270320412,8.75952808811392,87.1789408045308,14.2172452810887,154.757941913139,52.3575576071512,Served,50.992146,Stable,0
486,485,4,SAT-1,Satellite,608758.293989579,153.777892271693,15.1972949225353,76.3707332394938,188.391482363219,1.23340103186148,87.305229631119,15.1972949225353,153.777892271693,10.3261933914669,Served,76.3707332394938,Stable,0
486,485,5,BS1,Terrestrial,2496.53115061175,141.815192224902,17.5212682006738,50.992146,893.334270320412,8.75952808811392,87.4185586534354,14.0855865208904,154.889600673338,17.5212682006738,Served,50.9904474451828,InTransition,0.0333101261755124
486,485,6,SAT-1,Satellite,609029.800710845,155.10876073226,13.8664264619685,69.9655847041123,188.391482363219,1.34631535747135,86.7647231026137,13.8664264619685,155.10876073226,-15.1759974201172,Served,69.9655847041123,Stable,0
487,486,1,BS2,Terrestrial,295.272687326099,89.0324531448417,70.3040072807342,33.994764,893.334270320412,8.75952808811392,86.6044701617839,13.6806771775523,155.294510016676,70.3040072807342,Served,33.994764,Stable,0
487,486,2,BS2,Terrestrial,144.900842099444,106.958758943084,52.377701482492,33.994764,893.334270320412,8.75952808811392,86.643593442796,14.1974629349053,154.777724259323,52.377701482492,Served,33.994764,Stable,0
487,486,3,BS1,Terrestrial,158.603762337124,121.524999161843,37.8114612637328,50.992146,893.334270320412,8.75952808811392,86.5764382025781,15.9448536500007,153.030333544227,37.8114612637328,Served,50.992146,Stable,0
487,486,4,BS2,Terrestrial,1289.96390375941,144.865989305165,14.4704711204113,29.7286664472201,893.334270320412,10.0165303625535,86.7166876427955,13.4595195655291,155.515667628699,14.4704711204113,Served,29.7281547744865,InTransition,0.0172114256958314
487,486,5,BS1,Terrestrial,2496.53115061175,142.715198195801,16.6212622297751,50.9722746639108,893.334270320412,8.76294295487767,86.8286581338136,11.479589161255,157.495598032973,16.6212622297751,Served,50.9722746639108,Stable,0
487,486,6,SAT-1,Satellite,609405.472741487,156.160385123212,12.8148020710159,129.916024589971,188.391482363219,1.4501019636169,86.1624662143311,12.8148020710159,156.160385123212,-4.74313797799149,Served,129.916024589971,Stable,0
488,487,1,BS2,Terrestrial,295.272687326099,93.6683527774609,65.668107648115,50.992146,893.334270320412,8.75952808811392,85.9779372343121,15.1777132443229,153.797473949905,65.668107648115,Served,50.992146,Stable,0
488,487,2,BS2,Terrestrial,144.900842099444,106.142788159671,53.1936722659052,50.992146,893.334270320412,8.75952808811392,86.0183741249673,11.4381413113955,157.537045882833,53.1936722659052,Served,50.992146,Stable,0
488,487,3,BS1,Terrestrial,158.603762337124,104.456812693974,54.8796477316019,101.984292,893.334270320412,8.75952808811392,85.9494443333035,15.4212236780096,153.553963516219,54.8796477316019,Served,101.984292,Stable,0
488,487,4,SAT-1,Satellite,609462.154509607,157.369771536439,11.6054156577893,39.5162822580415,188.391482363219,1.58914647834717,86.0982882297893,11.6054156577893,157.369771536439,8.62114163908186,Served,39.1949442406162,InTransition,8.13178768506053
488,487,5,SAT-1,Satellite,609390.321757401,152.901514509415,16.0736726848132,53.7475494158116,188.391482363219,1.1683725392188,86.2083716137525,16.0736726848132,152.901514509415,15.2583917738507,Served,53.3105372687993,InTransition,8.13082925198073
488,487,6,SAT-1,Satellite,609859.710280189,157.390300417982,11.5848867762458,39.452504093277,188.391482363219,1.59171546219903,85.5382175492249,11.5848867762458,157.390300417982,-15.1840511135419,Served,39.452504093277,Stable,0
489,488,1,BS2,Terrestrial,295.272687326099,88.5789163657948,70.7575440597811,50.992146,893.334270320412,8.75952808811392,85.3369906635143,17.026408924154,151.948778270074,70.7575440597811,Served,50.992146,Stable,0
489,488,2,BS2,Terrestrial,144.900842099444,120.423542391828,38.9129180337478,50.992146,893.334270320412,8.75952808811392,85.3782198790192,16.7682204163555,152.206966777873,38.9129180337478,Served,50.992146,Stable,0
489,488,3,BS1,Terrestrial,158.603762337124,103.373471766155,55.9629886594212,101.984292,893.334270320412,8.75952808811392,85.3082724901513,16.4734686396757,152.501718554552,55.9629886594212,Served,101.984292,Stable,0
489,488,4,SAT-1,Satellite,609931.967283537,152.897309569971,16.0778776242569,53.7611814243922,188.391482363219,1.16807627964901,85.4627186994093,16.0778776242569,152.897309569971,3.70279616396638,Served,53.7611814243922,Stable,0
489,488,5,SAT-1,Satellite,609849.567305906,155.953625870165,13.0215613240627,43.9588044760115,188.391482363219,1.42854569263839,85.5709414587674,13.0215613240627,155.953625870165,10.5063880741763,Served,43.9588044760115,Stable,0
489,488,6,SAT-1,Satellite,610392.337023528,156.479237105387,12.4959500888407,42.3006609406005,188.391482363219,1.48454325278559,84.90055822818,12.4959500888407,156.479237105387,-8.11280710717131,Served,42.3006609406005,Stable,0
490,489,1,BS2,Terrestrial,295.272687326099,88.560481217816,70.7759792077598,50.992146,893.334270320412,8.75952808811392,84.6873705063044,12.2216189333656,156.753568260863,70.7759792077598,Served,50.992146,Stable,0
490,489,2,BS2,Terrestrial,144.900842099444,119.534396781881,39.8020636436944,50.992146,893.334270320412,8.75952808811392,84.7290940098178,14.5006512169105,154.474535977318,39.8020636436944,Served,50.992146,Stable,0
490,489,3,BS1,Terrestrial,158.603762337124,103.211349062316,56.1251113632603,101.984292,893.334270320412,8.75952808811392,84.6585522924599,14.3844860114881,154.59070118274,56.1251113632603,Served,101.984292,Stable,0
490,489,4,SAT-1,Satellite,610480.135399353,154.691956407403,14.2832307868254,47.9761595176648,188.391482363219,1.30892429529749,84.8168114829661,14.2832307868254,154.691956407403,8.73872871085345,Served,47.9761595176648,Stable,0
490,489,5,SAT-1,Satellite,610387.196985557,155.138642495253,13.8365446989748,46.5483855689849,188.391482363219,1.34907279855439,84.9233405454526,13.8365446989748,155.138642495253,11.9025627387169,Served,46.5483855689849,Stable,0
490,489,6,SAT-1,Satellite,611003.146981053,155.566594443422,13.4085927508058,45.1859462907143,188.391482363219,1.3897498214095,84.2544817119843,13.4085927508058,155.566594443422,-11.4641762604041,Served,45.1859462907143,Stable,0
491,490,1,BS2,Terrestrial,295.272687326099,92.5422609897949,66.794199435781,50.992146,893.334270320412,8.75952808811392,84.0324496928831,13.9761197838586,154.999067410369,66.794199435781,Served,50.992146,Stable,0
491,490,2,BS2,Terrestrial,144.900842099444,109.135868833693,50.2005915918829,50.992146,893.334270320412,8.75952808811392,84.0744844004619,14.6455338861835,154.329653308045,50.2005915918829,Served,50.992146,Stable,0
491,490,3,BS1,Terrestrial,158.603762337124,108.838363787818,50.4980966377584,101.984292,893.334270320412,8.75952808811392,84.0036032186501,14.7179325554469,154.257254638781,50.4980966377584,Served,101.984292,Stable,0
491,490,4,SAT-1,Satellite,611106.446996457,153.315822083692,15.6593651105359,52.4060116538093,188.391482363219,1.19828162468408,84.1645351257987,15.6593651105359,153.315822083692,0.71669026290644,Served,52.4060116538093,Stable,0
491,490,5,SAT-1,Satellite,611003.002890421,154.927769628783,14.0474175654452,47.2217211228408,188.391482363219,1.32983634002626,84.2695526052488,14.0474175654452,154.927769628783,13.3098011074774,Served,47.2217211228408,Stable,0
491,490,6,SAT-1,Satellite,611691.904868111,157.268367065028,11.7068201291997,39.8316052451628,188.391482363219,1.57656615647861,83.6030811295768,11.7068201291997,157.268367065028,-10.6431375887497,Served,39.8316052451628,Stable,0
492,491,1,BS2,Terrestrial,295.272687326099,89.4769547756119,69.8595056499639,50.992146,893.334270320412,8.75952808811392,83.3743513675663,10.966920122298,158.00826707193,69.8595056499639,Served,50.992146,Stable,0
492,491,2,BS2,Terrestrial,144.900842099444,116.443214763165,42.8932456624104,50.992146,893.334270320412,8.75952808811392,83.4165775342344,15.3179718724077,153.65721532182,42.8932456624104,Served,50.992146,Stable,0
492,491,3,BS1,Terrestrial,158.603762337124,105.50422493152,53.8322354940558,101.984292,893.334270320412,8.75952808811392,83.3455207521934,13.5966313773236,155.378555816905,53.8322354940558,Served,101.984292,Stable,0
492,491,4,SAT-1,Satellite,611810.66099963,154.963980295478,14.0112068987502,47.1060075567722,188.391482363219,1.33310301689347,83.5083576828843,14.0112068987502,154.963980295478,11.0353377273977,Served,47.1060075567722,Stable,0
492,491,5,SAT-1,Satellite,611696.74783991,154.856524625574,14.1186625686539,47.449495676779,188.391482363219,1.32345264985548,83.6120255055252,14.1186625686539,154.856524625574,13.2536346508608,Served,47.449495676779,Stable,0
492,491,6,SAT-1,Satellite,612458.346551774,153.220108753608,15.7550784406201,52.7156442715033,188.391482363219,1.19124335205528,82.9483840561416,15.7550784406201,153.220108753608,0.180094729995574,Served,52.7156442715033,Stable,0
493,492,1,BS2,Terrestrial,295.272687326099,89.4121031841081,69.9243572414678,50.992146,893.334270320412,8.75952808811392,82.7144949935713,14.3280667357691,154.647120458459,69.9243572414678,Served,50.992146,Stable,0
493,492,2,BS2,Terrestrial,144.900842099444,120.534772858346,38.80168756723,50.992146,893.334270320412,8.75952808811392,82.7568298938134,10.9785698255314,157.996617368697,38.80168756723,Served,50.992146,Stable,0
493,492,3,BS1,Terrestrial,158.603762337124,100.624935219105,58.711525206471,50.992146,893.334270320412,8.75952808811392,82.6857091957086,11.6787754439428,157.296411750285,58.711525206471,Served,50.992146,Stable,0
493,492,4,SAT-1,Satellite,612592.50757537,155.400938934876,13.5742482593518,68.5689996342978,188.391482363219,1.37373655272773,82.8499093624525,13.5742482593518,155.400938934876,1.25951189956572,Served,68.5689996342978,Stable,0
493,492,5,BS1,Terrestrial,2496.53115061175,142.485965540465,16.8504948851105,50.992146,893.334270320412,8.75952808811392,82.952362266173,12.1545834749104,156.820603719318,16.8504948851105,Served,50.9904474451828,InTransition,0.0333101261755124
493,492,6,SAT-1,Satellite,613302.179547896,154.469487413851,14.5056997803772,73.0338881926557,188.391482363219,1.28975388703297,82.29178855487,14.5056997803772,154.469487413851,-10.4868185489314,Served,73.0338881926557,Stable,0
494,493,1,BS2,Terrestrial,295.272687326099,90.5826207053217,68.7538397202542,50.992146,893.334270320412,8.75952808811392,82.0538812495918,12.6320363470316,156.343150847197,68.7538397202542,Served,50.992146,Stable,0
494,493,2,BS2,Terrestrial,144.900842099444,124.806261326227,34.5301990993487,50.992146,893.334270320412,8.75952808811392,82.0962649198629,13.1831248499441,155.792062344284,34.5301990993487,Served,50.992146,Stable,0
494,493,3,BS1,Terrestrial,158.603762337124,102.202125899188,57.1343345263875,101.984292,893.334270320412,8.75952808811392,82.0251605005309,12.3208479700171,156.654339224211,57.1343345263875,Served,101.984292,Stable,0
494,493,4,SAT-1,Satellite,613451.688638964,153.667800234991,15.3073869592373,51.268943698464,188.391482363219,1.22485770639392,82.1903257349525,15.3073869592373,153.667800234991,5.40731553238828,Served,51.268943698464,Stable,0
494,493,5,SAT-1,Satellite,613316.962524562,151.602170510011,17.3730166842171,55.547,188.391482363219,1.1305229947205,82.2916729432427,17.3730166842171,151.602170510011,3.75428783646908,Served,55.0924466393901,InTransition,8.18322070696738
494,493,6,SAT-1,Satellite,614223.083567159,155.894221576393,13.0809656178348,44.1468282699991,188.391482363219,1.42246143717678,81.6343031797144,13.0809656178348,155.894221576393,-4.72606475446159,Served,44.1468282699991,Stable,0
495,494,1,BS2,Terrestrial,295.272687326099,88.8769441286785,70.4595162968973,50.992146,893.334270320412,8.75952808811392,81.3932493952016,15.4779333866549,153.497253807573,70.4595162968973,Served,50.992146,Stable,0
495,494,2,BS2,Terrestrial,144.900842099444,114.763142200472,44.573318225104,50.992146,893.334270320412,8.75952808811392,81.4356364948302,12.0512519273132,156.923935266915,44.573318225104,Served,50.992146,Stable,0
495,494,3,BS1,Terrestrial,158.603762337124,100.056265176514,59.2801952490621,101.984292,893.334270320412,8.75952808811392,81.3646086836039,15.0337571602012,153.941430034027,59.2801952490621,Served,101.984292,Stable,0
495,494,4,SAT-1,Satellite,614387.878410106,153.09253797933,15.882649214898,53.128609818909,188.391482363219,1.18198388781084,81.5304359284336,15.882649214898,153.09253797933,10.4379324023372,Served,53.128609818909,Stable,0
495,494,5,SAT-1,Satellite,614242.815822823,155.247765864975,13.7274213292527,46.2004505754657,188.391482363219,1.35923264828693,81.6307650179504,13.7274213292527,155.247765864975,10.2122341070581,Served,46.2004505754657,Stable,0
495,494,6,SAT-1,Satellite,615220.711107762,155.693076521125,13.2821106731027,44.7843705083567,188.391482363219,1.40221153216883,80.976685457974,13.2821106731027,155.693076521125,-7.52250122772369,Served,44.7843705083567,Stable,0
496,495,1,BS2,Terrestrial,295.272687326099,90.4414006687247,68.8950597568512,50.992146,893.334270320412,8.75952808811392,80.7331685759211,15.2529337141042,153.722253480124,68.8950597568512,Served,50.992146,Stable,0
496,495,2,BS2,Terrestrial,144.900842099444,113.907146577286,45.4293138482895,50.992146,893.334270320412,8.75952808811392,80.7755235263562,11.6499014968402,157.325285697388,45.4293138482895,Served,50.992146,Stable,0
496,495,3,BS1,Terrestrial,158.603762337124,100.789580922864,58.5468795027115,50.992146,893.334270320412,8.75952808811392,80.7046196189064,12.6297983148927,156.345388879335,58.5468795027115,Served,50.992146,Stable,0
496,495,4,SAT-1,Satellite,615400.724014696,155.408209245272,13.5669779489557,68.5342975477196,188.391482363219,1.37443213912015,80.8708710765894,13.5669779489557,155.408209245272,3.14062860179175,Served,68.5342975477196,Stable,0
496,495,5,BS1,Terrestrial,2496.53115061175,149.022603493558,10.3138569320178,32.6304903485468,893.334270320412,13.6886430571246,80.9702519353775,7.57487809105251,161.400309103176,10.3138569320178,Served,32.6294034227961,InTransition,0.0333101261755124
496,495,6,SAT-1,Satellite,616294.688092253,155.59674811952,13.378439074708,67.6352439801518,188.391482363219,1.39270202395148,80.3195251873618,13.378439074708,155.59674811952,-18.6272460594892,Served,67.6352439801518,Stable,0
497,496,1,BS2,Terrestrial,295.272687326099,91.2113410403234,68.1251193852524,50.992146,893.334270320412,8.75952808811392,80.0740930855712,12.5406369024621,156.434550291766,68.1251193852524,Served,50.992146,Stable,0
497,496,2,BS2,Terrestrial,144.900842099444,114.13129161543,45.2051688101458,50.992146,893.334270320412,8.75952808811392,80.1163870524601,15.6029477389048,153.372239455323,45.2051688101458,Served,50.992146,Stable,0
497,496,3,BS1,Terrestrial,158.603762337124,100.651308491601,58.6851519339748,101.984292,893.334270320412,8.75952808811392,80.0456454850767,8.62619358755416,160.348993606674,58.6851519339748,Served,101.984292,Stable,0
497,496,4,SAT-1,Satellite,616489.846130257,155.888173202125,13.0870139921032,44.1659791029243,188.391482363219,1.42184464294105,80.212129550369,13.0870139921032,155.888173202125,2.35153234432752,Served,44.1659791029243,Stable,0
497,496,5,SAT-1,Satellite,616324.268541103,157.900730448365,11.0744567458632,37.873226322692,188.391482363219,1.65808849377361,80.3106178176668,11.0744567458632,157.900730448365,10.179323136084,Served,37.5617816830724,InTransition,8.22334587938304
497,496,6,SAT-1,Satellite,617444.614545831,164.561840132997,4.4133470612316,19.1177065441216,188.391482363219,3.28476434361049,79.6632963955929,4.4133470612316,164.561840132997,-9.09249129973429,Served,19.1177065441216,Stable,0
498,497,1,BS2,Terrestrial,295.272687326099,86.5737978314562,72.7626625941197,50.992146,893.334270320412,8.75952808811392,79.4163970535406,13.7127266405314,155.262460553697,72.7626625941197,Served,50.992146,Stable,0
498,497,2,BS2,Terrestrial,144.900842099444,110.956943922148,48.3795165034283,50.992146,893.334270320412,8.75952808811392,79.4586060089188,15.5226634579006,153.452523736327,48.3795165034283,Served,50.992146,Stable,0
498,497,3,BS1,Terrestrial,158.603762337124,97.0238386179929,62.312621807583,101.984292,893.334270320412,8.75952808811392,79.3880589958513,14.7639142156205,154.211272978608,62.312621807583,Served,101.984292,Stable,0
498,497,4,SAT-1,Satellite,617654.839672335,159.447967656473,9.52721953775466,33.173828325442,188.391482363219,1.89297298375354,79.554617676056,9.52721953775466,159.447967656473,9.42200811964497,Served,33.173828325442,Stable,0
498,497,5,SAT-1,Satellite,617479.09045036,156.897351858989,12.077835335239,40.9891984318059,188.391482363219,1.5320416887931,79.6522575624223,12.077835335239,156.897351858989,11.4481672020724,Served,40.9891984318059,Stable,0
498,497,6,SAT-1,Satellite,618670.065313381,155.254827267633,13.7203599265952,46.1779477615738,188.391482363219,1.3598950111853,79.0083908004862,13.7203599265952,155.254827267633,-8.35834582370421,Served,46.1779477615738,Stable,0
499,498,1,BS2,Terrestrial,295.272687326099,91.986719769591,67.3497406559848,50.992146,893.334270320412,8.75952808811392,78.7603969144197,14.552709240657,154.422477953571,67.3497406559848,Served,50.992146,Stable,0
499,498,2,BS2,Terrestrial,144.900842099444,111.816594049646,47.5198663759303,50.992146,893.334270320412,8.75952808811392,78.8025003555255,13.5999855002194,155.375201694009,47.5198663759303,Served,50.992146,Stable,0
499,498,3,BS1,Terrestrial,158.603762337124,112.057498560862,47.2789618647134,50.992146,893.334270320412,8.75952808811392,78.732175604354,13.9748202672488,155.000366926979,47.2789618647134,Served,50.992146,Stable,0
499,498,4,SAT-1,Satellite,618895.27451899,153.548854503156,15.426332691072,77.4793708365052,188.391482363219,1.21575253083015,78.8986759819857,15.426332691072,153.548854503156,12.2904098107339,Served,77.4793708365052,Stable,0
499,498,5,BS1,Terrestrial,2496.53115061175,141.884741237392,17.451719188184,50.992146,893.334270320412,8.75952808811392,78.9955025290647,15.0203215528413,153.954865641387,17.451719188184,Served,50.9904474451828,InTransition,0.0333101261755124
499,498,6,SAT-1,Satellite,619970.590812259,154.5365581468,14.4386290474279,72.7112049236804,188.391482363219,1.29547765410406,78.3551399674165,14.4386290474279,154.5365581468,-6.06150361269076,Served,72.7112049236804,Stable,0
500,499,1,BS2,Terrestrial,295.272687326099,91.1989794848432,68.1374809407327,50.992146,893.334270320412,8.75952808811392,78.1063663683488,12.4050289377479,156.57015825648,68.1374809407327,Served,50.992146,Stable,0
500,499,2,BS2,Terrestrial,144.900842099444,113.492588568086,45.8438718574897,50.992146,893.334270320412,8.75952808811392,78.1483464486091,12.9843338711346,155.990853323093,45.8438718574897,Served,50.992146,Stable,0
500,499,3,BS1,Terrestrial,158.603762337124,104.795085138405,54.5413752871712,101.984292,893.334270320412,8.75952808811392,78.0782683045507,15.0352792278923,153.939907966336,54.5413752871712,Served,101.984292,Stable,0
500,499,4,SAT-1,Satellite,620210.696270578,155.401847603063,13.5733395911646,45.7097748769803,188.391482363219,1.37382345366493,78.2445965979008,13.5733395911646,155.401847603063,13.2616864202411,Served,45.7097748769803,Stable,0
500,499,5,SAT-1,Satellite,620014.7920042,152.922679134969,16.0525080592594,53.6789405746586,188.391482363219,1.16986587506136,78.3406374752005,16.0525080592594,152.922679134969,6.21277156037229,Served,53.2348768727572,InTransition,8.27258692417406
500,499,6,SAT-1,Satellite,621345.717817967,152.377485357211,16.597701837017,55.4487597729093,188.391482363219,1.13252597614312,77.7038303477718,16.597701837017,152.377485357211,-16.1637240425212,Served,55.4487597729093,Stable,0
501,500,1,BS2,Terrestrial,295.272687326099,89.5322408118156,69.8042196137603,50.992146,893.334270320412,8.75952808811392,77.4545465842518,13.6000162490289,155.375170945199,69.8042196137603,Served,50.992146,Stable,0
501,500,2,BS2,Terrestrial,144.900842099444,120.966008547559,38.3704518780172,50.992146,893.334270320412,8.75952808811392,77.4963875103946,5.66242187191585,163.312765322312,38.3704518780172,Served,50.992146,Stable,0
501,500,3,BS1,Terrestrial,158.603762337124,105.13029352795,54.2061668976258,50.992146,893.334270320412,8.75952808811392,77.4265777368036,12.7151322726877,156.26005492154,54.2061668976258,Served,50.992146,Stable,0
501,500,4,SAT-1,Satellite,621600.627041707,153.735826099133,15.2393610950948,76.5742249462165,188.391482363219,1.23012333781726,77.5926350762896,15.2393610950948,153.735826099133,12.8869881469062,Served,76.5742249462165,Stable,0
501,500,5,BS1,Terrestrial,2496.53115061175,145.802284589341,13.5341758362352,41.8471888213164,893.334270320412,10.6737668106556,77.6879120091619,8.61351762944571,160.361669564782,13.5341758362352,Served,41.8457948861767,InTransition,0.0333101261755124
501,500,6,SAT-1,Satellite,622794.950279539,155.336149405779,13.639037788449,68.8783555208342,188.391482363219,1.36756663932136,77.0547137107951,13.639037788449,155.336149405779,-9.12971022534933,Served,68.8783555208342,Stable,0
502,501,1,BS2,Terrestrial,295.272687326099,90.1009658247396,69.2354946008362,50.992146,893.334270320412,8.75952808811392,76.8051533081208,13.4999242918848,155.475262902343,69.2354946008362,Served,50.992146,Stable,0
502,501,2,BS2,Terrestrial,144.900842099444,109.967690054038,49.3687703715375,50.992146,893.334270320412,8.75952808811392,76.8468409134536,15.6219604836051,153.353226710623,49.3687703715375,Served,50.992146,Stable,0
502,501,3,BS1,Terrestrial,158.603762337124,93.4343097740181,65.9021506515577,101.984292,893.334270320412,8.75952808811392,76.7773192347363,14.3053061748278,154.6698810194,65.9021506515577,Served,101.984292,Stable,0
502,501,4,SAT-1,Satellite,623064.566282388,156.906806932742,12.0683802614857,40.9596242150371,188.391482363219,1.53314787406388,76.9430186002187,12.0683802614857,156.906806932742,8.90321137224032,Served,40.9596242150371,Stable,0
502,501,5,SAT-1,Satellite,622848.778655965,153.133667237698,15.8415199565303,52.9954345399822,188.391482363219,1.18495416318103,77.0375485083871,15.8415199565303,153.133667237698,6.18320505892302,Served,52.5550213034681,InTransition,8.31039957190604
502,501,6,SAT-1,Satellite,624317.770161624,154.952462933149,14.0227242610787,47.1428080633466,188.391482363219,1.33206237319079,76.4080145221453,14.0227242610787,154.952462933149,-2.04503316054732,Served,47.1428080633466,Stable,0
503,502,1,BS2,Terrestrial,295.272687326099,89.2432191468941,70.0932412786818,50.992146,893.334270320412,8.75952808811392,76.1583819098226,13.9481160171269,155.027071177101,70.0932412786818,Served,50.992146,Stable,0
503,502,2,BS2,Terrestrial,144.900842099444,110.058402769902,49.2780576556737,50.992146,893.334270320412,8.75952808811392,76.1999033467263,13.1444236496831,155.830763544545,49.2780576556737,Served,50.992146,Stable,0
503,502,3,BS1,Terrestrial,158.603762337124,101.48538423001,57.8510761955664,101.984292,893.334270320412,8.75952808811392,76.1306878326738,16.6533125649256,152.321874629303,57.8510761955664,Served,101.984292,Stable,0
503,502,4,SAT-1,Satellite,624601.991625223,154.106003359636,14.8691838345919,49.8570319679652,188.391482363219,1.25954470831895,76.2959517934427,14.8691838345919,154.106003359636,8.58374752560178,Served,49.8570319679652,Stable,0
503,502,5,SAT-1,Satellite,624376.371544583,154.714755868876,14.2604313253517,47.903151504703,188.391482363219,1.31091919456644,76.389747703355,14.2604313253517,154.714755868876,14.0001441475357,Served,47.903151504703,Stable,0
503,502,6,SAT-1,Satellite,625913.638310099,152.557656872529,16.4175303216992,54.8633270928816,188.391482363219,1.1446108742444,75.7639352550193,16.4175303216992,152.557656872529,-10.3404959664016,Served,54.8633270928816,Stable,0
504,503,1,BS2,Terrestrial,295.272687326099,89.7984050215951,69.5380554039807,50.992146,893.334270320412,8.75952808811392,75.5144110279339,12.3629268821974,156.612260312031,69.5380554039807,Served,50.992146,Stable,0
504,503,2,BS2,Terrestrial,144.900842099444,116.697178490522,42.639281935054,50.992146,893.334270320412,8.75952808811392,75.5557545426284,11.2624931912302,157.712694002998,42.639281935054,Served,50.992146,Stable,0
504,503,3,BS1,Terrestrial,158.603762337124,104.197488251418,55.1389721741576,101.984292,893.334270320412,8.75952808811392,75.4868618848402,14.6375636640642,154.337623530164,55.1389721741576,Served,101.984292,Stable,0
504,503,4,SAT-1,Satellite,626212.359755518,157.8506113138,11.1245758804276,38.0277242352549,188.391482363219,1.65135206091353,75.6516209053308,11.1245758804276,157.8506113138,3.05943118486519,Served,38.0277242352549,Stable,0
504,503,5,SAT-1,Satellite,625976.983718288,153.283173258211,15.6920139360174,52.5116105134583,188.391482363219,1.19587192572669,75.744692685608,15.6920139360174,153.283173258211,7.93498912369128,Served,52.5116105134583,Stable,0
504,503,6,SAT-1,Satellite,627581.995338071,156.766734882806,12.2084523114222,41.398132386947,188.391482363219,1.51690806244051,75.1226602744607,12.2084523114222,156.766734882806,-3.44785928705423,Served,41.398132386947,Stable,0
505,504,1,BS2,Terrestrial,295.272687326099,92.5141705621221,66.8222898634537,50.992146,893.334270320412,8.75952808811392,74.8734052434052,13.6682499841431,155.306937210085,66.8222898634537,Served,50.992146,Stable,0
505,504,2,BS2,Terrestrial,144.900842099444,112.061600149646,47.2748602759303,50.992146,893.334270320412,8.75952808811392,74.9145600084859,15.1394701978574,153.835716996371,47.2748602759303,Served,50.992146,Stable,0
505,504,3,BS1,Terrestrial,158.603762337124,100.991576571179,58.3448838543973,101.984292,893.334270320412,8.75952808811392,74.8460057221111,15.275794313829,153.699392880399,58.3448838543973,Served,101.984292,Stable,0
505,504,4,SAT-1,Satellite,627895.10730117,151.811359670456,17.1638275237717,55.547,188.391482363219,1.1305229947205,75.0101968732758,17.1638275237717,151.811359670456,10.7576132250927,Served,55.547,Stable,0
505,504,5,SAT-1,Satellite,627650.05441298,157.181269217738,11.7939179764905,40.1028132814889,188.391482363219,1.56590412615082,75.1025518312481,11.7939179764905,157.181269217738,8.80936574451727,Served,40.1028132814889,Stable,0
505,504,6,SAT-1,Satellite,629322.262529157,157.934344319222,11.0408428750058,37.7696799953272,188.391482363219,1.66263417628925,74.4843587201091,11.0408428750058,157.934344319222,-9.99845114909766,Served,37.7696799953272,Stable,0
506,505,1,BS2,Terrestrial,295.272687326099,90.3627077137116,68.9737527118642,50.992146,893.334270320412,8.75952808811392,74.2355170694422,12.5030470976121,156.472140096616,68.9737527118642,Served,50.992146,Stable,0
506,505,2,BS2,Terrestrial,144.900842099444,109.773941012656,49.5625194129196,50.992146,893.334270320412,8.75952808811392,74.2764730576119,10.8613893618783,158.11379783235,49.5625194129196,Served,50.992146,Stable,0
506,505,3,BS1,Terrestrial,158.603762337124,100.345109183786,58.9913512417903,50.992146,893.334270320412,8.75952808811392,74.2082716306341,13.7390616254582,155.23612556877,58.9913512417903,Served,50.992146,Stable,0
506,505,4,SAT-1,Satellite,629649.651739191,155.800254960092,13.1749322341365,66.6667393424383,188.391482363219,1.41293457743248,74.3718375967158,13.1749322341365,155.800254960092,2.80508558327821,Served,66.6667393424383,Stable,0
506,505,5,BS1,Terrestrial,2496.53115061175,143.462114179585,15.8743462459904,48.747381249688,893.334270320412,9.16289498449857,74.4634809652682,13.3690357722715,155.606151421957,15.8743462459904,Served,48.7457574682679,InTransition,0.0333101261755124
506,505,6,SAT-1,Satellite,631133.842754896,155.122749505908,13.8524376883197,69.8986332231781,188.391482363219,1.34760490782206,73.8491866751978,13.8524376883197,155.122749505908,-9.69263802114023,Served,69.8986332231781,Stable,0
507,506,1,BS2,Terrestrial,295.272687326099,91.797508393321,67.5389520322548,33.994764,893.334270320412,8.75952808811392,73.6008884530077,12.9671103085383,156.00807688569,67.5389520322548,Served,33.994764,Stable,0
507,506,2,BS2,Terrestrial,144.900842099444,113.057995279651,46.2784651459251,33.994764,893.334270320412,8.75952808811392,73.6416363405862,13.3902747137078,155.58491248052,46.2784651459251,Served,33.994764,Stable,0
507,506,3,BS1,Terrestrial,158.603762337124,107.050338618647,52.2861218069292,101.984292,893.334270320412,8.75952808811392,73.5738013457867,14.1284356593371,154.846751534891,52.2861218069292,Served,101.984292,Stable,0
507,506,4,BS2,Terrestrial,1289.96390375941,145.917803491419,13.4186569341567,27.6733681411079,893.334270320412,10.7604570787487,73.7366896492104,13.3402793375679,155.63490785666,13.4186569341567,Served,27.6728918429884,InTransition,0.0172114256958314
507,506,5,SAT-1,Satellite,631211.23285167,153.590877006109,15.3843101881193,77.2758399647736,188.391482363219,1.21895460760502,73.8276249864506,15.3843101881193,153.590877006109,3.55252225116479,Served,76.6250246835724,InTransition,8.42197615060309
507,506,6,SAT-1,Satellite,633016.121403283,156.714235880342,12.2609513138857,62.3440400698428,188.391482363219,1.5109021018863,73.2172888200346,12.2609513138857,156.714235880342,-14.5555280038251,Served,62.3440400698428,Stable,0
508,507,1,BS2,Terrestrial,295.272687326099,87.5547513344084,71.7817090911675,50.992146,893.334270320412,8.75952808811392,72.9696519230987,15.7472944097432,153.227892784485,71.7817090911675,Served,50.992146,Stable,0
508,507,2,BS2,Terrestrial,144.900842099444,119.336997235334,39.999463190242,50.992146,893.334270320412,8.75952808811392,73.0101830153159,15.998593107147,152.976594087081,39.999463190242,Served,50.992146,Stable,0
508,507,3,BS1,Terrestrial,158.603762337124,108.762646115493,50.5738143100833,101.984292,893.334270320412,8.75952808811392,72.9427271953913,12.0327222449939,156.942464949234,50.5738143100833,Served,101.984292,Stable,0
508,507,4,SAT-1,Satellite,633371.710976966,155.375261904839,13.599925289389,45.7943858603632,188.391482363219,1.37128513917014,73.1048895847294,13.599925289389,155.375261904839,11.6350211675818,Served,45.407386551321,InTransition,8.45080246784549
508,507,5,SAT-1,Satellite,633098.12637676,155.525005953353,13.4501812408749,45.3181003727805,188.391482363219,1.3856971115554,73.1951191038885,13.4501812408749,155.525005953353,8.50124430915454,Served,45.3181003727805,Stable,0
508,507,6,SAT-1,Satellite,634968.467315381,157.487704825443,11.4874823687848,39.1501607184926,188.391482363219,1.6040077393112,72.5887997086945,11.4874823687848,157.487704825443,-12.881414990435,Served,39.1501607184926,Stable,0
509,508,1,BS2,Terrestrial,295.272687326099,90.0463898459298,69.2900705796461,50.992146,893.334270320412,8.75952808811392,72.3419314807599,10.6120131697734,158.363174024455,69.2900705796461,Served,50.992146,Stable,0
509,508,2,BS2,Terrestrial,144.900842099444,114.323624661994,45.0128357635819,50.992146,893.334270320412,8.75952808811392,72.3822376531518,13.8710643450381,155.10412284919,45.0128357635819,Served,50.992146,Stable,0
509,508,3,BS1,Terrestrial,158.603762337124,99.1357765301393,60.2006838954366,101.984292,893.334270320412,8.75952808811392,72.3151729863436,11.3206554364322,157.654531757796,60.2006838954366,Served,101.984292,Stable,0
509,508,4,SAT-1,Satellite,635337.973306545,157.578989079054,11.3961981151738,38.8672218986166,188.391482363219,1.61568431496193,72.4765649475763,11.3961981151738,157.578989079054,7.85203907796426,Served,38.8672218986166,Stable,0
509,508,5,SAT-1,Satellite,635055.051851826,155.741318192447,13.2338690017815,44.6313424140194,188.391482363219,1.40701931403286,72.5660897906797,13.2338690017815,155.741318192447,13.0801236716622,Served,44.6313424140194,Stable,0
509,508,6,SAT-1,Satellite,636990.233727114,154.057626924014,14.9175602702142,50.012690286639,188.391482363219,1.25562453105059,71.9638447674393,14.9175602702142,154.057626924014,-12.8797764677108,Served,50.012690286639,Stable,0
510,509,1,BS2,Terrestrial,295.272687326099,88.8454308980748,70.4910295275011,50.992146,893.334270320412,8.75952808811392,71.7178432984973,10.2116872160074,158.763499978221,70.4910295275011,Served,50.992146,Stable,0
510,509,2,BS2,Terrestrial,144.900842099444,119.150734407173,40.1857260184029,50.992146,893.334270320412,8.75952808811392,71.757916950313,11.5844779756791,157.390709218549,40.1857260184029,Served,50.992146,Stable,0
510,509,3,BS1,Terrestrial,158.603762337124,102.340431967136,56.9960284584399,101.984292,893.334270320412,8.75952808811392,71.6912547017868,12.9064397501252,156.068747444103,56.9960284584399,Served,101.984292,Stable,0
510,509,4,SAT-1,Satellite,637373.529468893,154.536585819353,14.4386013748747,48.4740478827386,188.391482363219,1.29548002551075,71.8518350637286,14.4386013748747,154.536585819353,5.49199074364375,Served,48.4740478827386,Stable,0
510,509,5,SAT-1,Satellite,637081.361416535,157.855764002714,11.1194231915136,38.0118345715677,188.391482363219,1.65204235721658,71.9406555296227,11.1194231915136,157.855764002714,3.8675561444841,Served,38.0118345715677,Stable,0
510,509,6,SAT-1,Satellite,639080.759213362,153.009828905054,15.9653582891737,53.3965150490225,188.391482363219,1.17605354450728,71.342541085747,15.9653582891737,153.009828905054,-9.38827705323419,Served,53.3965150490225,Stable,0
511,510,1,BS2,Terrestrial,295.272687326099,89.1283260963389,70.208134329237,50.992146,893.334270320412,8.75952808811392,71.0974962779203,12.632859554862,156.342327639366,70.208134329237,Served,50.992146,Stable,0
511,510,2,BS1,Terrestrial,565.376556244471,126.845747543296,32.4907128822797,33.994764,893.334270320412,8.75952808811392,71.137330294557,11.3602498832049,157.614937311023,32.4907128822797,Served,33.9945075580237,InTransition,0.00754357277719736
511,510,3,BS1,Terrestrial,158.603762337124,103.049280609751,56.2871798158248,33.994764,893.334270320412,8.75952808811392,71.0710810573014,10.0650990326216,158.910088161607,56.2871798158248,Served,33.994764,Stable,0
511,510,4,BS2,Terrestrial,1289.96390375941,148.448263277025,10.8881971485507,34.2415849143525,893.334270320412,13.044581209586,71.2308116696027,10.7759994268547,158.199187767373,10.8881971485507,Served,34.2409955678581,InTransition,0.0172114256958314
511,510,5,BS1,Terrestrial,2496.53115061175,142.763685068619,16.5727753569568,33.8850534996268,893.334270320412,8.78788903520791,71.3189274046708,12.9690687743962,156.006118419832,16.5727753569568,Served,33.8839247842193,InTransition,0.0333101261755124
511,510,6,SAT-1,Satellite,641239.368631683,155.023875281792,13.9513119124365,140.744070581609,188.391482363219,1.33853938986355,70.724998051562,13.9513119124365,155.023875281792,-3.15487144923733,Served,140.744070581609,Stable,0
512,511,1,BS2,Terrestrial,295.272687326099,92.2452002925757,67.0912601330002,50.992146,893.334270320412,8.75952808811392,70.4809925012563,13.9878287817555,154.987358412473,67.0912601330002,Served,50.992146,Stable,0
512,511,2,BS1,Terrestrial,565.376556244471,123.074896006582,36.2615644189943,50.992146,893.334270320412,8.75952808811392,70.5205802235254,11.8952774697184,157.07990972451,36.2615644189943,Served,50.992146,Stable,0
512,511,3,BS1,Terrestrial,158.603762337124,110.858804745581,48.4776556799947,50.992146,893.334270320412,8.75952808811392,70.4547539515151,13.1313743275288,155.843812866699,48.4776556799947,Served,50.992146,Stable,0
512,511,4,BS2,Terrestrial,1289.96390375941,150.007611204505,9.32884922107104,29.9105848551359,893.334270320412,14.9334136167354,70.6135994190576,7.56752144286045,161.407665751368,9.32884922107104,Served,29.9105848551359,Stable,0
512,511,5,SAT-1,Satellite,641339.469302481,153.806735470299,15.1684517239288,76.2312399739545,188.391482363219,1.23565799551198,70.7010095772286,15.1684517239288,153.806735470299,14.8754773258402,Served,75.5789206552455,InTransition,8.5571127917098
512,511,6,SAT-1,Satellite,643465.374062948,157.70239705952,11.2727901347083,57.7280318178494,188.391482363219,1.63171579240441,70.1113178687612,11.2727901347083,157.70239705952,-18.81215962278,Served,57.7280318178494,Stable,0
513,512,1,BS2,Terrestrial,295.272687326099,92.2791424463308,67.0573179792451,50.992146,893.334270320412,8.75952808811392,69.8684276030227,12.545235174264,156.429952019964,67.0573179792451,Served,50.992146,Stable,0
513,512,2,BS2,Terrestrial,144.900842099444,110.001657907553,49.3348025180229,50.992146,893.334270320412,8.75952808811392,69.907762801609,12.7367274973408,156.238459696887,49.3348025180229,Served,50.9920474143992,InTransition,0.00193334873153406
513,512,3,BS1,Terrestrial,158.603762337124,107.44302899136,51.8934314342156,50.992146,893.334270320412,8.75952808811392,69.8423688372484,13.925417452982,155.049769741246,51.8934314342156,Served,50.992146,Stable,0
513,512,4,SAT-1,Satellite,643889.251128324,156.206424888026,12.7687623062021,64.7400610681177,188.391482363219,1.45498381724569,70.0002962986851,12.7687623062021,156.206424888026,2.57578072115842,Served,64.183870565965,InTransition,8.59113341841741
513,512,5,BS1,Terrestrial,2496.53115061175,143.171310151564,16.1651502740122,49.6125593164783,893.334270320412,9.00310609478778,70.0869996760031,15.1546789489373,153.820508245291,16.1651502740122,Served,49.6109067158676,InTransition,0.0333101261755124
513,512,6,SAT-1,Satellite,645758.075746463,154.356817047974,14.6183701462546,73.5763380976866,188.391482363219,1.28024503008761,69.5015959850692,14.6183701462546,154.356817047974,-3.62188361993768,Served,73.5763380976866,Stable,0
514,513,1,BS2,Terrestrial,295.272687326099,93.2222868087714,66.1141736168045,50.992146,893.334270320412,8.75952808811392,69.2598910814127,14.2107609434585,154.76442625077,66.1141736168045,Served,50.992146,Stable,0
514,513,2,BS2,Terrestrial,144.900842099444,114.588291925275,44.7481685003009,50.992146,893.334270320412,8.75952808811392,69.2989679353002,12.8830358104142,156.092151383814,44.7481685003009,Served,50.992146,Stable,0
514,513,3,BS1,Terrestrial,158.603762337124,100.983442317423,58.3530181081532,50.992146,893.334270320412,8.75952808811392,69.2340150326368,11.5559619053932,157.419225288835,58.3530181081532,Served,50.992146,Stable,0
514,513,4,SAT-1,Satellite,646195.208893662,156.410290280218,12.5648969140101,63.7763758542336,188.391482363219,1.47696917424254,69.3909939737208,12.5648969140101,156.410290280218,3.9534739376389,Served,63.7763758542336,Stable,0
514,513,5,BS1,Terrestrial,2496.53115061175,141.635686910663,17.7007735149131,50.992146,893.334270320412,8.75952808811392,69.4769891217067,11.1843711827801,157.790816011448,17.7007735149131,Served,50.992146,Stable,0
514,513,6,SAT-1,Satellite,648116.763007151,159.252769015028,9.72241817920059,50.6377732745429,188.391482363219,1.86018726911446,68.8959214515908,9.72241817920059,159.252769015028,-3.26902578421533,Served,50.6377732745429,Stable,0
515,514,1,BS2,Terrestrial,295.272687326099,90.8071253267379,68.5293350988379,33.994764,893.334270320412,8.75952808811392,68.6554665640506,11.8165570780086,157.15863011622,68.5293350988379,Served,33.994764,Stable,0
515,514,2,BS2,Terrestrial,144.900842099444,108.764388666191,50.5720717593846,33.994764,893.334270320412,8.75952808811392,68.6942796419866,4.64728614635521,164.327901047873,50.5720717593846,Served,33.994764,Stable,0
515,514,3,BS1,Terrestrial,158.603762337124,100.410417743201,58.9260426823752,50.992146,893.334270320412,8.75952808811392,68.6297759868056,15.4214222188411,153.553764975387,58.9260426823752,Served,50.992146,Stable,0
515,514,4,BS2,Terrestrial,1289.96390375941,150.311196862833,9.02526356274294,19.3897562099598,893.334270320412,15.3574953125943,68.785778081301,7.20699873398277,161.768188460245,9.02526356274294,Served,19.3894224846115,InTransition,0.0172114256958314
515,514,5,BS1,Terrestrial,2496.53115061175,146.117198652591,13.2192617729845,40.9290499906261,893.334270320412,10.9132055413577,68.8710634025268,7.49313842109407,161.482048773134,13.2192617729845,Served,40.9290499906261,Stable,0
515,514,6,SAT-1,Satellite,650540.71517255,153.879925787255,15.0952614069731,151.754791121974,188.391482363219,1.24142032663599,68.2943772299393,15.0952614069731,153.879925787255,-7.20199352682712,Served,151.754791121974,Stable,0
516,515,1,BS2,Terrestrial,295.272687326099,89.5827831101429,69.753677315433,50.992146,893.334270320412,8.75952808811392,68.0552320391899,12.6280644805393,156.347122713689,69.753677315433,Served,50.992146,Stable,0
516,515,2,BS2,Terrestrial,144.900842099444,114.400711422546,44.9357490030303,50.992146,893.334270320412,8.75952808811392,68.0937762834796,10.9534847472092,158.021702447019,44.9357490030303,Served,50.992146,Stable,0
516,515,3,BS1,Terrestrial,158.603762337124,102.64121433306,56.6952460925157,50.992146,893.334270320412,8.75952808811392,68.0297295111114,12.472003244728,156.5031839495,56.6952460925157,Served,50.992146,Stable,0
516,515,4,SAT-1,Satellite,651003.940777207,156.14660581446,12.8285813797679,65.0232656216759,188.391482363219,1.44864673099729,68.1847284836922,12.8285813797679,156.14660581446,10.0538016841266,Served,64.4584695298154,InTransition,8.68606161903121
516,515,5,BS1,Terrestrial,2496.53115061175,147.181255380741,12.1552050448351,37.8503711817366,893.334270320412,11.8008653869088,68.269302312355,10.5613830332122,158.413804161016,12.1552050448351,Served,37.8503711817366,Stable,0
516,515,6,SAT-1,Satellite,653029.202477546,153.846502862032,15.128684332196,76.0389593286333,188.391482363219,1.23878261897962,67.697040459117,15.128684332196,153.846502862032,-13.469164065392,Served,76.0389593286333,Stable,0
517,516,1,BS2,Terrestrial,295.272687326099,92.2545905825175,67.0818698430584,50.992146,893.334270320412,8.75952808811392,67.4592600607378,11.4104830243019,157.564704169926,67.0818698430584,Served,50.992146,Stable,0
517,516,2,BS2,Terrestrial,144.900842099444,120.743441008907,38.5930194166693,50.992146,893.334270320412,8.75952808811392,67.4975307728307,13.9675443703869,155.007642823841,38.5930194166693,Served,50.992146,Stable,0
517,516,3,BS1,Terrestrial,158.603762337124,99.4746327899542,59.8618276356217,101.984292,893.334270320412,8.75952808811392,67.4339479842927,12.1737273278259,156.801459866402,59.8618276356217,Served,101.984292,Stable,0
517,516,4,SAT-1,Satellite,653505.260698868,153.91457669096,15.0606105032682,50.4732901567977,188.391482363219,1.24416618359249,67.5879194910644,15.0606105032682,153.91457669096,8.44605502010259,Served,50.4732901567977,Stable,0
517,516,5,SAT-1,Satellite,653151.032874513,153.733632254827,15.2415549394011,51.0565593777925,188.391482363219,1.22995285136769,67.6717801608404,15.2415549394011,153.733632254827,13.4882409336533,Served,50.6116163033056,InTransition,8.71470933234102
517,516,6,SAT-1,Satellite,655581.486954852,154.55302069699,14.4221664972381,48.4213523233953,188.391482363219,1.29688985900954,67.1039826914229,14.4221664972381,154.55302069699,-7.14318458792377,Served,48.4213523233953,Stable,0
518,517,1,BS2,Terrestrial,295.272687326099,89.4059926934505,69.9304677321254,50.992146,893.334270320412,8.75952808811392,66.867617933498,7.87763807613109,161.097549118097,69.9304677321254,Served,50.992146,Stable,0
518,517,2,BS2,Terrestrial,144.900842099444,123.958221331337,35.3782390942386,50.992146,893.334270320412,8.75952808811392,66.9056107609506,14.5442260687628,154.430961125465,35.3782390942386,Served,50.992146,Stable,0
518,517,3,BS1,Terrestrial,158.603762337124,99.3405733499263,59.9958870756496,101.984292,893.334270320412,8.75952808811392,66.8424985378934,14.6518439706678,154.32334322356,59.9958870756496,Served,101.984292,Stable,0
518,517,4,SAT-1,Satellite,656070.233172046,158.599706875329,10.3754803188992,35.7325947316696,188.391482363219,1.75741955655078,66.9954200611033,10.3754803188992,158.599706875329,8.36141937123173,Served,35.7325947316696,Stable,0
518,517,5,SAT-1,Satellite,655707.53672344,155.241119088326,13.7340681059025,46.2216334459412,188.391482363219,1.35860972678917,67.0785659621662,13.7340681059025,155.241119088326,8.03759568721819,Served,46.2216334459412,Stable,0
518,517,6,SAT-1,Satellite,658196.82330946,156.389674092774,12.5855131014539,42.5824825274108,188.391482363219,1.47471817189889,66.5152701045105,12.5855131014539,156.389674092774,-3.12325752129141,Served,42.5824825274108,Stable,0
519,518,1,BS2,Terrestrial,295.272687326099,89.5635165011578,69.7729439244181,50.992146,893.334270320412,8.75952808811392,66.2803678835064,13.6868528191428,155.288334375085,69.7729439244181,Served,50.992146,Stable,0
519,518,2,BS2,Terrestrial,144.900842099444,112.553577880507,46.7828825450688,50.992146,893.334270320412,8.75952808811392,66.3180788080023,11.5622301240231,157.412957070205,46.7828825450688,Served,50.992146,Stable,0
519,518,3,BS1,Terrestrial,158.603762337124,111.816260523649,47.5201999019265,50.992146,893.334270320412,8.75952808811392,66.2554432268108,10.6768253634989,158.298361830729,47.5201999019265,Served,50.992146,Stable,0
519,518,4,SAT-1,Satellite,658698.111457424,154.605956034093,14.3692311601348,72.3775077105442,188.391482363219,1.3014504666052,66.4072939810387,14.3692311601348,154.605956034093,11.0619997508074,Served,72.3775077105442,Stable,0
519,518,5,BS1,Terrestrial,2496.53115061175,138.890491553417,20.4459688721589,50.992146,893.334270320412,8.75952808811392,66.4897236078037,12.9218826926621,156.053304501566,20.4459688721589,Served,50.9904474451828,InTransition,0.0333101261755124
519,518,6,SAT-1,Satellite,660874.459775361,156.73956983874,12.2356173554878,62.2249030422805,188.391482363219,1.51379490487282,65.9309636950723,12.2356173554878,156.73956983874,-9.95430107932623,Served,62.2249030422805,Stable,0
520,519,1,BS2,Terrestrial,295.272687326099,92.5088109448224,66.8276494807535,50.992146,893.334270320412,8.75952808811392,65.6975672171787,9.44684863778019,159.528338556448,66.8276494807535,Served,50.992146,Stable,0
520,519,2,BS2,Terrestrial,144.900842099444,106.878445827649,52.4580145979266,50.992146,893.334270320412,8.75952808811392,65.7349925433604,12.4879872570315,156.487199937197,52.4580145979266,Served,50.992146,Stable,0
520,519,3,BS1,Terrestrial,158.603762337124,102.856747731466,56.4797126941097,101.984292,893.334270320412,8.75952808811392,65.672839188673,10.3238839646219,158.651303229606,56.4797126941097,Served,101.984292,Stable,0
520,519,4,SAT-1,Satellite,661388.142512698,157.748751123923,11.2264360703056,38.3421123281493,188.391482363219,1.63781171601326,65.8236000363524,11.2264360703056,157.748751123923,10.9780177565247,Served,38.3421123281493,Stable,0
520,519,5,SAT-1,Satellite,661008.81673549,157.99634192167,10.9788452725583,37.5788521987481,188.391482363219,1.67107713816314,65.9053120272518,10.9788452725583,157.99634192167,7.91827713836128,Served,37.2474235458476,InTransition,8.81955231489499
520,519,6,SAT-1,Satellite,663613.638953042,154.060683465399,14.9145037288294,50.0028538053916,188.391482363219,1.25587153549561,65.3511194583696,14.9145037288294,154.060683465399,-7.54767266110858,Served,50.0028538053916,Stable,0
521,520,1,BS2,Terrestrial,295.272687326099,91.1741125954475,68.1623478301284,50.992146,893.334270320412,8.75952808811392,65.119268472108,11.4142455356947,157.560941658533,68.1623478301284,Served,50.992146,Stable,0
521,520,2,BS2,Terrestrial,144.900842099444,106.226725063338,53.1097353622376,50.992146,893.334270320412,8.75952808811392,65.1564048170309,8.85853789192623,160.116649302302,53.1097353622376,Served,50.992146,Stable,0
521,520,3,BS1,Terrestrial,158.603762337124,101.003616692907,58.3328437326692,101.984292,893.334270320412,8.75952808811392,65.0947387948716,11.0694931664104,157.905694027818,58.3328437326692,Served,101.984292,Stable,0
521,520,4,SAT-1,Satellite,664139.567826232,155.603809772898,13.3713774213302,45.0677354114124,188.391482363219,1.39339507997195,65.2443921694306,13.3713774213302,155.603809772898,11.9173540102809,Served,45.0677354114124,Stable,0
521,520,5,SAT-1,Satellite,663752.08273442,154.46283032388,14.5123568703478,48.710616927839,188.391482363219,1.28918836894981,65.3253853398184,14.5123568703478,154.46283032388,1.59993442308308,Served,48.710616927839,Stable,0
521,520,6,SAT-1,Satellite,666413.59862638,157.032885283104,11.9423019111239,40.5656305359142,188.391482363219,1.54803857250889,64.7757885568571,11.9423019111239,157.032885283104,-16.7741809594354,Served,40.5656305359142,Stable,0
522,521,1,BS2,Terrestrial,295.272687326099,90.4671677458153,68.8692926797605,50.992146,893.334270320412,8.75952808811392,64.5455195616686,13.613092695632,155.362094498596,68.8692926797605,Served,50.992146,Stable,0
522,521,2,BS2,Terrestrial,144.900842099444,114.60074142178,44.7357190037959,50.992146,893.334270320412,8.75952808811392,64.5823638447326,13.9481894334562,155.026997760772,44.7357190037959,Served,50.992146,Stable,0
522,521,3,BS1,Terrestrial,158.603762337124,99.5863163772919,59.7501440482839,50.992146,893.334270320412,8.75952808811392,64.5211897953986,7.87645299455346,161.098734199675,59.7501440482839,Served,50.992146,Stable,0
522,521,4,SAT-1,Satellite,666951.624229885,156.595162461836,12.3800247323922,62.9045209257245,188.391482363219,1.49743992634221,64.6697196306562,12.3800247323922,156.595162461836,11.3265824699678,Served,62.9045209257245,Stable,0
522,521,5,BS1,Terrestrial,2496.53115061175,147.291961809719,12.0444986158565,37.5323771006407,893.334270320412,11.9008485383832,64.749992999768,11.103001703086,157.872185491142,12.0444986158565,Served,37.5311268924238,InTransition,0.0333101261755124
522,521,6,SAT-1,Satellite,669273.572557761,161.032174986996,7.94301220723256,42.8019132096209,188.391482363219,2.20073669885476,64.2050174804047,7.94301220723256,161.032174986996,-8.32772381700858,Served,42.8019132096209,Stable,0
523,522,1,BS2,Terrestrial,295.272687326099,87.2424512659893,72.0940091595866,50.992146,893.334270320412,8.75952808811392,63.9763639150453,12.569516687181,156.405670507047,72.0940091595866,Served,50.992146,Stable,0
523,522,2,BS2,Terrestrial,144.900842099444,115.084979072048,44.2514813535277,50.992146,893.334270320412,8.75952808811392,64.0129133482929,13.0768106546336,155.898376539594,44.2514813535277,Served,50.992146,Stable,0
523,522,3,BS1,Terrestrial,158.603762337124,98.5153155813047,60.8211448442711,101.984292,893.334270320412,8.75952808811392,63.9522354591015,14.4520495664603,154.523137627768,60.8211448442711,Served,101.984292,Stable,0
523,522,4,SAT-1,Satellite,669823.544689765,157.037015030705,11.9381721635234,40.5527366341548,188.391482363219,1.54853077744819,64.0996271238245,11.9381721635234,157.037015030705,8.30767937573285,Served,40.5527366341548,Stable,0
523,522,5,SAT-1,Satellite,669420.054328603,159.00186841979,9.97331877443833,34.5137631680337,188.391482363219,1.81948170884772,64.1791799365833,9.97331877443833,159.00186841979,3.30530793873876,Served,34.2054938357208,InTransition,8.93177978918473
523,522,6,SAT-1,Satellite,672192.79126027,159.383363389533,9.59182380469537,33.3670537560312,188.391482363219,1.88201095748193,63.6388482000227,9.59182380469537,159.383363389533,-13.3507200201942,Served,33.3670537560312,Stable,0
524,523,1,BS2,Terrestrial,295.272687326099,90.5778570842044,68.7586033413715,50.992146,893.334270320412,8.75952808811392,63.4118406139104,9.15536484112968,159.819822353098,68.7586033413715,Served,50.992146,Stable,0
524,523,2,BS2,Terrestrial,144.900842099444,118.836177699122,40.500282726454,50.992146,893.334270320412,8.75952808811392,63.4480926926069,11.9992104733248,156.975976720903,40.500282726454,Served,50.992146,Stable,0
524,523,3,BS1,Terrestrial,158.603762337124,100.15936895622,59.177091469356,101.984292,893.334270320412,8.75952808811392,63.3879147105723,10.2389485898728,158.736238604355,59.177091469356,Served,101.984292,Stable,0
524,523,4,SAT-1,Satellite,672754.559073918,159.182255398387,9.79293179584104,33.9703567414072,188.391482363219,1.84858702738305,63.5341549473199,9.79293179584104,159.182255398387,6.39238594531668,Served,33.9703567414072,Stable,0
524,523,5,SAT-1,Satellite,672343.223509654,156.365464107805,12.609723086423,42.6587147796869,188.391482363219,1.47208281149722,63.612986691661,12.609723086423,156.365464107805,-2.8906945336368,Served,42.6587147796869,Stable,0
524,523,6,SAT-1,Satellite,675170.482746103,154.206138142934,14.7690490512938,49.5350080199327,188.391482363219,1.26773292864857,63.0773183165554,14.7690490512938,154.206138142934,-13.6132315776905,Served,49.5350080199327,Stable,0
525,524,1,BS2,Terrestrial,295.272687326099,89.3196006919529,70.016859733623,50.992146,893.334270320412,8.75952808811392,62.851984526635,12.2807440521687,156.694443142059,70.016859733623,Served,50.992146,Stable,0
525,524,2,BS2,Terrestrial,144.900842099444,110.274250510064,49.0622099155122,50.992146,893.334270320412,8.75952808811392,62.8879370200681,13.9680584296643,155.007128764564,49.0622099155122,Served,50.992146,Stable,0
525,524,3,BS1,Terrestrial,158.603762337124,103.184712663558,56.1517477620176,101.984292,893.334270320412,8.75952808811392,62.8282622645576,15.374414557007,153.600772637221,56.1517477620176,Served,101.984292,Stable,0
525,524,4,SAT-1,Satellite,675743.894896016,156.114158287056,12.8610289071726,43.4513097884185,188.391482363219,1.4452305602184,62.9733391321107,12.8610289071726,156.114158287056,10.2817917894033,Served,43.4513097884185,Stable,0
525,524,5,SAT-1,Satellite,675324.819418118,155.838917020954,13.1362701732739,44.3219842132639,188.391482363219,1.41684001522988,63.0514495524054,13.1362701732739,155.838917020954,12.5039598107438,Served,44.3219842132639,Stable,0
525,524,6,SAT-1,Satellite,678205.87325035,157.849650280298,11.1255369139305,38.0306879828903,188.391482363219,1.65122337034743,62.5204612054356,11.1255369139305,157.849650280298,-10.1833250175778,Served,38.0306879828903,Stable,0
526,525,1,BS2,Terrestrial,295.272687326099,89.8728152290823,69.4636451964936,33.994764,893.334270320412,8.75952808811392,62.2968264406793,6.73793753155996,162.237249662668,69.4636451964936,Served,33.994764,Stable,0
526,525,2,BS2,Terrestrial,144.900842099444,111.991524803085,47.3449356224909,33.994764,893.334270320412,8.75952808811392,62.3324773831319,11.7348742990652,157.240312895163,47.3449356224909,Served,33.994764,Stable,0
526,525,3,BS1,Terrestrial,158.603762337124,100.235346890041,59.1011135355348,101.984292,893.334270320412,8.75952808811392,62.2733087585301,13.4826603591927,155.492526835035,59.1011135355348,Served,101.984292,Stable,0
526,525,4,BS2,Terrestrial,1289.96390375941,146.995707884597,12.3407525409785,25.5895854063297,893.334270320412,11.6366906840604,62.4172115773423,8.78658709876302,160.188600095465,12.3407525409785,Served,25.5891449730818,InTransition,0.0172114256958314
526,525,5,SAT-1,Satellite,678364.068064144,161.097895815755,7.87729137847282,42.5200412649659,188.391482363219,2.2153257235717,62.4946006844238,7.87729137847282,161.097895815755,7.16949759739035,Served,42.5200412649659,Stable,0
526,525,6,SAT-1,Satellite,681298.187929526,155.759947059551,13.2152401346771,66.8584051458108,188.391482363219,1.40888405842435,61.9683061583179,13.2152401346771,155.759947059551,-18.7459748769701,Served,66.8584051458108,Stable,0
527,526,1,BS2,Terrestrial,295.272687326099,88.1376206386075,71.1988397869684,33.994764,893.334270320412,8.75952808811392,61.7463931936062,12.6337853899258,156.341401804302,71.1988397869684,Served,33.994764,Stable,0
527,526,2,BS2,Terrestrial,144.900842099444,112.998284604202,46.3381758213735,33.994764,893.334270320412,8.75952808811392,61.7817408754678,12.2467344731336,156.728452721095,46.3381758213735,Served,33.994764,Stable,0
527,526,3,BS1,Terrestrial,158.603762337124,107.316266951571,52.0201934740044,101.984292,893.334270320412,8.75952808811392,61.7230808838652,11.2327535950261,157.742433599202,52.0201934740044,Served,101.984292,Stable,0
527,526,4,BS2,Terrestrial,1289.96390375941,147.087777256183,12.2486831693925,25.4128276421191,893.334270320412,11.7176291556501,61.8658001840857,9.06601679299359,159.909170401235,12.2486831693925,Served,25.4128276421191,Stable,0
527,526,5,SAT-1,Satellite,681460.194424655,157.463689708009,11.5114974862191,58.8369934197644,188.391482363219,1.60096115907186,61.9424682623091,11.5114974862191,157.463689708009,10.5411977389256,Served,58.8369934197644,Stable,0
527,526,6,SAT-1,Satellite,684446.651534283,158.200858560455,10.7743286337733,55.4261897556502,188.391482363219,1.69948072557174,61.4208785221844,10.7743286337733,158.200858560455,-4.52970417234948,Served,55.4261897556502,Stable,0
528,527,1,BS2,Terrestrial,295.272687326099,89.0383462077212,70.2981142178547,33.994764,893.334270320412,8.75952808811392,61.2007078030101,8.878130732572,160.097056461656,70.2981142178547,Served,33.994764,Stable,0
528,527,2,BS2,Terrestrial,144.900842099444,117.083630908168,42.2528295174077,33.994764,893.334270320412,8.75952808811392,61.2357507620062,14.1983788141179,154.77680838011,42.2528295174077,Served,33.994764,Stable,0
528,527,3,BS1,Terrestrial,158.603762337124,98.7131649796737,60.6232954459022,101.984292,893.334270320412,8.75952808811392,61.1776015159151,11.2920754354907,157.683111758737,60.6232954459022,Served,101.984292,Stable,0
528,527,4,BS2,Terrestrial,1289.96390375941,148.057995561567,11.2784648640093,23.563773436239,893.334270320412,12.6371139542892,61.3191289876224,10.7511117176664,158.224075476562,11.2784648640093,Served,23.563773436239,Stable,0
528,527,5,SAT-1,Satellite,684612.42311457,164.102708766269,4.87247842795867,30.3795464771929,188.391482363219,3.10063026294108,61.3950765993414,4.87247842795867,164.102708766269,3.82338215634252,Served,30.3795464771929,Stable,0
528,527,6,SAT-1,Satellite,687650.489055945,154.646804783861,14.3283824103676,72.1811757286642,188.391482363219,1.30499039715978,60.8781998363451,14.3283824103676,154.646804783861,-9.42369349786716,Served,72.1811757286642,Stable,0
529,528,1,BS2,Terrestrial,295.272687326099,93.0100596796295,66.3264007459463,50.992146,893.334270320412,8.75952808811392,60.6597895955367,9.90193782730765,159.07324936692,66.3264007459463,Served,50.992146,Stable,0
529,528,2,BS2,Terrestrial,144.900842099444,108.677398794949,50.6590616306269,50.992146,893.334270320412,8.75952808811392,60.6945266080578,9.00540993980846,159.96977725442,50.6590616306269,Served,50.992146,Stable,0
529,528,3,BS1,Terrestrial,158.603762337124,99.0963283727688,60.2401320528071,50.992146,893.334270320412,8.75952808811392,60.6368898431541,8.91135574459605,160.063831449632,60.2401320528071,Served,50.992146,Stable,0
529,528,4,SAT-1,Satellite,688268.959979697,156.524091067865,12.4510961263634,63.2394571872214,188.391482363219,1.48950900863588,60.7772182885129,12.4510961263634,156.524091067865,6.42484542640491,Served,62.658712018136,InTransition,9.18327251554403
529,528,5,BS1,Terrestrial,2496.53115061175,150.540922437197,8.79553798837881,28.4638656718424,893.334270320412,15.6924270339733,60.852446276303,6.13118614334843,162.84400105088,8.79553798837881,Served,28.4629175368855,InTransition,0.0333101261755124
529,528,6,SAT-1,Satellite,690908.926346499,155.940910127874,13.0342770663546,65.9985623232082,188.391482363219,1.42723928924866,60.340287967616,13.0342770663546,155.940910127874,-2.84874883395085,Served,65.9985623232082,Stable,0
530,529,1,BS2,Terrestrial,295.272687326099,89.8603802120246,69.4760802135513,50.992146,893.334270320412,8.75952808811392,60.1236543350717,9.73939409391843,159.23579310031,69.4760802135513,Served,50.992146,Stable,0
530,529,2,BS2,Terrestrial,144.900842099444,110.801350112713,48.535110312863,50.992146,893.334270320412,8.75952808811392,60.1580844075962,12.3401002895404,156.635086904688,48.535110312863,Served,50.992146,Stable,0
530,529,3,BS1,Terrestrial,158.603762337124,101.028702355859,58.3077580697173,50.992146,893.334270320412,8.75952808811392,60.1009614954754,7.60692756037244,161.368259633856,58.3077580697173,Served,50.992146,Stable,0
530,529,4,SAT-1,Satellite,691538.282183849,154.950487802047,14.0246993921813,70.7236791232374,188.391482363219,1.33188406414026,60.2400847825874,14.0246993921813,154.950487802047,8.56659424158605,Served,70.7236791232374,Stable,0
530,529,5,BS1,Terrestrial,2496.53115061175,147.003108040452,12.3333523851238,38.3630559858777,893.334270320412,11.643158337663,60.3145942695102,9.55144718249005,159.423740011738,12.3333523851238,Served,38.3630559858777,Stable,0
530,529,6,SAT-1,Satellite,694221.190711934,154.705306556624,14.2698806376043,71.9001123608691,188.391482363219,1.31009171041121,59.8071572438535,14.2698806376043,154.705306556624,-5.45529062339955,Served,71.9001123608691,Stable,0
531,530,1,BS2,Terrestrial,295.272687326099,93.9842642645651,65.3521961610108,50.992146,893.334270320412,8.75952808811392,59.5923143501119,12.0225654548595,156.952621739369,65.3521961610108,Served,50.992146,Stable,0
531,530,2,BS2,Terrestrial,144.900842099444,111.095381563679,48.2410788618966,50.992146,893.334270320412,8.75952808811392,59.6264367107164,9.74025720776402,159.234929986464,48.2410788618966,Served,50.992146,Stable,0
531,530,3,BS1,Terrestrial,158.603762337124,105.429622989856,53.9068374357199,50.992146,893.334270320412,8.75952808811392,59.5698286716506,10.6849015205476,158.290285673681,53.9068374357199,Served,50.992146,Stable,0
531,530,4,SAT-1,Satellite,694861.279924074,153.935315695935,15.039871498293,75.609727415217,188.391482363219,1.24581511403057,59.7077416899193,15.039871498293,153.935315695935,9.38035117164659,Served,75.609727415217,Stable,0
531,530,5,BS1,Terrestrial,2496.53115061175,145.321187419491,14.0152730060845,43.2552413015132,893.334270320412,10.3263124125626,59.7815340780834,8.95470670031699,160.020480493911,14.0152730060845,Served,43.2552413015132,Stable,0
531,530,6,SAT-1,Satellite,697586.511478796,158.600322497883,10.3748646963454,53.5960822472801,188.391482363219,1.75751169175037,59.2788185859396,10.3748646963454,158.600322497883,-7.41377118937291,Served,53.5960822472801,Stable,0
532,531,1,BS2,Terrestrial,295.272687326099,92.2300301676626,67.1064302579132,50.992146,893.334270320412,8.75952808811392,59.0657786602764,15.0389611371273,153.936226057101,67.1064302579132,Served,50.992146,Stable,0
532,531,2,BS2,Terrestrial,144.900842099444,110.788527435358,48.5479329902175,50.992146,893.334270320412,8.75952808811392,59.0995927502347,10.5496222025985,158.42556499163,48.5479329902175,Served,50.992146,Stable,0
532,531,3,BS1,Terrestrial,158.603762337124,96.0494874478485,63.2869729777273,101.984292,893.334270320412,8.75952808811392,59.0435002659128,12.7013276748654,156.273859519363,63.2869729777273,Served,101.984292,Stable,0
532,531,4,SAT-1,Satellite,698237.182912827,156.011532653856,12.9636545403717,43.7756380709466,188.391482363219,1.43452302593431,59.1801988827779,12.9636545403717,156.011532653856,7.30623977583551,Served,43.7756380709466,Stable,0
532,531,5,SAT-1,Satellite,697766.87617028,154.918802295212,14.0563848990163,47.2503824855252,188.391482363219,1.32902968154759,59.2532758504269,14.0563848990163,154.918802295212,13.3490529317538,Served,46.8104814686053,InTransition,9.30999906835921
532,531,6,SAT-1,Satellite,701004.120534002,156.519348525671,12.4558386685575,42.1745451927684,188.391482363219,1.48898252490242,58.7552796382533,12.4558386685575,156.519348525671,-10.0422183047854,Served,42.1745451927684,Stable,0
533,532,1,BS2,Terrestrial,295.272687326099,90.5568118226924,68.7796486028834,50.992146,893.334270320412,8.75952808811392,58.5440531018753,13.784446266074,155.190740928154,68.7796486028834,Served,50.992146,Stable,0
533,532,2,BS2,Terrestrial,144.900842099444,112.333567766483,47.0028926590926,50.992146,893.334270320412,8.75952808811392,58.5775585673479,10.8908159275819,158.084371266646,47.0028926590926,Served,50.992146,Stable,0
533,532,3,BS1,Terrestrial,158.603762337124,117.931967090924,41.4044933346521,101.984292,893.334270320412,8.75952808811392,58.5219819935795,14.2653569757581,154.70983021847,41.4044933346521,Served,101.984292,Stable,0
533,532,4,SAT-1,Satellite,701665.223528452,157.846593450224,11.1285937440045,38.0401153057343,188.391482363219,1.65081415455839,58.6574630125104,11.1285937440045,157.846593450224,3.38279166479953,Served,38.0401153057343,Stable,0
533,532,5,SAT-1,Satellite,701188.016718556,162.952799252708,6.02238794152044,23.2240329054897,188.391482363219,2.7039731231562,58.7298265098382,6.02238794152044,162.952799252708,4.53767531462825,Served,23.2240329054897,Stable,0
533,532,6,SAT-1,Satellite,704473.252838,158.402661945399,10.5725252488292,36.3333005544037,188.391482363219,1.72836378279783,58.236544897609,10.5725252488292,158.402661945399,-0.520591945714045,Served,36.3333005544037,Stable,0
534,533,1,BS2,Terrestrial,295.272687326099,88.4828387941627,70.8536216314131,50.992146,893.334270320412,8.75952808811392,58.0271404524269,11.5890006574074,157.386186536821,70.8536216314131,Served,50.992146,Stable,0
534,533,2,BS2,Terrestrial,144.900842099444,114.152994920792,45.1834655047842,50.992146,893.334270320412,8.75952808811392,58.0603371362451,12.422182104466,156.553005089762,45.1834655047842,Served,50.992146,Stable,0
534,533,3,BS1,Terrestrial,158.603762337124,103.947768252075,55.3886921735013,101.984292,893.334270320412,8.75952808811392,58.0052765156076,10.191594949512,158.783592244716,55.3886921735013,Served,101.984292,Stable,0
534,533,4,SAT-1,Satellite,705144.637323139,153.729304194621,15.2458829996073,51.0705195158516,188.391482363219,1.22961664347762,58.139537635269,15.2458829996073,153.729304194621,14.771429732301,Served,51.0705195158516,Stable,0
534,533,5,SAT-1,Satellite,704660.633937601,157.604969372865,11.3702178213631,38.7867681743465,188.391482363219,1.61903565941525,58.2111898791438,11.3702178213631,157.604969372865,9.6211177173297,Served,38.7867681743465,Stable,0
534,533,6,SAT-1,Satellite,707993.146911506,157.294974056807,11.6802131374211,39.7488238123404,188.391482363219,1.57984953427083,57.7226158406127,11.6802131374211,157.294974056807,-9.36573503009129,Served,39.7488238123404,Stable,0
535,534,1,BS2,Terrestrial,295.272687326099,91.0947486563489,68.241711769227,50.992146,893.334270320412,8.75952808811392,57.5150405539971,11.8179146229414,157.157272571287,68.241711769227,Served,50.992146,Stable,0
535,534,2,BS2,Terrestrial,144.900842099444,116.661079713646,42.6753807119294,50.992146,893.334270320412,8.75952808811392,57.5479284875487,12.0248400130779,156.95034718115,42.6753807119294,Served,50.992146,Stable,0
535,534,3,BS1,Terrestrial,158.603762337124,104.961178290261,54.3752821353148,101.984292,893.334270320412,8.75952808811392,57.4933835619558,12.7322162843031,156.242970909925,54.3752821353148,Served,101.984292,Stable,0
535,534,4,SAT-1,Satellite,708674.663504463,156.576032271642,12.3991549225863,41.9964306624949,188.391482363219,1.49529757165341,57.6264233364782,12.3991549225863,156.576032271642,7.88923060663359,Served,41.9964306624949,Stable,0
535,534,5,SAT-1,Satellite,708183.966474947,155.773072895924,13.2021142983045,44.5306548676852,188.391482363219,1.4102007027368,57.6973668042351,13.2021142983045,155.773072895924,9.88760518415384,Served,44.5306548676852,Stable,0
535,534,6,SAT-1,Satellite,711563.045296021,155.176585072536,13.7986021216925,46.4273675677278,188.391482363219,1.35258930405933,57.2134910493629,13.7986021216925,155.176585072536,-5.97686802275717,Served,46.4273675677278,Stable,0
536,535,1,BS2,Terrestrial,295.272687326099,92.9864198070869,66.350040618489,33.994764,893.334270320412,8.75952808811392,57.0077504352178,7.3199394734543,161.655247720774,66.350040618489,Served,33.994764,Stable,0
536,535,2,BS2,Terrestrial,144.900842099444,125.406341556807,33.930118868769,33.994764,893.334270320412,8.75952808811392,57.0403298304401,10.9945338556172,157.980653338611,33.930118868769,Served,33.994764,Stable,0
536,535,3,BS1,Terrestrial,158.603762337124,98.1863195682884,61.1501408572875,101.984292,893.334270320412,8.75952808811392,56.9863000536107,12.1405827518088,156.834604442419,61.1501408572875,Served,101.984292,Stable,0
536,535,4,BS2,Terrestrial,1289.96390375941,142.788714979351,16.5477454462252,33.8352664271209,893.334270320412,8.80082001860988,57.118117853915,11.5877496157751,157.387437578453,16.5477454462252,Served,33.8346840739469,InTransition,0.0172114256958314
536,535,5,SAT-1,Satellite,711757.257030022,161.63463292711,7.34055426711765,40.2409611555221,188.391482363219,2.34079252773224,57.1883552763603,7.34055426711765,161.63463292711,4.76418485505801,Served,40.2409611555221,Stable,0
536,535,6,SAT-1,Satellite,715182.194988548,157.525018790269,11.450168403959,58.5516849933167,188.391482363219,1.60876226179248,56.7091663353983,11.450168403959,157.525018790269,-8.98666747478092,Served,58.5516849933167,Stable,0
537,536,1,BS2,Terrestrial,295.272687326099,94.6578035136041,64.6786569119718,50.992146,893.334270320412,8.75952808811392,56.5052644318372,12.0034200709999,156.971767123228,64.6786569119718,Served,50.992146,Stable,0
537,536,2,BS2,Terrestrial,144.900842099444,121.518443800897,37.8180166246791,50.992146,893.334270320412,8.75952808811392,56.5375356733258,13.0861460552015,155.889041139027,37.8180166246791,Served,50.992146,Stable,0
537,536,3,BS1,Terrestrial,158.603762337124,98.6143774213574,60.7220830042185,101.984292,893.334270320412,8.75952808811392,56.4840202231319,12.654292289379,156.320894904849,60.7220830042185,Served,101.984292,Stable,0
537,536,4,SAT-1,Satellite,715883.530841025,157.525222281778,11.4499649124505,39.0338258523884,188.391482363219,1.60878826034669,56.6146161992705,11.4499649124505,157.525222281778,-0.269880399886461,Served,38.6609856113782,InTransition,9.5517216892898
537,536,5,SAT-1,Satellite,715379.752787246,156.228476622802,12.7467105714257,43.0904731013762,188.391482363219,1.45733282250117,56.6841505530255,12.7467105714257,156.228476622802,6.28103929332815,Served,43.0904731013762,Stable,0
537,536,6,SAT-1,Satellite,718849.847850829,158.365076978706,10.6101102155218,36.4481335356631,188.391482363219,1.72291842396525,56.2096348617892,10.6101102155218,158.365076978706,-9.87904587976558,Served,36.4481335356631,Stable,0
538,537,1,BS2,Terrestrial,295.272687326099,90.8828332543481,68.4536271712278,50.992146,893.334270320412,8.75952808811392,56.0075743056593,13.9797620808743,154.995425113354,68.4536271712278,Served,50.992146,Stable,0
538,537,2,BS2,Terrestrial,144.900842099444,117.98472753232,41.3517328932562,50.992146,893.334270320412,8.75952808811392,56.0395379428992,10.5968337732321,158.378353420996,41.3517328932562,Served,50.992146,Stable,0
538,537,3,BS1,Terrestrial,158.603762337124,102.812255463435,56.5242049621413,50.992146,893.334270320412,8.75952808811392,55.9865357335727,9.648211564413,159.326975629815,56.5242049621413,Served,50.992146,Stable,0
538,537,4,SAT-1,Satellite,719560.872658669,156.17129746207,12.8038897321583,64.906343097035,188.391482363219,1.45125632853459,56.1159107780573,12.8038897321583,156.17129746207,2.03356204857155,Served,64.906343097035,Stable,0
538,537,5,BS1,Terrestrial,2496.53115061175,145.775122960633,13.5613374649428,41.9265144234456,893.334270320412,10.6535718817214,56.1847452773561,11.3330699607525,157.642117233476,13.5613374649428,Served,41.92511784596,InTransition,0.0333101261755124
538,537,6,SAT-1,Satellite,722565.260993618,153.371290731773,15.6038964624555,78.3399793893885,188.391482363219,1.20239680831941,55.714887263268,15.6038964624555,153.371290731773,-12.321523470152,Served,78.3399793893885,Stable,0
539,538,1,BS2,Terrestrial,295.272687326099,89.696224161127,69.6402362644489,50.992146,893.334270320412,8.75952808811392,55.5146693617178,8.3386861207365,160.636501073492,69.6402362644489,Served,50.992146,Stable,0
539,538,2,BS2,Terrestrial,144.900842099444,110.97701805894,48.3594423666359,50.992146,893.334270320412,8.75952808811392,55.5463261014461,6.07325414623182,162.901933047996,48.3594423666359,Served,50.992146,Stable,0
539,538,3,BS1,Terrestrial,158.603762337124,101.464624855591,57.871835569985,101.984292,893.334270320412,8.75952808811392,55.4938357956248,13.8613403226367,155.113846871591,57.871835569985,Served,101.984292,Stable,0
539,538,4,SAT-1,Satellite,723285.828971448,155.489644099477,13.4855430947514,45.4305113855303,188.391482363219,1.38226841108684,55.6219915077213,13.4855430947514,155.489644099477,7.64889883734932,Served,45.4305113855303,Stable,0
539,538,5,SAT-1,Satellite,722769.373491961,154.868770964098,14.10641623013,47.4103334172193,188.391482363219,1.32454585870792,55.6901295957639,14.10641623013,154.868770964098,11.7804752039951,Served,46.9531272925608,InTransition,9.64359648423124
539,538,6,SAT-1,Satellite,726327.697136488,157.335435433871,11.6397517603575,39.6229995642112,188.391482363219,1.58486640280661,55.224911764279,11.6397517603575,157.335435433871,-7.55271586281387,Served,39.6229995642112,Stable,0
540,539,1,BS2,Terrestrial,295.272687326099,91.4874547893133,67.8490056362626,50.992146,893.334270320412,8.75952808811392,55.0265365635501,10.6481515429201,158.327035651308,67.8490056362626,Served,50.992146,Stable,0
540,539,2,BS2,Terrestrial,144.900842099444,115.74351407083,43.5929463547463,50.992146,893.334270320412,8.75952808811392,55.0578872622559,7.29390293152562,161.681284262702,43.5929463547463,Served,50.992146,Stable,0
540,539,3,BS1,Terrestrial,158.603762337124,108.304306658267,51.0321537673087,101.984292,893.334270320412,8.75952808811392,55.0059072828508,0.224333395837647,168.75085379839,51.0321537673087,Served,101.984292,Stable,0
540,539,4,SAT-1,Satellite,727057.663586208,158.092384640023,10.8828025542055,37.2836322732412,188.391482363219,1.68430909111851,55.1328459338249,10.8828025542055,158.092384640023,6.96632784241103,Served,37.2836322732412,Stable,0
540,539,5,SAT-1,Satellite,726535.018778177,156.152018003696,12.823169190532,43.3317562803629,188.391482363219,1.4492179911064,55.2002912737785,12.823169190532,156.152018003696,6.47918861507483,Served,43.3317562803629,Stable,0
540,539,6,SAT-1,Satellite,730136.4249437,159.677812947475,9.29737424675326,32.4887420897594,188.391482363219,1.93288987964645,54.7396942948439,9.29737424675326,159.677812947475,-12.0496912683372,Served,32.4887420897594,Stable,0
541,540,1,BS2,Terrestrial,295.272687326099,91.4930858882892,67.8433745372867,50.992146,893.334270320412,8.75952808811392,54.5431606464323,5.97894021342734,162.996246980801,67.8433745372867,Served,50.992146,Stable,0
541,540,2,BS2,Terrestrial,144.900842099444,112.131537859481,47.2049225660947,50.992146,893.334270320412,8.75952808811392,54.574206303003,12.8345239311557,156.140663263072,47.2049225660947,Served,50.992146,Stable,0
541,540,3,BS1,Terrestrial,158.603762337124,121.058942304256,38.2775181213198,50.992146,893.334270320412,8.75952808811392,54.5227348448692,9.65110833919252,159.324078855036,38.2775181213198,Served,50.992146,Stable,0
541,540,4,SAT-1,Satellite,730875.64632016,158.991802103616,9.98338509061199,51.8162234709628,188.391482363219,1.81788125169708,54.648459344173,9.98338509061199,158.991802103616,1.61241138226157,Served,51.8162234709628,Stable,0
541,540,5,BS1,Terrestrial,2496.53115061175,145.816091319302,13.5203691062738,41.8068742956416,893.334270320412,10.6840595640218,54.7152158099012,8.26413050308685,160.711056691141,13.5203691062738,Served,41.8054817033839,InTransition,0.0333101261755124
541,540,6,SAT-1,Satellite,733990.719336765,159.336595285482,9.63859190874643,50.2606660754965,188.391482363219,1.87414430680481,54.259218604136,9.63859190874643,159.336595285482,-6.5151189855145,Served,50.2606660754965,Stable,0
542,541,1,BS2,Terrestrial,295.272687326099,93.2087364382584,66.1277239873175,50.992146,893.334270320412,8.75952808811392,54.0645242284524,13.1555100761448,155.819677118083,66.1277239873175,Served,50.992146,Stable,0
542,541,2,BS2,Terrestrial,144.900842099444,115.458154486343,43.8783059392324,50.992146,893.334270320412,8.75952808811392,54.0952659769715,6.4671286126441,162.508058581584,43.8783059392324,Served,50.992146,Stable,0
542,541,3,BS1,Terrestrial,158.603762337124,107.474640881877,51.8618195436993,50.992146,893.334270320412,8.75952808811392,54.0443010183674,13.397257330105,155.577929864123,51.8618195436993,Served,50.992146,Stable,0
542,541,4,SAT-1,Satellite,734739.053308893,156.329063508697,12.6461236855311,64.1600614639356,188.391482363219,1.46813670424173,54.1688148807579,12.6461236855311,156.329063508697,5.83029834611818,Served,64.1600614639356,Stable,0
542,541,5,BS1,Terrestrial,2496.53115061175,145.32465638943,14.0118040361455,43.2450663836472,893.334270320412,10.3287420395569,54.2348865473524,12.6464596866158,156.328727507612,14.0118040361455,Served,43.2450663836472,Stable,0
542,541,6,SAT-1,Satellite,737889.861784318,162.441534897526,6.53365229670203,36.8977005708425,188.391482363219,2.55288919700446,53.7834663716627,6.53365229670203,162.441534897526,-14.165020266165,Served,36.8977005708425,Stable,0
543,542,1,BS2,Terrestrial,295.272687326099,93.8098916015935,65.5265688239824,50.992146,893.334270320412,8.75952808811392,53.590607919302,14.8983592654866,154.076827928742,65.5265688239824,Served,50.992146,Stable,0
543,542,2,BS2,Terrestrial,144.900842099444,126.743422738169,32.5930376874073,50.992146,893.334270320412,8.75952808811392,53.6210470220058,10.3696358900983,158.60555130413,32.5930376874073,Served,50.992146,Stable,0
543,542,3,BS1,Terrestrial,158.603762337124,97.6258255071349,61.7106349184409,101.984292,893.334270320412,8.75952808811392,53.570586335826,11.903663991772,157.071523202456,61.7106349184409,Served,101.984292,Stable,0
543,542,4,SAT-1,Satellite,738647.167291806,157.558426087326,11.4167611069018,38.9309228302421,188.391482363219,1.6130406428218,53.6938936494109,11.4167611069018,157.558426087326,8.36512146147197,Served,38.9309228302421,Stable,0
543,542,5,SAT-1,Satellite,738106.541572,155.168927944175,13.8062592500535,46.4517866118252,188.391482363219,1.35187826708378,53.7592847835891,13.8062592500535,155.168927944175,8.38815818845123,Served,45.9943185648352,InTransition,9.84823362797205
543,542,6,SAT-1,Satellite,741833.140569932,154.419501412391,14.5556857818371,48.8496575840631,188.391482363219,1.28551895537189,53.3124173159645,14.5556857818371,154.419501412391,-8.68038514991977,Served,48.8496575840631,Stable,0
544,543,1,BS2,Terrestrial,295.272687326099,91.1750260060049,68.1614344195709,33.994764,893.334270320412,8.75952808811392,53.1213904266834,10.660555621375,158.314631572853,68.1614344195709,Served,33.994764,Stable,0
544,543,2,BS2,Terrestrial,144.900842099444,119.912767510213,39.4236929153625,33.994764,893.334270320412,8.75952808811392,53.1515282670819,13.2849717975569,155.690215396671,39.4236929153625,Served,33.994764,Stable,0
544,543,3,BS1,Terrestrial,158.603762337124,101.027982359595,58.3084780659811,101.984292,893.334270320412,8.75952808811392,53.1015694318513,10.958042282804,158.017144911424,58.3084780659811,Served,101.984292,Stable,0
544,543,4,BS2,Terrestrial,1289.96390375941,146.334440682666,13.0020197429102,26.8649511269718,893.334270320412,11.0842595134239,53.2236748270557,11.9304393343556,157.044747859873,13.0020197429102,Served,26.8644887428616,InTransition,0.0172114256958314
544,543,5,SAT-1,Satellite,742052.851085165,161.733531899447,7.24165529478108,39.825652112095,188.391482363219,2.36520273206028,53.2883898774837,7.24165529478108,161.733531899447,6.23484766012265,Served,39.825652112095,Stable,0
544,543,6,SAT-1,Satellite,745819.851038599,158.882805623721,10.0923815705075,52.3103560208336,188.391482363219,1.80070923516739,52.8460493007483,10.0923815705075,158.882805623721,-1.06788610651202,Served,52.3103560208336,Stable,0
545,544,1,BS2,Terrestrial,295.272687326099,91.3517073063276,67.9847531192483,50.992146,893.334270320412,8.75952808811392,52.6568486602363,13.4524873261634,155.522699868065,67.9847531192483,Served,50.992146,Stable,0
545,544,2,BS2,Terrestrial,144.900842099444,112.903287129108,46.433173296468,50.992146,893.334270320412,8.75952808811392,52.6866867364027,12.3744787244331,156.600708469795,46.433173296468,Served,50.992146,Stable,0
545,544,3,BS1,Terrestrial,158.603762337124,132.392443435822,26.9440169897541,101.984292,893.334270320412,8.75952808811392,52.6372271470201,10.8066093705195,158.168577823709,26.9440169897541,Served,101.984292,Stable,0
545,544,4,SAT-1,Satellite,746594.681776829,160.045161311549,8.93002588267868,31.4017734682921,188.391482363219,1.9997966309498,52.7581357664724,8.93002588267868,160.045161311549,5.82823447040963,Served,31.0889651044501,InTransition,9.96148718026561
545,544,5,SAT-1,Satellite,746042.54855479,155.513397891318,13.4617893029104,45.3549966361932,188.391482363219,1.38456984776022,52.8221793540628,13.4617893029104,155.513397891318,11.4875747535081,Served,45.3549966361932,Stable,0
545,544,6,SAT-1,Satellite,749849.295822551,158.440636316302,10.5345508779261,36.2173591389491,188.391482363219,1.73389673572875,52.3843384383792,10.5345508779261,158.440636316302,-11.3609688754107,Served,36.2173591389491,Stable,0
546,545,1,BS2,Terrestrial,295.272687326099,87.7105532939652,71.6259071316106,50.992146,893.334270320412,8.75952808811392,52.1969578329011,11.7752681663086,157.199919027919,71.6259071316106,Served,50.992146,Stable,0
546,545,2,BS2,Terrestrial,144.900842099444,106.390029574055,52.9464308515211,50.992146,893.334270320412,8.75952808811392,52.2264977509354,10.7664237111307,158.208763483097,52.9464308515211,Served,50.992146,Stable,0
546,545,3,BS1,Terrestrial,158.603762337124,111.217826052274,48.1186343733023,101.984292,893.334270320412,8.75952808811392,52.1775346291563,12.025143030366,156.950044163862,48.1186343733023,Served,101.984292,Stable,0
546,545,4,SAT-1,Satellite,750632.683043214,163.964818742878,5.01036845134976,20.5999077410171,188.391482363219,3.04841951610793,52.2972520984871,5.01036845134976,163.964818742878,4.52985172846579,Served,20.5999077410171,Stable,0
546,545,5,SAT-1,Satellite,750074.936998989,158.367007363958,10.6081798302699,36.4422337073376,188.391482363219,1.72319735645336,52.3606290067191,10.6081798302699,158.367007363958,6.10853959535149,Served,36.4422337073376,Stable,0
546,545,6,SAT-1,Satellite,753920.785047135,154.599816606751,14.3753705874772,48.2713475878504,188.391482363219,1.30091998516207,51.9272591906676,14.3753705874772,154.599816606751,-8.58820978383019,Served,48.2713475878504,Stable,0
547,546,1,BS2,Terrestrial,295.272687326099,90.5932672813821,68.7431931441938,33.994764,893.334270320412,8.75952808811392,51.7416915596458,9.07605696761829,159.89913022661,68.7431931441938,Served,33.994764,Stable,0
547,546,2,BS2,Terrestrial,144.900842099444,109.978376222917,49.3580842026594,33.994764,893.334270320412,8.75952808811392,51.7709350273155,10.747941445358,158.22724574887,49.3580842026594,Served,33.994764,Stable,0
547,546,3,BS1,Terrestrial,158.603762337124,120.065219563511,39.2712408620646,50.992146,893.334270320412,8.75952808811392,51.722465431966,6.37661077558573,162.598576418642,39.2712408620646,Served,50.992146,Stable,0
547,546,4,BS2,Terrestrial,1289.96390375941,145.43766583205,13.8987945935257,28.6091778502749,893.334270320412,10.4084812106526,51.8409978315176,10.1706960246686,158.804491169559,13.8987945935257,Served,28.6086854455362,InTransition,0.0172114256958314
547,546,5,BS1,Terrestrial,2496.53115061175,138.949975588194,20.386484837382,50.992146,893.334270320412,8.75952808811392,51.9037129968176,10.0366182048115,158.938568989417,20.386484837382,Served,50.9904474451828,InTransition,0.0333101261755124
547,546,6,SAT-1,Satellite,758033.636517472,161.985281759011,6.98990543521734,77.5505807708089,188.391482363219,2.42927235993224,51.474784466896,6.98990543521734,161.985281759011,-8.36948284708143,Served,77.5505807708089,Stable,0
548,547,1,BS2,Terrestrial,295.272687326099,89.9441206301472,69.3923397954286,50.992146,893.334270320412,8.75952808811392,51.291021953498,12.2525721644257,156.722615029802,69.3923397954286,Served,50.992146,Stable,0
548,547,2,BS2,Terrestrial,144.900842099444,113.860171464926,45.47628896065,50.992146,893.334270320412,8.75952808811392,51.319970774059,10.2883023975297,158.686884796698,45.47628896065,Served,50.992146,Stable,0
548,547,3,BS1,Terrestrial,158.603762337124,113.055902271997,46.2805581535786,101.984292,893.334270320412,8.75952808811392,51.271991610973,15.5894661256236,153.385721068605,46.2805581535786,Served,101.984292,Stable,0
548,547,4,SAT-1,Satellite,758833.731713228,156.889016816027,12.086170378201,41.0152724574155,188.391482363219,1.53106774684818,51.3893454484138,12.086170378201,156.889016816027,6.90316173835316,Served,40.6000015401452,InTransition,10.1247874849904
548,547,5,SAT-1,Satellite,758265.036610653,160.460514641955,8.51467255227263,30.1853022285115,188.391482363219,2.0803886710276,51.4514039506333,8.51467255227263,160.460514641955,6.94238149403699,Served,29.879911499844,InTransition,10.117199634297
548,547,6,SAT-1,Satellite,762187.17588666,161.319154842847,7.6560323513813,27.7170036317582,188.391482363219,2.26565474472091,51.0268857190412,7.6560323513813,161.319154842847,-5.84941905378665,Served,27.7170036317582,Stable,0
549,548,1,BS2,Terrestrial,295.272687326099,87.7114384205511,71.6250220050248,50.992146,893.334270320412,8.75952808811392,50.8449197188306,11.24368890325,157.731498290978,71.6250220050248,Served,50.992146,Stable,0
549,548,2,BS2,Terrestrial,144.900842099444,117.293472249015,42.0429881765606,50.992146,893.334270320412,8.75952808811392,50.8735757850308,12.8468902774264,156.128296916802,42.0429881765606,Served,50.992146,Stable,0
549,548,3,BS1,Terrestrial,158.603762337124,104.243522297803,55.092938127773,101.984292,893.334270320412,8.75952808811392,50.8260838167052,13.0776270787175,155.897560115511,55.092938127773,Served,101.984292,Stable,0
549,548,4,SAT-1,Satellite,762995.425593195,156.853589106564,12.1215980876637,41.1261313509042,188.391482363219,1.52694062691989,50.9422660005438,12.1215980876637,156.853589106564,6.94325971110513,Served,41.1261313509042,Stable,0
549,548,5,SAT-1,Satellite,762421.392079322,156.867339826541,12.1078473676871,41.0830969484569,188.391482363219,1.52854009196349,51.0036730535643,12.1078473676871,156.867339826541,4.98051663949036,Served,41.0830969484569,Stable,0
549,548,6,SAT-1,Satellite,766380.736806188,155.401466909191,13.5737202850373,45.7109863103744,188.391482363219,1.37378704457067,50.5835330341573,13.5737202850373,155.401466909191,-14.7557333885269,Served,45.7109863103744,Stable,0
550,549,1,BS2,Terrestrial,295.272687326099,93.1782762755814,66.1581841499944,50.992146,893.334270320412,8.75952808811392,50.4033542418638,14.5249844176346,154.450202776593,66.1581841499944,Served,50.992146,Stable,0
550,549,2,BS2,Terrestrial,144.900842099444,107.568847042998,51.7676133825775,50.992146,893.334270320412,8.75952808811392,50.4317195301313,8.49081890555465,160.484368288673,51.7676133825775,Served,50.992146,Stable,0
550,549,3,BS1,Terrestrial,158.603762337124,102.223884725698,57.1125756998775,101.984292,893.334270320412,8.75952808811392,50.3847113850939,5.56168978374183,163.413497410486,57.1125756998775,Served,101.984292,Stable,0
550,549,4,SAT-1,Satellite,767197.010102623,162.118173131391,6.85701406283724,25.4832554726131,188.391482363219,2.46425190279271,50.4997291990859,6.85701406283724,162.118173131391,-2.93449098987915,Served,25.4832554726131,Stable,0
550,549,5,SAT-1,Satellite,766617.727441293,160.088860444681,8.88632674954678,31.2731472446489,188.391482363219,2.008021779723,50.5604901415788,8.88632674954678,160.088860444681,8.81683521123341,Served,31.2731472446489,Stable,0
550,549,6,SAT-1,Satellite,770613.661059405,158.82796112989,10.1472260643377,35.0396080851177,188.391482363219,1.79217646028442,50.1446952238941,10.1472260643377,158.82796112989,-15.018462310045,Served,35.0396080851177,Stable,0
551,550,1,BS2,Terrestrial,295.272687326099,90.0758143871178,69.2606460384581,50.992146,893.334270320412,8.75952808811392,49.9662936783523,12.8019183248343,156.173268869394,69.2606460384581,Served,50.992146,Stable,0
551,550,2,BS2,Terrestrial,144.900842099444,126.358256548799,32.9782038767768,50.992146,893.334270320412,8.75952808811392,49.9943702431696,11.5213329991609,157.453854195067,32.9782038767768,Served,50.992146,Stable,0
551,550,3,BS1,Terrestrial,158.603762337124,110.469073864807,48.8673865607688,50.992146,893.334270320412,8.75952808811392,49.9478424250561,8.02710737341198,160.948079820816,48.8673865607688,Served,50.992146,Stable,0
551,550,4,SAT-1,Satellite,771437.828606173,155.61749073455,13.3576964596778,67.5364355188277,188.391482363219,1.3947396017865,50.0617035034976,13.3576964596778,155.61749073455,7.08677812569121,Served,67.5364355188277,Stable,0
551,550,5,BS1,Terrestrial,2496.53115061175,144.915586442536,14.4208739830395,44.4469973087448,893.334270320412,10.0494333072152,50.1218237898608,5.47457648339031,163.500610710838,14.4208739830395,Served,44.4455167736564,InTransition,0.0333101261755124
551,550,6,SAT-1,Satellite,774885.298678641,157.549574042765,11.4256131514634,58.4375270039769,188.391482363219,1.61190498658848,49.7103399111327,11.4256131514634,157.549574042765,-11.2324209525359,Served,58.4375270039769,Stable,0
552,551,1,BS2,Terrestrial,295.272687326099,91.204933326655,68.1315270989209,50.992146,893.334270320412,8.75952808811392,49.5337050384436,9.7490460067973,159.226141187431,68.1315270989209,Served,50.992146,Stable,0
552,551,2,BS2,Terrestrial,144.900842099444,122.819504548428,36.5169558771479,50.992146,893.334270320412,8.75952808811392,49.5614950069075,12.5199701836877,156.45521701054,36.5169558771479,Served,50.992146,Stable,0
552,551,3,BS1,Terrestrial,158.603762337124,103.54041475184,55.7960456737357,50.992146,893.334270320412,8.75952808811392,49.5154439032461,12.1056388056569,156.869548388571,55.7960456737357,Served,50.992146,Stable,0
552,551,4,SAT-1,Satellite,775717.232740582,157.319750339476,11.6554368547517,59.5076507928845,188.391482363219,1.58291816138829,49.6281562071431,11.6554368547517,157.319750339476,5.47348560073729,Served,59.5076507928845,Stable,0
552,551,5,BS1,Terrestrial,2496.53115061175,145.420958622638,13.915501802938,42.96272473958,893.334270320412,10.3966202764767,49.6876413986354,11.6775256632788,157.297661530949,13.915501802938,Served,42.96272473958,Stable,0
552,551,6,SAT-1,Satellite,779195.008046861,156.368566504636,12.6066206895924,63.9734171026136,188.391482363219,1.47242003706819,49.2804336137342,12.6066206895924,156.368566504636,-10.8792912539976,Served,63.9734171026136,Stable,0
553,552,1,BS2,Terrestrial,295.272687326099,89.3219674012494,70.0144930243265,50.992146,893.334270320412,8.75952808811392,49.1055542686941,11.7834424175888,157.191744776639,70.0144930243265,Served,50.992146,Stable,0
553,552,2,BS2,Terrestrial,144.900842099444,111.478974990632,47.8574854349442,50.992146,893.334270320412,8.75952808811392,49.1330598352623,12.871178191407,156.104009002821,47.8574854349442,Served,50.992146,Stable,0
553,552,3,BS1,Terrestrial,158.603762337124,103.325882614369,56.0105778112071,101.984292,893.334270320412,8.75952808811392,49.0874817259632,13.4142000082149,155.560987186013,56.0105778112071,Served,101.984292,Stable,0
553,552,4,SAT-1,Satellite,780034.582513239,162.219986423425,6.75520077080304,25.2034230346873,188.391482363219,2.49161237746603,49.1990535200694,6.75520077080304,162.219986423425,1.948837871275,Served,25.2034230346873,Stable,0
553,552,5,SAT-1,Satellite,779440.076615112,155.044118281868,13.9310689123605,46.850052750924,188.391482363219,1.34038612766559,49.257909276159,13.9310689123605,155.044118281868,-11.403910696763,Served,46.3628249007076,InTransition,10.3997289566919
553,552,6,SAT-1,Satellite,783542.155984442,157.375216373948,11.5999708202805,39.4993645904562,188.391482363219,1.58982711339393,48.8549418253997,11.5999708202805,157.375216373948,-3.1421899812367,Served,39.4993645904562,Stable,0
554,553,1,BS2,Terrestrial,295.272687326099,92.4538440841394,66.8826163414364,33.994764,893.334270320412,8.75952808811392,48.6818063312448,11.7250806943685,157.25010649986,66.8826163414364,Served,33.994764,Stable,0
554,553,2,BS2,Terrestrial,144.900842099444,112.867109285341,46.4693511402351,33.994764,893.334270320412,8.75952808811392,48.7090297526683,13.1630703517479,155.81211684248,46.4693511402351,Served,33.994764,Stable,0
554,553,3,BS1,Terrestrial,158.603762337124,105.554810423129,53.7816500024471,50.992146,893.334270320412,8.75952808811392,48.6639208182192,10.1108591166231,158.864328077605,53.7816500024471,Served,50.992146,Stable,0
554,553,4,BS2,Terrestrial,1289.96390375941,150.921736772612,8.41472365296357,18.2955368678071,893.334270320412,16.2759962857813,48.7743606489295,8.27923032166865,160.695956872559,8.41472365296357,Served,18.2952219755337,InTransition,0.0172114256958314
554,553,5,BS1,Terrestrial,2496.53115061175,144.765809265945,14.570651159631,44.8880810581798,893.334270320412,9.95068456103698,48.8325927188706,13.1669693242695,155.808217869959,14.570651159631,Served,44.886585830536,InTransition,0.0333101261755124
554,553,6,SAT-1,Satellite,787926.117821879,154.230717447562,14.7444697466659,148.367999188398,188.391482363219,1.2697581917513,48.4338290936532,14.7444697466659,154.230717447562,-5.25873872694609,Served,148.367999188398,Stable,0
555,554,1,BS2,Terrestrial,295.272687326099,93.536961404981,65.7994990205949,33.994764,893.334270320412,8.75952808811392,48.2624252801618,10.1088763368773,158.866310857351,65.7994990205949,Served,33.994764,Stable,0
555,554,2,BS2,Terrestrial,144.900842099444,107.357517831393,51.9789425941828,33.994764,893.334270320412,8.75952808811392,48.289368870602,10.3913402559225,158.583846938306,51.9789425941828,Served,33.994764,Stable,0
555,554,3,BS1,Terrestrial,158.603762337124,104.003349533724,55.3331108918522,50.992146,893.334270320412,8.75952808811392,48.2447251999692,10.6707533107465,158.304433883482,55.3331108918522,Served,50.992146,Stable,0
555,554,4,BS2,Terrestrial,1289.96390375941,144.746026144112,14.5904342814636,29.9642531812721,893.334270320412,9.93777780161455,48.3540418740581,7.80725118301618,161.167936011212,14.5904342814636,Served,29.9642531812721,Stable,0
555,554,5,BS1,Terrestrial,2496.53115061175,147.432586441774,11.9038739838021,37.1291336713908,893.334270320412,12.0300984965986,48.4116560887072,10.0871538853548,158.888033308873,11.9038739838021,Served,37.1291336713908,Stable,0
555,554,6,SAT-1,Satellite,792346.277459056,156.181250118026,12.7939370762025,129.718447145852,188.391482363219,1.45231065055378,48.0170590949586,12.7939370762025,156.181250118026,-3.38276477010533,Served,129.718447145852,Stable,0
556,555,1,BS2,Terrestrial,295.272687326099,90.5750930649432,68.7613673606327,50.992146,893.334270320412,8.75952808811392,47.847374334961,14.0055846300955,154.969602564133,68.7613673606327,Served,50.992146,Stable,0
556,555,2,BS2,Terrestrial,144.900842099444,113.684031234042,45.6524291915339,50.992146,893.334270320412,8.75952808811392,47.8740404612908,12.4695561477488,156.505631046479,45.6524291915339,Served,50.992146,Stable,0
556,555,3,BS1,Terrestrial,158.603762337124,99.2763049969395,60.0601554286363,101.984292,893.334270320412,8.75952808811392,47.8298580595273,9.27841091687924,159.696776277349,60.0601554286363,Served,101.984292,Stable,0
556,555,4,SAT-1,Satellite,793208.032959651,155.987380293312,12.9878069009165,43.852020813286,188.391482363219,1.43202433144686,47.9380606237192,12.9878069009165,155.987380293312,8.31490228713992,Served,43.3879160735915,InTransition,10.5834287927237
556,555,5,SAT-1,Satellite,792599.065770939,160.38745311146,8.58773408276821,30.3982763244625,188.391482363219,2.06581320984982,47.9950628876008,8.58773408276821,160.38745311146,1.86515583126686,Served,30.0768053231364,InTransition,10.5753036091514
556,555,6,SAT-1,Satellite,796802.027411829,161.107930923502,7.86725627072636,28.3180358714635,188.391482363219,2.21756766863273,47.6045947070007,7.86725627072636,161.107930923502,-4.90956263650335,Served,28.3180358714635,Stable,0
557,556,1,BS2,Terrestrial,295.272687326099,89.8566327603357,69.4798276652402,50.992146,893.334270320412,8.75952808811392,47.436615951335,10.7081355495413,158.267051644687,69.4798276652402,Served,50.992146,Stable,0
557,556,2,BS2,Terrestrial,144.900842099444,109.545083075189,49.7913773503866,50.992146,893.334270320412,8.75952808811392,47.4630070286207,11.5416630190825,157.433524175146,49.7913773503866,Served,50.992146,Stable,0
557,556,3,BS1,Terrestrial,158.603762337124,108.105442506737,51.2310179188384,101.984292,893.334270320412,8.75952808811392,47.4192818241841,13.1064598274297,155.868727366798,51.2310179188384,Served,101.984292,Stable,0
557,556,4,SAT-1,Satellite,797670.935420965,160.531702395205,8.44348479902359,29.9782149842736,188.391482363219,2.09475983879235,47.5263795455409,8.44348479902359,160.531702395205,1.55584824486306,Served,29.9782149842736,Stable,0
557,556,5,SAT-1,Satellite,797057.311636499,159.809518942435,9.16566825179359,32.0978780128754,188.391482363219,1.95642717448642,47.582775829169,9.16566825179359,159.809518942435,2.85648660471648,Served,32.0978780128754,Stable,0
557,556,6,SAT-1,Satellite,801292.768846533,156.952259701748,12.0229274924799,40.81750666254,188.391482363219,1.53848595669787,47.196398078153,12.0229274924799,156.952259701748,-8.08240181963893,Served,40.81750666254,Stable,0
558,557,1,BS2,Terrestrial,295.272687326099,91.4106160487899,67.9258443767859,50.992146,893.334270320412,8.75952808811392,47.030111889113,8.66228018886153,160.312907005367,67.9258443767859,Served,50.992146,Stable,0
558,557,2,BS2,Terrestrial,144.900842099444,112.455565534758,46.8808948908178,50.992146,893.334270320412,8.75952808811392,47.0562303762768,16.0748024263971,152.900384767831,46.8808948908178,Served,50.992146,Stable,0
558,557,3,BS1,Terrestrial,158.603762337124,96.2305191419231,63.1059412836527,101.984292,893.334270320412,8.75952808811392,47.0129582280591,12.7295742460797,156.245612948148,63.1059412836527,Served,101.984292,Stable,0
558,557,4,SAT-1,Satellite,802168.711580067,156.071100609446,12.9040865847823,43.5873397449599,188.391482363219,1.44072019891971,47.1189605751709,12.9040865847823,156.071100609446,11.2828881676401,Served,43.5873397449599,Stable,0
558,557,5,SAT-1,Satellite,801550.511141534,153.088949610527,15.8862375837013,53.1402303563866,188.391482363219,1.18172541531319,47.174756907633,15.8862375837013,153.088949610527,13.3560761517878,Served,53.1402303563866,Stable,0
558,557,6,SAT-1,Satellite,805817.911603129,161.057304473196,7.91788272103173,28.4627096801579,188.391482363219,2.20629593926249,46.7924306941717,7.91788272103173,161.057304473196,-11.3630113292309,Served,28.4627096801579,Stable,0
559,558,1,BS2,Terrestrial,295.272687326099,86.787545931704,72.5489144938719,50.992146,893.334270320412,8.75952808811392,46.627823277488,9.21067130682505,159.764515887403,72.5489144938719,Served,50.992146,Stable,0
559,558,2,BS2,Terrestrial,144.900842099444,106.66698615804,52.6694742675356,50.992146,893.334270320412,8.75952808811392,46.6536716731464,5.61260842461508,163.362578769613,52.6694742675356,Served,50.992146,Stable,0
559,558,3,BS1,Terrestrial,158.603762337124,107.255274849727,52.0811855758489,101.984292,893.334270320412,8.75952808811392,46.6108483772198,11.3238483158711,157.651338878357,52.0811855758489,Served,101.984292,Stable,0
559,558,4,SAT-1,Satellite,806700.772965769,157.434560942446,11.540626251782,39.3150642554291,188.391482363219,1.59727987164787,46.7157650021824,11.540626251782,157.434560942446,4.19848938359044,Served,39.3150642554291,Stable,0
559,558,5,SAT-1,Satellite,806078.074626561,156.770972952997,12.2042142412314,41.3848528290003,188.391482363219,1.51739480740003,46.7709674639891,12.2042142412314,156.770972952997,3.65802546402711,Served,41.3848528290003,Stable,0
559,558,6,SAT-1,Satellite,810376.87420758,155.575944911156,13.3992422830722,45.1562412668249,188.391482363219,1.39066403726288,46.3926534421525,13.3992422830722,155.575944911156,-6.0722926429726,Served,45.1562412668249,Stable,0
560,559,1,BS2,Terrestrial,295.272687326099,94.9352347014588,64.4012257241171,50.992146,893.334270320412,8.75952808811392,46.2297106775505,11.4606564636996,157.514530730529,64.4012257241171,Served,50.992146,Stable,0
560,559,2,BS2,Terrestrial,144.900842099444,109.213793275716,50.1226671498599,50.992146,893.334270320412,8.75952808811392,46.2552915160273,16.4281960033838,152.546991190844,50.1226671498599,Served,50.992146,Stable,0
560,559,3,BS1,Terrestrial,158.603762337124,103.967664638057,55.3687957875184,50.992146,893.334270320412,8.75952808811392,46.21291281211,12.0382013166448,156.936985877583,55.3687957875184,Served,50.992146,Stable,0
560,559,4,SAT-1,Satellite,811266.539795568,157.214965729867,11.7602214643607,59.9967714467204,188.391482363219,1.57001350089744,46.3167535332736,11.7602214643607,157.214965729867,10.6492846773863,Served,59.9967714467204,Stable,0
560,559,5,BS1,Terrestrial,2496.53115061175,148.073194300333,11.2632661252424,35.302529953065,893.334270320412,12.652553110331,46.3713682494753,10.034574376252,158.940612817976,11.2632661252424,Served,35.3013540213379,InTransition,0.0333101261755124
560,559,6,SAT-1,Satellite,814969.083874136,158.589105344309,10.3860818499195,53.647285295606,188.391482363219,1.75583425447484,45.9970266717984,10.3860818499195,158.589105344309,-2.8832454185916,Served,53.647285295606,Stable,0
561,560,1,BS2,Terrestrial,295.272687326099,95.302926061781,64.0335343637949,50.992146,893.334270320412,8.75952808811392,45.8357341421734,10.7819312697786,158.193255924449,64.0335343637949,Served,50.992146,Stable,0
561,560,2,BS2,Terrestrial,144.900842099444,119.536933640379,39.7995267851968,50.992146,893.334270320412,8.75952808811392,45.8610499896841,10.6087301981329,158.366456996095,39.7995267851968,Served,50.992146,Stable,0
561,560,3,BS1,Terrestrial,158.603762337124,103.566154394241,55.7703060313348,50.992146,893.334270320412,8.75952808811392,45.8191115673299,12.2345496790537,156.740637515174,55.7703060313348,Served,50.992146,Stable,0
561,560,4,SAT-1,Satellite,815865.440975933,159.577341657897,9.39784553633089,49.1816283942964,188.391482363219,1.91526275678446,45.921886352801,9.39784553633089,159.577341657897,8.07625714914005,Served,49.1816283942964,Stable,0
561,560,5,BS1,Terrestrial,2496.53115061175,142.997393987058,16.3390664385179,50.1306413942128,893.334270320412,8.91006224412222,45.9759194863743,9.83993673406644,159.135250460162,16.3390664385179,Served,50.1306413942128,Stable,0
561,560,6,SAT-1,Satellite,819593.976498066,166.204815325471,2.77037186875748,22.9847967303264,188.391482363219,4.09817595025004,45.6055102540445,2.77037186875748,166.204815325471,-8.49656084262358,Served,22.9847967303264,Stable,0
562,561,1,BS2,Terrestrial,295.272687326099,89.9090648639147,69.4273955616612,33.994764,893.334270320412,8.75952808811392,45.4458532732972,9.87031505468323,159.104872139545,69.4273955616612,Served,33.994764,Stable,0
562,561,2,BS2,Terrestrial,144.900842099444,109.512752789979,49.8237076355967,33.994764,893.334270320412,8.75952808811392,45.4709067243001,9.15937734544201,159.815809848786,49.8237076355967,Served,33.994764,Stable,0
562,561,3,BS1,Terrestrial,158.603762337124,100.864844494319,58.471615931257,50.992146,893.334270320412,8.75952808811392,45.4294042288184,3.43428290624519,165.540904287983,58.471615931257,Served,50.992146,Stable,0
562,561,4,BS2,Terrestrial,1289.96390375941,147.302310412154,12.0341500134218,25.0017839047283,893.334270320412,11.9102737325271,45.5311231806975,1.99531265203009,166.979874542198,12.0341500134218,Served,25.0013535883824,InTransition,0.0172114256958314
562,561,5,BS1,Terrestrial,2496.53115061175,146.264983192119,13.0714772334569,40.4992113194795,893.334270320412,11.0290329270034,45.5845809262,11.7690248723088,157.206162321919,13.0714772334569,Served,40.4992113194795,Stable,0
562,561,6,SAT-1,Satellite,824250.99663949,165.497321157352,3.47786603687609,50.7103732074263,188.391482363219,3.7150482326884,45.2180636370949,3.47786603687609,165.497321157352,-9.71994186697543,Served,50.7103732074263,Stable,0
563,562,1,BS2,Terrestrial,295.272687326099,91.1789769465059,68.15748347907,50.992146,893.334270320412,8.75952808811392,45.0600272766664,9.9619003325131,159.013286861715,68.15748347907,Served,50.992146,Stable,0
563,562,2,BS2,Terrestrial,144.900842099444,106.682188926529,52.6542714990473,50.992146,893.334270320412,8.75952808811392,45.0848209503786,14.7719667346958,154.203220459532,52.6542714990473,Served,50.992146,Stable,0
563,562,3,BS1,Terrestrial,158.603762337124,103.625380587284,55.7110798382918,50.992146,893.334270320412,8.75952808811392,45.0437499884883,6.29826253222782,162.676924662,55.7110798382918,Served,50.992146,Stable,0
563,562,4,SAT-1,Satellite,825160.405395693,156.630377233356,12.3448099608716,62.7386758718608,188.391482363219,1.50139829814064,45.1444233278255,12.3448099608716,156.630377233356,7.54620452408901,Served,62.0479383988532,InTransition,11.0097553607662
563,562,5,BS1,Terrestrial,2496.53115061175,145.135254791295,14.2012056342812,43.8010526516738,893.334270320412,10.1976347169624,45.1973119053183,8.46500954092591,160.510177653302,14.2012056342812,Served,43.8010526516738,Stable,0
563,562,6,SAT-1,Satellite,828939.597498818,158.595466759138,10.3797204350899,53.6182459219953,188.391482363219,1.75678520551841,44.8346458999251,10.3797204350899,158.595466759138,-1.74163894096978,Served,53.6182459219953,Stable,0
564,563,1,BS2,Terrestrial,295.272687326099,88.7122822647482,70.6241781608277,50.992146,893.334270320412,8.75952808811392,44.6782150140738,10.5512969207981,158.42389027343,70.6241781608277,Served,50.992146,Stable,0
564,563,2,BS2,Terrestrial,144.900842099444,116.672019583878,42.6644408416978,50.992146,893.334270320412,8.75952808811392,44.7027515511469,6.37991079719328,162.595276397035,42.6644408416978,Served,50.992146,Stable,0
564,563,3,BS1,Terrestrial,158.603762337124,103.153086222622,56.1833742029538,50.992146,893.334270320412,8.75952808811392,44.6621076963718,8.29844532876726,160.676741865461,56.1833742029538,Served,50.992146,Stable,0
564,563,4,SAT-1,Satellite,829855.369767437,156.751516696643,12.2236704975847,62.1687345992023,188.391482363219,1.5151625940094,44.7617457488211,12.2236704975847,156.751516696643,9.49723962409902,Served,62.1687345992023,Stable,0
564,563,5,BS1,Terrestrial,2496.53115061175,146.388991584344,12.9474688412315,40.1390557684868,893.334270320412,11.1279930882401,44.8140713980558,8.8015973762046,160.173589818024,12.9474688412315,Served,40.1390557684868,Stable,0
564,563,6,SAT-1,Satellite,833659.240884392,156.341112062134,12.6340751320939,64.1031249593929,188.391482363219,1.46944070575778,44.45521580331,12.6340751320939,156.341112062134,-9.51231186753546,Served,64.1031249593929,Stable,0
565,564,1,BS2,Terrestrial,295.272687326099,90.6944766848772,68.6419837406986,50.992146,893.334270320412,8.75952808811392,44.3003750531696,9.13444037875701,159.840746815471,68.6419837406986,Served,50.992146,Stable,0
565,564,2,BS2,Terrestrial,144.900842099444,113.02145127253,46.3150091530462,50.992146,893.334270320412,8.75952808811392,44.3246571125223,13.4033576995728,155.571829494655,46.3150091530462,Served,50.992146,Stable,0
565,564,3,BS1,Terrestrial,158.603762337124,113.357510313766,45.9789501118097,101.984292,893.334270320412,8.75952808811392,44.2844359103331,11.6646455722439,157.310541621984,45.9789501118097,Served,101.984292,Stable,0
565,564,4,SAT-1,Satellite,834581.270694391,158.175883068512,10.7993041257161,37.0273711108834,188.391482363219,1.69596595447419,44.3830490924863,10.7993041257161,158.175883068512,3.21553773194381,Served,37.0273711108834,Stable,0
565,564,5,SAT-1,Satellite,833933.172381794,158.565298375278,10.4098888189498,35.8373292674939,188.391482363219,1.75228350078809,44.4348180673554,10.4098888189498,158.565298375278,9.35442124296486,Served,35.4385742369623,InTransition,11.1268065640503
565,564,6,SAT-1,Satellite,838409.397172826,160.573444907982,8.40174228624616,29.8569819119031,188.391482363219,2.10326552673779,44.079731838438,8.40174228624616,160.573444907982,-7.67574081327189,Served,29.8569819119031,Stable,0
566,565,1,BS2,Terrestrial,295.272687326099,92.4976958432468,66.838764582329,50.992146,893.334270320412,8.75952808811392,43.9264657148985,11.2866929603233,157.688494233905,66.838764582329,Served,50.992146,Stable,0
566,565,2,BS2,Terrestrial,144.900842099444,112.221806756565,47.1146536690108,50.992146,893.334270320412,8.75952808811392,43.9504959707014,8.8685915051019,160.106595689126,47.1146536690108,Served,50.992146,Stable,0
566,565,3,BS1,Terrestrial,158.603762337124,99.6114843322607,59.7249760933152,101.984292,893.334270320412,8.75952808811392,43.9106929434098,9.37966157931655,159.595525614912,59.7249760933152,Served,101.984292,Stable,0
566,565,4,SAT-1,Satellite,839337.580223292,156.031934018543,12.9432531756851,43.7111339084654,188.391482363219,1.43663993982041,44.0082917497923,12.9432531756851,156.031934018543,-2.90192542924029,Served,43.7111339084654,Stable,0
566,565,5,SAT-1,Satellite,838685.502163006,154.871624669652,14.1035625245766,47.4012082164585,188.391482363219,1.32480084686819,44.0595103130369,14.1035625245766,154.871624669652,0.327976643455713,Served,47.4012082164585,Stable,0
566,565,6,SAT-1,Satellite,843189.545262558,160.52131963057,8.45386756365815,30.0083924295272,188.391482363219,2.09265327808595,43.7081522731744,8.45386756365815,160.52131963057,-9.76433480969877,Served,30.0083924295272,Stable,0
567,566,1,BS2,Terrestrial,295.272687326099,88.4264687890093,70.9099916365666,50.992146,893.334270320412,8.75952808811392,43.5564451186225,12.0252485953734,156.949938598855,70.9099916365666,Served,50.992146,Stable,0
567,566,2,BS2,Terrestrial,144.900842099444,118.509632053947,40.8268283716289,50.992146,893.334270320412,8.75952808811392,43.580226257431,12.0766028406378,156.89858435359,40.8268283716289,Served,50.992146,Stable,0
567,566,3,BS1,Terrestrial,158.603762337124,95.454710852101,63.8817495734749,101.984292,893.334270320412,8.75952808811392,43.5408369088448,14.0169705466699,154.958216647558,63.8817495734749,Served,101.984292,Stable,0
567,566,4,SAT-1,Satellite,844123.778913912,155.125326452,13.8498607422276,46.5908671106074,188.391482363219,1.34784271429545,43.6374318995511,13.8498607422276,155.125326452,9.24403006008745,Served,46.5908671106074,Stable,0
567,566,5,SAT-1,Satellite,843467.790451166,159.466271612246,9.50891558198245,33.1191351072946,188.391482363219,1.89609905525305,43.6881063177236,9.50891558198245,159.466271612246,7.7730211941944,Served,33.1191351072946,Stable,0
567,566,6,SAT-1,Satellite,847999.172521107,163.775519006624,5.19966818760372,21.0804204984901,188.391482363219,2.97893302423628,43.3404351960376,5.19966818760372,163.775519006624,-8.77382383824073,Served,21.0804204984901,Stable,0
568,567,1,BS2,Terrestrial,295.272687326099,91.7402320333924,67.5962283921834,33.994764,893.334270320412,8.75952808811392,43.1902712249987,12.4133853390733,156.561801855155,67.5962283921834,Served,33.994764,Stable,0
568,567,2,BS2,Terrestrial,144.900842099444,108.81794884608,50.5185115794955,33.994764,893.334270320412,8.75952808811392,43.2138059430299,10.3905327885623,158.584654405666,50.5185115794955,Served,33.994764,Stable,0
568,567,3,BS1,Terrestrial,158.603762337124,110.771170899488,48.5652895260881,101.984292,893.334270320412,8.75952808811392,43.1748257628735,5.31292626972669,163.662260924501,48.5652895260881,Served,101.984292,Stable,0
568,567,4,BS2,Terrestrial,1289.96390375941,149.385711259691,9.9507491658847,21.0807431812918,893.334270320412,14.1255973542275,43.2704275518255,4.35948889197738,164.615698302251,9.9507491658847,Served,21.0803803516469,InTransition,0.0172114256958314
568,567,5,SAT-1,Satellite,848279.525116809,158.602372913944,10.3728142802839,53.58672389386,188.391482363219,1.75781862254136,43.320564090501,10.3728142802839,158.602372913944,6.09725470458994,Served,53.58672389386,Stable,0
568,567,6,SAT-1,Satellite,852837.774726501,160.813902659155,8.16128453507338,43.7422715025853,188.391482363219,2.15342591836005,42.9765385579545,8.16128453507338,160.813902659155,-2.33508241897653,Served,43.7422715025853,Stable,0
569,568,1,BS2,Terrestrial,295.272687326099,90.3587488694015,68.9777115561743,33.994764,893.334270320412,8.75952808811392,42.8279018766714,8.55265189147204,160.422535302756,68.9777115561743,Served,33.994764,Stable,0
569,568,2,BS2,Terrestrial,144.900842099444,118.475277281711,40.8611831438647,33.994764,893.334270320412,8.75952808811392,42.8511928772214,10.3041273371553,158.671059857073,40.8611831438647,Served,33.994764,Stable,0
569,568,3,BS1,Terrestrial,158.603762337124,102.974341318369,56.3621191072073,50.992146,893.334270320412,8.75952808811392,42.8126173453292,1.89649634934798,167.07869084488,56.3621191072073,Served,50.992146,Stable,0
569,568,4,BS2,Terrestrial,1289.96390375941,146.307087386802,13.0293730387741,26.9179159670047,893.334270320412,11.0624496514445,42.9072365891359,7.70233046616119,161.272856728067,13.0293730387741,Served,26.9179159670047,Stable,0
569,568,5,BS1,Terrestrial,2496.53115061175,143.120833882816,16.2156265427597,49.7628743958385,893.334270320412,8.97591106991117,42.956841508368,11.8732558101795,157.101931384049,16.2156265427597,Served,49.7612167882135,InTransition,0.0333101261755124
569,568,6,SAT-1,Satellite,857704.856003312,162.579864252589,6.39532294163863,72.6707032291051,188.391482363219,2.59239933002006,42.6164202118606,6.39532294163863,162.579864252589,-18.8431492008571,Served,72.6707032291051,Stable,0
570,569,1,BS2,Terrestrial,295.272687326099,92.2828405415162,67.0536198840597,33.994764,893.334270320412,8.75952808811392,42.469294836851,13.5184616366709,155.456725557557,67.0536198840597,Served,33.994764,Stable,0
570,569,2,BS2,Terrestrial,144.900842099444,110.391214964831,48.9452454607452,33.994764,893.334270320412,8.75952808811392,42.4923448278465,10.7460761354798,158.229111058748,48.9452454607452,Served,33.994764,Stable,0
570,569,3,BS1,Terrestrial,158.603762337124,113.450978506988,45.8854819185879,50.992146,893.334270320412,8.75952808811392,42.4541694181367,10.993977677339,157.981209516889,45.8854819185879,Served,50.992146,Stable,0
570,569,4,BS2,Terrestrial,1289.96390375941,149.053890375809,10.2825700497672,21.6954848603738,893.334270320412,13.7253484779539,42.5478168055367,-5.007045568758,173.982232762986,10.2825700497672,Served,21.6954848603738,Stable,0
570,569,5,BS1,Terrestrial,2496.53115061175,146.919305861233,12.4171545643429,38.6046323461029,893.334270320412,11.5702988997717,42.5968963555511,8.22912695794,160.746060236288,12.4171545643429,Served,38.6046323461029,Stable,0
570,569,6,SAT-1,Satellite,862599.928753723,158.34395158826,10.6312356059677,109.538137987205,188.391482363219,1.71987114100135,42.2600379502135,10.6312356059677,158.34395158826,-11.0089026306133,Served,109.538137987205,Stable,0
571,570,1,BS2,Terrestrial,295.272687326099,89.7506756609728,69.585784764603,50.992146,893.334270320412,8.75952808811392,42.1144078258392,6.78370748885408,162.191479705374,69.585784764603,Served,50.992146,Stable,0
571,570,2,BS2,Terrestrial,144.900842099444,111.645248461356,47.69121196422,50.992146,893.334270320412,8.75952808811392,42.137219517521,11.4184758552678,157.55671133896,47.69121196422,Served,50.992146,Stable,0
571,570,3,BS1,Terrestrial,158.603762337124,97.425338033063,61.9111223925128,50.992146,893.334270320412,8.75952808811392,42.099439701756,5.81876410724718,163.156423086981,61.9111223925128,Served,50.992146,Stable,0
571,570,4,SAT-1,Satellite,863557.371265362,155.655432789193,13.3197544050355,67.3557506209986,188.391482363219,1.39848105489367,42.1921259436225,13.3197544050355,155.655432789193,7.10208592151591,Served,66.5796729927098,InTransition,11.522069327913
571,570,5,BS1,Terrestrial,2496.53115061175,142.294052414671,17.0424080109051,50.992146,893.334270320412,8.75952808811392,42.240686360743,9.3556313779867,159.619555816241,17.0424080109051,Served,50.992146,Stable,0
571,570,6,SAT-1,Satellite,867522.51358409,160.170949409529,8.80423778469947,46.5478853963048,188.391482363219,2.02363094219285,41.9073495404854,8.80423778469947,160.170949409529,-2.18321326954845,Served,46.5478853963048,Stable,0
572,571,1,BS2,Terrestrial,295.272687326099,89.5786023013091,69.7578581242668,101.984292,893.334270320412,8.75952808811392,41.7631985555726,12.5360241479332,156.439163046295,69.7578581242668,Served,101.984292,Stable,0
572,571,2,BS1,Terrestrial,565.376556244471,122.222269654743,37.1141907708332,50.992146,893.334270320412,8.75952808811392,41.7857746583058,5.08223545026675,163.892951743961,37.1141907708332,Served,50.9917613370356,InTransition,0.00754357277719736
572,571,3,BS1,Terrestrial,158.603762337124,102.061509776601,57.2749506489748,50.992146,893.334270320412,8.75952808811392,41.7483859096465,5.30897688722612,163.666210307002,57.2749506489748,Served,50.992146,Stable,0
572,571,4,SAT-1,Satellite,868485.518029811,154.223581551481,14.7516056427467,49.4789360290718,188.391482363219,1.26916958664678,41.8401217295358,14.7516056427467,154.223581551481,2.90001404474086,Served,49.4789360290718,Stable,0
572,571,5,SAT-1,Satellite,867810.977870181,157.186389663521,11.7887975307076,40.08685967289,188.391482363219,1.56652731843218,41.8881692323359,11.7887975307076,157.186389663521,9.8202095169014,Served,39.6227010062637,InTransition,11.5788233454516
572,571,6,SAT-1,Satellite,872472.139227263,159.939523858376,9.03566333585167,31.7133165524344,188.391482363219,1.9801511672206,41.5583127587035,9.03566333585167,159.939523858376,-18.111813160607,Served,31.7133165524344,Stable,0
573,572,1,BS2,Terrestrial,295.272687326099,94.3683241745646,64.9681362510113,33.994764,893.334270320412,8.75952808811392,41.4156247622499,10.3640629955901,158.611124198638,64.9681362510113,Served,33.994764,Stable,0
573,572,2,BS2,Terrestrial,144.900842099444,112.314137572164,47.0223228534121,33.994764,893.334270320412,8.75952808811392,41.4379679844561,3.47110365667962,165.504083537548,47.0223228534121,Served,33.9946982762661,InTransition,0.00193334873153406
573,572,3,BS1,Terrestrial,158.603762337124,107.636793809977,51.6996666155987,50.992146,893.334270320412,8.75952808811392,41.400965780817,8.97750724961514,159.997679944613,51.6996666155987,Served,50.992146,Stable,0
573,572,4,BS2,Terrestrial,1289.96390375941,149.82672263236,9.50973779321615,20.2704139503105,893.334270320412,14.6902816507229,41.491761906041,3.6770752191953,165.298111975033,9.50973779321615,Served,20.270065067587,InTransition,0.0172114256958314
573,572,5,BS1,Terrestrial,2496.53115061175,142.345501189993,16.990959235583,50.992146,893.334270320412,8.75952808811392,41.539302691715,1.08746432944295,167.887722864785,16.990959235583,Served,50.9904474451828,InTransition,0.0333101261755124
573,572,6,SAT-1,Satellite,877448.34246119,157.480055528526,11.4951316657024,117.52166401152,188.391482363219,1.60303620568844,41.2128854211052,11.4951316657024,157.480055528526,-3.26290048780982,Served,117.52166401152,Stable,0
574,573,1,BS2,Terrestrial,295.272687326099,92.5990006275345,66.7374597980414,50.992146,893.334270320412,8.75952808811392,41.0716442371072,10.5048312245184,158.47035596971,66.7374597980414,Served,50.992146,Stable,0
574,573,2,BS2,Terrestrial,144.900842099444,116.710649150598,42.6258112749774,50.992146,893.334270320412,8.75952808811392,41.0937572833146,13.9703771155979,155.00481007863,42.6258112749774,Served,50.992146,Stable,0
574,573,3,BS1,Terrestrial,158.603762337124,106.523054995943,52.8134054296328,101.984292,893.334270320412,8.75952808811392,41.0571371105269,9.17637140356672,159.798815790661,52.8134054296328,Served,101.984292,Stable,0
574,573,4,SAT-1,Satellite,878422.193588245,163.03490620111,5.9402809931178,23.0062262261166,188.391482363219,2.72957242837386,41.1470042637309,5.9402809931178,163.03490620111,5.75526251172661,Served,22.7365839563603,InTransition,11.7204041682496
574,573,5,SAT-1,Satellite,877740.678726889,157.441161909088,11.5340252851401,39.2945744710785,188.391482363219,1.59811275813559,41.1940445046772,11.5340252851401,157.441161909088,7.36717864989814,Served,38.834383488335,InTransition,11.7113110127259
574,573,6,SAT-1,Satellite,882450.668024048,161.671470611003,7.30371658322494,26.7240626752282,188.391482363219,2.34983585957344,40.8710254139736,7.30371658322494,161.671470611003,-12.6424289216895,Served,26.7240626752282,Stable,0
575,574,1,BS2,Terrestrial,295.272687326099,89.6215640784814,69.7148963470945,50.992146,893.334270320412,8.75952808811392,40.7312148554102,11.9113414461956,157.063845748032,69.7148963470945,Served,50.992146,Stable,0
575,574,2,BS2,Terrestrial,144.900842099444,112.250239256931,47.0862211686449,50.992146,893.334270320412,8.75952808811392,40.7531004244184,3.34635693167641,165.628830262552,47.0862211686449,Served,50.992146,Stable,0
575,574,3,BS1,Terrestrial,158.603762337124,102.72512815505,56.6113322705262,50.992146,893.334270320412,8.75952808811392,40.7168577792074,1.06394684544472,167.911240348783,56.6113322705262,Served,50.992146,Stable,0
575,574,4,SAT-1,Satellite,883429.807022346,158.567290867086,10.4078963271417,53.7468937733576,188.391482363219,1.75258018777454,40.8058066704332,10.4078963271417,158.567290867086,5.93548748156374,Served,53.7468937733576,Stable,0
575,574,5,BS1,Terrestrial,2496.53115061175,148.005204852992,11.3312555725837,35.495548030553,893.334270320412,12.5837509192909,40.8523525110446,5.98996912366292,162.985218070565,11.3312555725837,Served,35.4943656693694,InTransition,0.0333101261755124
575,574,6,SAT-1,Satellite,887478.668526262,161.397620770054,7.57756642417411,41.24221447124,188.391482363219,2.28396419516454,40.5326907217219,7.57756642417411,161.397620770054,-8.05209847459625,Served,41.24221447124,Stable,0
576,575,1,BS2,Terrestrial,295.272687326099,93.2414345464088,66.095025879167,50.992146,893.334270320412,8.75952808811392,40.3942946037289,10.2096983215559,158.765488872672,66.095025879167,Served,50.992146,Stable,0
576,575,2,BS2,Terrestrial,144.900842099444,115.41814554143,43.9183148841458,50.992146,893.334270320412,8.75952808811392,40.4159553868821,11.8588811347547,157.116306059473,43.9183148841458,Served,50.992146,Stable,0
576,575,3,BS1,Terrestrial,158.603762337124,98.9487980218853,60.3876624036906,50.992146,893.334270320412,8.75952808811392,40.3800857796665,14.9518957471206,154.023291447108,60.3876624036906,Served,50.992146,Stable,0
576,575,4,SAT-1,Satellite,888463.007137723,158.43854385922,10.5366433350084,54.335618377018,188.391482363219,1.73359104019051,40.4681270988843,10.5366433350084,158.43854385922,3.50448059851843,Served,54.335618377018,Stable,0
576,575,5,BS1,Terrestrial,2496.53115061175,146.588440141841,12.7480202837345,39.5608468515633,893.334270320412,11.290636341435,40.5141846525355,9.62612254436274,159.349064649865,12.7480202837345,Served,39.5608468515633,Stable,0
576,575,6,SAT-1,Satellite,892531.904359746,160.706905294922,8.26828189930586,44.2055454520677,188.391482363219,2.13085802286381,40.1978394532922,8.26828189930586,160.706905294922,-15.9318109121458,Served,44.2055454520677,Stable,0
577,576,1,BS2,Terrestrial,295.272687326099,90.104801890573,69.2316585350029,33.994764,893.334270320412,8.75952808811392,40.0608416055572,13.9332541514789,155.041933042749,69.2316585350029,Served,33.994764,Stable,0
577,576,2,BS2,Terrestrial,144.900842099444,113.509209730923,45.8272506946531,33.994764,893.334270320412,8.75952808811392,40.0822802851236,7.9532151587141,161.021972035514,45.8272506946531,Served,33.994764,Stable,0
577,576,3,BS1,Terrestrial,158.603762337124,102.686094703682,56.650365721894,50.992146,893.334270320412,8.75952808811392,40.046779242643,10.632024544664,158.343162649564,56.650365721894,Served,50.992146,Stable,0
577,576,4,BS2,Terrestrial,1289.96390375941,147.498581197555,11.8378792280206,24.6267758672951,893.334270320412,12.0916392674146,40.1339236527315,1.32088474725484,167.654302446973,11.8378792280206,Served,24.6263520053721,InTransition,0.0172114256958314
577,576,5,BS1,Terrestrial,2496.53115061175,150.457732704274,8.87872772130169,28.688229773281,893.334270320412,15.5697001414919,40.1794989989602,5.42687253976499,163.548314654463,8.87872772130169,Served,28.688229773281,Stable,0
577,576,6,SAT-1,Satellite,897609.943604664,166.200381154462,2.77480603976625,45.9985111457799,188.391482363219,4.09559956769388,39.8664298669305,2.77480603976625,166.200381154462,-14.913871442231,Served,45.9985111457799,Stable,0
578,577,1,BS2,Terrestrial,295.272687326099,91.2782531917719,68.058207233804,50.992146,893.334270320412,8.75952808811392,39.7308141453445,9.85096442199574,159.124222772232,68.058207233804,Served,50.992146,Stable,0
578,577,2,BS2,Terrestrial,144.900842099444,109.915187818193,49.4212726073825,50.992146,893.334270320412,8.75952808811392,39.7520333929963,9.62333459675176,159.351852597476,49.4212726073825,Served,50.992146,Stable,0
578,577,3,BS1,Terrestrial,158.603762337124,103.284436395468,56.0520240301083,101.984292,893.334270320412,8.75952808811392,39.7168964607739,13.9039119968471,155.071275197381,56.0520240301083,Served,101.984292,Stable,0
578,577,4,SAT-1,Satellite,898604.422728111,156.575442231673,12.3997449625553,41.9982840670368,188.391482363219,1.49523158345003,39.8031545909321,12.3997449625553,156.575442231673,7.26666584248537,Served,41.4947377929056,InTransition,11.9896868483344
578,577,5,SAT-1,Satellite,897909.675390143,158.49217848718,10.4830087070477,36.0601250257976,188.391482363219,1.74145710096163,39.8482537728049,10.4830087070477,158.49217848718,-2.0953429173772,Served,35.6281096859528,InTransition,11.9804171376472
578,577,6,SAT-1,Satellite,902712.361933973,157.164569896769,11.8106172974595,40.1548509248325,188.391482363219,1.56387483308784,39.5384203934064,11.8106172974595,157.164569896769,-10.0507186412832,Served,40.1548509248325,Stable,0
579,578,1,BS2,Terrestrial,295.272687326099,89.5068287678398,69.8296316577361,33.994764,893.334270320412,8.75952808811392,39.4041706909996,8.32752998682869,160.647657207399,69.8296316577361,Served,33.994764,Stable,0
579,578,2,BS2,Terrestrial,144.900842099444,111.900514897011,47.4359455285652,33.994764,893.334270320412,8.75952808811392,39.4251731663906,12.5307736136045,156.444413580624,47.4359455285652,Served,33.994764,Stable,0
579,578,3,BS1,Terrestrial,158.603762337124,104.778284265774,54.5581761598022,101.984292,893.334270320412,8.75952808811392,39.3903959110372,11.6129833846518,157.362203809576,54.5581761598022,Served,101.984292,Stable,0
579,578,4,BS2,Terrestrial,1289.96390375941,149.912768673567,9.42369175200858,20.113250552976,893.334270320412,14.805070384943,39.4757783506107,5.65071901677553,163.324468177453,9.42369175200858,Served,20.1129043752586,InTransition,0.0172114256958314
579,578,5,SAT-1,Satellite,903013.872751217,159.323208730765,9.65197846346311,50.3208403007209,188.391482363219,1.87190318402254,39.5204073722663,9.65197846346311,159.323208730765,7.2679618318669,Served,50.3208403007209,Stable,0
579,578,6,SAT-1,Satellite,907838.742516021,159.458011870547,9.51717532368133,49.7157191960468,188.391482363219,1.89468728814245,39.2137696577358,9.51717532368133,159.458011870547,-12.1347360187676,Served,49.7157191960468,Stable,0
580,579,1,BS2,Terrestrial,295.272687326099,89.2865732143828,70.0498872111931,50.992146,893.334270320412,8.75952808811392,39.0808699149303,10.578491087807,158.396696106421,70.0498872111931,Served,50.992146,Stable,0
580,579,2,BS2,Terrestrial,144.900842099444,119.736674026352,39.5997863992243,50.992146,893.334270320412,8.75952808811392,39.1016582643662,8.60143300002014,160.373754194208,39.5997863992243,Served,50.992146,Stable,0
580,579,3,BS1,Terrestrial,158.603762337124,97.9092233168579,61.4272371087179,101.984292,893.334270320412,8.75952808811392,39.0672362757325,7.51366432577532,161.461522868453,61.4272371087179,Served,101.984292,Stable,0
580,579,4,SAT-1,Satellite,908843.027116692,159.2177039194,9.75748327482788,33.8638190607681,188.391482363219,1.85440279712843,39.1517535684356,9.75748327482788,159.2177039194,3.03977777923399,Served,33.4531763644142,InTransition,12.1262960806932
580,579,5,SAT-1,Satellite,908142.005346947,158.16110825256,10.8140789416678,37.0726884561998,188.391482363219,1.69389281982968,39.1959183928007,10.8140789416678,158.16110825256,8.69365439274546,Served,37.0726884561998,Stable,0
580,579,6,SAT-1,Satellite,912988.675915504,161.277072849573,7.69811434465504,27.8364112709791,188.391482363219,2.2559359457808,38.8924364994703,7.69811434465504,161.277072849573,-12.8076225245878,Served,27.8364112709791,Stable,0
581,580,1,BS2,Terrestrial,295.272687326099,89.3220518098011,70.0144086157748,50.992146,893.334270320412,8.75952808811392,38.7608707136798,4.2246914160221,164.750495778206,70.0144086157748,Served,50.992146,Stable,0
581,580,2,BS2,Terrestrial,144.900842099444,112.979363425747,46.3570969998284,50.992146,893.334270320412,8.75952808811392,38.7814475688786,9.2511763840036,159.724010810225,46.3570969998284,Served,50.992146,Stable,0
581,580,3,BS1,Terrestrial,158.603762337124,101.495603513508,57.840856912068,50.992146,893.334270320412,8.75952808811392,38.7473764620616,11.8085299362954,157.166657257933,57.840856912068,Served,50.992146,Stable,0
581,580,4,SAT-1,Satellite,913997.741265548,170.848622000586,-1.87343480635795,10.8319496638785,188.391482363219,8.6961021888539,38.8310391005799,-1.87343480635795,170.848622000586,-2.78648516516549,Served,10.8319496638785,Stable,0
581,580,5,BS1,Terrestrial,2496.53115061175,143.178459418695,16.1580010068808,49.5912725830609,893.334270320412,9.00697061992266,38.8747456472492,10.1207146588158,158.854472535412,16.1580010068808,Served,49.589620691514,InTransition,0.0333101261755124
581,580,6,SAT-1,Satellite,918161.759992929,160.992388507935,7.98279868629328,42.9728420927254,188.391482363219,2.19198304311259,38.5743799916145,7.98279868629328,160.992388507935,-13.8692201308918,Served,42.9728420927254,Stable,0
582,581,1,BS2,Terrestrial,295.272687326099,88.7600308234051,70.5764296021708,50.992146,893.334270320412,8.75952808811392,38.4441322262167,6.9443613063851,162.030825887843,70.5764296021708,Served,50.992146,Stable,0
582,581,2,BS2,Terrestrial,144.900842099444,128.535848219792,30.8006122057843,50.992146,893.334270320412,8.75952808811392,38.4645002031536,8.90706942273147,160.068117771497,30.8006122057843,Served,50.992146,Stable,0
582,581,3,BS1,Terrestrial,158.603762337124,106.156178893329,53.1802815322466,50.992146,893.334270320412,8.75952808811392,38.430775620364,13.6778468672672,155.297340326961,53.1802815322466,Served,50.992146,Stable,0
582,581,4,SAT-1,Satellite,919175.526673777,159.34203730949,9.63314988473786,50.2362086967427,188.391482363219,1.87505672950429,38.5135940413202,9.63314988473786,159.34203730949,5.83852658809047,Served,50.2362086967427,Stable,0
582,581,5,BS1,Terrestrial,2496.53115061175,142.411257902557,16.9252025230187,50.992146,893.334270320412,8.75952808811392,38.5568481845942,7.686465328856,161.288721865372,16.9252025230187,Served,50.992146,Stable,0
582,581,6,SAT-1,Satellite,923357.59980289,161.019428932171,7.95575826205723,42.8566487337934,188.391482363219,2.19792596865685,38.2595594582269,7.95575826205723,161.019428932171,-17.6907919024511,Served,42.8566487337934,Stable,0
583,582,1,BS2,Terrestrial,295.272687326099,89.937757348102,69.3987030774739,33.994764,893.334270320412,8.75952808811392,38.1306138509395,10.9533347915802,158.021852402648,69.3987030774739,Served,33.994764,Stable,0
583,582,2,BS2,Terrestrial,144.900842099444,111.896056823718,47.4404036018581,33.994764,893.334270320412,8.75952808811392,38.1507755487742,10.6988180026941,158.276369191534,47.4404036018581,Served,33.994764,Stable,0
583,582,3,BS1,Terrestrial,158.603762337124,99.2689575479249,60.0675028776509,50.992146,893.334270320412,8.75952808811392,38.1173931610699,9.16613760161405,159.809049592614,60.0675028776509,Served,50.992146,Stable,0
583,582,4,BS2,Terrestrial,1289.96390375941,151.277878415471,8.05858201010452,17.6659972460508,893.334270320412,16.8560022940891,38.1993777403376,7.46537715192338,161.509810042305,8.05858201010452,Served,17.6656931890519,InTransition,0.0172114256958314
583,582,5,BS1,Terrestrial,2496.53115061175,148.506748138634,10.8297122869416,34.0767584784978,893.334270320412,13.107676759867,38.2421853074118,2.22258546743274,166.752601726795,10.8297122869416,Served,34.0767584784978,Stable,0
583,582,6,SAT-1,Satellite,928575.807491316,157.254455672438,11.7207315217896,119.624700211622,188.391482363219,1.57485437397079,37.9479344907636,11.7207315217896,157.254455672438,-14.0198586339307,Served,119.624700211622,Stable,0
584,583,1,BS2,Terrestrial,295.272687326099,92.2524881177595,67.0839723078164,33.994764,893.334270320412,8.75952808811392,37.8202752614504,1.52606115108452,167.449126043144,67.0839723078164,Served,33.994764,Stable,0
584,583,2,BS2,Terrestrial,144.900842099444,112.490503477023,46.8459569485528,33.994764,893.334270320412,8.75952808811392,37.8402332615322,9.61365231291853,159.36153488131,46.8459569485528,Served,33.994764,Stable,0
584,583,3,BS1,Terrestrial,158.603762337124,107.168900361904,52.1675600636721,101.984292,893.334270320412,8.75952808811392,37.807188770425,1.25498393198339,167.720203262245,52.1675600636721,Served,101.984292,Stable,0
584,583,4,BS2,Terrestrial,1289.96390375941,150.167695224759,9.16876520081706,19.6495172114351,893.334270320412,15.154473613912,37.8883498187743,6.42306749051227,162.552119703716,9.16876520081706,Served,19.6495172114351,Stable,0
584,583,5,SAT-1,Satellite,928885.817146748,163.109653717181,5.86553347704685,34.2130008354143,188.391482363219,2.75321482715734,37.9307165880735,5.86553347704685,163.109653717181,5.06888902141401,Served,33.7889745413567,InTransition,12.393718285558
584,583,6,SAT-1,Satellite,933816.002191932,156.024292642437,12.9508945517914,65.6029385596035,188.391482363219,1.43584636983948,37.6394649632223,12.9508945517914,156.024292642437,-3.35430899272853,Served,65.6029385596035,Stable,0
585,584,1,BS2,Terrestrial,295.272687326099,90.0217818282819,69.3146785972939,50.992146,893.334270320412,8.75952808811392,37.5130764211533,0.18022794299705,168.794959251231,69.3146785972939,Served,50.992146,Stable,0
585,584,2,BS2,Terrestrial,144.900842099444,116.125284531877,43.2111758936989,50.992146,893.334270320412,8.75952808811392,37.5328332861014,12.9429006651481,156.03228652908,43.2111758936989,Served,50.992146,Stable,0
585,584,3,BS1,Terrestrial,158.603762337124,111.381161072184,47.9552993533918,50.992146,893.334270320412,8.75952808811392,37.5001224250408,0.0411579569592675,168.934029237269,47.9552993533918,Served,50.992146,Stable,0
585,584,4,BS1,Terrestrial,1684.50527938871,152.637050319754,6.69941010582158,22.9964196111149,893.334270320412,19.4233338369038,37.5804701841016,6.0498047279512,162.925382466277,6.69941010582158,Served,22.9959027523453,InTransition,0.0224756191750323
585,584,5,SAT-1,Satellite,934127.63543559,156.039046741465,12.9361404527633,65.5329729662728,188.391482363219,1.43737933620207,37.6224018837525,12.9361404527633,156.039046741465,9.82119997179973,Served,65.5329729662728,Stable,0
585,584,6,SAT-1,Satellite,939077.809922062,160.060327946374,8.91485924785403,47.0356717983297,188.391482363219,2.00264474982909,37.3341110461366,8.91485924785403,160.060327946374,-2.11043686536567,Served,47.0356717983297,Stable,0
586,585,1,BS2,Terrestrial,295.272687326099,90.9014225464048,68.4350378791711,50.992146,893.334270320412,8.75952808811392,37.2089775967306,3.40764715439659,165.567540039832,68.4350378791711,Served,50.992146,Stable,0
586,585,2,BS2,Terrestrial,144.900842099444,108.94785548659,50.3886049389854,50.992146,893.334270320412,8.75952808811392,37.2285358695848,11.692357026351,157.282830167877,50.3886049389854,Served,50.992146,Stable,0
586,585,3,BS1,Terrestrial,158.603762337124,107.054965274458,52.2814951511182,50.992146,893.334270320412,8.75952808811392,37.1961544053268,12.7151360502531,156.260051143975,52.2814951511182,Served,50.992146,Stable,0
586,585,4,SAT-1,Satellite,940109.615566051,152.896037994531,16.0791491996966,80.6479557180961,188.391482363219,1.16798671885583,37.275699043854,16.0791491996966,152.896037994531,9.07883792272236,Served,79.6363503007733,InTransition,12.5434725321349
586,585,5,BS1,Terrestrial,2496.53115061175,149.227449294332,10.109011131244,32.060136272146,893.334270320412,13.9321658326285,37.3172013502902,8.95191928000759,160.023267914221,10.109011131244,Served,32.0590683449616,InTransition,0.0333101261755124
586,585,6,SAT-1,Satellite,944360.863478017,159.38168891955,9.5934982746781,50.0580986131656,188.391482363219,1.88172830753174,37.0318332194779,9.5934982746781,159.38168891955,-8.45131669557745,Served,50.0580986131656,Stable,0
587,586,1,BS2,Terrestrial,295.272687326099,91.5589298883417,67.7775305372341,50.992146,893.334270320412,8.75952808811392,36.90793937055,11.1827542783642,157.792432915864,67.7775305372341,Served,50.992146,Stable,0
587,586,2,BS2,Terrestrial,144.900842099444,120.430439410781,38.9060210147949,50.992146,893.334270320412,8.75952808811392,36.92730157399,5.78741919995232,163.187767994276,38.9060210147949,Served,50.992146,Stable,0
587,586,3,BS1,Terrestrial,158.603762337124,103.269393767977,56.0670666575991,50.992146,893.334270320412,8.75952808811392,36.8952453078546,15.2298861456603,153.745301048568,56.0670666575991,Served,50.992146,Stable,0
587,586,4,SAT-1,Satellite,945396.994054059,160.223500000346,8.75168719388236,46.316667172579,188.391482363219,2.03373314471504,36.9739969182821,8.75168719388236,160.223500000346,2.68492546209359,Served,46.316667172579,Stable,0
587,586,5,BS1,Terrestrial,2496.53115061175,148.205317145589,11.1311432799869,34.9280442512461,893.334270320412,12.788209152142,37.0150754549752,6.66163970405356,162.313547490175,11.1311432799869,Served,34.9280442512461,Stable,0
587,586,6,SAT-1,Satellite,949664.802330161,169.573458435642,-0.59827124141367,13.5607327306335,188.391482363219,6.94621323586904,36.7325922845139,-0.59827124141367,169.573458435642,-4.51297325727671,Served,13.5607327306335,Stable,0
588,587,1,BS2,Terrestrial,295.272687326099,89.9408970234646,69.3955634021113,50.992146,893.334270320412,8.75952808811392,36.6099226520506,6.04166545370714,162.933521740521,69.3955634021113,Served,50.992146,Stable,0
588,587,2,BS2,Terrestrial,144.900842099444,115.527114598526,43.8093458270499,50.992146,893.334270320412,8.75952808811392,36.6290912876795,5.08748455724469,163.887702636983,43.8093458270499,Served,50.992146,Stable,0
588,587,3,BS1,Terrestrial,158.603762337124,103.568036873462,55.7684235521141,101.984292,893.334270320412,8.75952808811392,36.5973560567022,8.72602330144184,160.249163892786,55.7684235521141,Served,101.984292,Stable,0
588,587,4,SAT-1,Satellite,950705.186556595,160.955135952846,8.02005124138208,28.7553865715334,188.391482363219,2.1838399087949,36.6753246519718,8.02005124138208,160.955135952846,5.87293952654676,Served,28.7553865715334,Stable,0
588,587,5,SAT-1,Satellite,949981.16165864,157.479948996076,11.4952381981518,39.1742184754264,188.391482363219,1.60302268256179,36.7159849882831,11.4952381981518,157.479948996076,1.2587643335464,Served,38.6776780377833,InTransition,12.6751842657582
588,587,6,SAT-1,Satellite,954989.272517851,159.749047460889,9.22613973333898,32.2771823283635,188.391482363219,1.94555894467147,36.4363493746714,9.22613973333898,159.749047460889,-8.4047017913565,Served,32.2771823283635,Stable,0
589,588,1,BS2,Terrestrial,295.272687326099,89.1273068241898,70.2091536013861,50.992146,893.334270320412,8.75952808811392,36.3148886881607,6.51298342061006,162.462203773618,70.2091536013861,Served,50.992146,Stable,0
589,588,2,BS2,Terrestrial,144.900842099444,123.685480086213,35.6509803393627,50.992146,893.334270320412,8.75952808811392,36.3338662358502,12.1122219756845,156.862965218544,35.6509803393627,Served,50.992146,Stable,0
589,588,3,BS1,Terrestrial,158.603762337124,104.809383701188,54.5270767243882,50.992146,893.334270320412,8.75952808811392,36.3024479138342,11.7485719529577,157.22661524127,54.5270767243882,Served,50.992146,Stable,0
589,588,4,SAT-1,Satellite,956033.840398421,156.464724714044,12.5104624801845,63.5194577843905,188.391482363219,1.48294309282907,36.3796434244853,12.5104624801845,156.464724714044,9.03639373700756,Served,63.5194577843905,Stable,0
589,588,5,BS1,Terrestrial,2496.53115061175,151.081191275791,8.25526914978525,27.0192635936121,893.334270320412,16.5314326059503,36.419891074632,8.20573787540678,160.769449318821,8.25526914978525,Served,27.0183635785326,InTransition,0.0333101261755124
589,588,6,SAT-1,Satellite,960333.926544391,160.078982977118,8.89620421711058,46.9533122571077,188.391482363219,2.00615753508103,36.1430659654574,8.89620421711058,160.078982977118,-8.50765652669068,Served,46.9533122571077,Stable,0
590,589,1,BS2,Terrestrial,295.272687326099,90.8310317486257,68.5054286769501,50.992146,893.334270320412,8.75952808811392,36.022799072789,7.49967117831031,161.475516015918,68.5054286769501,Served,50.992146,Stable,0
590,589,2,BS2,Terrestrial,144.900842099444,114.035858010773,45.3006024148026,50.992146,893.334270320412,8.75952808811392,36.0415879900834,10.2962895145012,158.678897679727,45.3006024148026,Served,50.992146,Stable,0
590,589,3,BS1,Terrestrial,158.603762337124,102.576115796937,56.7603446286388,50.992146,893.334270320412,8.75952808811392,36.010482488555,10.3175519163028,158.657635277925,56.7603446286388,Served,50.992146,Stable,0
590,589,4,SAT-1,Satellite,961382.609347913,159.461081214467,9.51410597976079,49.7019629175247,188.391482363219,1.89521169089272,36.0869147600641,9.51410597976079,159.461081214467,2.58780105141983,Served,49.7019629175247,Stable,0
590,589,5,BS1,Terrestrial,2496.53115061175,143.460655019842,15.8758054057339,48.75171886549,893.334270320412,9.16207972877012,36.1267551821943,10.7374477276035,158.237739466625,15.8758054057339,Served,48.75171886549,Stable,0
590,589,6,SAT-1,Satellite,965698.423272096,173.025708932989,-4.05052173876132,7.1807385075174,188.391482363219,13.1178347579427,35.8527038834774,-4.05052173876132,173.025708932989,-12.1577243392126,BelowTarget,7.1807385075174,Stable,0
591,590,1,BS2,Terrestrial,295.272687326099,92.4039732737956,66.9324871517803,50.992146,893.334270320412,8.75952808811392,35.7336157554409,-0.815090583750248,169.790277777978,66.9324871517803,Served,50.992146,Stable,0
591,590,2,BS2,Terrestrial,144.900842099444,120.435990791702,38.900469633874,50.992146,893.334270320412,8.75952808811392,35.7522184770161,8.23169288450586,160.743494309722,38.900469633874,Served,50.992146,Stable,0
591,590,3,BS1,Terrestrial,158.603762337124,100.259565532779,59.0768948927964,101.984292,893.334270320412,8.75952808811392,35.7214217460903,11.2191715503747,157.756015643853,59.0768948927964,Served,101.984292,Stable,0
591,590,4,SAT-1,Satellite,966751.153512156,159.114426043678,9.86076115054962,34.1744421370889,188.391482363219,1.83754750218986,35.7971005364458,9.86076115054962,159.114426043678,6.75356324941666,Served,34.1744421370889,Stable,0
591,590,5,SAT-1,Satellite,966019.30025919,160.888450769242,8.08673642498593,28.9469240313772,188.391482363219,2.16938976727442,35.8365391318176,8.08673642498593,160.888450769242,4.55671947153928,Served,28.5738220863316,InTransition,12.8891741533963
591,590,6,SAT-1,Satellite,971082.427817633,157.583119062397,11.3920681318313,38.8544303121529,188.391482363219,1.61621622767939,35.5652253146025,11.3920681318313,157.583119062397,-4.79419506821537,Served,38.8544303121529,Stable,0
592,591,1,BS2,Terrestrial,295.272687326099,89.4182893561766,69.9181710693993,33.994764,893.334270320412,8.75952808811392,35.4473010489978,9.84970848507101,159.125478709157,69.9181710693993,Served,33.994764,Stable,0
592,591,2,BS2,Terrestrial,144.900842099444,112.978766666081,46.3576937594952,33.994764,893.334270320412,8.75952808811392,35.4657199861742,11.3973069367883,157.57788025744,46.3576937594952,Served,33.994764,Stable,0
592,591,3,BS1,Terrestrial,158.603762337124,113.513457493135,45.823002932441,101.984292,893.334270320412,8.75952808811392,35.4352280153333,11.6734411063272,157.301746087901,45.823002932441,Served,101.984292,Stable,0
592,591,4,BS2,Terrestrial,1289.96390375941,146.549552295299,12.7869081302771,26.448987278576,893.334270320412,11.258581924912,35.5101629928356,7.48861031778074,161.486576876447,12.7869081302771,Served,26.4485320537967,InTransition,0.0172114256958314
592,591,5,SAT-1,Satellite,971404.766228613,158.882087596609,10.0930995976192,52.3136148725868,188.391482363219,1.80059706084217,35.5492051050941,10.0930995976192,158.882087596609,7.82617599403557,Served,52.3136148725868,Stable,0
592,591,6,SAT-1,Satellite,976485.611447704,153.402925851359,15.5722613428686,78.1865815498454,188.391482363219,1.20475584575286,35.2805928113225,15.5722613428686,153.402925851359,-10.8844260560947,Served,78.1865815498454,Stable,0
593,592,1,BS2,Terrestrial,295.272687326099,90.6467786431778,68.6896817823981,33.994764,893.334270320412,8.75952808811392,35.1638176367086,9.03745036742706,159.937736826801,68.6896817823981,Served,33.994764,Stable,0
593,592,2,BS2,Terrestrial,144.900842099444,107.62773884483,51.7087215807455,33.994764,893.334270320412,8.75952808811392,35.1820551770129,6.52893298101694,162.446254213211,51.7087215807455,Served,33.994764,Stable,0
593,592,3,BS1,Terrestrial,158.603762337124,100.026919933216,59.3095404923599,50.992146,893.334270320412,8.75952808811392,35.1518639958039,7.10767180670524,161.867515387523,59.3095404923599,Served,50.992146,Stable,0
593,592,4,BS2,Terrestrial,1289.96390375941,149.142747962947,10.1937124626292,21.5304579762146,893.334270320412,13.8305506755021,35.2260647370781,5.542582572464,163.432604621764,10.1937124626292,Served,21.5304579762146,Stable,0
593,592,5,BS1,Terrestrial,2496.53115061175,141.724660163041,17.6118002625352,50.992146,893.334270320412,8.75952808811392,35.2647156516259,9.58153082590573,159.393656368322,17.6118002625352,Served,50.9904474451828,InTransition,0.0333101261755124
593,592,6,SAT-1,Satellite,981907.65147523,161.133391579669,7.84179561455957,84.7361009421412,188.391482363219,2.2232729647527,34.9987692993334,7.84179561455957,161.133391579669,-16.0060144565321,Served,84.7361009421412,Stable,0
594,593,1,BS2,Terrestrial,295.272687326099,92.1829045361262,67.1535558894496,50.992146,893.334270320412,8.75952808811392,34.8831285784268,3.28484908062373,165.690338113604,67.1535558894496,Served,50.992146,Stable,0
594,593,2,BS2,Terrestrial,144.900842099444,124.372897542387,34.9635628831887,50.992146,893.334270320412,8.75952808811392,34.9011870852022,12.4254809776063,156.549706216622,34.9635628831887,Served,50.992146,Stable,0
594,593,3,BS1,Terrestrial,158.603762337124,97.6161728056615,61.7202876199144,50.992146,893.334270320412,8.75952808811392,34.8712927638564,13.4117713237852,155.563415870443,61.7202876199144,Served,50.992146,Stable,0
594,593,4,SAT-1,Satellite,982972.131250527,159.081165348531,9.89402184569715,51.4119396829002,188.391482363219,1.8321763730875,34.9447687520675,9.89402184569715,159.081165348531,4.57121095714902,Served,50.7376531546938,InTransition,13.1153683826232
594,593,5,BS1,Terrestrial,2496.53115061175,152.779347772779,6.55711265279695,22.6399604283594,893.334270320412,19.729148227693,34.9830336955237,4.88546161672002,164.089725577508,6.55711265279695,Served,22.6399604283594,Stable,0
594,593,6,SAT-1,Satellite,987348.231156074,170.730954388676,-1.75576719444783,11.0647431394725,188.391482363219,8.51314305214862,34.7197180833913,-1.75576719444783,170.730954388676,-2.54365587418428,Served,11.0647431394725,Stable,0
595,594,1,BS2,Terrestrial,295.272687326099,91.2246882196957,68.1117722058802,50.992146,893.334270320412,8.75952808811392,34.6051973161394,13.0422254586823,155.932961735546,68.1117722058802,Served,50.992146,Stable,0
595,594,2,BS2,Terrestrial,144.900842099444,117.962846205336,41.3736142202396,50.992146,893.334270320412,8.75952808811392,34.6230791282006,11.2223372209633,157.752849973265,41.3736142202396,Served,50.992146,Stable,0
595,594,3,BS1,Terrestrial,158.603762337124,114.945055350146,44.3914050754303,50.992146,893.334270320412,8.75952808811392,34.5934777781799,6.51174289934468,162.463444294883,44.3914050754303,Served,50.992146,Stable,0
595,594,4,SAT-1,Satellite,988416.500465735,157.414607821263,11.5605793729651,59.0655184547095,188.391482363219,1.59476702560119,34.6662384014387,11.5605793729651,157.414607821263,5.33314124341581,Served,59.0655184547095,Stable,0
595,594,5,BS1,Terrestrial,2496.53115061175,141.730650278171,17.6058101474047,50.992146,893.334270320412,8.75952808811392,34.7041225411813,6.11648089365858,162.85870630057,17.6058101474047,Served,50.992146,Stable,0
595,594,6,SAT-1,Satellite,992807.039586432,158.913058372716,10.0621288215121,52.1730940438321,188.391482363219,1.80544671363505,34.4434028524799,10.0621288215121,158.913058372716,-11.496634443162,Served,52.1730940438321,Stable,0
596,595,1,BS2,Terrestrial,295.272687326099,87.6953389675721,71.6411214580037,50.992146,893.334270320412,8.75952808811392,34.3299876788224,10.437355886826,158.537831307402,71.6411214580037,Served,50.992146,Stable,0
596,595,2,BS2,Terrestrial,144.900842099444,114.941314488714,44.3951459368618,50.992146,893.334270320412,8.75952808811392,34.3476951101528,8.51268171830668,160.462505475921,44.3951459368618,Served,50.992146,Stable,0
596,595,3,BS1,Terrestrial,158.603762337124,100.356847800748,58.9796126248283,50.992146,893.334270320412,8.75952808811392,34.3183828846263,7.26854476875911,161.706642425469,58.9796126248283,Served,50.992146,Stable,0
596,595,4,SAT-1,Satellite,993879.036865524,158.12216098789,10.853026206338,55.7883061051585,188.391482363219,1.68844956511235,34.3904374345774,10.853026206338,158.12216098789,7.18950202701157,Served,55.7883061051585,Stable,0
596,595,5,BS1,Terrestrial,2496.53115061175,147.131694421652,12.2047660039242,37.9928819814304,893.334270320412,11.7566004963383,34.4279458783653,3.91790391080877,165.057283283419,12.2047660039242,Served,37.9928819814304,Stable,0
596,595,6,SAT-1,Satellite,998283.771600964,159.949479332189,9.02570786203907,47.5258799136776,188.391482363219,1.98198836828901,34.1697876843225,9.02570786203907,159.949479332189,-6.45193408234323,Served,47.5258799136776,Stable,0
597,596,1,BS2,Terrestrial,295.272687326099,89.6659695215865,69.6704909039894,33.994764,893.334270320412,8.75952808811392,34.0574638866573,2.78327648424042,166.191910709988,69.6704909039894,Served,33.994764,Stable,0
597,596,2,BS2,Terrestrial,144.900842099444,128.106638597921,31.2298218276546,33.994764,893.334270320412,8.75952808811392,34.0749992261472,-1.99114076695406,170.966327961182,31.2298218276546,Served,33.994764,Stable,0
597,596,3,BS1,Terrestrial,158.603762337124,99.4426888488369,59.8937715767389,50.992146,893.334270320412,8.75952808811392,34.0459723204022,14.4583029748032,154.516884219425,59.8937715767389,Served,50.992146,Stable,0
597,596,4,BS2,Terrestrial,1289.96390375941,146.816470578059,12.5199898475167,25.9342802945201,893.334270320412,11.4820263653017,34.1173299909828,7.75577230333869,161.219414890889,12.5199898475167,Served,25.9338339285819,InTransition,0.0172114256958314
597,596,5,BS1,Terrestrial,2496.53115061175,148.497128037501,10.8393323880746,34.103858989814,893.334270320412,13.0972607907397,34.1544677866522,7.39975334284918,161.575433851379,10.8393323880746,Served,34.103858989814,Stable,0
597,596,6,SAT-1,Satellite,1003778.12767171,162.023379512148,6.95180768207985,77.2344150230313,188.391482363219,2.43921679612696,33.8988370492762,6.95180768207985,162.023379512148,-22.7404913030793,Served,77.2344150230313,Stable,0
598,597,1,BS2,Terrestrial,295.272687326099,88.7975919386672,70.5388684869087,50.992146,893.334270320412,8.75952808811392,33.7875905546485,-1.39292155993292,170.368108754161,70.5388684869087,Served,50.992146,Stable,0
598,597,2,BS2,Terrestrial,144.900842099444,117.101731146393,42.2347292791826,50.992146,893.334270320412,8.75952808811392,33.8049560658708,7.21699467918327,161.758192515045,42.2347292791826,Served,50.992146,Stable,0
598,597,3,BS1,Terrestrial,158.603762337124,109.948858878659,49.3876015469172,50.992146,893.334270320412,8.75952808811392,33.776210717662,12.0192623819656,156.955924812263,49.3876015469172,Served,50.992146,Stable,0
598,597,4,SAT-1,Satellite,1004857.40067344,164.534173685435,4.44101350879359,28.7778661032324,188.391482363219,3.27320103734269,33.846880604023,4.44101350879359,164.534173685435,0.595722902093144,Served,28.3920304898572,InTransition,13.4073739863522
598,597,5,BS1,Terrestrial,2496.53115061175,143.953328509277,15.3831319162987,47.2893219742135,893.334270320412,9.44541212504104,33.8836527392545,8.12680171809555,160.848385476133,15.3831319162987,Served,47.2893219742135,Stable,0
598,597,6,SAT-1,Satellite,1009289.81380794,166.939450590438,2.03573660379001,20.6609260019581,188.391482363219,4.55912485106825,33.6305158136432,2.03573660379001,166.939450590438,-10.1192545874005,Served,20.6609260019581,Stable,0
599,598,1,BS2,Terrestrial,295.272687326099,90.0607703056722,69.2756901199037,50.992146,893.334270320412,8.75952808811392,33.520332695671,11.037889835569,157.937297358659,69.2756901199037,Served,50.992146,Stable,0
599,598,2,BS2,Terrestrial,144.900842099444,113.055140444924,46.2813199806517,50.992146,893.334270320412,8.75952808811392,33.537530616693,8.70265548666097,160.272531707567,46.2813199806517,Served,50.992146,Stable,0
599,598,3,BS1,Terrestrial,158.603762337124,103.281667039291,56.0547933862849,101.984292,893.334270320412,8.75952808811392,33.5090631065326,7.14196479494939,161.833222399279,56.0547933862849,Served,101.984292,Stable,0
599,598,4,SAT-1,Satellite,1010372.63675335,162.637251197169,6.33793599705896,24.0686873349449,188.391482363219,2.60908124792354,33.5790542041129,6.33793599705896,162.637251197169,5.76173622121081,Served,24.0686873349449,Stable,0
599,598,5,SAT-1,Satellite,1009621.79838436,155.402309744588,13.5728774496405,45.7083042691517,188.391482363219,1.37386765472551,33.6154656062648,13.5728774496405,155.402309744588,1.12221050769202,Served,45.0925702955196,InTransition,13.4709432668164
599,598,6,SAT-1,Satellite,1014818.54145686,167.223083765904,1.75210342832386,13.2017300306196,188.391482363219,4.75673723383905,33.3647892424313,1.75210342832386,167.223083765904,-4.23602818428094,Served,13.2017300306196,Stable,0
600,599,1,BS2,Terrestrial,295.272687326099,92.3940419295713,66.9424184960045,33.994764,893.334270320412,8.75952808811392,33.2556557229826,-6.7899696400612,175.765156834289,66.9424184960045,Served,33.994764,Stable,0
600,599,2,BS2,Terrestrial,144.900842099444,123.264759980524,36.0717004450517,33.994764,893.334270320412,8.75952808811392,33.2726882662119,10.1893436337262,158.785843560502,36.0717004450517,Served,33.994764,Stable,0
600,599,3,BS1,Terrestrial,158.603762337124,105.201707826513,54.1347525990631,50.992146,893.334270320412,8.75952808811392,33.2444949176046,10.7488651026736,158.226322091554,54.1347525990631,Served,50.992146,Stable,0
600,599,4,BS2,Terrestrial,1289.96390375941,148.436300313886,10.90016011169,22.8502136784226,893.334270320412,13.0317420352176,33.31381612135,4.92463174445433,164.050555449774,10.90016011169,Served,22.8498203936678,InTransition,0.0172114256958314
600,599,5,BS1,Terrestrial,2496.53115061175,149.615542680002,9.72091774557356,30.9861824706558,893.334270320412,14.4150424332912,33.3498716573548,5.82439379547415,163.150793398754,9.72091774557356,Served,30.985150317008,InTransition,0.0333101261755124
600,599,6,SAT-1,Satellite,1020364.02740538,159.634759053331,9.34042814089747,97.8503565633327,188.391482363219,1.92530195065037,33.1016230015958,9.34042814089747,159.634759053331,-6.50416974615749,Served,97.8503565633327,Stable,0
601,600,1,BS2,Terrestrial,295.272687326099,91.6812051255566,67.6552553000192,33.994764,893.334270320412,8.75952808811392,32.9935254522302,-8.41354253675021,177.388729730978,67.6552553000192,Served,33.994764,Stable,0
601,600,2,BS2,Terrestrial,144.900842099444,124.185903711451,35.1505567141253,33.994764,893.334270320412,8.75952808811392,33.0103948042924,-4.76317155606338,173.738358750291,35.1505567141253,Served,33.994764,Stable,0
601,600,3,BS1,Terrestrial,158.603762337124,100.023016585194,59.3134438403816,50.992146,893.334270320412,8.75952808811392,32.9824719839188,3.71123302695304,165.263954167275,59.3134438403816,Served,50.992146,Stable,0
601,600,4,BS2,Terrestrial,1289.96390375941,149.247436863132,10.0890235624442,21.3364073027996,893.334270320412,13.9563369728011,33.0511320876364,6.69234171679324,162.282845477435,10.0890235624442,Served,21.3364073027996,Stable,0
601,600,5,BS1,Terrestrial,2496.53115061175,140.669191981676,18.6672684438995,50.992146,893.334270320412,8.75952808811392,33.0868365639556,5.9485715753793,163.026615618849,18.6672684438995,Served,50.992146,Stable,0
601,600,6,SAT-1,Satellite,1025925.9936829,155.962104593005,13.0130826012229,131.795933786816,188.391482363219,1.42941801731112,32.8409831597903,13.0130826012229,155.962104593005,-10.0171107903089,Served,131.795933786816,Stable,0
602,601,1,BS2,Terrestrial,295.272687326099,90.1342605793721,69.2021998462038,50.992146,893.334270320412,8.75952808811392,32.7339081029811,-10.9404730603343,179.915660254562,69.2021998462038,Served,50.992146,Stable,0
602,601,2,BS1,Terrestrial,565.376556244471,131.858211419339,27.4782490062368,50.992146,893.334270320412,8.75952808811392,32.7506164246273,8.65286123669992,160.322325957528,27.4782490062368,Served,50.9917613370356,InTransition,0.00754357277719736
602,601,3,BS1,Terrestrial,158.603762337124,105.088222610549,54.248237815027,50.992146,893.334270320412,8.75952808811392,32.7229605424778,12.9424797333578,156.03270746087,54.248237815027,Served,50.992146,Stable,0
602,601,4,SAT-1,Satellite,1027019.1275273,160.320487890678,8.65469930355059,45.8907943267354,188.391482363219,2.05260646636339,32.7909682383198,8.65469930355059,160.320487890678,6.97069536796934,Served,45.2619496404427,InTransition,13.7030682409936
602,601,5,SAT-1,Satellite,1026261.81916144,155.420760499274,13.5544266949543,68.4743946290928,188.391482363219,1.37563452282918,32.8263264009543,13.5544266949543,155.420760499274,4.1088138000984,Served,67.5367772218126,InTransition,13.6929638057999
602,601,6,BS2,Terrestrial,4576.26928829528,158.93769194826,0.398768477316281,9.80198057792272,893.334270320412,45.5690695986735,32.5828361896595,-5.08175077961818,174.056937973846,0.398768477316281,Served,9.80138207717347,InTransition,0.0610591649813323
603,602,1,BS2,Terrestrial,295.272687326099,88.0661965844477,71.2702638411282,50.992146,893.334270320412,8.75952808811392,32.4767702998065,7.46842953605889,161.506757658169,71.2702638411282,Served,50.992146,Stable,0
603,602,2,BS2,Terrestrial,144.900842099444,108.071294744369,51.2651656812073,50.992146,893.334270320412,8.75952808811392,32.4933197258493,9.70146599402926,159.273721200199,51.2651656812073,Served,50.9920474143992,InTransition,0.00193334873153406
603,602,3,BS1,Terrestrial,158.603762337124,102.824799925702,56.5116604998741,50.992146,893.334270320412,8.75952808811392,32.4659272353122,7.57502266581673,161.400164528411,56.5116604998741,Served,50.992146,Stable,0
603,602,4,SAT-1,Satellite,1032600.62872655,156.827755460859,12.1474317333691,61.8105028389674,188.391482363219,1.52394393922039,32.5332911133794,12.1474317333691,156.827755460859,8.68464927408621,Served,61.8105028389674,Stable,0
603,602,5,BS1,Terrestrial,2496.53115061175,151.307855159933,8.02860526564277,26.4199791362061,893.334270320412,16.9064151359639,32.5683076479317,6.83883504509299,162.136352149135,8.02860526564277,Served,26.4190990833676,InTransition,0.0333101261755124
603,602,6,SAT-1,Satellite,1037098.28097941,166.143724768618,2.83146242560986,23.1844478464665,188.391482363219,4.06288481853862,32.3271489686977,2.83146242560986,166.143724768618,-12.3246437327551,Served,22.8636318904223,InTransition,13.8375499890582
604,603,1,BS2,Terrestrial,295.272687326099,90.1926092963223,69.1438511292535,50.992146,893.334270320412,8.75952808811392,32.2220790729446,13.7552105525022,155.219976641726,69.1438511292535,Served,50.992146,Stable,0
604,603,2,BS2,Terrestrial,144.900842099444,107.901877384852,51.4345830407238,50.992146,893.334270320412,8.75952808811392,32.2384717122212,-9.25477382474043,178.229961018969,51.4345830407238,Served,50.992146,Stable,0
604,603,3,BS1,Terrestrial,158.603762337124,109.733193951183,49.6032664743927,101.984292,893.334270320412,8.75952808811392,32.2113391101272,7.06546603300487,161.909721161223,49.6032664743927,Served,101.984292,Stable,0
604,603,4,SAT-1,Satellite,1038198.01655046,158.047428536155,10.9277586580733,37.4217594221404,188.391482363219,1.67809215166366,32.2780676581869,10.9277586580733,158.047428536155,7.24192901262103,Served,37.4217594221404,Stable,0
604,603,5,SAT-1,Satellite,1037436.57608036,160.266109588644,8.70907760558384,30.752953207318,188.391482363219,2.04198797963885,32.312747189972,8.70907760558384,160.266109588644,8.03748381841604,Served,30.3272688696585,InTransition,13.8420637130286
604,603,6,SAT-1,Satellite,1042708.07141025,160.688314746123,8.28687244810558,29.5241267809796,188.391482363219,2.12697775123345,32.0738887797021,8.28687244810558,160.688314746123,-7.99590944441027,Served,29.5241267809796,Stable,0
605,604,1,BS2,Terrestrial,295.272687326099,90.4859846079532,68.8504758176227,33.994764,893.334270320412,8.75952808811392,31.9698018585679,7.02757659627125,161.947610597957,68.8504758176227,Served,33.994764,Stable,0
605,604,2,BS2,Terrestrial,144.900842099444,116.467131556037,42.8693288695388,33.994764,893.334270320412,8.75952808811392,31.986039793927,4.3855159524586,164.58967124177,42.8693288695388,Served,33.994764,Stable,0
605,604,3,BS1,Terrestrial,158.603762337124,97.8899177528285,61.4465426727474,50.992146,893.334270320412,8.75952808811392,31.9591636205537,7.75871496150688,161.216472232721,61.4465426727474,Served,50.992146,Stable,0
605,604,4,BS2,Terrestrial,1289.96390375941,147.281353152979,12.0551072725966,25.0418860250319,893.334270320412,11.8912005992338,32.0252652238639,3.37442111292413,165.600766081304,12.0551072725966,Served,25.0414550184713,InTransition,0.0172114256958314
605,604,5,BS1,Terrestrial,2496.53115061175,139.958763042551,19.3776973830247,50.992146,893.334270320412,8.75952808811392,32.0596123180655,6.12424137249383,162.850945821734,19.3776973830247,Served,50.9904474451828,InTransition,0.0333101261755124
605,604,6,SAT-1,Satellite,1048333.28080733,163.851905596313,5.12328159791488,62.6577869666084,188.391482363219,3.00667309657164,31.8230233108428,5.12328159791488,163.851905596313,-8.44135657310099,Served,62.6577869666084,Stable,0
606,605,1,BS2,Terrestrial,295.272687326099,89.3509905676687,69.9854698579072,50.992146,893.334270320412,8.75952808811392,31.7199064986825,10.3295110308329,158.645676163395,69.9854698579072,Served,50.992146,Stable,0
606,605,2,BS2,Terrestrial,144.900842099444,115.117499683543,44.2189607420331,50.992146,893.334270320412,8.75952808811392,31.7359917869956,8.39150306089954,160.583684133329,44.2189607420331,Served,50.992146,Stable,0
606,605,3,BS1,Terrestrial,158.603762337124,115.079040002146,44.2574204234298,50.992146,893.334270320412,8.75952808811392,31.7093686260335,8.96432751417009,160.010859680058,44.2574204234298,Served,50.992146,Stable,0
606,605,4,SAT-1,Satellite,1049439.40955003,155.842618936117,13.1325682581111,66.4653848666592,188.391482363219,1.41721501155198,31.7748515672669,13.1325682581111,155.842618936117,3.35439259012958,Served,65.534722438187,InTransition,14.0022122844736
606,605,5,BS1,Terrestrial,2496.53115061175,156.042722161972,3.29373826360401,15.1324132403331,893.334270320412,29.5172440817096,31.8088707291365,-1.65828800122102,170.633475195449,3.29373826360401,Served,15.1324132403331,Stable,0
606,605,6,SAT-1,Satellite,1053973.65599383,160.335451215896,8.63973597833186,45.8251914847157,188.391482363219,2.05554495529008,31.5745206553785,8.63973597833186,160.335451215896,-18.0538720915524,Served,45.8251914847157,Stable,0
607,606,1,BS2,Terrestrial,295.272687326099,91.4632147717225,67.8732456538534,50.992146,893.334270320412,8.75952808811392,31.4723612406782,-1.88779734513884,170.862984539367,67.8732456538534,Served,50.992146,Stable,0
607,606,2,BS2,Terrestrial,144.900842099444,117.445469676847,41.8909907487289,50.992146,893.334270320412,8.75952808811392,31.4882959128719,-4.08119987371606,173.056387067944,41.8909907487289,Served,50.992146,Stable,0
607,606,3,BS1,Terrestrial,158.603762337124,104.245614428069,55.0908459975066,50.992146,893.334270320412,8.75952808811392,31.461922391355,8.09483778300392,160.880349411224,55.0908459975066,Served,50.992146,Stable,0
607,606,4,SAT-1,Satellite,1055082.9054907,158.089035316189,10.8861518780388,55.9408789933246,188.391482363219,1.68384449577293,31.5267948506177,10.8861518780388,158.089035316189,9.37825630352765,Served,55.9408789933246,Stable,0
607,606,5,BS1,Terrestrial,2496.53115061175,146.650472997883,12.6859874276934,39.3812814223274,893.334270320412,11.3421178546762,31.560490525713,4.42459564221033,164.550591552018,12.6859874276934,Served,39.3812814223274,Stable,0
607,606,6,SAT-1,Satellite,1059628.94847624,161.527257486746,7.44792970748213,40.6935356582637,188.391482363219,2.31475932621453,31.3283493110345,7.44792970748213,161.527257486746,-4.17320409359945,Served,40.6935356582637,Stable,0
608,607,1,BS2,Terrestrial,295.272687326099,90.4068878064858,68.92957261909,33.994764,893.334270320412,8.75952808811392,31.2271347365565,7.89244392186785,161.08274327236,68.92957261909,Served,33.994764,Stable,0
608,607,2,BS2,Terrestrial,144.900842099444,127.477753037864,31.8587073877122,33.994764,893.334270320412,8.75952808811392,31.2429207976664,9.9799843787147,158.995202815513,31.8587073877122,Served,33.994764,Stable,0
608,607,3,BS1,Terrestrial,158.603762337124,103.8315129379,55.5049474876759,50.992146,893.334270320412,8.75952808811392,31.2167935858695,1.64798671379501,167.327200480433,55.5049474876759,Served,50.992146,Stable,0
608,607,4,BS2,Terrestrial,1289.96390375941,148.440743367905,10.895717057671,22.841860180929,893.334270320412,13.0365078740576,31.2810636408066,9.91504518350882,159.060142010719,10.895717057671,Served,22.8414670399498,InTransition,0.0172114256958314
608,607,5,BS1,Terrestrial,2496.53115061175,147.410617773463,11.9258426521126,37.1920776557399,893.334270320412,12.0097387216353,31.3144402152667,6.10349353172487,162.871693662503,11.9258426521126,Served,37.1920776557399,Stable,0
608,607,6,SAT-1,Satellite,1065298.91435558,161.940447338233,7.03473985599496,77.9232450889301,188.391482363219,2.41765447714884,31.0844781790713,7.03473985599496,161.940447338233,-5.78826509959148,Served,77.9232450889301,Stable,0
609,608,1,BS2,Terrestrial,295.272687326099,90.8940073644272,68.4424530611486,25.496073,893.334270320412,8.75952808811392,30.9841960418536,12.0915808255549,156.883606368673,68.4424530611486,Served,25.496073,Stable,0
609,608,2,BS2,Terrestrial,144.900842099444,110.467972456232,48.868487969344,25.496073,893.334270320412,8.75952808811392,30.9998354710961,11.4014636144254,157.573723579803,48.868487969344,Served,25.496073,Stable,0
609,608,3,BS1,Terrestrial,158.603762337124,107.95924771695,51.3772127086258,101.984292,893.334270320412,8.75952808811392,30.973951282401,12.783601012777,156.191586181451,51.3772127086258,Served,101.984292,Stable,0
609,608,4,BS2,Terrestrial,1289.96390375941,146.074515800002,13.2619446255739,20.5266600100382,893.334270320412,10.8801708349476,31.0376269083848,5.40689662793986,163.568290566288,13.2619446255739,Served,20.5266600100382,Stable,0
609,608,5,SAT-1,Satellite,1065643.0833582,154.128349651996,14.846837542232,149.355443745835,188.391482363219,1.26136334664717,31.0706887092405,14.846837542232,154.128349651996,8.90496546663209,Served,147.231846686036,InTransition,14.2184108361819
609,608,6,BS2,Terrestrial,4576.26928829528,166.822052739605,-7.48559231402899,1.08715265156167,893.334270320412,205.429814533672,30.8428765630582,-16.6397419260966,185.614929120325,-7.48559231402899,BelowTarget,1.08708627092856,InTransition,0.0610591649813323
610,609,1,BS2,Terrestrial,295.272687326099,92.408044191821,66.9284162337549,33.994764,893.334270320412,8.75952808811392,30.7435146142826,8.30542362447875,160.669763569749,66.9284162337549,Served,33.994764,Stable,0
610,609,2,BS2,Terrestrial,144.900842099444,126.858973395486,32.4774870300903,33.994764,893.334270320412,8.75952808811392,30.7590093651453,8.51611565321571,160.459071541012,32.4774870300903,Served,33.994764,Stable,0
610,609,3,BS1,Terrestrial,158.603762337124,103.775056010874,55.5614044147019,50.992146,893.334270320412,8.75952808811392,30.7333649558781,8.0119019719923,160.963285222236,55.5614044147019,Served,50.992146,Stable,0
610,609,4,BS2,Terrestrial,1289.96390375941,155.03340735492,4.30305307065592,11.5359570360621,893.334270320412,25.8130373731396,30.7964540262732,2.30876691151789,166.66642028271,4.30305307065592,Served,11.5359570360621,Stable,0
610,609,5,BS1,Terrestrial,2496.53115061175,147.484399407338,11.8520610182374,36.9807572405205,893.334270320412,12.078366385391,30.8292053217882,1.50418895546778,167.47099823876,11.8520610182374,Served,36.9795254068307,InTransition,0.0333101261755124
610,609,6,SAT-1,Satellite,1076681.9131572,155.632573631282,13.3426135629458,134.929200940981,188.391482363219,1.39622469450199,30.6035141673775,13.3426135629458,155.632573631282,-12.1331627178803,Served,132.990848906656,InTransition,14.3656971271399
611,610,1,BS2,Terrestrial,295.272687326099,92.5716689003419,66.764791525234,50.992146,893.334270320412,8.75952808811392,30.505060312111,8.63461891638158,160.340568277847,66.764791525234,Served,50.992146,Stable,0
611,610,2,BS2,Terrestrial,144.900842099444,113.932932479527,45.4035279460489,50.992146,893.334270320412,8.75952808811392,30.5204123124594,4.86258165669906,164.112605537529,45.4035279460489,Served,50.992146,Stable,0
611,610,3,BS1,Terrestrial,158.603762337124,107.622127378519,51.7143330470572,50.992146,893.334270320412,8.75952808811392,30.4950044817008,6.84308414396574,162.132103050262,51.7143330470572,Served,50.992146,Stable,0
611,610,4,SAT-1,Satellite,1077803.16138723,161.25296468078,7.72222251344806,41.8573410333175,188.391482363219,2.25039954417151,30.5575147682004,7.72222251344806,161.25296468078,6.71932388277645,Served,41.2554049500158,InTransition,14.3806574531936
611,610,5,BS1,Terrestrial,2496.53115061175,148.938848627509,10.3976117980664,32.864355761631,893.334270320412,13.5912335662362,30.5899597682428,6.14343803463851,162.83174915959,10.3976117980664,Served,32.864355761631,Stable,0
611,610,6,SAT-1,Satellite,1082394.48047204,167.756146113189,1.21904108103908,18.2496087329963,188.391482363219,5.16152113504211,30.3663610954738,1.21904108103908,167.756146113189,-11.6052892937,Served,18.2496087329963,Stable,0
612,611,1,BS2,Terrestrial,295.272687326099,91.1356798556154,68.2007805699604,50.992146,893.334270320412,8.75952808811392,30.2688033922939,14.1171143814571,154.858072812771,68.2007805699604,Served,50.992146,Stable,0
612,611,2,BS2,Terrestrial,144.900842099444,112.350271442485,46.986188983091,50.992146,893.334270320412,8.75952808811392,30.2840145444937,10.3295159766359,158.645671217592,46.986188983091,Served,50.992146,Stable,0
612,611,3,BS1,Terrestrial,158.603762337124,108.976782022945,50.3596784026311,50.992146,893.334270320412,8.75952808811392,30.2588401338641,7.19656081710306,161.778626377125,50.3596784026311,Served,50.992146,Stable,0
612,611,4,SAT-1,Satellite,1083518.61170001,158.682255217857,10.2929319763713,53.2224216708879,188.391482363219,1.76985071750565,30.3207793068934,10.2929319763713,158.682255217857,3.01707227695823,Served,53.2224216708879,Stable,0
612,611,5,BS1,Terrestrial,2496.53115061175,143.670037215688,15.6664232098879,48.1296737322303,893.334270320412,9.28049372711815,30.3529221633341,4.79175169204038,164.183435502188,15.6664232098879,Served,48.1296737322303,Stable,0
612,611,6,SAT-1,Satellite,1088120.78980028,164.40721822515,4.56796896907841,29.2449221929524,188.391482363219,3.22092637347857,30.1313878478688,4.56796896907841,164.40721822515,-4.30235442407297,Served,29.2449221929524,Stable,0
613,612,1,BS2,Terrestrial,295.272687326099,89.4905121212985,69.8459483042773,50.992146,893.334270320412,8.75952808811392,30.0347145083798,14.9061023523792,154.069084841849,69.8459483042773,Served,50.992146,Stable,0
613,612,2,BS2,Terrestrial,144.900842099444,109.984292898109,49.352167527467,50.992146,893.334270320412,8.75952808811392,30.0497866894335,-0.298781010489819,169.273968204718,49.352167527467,Served,50.992146,Stable,0
613,612,3,BS1,Terrestrial,158.603762337124,101.619798741112,57.7166616844641,50.992146,893.334270320412,8.75952808811392,30.0248425828553,-3.14479591527936,172.119983109507,57.7166616844641,Served,50.992146,Stable,0
613,612,4,SAT-1,Satellite,1089247.75904822,161.840310827292,7.13487636693594,39.3789359899815,188.391482363219,2.39203368027957,30.0862182120363,7.13487636693594,161.840310827292,5.69306807732033,Served,39.3789359899815,Stable,0
613,612,5,BS1,Terrestrial,2496.53115061175,150.92217787525,8.41428255032616,27.4421295300966,893.334270320412,16.2766936388932,30.1180630191728,2.91135778937362,166.063829404854,8.41428255032616,Served,27.4421295300966,Stable,0
613,612,6,SAT-1,Satellite,1093860.61892753,168.735079966096,0.240107228131848,15.6064814845962,188.391482363219,6.0356808339267,29.8985653199576,0.240107228131848,168.735079966096,-10.3420904688951,Served,15.6064814845962,Stable,0
614,613,1,BS2,Terrestrial,295.272687326099,91.2635378128534,68.0729226127225,33.994764,893.334270320412,8.75952808811392,29.8027647082045,5.18883175337132,163.786355440857,68.0729226127225,Served,33.994764,Stable,0
614,613,2,BS2,Terrestrial,144.900842099444,114.545269986179,44.7911904393971,33.994764,893.334270320412,8.75952808811392,29.8176997699011,9.38661572839533,159.588571465833,44.7911904393971,Served,33.994764,Stable,0
614,613,3,BS1,Terrestrial,158.603762337124,106.736448525306,52.6000119002702,50.992146,893.334270320412,8.75952808811392,29.7929828933391,5.8214899236504,163.153697270578,52.6000119002702,Served,50.992146,Stable,0
614,613,4,BS2,Terrestrial,1289.96390375941,146.325657765532,13.0108026600439,26.8819559692042,893.334270320412,11.0772478925245,29.8538024480134,10.8297884420631,158.145398752165,13.0108026600439,Served,26.8814932924165,InTransition,0.0172114256958314
614,613,5,BS1,Terrestrial,2496.53115061175,143.99695515208,15.3395052734963,47.1600430353784,893.334270320412,9.47130465561973,29.8853532430168,7.40558470598484,161.569602488243,15.3395052734963,Served,47.1600430353784,Stable,0
614,613,6,SAT-1,Satellite,1099613.74972799,160.002385182747,8.97280201148121,94.5834754423361,188.391482363219,1.99180122618854,29.6678647996017,8.97280201148121,160.002385182747,-16.2563530229288,Served,94.5834754423361,Stable,0
615,614,1,BS2,Terrestrial,295.272687326099,96.0174952689551,63.3189651566208,50.992146,893.334270320412,8.75952808811392,29.5729254313923,7.92981007185776,161.04537712237,63.3189651566208,Served,50.992146,Stable,0
615,614,2,BS2,Terrestrial,144.900842099444,115.676274645036,43.6601857805399,50.992146,893.334270320412,8.75952808811392,29.5877252004695,6.39641498015013,162.578772214078,43.6601857805399,Served,50.992146,Stable,0
615,614,3,BS1,Terrestrial,158.603762337124,117.875210336132,41.4612500894434,50.992146,893.334270320412,8.75952808811392,29.5632325216513,3.89587316457019,165.079314029658,41.4612500894434,Served,50.992146,Stable,0
615,614,4,SAT-1,Satellite,1100746.26334532,161.879890640267,7.09529655396102,39.2138011885044,188.391482363219,2.4021068686711,29.6235033714565,7.09529655396102,161.879890640267,2.32542577393448,Served,38.6378768251262,InTransition,14.6867772550212
615,614,5,BS1,Terrestrial,2496.53115061175,143.692634269567,15.6438261560087,48.0625877378477,893.334270320412,9.29344748552667,29.6547641348393,9.4791286823702,159.496058511858,15.6438261560087,Served,48.0625877378477,Stable,0
615,614,6,SAT-1,Satellite,1105379.96808477,162.280636590887,6.69455060334076,37.5559021881842,188.391482363219,2.50814747332165,29.4392579645376,6.69455060334076,162.280636590887,-10.5663950980076,Served,37.5559021881842,Stable,0
616,615,1,BS2,Terrestrial,295.272687326099,93.7547090528737,65.5817513727021,50.992146,893.334270320412,8.75952808811392,29.3451685066737,9.93135838900093,159.043828805227,65.5817513727021,Served,50.992146,Stable,0
616,615,2,BS2,Terrestrial,144.900842099444,119.217431704664,40.1190287209121,50.992146,893.334270320412,8.75952808811392,29.3598347849911,1.27152914661431,167.703658047614,40.1190287209121,Served,50.992146,Stable,0
616,615,3,BS1,Terrestrial,158.603762337124,106.705000688961,52.6314597366152,50.992146,893.334270320412,8.75952808811392,29.3355633131098,9.19481286369884,159.780374330529,52.6314597366152,Served,50.992146,Stable,0
616,615,4,SAT-1,Satellite,1106515.18964401,157.45764678675,11.517540407478,58.8651200754854,188.391482363219,1.60019619531597,29.3952927286046,11.517540407478,157.45764678675,0.1658381823664,Served,58.8651200754854,Stable,0
616,615,5,BS1,Terrestrial,2496.53115061175,139.579603365886,19.7568570596903,50.992146,893.334270320412,8.75952808811392,29.4262673847087,-4.25280895425766,173.227996148486,19.7568570596903,Served,50.992146,Stable,0
616,615,6,SAT-1,Satellite,1111159.06381154,166.919181549475,2.05600564475318,20.7231045952639,188.391482363219,4.54544543500191,29.21271687961,2.05600564475318,166.919181549475,-2.52685112438812,Served,20.7231045952639,Stable,0
617,616,1,BS2,Terrestrial,295.272687326099,88.7986992003757,70.5377612252002,33.994764,893.334270320412,8.75952808811392,29.11946614904,6.27430737762501,162.700879816603,70.5377612252002,Served,33.994764,Stable,0
617,616,2,BS2,Terrestrial,144.900842099444,110.437726477579,48.8987339479966,33.994764,893.334270320412,8.75952808811392,29.1340007137635,-5.63944750244332,174.614634696671,48.8987339479966,Served,33.994764,Stable,0
617,616,3,BS1,Terrestrial,158.603762337124,97.8344510445617,61.5020093810141,50.992146,893.334270320412,8.75952808811392,29.1099474991628,7.57259565187246,161.402591542356,61.5020093810141,Served,50.992146,Stable,0
617,616,4,BS2,Terrestrial,1289.96390375941,148.351300015102,10.985160410474,23.0101479377191,893.334270320412,12.9411636514807,29.1691426524982,2.89610255737787,166.07908463685,10.985160410474,Served,23.0097519002676,InTransition,0.0172114256958314
617,616,5,BS1,Terrestrial,2496.53115061175,143.237222736451,16.0992376891253,49.4163380432702,893.334270320412,9.03885542407237,29.1998350699999,8.19769301202547,160.777494182203,16.0992376891253,Served,49.4163380432702,Stable,0
617,616,6,SAT-1,Satellite,1116950.83057552,163.795955098006,5.17923209622245,63.0849269466928,188.391482363219,2.98631529719311,28.9882139938488,5.17923209622245,163.795955098006,-16.0396747425924,Served,63.0849269466928,Stable,0
618,617,1,BS2,Terrestrial,295.272687326099,91.8933251998443,67.4431352257316,33.994764,893.334270320412,8.75952808811392,28.8957909567442,9.90333328732063,159.071853906907,67.4431352257316,Served,33.994764,Stable,0
618,617,2,BS2,Terrestrial,144.900842099444,107.208370489696,52.1280899358794,33.994764,893.334270320412,8.75952808811392,28.9101955605391,9.32051144647767,159.65467574775,52.1280899358794,Served,33.994764,Stable,0
618,617,3,BS1,Terrestrial,158.603762337124,99.9209608829698,59.415499542606,50.992146,893.334270320412,8.75952808811392,28.8863576943831,6.12731393267867,162.847873261549,59.415499542606,Served,50.992146,Stable,0
618,617,4,BS2,Terrestrial,1289.96390375941,144.328640298404,15.0078201271724,30.7855945180927,893.334270320412,9.67264380526417,28.9450256600154,3.91568136688744,165.059505827341,15.0078201271724,Served,30.7855945180927,Stable,0
618,617,5,BS1,Terrestrial,2496.53115061175,142.698156351018,16.6383040745581,50.992146,893.334270320412,8.75952808811392,28.9754396524473,4.08884636697724,164.886340827251,16.6383040745581,Served,50.992146,Stable,0
618,617,6,SAT-1,Satellite,1122755.06582178,160.143727772535,8.8314594216929,93.3355732476201,188.391482363219,2.01843172766952,28.7657221373994,8.8314594216929,160.143727772535,-6.34018535566275,Served,93.3355732476201,Stable,0
619,618,1,BS2,Terrestrial,295.272687326099,89.4606911267632,69.8757692988127,50.992146,893.334270320412,8.75952808811392,28.6741159081624,8.83456266131199,160.140624532916,69.8757692988127,Served,50.992146,Stable,0
619,618,2,BS2,Terrestrial,144.900842099444,118.243844145079,41.0926162804968,50.992146,893.334270320412,8.75952808811392,28.6883922793957,10.7961217321182,158.17906546211,41.0926162804968,Served,50.992146,Stable,0
619,618,3,BS1,Terrestrial,158.603762337124,99.8812325170675,59.4552279085083,50.992146,893.334270320412,8.75952808811392,28.664766893325,-11.1657016598935,180.140888854122,59.4552279085083,Served,50.992146,Stable,0
619,618,4,SAT-1,Satellite,1123898.16347016,155.943264263534,13.0319229306941,65.9873877235218,188.391482363219,1.42748098434017,28.7229146487675,13.0319229306941,155.943264263534,0.503536138700213,Served,64.9978617778803,InTransition,14.9956829597115
619,618,5,BS1,Terrestrial,2496.53115061175,151.657873141914,7.67858728366141,25.5029417176881,893.334270320412,17.514337761687,28.7530539750541,1.68968825066946,167.285498943559,7.67858728366141,Served,25.5029417176881,Stable,0
619,618,6,SAT-1,Satellite,1128571.57069891,174.0800135596,-5.10482636537182,5.82178983726025,188.391482363219,16.1798594272063,28.5452145183206,-5.10482636537182,174.0800135596,-16.882481977475,BelowTarget,5.82178983726025,Stable,0
620,619,1,BS2,Terrestrial,295.272687326099,87.6250450168549,71.7114154087209,50.992146,893.334270320412,8.75952808811392,28.4544143585265,-0.140677528163337,169.115864722391,71.7114154087209,Served,50.992146,Stable,0
620,619,2,BS2,Terrestrial,144.900842099444,113.14696219261,46.1894982329656,50.992146,893.334270320412,8.75952808811392,28.4685642014775,1.00912897340632,167.966058220822,46.1894982329656,Served,50.992146,Stable,0
620,619,3,BS1,Terrestrial,158.603762337124,98.9827033424261,60.3537570831497,50.992146,893.334270320412,8.75952808811392,28.4451484672518,6.24107024136592,162.734116952862,60.3537570831497,Served,50.992146,Stable,0
620,619,4,SAT-1,Satellite,1129717.21360999,159.180531494292,9.79465569993621,50.9633098599923,188.391482363219,1.84830501473288,28.5027828938618,9.79465569993621,159.180531494292,4.35923661905505,Served,50.9633098599923,Stable,0
620,619,5,BS1,Terrestrial,2496.53115061175,149.798303973688,9.53815645188757,30.4835848689677,893.334270320412,14.6527102071552,28.5326512588686,7.293310660381,161.681876533847,9.53815645188757,Served,30.4835848689677,Stable,0
620,619,6,SAT-1,Satellite,1134400.14998589,171.790073841158,-2.81488664692941,9.1039041918082,188.391482363219,10.3467412658371,28.3266647192597,-2.81488664692941,171.790073841158,-12.7225182534652,Served,9.1039041918082,Stable,0
621,620,1,BS2,Terrestrial,295.272687326099,106.525743183822,52.8107172417535,33.994764,893.334270320412,8.75952808811392,28.236660036543,12.18668474821,156.788502446018,52.8107172417535,Served,33.994764,Stable,0
621,620,2,BS2,Terrestrial,144.900842099444,111.386606962553,47.9498534630227,33.994764,893.334270320412,8.75952808811392,28.2506850316203,3.00573585865621,165.969451335572,47.9498534630227,Served,33.994764,Stable,0
621,620,3,BS1,Terrestrial,158.603762337124,100.581554616873,58.7549058087029,50.992146,893.334270320412,8.75952808811392,28.2274761607496,7.33934964407044,161.635837550158,58.7549058087029,Served,50.992146,Stable,0
621,620,4,BS2,Terrestrial,1289.96390375941,151.013739660585,8.32272076499123,18.1322641564308,893.334270320412,16.4225541574848,28.2846040445476,6.98793355906227,161.987253635166,8.32272076499123,Served,18.1319520743136,InTransition,0.0172114256958314
621,620,5,BS1,Terrestrial,2496.53115061175,147.923146673289,11.413313752287,35.7287821982636,893.334270320412,12.501605363474,28.3142050996426,5.43048277469526,163.544704419533,11.413313752287,Served,35.7287821982636,Stable,0
621,620,6,SAT-1,Satellite,1140240.61202044,166.048941448231,2.92624574599742,46.9922361617459,188.391482363219,4.00899164948823,28.1100466940191,2.92624574599742,166.048941448231,-4.80643353085335,Served,46.9922361617459,Stable,0
622,621,1,BS2,Terrestrial,295.272687326099,90.6045954317866,68.7318649937893,33.994764,893.334270320412,8.75952808811392,28.0208270409036,-4.30815523305299,173.283342427281,68.7318649937893,Served,33.994764,Stable,0
622,621,2,BS2,Terrestrial,144.900842099444,109.402293952326,49.93416647325,33.994764,893.334270320412,8.75952808811392,28.0347288448698,4.50706500127157,164.468122192957,49.93416647325,Served,33.994764,Stable,0
622,621,3,BS1,Terrestrial,158.603762337124,108.362753465493,50.9737069600832,50.992146,893.334270320412,8.75952808811392,28.011724088235,6.32971366395259,162.645473530276,50.9737069600832,Served,50.992146,Stable,0
622,621,4,BS2,Terrestrial,1289.96390375941,145.220470109952,14.1159903156243,29.0338612739327,893.334270320412,10.2562345151851,28.0683521207535,6.36036050811737,162.614826686111,14.1159903156243,Served,29.0338612739327,Stable,0
622,621,5,BS1,Terrestrial,2496.53115061175,141.906240038748,17.4302203868281,50.992146,893.334270320412,8.75952808811392,28.097689464378,-2.36645665382503,171.341643848053,17.4302203868281,Served,50.992146,Stable,0
622,621,6,SAT-1,Satellite,1146092.76862851,167.59151059848,1.38367659574854,37.4415735767191,188.391482363219,5.03161230596246,27.8953347640216,1.38367659574854,167.59151059848,-6.94577034408286,Served,37.4415735767191,Stable,0
623,622,1,BS2,Terrestrial,295.272687326099,89.7828563294029,69.5536040961729,33.994764,893.334270320412,8.75952808811392,27.8068898367023,8.91060016497335,160.064587029255,69.5536040961729,Served,33.994764,Stable,0
623,622,2,BS2,Terrestrial,144.900842099444,120.435882618488,38.9005778070875,33.994764,893.334270320412,8.75952808811392,27.8206700829041,-1.00202155999722,169.977208754225,38.9005778070875,Served,33.994764,Stable,0
623,622,3,BS1,Terrestrial,158.603762337124,104.108192004531,55.2282684210452,50.992146,893.334270320412,8.75952808811392,27.7978667303677,1.5005902459429,167.474596948285,55.2282684210452,Served,50.992146,Stable,0
623,622,4,BS2,Terrestrial,1289.96390375941,153.294182134337,6.04227829123892,14.2454755833291,893.334270320412,20.9033449508194,27.8540015095268,-5.38187834553861,174.357065539767,6.04227829123892,Served,14.2454755833291,Stable,0
623,622,5,BS1,Terrestrial,2496.53115061175,139.769086083701,19.5673743418753,50.992146,893.334270320412,8.75952808811392,27.8830786877759,3.11542107903244,165.859766115196,19.5673743418753,Served,50.992146,Stable,0
623,622,6,SAT-1,Satellite,1151956.43505511,159.644487978484,9.33069921574366,97.7635194603518,188.391482363219,1.92701207365618,27.682503614686,9.33069921574366,159.644487978484,-14.7466711769,Served,97.7635194603518,Stable,0
624,623,1,BS2,Terrestrial,295.272687326099,90.5278844553552,68.8085759702206,33.994764,893.334270320412,8.75952808811392,27.594823251766,-5.67987033274008,174.655057526968,68.8085759702206,Served,33.994764,Stable,0
624,623,2,BS2,Terrestrial,144.900842099444,115.848614446474,43.487845979102,33.994764,893.334270320412,8.75952808811392,27.6084835503696,9.53370489796217,159.441482296266,43.487845979102,Served,33.994764,Stable,0
624,623,3,BS1,Terrestrial,158.603762337124,96.1003311228085,63.2361293027673,50.992146,893.334270320412,8.75952808811392,27.5858789303781,1.78783917030611,167.187348023922,63.2361293027673,Served,50.992146,Stable,0
624,623,4,BS2,Terrestrial,1289.96390375941,144.611189763269,14.725270662307,30.2293090501689,893.334270320412,9.8506416277199,27.6415269613852,6.00109586609747,162.974091328131,14.725270662307,Served,30.2293090501689,Stable,0
624,623,5,BS1,Terrestrial,2496.53115061175,144.974532248327,14.3619281772493,44.2735503121847,893.334270320412,10.0888031795651,27.6703474685967,9.47767728452797,159.4975099097,14.3619281772493,Served,44.2735503121847,Stable,0
624,623,6,SAT-1,Satellite,1157831.42989647,156.674118487321,12.3010687069071,125.065556493754,188.391482363219,1.50634185498248,27.4715282917221,12.3010687069071,156.674118487321,-15.0482706794392,Served,125.065556493754,Stable,0
625,624,1,BS2,Terrestrial,295.272687326099,92.4245513798983,66.9119090456776,50.992146,893.334270320412,8.75952808811392,27.3846024729089,5.02845903121096,163.946728163017,66.9119090456776,Served,50.992146,Stable,0
625,624,2,BS2,Terrestrial,144.900842099444,108.268310781317,51.0681496442588,50.992146,893.334270320412,8.75952808811392,27.3981444111403,1.8081528473281,167.1670343469,51.0681496442588,Served,50.992146,Stable,0
625,624,3,BS1,Terrestrial,158.603762337124,99.7743926141293,59.5620678114466,101.984292,893.334270320412,8.75952808811392,27.375735890319,2.72137062657271,166.253816567655,59.5620678114466,Served,101.984292,Stable,0
625,624,4,SAT-1,Satellite,1158989.2302267,162.418151339249,6.55703585497955,24.6620573122578,188.391482363219,2.54630666017175,27.4309035865899,6.55703585497955,162.418151339249,3.90192623553543,Served,24.2806860261244,InTransition,15.4638877569988
625,624,5,SAT-1,Satellite,1158191.87346739,159.717150827008,9.25803636721997,32.371866837773,188.391482363219,1.93986837714484,27.4594708659398,9.25803636721997,159.717150827008,-1.5548880172849,Served,31.87161631979,InTransition,15.4532489735601
625,624,6,SAT-1,Satellite,1163717.57503342,163.007468120492,5.96771907373642,23.0789194051949,188.391482363219,2.72097491590547,27.2623841973538,5.96771907373642,163.007468120492,-6.06493336898211,Served,23.0789194051949,Stable,0
626,625,1,BS2,Terrestrial,295.272687326099,89.7285480356809,69.6079123898949,33.994764,893.334270320412,8.75952808811392,27.1762030421186,9.11969884675338,159.855488347475,69.6079123898949,Served,33.994764,Stable,0
626,625,2,BS2,Terrestrial,144.900842099444,111.404161595334,47.9322988302415,33.994764,893.334270320412,8.75952808811392,27.1896281845085,4.84141686043412,164.133770333794,47.9322988302415,Served,33.994764,Stable,0
626,625,3,BS1,Terrestrial,158.603762337124,99.4381964910836,59.8982639344923,50.992146,893.334270320412,8.75952808811392,27.1674131672492,-0.558326770216894,169.533513964445,59.8982639344923,Served,50.992146,Stable,0
626,625,4,BS2,Terrestrial,1289.96390375941,152.783153465871,6.55330695970488,15.0869705309569,893.334270320412,19.737434330888,27.2221068513492,-7.7968001304649,176.771987324693,6.55330695970488,Served,15.0867108626846,InTransition,0.0172114256958314
626,625,5,BS1,Terrestrial,2496.53115061175,150.429628712893,8.9068317126827,28.7641385133302,893.334270320412,15.5286116061918,27.2504242954531,6.07232307475539,162.902864119473,8.9068317126827,Served,28.763180376247,InTransition,0.0333101261755124
626,625,6,SAT-1,Satellite,1169614.69556597,159.410065308288,9.5651218859399,99.8614681629314,188.391482363219,1.88652826589575,27.0550470864785,9.5651218859399,159.410065308288,-9.51907022265209,Served,99.8614681629314,Stable,0
627,626,1,BS2,Terrestrial,295.272687326099,93.2676692267096,66.0687911988663,33.994764,893.334270320412,8.75952808811392,26.9696008526827,0.245570058190054,168.729617136038,66.0687911988663,Served,33.994764,Stable,0
627,626,2,BS2,Terrestrial,144.900842099444,115.41437444879,43.9220859767856,33.994764,893.334270320412,8.75952808811392,26.9829107413145,6.97324548937581,162.001941704852,43.9220859767856,Served,33.994764,Stable,0
627,626,3,BS1,Terrestrial,158.603762337124,104.674867951637,54.6615924739391,50.992146,893.334270320412,8.75952808811392,26.9608866693578,7.53265946652232,161.442527727706,54.6615924739391,Served,50.992146,Stable,0
627,626,4,BS2,Terrestrial,1289.96390375941,151.819866725452,7.51659370012428,16.7214084658735,893.334270320412,17.8081942507735,27.0151125739593,-6.17251798753773,175.147705181766,7.51659370012428,Served,16.7214084658735,Stable,0
627,626,5,BS1,Terrestrial,2496.53115061175,142.752124111603,16.5843363139725,50.8620772856882,893.334270320412,8.78192867843978,27.0431835254792,-0.00366557951838331,168.978852773746,16.5843363139725,Served,50.8620772856882,Stable,0
627,626,6,SAT-1,Satellite,1175522.61974925,157.493602888421,11.481584305807,117.395602383818,188.391482363219,1.60475757641487,26.8494930627708,11.481584305807,157.493602888421,-10.2282635912432,Served,117.395602383818,Stable,0
628,627,1,BS2,Terrestrial,295.272687326099,90.4957365740963,68.8407238514796,33.994764,893.334270320412,8.75952808811392,26.7647721452622,13.9245766139822,155.050610580246,68.8407238514796,Served,33.994764,Stable,0
628,627,2,BS2,Terrestrial,144.900842099444,116.343011209565,42.9934492160112,33.994764,893.334270320412,8.75952808811392,26.7779683000236,1.59640301136446,167.378784182864,42.9934492160112,Served,33.994764,Stable,0
628,627,3,BS1,Terrestrial,158.603762337124,101.546820000048,57.7896404255283,50.992146,893.334270320412,8.75952808811392,26.7561326520359,8.13133027974391,160.843856914484,57.7896404255283,Served,50.992146,Stable,0
628,627,4,BS2,Terrestrial,1289.96390375941,145.877546284231,13.4589141413445,27.751664807789,893.334270320412,10.7300982542578,26.8098969208921,9.11530792298967,159.859879271238,13.4589141413445,Served,27.751664807789,Stable,0
628,627,5,BS1,Terrestrial,2496.53115061175,147.685937053462,11.6505233721143,36.4046570189472,893.334270320412,12.2695053802521,26.8377246731468,0.277628238659531,168.697558955569,11.6505233721143,Served,36.4046570189472,Stable,0
628,627,6,SAT-1,Satellite,1181441.17893055,167.163024849539,1.81216234468951,39.9650119264452,188.391482363219,4.71391032511011,26.6456985747374,1.81216234468951,167.163024849539,-11.748098514522,Served,39.9650119264452,Stable,0
629,628,1,BS2,Terrestrial,295.272687326099,88.8069441162017,70.5295163093741,33.994764,893.334270320412,8.75952808811392,26.561693503921,3.7518311433615,165.223356050867,70.5295163093741,Served,33.994764,Stable,0
629,628,2,BS2,Terrestrial,144.900842099444,114.495946114811,44.8405143107651,33.994764,893.334270320412,8.75952808811392,26.5747774227587,-0.221088740771819,169.196275935,44.8405143107651,Served,33.994764,Stable,0
629,628,3,BS1,Terrestrial,158.603762337124,101.813833712079,57.5226267134967,50.992146,893.334270320412,8.75952808811392,26.553127713904,4.88913193358033,164.086055260648,57.5226267134967,Served,50.992146,Stable,0
629,628,4,BS2,Terrestrial,1289.96390375941,148.025331289513,11.3111291360631,23.6255923520331,893.334270320412,12.6040475798347,26.6064364028354,5.51318767549617,163.461999518732,11.3111291360631,Served,23.6255923520331,Stable,0
629,628,5,BS1,Terrestrial,2496.53115061175,142.172184404007,17.1642760215691,50.992146,893.334270320412,8.75952808811392,26.6340242004144,7.82751196550808,161.14767522872,17.1642760215691,Served,50.992146,Stable,0
629,628,6,SAT-1,Satellite,1187370.20748769,162.94510847816,6.0300787160686,69.7334302964482,188.391482363219,2.70159493893152,26.4436404117311,6.0300787160686,162.94510847816,-12.5247099890044,Served,69.7334302964482,Stable,0
630,629,1,BS2,Terrestrial,295.272687326099,87.1738586218657,72.1626018037102,33.994764,893.334270320412,8.75952808811392,26.3603418521156,-2.60713764589701,171.582324840125,72.1626018037102,Served,33.994764,Stable,0
630,629,2,BS2,Terrestrial,144.900842099444,106.110504679638,53.2259557459377,33.994764,893.334270320412,8.75952808811392,26.3733150112915,5.08480416804323,163.890383026185,53.2259557459377,Served,33.994764,Stable,0
630,629,3,BS1,Terrestrial,158.603762337124,102.364520131093,56.9719402944831,50.992146,893.334270320412,8.75952808811392,26.3518487928012,0.906576399383596,168.068610794845,56.9719402944831,Served,50.992146,Stable,0
630,629,4,SAT-1,Satellite,1188539.27764654,163.704928958226,5.27025823600175,63.7825807254367,188.391482363219,2.95365098465023,26.4047078706933,5.27025823600175,163.704928958226,-0.925719222112775,Served,62.7711062817154,InTransition,15.8581611502253
630,629,5,BS1,Terrestrial,2496.53115061175,144.066576985671,15.2698834399045,46.9538090483075,893.334270320412,9.51290521926903,26.4320589100732,2.30566284835859,166.66952434587,15.2698834399045,Served,46.9538090483075,Stable,0
630,629,6,BS2,Terrestrial,4576.26928829528,163.378403270309,-4.04194284473274,2.93466987881108,893.334270320412,101.469024593472,26.2432956999291,-5.1708433232676,174.146030517496,-4.04194284473274,BelowTarget,2.93449069031879,InTransition,0.0610591649813323
631,630,1,BS2,Terrestrial,295.272687326099,90.5095240701345,68.8269363554413,50.992146,893.334270320412,8.75952808811392,26.1606944486534,5.0149474966301,163.960239697598,68.8269363554413,Served,50.992146,Stable,0
631,630,2,BS2,Terrestrial,144.900842099444,109.897840045947,49.4386203796286,50.992146,893.334270320412,8.75952808811392,26.1735583030041,3.50874839389331,165.466438800335,49.4386203796286,Served,50.992146,Stable,0
631,630,3,BS1,Terrestrial,158.603762337124,115.261212528689,44.0752478968868,50.992146,893.334270320412,8.75952808811392,26.1522731617419,-3.04302210478994,172.018209299018,44.0752478968868,Served,50.992146,Stable,0
631,630,4,SAT-1,Satellite,1194480.76722903,163.291385980249,5.68380121397911,33.4969096538861,188.391482363219,2.8120725808711,26.2046885115535,5.68380121397911,163.291385980249,4.09931994117036,Served,33.4969096538861,Stable,0
631,630,5,BS1,Terrestrial,2496.53115061175,142.273670389968,17.0627900356077,50.992146,893.334270320412,8.75952808811392,26.2318059417158,7.67708790961206,161.298099284616,17.0627900356077,Served,50.992146,Stable,0
631,630,6,SAT-1,Satellite,1199259.02503128,163.695242078372,5.27994511585618,31.9285112267835,188.391482363219,2.95020774731872,26.0446418982827,5.27994511585618,163.695242078372,-4.80249731309044,Served,31.4176170501924,InTransition,16.0011900637111
632,631,1,BS2,Terrestrial,295.272687326099,90.3771932674448,68.9592671581311,33.994764,893.334270320412,8.75952808811392,25.9627288836253,-0.905286795129911,169.880473989358,68.9592671581311,Served,33.994764,Stable,0
632,631,2,BS2,Terrestrial,144.900842099444,115.543326876849,43.7931335487273,33.994764,893.334270320412,8.75952808811392,25.9754848668219,-10.5096495567064,179.484836750935,43.7931335487273,Served,33.994764,Stable,0
632,631,3,BS1,Terrestrial,158.603762337124,108.304881375848,51.031579049728,50.992146,893.334270320412,8.75952808811392,25.9543784248474,3.73555192013899,165.239635274089,51.031579049728,Served,50.992146,Stable,0
632,631,4,BS2,Terrestrial,1289.96390375941,153.938131514649,5.39832891092695,13.2130458586792,893.334270320412,22.5366727166245,26.0063558446266,-0.34139945830313,169.316586652531,5.39832891092695,Served,13.2128184433222,InTransition,0.0172114256958314
632,631,5,BS1,Terrestrial,2496.53115061175,157.193315490102,2.14314493547411,12.8469123906977,893.334270320412,34.768442531268,26.0332427676768,-8.14605879807806,177.121245992306,2.14314493547411,Served,12.8469123906977,Stable,0
632,631,6,SAT-1,Satellite,1205218.49738722,160.419550276954,8.55563691727431,90.9139774913531,188.391482363219,2.07219492053504,25.8476567944443,8.55563691727431,160.419550276954,-12.9517923641851,Served,90.9139774913531,Stable,0
633,632,1,BS2,Terrestrial,295.272687326099,90.1311068726715,69.2053535529043,50.992146,893.334270320412,8.75952808811392,25.7664230743166,1.68193446762479,167.293252726603,69.2053535529043,Served,50.992146,Stable,0
633,632,2,BS2,Terrestrial,144.900842099444,113.956162834593,45.3802975909831,50.992146,893.334270320412,8.75952808811392,25.7790725991263,4.54049694448506,164.434690249743,45.3802975909831,Served,50.992146,Stable,0
633,632,3,BS1,Terrestrial,158.603762337124,101.226882013063,58.109578412513,33.994764,893.334270320412,8.75952808811392,25.7581425132567,1.66375213780631,167.311435056422,58.109578412513,Served,33.994764,Stable,0
633,632,4,BS1,Terrestrial,1684.50527938871,150.224200466325,9.11225995925065,19.547121457286,893.334270320412,15.2338588961808,25.8096877171635,5.34100359428803,163.63418359994,9.11225995925065,Served,19.5466821236282,InTransition,0.0224756191750323
633,632,5,BS1,Terrestrial,2496.53115061175,149.368482387563,9.96797803801277,21.112558391278,893.334270320412,14.1043110260774,25.8363471889503,5.92913571973406,163.046051474494,9.96797803801277,Served,21.112558391278,Stable,0
633,632,6,SAT-1,Satellite,1211187.80574275,165.328761861448,3.64642533278047,51.8766369077706,188.391482363219,3.63152844117772,25.6523185006756,3.64642533278047,165.328761861448,-0.651172866416999,Served,51.8766369077706,Stable,0
634,633,1,BS2,Terrestrial,295.272687326099,89.8986311383013,69.4378292872746,33.994764,893.334270320412,8.75952808811392,25.5717552611029,10.502475583291,158.472711610937,69.4378292872746,Served,33.994764,Stable,0
634,633,2,BS2,Terrestrial,144.900842099444,124.218469732325,35.1179906932505,33.994764,893.334270320412,8.75952808811392,25.5842997196519,11.0615391920726,157.913648002156,35.1179906932505,Served,33.994764,Stable,0
634,633,3,BS1,Terrestrial,158.603762337124,101.576285987723,57.7601744378528,50.992146,893.334270320412,8.75952808811392,25.5635436810217,9.2181652355676,159.757021958661,57.7601744378528,Served,50.992146,Stable,0
634,633,4,BS2,Terrestrial,1289.96390375941,146.170174242745,13.1662861828309,27.1832601459367,893.334270320412,10.9544656714517,25.6146623003563,3.80039380759467,165.174793386633,13.1662861828309,Served,27.1827922832745,InTransition,0.0172114256958314
634,633,5,BS1,Terrestrial,2496.53115061175,143.107188700938,16.2292717246376,49.8035158917159,893.334270320412,8.96858639722066,25.6410973310907,-2.00230595110722,170.977493145335,16.2292717246376,Served,49.8035158917159,Stable,0
634,633,6,SAT-1,Satellite,1217166.79874403,173.436316393126,-4.46112919889805,13.2446108809057,188.391482363219,14.224010358418,25.4586054497438,-4.46112919889805,173.436316393126,-9.28679279197905,Served,13.2446108809057,Stable,0
635,634,1,BS2,Terrestrial,295.272687326099,91.9636702740211,67.3727901515547,50.992146,893.334270320412,8.75952808811392,25.3787040033359,2.23927439085716,166.735912803371,67.3727901515547,Served,50.992146,Stable,0
635,634,2,BS2,Terrestrial,144.900842099444,113.013983816868,46.3224766087082,50.992146,893.334270320412,8.75952808811392,25.3911447673725,8.57197552947207,160.403211664756,46.3224766087082,Served,50.992146,Stable,0
635,634,3,BS1,Terrestrial,158.603762337124,104.058631804705,55.2778286208705,50.992146,893.334270320412,8.75952808811392,25.3705605009927,2.25690511057914,166.718282083649,55.2778286208705,Served,50.992146,Stable,0
635,634,4,SAT-1,Satellite,1218346.32744547,160.987665533214,7.98752166101443,42.9931470347044,188.391482363219,2.19094780629978,25.4212580852275,7.98752166101443,160.987665533214,-1.30903685964722,Served,42.2942563001675,InTransition,16.2558636140936
635,634,5,BS1,Terrestrial,2496.53115061175,152.194002622293,7.14245780328318,24.1192842277638,893.334270320412,18.5190875045141,25.4474716401012,-0.107833297018885,169.083020491247,7.14245780328318,Served,24.1192842277638,Stable,0
635,634,6,SAT-1,Satellite,1223155.32772209,161.876607983485,7.09857921074351,39.2274877617673,188.391482363219,2.40126876729068,25.2664963908093,7.09857921074351,161.876607983485,-7.56304368762358,Served,39.2274877617673,Stable,0
636,635,1,BS2,Terrestrial,295.272687326099,94.7527744634866,64.5836859620892,33.994764,893.334270320412,8.75952808811392,25.1872481752236,10.8440675701453,158.131119624083,64.5836859620892,Served,33.994764,Stable,0
636,635,2,BS2,Terrestrial,144.900842099444,112.54739267087,46.7890677547061,33.994764,893.334270320412,8.75952808811392,25.1995865963812,4.64140967918766,164.33377751504,46.7890677547061,Served,33.994764,Stable,0
636,635,3,BS1,Terrestrial,158.603762337124,102.207482176353,57.1289782492229,50.992146,893.334270320412,8.75952808811392,25.1791718606988,6.39770343820953,162.577483756019,57.1289782492229,Served,50.992146,Stable,0
636,635,4,SAT-1,Satellite,1224336.85697421,162.889448999284,6.0857381949443,70.1779426761293,188.391482363219,2.68448283291296,25.2294538785134,6.0857381949443,162.889448999284,5.31871914935644,Served,70.1779426761293,Stable,0
636,635,5,BS1,Terrestrial,2496.53115061175,142.608536094931,16.7279243306446,50.992146,893.334270320412,8.75952808811392,25.2554488783151,2.31817998085745,166.657007213371,16.7279243306446,Served,50.992146,Stable,0
636,635,6,BS2,Terrestrial,4576.26928829528,163.463706550225,-4.12724612464919,2.88597293103563,893.334270320412,103.181179180342,25.0759703853109,-8.90169877849439,177.876885972723,-4.12724612464919,BelowTarget,2.8857967159383,InTransition,0.0610591649813323
637,636,1,BS2,Terrestrial,295.272687326099,91.0543735107588,68.2820869148171,33.994764,893.334270320412,8.75952808811392,24.9973669617069,5.35548262092263,163.619704573305,68.2820869148171,Served,33.994764,Stable,0
637,636,2,BS2,Terrestrial,144.900842099444,111.061641544583,48.2748188809932,33.994764,893.334270320412,8.75952808811392,25.0096043717683,7.2563815897507,161.718805604477,48.2748188809932,Served,33.994764,Stable,0
637,636,3,BS1,Terrestrial,158.603762337124,107.390674287852,51.9457861377238,50.992146,893.334270320412,8.75952808811392,24.9893569582247,0.758036582450643,168.217150611777,51.9457861377238,Served,50.992146,Stable,0
637,636,4,BS2,Terrestrial,1289.96390375941,144.54896273067,14.7874976949056,30.3517233850042,893.334270320412,9.8109120964751,25.0392287985421,-4.08937645740428,173.064563651632,14.7874976949056,Served,30.3512009885724,InTransition,0.0172114256958314
637,636,5,BS1,Terrestrial,2496.53115061175,143.260059325651,16.0764010999252,49.3483702781743,893.334270320412,9.05130468630202,25.0650081202729,7.36686740509353,161.608319789135,16.0764010999252,Served,49.3483702781743,Stable,0
637,636,6,SAT-1,Satellite,1235160.41203609,163.227229494872,5.74795769935605,67.4979854720176,188.391482363219,2.7910682229371,24.8870068028493,5.74795769935605,163.227229494872,-15.7344205389034,Served,66.3856047256384,InTransition,16.4802066106159
638,637,1,BS2,Terrestrial,295.272687326099,94.439458876173,64.8970015494028,33.994764,893.334270320412,8.75952808811392,24.8090398543412,4.01665756341322,164.958529630815,64.8970015494028,Served,33.994764,Stable,0
638,637,2,BS2,Terrestrial,144.900842099444,115.615569729835,43.7208906957406,33.994764,893.334270320412,8.75952808811392,24.8211775655015,-4.57243473563193,173.54762192986,43.7208906957406,Served,33.994764,Stable,0
638,637,3,BS1,Terrestrial,158.603762337124,101.799020839336,57.5374395862402,50.992146,893.334270320412,8.75952808811392,24.8010952980921,1.077246330912,167.897940863316,57.5374395862402,Served,50.992146,Stable,0
638,637,4,BS2,Terrestrial,1289.96390375941,148.159561326194,11.1768990993816,23.3717615358032,893.334270320412,12.740934809327,24.8505622711161,0.146435071637654,168.82875212259,11.1768990993816,Served,23.3717615358032,Stable,0
638,637,5,BS1,Terrestrial,2496.53115061175,144.176115590199,15.1603448353773,46.629527165968,893.334270320412,9.57906207305916,24.8761287486018,8.36526090614157,160.609926288087,15.1603448353773,Served,46.629527165968,Stable,0
638,637,6,SAT-1,Satellite,1241176.68298083,164.570504836994,4.4046823572337,57.2897349355535,188.391482363219,3.28839856869899,24.6995853170772,4.4046823572337,164.570504836994,-2.85780366896998,Served,57.2897349355535,Stable,0
639,638,1,BS2,Terrestrial,295.272687326099,88.1993457150453,71.1371147105306,33.994764,893.334270320412,8.75952808811392,24.6222466471821,-0.834581649598135,169.809768843826,71.1371147105306,Served,33.994764,Stable,0
639,638,2,BS2,Terrestrial,144.900842099444,117.936800741994,41.3996596835815,33.994764,893.334270320412,8.75952808811392,24.6342859523115,3.19649559038763,165.77869160384,41.3996596835815,Served,33.994764,Stable,0
639,638,3,BS1,Terrestrial,158.603762337124,110.250213245434,49.0862471801414,101.984292,893.334270320412,8.75952808811392,24.6143666871465,3.65507192408566,165.320115270142,49.0862471801414,Served,101.984292,Stable,0
639,638,4,BS2,Terrestrial,1289.96390375941,148.973383293817,10.3630771317589,21.8452532638716,893.334270320412,13.6312491555902,24.6634340253978,-0.79686778295391,169.772054977182,10.3630771317589,Served,21.8452532638716,Stable,0
639,638,5,SAT-1,Satellite,1241548.79218727,158.714930040616,10.2602571536117,53.073573012496,188.391482363219,1.77481439132487,24.6887904498989,10.2602571536117,158.714930040616,6.65730563239319,Served,52.1943857119172,InTransition,16.5654439804123
639,638,6,SAT-1,Satellite,1247201.92101793,163.389325579901,5.58586161432748,33.1136136479744,188.391482363219,2.84462282440658,24.5136859015956,5.58586161432748,163.389325579901,-2.88334820750228,Served,33.1136136479744,Stable,0
640,639,1,BS2,Terrestrial,295.272687326099,89.0409517709378,70.295508654638,33.994764,893.334270320412,8.75952808811392,24.4369674326815,-7.37904911170202,176.35423630593,70.295508654638,Served,33.994764,Stable,0
640,639,2,BS2,Terrestrial,144.900842099444,122.069240962626,37.2672194629503,33.994764,893.334270320412,8.75952808811392,24.4489096055881,4.20529109384259,164.769896100386,37.2672194629503,Served,33.994764,Stable,0
640,639,3,BS1,Terrestrial,158.603762337124,106.431714952027,52.9047454735491,50.992146,893.334270320412,8.75952808811392,24.4291512304534,6.00912849757512,162.966058696653,52.9047454735491,Served,50.992146,Stable,0
640,639,4,BS2,Terrestrial,1289.96390375941,153.902220359399,5.43424006617704,13.2697589193909,893.334270320412,22.4403541854605,24.4778240898051,-12.1777432869992,181.152930481227,5.43424006617704,Served,13.2697589193909,Stable,0
640,639,5,BS1,Terrestrial,2496.53115061175,145.869956981333,13.466503444243,41.6496432600331,893.334270320412,10.7243928206422,24.5029732106235,-3.22866775622293,172.203854950451,13.466503444243,Served,41.648255905161,InTransition,0.0333101261755124
640,639,6,SAT-1,Satellite,1253235.99011912,171.757230326951,-2.78204313272258,18.320488419074,188.391482363219,10.2831037062898,24.3292888258631,-2.78204313272258,171.757230326951,-8.02433963322983,Served,18.320488419074,Stable,0
641,640,1,BS2,Terrestrial,295.272687326099,93.5721190833303,65.7643413422456,33.994764,893.334270320412,8.75952808811392,24.2531825975967,1.30879401517495,167.666393179053,65.7643413422456,Served,33.994764,Stable,0
641,640,2,BS2,Terrestrial,144.900842099444,113.678700870679,45.6577595548968,33.994764,893.334270320412,8.75952808811392,24.2650288932874,-4.62957584083802,173.604763035066,45.6577595548968,Served,33.994764,Stable,0
641,640,3,BS1,Terrestrial,158.603762337124,105.487484950469,53.8489754751068,50.992146,893.334270320412,8.75952808811392,24.2454293272082,2.43529304459375,166.539894149634,53.8489754751068,Served,50.992146,Stable,0
641,640,4,BS2,Terrestrial,1289.96390375941,147.829833686111,11.5066267394647,23.9962443981032,893.334270320412,12.4093622804718,24.2937127879182,-5.28914720199191,174.26433439622,11.5066267394647,Served,23.9962443981032,Stable,0
641,640,5,BS1,Terrestrial,2496.53115061175,141.553826307064,17.782634118512,50.992146,893.334270320412,8.75952808811392,24.3186573130004,1.48281822732258,167.492368966906,17.782634118512,Served,50.992146,Stable,0
641,640,6,SAT-1,Satellite,1259278.75663483,163.828047464923,5.14713972930485,62.8397683903703,188.391482363219,2.99796589307748,24.1463746511174,5.14713972930485,163.828047464923,-10.2476216201529,Served,62.8397683903703,Stable,0
642,641,1,BS2,Terrestrial,295.272687326099,88.7821703958502,70.5542900297257,50.992146,893.334270320412,8.75952808811392,24.0708728189141,7.47562070929942,161.499566484929,70.5542900297257,Served,50.992146,Stable,0
642,641,2,BS2,Terrestrial,144.900842099444,110.395060473961,48.9413999516151,50.992146,893.334270320412,8.75952808811392,24.0826244738554,0.869436050502202,168.105751143726,48.9413999516151,Served,50.992146,Stable,0
642,641,3,BS1,Terrestrial,158.603762337124,104.06526783196,55.2711925936161,101.984292,893.334270320412,8.75952808811392,24.0631816666613,9.84043002996719,159.134757164261,55.2711925936161,Served,101.984292,Stable,0
642,641,4,SAT-1,Satellite,1260471.69454835,159.63412981741,9.34105737681847,48.9279868048144,188.391482363219,1.92519143608706,24.1110807344023,9.34105737681847,159.63412981741,8.84116177132589,Served,48.1051196406417,InTransition,16.8179240125961
642,641,5,SAT-1,Satellite,1259653.10817442,162.334717108236,6.64047008599238,37.3341835551948,188.391482363219,2.52304275095102,24.1358233309386,6.64047008599238,162.334717108236,-2.75642563564648,Served,36.706707858572,InTransition,16.8070019716696
642,641,6,None,Outage,1265330.08924675,187.877532662344,-18.902345468116,NaN,NaN,Inf,23.9649242263162,-18.902345468116,187.877532662344,-19.477847592637,Outage,0,Outage,0
643,642,1,BS2,Terrestrial,295.272687326099,88.7470568462498,70.5894035793261,50.992146,893.334270320412,8.75952808811392,23.890019059793,0.770607784783181,168.204579409445,70.5894035793261,Served,50.992146,Stable,0
643,642,2,BS2,Terrestrial,144.900842099444,123.516625497942,35.8198349276343,50.992146,893.334270320412,8.75952808811392,23.9016772921698,0.178540453451205,168.796646740777,35.8198349276343,Served,50.992146,Stable,0
643,642,3,BS1,Terrestrial,158.603762337124,95.299418069304,64.0370423562719,50.992146,893.334270320412,8.75952808811392,23.8823892240615,-6.50253119414145,175.47771838837,64.0370423562719,Served,50.992146,Stable,0
643,642,4,SAT-1,Satellite,1266524.83402115,162.244398598189,6.73078859603885,37.7047431925487,188.391482363219,2.49824645935327,23.9299088309468,6.73078859603885,162.244398598189,4.18050602358286,Served,37.7047431925487,Stable,0
643,642,5,BS1,Terrestrial,2496.53115061175,147.023479597866,12.3129808277099,38.3043696370612,893.334270320412,11.6609968886692,23.9544521259666,-6.3766050341101,175.351792228338,12.3129808277099,Served,38.3030937136755,InTransition,0.0333101261755124
643,642,6,SAT-1,Satellite,1271389.85892139,166.010875808041,2.9643113861876,23.6219367244564,188.391482363219,3.98763836684424,23.784918684096,2.9643113861876,166.010875808041,-14.4989363934204,Served,23.6219367244564,Stable,0
644,643,1,BS2,Terrestrial,295.272687326099,90.5739068022095,68.7625536233664,33.994764,893.334270320412,8.75952808811392,23.7106025655288,-11.7224996080642,180.697686802292,68.7625536233664,Served,33.994764,Stable,0
644,643,2,BS2,Terrestrial,144.900842099444,112.849095284624,46.4873651409514,33.994764,893.334270320412,8.75952808811392,23.7221685755026,3.06312434371571,165.912062850512,46.4873651409514,Served,33.994764,Stable,0
644,643,3,BS1,Terrestrial,158.603762337124,99.7795846989169,59.5568757266589,50.992146,893.334270320412,8.75952808811392,23.7030332566219,7.56384471747887,161.411342476749,59.5568757266589,Served,50.992146,Stable,0
644,643,4,BS2,Terrestrial,1289.96390375941,151.649688896958,7.68677152861744,17.0161761733524,893.334270320412,17.4997065776228,23.7501782622266,6.76489461866888,162.210292575559,7.68677152861744,Served,17.0158833007006,InTransition,0.0172114256958314
644,643,5,BS1,Terrestrial,2496.53115061175,148.447271547716,10.88918887786,34.244381328955,893.334270320412,13.0435159820666,23.7745248431889,-4.0199991351935,172.995186329422,10.88918887786,Served,34.244381328955,Stable,0
644,643,6,SAT-1,Satellite,1277457.93886448,160.5012740365,8.47391315772794,90.2000409612313,188.391482363219,2.08859641698157,23.6063394367545,8.47391315772794,160.5012740365,-7.90731567147856,Served,90.2000409612313,Stable,0
645,644,1,BS2,Terrestrial,295.272687326099,90.4996847392993,68.8367756862766,50.992146,893.334270320412,8.75952808811392,23.5326048595417,9.03405072585255,159.941136468376,68.8367756862766,Served,50.992146,Stable,0
645,644,2,BS2,Terrestrial,144.900842099444,108.696177488826,50.6402829367494,50.992146,893.334270320412,8.75952808811392,23.5440798295067,-0.214809283246097,169.189996477474,50.6402829367494,Served,50.992146,Stable,0
645,644,3,BS1,Terrestrial,158.603762337124,100.034118701064,59.302341724512,50.992146,893.334270320412,8.75952808811392,23.5250952995085,-4.3153014433091,173.290488637537,59.302341724512,Served,50.992146,Stable,0
645,644,4,SAT-1,Satellite,1278656.22043995,163.999795077434,4.97539211679404,30.7675026269731,188.391482363219,3.06153353828043,23.5718704918858,4.97539211679404,163.999795077434,0.763275378344389,Served,30.2425920420459,InTransition,17.0605522096216
645,644,5,BS1,Terrestrial,2496.53115061175,155.440840768682,3.8956196568941,16.4095289732626,893.334270320412,27.2199851615483,23.5960229072653,0.619104602321357,168.356082591907,3.8956196568941,Served,16.4095289732626,Stable,0
645,644,6,SAT-1,Satellite,1283534.20447648,171.46578383506,-2.4905966408314,9.67252188513821,188.391482363219,9.73848829707386,23.4291681722581,-2.4905966408314,171.46578383506,-5.10081130433764,Served,9.67252188513821,Stable,0
646,645,1,BS2,Terrestrial,295.272687326099,93.1079170205681,66.2285434050078,33.994764,893.334270320412,8.75952808811392,23.3560077393893,7.58987998188357,161.385307212345,66.2285434050078,Served,33.994764,Stable,0
646,645,2,BS2,Terrestrial,144.900842099444,107.350559961342,51.9859004642342,33.994764,893.334270320412,8.75952808811392,23.3673928342271,9.03313933466572,159.942047859562,51.9859004642342,Served,33.994764,Stable,0
646,645,3,BS1,Terrestrial,158.603762337124,106.22079776845,53.1156626571256,50.992146,893.334270320412,8.75952808811392,23.3485571618546,3.39002040568661,165.585166788541,53.1156626571256,Served,50.992146,Stable,0
646,645,4,BS2,Terrestrial,1289.96390375941,147.231993480175,12.1044669454007,25.1363814756205,893.334270320412,11.8464978897466,23.3949672585456,3.70747860120522,165.267708593023,12.1044669454007,Served,25.1359488426584,InTransition,0.0172114256958314
646,645,5,BS1,Terrestrial,2496.53115061175,143.336204836562,16.0002555890142,49.1218034243439,893.334270320412,9.09305245374697,23.418928018414,2.12466315718493,166.850524037043,16.0002555890142,Served,49.1218034243439,Stable,0
646,645,6,SAT-1,Satellite,1289618.53330887,163.97531212971,4.99987506451811,61.7202503157222,188.391482363219,3.05234475556281,23.2533868502742,4.99987506451811,163.97531212971,-5.00093175714389,Served,61.7202503157222,Stable,0
647,646,1,BS2,Terrestrial,295.272687326099,90.3155646177564,69.0208958078195,33.994764,893.334270320412,8.75952808811392,23.1807932728077,-0.489257980902181,169.46444517513,69.0208958078195,Served,33.994764,Stable,0
647,646,2,BS2,Terrestrial,144.900842099444,112.965799996193,46.3706604293831,33.994764,893.334270320412,8.75952808811392,23.1920896401399,-3.68734494888957,172.662532143118,46.3706604293831,Served,33.994764,Stable,0
647,646,3,BS1,Terrestrial,158.603762337124,98.0524443570231,61.2840160685528,50.992146,893.334270320412,8.75952808811392,23.1734009228027,5.07221832519394,163.902968869034,61.2840160685528,Served,50.992146,Stable,0
647,646,4,BS2,Terrestrial,1289.96390375941,153.479911483818,5.85654894175752,13.9444003061456,893.334270320412,21.3546716652681,23.219450571841,-8.83724272049807,177.812429914726,5.85654894175752,Served,13.9444003061456,Stable,0
647,646,5,BS1,Terrestrial,2496.53115061175,144.000855034069,15.3356053915074,47.1484882967143,893.334270320412,9.47362580003086,23.2432221484423,-1.66214952563246,170.637336719861,15.3356053915074,Served,47.1484882967143,Stable,0
647,646,6,SAT-1,Satellite,1295710.8050214,170.34220409618,-1.36701690195144,23.7221287590909,188.391482363219,7.94159260648233,23.0789776982339,-1.36701690195144,170.34220409618,-11.5338252748337,Served,23.7221287590909,Stable,0
648,647,1,BS2,Terrestrial,295.272687326099,91.0912048957605,68.2452555298154,33.994764,893.334270320412,8.75952808811392,23.0069437937822,-4.20364067304351,173.178827867272,68.2452555298154,Served,33.994764,Stable,0
648,647,2,BS2,Terrestrial,144.900842099444,112.18731473859,47.1491456869857,33.994764,893.334270320412,8.75952808811392,23.0181525642217,2.16993826205942,166.805248932169,47.1491456869857,Served,33.994764,Stable,0
648,647,3,BS1,Terrestrial,158.603762337124,107.148478145879,52.187982279697,101.984292,893.334270320412,8.75952808811392,22.9996089275774,-4.2232240216222,173.19841121585,52.187982279697,Served,101.984292,Stable,0
648,647,4,BS2,Terrestrial,1289.96390375941,151.150270212275,8.18619021330113,17.8907892097097,893.334270320412,16.6442120923986,23.0453027084855,3.19180511687213,165.783382077356,8.18619021330113,Served,17.8907892097097,Stable,0
648,647,5,SAT-1,Satellite,1296089.40227379,166.904465397758,2.07072179646983,20.7683186523979,188.391482363219,4.5355496878768,23.0688875368069,2.07072179646983,166.904465397758,-0.231884329173425,Served,20.4091688874173,InTransition,17.2931555506148
648,647,6,SAT-1,Satellite,1301810.90134027,158.898718471895,10.0764687223333,52.2381460019976,188.391482363219,1.8031983979295,22.9059232074245,10.0764687223333,158.898718471895,-4.83497088414197,Served,52.2381460019976,Stable,0
649,648,1,BS2,Terrestrial,295.272687326099,89.6022186721409,69.7342417534349,33.994764,893.334270320412,8.75952808811392,22.8344418986491,4.37581923758958,164.599367956639,69.7342417534349,Served,33.994764,Stable,0
649,648,2,BS2,Terrestrial,144.900842099444,121.005361590964,38.331098834612,33.994764,893.334270320412,8.75952808811392,22.8455641860487,2.38627291398387,166.588914280244,38.331098834612,Served,33.994764,Stable,0
649,648,3,BS1,Terrestrial,158.603762337124,98.8750302150315,60.4614302105444,50.992146,893.334270320412,8.75952808811392,22.8271637835877,8.2841743289485,160.69101286528,60.4614302105444,Served,50.992146,Stable,0
649,648,4,BS2,Terrestrial,1289.96390375941,151.03819089327,8.29826953230571,18.088946067655,893.334270320412,16.4618816924477,22.8725062083672,8.1902331263332,160.784954067895,8.29826953230571,Served,18.088946067655,Stable,0
649,648,5,BS1,Terrestrial,2496.53115061175,150.916421463729,8.42003896184713,27.4574745905593,893.334270320412,16.2675971414277,22.895906686704,-2.54784348880636,171.523030683034,8.42003896184713,Served,27.4565599786162,InTransition,0.0333101261755124
649,648,6,SAT-1,Satellite,1307918.70601709,171.94453905496,-2.96935186073173,17.6853296143988,188.391482363219,10.6524156728092,22.7342061291141,-2.96935186073173,171.94453905496,-12.2712439407549,Served,17.6853296143988,Stable,0
650,649,1,BS2,Terrestrial,295.272687326099,89.7680104693021,69.5684499562738,33.994764,893.334270320412,8.75952808811392,22.6632704422306,-6.60775310921247,175.582940303441,69.5684499562738,Served,33.994764,Stable,0
650,649,2,BS2,Terrestrial,144.900842099444,115.880656485665,43.4558039399113,33.994764,893.334270320412,8.75952808811392,22.6743073439299,-3.13921053612671,172.114397730355,43.4558039399113,Served,33.994764,Stable,0
650,649,3,BS1,Terrestrial,158.603762337124,95.3699800829625,63.9664803426134,50.992146,893.334270320412,8.75952808811392,22.6560483565639,-17.1605947502916,186.13578194452,63.9664803426134,Served,50.992146,Stable,0
650,649,4,BS2,Terrestrial,1289.96390375941,144.592800193089,14.7436602324867,30.2654794869983,893.334270320412,9.83886907308792,22.7010438706769,-3.67816794858879,172.653355142817,14.7436602324867,Served,30.2654794869983,Stable,0
650,649,5,BS1,Terrestrial,2496.53115061175,150.524115326705,8.81234509887076,28.5091546256272,893.334270320412,15.6674984237762,22.7242623611917,-3.63645393717641,172.611641131405,8.81234509887076,Served,28.5091546256272,Stable,0
650,649,6,SAT-1,Satellite,1314034.10478879,167.227433986017,1.74775320821098,39.5792044015116,188.391482363219,4.75986026530699,22.5638094707097,1.74775320821098,167.227433986017,-13.7015712009375,Served,39.5792044015116,Stable,0
651,650,1,BS2,Terrestrial,295.272687326099,90.2869764353515,69.0494839902244,33.994764,893.334270320412,8.75952808811392,22.4934125340033,-2.37084374805266,171.346030942281,69.0494839902244,Served,33.994764,Stable,0
651,650,2,BS2,Terrestrial,144.900842099444,109.479651474094,49.8568089514817,33.994764,893.334270320412,8.75952808811392,22.5043651310735,-3.17075645732999,172.145943651558,49.8568089514817,Served,33.994764,Stable,0
651,650,3,BS1,Terrestrial,158.603762337124,98.5512464919355,60.7852139336404,50.992146,893.334270320412,8.75952808811392,22.4862457667278,4.21196255122112,164.763224643007,60.7852139336404,Served,50.992146,Stable,0
651,650,4,BS2,Terrestrial,1289.96390375941,146.33181336543,13.0046470601461,26.8700377747467,893.334270320412,11.0821612013759,22.5308987500711,1.78516028375586,167.190026910472,13.0046470601461,Served,26.8700377747467,Stable,0
651,650,5,BS1,Terrestrial,2496.53115061175,143.896263350293,15.4401970752832,47.4584784152925,893.334270320412,9.41174580549293,22.553937579347,7.13417476451693,161.841012429711,15.4401970752832,Served,47.4584784152925,Stable,0
651,650,6,SAT-1,Satellite,1320156.98533829,160.195594088602,8.77959310562616,92.8788202120669,188.391482363219,2.02835783156021,22.3947164919501,8.77959310562616,160.195594088602,-5.41528798051621,Served,92.8788202120669,Stable,0
652,651,1,BS2,Terrestrial,295.272687326099,88.780624437576,70.5558359879999,33.994764,893.334270320412,8.75952808811392,22.3248515343031,-1.83281738290594,170.808004577134,70.5558359879999,Served,33.994764,Stable,0
652,651,2,BS2,Terrestrial,144.900842099444,114.214375112295,45.1220853132804,33.994764,893.334270320412,8.75952808811392,22.3357208917888,0.76142670978021,168.213760484448,45.1220853132804,Served,33.994764,Stable,0
652,651,3,BS1,Terrestrial,158.603762337124,100.59457814031,58.7418822852656,50.992146,893.334270320412,8.75952808811392,22.3177393849985,4.83719984721307,164.137987347015,58.7418822852656,Served,50.992146,Stable,0
652,651,4,BS2,Terrestrial,1289.96390375941,150.826259851849,8.51020057372648,18.4654357978132,893.334270320412,16.1262422055628,22.3620541528687,4.01483255854407,164.960354635684,8.51020057372648,Served,18.4654357978132,Stable,0
652,651,5,BS1,Terrestrial,2496.53115061175,152.521047015138,6.81541341043808,23.2885399385137,893.334270320412,19.1796968096538,22.3849156124569,6.48205631663654,162.493130877592,6.81541341043808,Served,23.2885399385137,Stable,0
652,651,6,SAT-1,Satellite,1326287.23725605,160.917828805194,8.05735838903388,86.5874805136986,188.391482363219,2.17573581360199,22.2269107011353,8.05735838903388,160.917828805194,-19.9024156298188,Served,86.5874805136986,Stable,0
653,652,1,BS2,Terrestrial,295.272687326099,90.6732978750741,68.6631625505018,33.994764,893.334270320412,8.75952808811392,22.1575710505658,6.19852860977736,162.776658584451,68.6631625505018,Served,33.994764,Stable,0
653,652,2,BS2,Terrestrial,144.900842099444,113.81680096336,45.5196594622163,33.994764,893.334270320412,8.75952808811392,22.1683582177256,9.38601873117236,159.589168463056,45.5196594622163,Served,33.994764,Stable,0
653,652,3,BS1,Terrestrial,158.603762337124,97.8935675648557,61.4428928607202,50.992146,893.334270320412,8.75952808811392,22.1505128292357,6.47126790859167,162.503919285636,61.4428928607202,Served,50.992146,Stable,0
653,652,4,SAT-1,Satellite,1327498.70258863,165.346626788892,3.62856040533646,51.7523749572187,188.391482363219,3.64024805661485,22.1944936332853,3.62856040533646,165.346626788892,3.53962105052719,Served,50.8357246709518,InTransition,17.7122361442279
653,652,5,BS1,Terrestrial,2496.53115061175,145.748865550195,13.5875948753812,42.0032191526798,893.334270320412,10.6341167217825,22.2171799802466,1.79402986509601,167.181157329132,13.5875948753812,Served,42.0032191526798,Stable,0
653,652,6,BS2,Terrestrial,4576.26928829528,166.868325084247,-7.531864658671,1.43535800781087,893.334270320412,207.45910670813,22.0603758513925,-14.1397146136212,183.114901807849,-7.531864658671,BelowTarget,1.43527036604946,InTransition,0.0610591649813323
654,653,1,BS2,Terrestrial,295.272687326099,90.0136887234792,69.3227717020967,25.496073,893.334270320412,8.75952808811392,21.9915549336067,6.71806177511976,162.257125419108,69.3227717020967,Served,25.496073,Stable,0
654,653,2,BS2,Terrestrial,144.900842099444,119.210894728124,40.1255656974521,25.496073,893.334270320412,8.75952808811392,22.0022609441503,-8.68284643595081,177.658033630179,40.1255656974521,Served,25.496073,Stable,0
654,653,3,BS1,Terrestrial,158.603762337124,99.4203100539142,59.9161503716617,50.992146,893.334270320412,8.75952808811392,21.9845499605198,-1.00941111109475,169.984598305323,59.9161503716617,Served,50.992146,Stable,0
654,653,4,BS2,Terrestrial,1289.96390375941,155.207072166972,4.12938825860357,8.45991584129114,893.334270320412,26.3990294667067,22.0282009897049,0.181694853018683,168.793492341209,4.12938825860357,Served,8.45977023407824,InTransition,0.0172114256958314
654,653,5,BS1,Terrestrial,2496.53115061175,154.814809929977,4.52165049559929,17.7933538313497,893.334270320412,25.1030322554051,22.0507144471442,-0.269141197467519,169.244328391696,4.52165049559929,Served,17.7933538313497,Stable,0
654,653,6,BS2,Terrestrial,4576.26928829528,161.140897065977,-1.8044366404007,3.3562062547487,893.334270320412,66.5434572932185,21.8950959369807,-6.61773453536591,175.592921729594,-1.8044366404007,BelowTarget,3.3562062547487,Stable,0
655,654,1,BS2,Terrestrial,295.272687326099,86.5681516939121,72.7683087316637,33.994764,893.334270320412,8.75952808811392,21.8267872739374,-6.08913166579686,175.064318860025,72.7683087316637,Served,33.994764,Stable,0
655,654,2,BS2,Terrestrial,144.900842099444,109.916158060321,49.4203023652544,33.994764,893.334270320412,8.75952808811392,21.837413146261,5.53610431068489,163.439082883543,49.4203023652544,Served,33.994764,Stable,0
655,654,3,BS1,Terrestrial,158.603762337124,102.783065497869,56.5533949277072,101.984292,893.334270320412,8.75952808811392,21.8198348794715,4.81417301185337,164.161014182375,56.5533949277072,Served,101.984292,Stable,0
655,654,4,SAT-1,Satellite,1339783.95917942,162.722804823149,6.25238237107942,35.7577575829841,188.391482363219,2.63427428196543,21.8631602609892,6.25238237107942,162.722804823149,3.11850309131233,Served,35.1185464387743,InTransition,17.8761529641872
655,654,5,SAT-1,Satellite,1338952.60485745,160.635570977936,8.33961621629186,44.515231924422,188.391482363219,2.11603393062255,21.8855030185847,8.33961621629186,160.635570977936,7.06438432255425,Served,43.7199646099782,InTransition,17.8650605660994
655,654,6,BS2,Terrestrial,4576.26928829528,161.548598655692,-2.21213823011567,4.15464284036081,893.334270320412,71.6735713631027,21.7310551896345,-3.97862934519517,172.953816539423,-2.21213823011567,BelowTarget,4.15464284036081,Stable,0
656,655,1,BS2,Terrestrial,295.272687326099,86.5253506984332,72.8111097271427,33.994764,893.334270320412,8.75952808811392,21.6632523981237,-1.63910999301345,170.614297187242,72.8111097271427,Served,33.994764,Stable,0
656,655,2,BS2,Terrestrial,144.900842099444,114.055428047893,45.2810323776828,33.994764,893.334270320412,8.75952808811392,21.6737991355422,-4.74663675168648,173.721823945915,45.2810323776828,Served,33.994764,Stable,0
656,655,3,BS1,Terrestrial,158.603762337124,107.224927026248,52.1115333993277,50.992146,893.334270320412,8.75952808811392,21.6563519226105,0.308831373144272,168.666355821084,52.1115333993277,Served,50.992146,Stable,0
656,655,4,BS2,Terrestrial,1289.96390375941,154.758759520467,4.57770090510863,11.9465957889615,893.334270320412,24.9257692623991,21.6993557228274,4.11302681876776,164.86216037546,4.57770090510863,Served,11.9463901710158,InTransition,0.0172114256958314
656,655,5,BS1,Terrestrial,2496.53115061175,151.868236243009,7.46822418256653,24.956911674897,893.334270320412,17.8975323941819,21.721529937353,-7.21995561267335,176.195142806901,7.46822418256653,Served,24.9560803570202,InTransition,0.0333101261755124
656,655,6,SAT-1,Satellite,1350879.81509537,169.995557723931,-1.02037052970292,25.213562782353,188.391482363219,7.47183109302878,21.568238074947,-1.02037052970292,169.995557723931,-2.3904720961861,Served,24.7591084807799,InTransition,18.0242001297493
657,656,1,BS2,Terrestrial,295.272687326099,89.7942290119745,69.5422314136014,50.992146,893.334270320412,8.75952808811392,21.5009348651825,3.47767865684557,165.497508537383,69.5422314136014,Served,50.992146,Stable,0
657,656,2,BS2,Terrestrial,144.900842099444,110.855350888292,48.4811095372837,50.992146,893.334270320412,8.75952808811392,21.5114034561597,7.26517607526316,161.710011118965,48.4811095372837,Served,50.992146,Stable,0
657,656,3,BS1,Terrestrial,158.603762337124,99.9717470586804,59.3647133668954,33.994764,893.334270320412,8.75952808811392,21.4940856587547,6.86524713571112,162.109940058517,59.3647133668954,Served,33.994764,Stable,0
657,656,4,BS1,Terrestrial,1684.50527938871,150.681567255118,8.65489317045805,18.7237909414461,893.334270320412,15.9037286326273,21.5367718841249,-10.6165517877139,179.591738981942,8.65489317045805,Served,18.7233701126514,InTransition,0.0224756191750323
657,656,5,BS1,Terrestrial,2496.53115061175,146.034359371485,13.3021010540905,27.4468564624101,893.334270320412,10.849260297427,21.5587796799663,8.19478196792124,160.780405226307,13.3021010540905,Served,27.4468564624101,Stable,0
657,656,6,SAT-1,Satellite,1357045.33188226,165.082443573027,3.89274362120142,53.6055541140379,188.391482363219,3.51440229425562,21.4066292887946,3.89274362120142,165.082443573027,-6.9670892873614,Served,53.6055541140379,Stable,0
658,657,1,BS2,Terrestrial,295.272687326099,91.6242362657773,67.7122241597985,33.994764,893.334270320412,8.75952808811392,21.3398194630198,-4.1657367781381,173.140923972366,67.7122241597985,Served,33.994764,Stable,0
658,657,2,BS2,Terrestrial,144.900842099444,124.765668729397,34.5707916961794,33.994764,893.334270320412,8.75952808811392,21.3502108813956,6.51406280837892,162.461124385849,34.5707916961794,Served,33.994764,Stable,0
658,657,3,BS1,Terrestrial,158.603762337124,97.4779760612005,61.8584843643753,50.992146,893.334270320412,8.75952808811392,21.3330208854601,2.03200269971188,166.943184494516,61.8584843643753,Served,50.992146,Stable,0
658,657,4,BS2,Terrestrial,1289.96390375941,150.725991832452,8.61046859312356,18.6443575785055,893.334270320412,15.9714856815502,21.3753934834337,-7.80714990870655,176.782337102935,8.61046859312356,Served,18.6440366825304,InTransition,0.0172114256958314
658,657,5,BS1,Terrestrial,2496.53115061175,142.295616952531,17.0408434730448,50.992146,893.334270320412,8.75952808811392,21.3972369530979,1.66457762130702,167.310609572921,17.0408434730448,Served,50.992146,Stable,0
658,657,6,SAT-1,Satellite,1363217.59558356,160.869257347304,8.10592984692434,87.0063785178322,188.391482363219,2.16526058862003,21.2462137538012,8.10592984692434,160.869257347304,-10.793006796176,Served,87.0063785178322,Stable,0
659,658,1,BS2,Terrestrial,295.272687326099,89.341018427122,69.9954419984539,33.994764,893.334270320412,8.75952808811392,21.179891204911,3.91822652436386,165.056960669864,69.9954419984539,Served,33.994764,Stable,0
659,658,2,BS2,Terrestrial,144.900842099444,111.221327547853,48.1151328777225,33.994764,893.334270320412,8.75952808811392,21.190206410126,3.31351887226481,165.661668321963,48.1151328777225,Served,33.994764,Stable,0
659,658,3,BS1,Terrestrial,158.603762337124,97.2881699720207,62.0482904535552,50.992146,893.334270320412,8.75952808811392,21.1731426255025,-0.197738667518507,169.172925861747,62.0482904535552,Served,50.992146,Stable,0
659,658,4,BS2,Terrestrial,1289.96390375941,148.511679065057,10.8247813605185,22.7085796546052,893.334270320412,13.1130213617925,21.2152054854235,6.50224686124213,162.472940332986,10.8247813605185,Served,22.7085796546052,Stable,0
659,658,5,BS1,Terrestrial,2496.53115061175,147.637167275342,11.6992931502338,36.5439124982735,893.334270320412,12.2227507845885,21.2368866900415,6.32757537328374,162.647611820944,11.6992931502338,Served,36.5439124982735,Stable,0
659,658,6,None,Outage,4576.26928829528,167.013720438805,-7.67726001322927,NaN,NaN,Inf,21.0869766158454,-13.0124695080417,181.98765670227,-7.67726001322927,Outage,0,Outage,0
660,659,1,BS2,Terrestrial,295.272687326099,89.4483042003645,69.8881562252113,33.994764,893.334270320412,8.75952808811392,21.0211353260224,-1.08396510394999,170.059152298178,69.8881562252113,Served,33.994764,Stable,0
660,659,2,BS2,Terrestrial,144.900842099444,116.727347311215,42.6091131143609,33.994764,893.334270320412,8.75952808811392,21.0313752633401,6.39196521505457,162.583221979174,42.6091131143609,Served,33.994764,Stable,0
660,659,3,BS1,Terrestrial,158.603762337124,117.608956010912,41.7275044146634,50.992146,893.334270320412,8.75952808811392,21.0144361234011,8.95108328242753,160.024103911801,41.7275044146634,Served,50.992146,Stable,0
660,659,4,BS2,Terrestrial,1289.96390375941,147.907901025913,11.4285593996626,23.8480985358898,893.334270320412,12.4864500060106,21.0561930773952,0.885287985635159,168.089899208593,11.4285593996626,Served,23.8480985358898,Stable,0
660,659,5,BS1,Terrestrial,2496.53115061175,143.05834106742,16.2781193581554,49.9490304391247,893.334270320412,8.94245856693016,21.0777140472189,8.1026905147113,160.872496679517,16.2781193581554,Served,49.9490304391247,Stable,0
660,659,6,SAT-1,Satellite,1375581.97308376,171.334011987617,-2.35882479338878,19.8229745761118,188.391482363219,9.50369389013113,20.9289032406097,-2.35882479338878,171.334011987617,-2.91888200835956,Served,19.8229745761118,Stable,0
661,660,1,BS2,Terrestrial,295.272687326099,88.8232951603018,70.5131652652741,33.994764,893.334270320412,8.75952808811392,20.8635372799751,2.09098121028578,166.884205983942,70.5131652652741,Served,33.994764,Stable,0
661,660,2,BS2,Terrestrial,144.900842099444,114.668042968213,44.6684174573627,33.994764,893.334270320412,8.75952808811392,20.8737028807014,3.05215289677662,165.923034297451,44.6684174573627,Served,33.994764,Stable,0
661,660,3,BS1,Terrestrial,158.603762337124,99.8981272568719,59.438333168704,50.992146,893.334270320412,8.75952808811392,20.8568868419844,0.706385260665769,168.268801933562,59.438333168704,Served,50.992146,Stable,0
661,660,4,BS2,Terrestrial,1289.96390375941,152.441642293691,6.89481813188496,15.6595172334675,893.334270320412,19.0157899293595,20.898341665836,-1.55464780433053,170.529834998559,6.89481813188496,Served,15.6595172334675,Stable,0
661,660,5,BS1,Terrestrial,2496.53115061175,155.614770690579,3.72168973499711,16.0349629875054,893.334270320412,27.8558257669976,20.9197044007279,-1.8863337538229,170.861520948051,3.72168973499711,Served,16.0349629875054,Stable,0
661,660,6,SAT-1,Satellite,1381773.89559673,166.104711999449,2.87047519477895,46.6249019579441,188.391482363219,4.04057648278057,20.7719792101718,2.87047519477895,166.104711999449,-2.09584070720948,Served,46.6249019579441,Stable,0
662,661,1,BS2,Terrestrial,295.272687326099,89.8298086406454,69.5066517849305,33.994764,893.334270320412,8.75952808811392,20.7070827354521,4.30730022746715,164.667886966761,69.5066517849305,Served,33.994764,Stable,0
662,661,2,BS2,Terrestrial,144.900842099444,115.472031973976,43.8644284515999,33.994764,893.334270320412,8.75952808811392,20.7171749171512,1.37214718871806,167.60304000551,43.8644284515999,Served,33.994764,Stable,0
662,661,3,BS1,Terrestrial,158.603762337124,102.844644768961,56.4918156566145,50.992146,893.334270320412,8.75952808811392,20.7004804589986,3.53029613993581,165.444891054292,56.4918156566145,Served,50.992146,Stable,0
662,661,4,BS2,Terrestrial,1289.96390375941,151.764485781298,7.57197464427739,16.817146731852,893.334270320412,17.7068140544202,20.7416368730174,-0.202643552224202,169.177830746452,7.57197464427739,Served,16.817146731852,Stable,0
662,661,5,BS1,Terrestrial,2496.53115061175,141.447960982449,17.8884994431273,50.992146,893.334270320412,8.75952808811392,20.7628433429341,3.55017779976325,165.425009394465,17.8884994431273,Served,50.992146,Stable,0
662,661,6,SAT-1,Satellite,1387972.18238941,162.528900245681,6.44628694854717,73.0843019995455,188.391482363219,2.5777284205901,20.6161903196383,6.44628694854717,162.528900245681,-9.74058090823451,Served,73.0843019995455,Stable,0
663,662,1,BS2,Terrestrial,295.272687326099,89.7701009265623,69.5663594990135,33.994764,893.334270320412,8.75952808811392,20.5517575728479,-1.4342046113801,170.409391805608,69.5663594990135,Served,33.994764,Stable,0
663,662,2,BS2,Terrestrial,144.900842099444,114.588835390605,44.7476250349704,33.994764,893.334270320412,8.75952808811392,20.5617772395567,1.33379040211369,167.641396792114,44.7476250349704,Served,33.994764,Stable,0
663,662,3,BS1,Terrestrial,158.603762337124,100.809123274405,58.5273371511704,50.992146,893.334270320412,8.75952808811392,20.5452028637597,10.112005768673,158.863181425555,58.5273371511704,Served,50.992146,Stable,0
663,662,4,BS2,Terrestrial,1289.96390375941,153.966714264979,5.3697461605972,13.1679812122414,893.334270320412,22.6137997394755,20.5860645336369,-0.968494313250858,169.943681507479,5.3697461605972,Served,13.1679812122414,Stable,0
663,662,5,BS1,Terrestrial,2496.53115061175,155.361018420916,3.97544200466021,16.5828976714714,893.334270320412,26.935409239643,20.6071166791053,-4.25310380558761,173.228290999816,3.97544200466021,Served,16.5828976714714,Stable,0
663,662,6,SAT-1,Satellite,1394176.74171543,162.449957490706,6.52522970352206,73.7267325234905,188.391482363219,2.55526694205788,20.4615225738225,6.52522970352206,162.449957490706,-7.76762108198326,Served,73.7267325234905,Stable,0
664,663,1,BS2,Terrestrial,295.272687326099,90.8048026027488,68.531657822827,50.992146,893.334270320412,8.75952808811392,20.3975478809615,5.73016462249879,163.245022571729,68.531657822827,Served,50.992146,Stable,0
664,663,2,BS2,Terrestrial,144.900842099444,108.117553744091,51.2189066814847,50.992146,893.334270320412,8.75952808811392,20.4074959234004,-2.28397844249557,171.259165636724,51.2189066814847,Served,50.992146,Stable,0
664,663,3,BS1,Terrestrial,158.603762337124,101.00882843877,58.3276319868063,33.994764,893.334270320412,8.75952808811392,20.3910401538481,-0.298944683435309,169.274131877663,58.3276319868063,Served,33.994764,Stable,0
664,663,4,BS1,Terrestrial,1684.50527938871,151.857839692175,7.47862073340136,16.6558697322536,893.334270320412,17.8782672351337,20.4316106915011,0.162188432233478,168.812998761995,7.47862073340136,Served,16.6554953812685,InTransition,0.0224756191750323
664,663,5,BS1,Terrestrial,2496.53115061175,144.924906469092,14.4115539564838,29.6130452016119,893.334270320412,10.0556389280288,20.4525104240892,1.31536287260661,167.659824321621,14.4115539564838,Served,29.6130452016119,Stable,0
664,663,6,SAT-1,Satellite,1400387.48333276,165.501461014471,3.47372617975691,50.6819040569604,188.391482363219,3.7171350577415,20.3079621839648,3.47372617975691,165.501461014471,-4.42042207200186,Served,50.6819040569604,Stable,0
665,664,1,BS2,Terrestrial,295.272687326099,92.5018967517508,66.8345636738251,33.994764,893.334270320412,8.75952808811392,20.2444399537329,3.97448299074122,165.000704203487,66.8345636738251,Served,33.994764,Stable,0
665,664,2,BS2,Terrestrial,144.900842099444,116.023928857664,43.3125315679115,33.994764,893.334270320412,8.75952808811392,20.2543172495141,0.860422690042327,168.114764504186,43.3125315679115,Served,33.994764,Stable,0
665,664,3,BS1,Terrestrial,158.603762337124,102.298158191541,57.0383022340352,50.992146,893.334270320412,8.75952808811392,20.2379786318466,2.66009674121179,166.315090453016,57.0383022340352,Served,50.992146,Stable,0
665,664,4,BS2,Terrestrial,1289.96390375941,144.004855476905,15.3316049486713,31.4244239457468,893.334270320412,9.47600791731003,20.2782615962539,-12.4138951988759,181.389082393104,15.3316049486713,Served,31.4238830866091,InTransition,0.0172114256958314
665,664,5,BS1,Terrestrial,2496.53115061175,144.091447434911,15.2450129906645,46.8801607851882,893.334270320412,9.52784989810296,20.2990107990336,0.30889781530999,168.666289378918,15.2450129906645,Served,46.8801607851882,Stable,0
665,664,6,SAT-1,Satellite,1406604.31847456,165.742612151818,3.23257504241005,49.038163163399,188.391482363219,3.84173203501696,20.1554955644964,3.23257504241005,165.742612151818,-6.19566442334715,Served,49.038163163399,Stable,0
666,665,1,BS2,Terrestrial,295.272687326099,93.3768179126401,65.9596425129357,33.994764,893.334270320412,8.75952808811392,20.0924202870226,-3.56717428977581,172.542361484004,65.9596425129357,Served,33.994764,Stable,0
666,665,2,BS2,Terrestrial,144.900842099444,105.170975286277,54.165485139299,33.994764,893.334270320412,8.75952808811392,20.1022277008557,-3.87938185494241,172.854569049171,54.165485139299,Served,33.994764,Stable,0
666,665,3,BS1,Terrestrial,158.603762337124,99.2526731350218,60.0837872905541,50.992146,893.334270320412,8.75952808811392,20.0860048021226,-3.61989107508018,172.595078269308,60.0837872905541,Served,50.992146,Stable,0
666,665,4,BS2,Terrestrial,1289.96390375941,149.624951668446,9.71150875712962,20.6401713883935,893.334270320412,14.4271132493721,20.1260037001468,0.498376742962506,168.476810451266,9.71150875712962,Served,20.6401713883935,Stable,0
666,665,5,BS1,Terrestrial,2496.53115061175,144.833075828023,14.5033845975527,44.6899210325295,893.334270320412,9.99480699093382,20.1466042281512,-6.13916888638917,175.114356080617,14.5033845975527,Served,44.6899210325295,Stable,0
666,665,6,SAT-1,Satellite,1412827.15982059,167.577357911085,1.39782928314327,37.5232909886747,188.391482363219,5.02065456945338,20.0041093298465,1.39782928314327,167.577357911085,-12.163449444172,Served,37.5232909886747,Stable,0
667,666,1,BS2,Terrestrial,295.272687326099,91.7225090731093,67.6139513524666,33.994764,893.334270320412,8.75952808811392,19.9414755754351,-Inf,Inf,67.6139513524666,Served,33.994764,Stable,0
667,666,2,BS2,Terrestrial,144.900842099444,120.338662966889,38.9977974586869,33.994764,893.334270320412,8.75952808811392,19.9512139593297,-Inf,Inf,38.9977974586869,Served,33.994764,Stable,0
667,666,3,BS1,Terrestrial,158.603762337124,107.525632228512,51.8108281970639,50.992146,893.334270320412,8.75952808811392,19.9351053676527,-Inf,Inf,51.8108281970639,Served,50.992146,Stable,0
667,666,4,BS2,Terrestrial,1289.96390375941,148.357516318171,10.9789441074052,22.9984436259625,893.334270320412,12.9477496368775,19.9748236548535,-Inf,Inf,10.9789441074052,Served,22.9984436259625,Stable,0
667,666,5,BS1,Terrestrial,2496.53115061175,146.015314564207,13.3211458613687,41.2257739139736,893.334270320412,10.8346573697385,19.9952773355274,-Inf,Inf,13.3211458613687,Served,41.2257739139736,Stable,0
667,666,6,None,Outage,4576.26928829528,169.895197198801,-10.5587367732256,NaN,NaN,Inf,19.8537902912931,-Inf,Inf,-10.5587367732256,Outage,0,Outage,0
