ScenarioID,UserID,ScenarioType,NumBS,NumUsers,UserLat,UserLon,ServingNode,ServingType,Distance_m,PathLoss_dB,SNR_dB,Capacity_Mbps,SatElevation_deg,NodePower_W,EnergyPerBit_uJ,NodeLoad,CandBS_SNR_dB,CandBS_Distance_m,CandBS_PathLoss_dB,CandSat_SNR_dB,CandSat_Elevation_deg,CandSat_SlantRange_m,CandSat_PathLoss_dB
1,1,UMi,2,10,NaN,NaN,None,Outage,NaN,NaN,-Inf,0,NaN,0,Inf,0,NaN,NaN,NaN,-Inf,NaN,NaN,Inf
1,2,UMi,2,10,NaN,NaN,None,Outage,NaN,NaN,-Inf,0,NaN,0,Inf,0,NaN,NaN,NaN,-Inf,NaN,NaN,Inf
1,3,UMi,2,10,NaN,NaN,None,Outage,NaN,NaN,-Inf,0,NaN,0,Inf,0,NaN,NaN,NaN,-Inf,NaN,NaN,Inf
1,4,UMi,2,10,NaN,NaN,None,Outage,NaN,NaN,-Inf,0,NaN,0,Inf,0,NaN,NaN,NaN,-Inf,NaN,NaN,Inf
1,5,UMi,2,10,NaN,NaN,None,Outage,NaN,NaN,-Inf,0,NaN,0,Inf,0,NaN,NaN,NaN,-Inf,NaN,NaN,Inf
1,6,UMi,2,10,NaN,NaN,None,Outage,NaN,NaN,-Inf,0,NaN,0,Inf,0,NaN,NaN,NaN,-Inf,NaN,NaN,Inf
1,7,UMi,2,10,NaN,NaN,None,Outage,NaN,NaN,-Inf,0,NaN,0,Inf,0,NaN,NaN,NaN,-Inf,NaN,NaN,Inf
1,8,UMi,2,10,NaN,NaN,None,Outage,NaN,NaN,-Inf,0,NaN,0,Inf,0,NaN,NaN,NaN,-Inf,NaN,NaN,Inf
1,9,UMi,2,10,NaN,NaN,None,Outage,NaN,NaN,-Inf,0,NaN,0,Inf,0,NaN,NaN,NaN,-Inf,NaN,NaN,Inf
1,10,UMi,2,10,NaN,NaN,None,Outage,NaN,NaN,-Inf,0,NaN,0,Inf,0,NaN,NaN,NaN,-Inf,NaN,NaN,Inf
2,1,UMa,2,3,NaN,NaN,None,Outage,NaN,NaN,-Inf,0,NaN,0,Inf,0,NaN,NaN,NaN,-Inf,NaN,NaN,Inf
2,2,UMa,2,3,NaN,NaN,None,Outage,NaN,NaN,-Inf,0,NaN,0,Inf,0,NaN,NaN,NaN,-Inf,NaN,NaN,Inf
2,3,UMa,2,3,NaN,NaN,None,Outage,NaN,NaN,-Inf,0,NaN,0,Inf,0,NaN,NaN,NaN,-Inf,NaN,NaN,Inf
3,1,UMa,1,3,NaN,NaN,None,Outage,NaN,NaN,-Inf,0,NaN,0,Inf,0,NaN,NaN,NaN,-Inf,NaN,NaN,Inf
3,2,UMa,1,3,NaN,NaN,None,Outage,NaN,NaN,-Inf,0,NaN,0,Inf,0,NaN,NaN,NaN,-Inf,NaN,NaN,Inf
3,3,UMa,1,3,NaN,NaN,None,Outage,NaN,NaN,-Inf,0,NaN,0,Inf,0,NaN,NaN,NaN,-Inf,NaN,NaN,Inf
4,1,UMi,4,8,NaN,NaN,None,Outage,NaN,NaN,-Inf,0,NaN,0,Inf,0,NaN,NaN,NaN,-Inf,NaN,NaN,Inf
4,2,UMi,4,8,NaN,NaN,None,Outage,NaN,NaN,-Inf,0,NaN,0,Inf,0,NaN,NaN,NaN,-Inf,NaN,NaN,Inf
4,3,UMi,4,8,NaN,NaN,None,Outage,NaN,NaN,-Inf,0,NaN,0,Inf,0,NaN,NaN,NaN,-Inf,NaN,NaN,Inf
4,4,UMi,4,8,NaN,NaN,None,Outage,NaN,NaN,-Inf,0,NaN,0,Inf,0,NaN,NaN,NaN,-Inf,NaN,NaN,Inf
4,5,UMi,4,8,NaN,NaN,None,Outage,NaN,NaN,-Inf,0,NaN,0,Inf,0,NaN,NaN,NaN,-Inf,NaN,NaN,Inf
4,6,UMi,4,8,NaN,NaN,None,Outage,NaN,NaN,-Inf,0,NaN,0,Inf,0,NaN,NaN,NaN,-Inf,NaN,NaN,Inf
4,7,UMi,4,8,NaN,NaN,None,Outage,NaN,NaN,-Inf,0,NaN,0,Inf,0,NaN,NaN,NaN,-Inf,NaN,NaN,Inf
4,8,UMi,4,8,NaN,NaN,None,Outage,NaN,NaN,-Inf,0,NaN,0,Inf,0,NaN,NaN,NaN,-Inf,NaN,NaN,Inf
5,1,UMi,2,4,NaN,NaN,None,Outage,NaN,NaN,-Inf,0,NaN,0,Inf,0,NaN,NaN,NaN,-Inf,NaN,NaN,Inf
5,2,UMi,2,4,NaN,NaN,None,Outage,NaN,NaN,-Inf,0,NaN,0,Inf,0,NaN,NaN,NaN,-Inf,NaN,NaN,Inf
5,3,UMi,2,4,NaN,NaN,None,Outage,NaN,NaN,-Inf,0,NaN,0,Inf,0,NaN,NaN,NaN,-Inf,NaN,NaN,Inf
5,4,UMi,2,4,NaN,NaN,None,Outage,NaN,NaN,-Inf,0,NaN,0,Inf,0,NaN,NaN,NaN,-Inf,NaN,NaN,Inf
6,1,UMa,1,3,NaN,NaN,None,Outage,NaN,NaN,-Inf,0,NaN,0,Inf,0,NaN,NaN,NaN,-Inf,NaN,NaN,Inf
6,2,UMa,1,3,NaN,NaN,None,Outage,NaN,NaN,-Inf,0,NaN,0,Inf,0,NaN,NaN,NaN,-Inf,NaN,NaN,Inf
6,3,UMa,1,3,NaN,NaN,None,Outage,NaN,NaN,-Inf,0,NaN,0,Inf,0,NaN,NaN,NaN,-Inf,NaN,NaN,Inf
7,1,UMa,3,3,NaN,NaN,None,Outage,NaN,NaN,-Inf,0,NaN,0,Inf,0,NaN,NaN,NaN,-Inf,NaN,NaN,Inf
7,2,UMa,3,3,NaN,NaN,None,Outage,NaN,NaN,-Inf,0,NaN,0,Inf,0,NaN,NaN,NaN,-Inf,NaN,NaN,Inf
7,3,UMa,3,3,NaN,NaN,None,Outage,NaN,NaN,-Inf,0,NaN,0,Inf,0,NaN,NaN,NaN,-Inf,NaN,NaN,Inf
8,1,UMi,1,3,NaN,NaN,None,Outage,NaN,NaN,-Inf,0,NaN,0,Inf,0,NaN,NaN,NaN,-Inf,NaN,NaN,Inf
8,2,UMi,1,3,NaN,NaN,None,Outage,NaN,NaN,-Inf,0,NaN,0,Inf,0,NaN,NaN,NaN,-Inf,NaN,NaN,Inf
8,3,UMi,1,3,NaN,NaN,None,Outage,NaN,NaN,-Inf,0,NaN,0,Inf,0,NaN,NaN,NaN,-Inf,NaN,NaN,Inf
9,1,UMi,4,5,NaN,NaN,None,Outage,NaN,NaN,-Inf,0,NaN,0,Inf,0,NaN,NaN,NaN,-Inf,NaN,NaN,Inf
9,2,UMi,4,5,NaN,NaN,None,Outage,NaN,NaN,-Inf,0,NaN,0,Inf,0,NaN,NaN,NaN,-Inf,NaN,NaN,Inf
9,3,UMi,4,5,NaN,NaN,None,Outage,NaN,NaN,-Inf,0,NaN,0,Inf,0,NaN,NaN,NaN,-Inf,NaN,NaN,Inf
9,4,UMi,4,5,NaN,NaN,None,Outage,NaN,NaN,-Inf,0,NaN,0,Inf,0,NaN,NaN,NaN,-Inf,NaN,NaN,Inf
9,5,UMi,4,5,NaN,NaN,None,Outage,NaN,NaN,-Inf,0,NaN,0,Inf,0,NaN,NaN,NaN,-Inf,NaN,NaN,Inf
10,1,UMa,3,8,NaN,NaN,None,Outage,NaN,NaN,-Inf,0,NaN,0,Inf,0,NaN,NaN,NaN,-Inf,NaN,NaN,Inf
10,2,UMa,3,8,NaN,NaN,None,Outage,NaN,NaN,-Inf,0,NaN,0,Inf,0,NaN,NaN,NaN,-Inf,NaN,NaN,Inf
10,3,UMa,3,8,NaN,NaN,None,Outage,NaN,NaN,-Inf,0,NaN,0,Inf,0,NaN,NaN,NaN,-Inf,NaN,NaN,Inf
10,4,UMa,3,8,NaN,NaN,None,Outage,NaN,NaN,-Inf,0,NaN,0,Inf,0,NaN,NaN,NaN,-Inf,NaN,NaN,Inf
10,5,UMa,3,8,NaN,NaN,None,Outage,NaN,NaN,-Inf,0,NaN,0,Inf,0,NaN,NaN,NaN,-Inf,NaN,NaN,Inf
10,6,UMa,3,8,NaN,NaN,None,Outage,NaN,NaN,-Inf,0,NaN,0,Inf,0,NaN,NaN,NaN,-Inf,NaN,NaN,Inf
10,7,UMa,3,8,NaN,NaN,None,Outage,NaN,NaN,-Inf,0,NaN,0,Inf,0,NaN,NaN,NaN,-Inf,NaN,NaN,Inf
10,8,UMa,3,8,NaN,NaN,None,Outage,NaN,NaN,-Inf,0,NaN,0,Inf,0,NaN,NaN,NaN,-Inf,NaN,NaN,Inf
11,1,UMi,2,10,NaN,NaN,None,Outage,NaN,NaN,-Inf,0,NaN,0,Inf,0,NaN,NaN,NaN,-Inf,NaN,NaN,Inf
11,2,UMi,2,10,NaN,NaN,None,Outage,NaN,NaN,-Inf,0,NaN,0,Inf,0,NaN,NaN,NaN,-Inf,NaN,NaN,Inf
11,3,UMi,2,10,NaN,NaN,None,Outage,NaN,NaN,-Inf,0,NaN,0,Inf,0,NaN,NaN,NaN,-Inf,NaN,NaN,Inf
11,4,UMi,2,10,NaN,NaN,None,Outage,NaN,NaN,-Inf,0,NaN,0,Inf,0,NaN,NaN,NaN,-Inf,NaN,NaN,Inf
11,5,UMi,2,10,NaN,NaN,None,Outage,NaN,NaN,-Inf,0,NaN,0,Inf,0,NaN,NaN,NaN,-Inf,NaN,NaN,Inf
11,6,UMi,2,10,NaN,NaN,None,Outage,NaN,NaN,-Inf,0,NaN,0,Inf,0,NaN,NaN,NaN,-Inf,NaN,NaN,Inf
11,7,UMi,2,10,NaN,NaN,None,Outage,NaN,NaN,-Inf,0,NaN,0,Inf,0,NaN,NaN,NaN,-Inf,NaN,NaN,Inf
11,8,UMi,2,10,NaN,NaN,None,Outage,NaN,NaN,-Inf,0,NaN,0,Inf,0,NaN,NaN,NaN,-Inf,NaN,NaN,Inf
11,9,UMi,2,10,NaN,NaN,None,Outage,NaN,NaN,-Inf,0,NaN,0,Inf,0,NaN,NaN,NaN,-Inf,NaN,NaN,Inf
11,10,UMi,2,10,NaN,NaN,None,Outage,NaN,NaN,-Inf,0,NaN,0,Inf,0,NaN,NaN,NaN,-Inf,NaN,NaN,Inf
12,1,UMi,1,6,NaN,NaN,None,Outage,NaN,NaN,-Inf,0,NaN,0,Inf,0,NaN,NaN,NaN,-Inf,NaN,NaN,Inf
12,2,UMi,1,6,NaN,NaN,None,Outage,NaN,NaN,-Inf,0,NaN,0,Inf,0,NaN,NaN,NaN,-Inf,NaN,NaN,Inf
12,3,UMi,1,6,NaN,NaN,None,Outage,NaN,NaN,-Inf,0,NaN,0,Inf,0,NaN,NaN,NaN,-Inf,NaN,NaN,Inf
12,4,UMi,1,6,NaN,NaN,None,Outage,NaN,NaN,-Inf,0,NaN,0,Inf,0,NaN,NaN,NaN,-Inf,NaN,NaN,Inf
12,5,UMi,1,6,NaN,NaN,None,Outage,NaN,NaN,-Inf,0,NaN,0,Inf,0,NaN,NaN,NaN,-Inf,NaN,NaN,Inf
12,6,UMi,1,6,NaN,NaN,None,Outage,NaN,NaN,-Inf,0,NaN,0,Inf,0,NaN,NaN,NaN,-Inf,NaN,NaN,Inf
13,1,UMa,2,3,NaN,NaN,None,Outage,NaN,NaN,-Inf,0,NaN,0,Inf,0,NaN,NaN,NaN,-Inf,NaN,NaN,Inf
13,2,UMa,2,3,NaN,NaN,None,Outage,NaN,NaN,-Inf,0,NaN,0,Inf,0,NaN,NaN,NaN,-Inf,NaN,NaN,Inf
13,3,UMa,2,3,NaN,NaN,None,Outage,NaN,NaN,-Inf,0,NaN,0,Inf,0,NaN,NaN,NaN,-Inf,NaN,NaN,Inf
14,1,UMa,2,4,NaN,NaN,None,Outage,NaN,NaN,-Inf,0,NaN,0,Inf,0,NaN,NaN,NaN,-Inf,NaN,NaN,Inf
14,2,UMa,2,4,NaN,NaN,None,Outage,NaN,NaN,-Inf,0,NaN,0,Inf,0,NaN,NaN,NaN,-Inf,NaN,NaN,Inf
14,3,UMa,2,4,NaN,NaN,None,Outage,NaN,NaN,-Inf,0,NaN,0,Inf,0,NaN,NaN,NaN,-Inf,NaN,NaN,Inf
14,4,UMa,2,4,NaN,NaN,None,Outage,NaN,NaN,-Inf,0,NaN,0,Inf,0,NaN,NaN,NaN,-Inf,NaN,NaN,Inf
15,1,UMi,3,7,NaN,NaN,None,Outage,NaN,NaN,-Inf,0,NaN,0,Inf,0,NaN,NaN,NaN,-Inf,NaN,NaN,Inf
15,2,UMi,3,7,NaN,NaN,None,Outage,NaN,NaN,-Inf,0,NaN,0,Inf,0,NaN,NaN,NaN,-Inf,NaN,NaN,Inf
15,3,UMi,3,7,NaN,NaN,None,Outage,NaN,NaN,-Inf,0,NaN,0,Inf,0,NaN,NaN,NaN,-Inf,NaN,NaN,Inf
15,4,UMi,3,7,NaN,NaN,None,Outage,NaN,NaN,-Inf,0,NaN,0,Inf,0,NaN,NaN,NaN,-Inf,NaN,NaN,Inf
15,5,UMi,3,7,NaN,NaN,None,Outage,NaN,NaN,-Inf,0,NaN,0,Inf,0,NaN,NaN,NaN,-Inf,NaN,NaN,Inf
15,6,UMi,3,7,NaN,NaN,None,Outage,NaN,NaN,-Inf,0,NaN,0,Inf,0,NaN,NaN,NaN,-Inf,NaN,NaN,Inf
15,7,UMi,3,7,NaN,NaN,None,Outage,NaN,NaN,-Inf,0,NaN,0,Inf,0,NaN,NaN,NaN,-Inf,NaN,NaN,Inf
16,1,UMi,3,8,NaN,NaN,None,Outage,NaN,NaN,-Inf,0,NaN,0,Inf,0,NaN,NaN,NaN,-Inf,NaN,NaN,Inf
16,2,UMi,3,8,NaN,NaN,None,Outage,NaN,NaN,-Inf,0,NaN,0,Inf,0,NaN,NaN,NaN,-Inf,NaN,NaN,Inf
16,3,UMi,3,8,NaN,NaN,None,Outage,NaN,NaN,-Inf,0,NaN,0,Inf,0,NaN,NaN,NaN,-Inf,NaN,NaN,Inf
16,4,UMi,3,8,NaN,NaN,None,Outage,NaN,NaN,-Inf,0,NaN,0,Inf,0,NaN,NaN,NaN,-Inf,NaN,NaN,Inf
16,5,UMi,3,8,NaN,NaN,None,Outage,NaN,NaN,-Inf,0,NaN,0,Inf,0,NaN,NaN,NaN,-Inf,NaN,NaN,Inf
16,6,UMi,3,8,NaN,NaN,None,Outage,NaN,NaN,-Inf,0,NaN,0,Inf,0,NaN,NaN,NaN,-Inf,NaN,NaN,Inf
16,7,UMi,3,8,NaN,NaN,None,Outage,NaN,NaN,-Inf,0,NaN,0,Inf,0,NaN,NaN,NaN,-Inf,NaN,NaN,Inf
16,8,UMi,3,8,NaN,NaN,None,Outage,NaN,NaN,-Inf,0,NaN,0,Inf,0,NaN,NaN,NaN,-Inf,NaN,NaN,Inf
17,1,UMi,2,5,NaN,NaN,None,Outage,NaN,NaN,-Inf,0,NaN,0,Inf,0,NaN,NaN,NaN,-Inf,NaN,NaN,Inf
17,2,UMi,2,5,NaN,NaN,None,Outage,NaN,NaN,-Inf,0,NaN,0,Inf,0,NaN,NaN,NaN,-Inf,NaN,NaN,Inf
17,3,UMi,2,5,NaN,NaN,None,Outage,NaN,NaN,-Inf,0,NaN,0,Inf,0,NaN,NaN,NaN,-Inf,NaN,NaN,Inf
17,4,UMi,2,5,NaN,NaN,None,Outage,NaN,NaN,-Inf,0,NaN,0,Inf,0,NaN,NaN,NaN,-Inf,NaN,NaN,Inf
17,5,UMi,2,5,NaN,NaN,None,Outage,NaN,NaN,-Inf,0,NaN,0,Inf,0,NaN,NaN,NaN,-Inf,NaN,NaN,Inf
18,1,UMa,1,10,NaN,NaN,None,Outage,NaN,NaN,-Inf,0,NaN,0,Inf,0,NaN,NaN,NaN,-Inf,NaN,NaN,Inf
18,2,UMa,1,10,NaN,NaN,None,Outage,NaN,NaN,-Inf,0,NaN,0,Inf,0,NaN,NaN,NaN,-Inf,NaN,NaN,Inf
18,3,UMa,1,10,NaN,NaN,None,Outage,NaN,NaN,-Inf,0,NaN,0,Inf,0,NaN,NaN,NaN,-Inf,NaN,NaN,Inf
18,4,UMa,1,10,NaN,NaN,None,Outage,NaN,NaN,-Inf,0,NaN,0,Inf,0,NaN,NaN,NaN,-Inf,NaN,NaN,Inf
18,5,UMa,1,10,NaN,NaN,None,Outage,NaN,NaN,-Inf,0,NaN,0,Inf,0,NaN,NaN,NaN,-Inf,NaN,NaN,Inf
18,6,UMa,1,10,NaN,NaN,None,Outage,NaN,NaN,-Inf,0,NaN,0,Inf,0,NaN,NaN,NaN,-Inf,NaN,NaN,Inf
18,7,UMa,1,10,NaN,NaN,None,Outage,NaN,NaN,-Inf,0,NaN,0,Inf,0,NaN,NaN,NaN,-Inf,NaN,NaN,Inf
18,8,UMa,1,10,NaN,NaN,None,Outage,NaN,NaN,-Inf,0,NaN,0,Inf,0,NaN,NaN,NaN,-Inf,NaN,NaN,Inf
18,9,UMa,1,10,NaN,NaN,None,Outage,NaN,NaN,-Inf,0,NaN,0,Inf,0,NaN,NaN,NaN,-Inf,NaN,NaN,Inf
18,10,UMa,1,10,NaN,NaN,None,Outage,NaN,NaN,-Inf,0,NaN,0,Inf,0,NaN,NaN,NaN,-Inf,NaN,NaN,Inf
19,1,UMi,3,10,NaN,NaN,None,Outage,NaN,NaN,-Inf,0,NaN,0,Inf,0,NaN,NaN,NaN,-Inf,NaN,NaN,Inf
19,2,UMi,3,10,NaN,NaN,None,Outage,NaN,NaN,-Inf,0,NaN,0,Inf,0,NaN,NaN,NaN,-Inf,NaN,NaN,Inf
19,3,UMi,3,10,NaN,NaN,None,Outage,NaN,NaN,-Inf,0,NaN,0,Inf,0,NaN,NaN,NaN,-Inf,NaN,NaN,Inf
19,4,UMi,3,10,NaN,NaN,None,Outage,NaN,NaN,-Inf,0,NaN,0,Inf,0,NaN,NaN,NaN,-Inf,NaN,NaN,Inf
19,5,UMi,3,10,NaN,NaN,None,Outage,NaN,NaN,-Inf,0,NaN,0,Inf,0,NaN,NaN,NaN,-Inf,NaN,NaN,Inf
19,6,UMi,3,10,NaN,NaN,None,Outage,NaN,NaN,-Inf,0,NaN,0,Inf,0,NaN,NaN,NaN,-Inf,NaN,NaN,Inf
19,7,UMi,3,10,NaN,NaN,None,Outage,NaN,NaN,-Inf,0,NaN,0,Inf,0,NaN,NaN,NaN,-Inf,NaN,NaN,Inf
19,8,UMi,3,10,NaN,NaN,None,Outage,NaN,NaN,-Inf,0,NaN,0,Inf,0,NaN,NaN,NaN,-Inf,NaN,NaN,Inf
19,9,UMi,3,10,NaN,NaN,None,Outage,NaN,NaN,-Inf,0,NaN,0,Inf,0,NaN,NaN,NaN,-Inf,NaN,NaN,Inf
19,10,UMi,3,10,NaN,NaN,None,Outage,NaN,NaN,-Inf,0,NaN,0,Inf,0,NaN,NaN,NaN,-Inf,NaN,NaN,Inf
20,1,UMi,4,4,NaN,NaN,None,Outage,NaN,NaN,-Inf,0,NaN,0,Inf,0,NaN,NaN,NaN,-Inf,NaN,NaN,Inf
20,2,UMi,4,4,NaN,NaN,None,Outage,NaN,NaN,-Inf,0,NaN,0,Inf,0,NaN,NaN,NaN,-Inf,NaN,NaN,Inf
20,3,UMi,4,4,NaN,NaN,None,Outage,NaN,NaN,-Inf,0,NaN,0,Inf,0,NaN,NaN,NaN,-Inf,NaN,NaN,Inf
20,4,UMi,4,4,NaN,NaN,None,Outage,NaN,NaN,-Inf,0,NaN,0,Inf,0,NaN,NaN,NaN,-Inf,NaN,NaN,Inf
21,1,UMa,3,7,NaN,NaN,None,Outage,NaN,NaN,-Inf,0,NaN,0,Inf,0,NaN,NaN,NaN,-Inf,NaN,NaN,Inf
21,2,UMa,3,7,NaN,NaN,None,Outage,NaN,NaN,-Inf,0,NaN,0,Inf,0,NaN,NaN,NaN,-Inf,NaN,NaN,Inf
21,3,UMa,3,7,NaN,NaN,None,Outage,NaN,NaN,-Inf,0,NaN,0,Inf,0,NaN,NaN,NaN,-Inf,NaN,NaN,Inf
21,4,UMa,3,7,NaN,NaN,None,Outage,NaN,NaN,-Inf,0,NaN,0,Inf,0,NaN,NaN,NaN,-Inf,NaN,NaN,Inf
21,5,UMa,3,7,NaN,NaN,None,Outage,NaN,NaN,-Inf,0,NaN,0,Inf,0,NaN,NaN,NaN,-Inf,NaN,NaN,Inf
21,6,UMa,3,7,NaN,NaN,None,Outage,NaN,NaN,-Inf,0,NaN,0,Inf,0,NaN,NaN,NaN,-Inf,NaN,NaN,Inf
21,7,UMa,3,7,NaN,NaN,None,Outage,NaN,NaN,-Inf,0,NaN,0,Inf,0,NaN,NaN,NaN,-Inf,NaN,NaN,Inf
22,1,UMi,4,4,NaN,NaN,None,Outage,NaN,NaN,-Inf,0,NaN,0,Inf,0,NaN,NaN,NaN,-Inf,NaN,NaN,Inf
22,2,UMi,4,4,NaN,NaN,None,Outage,NaN,NaN,-Inf,0,NaN,0,Inf,0,NaN,NaN,NaN,-Inf,NaN,NaN,Inf
22,3,UMi,4,4,NaN,NaN,None,Outage,NaN,NaN,-Inf,0,NaN,0,Inf,0,NaN,NaN,NaN,-Inf,NaN,NaN,Inf
22,4,UMi,4,4,NaN,NaN,None,Outage,NaN,NaN,-Inf,0,NaN,0,Inf,0,NaN,NaN,NaN,-Inf,NaN,NaN,Inf
23,1,UMa,1,5,NaN,NaN,None,Outage,NaN,NaN,-Inf,0,NaN,0,Inf,0,NaN,NaN,NaN,-Inf,NaN,NaN,Inf
23,2,UMa,1,5,NaN,NaN,None,Outage,NaN,NaN,-Inf,0,NaN,0,Inf,0,NaN,NaN,NaN,-Inf,NaN,NaN,Inf
23,3,UMa,1,5,NaN,NaN,None,Outage,NaN,NaN,-Inf,0,NaN,0,Inf,0,NaN,NaN,NaN,-Inf,NaN,NaN,Inf
23,4,UMa,1,5,NaN,NaN,None,Outage,NaN,NaN,-Inf,0,NaN,0,Inf,0,NaN,NaN,NaN,-Inf,NaN,NaN,Inf
23,5,UMa,1,5,NaN,NaN,None,Outage,NaN,NaN,-Inf,0,NaN,0,Inf,0,NaN,NaN,NaN,-Inf,NaN,NaN,Inf
24,1,UMi,2,6,NaN,NaN,None,Outage,NaN,NaN,-Inf,0,NaN,0,Inf,0,NaN,NaN,NaN,-Inf,NaN,NaN,Inf
24,2,UMi,2,6,NaN,NaN,None,Outage,NaN,NaN,-Inf,0,NaN,0,Inf,0,NaN,NaN,NaN,-Inf,NaN,NaN,Inf
24,3,UMi,2,6,NaN,NaN,None,Outage,NaN,NaN,-Inf,0,NaN,0,Inf,0,NaN,NaN,NaN,-Inf,NaN,NaN,Inf
24,4,UMi,2,6,NaN,NaN,None,Outage,NaN,NaN,-Inf,0,NaN,0,Inf,0,NaN,NaN,NaN,-Inf,NaN,NaN,Inf
24,5,UMi,2,6,NaN,NaN,None,Outage,NaN,NaN,-Inf,0,NaN,0,Inf,0,NaN,NaN,NaN,-Inf,NaN,NaN,Inf
24,6,UMi,2,6,NaN,NaN,None,Outage,NaN,NaN,-Inf,0,NaN,0,Inf,0,NaN,NaN,NaN,-Inf,NaN,NaN,Inf
25,1,UMi,2,3,NaN,NaN,None,Outage,NaN,NaN,-Inf,0,NaN,0,Inf,0,NaN,NaN,NaN,-Inf,NaN,NaN,Inf
25,2,UMi,2,3,NaN,NaN,None,Outage,NaN,NaN,-Inf,0,NaN,0,Inf,0,NaN,NaN,NaN,-Inf,NaN,NaN,Inf
25,3,UMi,2,3,NaN,NaN,None,Outage,NaN,NaN,-Inf,0,NaN,0,Inf,0,NaN,NaN,NaN,-Inf,NaN,NaN,Inf
26,1,UMa,1,4,NaN,NaN,None,Outage,NaN,NaN,-Inf,0,NaN,0,Inf,0,NaN,NaN,NaN,-Inf,NaN,NaN,Inf
26,2,UMa,1,4,NaN,NaN,None,Outage,NaN,NaN,-Inf,0,NaN,0,Inf,0,NaN,NaN,NaN,-Inf,NaN,NaN,Inf
26,3,UMa,1,4,NaN,NaN,None,Outage,NaN,NaN,-Inf,0,NaN,0,Inf,0,NaN,NaN,NaN,-Inf,NaN,NaN,Inf
26,4,UMa,1,4,NaN,NaN,None,Outage,NaN,NaN,-Inf,0,NaN,0,Inf,0,NaN,NaN,NaN,-Inf,NaN,NaN,Inf
27,1,UMi,3,5,NaN,NaN,None,Outage,NaN,NaN,-Inf,0,NaN,0,Inf,0,NaN,NaN,NaN,-Inf,NaN,NaN,Inf
27,2,UMi,3,5,NaN,NaN,None,Outage,NaN,NaN,-Inf,0,NaN,0,Inf,0,NaN,NaN,NaN,-Inf,NaN,NaN,Inf
27,3,UMi,3,5,NaN,NaN,None,Outage,NaN,NaN,-Inf,0,NaN,0,Inf,0,NaN,NaN,NaN,-Inf,NaN,NaN,Inf
27,4,UMi,3,5,NaN,NaN,None,Outage,NaN,NaN,-Inf,0,NaN,0,Inf,0,NaN,NaN,NaN,-Inf,NaN,NaN,Inf
27,5,UMi,3,5,NaN,NaN,None,Outage,NaN,NaN,-Inf,0,NaN,0,Inf,0,NaN,NaN,NaN,-Inf,NaN,NaN,Inf
28,1,UMa,2,6,NaN,NaN,None,Outage,NaN,NaN,-Inf,0,NaN,0,Inf,0,NaN,NaN,NaN,-Inf,NaN,NaN,Inf
28,2,UMa,2,6,NaN,NaN,None,Outage,NaN,NaN,-Inf,0,NaN,0,Inf,0,NaN,NaN,NaN,-Inf,NaN,NaN,Inf
28,3,UMa,2,6,NaN,NaN,None,Outage,NaN,NaN,-Inf,0,NaN,0,Inf,0,NaN,NaN,NaN,-Inf,NaN,NaN,Inf
28,4,UMa,2,6,NaN,NaN,None,Outage,NaN,NaN,-Inf,0,NaN,0,Inf,0,NaN,NaN,NaN,-Inf,NaN,NaN,Inf
28,5,UMa,2,6,NaN,NaN,None,Outage,NaN,NaN,-Inf,0,NaN,0,Inf,0,NaN,NaN,NaN,-Inf,NaN,NaN,Inf
28,6,UMa,2,6,NaN,NaN,None,Outage,NaN,NaN,-Inf,0,NaN,0,Inf,0,NaN,NaN,NaN,-Inf,NaN,NaN,Inf
29,1,UMa,2,6,NaN,NaN,None,Outage,NaN,NaN,-Inf,0,NaN,0,Inf,0,NaN,NaN,NaN,-Inf,NaN,NaN,Inf
29,2,UMa,2,6,NaN,NaN,None,Outage,NaN,NaN,-Inf,0,NaN,0,Inf,0,NaN,NaN,NaN,-Inf,NaN,NaN,Inf
29,3,UMa,2,6,NaN,NaN,None,Outage,NaN,NaN,-Inf,0,NaN,0,Inf,0,NaN,NaN,NaN,-Inf,NaN,NaN,Inf
29,4,UMa,2,6,NaN,NaN,None,Outage,NaN,NaN,-Inf,0,NaN,0,Inf,0,NaN,NaN,NaN,-Inf,NaN,NaN,Inf
29,5,UMa,2,6,NaN,NaN,None,Outage,NaN,NaN,-Inf,0,NaN,0,Inf,0,NaN,NaN,NaN,-Inf,NaN,NaN,Inf
29,6,UMa,2,6,NaN,NaN,None,Outage,NaN,NaN,-Inf,0,NaN,0,Inf,0,NaN,NaN,NaN,-Inf,NaN,NaN,Inf
30,1,UMa,4,10,NaN,NaN,None,Outage,NaN,NaN,-Inf,0,NaN,0,Inf,0,NaN,NaN,NaN,-Inf,NaN,NaN,Inf
30,2,UMa,4,10,NaN,NaN,None,Outage,NaN,NaN,-Inf,0,NaN,0,Inf,0,NaN,NaN,NaN,-Inf,NaN,NaN,Inf
30,3,UMa,4,10,NaN,NaN,None,Outage,NaN,NaN,-Inf,0,NaN,0,Inf,0,NaN,NaN,NaN,-Inf,NaN,NaN,Inf
30,4,UMa,4,10,NaN,NaN,None,Outage,NaN,NaN,-Inf,0,NaN,0,Inf,0,NaN,NaN,NaN,-Inf,NaN,NaN,Inf
30,5,UMa,4,10,NaN,NaN,None,Outage,NaN,NaN,-Inf,0,NaN,0,Inf,0,NaN,NaN,NaN,-Inf,NaN,NaN,Inf
30,6,UMa,4,10,NaN,NaN,None,Outage,NaN,NaN,-Inf,0,NaN,0,Inf,0,NaN,NaN,NaN,-Inf,NaN,NaN,Inf
30,7,UMa,4,10,NaN,NaN,None,Outage,NaN,NaN,-Inf,0,NaN,0,Inf,0,NaN,NaN,NaN,-Inf,NaN,NaN,Inf
30,8,UMa,4,10,NaN,NaN,None,Outage,NaN,NaN,-Inf,0,NaN,0,Inf,0,NaN,NaN,NaN,-Inf,NaN,NaN,Inf
30,9,UMa,4,10,NaN,NaN,None,Outage,NaN,NaN,-Inf,0,NaN,0,Inf,0,NaN,NaN,NaN,-Inf,NaN,NaN,Inf
30,10,UMa,4,10,NaN,NaN,None,Outage,NaN,NaN,-Inf,0,NaN,0,Inf,0,NaN,NaN,NaN,-Inf,NaN,NaN,Inf
31,1,UMi,1,10,NaN,NaN,None,Outage,NaN,NaN,-Inf,0,NaN,0,Inf,0,NaN,NaN,NaN,-Inf,NaN,NaN,Inf
31,2,UMi,1,10,NaN,NaN,None,Outage,NaN,NaN,-Inf,0,NaN,0,Inf,0,NaN,NaN,NaN,-Inf,NaN,NaN,Inf
31,3,UMi,1,10,NaN,NaN,None,Outage,NaN,NaN,-Inf,0,NaN,0,Inf,0,NaN,NaN,NaN,-Inf,NaN,NaN,Inf
31,4,UMi,1,10,NaN,NaN,None,Outage,NaN,NaN,-Inf,0,NaN,0,Inf,0,NaN,NaN,NaN,-Inf,NaN,NaN,Inf
31,5,UMi,1,10,NaN,NaN,None,Outage,NaN,NaN,-Inf,0,NaN,0,Inf,0,NaN,NaN,NaN,-Inf,NaN,NaN,Inf
31,6,UMi,1,10,NaN,NaN,None,Outage,NaN,NaN,-Inf,0,NaN,0,Inf,0,NaN,NaN,NaN,-Inf,NaN,NaN,Inf
31,7,UMi,1,10,NaN,NaN,None,Outage,NaN,NaN,-Inf,0,NaN,0,Inf,0,NaN,NaN,NaN,-Inf,NaN,NaN,Inf
31,8,UMi,1,10,NaN,NaN,None,Outage,NaN,NaN,-Inf,0,NaN,0,Inf,0,NaN,NaN,NaN,-Inf,NaN,NaN,Inf
31,9,UMi,1,10,NaN,NaN,None,Outage,NaN,NaN,-Inf,0,NaN,0,Inf,0,NaN,NaN,NaN,-Inf,NaN,NaN,Inf
31,10,UMi,1,10,NaN,NaN,None,Outage,NaN,NaN,-Inf,0,NaN,0,Inf,0,NaN,NaN,NaN,-Inf,NaN,NaN,Inf
32,1,UMi,1,10,NaN,NaN,None,Outage,NaN,NaN,-Inf,0,NaN,0,Inf,0,NaN,NaN,NaN,-Inf,NaN,NaN,Inf
32,2,UMi,1,10,NaN,NaN,None,Outage,NaN,NaN,-Inf,0,NaN,0,Inf,0,NaN,NaN,NaN,-Inf,NaN,NaN,Inf
32,3,UMi,1,10,NaN,NaN,None,Outage,NaN,NaN,-Inf,0,NaN,0,Inf,0,NaN,NaN,NaN,-Inf,NaN,NaN,Inf
32,4,UMi,1,10,NaN,NaN,None,Outage,NaN,NaN,-Inf,0,NaN,0,Inf,0,NaN,NaN,NaN,-Inf,NaN,NaN,Inf
32,5,UMi,1,10,NaN,NaN,None,Outage,NaN,NaN,-Inf,0,NaN,0,Inf,0,NaN,NaN,NaN,-Inf,NaN,NaN,Inf
32,6,UMi,1,10,NaN,NaN,None,Outage,NaN,NaN,-Inf,0,NaN,0,Inf,0,NaN,NaN,NaN,-Inf,NaN,NaN,Inf
32,7,UMi,1,10,NaN,NaN,None,Outage,NaN,NaN,-Inf,0,NaN,0,Inf,0,NaN,NaN,NaN,-Inf,NaN,NaN,Inf
32,8,UMi,1,10,NaN,NaN,None,Outage,NaN,NaN,-Inf,0,NaN,0,Inf,0,NaN,NaN,NaN,-Inf,NaN,NaN,Inf
32,9,UMi,1,10,NaN,NaN,None,Outage,NaN,NaN,-Inf,0,NaN,0,Inf,0,NaN,NaN,NaN,-Inf,NaN,NaN,Inf
32,10,UMi,1,10,NaN,NaN,None,Outage,NaN,NaN,-Inf,0,NaN,0,Inf,0,NaN,NaN,NaN,-Inf,NaN,NaN,Inf
33,1,UMa,1,9,NaN,NaN,None,Outage,NaN,NaN,-Inf,0,NaN,0,Inf,0,NaN,NaN,NaN,-Inf,NaN,NaN,Inf
33,2,UMa,1,9,NaN,NaN,None,Outage,NaN,NaN,-Inf,0,NaN,0,Inf,0,NaN,NaN,NaN,-Inf,NaN,NaN,Inf
33,3,UMa,1,9,NaN,NaN,None,Outage,NaN,NaN,-Inf,0,NaN,0,Inf,0,NaN,NaN,NaN,-Inf,NaN,NaN,Inf
33,4,UMa,1,9,NaN,NaN,None,Outage,NaN,NaN,-Inf,0,NaN,0,Inf,0,NaN,NaN,NaN,-Inf,NaN,NaN,Inf
33,5,UMa,1,9,NaN,NaN,None,Outage,NaN,NaN,-Inf,0,NaN,0,Inf,0,NaN,NaN,NaN,-Inf,NaN,NaN,Inf
33,6,UMa,1,9,NaN,NaN,None,Outage,NaN,NaN,-Inf,0,NaN,0,Inf,0,NaN,NaN,NaN,-Inf,NaN,NaN,Inf
33,7,UMa,1,9,NaN,NaN,None,Outage,NaN,NaN,-Inf,0,NaN,0,Inf,0,NaN,NaN,NaN,-Inf,NaN,NaN,Inf
33,8,UMa,1,9,NaN,NaN,None,Outage,NaN,NaN,-Inf,0,NaN,0,Inf,0,NaN,NaN,NaN,-Inf,NaN,NaN,Inf
33,9,UMa,1,9,NaN,NaN,None,Outage,NaN,NaN,-Inf,0,NaN,0,Inf,0,NaN,NaN,NaN,-Inf,NaN,NaN,Inf
34,1,UMa,4,9,NaN,NaN,None,Outage,NaN,NaN,-Inf,0,NaN,0,Inf,0,NaN,NaN,NaN,-Inf,NaN,NaN,Inf
34,2,UMa,4,9,NaN,NaN,None,Outage,NaN,NaN,-Inf,0,NaN,0,Inf,0,NaN,NaN,NaN,-Inf,NaN,NaN,Inf
34,3,UMa,4,9,NaN,NaN,None,Outage,NaN,NaN,-Inf,0,NaN,0,Inf,0,NaN,NaN,NaN,-Inf,NaN,NaN,Inf
34,4,UMa,4,9,NaN,NaN,None,Outage,NaN,NaN,-Inf,0,NaN,0,Inf,0,NaN,NaN,NaN,-Inf,NaN,NaN,Inf
34,5,UMa,4,9,NaN,NaN,None,Outage,NaN,NaN,-Inf,0,NaN,0,Inf,0,NaN,NaN,NaN,-Inf,NaN,NaN,Inf
34,6,UMa,4,9,NaN,NaN,None,Outage,NaN,NaN,-Inf,0,NaN,0,Inf,0,NaN,NaN,NaN,-Inf,NaN,NaN,Inf
34,7,UMa,4,9,NaN,NaN,None,Outage,NaN,NaN,-Inf,0,NaN,0,Inf,0,NaN,NaN,NaN,-Inf,NaN,NaN,Inf
34,8,UMa,4,9,NaN,NaN,None,Outage,NaN,NaN,-Inf,0,NaN,0,Inf,0,NaN,NaN,NaN,-Inf,NaN,NaN,Inf
34,9,UMa,4,9,NaN,NaN,None,Outage,NaN,NaN,-Inf,0,NaN,0,Inf,0,NaN,NaN,NaN,-Inf,NaN,NaN,Inf
35,1,UMi,1,4,NaN,NaN,None,Outage,NaN,NaN,-Inf,0,NaN,0,Inf,0,NaN,NaN,NaN,-Inf,NaN,NaN,Inf
35,2,UMi,1,4,NaN,NaN,None,Outage,NaN,NaN,-Inf,0,NaN,0,Inf,0,NaN,NaN,NaN,-Inf,NaN,NaN,Inf
35,3,UMi,1,4,NaN,NaN,None,Outage,NaN,NaN,-Inf,0,NaN,0,Inf,0,NaN,NaN,NaN,-Inf,NaN,NaN,Inf
35,4,UMi,1,4,NaN,NaN,None,Outage,NaN,NaN,-Inf,0,NaN,0,Inf,0,NaN,NaN,NaN,-Inf,NaN,NaN,Inf
36,1,UMa,3,3,NaN,NaN,None,Outage,NaN,NaN,-Inf,0,NaN,0,Inf,0,NaN,NaN,NaN,-Inf,NaN,NaN,Inf
36,2,UMa,3,3,NaN,NaN,None,Outage,NaN,NaN,-Inf,0,NaN,0,Inf,0,NaN,NaN,NaN,-Inf,NaN,NaN,Inf
36,3,UMa,3,3,NaN,NaN,None,Outage,NaN,NaN,-Inf,0,NaN,0,Inf,0,NaN,NaN,NaN,-Inf,NaN,NaN,Inf
37,1,UMi,4,4,NaN,NaN,None,Outage,NaN,NaN,-Inf,0,NaN,0,Inf,0,NaN,NaN,NaN,-Inf,NaN,NaN,Inf
37,2,UMi,4,4,NaN,NaN,None,Outage,NaN,NaN,-Inf,0,NaN,0,Inf,0,NaN,NaN,NaN,-Inf,NaN,NaN,Inf
37,3,UMi,4,4,NaN,NaN,None,Outage,NaN,NaN,-Inf,0,NaN,0,Inf,0,NaN,NaN,NaN,-Inf,NaN,NaN,Inf
37,4,UMi,4,4,NaN,NaN,None,Outage,NaN,NaN,-Inf,0,NaN,0,Inf,0,NaN,NaN,NaN,-Inf,NaN,NaN,Inf
38,1,UMi,2,10,NaN,NaN,None,Outage,NaN,NaN,-Inf,0,NaN,0,Inf,0,NaN,NaN,NaN,-Inf,NaN,NaN,Inf
38,2,UMi,2,10,NaN,NaN,None,Outage,NaN,NaN,-Inf,0,NaN,0,Inf,0,NaN,NaN,NaN,-Inf,NaN,NaN,Inf
38,3,UMi,2,10,NaN,NaN,None,Outage,NaN,NaN,-Inf,0,NaN,0,Inf,0,NaN,NaN,NaN,-Inf,NaN,NaN,Inf
38,4,UMi,2,10,NaN,NaN,None,Outage,NaN,NaN,-Inf,0,NaN,0,Inf,0,NaN,NaN,NaN,-Inf,NaN,NaN,Inf
38,5,UMi,2,10,NaN,NaN,None,Outage,NaN,NaN,-Inf,0,NaN,0,Inf,0,NaN,NaN,NaN,-Inf,NaN,NaN,Inf
38,6,UMi,2,10,NaN,NaN,None,Outage,NaN,NaN,-Inf,0,NaN,0,Inf,0,NaN,NaN,NaN,-Inf,NaN,NaN,Inf
38,7,UMi,2,10,NaN,NaN,None,Outage,NaN,NaN,-Inf,0,NaN,0,Inf,0,NaN,NaN,NaN,-Inf,NaN,NaN,Inf
38,8,UMi,2,10,NaN,NaN,None,Outage,NaN,NaN,-Inf,0,NaN,0,Inf,0,NaN,NaN,NaN,-Inf,NaN,NaN,Inf
38,9,UMi,2,10,NaN,NaN,None,Outage,NaN,NaN,-Inf,0,NaN,0,Inf,0,NaN,NaN,NaN,-Inf,NaN,NaN,Inf
38,10,UMi,2,10,NaN,NaN,None,Outage,NaN,NaN,-Inf,0,NaN,0,Inf,0,NaN,NaN,NaN,-Inf,NaN,NaN,Inf
39,1,UMi,4,10,NaN,NaN,None,Outage,NaN,NaN,-Inf,0,NaN,0,Inf,0,NaN,NaN,NaN,-Inf,NaN,NaN,Inf
39,2,UMi,4,10,NaN,NaN,None,Outage,NaN,NaN,-Inf,0,NaN,0,Inf,0,NaN,NaN,NaN,-Inf,NaN,NaN,Inf
39,3,UMi,4,10,NaN,NaN,None,Outage,NaN,NaN,-Inf,0,NaN,0,Inf,0,NaN,NaN,NaN,-Inf,NaN,NaN,Inf
39,4,UMi,4,10,NaN,NaN,None,Outage,NaN,NaN,-Inf,0,NaN,0,Inf,0,NaN,NaN,NaN,-Inf,NaN,NaN,Inf
39,5,UMi,4,10,NaN,NaN,None,Outage,NaN,NaN,-Inf,0,NaN,0,Inf,0,NaN,NaN,NaN,-Inf,NaN,NaN,Inf
39,6,UMi,4,10,NaN,NaN,None,Outage,NaN,NaN,-Inf,0,NaN,0,Inf,0,NaN,NaN,NaN,-Inf,NaN,NaN,Inf
39,7,UMi,4,10,NaN,NaN,None,Outage,NaN,NaN,-Inf,0,NaN,0,Inf,0,NaN,NaN,NaN,-Inf,NaN,NaN,Inf
39,8,UMi,4,10,NaN,NaN,None,Outage,NaN,NaN,-Inf,0,NaN,0,Inf,0,NaN,NaN,NaN,-Inf,NaN,NaN,Inf
39,9,UMi,4,10,NaN,NaN,None,Outage,NaN,NaN,-Inf,0,NaN,0,Inf,0,NaN,NaN,NaN,-Inf,NaN,NaN,Inf
39,10,UMi,4,10,NaN,NaN,None,Outage,NaN,NaN,-Inf,0,NaN,0,Inf,0,NaN,NaN,NaN,-Inf,NaN,NaN,Inf
40,1,UMa,4,10,NaN,NaN,None,Outage,NaN,NaN,-Inf,0,NaN,0,Inf,0,NaN,NaN,NaN,-Inf,NaN,NaN,Inf
40,2,UMa,4,10,NaN,NaN,None,Outage,NaN,NaN,-Inf,0,NaN,0,Inf,0,NaN,NaN,NaN,-Inf,NaN,NaN,Inf
40,3,UMa,4,10,NaN,NaN,None,Outage,NaN,NaN,-Inf,0,NaN,0,Inf,0,NaN,NaN,NaN,-Inf,NaN,NaN,Inf
40,4,UMa,4,10,NaN,NaN,None,Outage,NaN,NaN,-Inf,0,NaN,0,Inf,0,NaN,NaN,NaN,-Inf,NaN,NaN,Inf
40,5,UMa,4,10,NaN,NaN,None,Outage,NaN,NaN,-Inf,0,NaN,0,Inf,0,NaN,NaN,NaN,-Inf,NaN,NaN,Inf
40,6,UMa,4,10,NaN,NaN,None,Outage,NaN,NaN,-Inf,0,NaN,0,Inf,0,NaN,NaN,NaN,-Inf,NaN,NaN,Inf
40,7,UMa,4,10,NaN,NaN,None,Outage,NaN,NaN,-Inf,0,NaN,0,Inf,0,NaN,NaN,NaN,-Inf,NaN,NaN,Inf
40,8,UMa,4,10,NaN,NaN,None,Outage,NaN,NaN,-Inf,0,NaN,0,Inf,0,NaN,NaN,NaN,-Inf,NaN,NaN,Inf
40,9,UMa,4,10,NaN,NaN,None,Outage,NaN,NaN,-Inf,0,NaN,0,Inf,0,NaN,NaN,NaN,-Inf,NaN,NaN,Inf
40,10,UMa,4,10,NaN,NaN,None,Outage,NaN,NaN,-Inf,0,NaN,0,Inf,0,NaN,NaN,NaN,-Inf,NaN,NaN,Inf
41,1,UMi,4,8,NaN,NaN,None,Outage,NaN,NaN,-Inf,0,NaN,0,Inf,0,NaN,NaN,NaN,-Inf,NaN,NaN,Inf
41,2,UMi,4,8,NaN,NaN,None,Outage,NaN,NaN,-Inf,0,NaN,0,Inf,0,NaN,NaN,NaN,-Inf,NaN,NaN,Inf
41,3,UMi,4,8,NaN,NaN,None,Outage,NaN,NaN,-Inf,0,NaN,0,Inf,0,NaN,NaN,NaN,-Inf,NaN,NaN,Inf
41,4,UMi,4,8,NaN,NaN,None,Outage,NaN,NaN,-Inf,0,NaN,0,Inf,0,NaN,NaN,NaN,-Inf,NaN,NaN,Inf
41,5,UMi,4,8,NaN,NaN,None,Outage,NaN,NaN,-Inf,0,NaN,0,Inf,0,NaN,NaN,NaN,-Inf,NaN,NaN,Inf
41,6,UMi,4,8,NaN,NaN,None,Outage,NaN,NaN,-Inf,0,NaN,0,Inf,0,NaN,NaN,NaN,-Inf,NaN,NaN,Inf
41,7,UMi,4,8,NaN,NaN,None,Outage,NaN,NaN,-Inf,0,NaN,0,Inf,0,NaN,NaN,NaN,-Inf,NaN,NaN,Inf
41,8,UMi,4,8,NaN,NaN,None,Outage,NaN,NaN,-Inf,0,NaN,0,Inf,0,NaN,NaN,NaN,-Inf,NaN,NaN,Inf
42,1,UMi,4,3,NaN,NaN,None,Outage,NaN,NaN,-Inf,0,NaN,0,Inf,0,NaN,NaN,NaN,-Inf,NaN,NaN,Inf
42,2,UMi,4,3,NaN,NaN,None,Outage,NaN,NaN,-Inf,0,NaN,0,Inf,0,NaN,NaN,NaN,-Inf,NaN,NaN,Inf
42,3,UMi,4,3,NaN,NaN,None,Outage,NaN,NaN,-Inf,0,NaN,0,Inf,0,NaN,NaN,NaN,-Inf,NaN,NaN,Inf
43,1,UMa,4,8,NaN,NaN,None,Outage,NaN,NaN,-Inf,0,NaN,0,Inf,0,NaN,NaN,NaN,-Inf,NaN,NaN,Inf
43,2,UMa,4,8,NaN,NaN,None,Outage,NaN,NaN,-Inf,0,NaN,0,Inf,0,NaN,NaN,NaN,-Inf,NaN,NaN,Inf
43,3,UMa,4,8,NaN,NaN,None,Outage,NaN,NaN,-Inf,0,NaN,0,Inf,0,NaN,NaN,NaN,-Inf,NaN,NaN,Inf
43,4,UMa,4,8,NaN,NaN,None,Outage,NaN,NaN,-Inf,0,NaN,0,Inf,0,NaN,NaN,NaN,-Inf,NaN,NaN,Inf
43,5,UMa,4,8,NaN,NaN,None,Outage,NaN,NaN,-Inf,0,NaN,0,Inf,0,NaN,NaN,NaN,-Inf,NaN,NaN,Inf
43,6,UMa,4,8,NaN,NaN,None,Outage,NaN,NaN,-Inf,0,NaN,0,Inf,0,NaN,NaN,NaN,-Inf,NaN,NaN,Inf
43,7,UMa,4,8,NaN,NaN,None,Outage,NaN,NaN,-Inf,0,NaN,0,Inf,0,NaN,NaN,NaN,-Inf,NaN,NaN,Inf
43,8,UMa,4,8,NaN,NaN,None,Outage,NaN,NaN,-Inf,0,NaN,0,Inf,0,NaN,NaN,NaN,-Inf,NaN,NaN,Inf
44,1,UMi,4,9,NaN,NaN,None,Outage,NaN,NaN,-Inf,0,NaN,0,Inf,0,NaN,NaN,NaN,-Inf,NaN,NaN,Inf
44,2,UMi,4,9,NaN,NaN,None,Outage,NaN,NaN,-Inf,0,NaN,0,Inf,0,NaN,NaN,NaN,-Inf,NaN,NaN,Inf
44,3,UMi,4,9,NaN,NaN,None,Outage,NaN,NaN,-Inf,0,NaN,0,Inf,0,NaN,NaN,NaN,-Inf,NaN,NaN,Inf
44,4,UMi,4,9,NaN,NaN,None,Outage,NaN,NaN,-Inf,0,NaN,0,Inf,0,NaN,NaN,NaN,-Inf,NaN,NaN,Inf
44,5,UMi,4,9,NaN,NaN,None,Outage,NaN,NaN,-Inf,0,NaN,0,Inf,0,NaN,NaN,NaN,-Inf,NaN,NaN,Inf
44,6,UMi,4,9,NaN,NaN,None,Outage,NaN,NaN,-Inf,0,NaN,0,Inf,0,NaN,NaN,NaN,-Inf,NaN,NaN,Inf
44,7,UMi,4,9,NaN,NaN,None,Outage,NaN,NaN,-Inf,0,NaN,0,Inf,0,NaN,NaN,NaN,-Inf,NaN,NaN,Inf
44,8,UMi,4,9,NaN,NaN,None,Outage,NaN,NaN,-Inf,0,NaN,0,Inf,0,NaN,NaN,NaN,-Inf,NaN,NaN,Inf
44,9,UMi,4,9,NaN,NaN,None,Outage,NaN,NaN,-Inf,0,NaN,0,Inf,0,NaN,NaN,NaN,-Inf,NaN,NaN,Inf
45,1,UMa,3,3,NaN,NaN,None,Outage,NaN,NaN,-Inf,0,NaN,0,Inf,0,NaN,NaN,NaN,-Inf,NaN,NaN,Inf
45,2,UMa,3,3,NaN,NaN,None,Outage,NaN,NaN,-Inf,0,NaN,0,Inf,0,NaN,NaN,NaN,-Inf,NaN,NaN,Inf
45,3,UMa,3,3,NaN,NaN,None,Outage,NaN,NaN,-Inf,0,NaN,0,Inf,0,NaN,NaN,NaN,-Inf,NaN,NaN,Inf
46,1,UMi,1,7,NaN,NaN,None,Outage,NaN,NaN,-Inf,0,NaN,0,Inf,0,NaN,NaN,NaN,-Inf,NaN,NaN,Inf
46,2,UMi,1,7,NaN,NaN,None,Outage,NaN,NaN,-Inf,0,NaN,0,Inf,0,NaN,NaN,NaN,-Inf,NaN,NaN,Inf
46,3,UMi,1,7,NaN,NaN,None,Outage,NaN,NaN,-Inf,0,NaN,0,Inf,0,NaN,NaN,NaN,-Inf,NaN,NaN,Inf
46,4,UMi,1,7,NaN,NaN,None,Outage,NaN,NaN,-Inf,0,NaN,0,Inf,0,NaN,NaN,NaN,-Inf,NaN,NaN,Inf
46,5,UMi,1,7,NaN,NaN,None,Outage,NaN,NaN,-Inf,0,NaN,0,Inf,0,NaN,NaN,NaN,-Inf,NaN,NaN,Inf
46,6,UMi,1,7,NaN,NaN,None,Outage,NaN,NaN,-Inf,0,NaN,0,Inf,0,NaN,NaN,NaN,-Inf,NaN,NaN,Inf
46,7,UMi,1,7,NaN,NaN,None,Outage,NaN,NaN,-Inf,0,NaN,0,Inf,0,NaN,NaN,NaN,-Inf,NaN,NaN,Inf
47,1,UMa,3,8,NaN,NaN,None,Outage,NaN,NaN,-Inf,0,NaN,0,Inf,0,NaN,NaN,NaN,-Inf,NaN,NaN,Inf
47,2,UMa,3,8,NaN,NaN,None,Outage,NaN,NaN,-Inf,0,NaN,0,Inf,0,NaN,NaN,NaN,-Inf,NaN,NaN,Inf
47,3,UMa,3,8,NaN,NaN,None,Outage,NaN,NaN,-Inf,0,NaN,0,Inf,0,NaN,NaN,NaN,-Inf,NaN,NaN,Inf
47,4,UMa,3,8,NaN,NaN,None,Outage,NaN,NaN,-Inf,0,NaN,0,Inf,0,NaN,NaN,NaN,-Inf,NaN,NaN,Inf
47,5,UMa,3,8,NaN,NaN,None,Outage,NaN,NaN,-Inf,0,NaN,0,Inf,0,NaN,NaN,NaN,-Inf,NaN,NaN,Inf
47,6,UMa,3,8,NaN,NaN,None,Outage,NaN,NaN,-Inf,0,NaN,0,Inf,0,NaN,NaN,NaN,-Inf,NaN,NaN,Inf
47,7,UMa,3,8,NaN,NaN,None,Outage,NaN,NaN,-Inf,0,NaN,0,Inf,0,NaN,NaN,NaN,-Inf,NaN,NaN,Inf
47,8,UMa,3,8,NaN,NaN,None,Outage,NaN,NaN,-Inf,0,NaN,0,Inf,0,NaN,NaN,NaN,-Inf,NaN,NaN,Inf
48,1,UMi,1,8,NaN,NaN,None,Outage,NaN,NaN,-Inf,0,NaN,0,Inf,0,NaN,NaN,NaN,-Inf,NaN,NaN,Inf
48,2,UMi,1,8,NaN,NaN,None,Outage,NaN,NaN,-Inf,0,NaN,0,Inf,0,NaN,NaN,NaN,-Inf,NaN,NaN,Inf
48,3,UMi,1,8,NaN,NaN,None,Outage,NaN,NaN,-Inf,0,NaN,0,Inf,0,NaN,NaN,NaN,-Inf,NaN,NaN,Inf
48,4,UMi,1,8,NaN,NaN,None,Outage,NaN,NaN,-Inf,0,NaN,0,Inf,0,NaN,NaN,NaN,-Inf,NaN,NaN,Inf
48,5,UMi,1,8,NaN,NaN,None,Outage,NaN,NaN,-Inf,0,NaN,0,Inf,0,NaN,NaN,NaN,-Inf,NaN,NaN,Inf
48,6,UMi,1,8,NaN,NaN,None,Outage,NaN,NaN,-Inf,0,NaN,0,Inf,0,NaN,NaN,NaN,-Inf,NaN,NaN,Inf
48,7,UMi,1,8,NaN,NaN,None,Outage,NaN,NaN,-Inf,0,NaN,0,Inf,0,NaN,NaN,NaN,-Inf,NaN,NaN,Inf
48,8,UMi,1,8,NaN,NaN,None,Outage,NaN,NaN,-Inf,0,NaN,0,Inf,0,NaN,NaN,NaN,-Inf,NaN,NaN,Inf
49,1,UMi,2,4,NaN,NaN,None,Outage,NaN,NaN,-Inf,0,NaN,0,Inf,0,NaN,NaN,NaN,-Inf,NaN,NaN,Inf
49,2,UMi,2,4,NaN,NaN,None,Outage,NaN,NaN,-Inf,0,NaN,0,Inf,0,NaN,NaN,NaN,-Inf,NaN,NaN,Inf
49,3,UMi,2,4,NaN,NaN,None,Outage,NaN,NaN,-Inf,0,NaN,0,Inf,0,NaN,NaN,NaN,-Inf,NaN,NaN,Inf
49,4,UMi,2,4,NaN,NaN,None,Outage,NaN,NaN,-Inf,0,NaN,0,Inf,0,NaN,NaN,NaN,-Inf,NaN,NaN,Inf
50,1,UMi,1,6,NaN,NaN,None,Outage,NaN,NaN,-Inf,0,NaN,0,Inf,0,NaN,NaN,NaN,-Inf,NaN,NaN,Inf
50,2,UMi,1,6,NaN,NaN,None,Outage,NaN,NaN,-Inf,0,NaN,0,Inf,0,NaN,NaN,NaN,-Inf,NaN,NaN,Inf
50,3,UMi,1,6,NaN,NaN,None,Outage,NaN,NaN,-Inf,0,NaN,0,Inf,0,NaN,NaN,NaN,-Inf,NaN,NaN,Inf
50,4,UMi,1,6,NaN,NaN,None,Outage,NaN,NaN,-Inf,0,NaN,0,Inf,0,NaN,NaN,NaN,-Inf,NaN,NaN,Inf
50,5,UMi,1,6,NaN,NaN,None,Outage,NaN,NaN,-Inf,0,NaN,0,Inf,0,NaN,NaN,NaN,-Inf,NaN,NaN,Inf
50,6,UMi,1,6,NaN,NaN,None,Outage,NaN,NaN,-Inf,0,NaN,0,Inf,0,NaN,NaN,NaN,-Inf,NaN,NaN,Inf
51,1,UMi,3,6,NaN,NaN,None,Outage,NaN,NaN,-Inf,0,NaN,0,Inf,0,NaN,NaN,NaN,-Inf,NaN,NaN,Inf
51,2,UMi,3,6,NaN,NaN,None,Outage,NaN,NaN,-Inf,0,NaN,0,Inf,0,NaN,NaN,NaN,-Inf,NaN,NaN,Inf
51,3,UMi,3,6,NaN,NaN,None,Outage,NaN,NaN,-Inf,0,NaN,0,Inf,0,NaN,NaN,NaN,-Inf,NaN,NaN,Inf
51,4,UMi,3,6,NaN,NaN,None,Outage,NaN,NaN,-Inf,0,NaN,0,Inf,0,NaN,NaN,NaN,-Inf,NaN,NaN,Inf
51,5,UMi,3,6,NaN,NaN,None,Outage,NaN,NaN,-Inf,0,NaN,0,Inf,0,NaN,NaN,NaN,-Inf,NaN,NaN,Inf
51,6,UMi,3,6,NaN,NaN,None,Outage,NaN,NaN,-Inf,0,NaN,0,Inf,0,NaN,NaN,NaN,-Inf,NaN,NaN,Inf
52,1,UMa,3,10,NaN,NaN,None,Outage,NaN,NaN,-Inf,0,NaN,0,Inf,0,NaN,NaN,NaN,-Inf,NaN,NaN,Inf
52,2,UMa,3,10,NaN,NaN,None,Outage,NaN,NaN,-Inf,0,NaN,0,Inf,0,NaN,NaN,NaN,-Inf,NaN,NaN,Inf
52,3,UMa,3,10,NaN,NaN,None,Outage,NaN,NaN,-Inf,0,NaN,0,Inf,0,NaN,NaN,NaN,-Inf,NaN,NaN,Inf
52,4,UMa,3,10,NaN,NaN,None,Outage,NaN,NaN,-Inf,0,NaN,0,Inf,0,NaN,NaN,NaN,-Inf,NaN,NaN,Inf
52,5,UMa,3,10,NaN,NaN,None,Outage,NaN,NaN,-Inf,0,NaN,0,Inf,0,NaN,NaN,NaN,-Inf,NaN,NaN,Inf
52,6,UMa,3,10,NaN,NaN,None,Outage,NaN,NaN,-Inf,0,NaN,0,Inf,0,NaN,NaN,NaN,-Inf,NaN,NaN,Inf
52,7,UMa,3,10,NaN,NaN,None,Outage,NaN,NaN,-Inf,0,NaN,0,Inf,0,NaN,NaN,NaN,-Inf,NaN,NaN,Inf
52,8,UMa,3,10,NaN,NaN,None,Outage,NaN,NaN,-Inf,0,NaN,0,Inf,0,NaN,NaN,NaN,-Inf,NaN,NaN,Inf
52,9,UMa,3,10,NaN,NaN,None,Outage,NaN,NaN,-Inf,0,NaN,0,Inf,0,NaN,NaN,NaN,-Inf,NaN,NaN,Inf
52,10,UMa,3,10,NaN,NaN,None,Outage,NaN,NaN,-Inf,0,NaN,0,Inf,0,NaN,NaN,NaN,-Inf,NaN,NaN,Inf
53,1,UMa,4,3,NaN,NaN,None,Outage,NaN,NaN,-Inf,0,NaN,0,Inf,0,NaN,NaN,NaN,-Inf,NaN,NaN,Inf
53,2,UMa,4,3,NaN,NaN,None,Outage,NaN,NaN,-Inf,0,NaN,0,Inf,0,NaN,NaN,NaN,-Inf,NaN,NaN,Inf
53,3,UMa,4,3,NaN,NaN,None,Outage,NaN,NaN,-Inf,0,NaN,0,Inf,0,NaN,NaN,NaN,-Inf,NaN,NaN,Inf
54,1,UMa,2,3,NaN,NaN,None,Outage,NaN,NaN,-Inf,0,NaN,0,Inf,0,NaN,NaN,NaN,-Inf,NaN,NaN,Inf
54,2,UMa,2,3,NaN,NaN,None,Outage,NaN,NaN,-Inf,0,NaN,0,Inf,0,NaN,NaN,NaN,-Inf,NaN,NaN,Inf
54,3,UMa,2,3,NaN,NaN,None,Outage,NaN,NaN,-Inf,0,NaN,0,Inf,0,NaN,NaN,NaN,-Inf,NaN,NaN,Inf
55,1,UMa,4,10,NaN,NaN,None,Outage,NaN,NaN,-Inf,0,NaN,0,Inf,0,NaN,NaN,NaN,-Inf,NaN,NaN,Inf
55,2,UMa,4,10,NaN,NaN,None,Outage,NaN,NaN,-Inf,0,NaN,0,Inf,0,NaN,NaN,NaN,-Inf,NaN,NaN,Inf
55,3,UMa,4,10,NaN,NaN,None,Outage,NaN,NaN,-Inf,0,NaN,0,Inf,0,NaN,NaN,NaN,-Inf,NaN,NaN,Inf
55,4,UMa,4,10,NaN,NaN,None,Outage,NaN,NaN,-Inf,0,NaN,0,Inf,0,NaN,NaN,NaN,-Inf,NaN,NaN,Inf
55,5,UMa,4,10,NaN,NaN,None,Outage,NaN,NaN,-Inf,0,NaN,0,Inf,0,NaN,NaN,NaN,-Inf,NaN,NaN,Inf
55,6,UMa,4,10,NaN,NaN,None,Outage,NaN,NaN,-Inf,0,NaN,0,Inf,0,NaN,NaN,NaN,-Inf,NaN,NaN,Inf
55,7,UMa,4,10,NaN,NaN,None,Outage,NaN,NaN,-Inf,0,NaN,0,Inf,0,NaN,NaN,NaN,-Inf,NaN,NaN,Inf
55,8,UMa,4,10,NaN,NaN,None,Outage,NaN,NaN,-Inf,0,NaN,0,Inf,0,NaN,NaN,NaN,-Inf,NaN,NaN,Inf
55,9,UMa,4,10,NaN,NaN,None,Outage,NaN,NaN,-Inf,0,NaN,0,Inf,0,NaN,NaN,NaN,-Inf,NaN,NaN,Inf
55,10,UMa,4,10,NaN,NaN,None,Outage,NaN,NaN,-Inf,0,NaN,0,Inf,0,NaN,NaN,NaN,-Inf,NaN,NaN,Inf
56,1,UMa,3,5,NaN,NaN,None,Outage,NaN,NaN,-Inf,0,NaN,0,Inf,0,NaN,NaN,NaN,-Inf,NaN,NaN,Inf
56,2,UMa,3,5,NaN,NaN,None,Outage,NaN,NaN,-Inf,0,NaN,0,Inf,0,NaN,NaN,NaN,-Inf,NaN,NaN,Inf
56,3,UMa,3,5,NaN,NaN,None,Outage,NaN,NaN,-Inf,0,NaN,0,Inf,0,NaN,NaN,NaN,-Inf,NaN,NaN,Inf
56,4,UMa,3,5,NaN,NaN,None,Outage,NaN,NaN,-Inf,0,NaN,0,Inf,0,NaN,NaN,NaN,-Inf,NaN,NaN,Inf
56,5,UMa,3,5,NaN,NaN,None,Outage,NaN,NaN,-Inf,0,NaN,0,Inf,0,NaN,NaN,NaN,-Inf,NaN,NaN,Inf
57,1,UMi,1,7,NaN,NaN,None,Outage,NaN,NaN,-Inf,0,NaN,0,Inf,0,NaN,NaN,NaN,-Inf,NaN,NaN,Inf
57,2,UMi,1,7,NaN,NaN,None,Outage,NaN,NaN,-Inf,0,NaN,0,Inf,0,NaN,NaN,NaN,-Inf,NaN,NaN,Inf
57,3,UMi,1,7,NaN,NaN,None,Outage,NaN,NaN,-Inf,0,NaN,0,Inf,0,NaN,NaN,NaN,-Inf,NaN,NaN,Inf
57,4,UMi,1,7,NaN,NaN,None,Outage,NaN,NaN,-Inf,0,NaN,0,Inf,0,NaN,NaN,NaN,-Inf,NaN,NaN,Inf
57,5,UMi,1,7,NaN,NaN,None,Outage,NaN,NaN,-Inf,0,NaN,0,Inf,0,NaN,NaN,NaN,-Inf,NaN,NaN,Inf
57,6,UMi,1,7,NaN,NaN,None,Outage,NaN,NaN,-Inf,0,NaN,0,Inf,0,NaN,NaN,NaN,-Inf,NaN,NaN,Inf
57,7,UMi,1,7,NaN,NaN,None,Outage,NaN,NaN,-Inf,0,NaN,0,Inf,0,NaN,NaN,NaN,-Inf,NaN,NaN,Inf
58,1,UMa,3,3,NaN,NaN,None,Outage,NaN,NaN,-Inf,0,NaN,0,Inf,0,NaN,NaN,NaN,-Inf,NaN,NaN,Inf
58,2,UMa,3,3,NaN,NaN,None,Outage,NaN,NaN,-Inf,0,NaN,0,Inf,0,NaN,NaN,NaN,-Inf,NaN,NaN,Inf
58,3,UMa,3,3,NaN,NaN,None,Outage,NaN,NaN,-Inf,0,NaN,0,Inf,0,NaN,NaN,NaN,-Inf,NaN,NaN,Inf
59,1,UMi,4,6,NaN,NaN,None,Outage,NaN,NaN,-Inf,0,NaN,0,Inf,0,NaN,NaN,NaN,-Inf,NaN,NaN,Inf
59,2,UMi,4,6,NaN,NaN,None,Outage,NaN,NaN,-Inf,0,NaN,0,Inf,0,NaN,NaN,NaN,-Inf,NaN,NaN,Inf
59,3,UMi,4,6,NaN,NaN,None,Outage,NaN,NaN,-Inf,0,NaN,0,Inf,0,NaN,NaN,NaN,-Inf,NaN,NaN,Inf
59,4,UMi,4,6,NaN,NaN,None,Outage,NaN,NaN,-Inf,0,NaN,0,Inf,0,NaN,NaN,NaN,-Inf,NaN,NaN,Inf
59,5,UMi,4,6,NaN,NaN,None,Outage,NaN,NaN,-Inf,0,NaN,0,Inf,0,NaN,NaN,NaN,-Inf,NaN,NaN,Inf
59,6,UMi,4,6,NaN,NaN,None,Outage,NaN,NaN,-Inf,0,NaN,0,Inf,0,NaN,NaN,NaN,-Inf,NaN,NaN,Inf
60,1,UMa,4,6,NaN,NaN,None,Outage,NaN,NaN,-Inf,0,NaN,0,Inf,0,NaN,NaN,NaN,-Inf,NaN,NaN,Inf
60,2,UMa,4,6,NaN,NaN,None,Outage,NaN,NaN,-Inf,0,NaN,0,Inf,0,NaN,NaN,NaN,-Inf,NaN,NaN,Inf
60,3,UMa,4,6,NaN,NaN,None,Outage,NaN,NaN,-Inf,0,NaN,0,Inf,0,NaN,NaN,NaN,-Inf,NaN,NaN,Inf
60,4,UMa,4,6,NaN,NaN,None,Outage,NaN,NaN,-Inf,0,NaN,0,Inf,0,NaN,NaN,NaN,-Inf,NaN,NaN,Inf
60,5,UMa,4,6,NaN,NaN,None,Outage,NaN,NaN,-Inf,0,NaN,0,Inf,0,NaN,NaN,NaN,-Inf,NaN,NaN,Inf
60,6,UMa,4,6,NaN,NaN,None,Outage,NaN,NaN,-Inf,0,NaN,0,Inf,0,NaN,NaN,NaN,-Inf,NaN,NaN,Inf
61,1,UMa,3,7,NaN,NaN,None,Outage,NaN,NaN,-Inf,0,NaN,0,Inf,0,NaN,NaN,NaN,-Inf,NaN,NaN,Inf
61,2,UMa,3,7,NaN,NaN,None,Outage,NaN,NaN,-Inf,0,NaN,0,Inf,0,NaN,NaN,NaN,-Inf,NaN,NaN,Inf
61,3,UMa,3,7,NaN,NaN,None,Outage,NaN,NaN,-Inf,0,NaN,0,Inf,0,NaN,NaN,NaN,-Inf,NaN,NaN,Inf
61,4,UMa,3,7,NaN,NaN,None,Outage,NaN,NaN,-Inf,0,NaN,0,Inf,0,NaN,NaN,NaN,-Inf,NaN,NaN,Inf
61,5,UMa,3,7,NaN,NaN,None,Outage,NaN,NaN,-Inf,0,NaN,0,Inf,0,NaN,NaN,NaN,-Inf,NaN,NaN,Inf
61,6,UMa,3,7,NaN,NaN,None,Outage,NaN,NaN,-Inf,0,NaN,0,Inf,0,NaN,NaN,NaN,-Inf,NaN,NaN,Inf
61,7,UMa,3,7,NaN,NaN,None,Outage,NaN,NaN,-Inf,0,NaN,0,Inf,0,NaN,NaN,NaN,-Inf,NaN,NaN,Inf
62,1,UMa,2,4,NaN,NaN,None,Outage,NaN,NaN,-Inf,0,NaN,0,Inf,0,NaN,NaN,NaN,-Inf,NaN,NaN,Inf
62,2,UMa,2,4,NaN,NaN,None,Outage,NaN,NaN,-Inf,0,NaN,0,Inf,0,NaN,NaN,NaN,-Inf,NaN,NaN,Inf
62,3,UMa,2,4,NaN,NaN,None,Outage,NaN,NaN,-Inf,0,NaN,0,Inf,0,NaN,NaN,NaN,-Inf,NaN,NaN,Inf
62,4,UMa,2,4,NaN,NaN,None,Outage,NaN,NaN,-Inf,0,NaN,0,Inf,0,NaN,NaN,NaN,-Inf,NaN,NaN,Inf
63,1,UMi,3,10,NaN,NaN,None,Outage,NaN,NaN,-Inf,0,NaN,0,Inf,0,NaN,NaN,NaN,-Inf,NaN,NaN,Inf
63,2,UMi,3,10,NaN,NaN,None,Outage,NaN,NaN,-Inf,0,NaN,0,Inf,0,NaN,NaN,NaN,-Inf,NaN,NaN,Inf
63,3,UMi,3,10,NaN,NaN,None,Outage,NaN,NaN,-Inf,0,NaN,0,Inf,0,NaN,NaN,NaN,-Inf,NaN,NaN,Inf
63,4,UMi,3,10,NaN,NaN,None,Outage,NaN,NaN,-Inf,0,NaN,0,Inf,0,NaN,NaN,NaN,-Inf,NaN,NaN,Inf
63,5,UMi,3,10,NaN,NaN,None,Outage,NaN,NaN,-Inf,0,NaN,0,Inf,0,NaN,NaN,NaN,-Inf,NaN,NaN,Inf
63,6,UMi,3,10,NaN,NaN,None,Outage,NaN,NaN,-Inf,0,NaN,0,Inf,0,NaN,NaN,NaN,-Inf,NaN,NaN,Inf
63,7,UMi,3,10,NaN,NaN,None,Outage,NaN,NaN,-Inf,0,NaN,0,Inf,0,NaN,NaN,NaN,-Inf,NaN,NaN,Inf
63,8,UMi,3,10,NaN,NaN,None,Outage,NaN,NaN,-Inf,0,NaN,0,Inf,0,NaN,NaN,NaN,-Inf,NaN,NaN,Inf
63,9,UMi,3,10,NaN,NaN,None,Outage,NaN,NaN,-Inf,0,NaN,0,Inf,0,NaN,NaN,NaN,-Inf,NaN,NaN,Inf
63,10,UMi,3,10,NaN,NaN,None,Outage,NaN,NaN,-Inf,0,NaN,0,Inf,0,NaN,NaN,NaN,-Inf,NaN,NaN,Inf
64,1,UMi,3,3,NaN,NaN,None,Outage,NaN,NaN,-Inf,0,NaN,0,Inf,0,NaN,NaN,NaN,-Inf,NaN,NaN,Inf
64,2,UMi,3,3,NaN,NaN,None,Outage,NaN,NaN,-Inf,0,NaN,0,Inf,0,NaN,NaN,NaN,-Inf,NaN,NaN,Inf
64,3,UMi,3,3,NaN,NaN,None,Outage,NaN,NaN,-Inf,0,NaN,0,Inf,0,NaN,NaN,NaN,-Inf,NaN,NaN,Inf
65,1,UMa,1,3,NaN,NaN,None,Outage,NaN,NaN,-Inf,0,NaN,0,Inf,0,NaN,NaN,NaN,-Inf,NaN,NaN,Inf
65,2,UMa,1,3,NaN,NaN,None,Outage,NaN,NaN,-Inf,0,NaN,0,Inf,0,NaN,NaN,NaN,-Inf,NaN,NaN,Inf
65,3,UMa,1,3,NaN,NaN,None,Outage,NaN,NaN,-Inf,0,NaN,0,Inf,0,NaN,NaN,NaN,-Inf,NaN,NaN,Inf
66,1,UMi,3,4,NaN,NaN,None,Outage,NaN,NaN,-Inf,0,NaN,0,Inf,0,NaN,NaN,NaN,-Inf,NaN,NaN,Inf
66,2,UMi,3,4,NaN,NaN,None,Outage,NaN,NaN,-Inf,0,NaN,0,Inf,0,NaN,NaN,NaN,-Inf,NaN,NaN,Inf
66,3,UMi,3,4,NaN,NaN,None,Outage,NaN,NaN,-Inf,0,NaN,0,Inf,0,NaN,NaN,NaN,-Inf,NaN,NaN,Inf
66,4,UMi,3,4,NaN,NaN,None,Outage,NaN,NaN,-Inf,0,NaN,0,Inf,0,NaN,NaN,NaN,-Inf,NaN,NaN,Inf
67,1,UMa,1,6,NaN,NaN,None,Outage,NaN,NaN,-Inf,0,NaN,0,Inf,0,NaN,NaN,NaN,-Inf,NaN,NaN,Inf
67,2,UMa,1,6,NaN,NaN,None,Outage,NaN,NaN,-Inf,0,NaN,0,Inf,0,NaN,NaN,NaN,-Inf,NaN,NaN,Inf
67,3,UMa,1,6,NaN,NaN,None,Outage,NaN,NaN,-Inf,0,NaN,0,Inf,0,NaN,NaN,NaN,-Inf,NaN,NaN,Inf
67,4,UMa,1,6,NaN,NaN,None,Outage,NaN,NaN,-Inf,0,NaN,0,Inf,0,NaN,NaN,NaN,-Inf,NaN,NaN,Inf
67,5,UMa,1,6,NaN,NaN,None,Outage,NaN,NaN,-Inf,0,NaN,0,Inf,0,NaN,NaN,NaN,-Inf,NaN,NaN,Inf
67,6,UMa,1,6,NaN,NaN,None,Outage,NaN,NaN,-Inf,0,NaN,0,Inf,0,NaN,NaN,NaN,-Inf,NaN,NaN,Inf
68,1,UMi,1,5,NaN,NaN,None,Outage,NaN,NaN,-Inf,0,NaN,0,Inf,0,NaN,NaN,NaN,-Inf,NaN,NaN,Inf
68,2,UMi,1,5,NaN,NaN,None,Outage,NaN,NaN,-Inf,0,NaN,0,Inf,0,NaN,NaN,NaN,-Inf,NaN,NaN,Inf
68,3,UMi,1,5,NaN,NaN,None,Outage,NaN,NaN,-Inf,0,NaN,0,Inf,0,NaN,NaN,NaN,-Inf,NaN,NaN,Inf
68,4,UMi,1,5,NaN,NaN,None,Outage,NaN,NaN,-Inf,0,NaN,0,Inf,0,NaN,NaN,NaN,-Inf,NaN,NaN,Inf
68,5,UMi,1,5,NaN,NaN,None,Outage,NaN,NaN,-Inf,0,NaN,0,Inf,0,NaN,NaN,NaN,-Inf,NaN,NaN,Inf
69,1,UMi,3,7,NaN,NaN,None,Outage,NaN,NaN,-Inf,0,NaN,0,Inf,0,NaN,NaN,NaN,-Inf,NaN,NaN,Inf
69,2,UMi,3,7,NaN,NaN,None,Outage,NaN,NaN,-Inf,0,NaN,0,Inf,0,NaN,NaN,NaN,-Inf,NaN,NaN,Inf
69,3,UMi,3,7,NaN,NaN,None,Outage,NaN,NaN,-Inf,0,NaN,0,Inf,0,NaN,NaN,NaN,-Inf,NaN,NaN,Inf
69,4,UMi,3,7,NaN,NaN,None,Outage,NaN,NaN,-Inf,0,NaN,0,Inf,0,NaN,NaN,NaN,-Inf,NaN,NaN,Inf
69,5,UMi,3,7,NaN,NaN,None,Outage,NaN,NaN,-Inf,0,NaN,0,Inf,0,NaN,NaN,NaN,-Inf,NaN,NaN,Inf
69,6,UMi,3,7,NaN,NaN,None,Outage,NaN,NaN,-Inf,0,NaN,0,Inf,0,NaN,NaN,NaN,-Inf,NaN,NaN,Inf
69,7,UMi,3,7,NaN,NaN,None,Outage,NaN,NaN,-Inf,0,NaN,0,Inf,0,NaN,NaN,NaN,-Inf,NaN,NaN,Inf
70,1,UMi,2,7,NaN,NaN,None,Outage,NaN,NaN,-Inf,0,NaN,0,Inf,0,NaN,NaN,NaN,-Inf,NaN,NaN,Inf
70,2,UMi,2,7,NaN,NaN,None,Outage,NaN,NaN,-Inf,0,NaN,0,Inf,0,NaN,NaN,NaN,-Inf,NaN,NaN,Inf
70,3,UMi,2,7,NaN,NaN,None,Outage,NaN,NaN,-Inf,0,NaN,0,Inf,0,NaN,NaN,NaN,-Inf,NaN,NaN,Inf
70,4,UMi,2,7,NaN,NaN,None,Outage,NaN,NaN,-Inf,0,NaN,0,Inf,0,NaN,NaN,NaN,-Inf,NaN,NaN,Inf
70,5,UMi,2,7,NaN,NaN,None,Outage,NaN,NaN,-Inf,0,NaN,0,Inf,0,NaN,NaN,NaN,-Inf,NaN,NaN,Inf
70,6,UMi,2,7,NaN,NaN,None,Outage,NaN,NaN,-Inf,0,NaN,0,Inf,0,NaN,NaN,NaN,-Inf,NaN,NaN,Inf
70,7,UMi,2,7,NaN,NaN,None,Outage,NaN,NaN,-Inf,0,NaN,0,Inf,0,NaN,NaN,NaN,-Inf,NaN,NaN,Inf
71,1,UMi,1,9,NaN,NaN,None,Outage,NaN,NaN,-Inf,0,NaN,0,Inf,0,NaN,NaN,NaN,-Inf,NaN,NaN,Inf
71,2,UMi,1,9,NaN,NaN,None,Outage,NaN,NaN,-Inf,0,NaN,0,Inf,0,NaN,NaN,NaN,-Inf,NaN,NaN,Inf
71,3,UMi,1,9,NaN,NaN,None,Outage,NaN,NaN,-Inf,0,NaN,0,Inf,0,NaN,NaN,NaN,-Inf,NaN,NaN,Inf
71,4,UMi,1,9,NaN,NaN,None,Outage,NaN,NaN,-Inf,0,NaN,0,Inf,0,NaN,NaN,NaN,-Inf,NaN,NaN,Inf
71,5,UMi,1,9,NaN,NaN,None,Outage,NaN,NaN,-Inf,0,NaN,0,Inf,0,NaN,NaN,NaN,-Inf,NaN,NaN,Inf
71,6,UMi,1,9,NaN,NaN,None,Outage,NaN,NaN,-Inf,0,NaN,0,Inf,0,NaN,NaN,NaN,-Inf,NaN,NaN,Inf
71,7,UMi,1,9,NaN,NaN,None,Outage,NaN,NaN,-Inf,0,NaN,0,Inf,0,NaN,NaN,NaN,-Inf,NaN,NaN,Inf
71,8,UMi,1,9,NaN,NaN,None,Outage,NaN,NaN,-Inf,0,NaN,0,Inf,0,NaN,NaN,NaN,-Inf,NaN,NaN,Inf
71,9,UMi,1,9,NaN,NaN,None,Outage,NaN,NaN,-Inf,0,NaN,0,Inf,0,NaN,NaN,NaN,-Inf,NaN,NaN,Inf
72,1,UMi,4,5,NaN,NaN,None,Outage,NaN,NaN,-Inf,0,NaN,0,Inf,0,NaN,NaN,NaN,-Inf,NaN,NaN,Inf
72,2,UMi,4,5,NaN,NaN,None,Outage,NaN,NaN,-Inf,0,NaN,0,Inf,0,NaN,NaN,NaN,-Inf,NaN,NaN,Inf
72,3,UMi,4,5,NaN,NaN,None,Outage,NaN,NaN,-Inf,0,NaN,0,Inf,0,NaN,NaN,NaN,-Inf,NaN,NaN,Inf
72,4,UMi,4,5,NaN,NaN,None,Outage,NaN,NaN,-Inf,0,NaN,0,Inf,0,NaN,NaN,NaN,-Inf,NaN,NaN,Inf
72,5,UMi,4,5,NaN,NaN,None,Outage,NaN,NaN,-Inf,0,NaN,0,Inf,0,NaN,NaN,NaN,-Inf,NaN,NaN,Inf
73,1,UMa,3,6,NaN,NaN,None,Outage,NaN,NaN,-Inf,0,NaN,0,Inf,0,NaN,NaN,NaN,-Inf,NaN,NaN,Inf
73,2,UMa,3,6,NaN,NaN,None,Outage,NaN,NaN,-Inf,0,NaN,0,Inf,0,NaN,NaN,NaN,-Inf,NaN,NaN,Inf
73,3,UMa,3,6,NaN,NaN,None,Outage,NaN,NaN,-Inf,0,NaN,0,Inf,0,NaN,NaN,NaN,-Inf,NaN,NaN,Inf
73,4,UMa,3,6,NaN,NaN,None,Outage,NaN,NaN,-Inf,0,NaN,0,Inf,0,NaN,NaN,NaN,-Inf,NaN,NaN,Inf
73,5,UMa,3,6,NaN,NaN,None,Outage,NaN,NaN,-Inf,0,NaN,0,Inf,0,NaN,NaN,NaN,-Inf,NaN,NaN,Inf
73,6,UMa,3,6,NaN,NaN,None,Outage,NaN,NaN,-Inf,0,NaN,0,Inf,0,NaN,NaN,NaN,-Inf,NaN,NaN,Inf
74,1,UMa,3,6,NaN,NaN,None,Outage,NaN,NaN,-Inf,0,NaN,0,Inf,0,NaN,NaN,NaN,-Inf,NaN,NaN,Inf
74,2,UMa,3,6,NaN,NaN,None,Outage,NaN,NaN,-Inf,0,NaN,0,Inf,0,NaN,NaN,NaN,-Inf,NaN,NaN,Inf
74,3,UMa,3,6,NaN,NaN,None,Outage,NaN,NaN,-Inf,0,NaN,0,Inf,0,NaN,NaN,NaN,-Inf,NaN,NaN,Inf
74,4,UMa,3,6,NaN,NaN,None,Outage,NaN,NaN,-Inf,0,NaN,0,Inf,0,NaN,NaN,NaN,-Inf,NaN,NaN,Inf
74,5,UMa,3,6,NaN,NaN,None,Outage,NaN,NaN,-Inf,0,NaN,0,Inf,0,NaN,NaN,NaN,-Inf,NaN,NaN,Inf
74,6,UMa,3,6,NaN,NaN,None,Outage,NaN,NaN,-Inf,0,NaN,0,Inf,0,NaN,NaN,NaN,-Inf,NaN,NaN,Inf
75,1,UMa,4,8,NaN,NaN,None,Outage,NaN,NaN,-Inf,0,NaN,0,Inf,0,NaN,NaN,NaN,-Inf,NaN,NaN,Inf
75,2,UMa,4,8,NaN,NaN,None,Outage,NaN,NaN,-Inf,0,NaN,0,Inf,0,NaN,NaN,NaN,-Inf,NaN,NaN,Inf
75,3,UMa,4,8,NaN,NaN,None,Outage,NaN,NaN,-Inf,0,NaN,0,Inf,0,NaN,NaN,NaN,-Inf,NaN,NaN,Inf
75,4,UMa,4,8,NaN,NaN,None,Outage,NaN,NaN,-Inf,0,NaN,0,Inf,0,NaN,NaN,NaN,-Inf,NaN,NaN,Inf
75,5,UMa,4,8,NaN,NaN,None,Outage,NaN,NaN,-Inf,0,NaN,0,Inf,0,NaN,NaN,NaN,-Inf,NaN,NaN,Inf
75,6,UMa,4,8,NaN,NaN,None,Outage,NaN,NaN,-Inf,0,NaN,0,Inf,0,NaN,NaN,NaN,-Inf,NaN,NaN,Inf
75,7,UMa,4,8,NaN,NaN,None,Outage,NaN,NaN,-Inf,0,NaN,0,Inf,0,NaN,NaN,NaN,-Inf,NaN,NaN,Inf
75,8,UMa,4,8,NaN,NaN,None,Outage,NaN,NaN,-Inf,0,NaN,0,Inf,0,NaN,NaN,NaN,-Inf,NaN,NaN,Inf
76,1,UMi,2,4,NaN,NaN,None,Outage,NaN,NaN,-Inf,0,NaN,0,Inf,0,NaN,NaN,NaN,-Inf,NaN,NaN,Inf
76,2,UMi,2,4,NaN,NaN,None,Outage,NaN,NaN,-Inf,0,NaN,0,Inf,0,NaN,NaN,NaN,-Inf,NaN,NaN,Inf
76,3,UMi,2,4,NaN,NaN,None,Outage,NaN,NaN,-Inf,0,NaN,0,Inf,0,NaN,NaN,NaN,-Inf,NaN,NaN,Inf
76,4,UMi,2,4,NaN,NaN,None,Outage,NaN,NaN,-Inf,0,NaN,0,Inf,0,NaN,NaN,NaN,-Inf,NaN,NaN,Inf
77,1,UMi,1,4,NaN,NaN,None,Outage,NaN,NaN,-Inf,0,NaN,0,Inf,0,NaN,NaN,NaN,-Inf,NaN,NaN,Inf
77,2,UMi,1,4,NaN,NaN,None,Outage,NaN,NaN,-Inf,0,NaN,0,Inf,0,NaN,NaN,NaN,-Inf,NaN,NaN,Inf
77,3,UMi,1,4,NaN,NaN,None,Outage,NaN,NaN,-Inf,0,NaN,0,Inf,0,NaN,NaN,NaN,-Inf,NaN,NaN,Inf
77,4,UMi,1,4,NaN,NaN,None,Outage,NaN,NaN,-Inf,0,NaN,0,Inf,0,NaN,NaN,NaN,-Inf,NaN,NaN,Inf
78,1,UMi,2,10,NaN,NaN,None,Outage,NaN,NaN,-Inf,0,NaN,0,Inf,0,NaN,NaN,NaN,-Inf,NaN,NaN,Inf
78,2,UMi,2,10,NaN,NaN,None,Outage,NaN,NaN,-Inf,0,NaN,0,Inf,0,NaN,NaN,NaN,-Inf,NaN,NaN,Inf
78,3,UMi,2,10,NaN,NaN,None,Outage,NaN,NaN,-Inf,0,NaN,0,Inf,0,NaN,NaN,NaN,-Inf,NaN,NaN,Inf
78,4,UMi,2,10,NaN,NaN,None,Outage,NaN,NaN,-Inf,0,NaN,0,Inf,0,NaN,NaN,NaN,-Inf,NaN,NaN,Inf
78,5,UMi,2,10,NaN,NaN,None,Outage,NaN,NaN,-Inf,0,NaN,0,Inf,0,NaN,NaN,NaN,-Inf,NaN,NaN,Inf
78,6,UMi,2,10,NaN,NaN,None,Outage,NaN,NaN,-Inf,0,NaN,0,Inf,0,NaN,NaN,NaN,-Inf,NaN,NaN,Inf
78,7,UMi,2,10,NaN,NaN,None,Outage,NaN,NaN,-Inf,0,NaN,0,Inf,0,NaN,NaN,NaN,-Inf,NaN,NaN,Inf
78,8,UMi,2,10,NaN,NaN,None,Outage,NaN,NaN,-Inf,0,NaN,0,Inf,0,NaN,NaN,NaN,-Inf,NaN,NaN,Inf
78,9,UMi,2,10,NaN,NaN,None,Outage,NaN,NaN,-Inf,0,NaN,0,Inf,0,NaN,NaN,NaN,-Inf,NaN,NaN,Inf
78,10,UMi,2,10,NaN,NaN,None,Outage,NaN,NaN,-Inf,0,NaN,0,Inf,0,NaN,NaN,NaN,-Inf,NaN,NaN,Inf
79,1,UMa,2,8,NaN,NaN,None,Outage,NaN,NaN,-Inf,0,NaN,0,Inf,0,NaN,NaN,NaN,-Inf,NaN,NaN,Inf
79,2,UMa,2,8,NaN,NaN,None,Outage,NaN,NaN,-Inf,0,NaN,0,Inf,0,NaN,NaN,NaN,-Inf,NaN,NaN,Inf
79,3,UMa,2,8,NaN,NaN,None,Outage,NaN,NaN,-Inf,0,NaN,0,Inf,0,NaN,NaN,NaN,-Inf,NaN,NaN,Inf
79,4,UMa,2,8,NaN,NaN,None,Outage,NaN,NaN,-Inf,0,NaN,0,Inf,0,NaN,NaN,NaN,-Inf,NaN,NaN,Inf
79,5,UMa,2,8,NaN,NaN,None,Outage,NaN,NaN,-Inf,0,NaN,0,Inf,0,NaN,NaN,NaN,-Inf,NaN,NaN,Inf
79,6,UMa,2,8,NaN,NaN,None,Outage,NaN,NaN,-Inf,0,NaN,0,Inf,0,NaN,NaN,NaN,-Inf,NaN,NaN,Inf
79,7,UMa,2,8,NaN,NaN,None,Outage,NaN,NaN,-Inf,0,NaN,0,Inf,0,NaN,NaN,NaN,-Inf,NaN,NaN,Inf
79,8,UMa,2,8,NaN,NaN,None,Outage,NaN,NaN,-Inf,0,NaN,0,Inf,0,NaN,NaN,NaN,-Inf,NaN,NaN,Inf
80,1,UMi,4,6,NaN,NaN,None,Outage,NaN,NaN,-Inf,0,NaN,0,Inf,0,NaN,NaN,NaN,-Inf,NaN,NaN,Inf
80,2,UMi,4,6,NaN,NaN,None,Outage,NaN,NaN,-Inf,0,NaN,0,Inf,0,NaN,NaN,NaN,-Inf,NaN,NaN,Inf
80,3,UMi,4,6,NaN,NaN,None,Outage,NaN,NaN,-Inf,0,NaN,0,Inf,0,NaN,NaN,NaN,-Inf,NaN,NaN,Inf
80,4,UMi,4,6,NaN,NaN,None,Outage,NaN,NaN,-Inf,0,NaN,0,Inf,0,NaN,NaN,NaN,-Inf,NaN,NaN,Inf
80,5,UMi,4,6,NaN,NaN,None,Outage,NaN,NaN,-Inf,0,NaN,0,Inf,0,NaN,NaN,NaN,-Inf,NaN,NaN,Inf
80,6,UMi,4,6,NaN,NaN,None,Outage,NaN,NaN,-Inf,0,NaN,0,Inf,0,NaN,NaN,NaN,-Inf,NaN,NaN,Inf
81,1,UMa,3,3,NaN,NaN,None,Outage,NaN,NaN,-Inf,0,NaN,0,Inf,0,NaN,NaN,NaN,-Inf,NaN,NaN,Inf
81,2,UMa,3,3,NaN,NaN,None,Outage,NaN,NaN,-Inf,0,NaN,0,Inf,0,NaN,NaN,NaN,-Inf,NaN,NaN,Inf
81,3,UMa,3,3,NaN,NaN,None,Outage,NaN,NaN,-Inf,0,NaN,0,Inf,0,NaN,NaN,NaN,-Inf,NaN,NaN,Inf
82,1,UMa,3,10,NaN,NaN,None,Outage,NaN,NaN,-Inf,0,NaN,0,Inf,0,NaN,NaN,NaN,-Inf,NaN,NaN,Inf
82,2,UMa,3,10,NaN,NaN,None,Outage,NaN,NaN,-Inf,0,NaN,0,Inf,0,NaN,NaN,NaN,-Inf,NaN,NaN,Inf
82,3,UMa,3,10,NaN,NaN,None,Outage,NaN,NaN,-Inf,0,NaN,0,Inf,0,NaN,NaN,NaN,-Inf,NaN,NaN,Inf
82,4,UMa,3,10,NaN,NaN,None,Outage,NaN,NaN,-Inf,0,NaN,0,Inf,0,NaN,NaN,NaN,-Inf,NaN,NaN,Inf
82,5,UMa,3,10,NaN,NaN,None,Outage,NaN,NaN,-Inf,0,NaN,0,Inf,0,NaN,NaN,NaN,-Inf,NaN,NaN,Inf
82,6,UMa,3,10,NaN,NaN,None,Outage,NaN,NaN,-Inf,0,NaN,0,Inf,0,NaN,NaN,NaN,-Inf,NaN,NaN,Inf
82,7,UMa,3,10,NaN,NaN,None,Outage,NaN,NaN,-Inf,0,NaN,0,Inf,0,NaN,NaN,NaN,-Inf,NaN,NaN,Inf
82,8,UMa,3,10,NaN,NaN,None,Outage,NaN,NaN,-Inf,0,NaN,0,Inf,0,NaN,NaN,NaN,-Inf,NaN,NaN,Inf
82,9,UMa,3,10,NaN,NaN,None,Outage,NaN,NaN,-Inf,0,NaN,0,Inf,0,NaN,NaN,NaN,-Inf,NaN,NaN,Inf
82,10,UMa,3,10,NaN,NaN,None,Outage,NaN,NaN,-Inf,0,NaN,0,Inf,0,NaN,NaN,NaN,-Inf,NaN,NaN,Inf
83,1,UMi,3,3,NaN,NaN,None,Outage,NaN,NaN,-Inf,0,NaN,0,Inf,0,NaN,NaN,NaN,-Inf,NaN,NaN,Inf
83,2,UMi,3,3,NaN,NaN,None,Outage,NaN,NaN,-Inf,0,NaN,0,Inf,0,NaN,NaN,NaN,-Inf,NaN,NaN,Inf
83,3,UMi,3,3,NaN,NaN,None,Outage,NaN,NaN,-Inf,0,NaN,0,Inf,0,NaN,NaN,NaN,-Inf,NaN,NaN,Inf
84,1,UMa,3,5,NaN,NaN,None,Outage,NaN,NaN,-Inf,0,NaN,0,Inf,0,NaN,NaN,NaN,-Inf,NaN,NaN,Inf
84,2,UMa,3,5,NaN,NaN,None,Outage,NaN,NaN,-Inf,0,NaN,0,Inf,0,NaN,NaN,NaN,-Inf,NaN,NaN,Inf
84,3,UMa,3,5,NaN,NaN,None,Outage,NaN,NaN,-Inf,0,NaN,0,Inf,0,NaN,NaN,NaN,-Inf,NaN,NaN,Inf
84,4,UMa,3,5,NaN,NaN,None,Outage,NaN,NaN,-Inf,0,NaN,0,Inf,0,NaN,NaN,NaN,-Inf,NaN,NaN,Inf
84,5,UMa,3,5,NaN,NaN,None,Outage,NaN,NaN,-Inf,0,NaN,0,Inf,0,NaN,NaN,NaN,-Inf,NaN,NaN,Inf
85,1,UMa,2,3,NaN,NaN,None,Outage,NaN,NaN,-Inf,0,NaN,0,Inf,0,NaN,NaN,NaN,-Inf,NaN,NaN,Inf
85,2,UMa,2,3,NaN,NaN,None,Outage,NaN,NaN,-Inf,0,NaN,0,Inf,0,NaN,NaN,NaN,-Inf,NaN,NaN,Inf
85,3,UMa,2,3,NaN,NaN,None,Outage,NaN,NaN,-Inf,0,NaN,0,Inf,0,NaN,NaN,NaN,-Inf,NaN,NaN,Inf
86,1,UMa,1,6,NaN,NaN,None,Outage,NaN,NaN,-Inf,0,NaN,0,Inf,0,NaN,NaN,NaN,-Inf,NaN,NaN,Inf
86,2,UMa,1,6,NaN,NaN,None,Outage,NaN,NaN,-Inf,0,NaN,0,Inf,0,NaN,NaN,NaN,-Inf,NaN,NaN,Inf
86,3,UMa,1,6,NaN,NaN,None,Outage,NaN,NaN,-Inf,0,NaN,0,Inf,0,NaN,NaN,NaN,-Inf,NaN,NaN,Inf
86,4,UMa,1,6,NaN,NaN,None,Outage,NaN,NaN,-Inf,0,NaN,0,Inf,0,NaN,NaN,NaN,-Inf,NaN,NaN,Inf
86,5,UMa,1,6,NaN,NaN,None,Outage,NaN,NaN,-Inf,0,NaN,0,Inf,0,NaN,NaN,NaN,-Inf,NaN,NaN,Inf
86,6,UMa,1,6,NaN,NaN,None,Outage,NaN,NaN,-Inf,0,NaN,0,Inf,0,NaN,NaN,NaN,-Inf,NaN,NaN,Inf
87,1,UMa,4,6,NaN,NaN,None,Outage,NaN,NaN,-Inf,0,NaN,0,Inf,0,NaN,NaN,NaN,-Inf,NaN,NaN,Inf
87,2,UMa,4,6,NaN,NaN,None,Outage,NaN,NaN,-Inf,0,NaN,0,Inf,0,NaN,NaN,NaN,-Inf,NaN,NaN,Inf
87,3,UMa,4,6,NaN,NaN,None,Outage,NaN,NaN,-Inf,0,NaN,0,Inf,0,NaN,NaN,NaN,-Inf,NaN,NaN,Inf
87,4,UMa,4,6,NaN,NaN,None,Outage,NaN,NaN,-Inf,0,NaN,0,Inf,0,NaN,NaN,NaN,-Inf,NaN,NaN,Inf
87,5,UMa,4,6,NaN,NaN,None,Outage,NaN,NaN,-Inf,0,NaN,0,Inf,0,NaN,NaN,NaN,-Inf,NaN,NaN,Inf
87,6,UMa,4,6,NaN,NaN,None,Outage,NaN,NaN,-Inf,0,NaN,0,Inf,0,NaN,NaN,NaN,-Inf,NaN,NaN,Inf
88,1,UMa,3,9,NaN,NaN,None,Outage,NaN,NaN,-Inf,0,NaN,0,Inf,0,NaN,NaN,NaN,-Inf,NaN,NaN,Inf
88,2,UMa,3,9,NaN,NaN,None,Outage,NaN,NaN,-Inf,0,NaN,0,Inf,0,NaN,NaN,NaN,-Inf,NaN,NaN,Inf
88,3,UMa,3,9,NaN,NaN,None,Outage,NaN,NaN,-Inf,0,NaN,0,Inf,0,NaN,NaN,NaN,-Inf,NaN,NaN,Inf
88,4,UMa,3,9,NaN,NaN,None,Outage,NaN,NaN,-Inf,0,NaN,0,Inf,0,NaN,NaN,NaN,-Inf,NaN,NaN,Inf
88,5,UMa,3,9,NaN,NaN,None,Outage,NaN,NaN,-Inf,0,NaN,0,Inf,0,NaN,NaN,NaN,-Inf,NaN,NaN,Inf
88,6,UMa,3,9,NaN,NaN,None,Outage,NaN,NaN,-Inf,0,NaN,0,Inf,0,NaN,NaN,NaN,-Inf,NaN,NaN,Inf
88,7,UMa,3,9,NaN,NaN,None,Outage,NaN,NaN,-Inf,0,NaN,0,Inf,0,NaN,NaN,NaN,-Inf,NaN,NaN,Inf
88,8,UMa,3,9,NaN,NaN,None,Outage,NaN,NaN,-Inf,0,NaN,0,Inf,0,NaN,NaN,NaN,-Inf,NaN,NaN,Inf
88,9,UMa,3,9,NaN,NaN,None,Outage,NaN,NaN,-Inf,0,NaN,0,Inf,0,NaN,NaN,NaN,-Inf,NaN,NaN,Inf
89,1,UMi,2,7,NaN,NaN,None,Outage,NaN,NaN,-Inf,0,NaN,0,Inf,0,NaN,NaN,NaN,-Inf,NaN,NaN,Inf
89,2,UMi,2,7,NaN,NaN,None,Outage,NaN,NaN,-Inf,0,NaN,0,Inf,0,NaN,NaN,NaN,-Inf,NaN,NaN,Inf
89,3,UMi,2,7,NaN,NaN,None,Outage,NaN,NaN,-Inf,0,NaN,0,Inf,0,NaN,NaN,NaN,-Inf,NaN,NaN,Inf
89,4,UMi,2,7,NaN,NaN,None,Outage,NaN,NaN,-Inf,0,NaN,0,Inf,0,NaN,NaN,NaN,-Inf,NaN,NaN,Inf
89,5,UMi,2,7,NaN,NaN,None,Outage,NaN,NaN,-Inf,0,NaN,0,Inf,0,NaN,NaN,NaN,-Inf,NaN,NaN,Inf
89,6,UMi,2,7,NaN,NaN,None,Outage,NaN,NaN,-Inf,0,NaN,0,Inf,0,NaN,NaN,NaN,-Inf,NaN,NaN,Inf
89,7,UMi,2,7,NaN,NaN,None,Outage,NaN,NaN,-Inf,0,NaN,0,Inf,0,NaN,NaN,NaN,-Inf,NaN,NaN,Inf
90,1,UMa,4,7,NaN,NaN,None,Outage,NaN,NaN,-Inf,0,NaN,0,Inf,0,NaN,NaN,NaN,-Inf,NaN,NaN,Inf
90,2,UMa,4,7,NaN,NaN,None,Outage,NaN,NaN,-Inf,0,NaN,0,Inf,0,NaN,NaN,NaN,-Inf,NaN,NaN,Inf
90,3,UMa,4,7,NaN,NaN,None,Outage,NaN,NaN,-Inf,0,NaN,0,Inf,0,NaN,NaN,NaN,-Inf,NaN,NaN,Inf
90,4,UMa,4,7,NaN,NaN,None,Outage,NaN,NaN,-Inf,0,NaN,0,Inf,0,NaN,NaN,NaN,-Inf,NaN,NaN,Inf
90,5,UMa,4,7,NaN,NaN,None,Outage,NaN,NaN,-Inf,0,NaN,0,Inf,0,NaN,NaN,NaN,-Inf,NaN,NaN,Inf
90,6,UMa,4,7,NaN,NaN,None,Outage,NaN,NaN,-Inf,0,NaN,0,Inf,0,NaN,NaN,NaN,-Inf,NaN,NaN,Inf
90,7,UMa,4,7,NaN,NaN,None,Outage,NaN,NaN,-Inf,0,NaN,0,Inf,0,NaN,NaN,NaN,-Inf,NaN,NaN,Inf
91,1,UMa,4,7,NaN,NaN,None,Outage,NaN,NaN,-Inf,0,NaN,0,Inf,0,NaN,NaN,NaN,-Inf,NaN,NaN,Inf
91,2,UMa,4,7,NaN,NaN,None,Outage,NaN,NaN,-Inf,0,NaN,0,Inf,0,NaN,NaN,NaN,-Inf,NaN,NaN,Inf
91,3,UMa,4,7,NaN,NaN,None,Outage,NaN,NaN,-Inf,0,NaN,0,Inf,0,NaN,NaN,NaN,-Inf,NaN,NaN,Inf
91,4,UMa,4,7,NaN,NaN,None,Outage,NaN,NaN,-Inf,0,NaN,0,Inf,0,NaN,NaN,NaN,-Inf,NaN,NaN,Inf
91,5,UMa,4,7,NaN,NaN,None,Outage,NaN,NaN,-Inf,0,NaN,0,Inf,0,NaN,NaN,NaN,-Inf,NaN,NaN,Inf
91,6,UMa,4,7,NaN,NaN,None,Outage,NaN,NaN,-Inf,0,NaN,0,Inf,0,NaN,NaN,NaN,-Inf,NaN,NaN,Inf
91,7,UMa,4,7,NaN,NaN,None,Outage,NaN,NaN,-Inf,0,NaN,0,Inf,0,NaN,NaN,NaN,-Inf,NaN,NaN,Inf
92,1,UMa,4,3,NaN,NaN,None,Outage,NaN,NaN,-Inf,0,NaN,0,Inf,0,NaN,NaN,NaN,-Inf,NaN,NaN,Inf
92,2,UMa,4,3,NaN,NaN,None,Outage,NaN,NaN,-Inf,0,NaN,0,Inf,0,NaN,NaN,NaN,-Inf,NaN,NaN,Inf
92,3,UMa,4,3,NaN,NaN,None,Outage,NaN,NaN,-Inf,0,NaN,0,Inf,0,NaN,NaN,NaN,-Inf,NaN,NaN,Inf
93,1,UMi,1,4,NaN,NaN,None,Outage,NaN,NaN,-Inf,0,NaN,0,Inf,0,NaN,NaN,NaN,-Inf,NaN,NaN,Inf
93,2,UMi,1,4,NaN,NaN,None,Outage,NaN,NaN,-Inf,0,NaN,0,Inf,0,NaN,NaN,NaN,-Inf,NaN,NaN,Inf
93,3,UMi,1,4,NaN,NaN,None,Outage,NaN,NaN,-Inf,0,NaN,0,Inf,0,NaN,NaN,NaN,-Inf,NaN,NaN,Inf
93,4,UMi,1,4,NaN,NaN,None,Outage,NaN,NaN,-Inf,0,NaN,0,Inf,0,NaN,NaN,NaN,-Inf,NaN,NaN,Inf
94,1,UMa,2,5,NaN,NaN,None,Outage,NaN,NaN,-Inf,0,NaN,0,Inf,0,NaN,NaN,NaN,-Inf,NaN,NaN,Inf
94,2,UMa,2,5,NaN,NaN,None,Outage,NaN,NaN,-Inf,0,NaN,0,Inf,0,NaN,NaN,NaN,-Inf,NaN,NaN,Inf
94,3,UMa,2,5,NaN,NaN,None,Outage,NaN,NaN,-Inf,0,NaN,0,Inf,0,NaN,NaN,NaN,-Inf,NaN,NaN,Inf
94,4,UMa,2,5,NaN,NaN,None,Outage,NaN,NaN,-Inf,0,NaN,0,Inf,0,NaN,NaN,NaN,-Inf,NaN,NaN,Inf
94,5,UMa,2,5,NaN,NaN,None,Outage,NaN,NaN,-Inf,0,NaN,0,Inf,0,NaN,NaN,NaN,-Inf,NaN,NaN,Inf
95,1,UMa,2,5,NaN,NaN,None,Outage,NaN,NaN,-Inf,0,NaN,0,Inf,0,NaN,NaN,NaN,-Inf,NaN,NaN,Inf
95,2,UMa,2,5,NaN,NaN,None,Outage,NaN,NaN,-Inf,0,NaN,0,Inf,0,NaN,NaN,NaN,-Inf,NaN,NaN,Inf
95,3,UMa,2,5,NaN,NaN,None,Outage,NaN,NaN,-Inf,0,NaN,0,Inf,0,NaN,NaN,NaN,-Inf,NaN,NaN,Inf
95,4,UMa,2,5,NaN,NaN,None,Outage,NaN,NaN,-Inf,0,NaN,0,Inf,0,NaN,NaN,NaN,-Inf,NaN,NaN,Inf
95,5,UMa,2,5,NaN,NaN,None,Outage,NaN,NaN,-Inf,0,NaN,0,Inf,0,NaN,NaN,NaN,-Inf,NaN,NaN,Inf
96,1,UMi,4,7,NaN,NaN,None,Outage,NaN,NaN,-Inf,0,NaN,0,Inf,0,NaN,NaN,NaN,-Inf,NaN,NaN,Inf
96,2,UMi,4,7,NaN,NaN,None,Outage,NaN,NaN,-Inf,0,NaN,0,Inf,0,NaN,NaN,NaN,-Inf,NaN,NaN,Inf
96,3,UMi,4,7,NaN,NaN,None,Outage,NaN,NaN,-Inf,0,NaN,0,Inf,0,NaN,NaN,NaN,-Inf,NaN,NaN,Inf
96,4,UMi,4,7,NaN,NaN,None,Outage,NaN,NaN,-Inf,0,NaN,0,Inf,0,NaN,NaN,NaN,-Inf,NaN,NaN,Inf
96,5,UMi,4,7,NaN,NaN,None,Outage,NaN,NaN,-Inf,0,NaN,0,Inf,0,NaN,NaN,NaN,-Inf,NaN,NaN,Inf
96,6,UMi,4,7,NaN,NaN,None,Outage,NaN,NaN,-Inf,0,NaN,0,Inf,0,NaN,NaN,NaN,-Inf,NaN,NaN,Inf
96,7,UMi,4,7,NaN,NaN,None,Outage,NaN,NaN,-Inf,0,NaN,0,Inf,0,NaN,NaN,NaN,-Inf,NaN,NaN,Inf
97,1,UMi,4,10,NaN,NaN,None,Outage,NaN,NaN,-Inf,0,NaN,0,Inf,0,NaN,NaN,NaN,-Inf,NaN,NaN,Inf
97,2,UMi,4,10,NaN,NaN,None,Outage,NaN,NaN,-Inf,0,NaN,0,Inf,0,NaN,NaN,NaN,-Inf,NaN,NaN,Inf
97,3,UMi,4,10,NaN,NaN,None,Outage,NaN,NaN,-Inf,0,NaN,0,Inf,0,NaN,NaN,NaN,-Inf,NaN,NaN,Inf
97,4,UMi,4,10,NaN,NaN,None,Outage,NaN,NaN,-Inf,0,NaN,0,Inf,0,NaN,NaN,NaN,-Inf,NaN,NaN,Inf
97,5,UMi,4,10,NaN,NaN,None,Outage,NaN,NaN,-Inf,0,NaN,0,Inf,0,NaN,NaN,NaN,-Inf,NaN,NaN,Inf
97,6,UMi,4,10,NaN,NaN,None,Outage,NaN,NaN,-Inf,0,NaN,0,Inf,0,NaN,NaN,NaN,-Inf,NaN,NaN,Inf
97,7,UMi,4,10,NaN,NaN,None,Outage,NaN,NaN,-Inf,0,NaN,0,Inf,0,NaN,NaN,NaN,-Inf,NaN,NaN,Inf
97,8,UMi,4,10,NaN,NaN,None,Outage,NaN,NaN,-Inf,0,NaN,0,Inf,0,NaN,NaN,NaN,-Inf,NaN,NaN,Inf
97,9,UMi,4,10,NaN,NaN,None,Outage,NaN,NaN,-Inf,0,NaN,0,Inf,0,NaN,NaN,NaN,-Inf,NaN,NaN,Inf
97,10,UMi,4,10,NaN,NaN,None,Outage,NaN,NaN,-Inf,0,NaN,0,Inf,0,NaN,NaN,NaN,-Inf,NaN,NaN,Inf
98,1,UMa,1,4,NaN,NaN,None,Outage,NaN,NaN,-Inf,0,NaN,0,Inf,0,NaN,NaN,NaN,-Inf,NaN,NaN,Inf
98,2,UMa,1,4,NaN,NaN,None,Outage,NaN,NaN,-Inf,0,NaN,0,Inf,0,NaN,NaN,NaN,-Inf,NaN,NaN,Inf
98,3,UMa,1,4,NaN,NaN,None,Outage,NaN,NaN,-Inf,0,NaN,0,Inf,0,NaN,NaN,NaN,-Inf,NaN,NaN,Inf
98,4,UMa,1,4,NaN,NaN,None,Outage,NaN,NaN,-Inf,0,NaN,0,Inf,0,NaN,NaN,NaN,-Inf,NaN,NaN,Inf
99,1,UMi,3,3,NaN,NaN,None,Outage,NaN,NaN,-Inf,0,NaN,0,Inf,0,NaN,NaN,NaN,-Inf,NaN,NaN,Inf
99,2,UMi,3,3,NaN,NaN,None,Outage,NaN,NaN,-Inf,0,NaN,0,Inf,0,NaN,NaN,NaN,-Inf,NaN,NaN,Inf
99,3,UMi,3,3,NaN,NaN,None,Outage,NaN,NaN,-Inf,0,NaN,0,Inf,0,NaN,NaN,NaN,-Inf,NaN,NaN,Inf
100,1,UMa,4,6,NaN,NaN,None,Outage,NaN,NaN,-Inf,0,NaN,0,Inf,0,NaN,NaN,NaN,-Inf,NaN,NaN,Inf
100,2,UMa,4,6,NaN,NaN,None,Outage,NaN,NaN,-Inf,0,NaN,0,Inf,0,NaN,NaN,NaN,-Inf,NaN,NaN,Inf
100,3,UMa,4,6,NaN,NaN,None,Outage,NaN,NaN,-Inf,0,NaN,0,Inf,0,NaN,NaN,NaN,-Inf,NaN,NaN,Inf
100,4,UMa,4,6,NaN,NaN,None,Outage,NaN,NaN,-Inf,0,NaN,0,Inf,0,NaN,NaN,NaN,-Inf,NaN,NaN,Inf
100,5,UMa,4,6,NaN,NaN,None,Outage,NaN,NaN,-Inf,0,NaN,0,Inf,0,NaN,NaN,NaN,-Inf,NaN,NaN,Inf
100,6,UMa,4,6,NaN,NaN,None,Outage,NaN,NaN,-Inf,0,NaN,0,Inf,0,NaN,NaN,NaN,-Inf,NaN,NaN,Inf
101,1,UMi,4,5,NaN,NaN,None,Outage,NaN,NaN,-Inf,0,NaN,0,Inf,0,NaN,NaN,NaN,-Inf,NaN,NaN,Inf
101,2,UMi,4,5,NaN,NaN,None,Outage,NaN,NaN,-Inf,0,NaN,0,Inf,0,NaN,NaN,NaN,-Inf,NaN,NaN,Inf
101,3,UMi,4,5,NaN,NaN,None,Outage,NaN,NaN,-Inf,0,NaN,0,Inf,0,NaN,NaN,NaN,-Inf,NaN,NaN,Inf
101,4,UMi,4,5,NaN,NaN,None,Outage,NaN,NaN,-Inf,0,NaN,0,Inf,0,NaN,NaN,NaN,-Inf,NaN,NaN,Inf
101,5,UMi,4,5,NaN,NaN,None,Outage,NaN,NaN,-Inf,0,NaN,0,Inf,0,NaN,NaN,NaN,-Inf,NaN,NaN,Inf
102,1,UMa,4,6,NaN,NaN,None,Outage,NaN,NaN,-Inf,0,NaN,0,Inf,0,NaN,NaN,NaN,-Inf,NaN,NaN,Inf
102,2,UMa,4,6,NaN,NaN,None,Outage,NaN,NaN,-Inf,0,NaN,0,Inf,0,NaN,NaN,NaN,-Inf,NaN,NaN,Inf
102,3,UMa,4,6,NaN,NaN,None,Outage,NaN,NaN,-Inf,0,NaN,0,Inf,0,NaN,NaN,NaN,-Inf,NaN,NaN,Inf
102,4,UMa,4,6,NaN,NaN,None,Outage,NaN,NaN,-Inf,0,NaN,0,Inf,0,NaN,NaN,NaN,-Inf,NaN,NaN,Inf
102,5,UMa,4,6,NaN,NaN,None,Outage,NaN,NaN,-Inf,0,NaN,0,Inf,0,NaN,NaN,NaN,-Inf,NaN,NaN,Inf
102,6,UMa,4,6,NaN,NaN,None,Outage,NaN,NaN,-Inf,0,NaN,0,Inf,0,NaN,NaN,NaN,-Inf,NaN,NaN,Inf
103,1,UMa,1,10,NaN,NaN,None,Outage,NaN,NaN,-Inf,0,NaN,0,Inf,0,NaN,NaN,NaN,-Inf,NaN,NaN,Inf
103,2,UMa,1,10,NaN,NaN,None,Outage,NaN,NaN,-Inf,0,NaN,0,Inf,0,NaN,NaN,NaN,-Inf,NaN,NaN,Inf
103,3,UMa,1,10,NaN,NaN,None,Outage,NaN,NaN,-Inf,0,NaN,0,Inf,0,NaN,NaN,NaN,-Inf,NaN,NaN,Inf
103,4,UMa,1,10,NaN,NaN,None,Outage,NaN,NaN,-Inf,0,NaN,0,Inf,0,NaN,NaN,NaN,-Inf,NaN,NaN,Inf
103,5,UMa,1,10,NaN,NaN,None,Outage,NaN,NaN,-Inf,0,NaN,0,Inf,0,NaN,NaN,NaN,-Inf,NaN,NaN,Inf
103,6,UMa,1,10,NaN,NaN,None,Outage,NaN,NaN,-Inf,0,NaN,0,Inf,0,NaN,NaN,NaN,-Inf,NaN,NaN,Inf
103,7,UMa,1,10,NaN,NaN,None,Outage,NaN,NaN,-Inf,0,NaN,0,Inf,0,NaN,NaN,NaN,-Inf,NaN,NaN,Inf
103,8,UMa,1,10,NaN,NaN,None,Outage,NaN,NaN,-Inf,0,NaN,0,Inf,0,NaN,NaN,NaN,-Inf,NaN,NaN,Inf
103,9,UMa,1,10,NaN,NaN,None,Outage,NaN,NaN,-Inf,0,NaN,0,Inf,0,NaN,NaN,NaN,-Inf,NaN,NaN,Inf
103,10,UMa,1,10,NaN,NaN,None,Outage,NaN,NaN,-Inf,0,NaN,0,Inf,0,NaN,NaN,NaN,-Inf,NaN,NaN,Inf
104,1,UMi,2,8,NaN,NaN,None,Outage,NaN,NaN,-Inf,0,NaN,0,Inf,0,NaN,NaN,NaN,-Inf,NaN,NaN,Inf
104,2,UMi,2,8,NaN,NaN,None,Outage,NaN,NaN,-Inf,0,NaN,0,Inf,0,NaN,NaN,NaN,-Inf,NaN,NaN,Inf
104,3,UMi,2,8,NaN,NaN,None,Outage,NaN,NaN,-Inf,0,NaN,0,Inf,0,NaN,NaN,NaN,-Inf,NaN,NaN,Inf
104,4,UMi,2,8,NaN,NaN,None,Outage,NaN,NaN,-Inf,0,NaN,0,Inf,0,NaN,NaN,NaN,-Inf,NaN,NaN,Inf
104,5,UMi,2,8,NaN,NaN,None,Outage,NaN,NaN,-Inf,0,NaN,0,Inf,0,NaN,NaN,NaN,-Inf,NaN,NaN,Inf
104,6,UMi,2,8,NaN,NaN,None,Outage,NaN,NaN,-Inf,0,NaN,0,Inf,0,NaN,NaN,NaN,-Inf,NaN,NaN,Inf
104,7,UMi,2,8,NaN,NaN,None,Outage,NaN,NaN,-Inf,0,NaN,0,Inf,0,NaN,NaN,NaN,-Inf,NaN,NaN,Inf
104,8,UMi,2,8,NaN,NaN,None,Outage,NaN,NaN,-Inf,0,NaN,0,Inf,0,NaN,NaN,NaN,-Inf,NaN,NaN,Inf
105,1,UMa,1,9,NaN,NaN,None,Outage,NaN,NaN,-Inf,0,NaN,0,Inf,0,NaN,NaN,NaN,-Inf,NaN,NaN,Inf
105,2,UMa,1,9,NaN,NaN,None,Outage,NaN,NaN,-Inf,0,NaN,0,Inf,0,NaN,NaN,NaN,-Inf,NaN,NaN,Inf
105,3,UMa,1,9,NaN,NaN,None,Outage,NaN,NaN,-Inf,0,NaN,0,Inf,0,NaN,NaN,NaN,-Inf,NaN,NaN,Inf
105,4,UMa,1,9,NaN,NaN,None,Outage,NaN,NaN,-Inf,0,NaN,0,Inf,0,NaN,NaN,NaN,-Inf,NaN,NaN,Inf
105,5,UMa,1,9,NaN,NaN,None,Outage,NaN,NaN,-Inf,0,NaN,0,Inf,0,NaN,NaN,NaN,-Inf,NaN,NaN,Inf
105,6,UMa,1,9,NaN,NaN,None,Outage,NaN,NaN,-Inf,0,NaN,0,Inf,0,NaN,NaN,NaN,-Inf,NaN,NaN,Inf
105,7,UMa,1,9,NaN,NaN,None,Outage,NaN,NaN,-Inf,0,NaN,0,Inf,0,NaN,NaN,NaN,-Inf,NaN,NaN,Inf
105,8,UMa,1,9,NaN,NaN,None,Outage,NaN,NaN,-Inf,0,NaN,0,Inf,0,NaN,NaN,NaN,-Inf,NaN,NaN,Inf
105,9,UMa,1,9,NaN,NaN,None,Outage,NaN,NaN,-Inf,0,NaN,0,Inf,0,NaN,NaN,NaN,-Inf,NaN,NaN,Inf
106,1,UMa,1,7,NaN,NaN,None,Outage,NaN,NaN,-Inf,0,NaN,0,Inf,0,NaN,NaN,NaN,-Inf,NaN,NaN,Inf
106,2,UMa,1,7,NaN,NaN,None,Outage,NaN,NaN,-Inf,0,NaN,0,Inf,0,NaN,NaN,NaN,-Inf,NaN,NaN,Inf
106,3,UMa,1,7,NaN,NaN,None,Outage,NaN,NaN,-Inf,0,NaN,0,Inf,0,NaN,NaN,NaN,-Inf,NaN,NaN,Inf
106,4,UMa,1,7,NaN,NaN,None,Outage,NaN,NaN,-Inf,0,NaN,0,Inf,0,NaN,NaN,NaN,-Inf,NaN,NaN,Inf
106,5,UMa,1,7,NaN,NaN,None,Outage,NaN,NaN,-Inf,0,NaN,0,Inf,0,NaN,NaN,NaN,-Inf,NaN,NaN,Inf
106,6,UMa,1,7,NaN,NaN,None,Outage,NaN,NaN,-Inf,0,NaN,0,Inf,0,NaN,NaN,NaN,-Inf,NaN,NaN,Inf
106,7,UMa,1,7,NaN,NaN,None,Outage,NaN,NaN,-Inf,0,NaN,0,Inf,0,NaN,NaN,NaN,-Inf,NaN,NaN,Inf
107,1,UMi,4,3,NaN,NaN,None,Outage,NaN,NaN,-Inf,0,NaN,0,Inf,0,NaN,NaN,NaN,-Inf,NaN,NaN,Inf
107,2,UMi,4,3,NaN,NaN,None,Outage,NaN,NaN,-Inf,0,NaN,0,Inf,0,NaN,NaN,NaN,-Inf,NaN,NaN,Inf
107,3,UMi,4,3,NaN,NaN,None,Outage,NaN,NaN,-Inf,0,NaN,0,Inf,0,NaN,NaN,NaN,-Inf,NaN,NaN,Inf
108,1,UMa,4,5,NaN,NaN,None,Outage,NaN,NaN,-Inf,0,NaN,0,Inf,0,NaN,NaN,NaN,-Inf,NaN,NaN,Inf
108,2,UMa,4,5,NaN,NaN,None,Outage,NaN,NaN,-Inf,0,NaN,0,Inf,0,NaN,NaN,NaN,-Inf,NaN,NaN,Inf
108,3,UMa,4,5,NaN,NaN,None,Outage,NaN,NaN,-Inf,0,NaN,0,Inf,0,NaN,NaN,NaN,-Inf,NaN,NaN,Inf
108,4,UMa,4,5,NaN,NaN,None,Outage,NaN,NaN,-Inf,0,NaN,0,Inf,0,NaN,NaN,NaN,-Inf,NaN,NaN,Inf
108,5,UMa,4,5,NaN,NaN,None,Outage,NaN,NaN,-Inf,0,NaN,0,Inf,0,NaN,NaN,NaN,-Inf,NaN,NaN,Inf
109,1,UMa,1,7,NaN,NaN,None,Outage,NaN,NaN,-Inf,0,NaN,0,Inf,0,NaN,NaN,NaN,-Inf,NaN,NaN,Inf
109,2,UMa,1,7,NaN,NaN,None,Outage,NaN,NaN,-Inf,0,NaN,0,Inf,0,NaN,NaN,NaN,-Inf,NaN,NaN,Inf
109,3,UMa,1,7,NaN,NaN,None,Outage,NaN,NaN,-Inf,0,NaN,0,Inf,0,NaN,NaN,NaN,-Inf,NaN,NaN,Inf
109,4,UMa,1,7,NaN,NaN,None,Outage,NaN,NaN,-Inf,0,NaN,0,Inf,0,NaN,NaN,NaN,-Inf,NaN,NaN,Inf
109,5,UMa,1,7,NaN,NaN,None,Outage,NaN,NaN,-Inf,0,NaN,0,Inf,0,NaN,NaN,NaN,-Inf,NaN,NaN,Inf
109,6,UMa,1,7,NaN,NaN,None,Outage,NaN,NaN,-Inf,0,NaN,0,Inf,0,NaN,NaN,NaN,-Inf,NaN,NaN,Inf
109,7,UMa,1,7,NaN,NaN,None,Outage,NaN,NaN,-Inf,0,NaN,0,Inf,0,NaN,NaN,NaN,-Inf,NaN,NaN,Inf
110,1,UMa,4,8,NaN,NaN,None,Outage,NaN,NaN,-Inf,0,NaN,0,Inf,0,NaN,NaN,NaN,-Inf,NaN,NaN,Inf
110,2,UMa,4,8,NaN,NaN,None,Outage,NaN,NaN,-Inf,0,NaN,0,Inf,0,NaN,NaN,NaN,-Inf,NaN,NaN,Inf
110,3,UMa,4,8,NaN,NaN,None,Outage,NaN,NaN,-Inf,0,NaN,0,Inf,0,NaN,NaN,NaN,-Inf,NaN,NaN,Inf
110,4,UMa,4,8,NaN,NaN,None,Outage,NaN,NaN,-Inf,0,NaN,0,Inf,0,NaN,NaN,NaN,-Inf,NaN,NaN,Inf
110,5,UMa,4,8,NaN,NaN,None,Outage,NaN,NaN,-Inf,0,NaN,0,Inf,0,NaN,NaN,NaN,-Inf,NaN,NaN,Inf
110,6,UMa,4,8,NaN,NaN,None,Outage,NaN,NaN,-Inf,0,NaN,0,Inf,0,NaN,NaN,NaN,-Inf,NaN,NaN,Inf
110,7,UMa,4,8,NaN,NaN,None,Outage,NaN,NaN,-Inf,0,NaN,0,Inf,0,NaN,NaN,NaN,-Inf,NaN,NaN,Inf
110,8,UMa,4,8,NaN,NaN,None,Outage,NaN,NaN,-Inf,0,NaN,0,Inf,0,NaN,NaN,NaN,-Inf,NaN,NaN,Inf
111,1,UMa,3,6,NaN,NaN,None,Outage,NaN,NaN,-Inf,0,NaN,0,Inf,0,NaN,NaN,NaN,-Inf,NaN,NaN,Inf
111,2,UMa,3,6,NaN,NaN,None,Outage,NaN,NaN,-Inf,0,NaN,0,Inf,0,NaN,NaN,NaN,-Inf,NaN,NaN,Inf
111,3,UMa,3,6,NaN,NaN,None,Outage,NaN,NaN,-Inf,0,NaN,0,Inf,0,NaN,NaN,NaN,-Inf,NaN,NaN,Inf
111,4,UMa,3,6,NaN,NaN,None,Outage,NaN,NaN,-Inf,0,NaN,0,Inf,0,NaN,NaN,NaN,-Inf,NaN,NaN,Inf
111,5,UMa,3,6,NaN,NaN,None,Outage,NaN,NaN,-Inf,0,NaN,0,Inf,0,NaN,NaN,NaN,-Inf,NaN,NaN,Inf
111,6,UMa,3,6,NaN,NaN,None,Outage,NaN,NaN,-Inf,0,NaN,0,Inf,0,NaN,NaN,NaN,-Inf,NaN,NaN,Inf
112,1,UMa,2,5,NaN,NaN,None,Outage,NaN,NaN,-Inf,0,NaN,0,Inf,0,NaN,NaN,NaN,-Inf,NaN,NaN,Inf
112,2,UMa,2,5,NaN,NaN,None,Outage,NaN,NaN,-Inf,0,NaN,0,Inf,0,NaN,NaN,NaN,-Inf,NaN,NaN,Inf
112,3,UMa,2,5,NaN,NaN,None,Outage,NaN,NaN,-Inf,0,NaN,0,Inf,0,NaN,NaN,NaN,-Inf,NaN,NaN,Inf
112,4,UMa,2,5,NaN,NaN,None,Outage,NaN,NaN,-Inf,0,NaN,0,Inf,0,NaN,NaN,NaN,-Inf,NaN,NaN,Inf
112,5,UMa,2,5,NaN,NaN,None,Outage,NaN,NaN,-Inf,0,NaN,0,Inf,0,NaN,NaN,NaN,-Inf,NaN,NaN,Inf
113,1,UMi,4,9,NaN,NaN,None,Outage,NaN,NaN,-Inf,0,NaN,0,Inf,0,NaN,NaN,NaN,-Inf,NaN,NaN,Inf
113,2,UMi,4,9,NaN,NaN,None,Outage,NaN,NaN,-Inf,0,NaN,0,Inf,0,NaN,NaN,NaN,-Inf,NaN,NaN,Inf
113,3,UMi,4,9,NaN,NaN,None,Outage,NaN,NaN,-Inf,0,NaN,0,Inf,0,NaN,NaN,NaN,-Inf,NaN,NaN,Inf
113,4,UMi,4,9,NaN,NaN,None,Outage,NaN,NaN,-Inf,0,NaN,0,Inf,0,NaN,NaN,NaN,-Inf,NaN,NaN,Inf
113,5,UMi,4,9,NaN,NaN,None,Outage,NaN,NaN,-Inf,0,NaN,0,Inf,0,NaN,NaN,NaN,-Inf,NaN,NaN,Inf
113,6,UMi,4,9,NaN,NaN,None,Outage,NaN,NaN,-Inf,0,NaN,0,Inf,0,NaN,NaN,NaN,-Inf,NaN,NaN,Inf
113,7,UMi,4,9,NaN,NaN,None,Outage,NaN,NaN,-Inf,0,NaN,0,Inf,0,NaN,NaN,NaN,-Inf,NaN,NaN,Inf
113,8,UMi,4,9,NaN,NaN,None,Outage,NaN,NaN,-Inf,0,NaN,0,Inf,0,NaN,NaN,NaN,-Inf,NaN,NaN,Inf
113,9,UMi,4,9,NaN,NaN,None,Outage,NaN,NaN,-Inf,0,NaN,0,Inf,0,NaN,NaN,NaN,-Inf,NaN,NaN,Inf
114,1,UMa,1,7,NaN,NaN,None,Outage,NaN,NaN,-Inf,0,NaN,0,Inf,0,NaN,NaN,NaN,-Inf,NaN,NaN,Inf
114,2,UMa,1,7,NaN,NaN,None,Outage,NaN,NaN,-Inf,0,NaN,0,Inf,0,NaN,NaN,NaN,-Inf,NaN,NaN,Inf
114,3,UMa,1,7,NaN,NaN,None,Outage,NaN,NaN,-Inf,0,NaN,0,Inf,0,NaN,NaN,NaN,-Inf,NaN,NaN,Inf
114,4,UMa,1,7,NaN,NaN,None,Outage,NaN,NaN,-Inf,0,NaN,0,Inf,0,NaN,NaN,NaN,-Inf,NaN,NaN,Inf
114,5,UMa,1,7,NaN,NaN,None,Outage,NaN,NaN,-Inf,0,NaN,0,Inf,0,NaN,NaN,NaN,-Inf,NaN,NaN,Inf
114,6,UMa,1,7,NaN,NaN,None,Outage,NaN,NaN,-Inf,0,NaN,0,Inf,0,NaN,NaN,NaN,-Inf,NaN,NaN,Inf
114,7,UMa,1,7,NaN,NaN,None,Outage,NaN,NaN,-Inf,0,NaN,0,Inf,0,NaN,NaN,NaN,-Inf,NaN,NaN,Inf
115,1,UMi,3,9,NaN,NaN,None,Outage,NaN,NaN,-Inf,0,NaN,0,Inf,0,NaN,NaN,NaN,-Inf,NaN,NaN,Inf
115,2,UMi,3,9,NaN,NaN,None,Outage,NaN,NaN,-Inf,0,NaN,0,Inf,0,NaN,NaN,NaN,-Inf,NaN,NaN,Inf
115,3,UMi,3,9,NaN,NaN,None,Outage,NaN,NaN,-Inf,0,NaN,0,Inf,0,NaN,NaN,NaN,-Inf,NaN,NaN,Inf
115,4,UMi,3,9,NaN,NaN,None,Outage,NaN,NaN,-Inf,0,NaN,0,Inf,0,NaN,NaN,NaN,-Inf,NaN,NaN,Inf
115,5,UMi,3,9,NaN,NaN,None,Outage,NaN,NaN,-Inf,0,NaN,0,Inf,0,NaN,NaN,NaN,-Inf,NaN,NaN,Inf
115,6,UMi,3,9,NaN,NaN,None,Outage,NaN,NaN,-Inf,0,NaN,0,Inf,0,NaN,NaN,NaN,-Inf,NaN,NaN,Inf
115,7,UMi,3,9,NaN,NaN,None,Outage,NaN,NaN,-Inf,0,NaN,0,Inf,0,NaN,NaN,NaN,-Inf,NaN,NaN,Inf
115,8,UMi,3,9,NaN,NaN,None,Outage,NaN,NaN,-Inf,0,NaN,0,Inf,0,NaN,NaN,NaN,-Inf,NaN,NaN,Inf
115,9,UMi,3,9,NaN,NaN,None,Outage,NaN,NaN,-Inf,0,NaN,0,Inf,0,NaN,NaN,NaN,-Inf,NaN,NaN,Inf
116,1,UMa,3,8,NaN,NaN,None,Outage,NaN,NaN,-Inf,0,NaN,0,Inf,0,NaN,NaN,NaN,-Inf,NaN,NaN,Inf
116,2,UMa,3,8,NaN,NaN,None,Outage,NaN,NaN,-Inf,0,NaN,0,Inf,0,NaN,NaN,NaN,-Inf,NaN,NaN,Inf
116,3,UMa,3,8,NaN,NaN,None,Outage,NaN,NaN,-Inf,0,NaN,0,Inf,0,NaN,NaN,NaN,-Inf,NaN,NaN,Inf
116,4,UMa,3,8,NaN,NaN,None,Outage,NaN,NaN,-Inf,0,NaN,0,Inf,0,NaN,NaN,NaN,-Inf,NaN,NaN,Inf
116,5,UMa,3,8,NaN,NaN,None,Outage,NaN,NaN,-Inf,0,NaN,0,Inf,0,NaN,NaN,NaN,-Inf,NaN,NaN,Inf
116,6,UMa,3,8,NaN,NaN,None,Outage,NaN,NaN,-Inf,0,NaN,0,Inf,0,NaN,NaN,NaN,-Inf,NaN,NaN,Inf
116,7,UMa,3,8,NaN,NaN,None,Outage,NaN,NaN,-Inf,0,NaN,0,Inf,0,NaN,NaN,NaN,-Inf,NaN,NaN,Inf
116,8,UMa,3,8,NaN,NaN,None,Outage,NaN,NaN,-Inf,0,NaN,0,Inf,0,NaN,NaN,NaN,-Inf,NaN,NaN,Inf
117,1,UMa,2,4,NaN,NaN,None,Outage,NaN,NaN,-Inf,0,NaN,0,Inf,0,NaN,NaN,NaN,-Inf,NaN,NaN,Inf
117,2,UMa,2,4,NaN,NaN,None,Outage,NaN,NaN,-Inf,0,NaN,0,Inf,0,NaN,NaN,NaN,-Inf,NaN,NaN,Inf
117,3,UMa,2,4,NaN,NaN,None,Outage,NaN,NaN,-Inf,0,NaN,0,Inf,0,NaN,NaN,NaN,-Inf,NaN,NaN,Inf
117,4,UMa,2,4,NaN,NaN,None,Outage,NaN,NaN,-Inf,0,NaN,0,Inf,0,NaN,NaN,NaN,-Inf,NaN,NaN,Inf
118,1,UMi,2,4,NaN,NaN,None,Outage,NaN,NaN,-Inf,0,NaN,0,Inf,0,NaN,NaN,NaN,-Inf,NaN,NaN,Inf
118,2,UMi,2,4,NaN,NaN,None,Outage,NaN,NaN,-Inf,0,NaN,0,Inf,0,NaN,NaN,NaN,-Inf,NaN,NaN,Inf
118,3,UMi,2,4,NaN,NaN,None,Outage,NaN,NaN,-Inf,0,NaN,0,Inf,0,NaN,NaN,NaN,-Inf,NaN,NaN,Inf
118,4,UMi,2,4,NaN,NaN,None,Outage,NaN,NaN,-Inf,0,NaN,0,Inf,0,NaN,NaN,NaN,-Inf,NaN,NaN,Inf
119,1,UMa,1,8,NaN,NaN,None,Outage,NaN,NaN,-Inf,0,NaN,0,Inf,0,NaN,NaN,NaN,-Inf,NaN,NaN,Inf
119,2,UMa,1,8,NaN,NaN,None,Outage,NaN,NaN,-Inf,0,NaN,0,Inf,0,NaN,NaN,NaN,-Inf,NaN,NaN,Inf
119,3,UMa,1,8,NaN,NaN,None,Outage,NaN,NaN,-Inf,0,NaN,0,Inf,0,NaN,NaN,NaN,-Inf,NaN,NaN,Inf
119,4,UMa,1,8,NaN,NaN,None,Outage,NaN,NaN,-Inf,0,NaN,0,Inf,0,NaN,NaN,NaN,-Inf,NaN,NaN,Inf
119,5,UMa,1,8,NaN,NaN,None,Outage,NaN,NaN,-Inf,0,NaN,0,Inf,0,NaN,NaN,NaN,-Inf,NaN,NaN,Inf
119,6,UMa,1,8,NaN,NaN,None,Outage,NaN,NaN,-Inf,0,NaN,0,Inf,0,NaN,NaN,NaN,-Inf,NaN,NaN,Inf
119,7,UMa,1,8,NaN,NaN,None,Outage,NaN,NaN,-Inf,0,NaN,0,Inf,0,NaN,NaN,NaN,-Inf,NaN,NaN,Inf
119,8,UMa,1,8,NaN,NaN,None,Outage,NaN,NaN,-Inf,0,NaN,0,Inf,0,NaN,NaN,NaN,-Inf,NaN,NaN,Inf
120,1,UMi,1,9,NaN,NaN,None,Outage,NaN,NaN,-Inf,0,NaN,0,Inf,0,NaN,NaN,NaN,-Inf,NaN,NaN,Inf
120,2,UMi,1,9,NaN,NaN,None,Outage,NaN,NaN,-Inf,0,NaN,0,Inf,0,NaN,NaN,NaN,-Inf,NaN,NaN,Inf
120,3,UMi,1,9,NaN,NaN,None,Outage,NaN,NaN,-Inf,0,NaN,0,Inf,0,NaN,NaN,NaN,-Inf,NaN,NaN,Inf
120,4,UMi,1,9,NaN,NaN,None,Outage,NaN,NaN,-Inf,0,NaN,0,Inf,0,NaN,NaN,NaN,-Inf,NaN,NaN,Inf
120,5,UMi,1,9,NaN,NaN,None,Outage,NaN,NaN,-Inf,0,NaN,0,Inf,0,NaN,NaN,NaN,-Inf,NaN,NaN,Inf
120,6,UMi,1,9,NaN,NaN,None,Outage,NaN,NaN,-Inf,0,NaN,0,Inf,0,NaN,NaN,NaN,-Inf,NaN,NaN,Inf
120,7,UMi,1,9,NaN,NaN,None,Outage,NaN,NaN,-Inf,0,NaN,0,Inf,0,NaN,NaN,NaN,-Inf,NaN,NaN,Inf
120,8,UMi,1,9,NaN,NaN,None,Outage,NaN,NaN,-Inf,0,NaN,0,Inf,0,NaN,NaN,NaN,-Inf,NaN,NaN,Inf
120,9,UMi,1,9,NaN,NaN,None,Outage,NaN,NaN,-Inf,0,NaN,0,Inf,0,NaN,NaN,NaN,-Inf,NaN,NaN,Inf
121,1,UMa,2,10,NaN,NaN,None,Outage,NaN,NaN,-Inf,0,NaN,0,Inf,0,NaN,NaN,NaN,-Inf,NaN,NaN,Inf
121,2,UMa,2,10,NaN,NaN,None,Outage,NaN,NaN,-Inf,0,NaN,0,Inf,0,NaN,NaN,NaN,-Inf,NaN,NaN,Inf
121,3,UMa,2,10,NaN,NaN,None,Outage,NaN,NaN,-Inf,0,NaN,0,Inf,0,NaN,NaN,NaN,-Inf,NaN,NaN,Inf
121,4,UMa,2,10,NaN,NaN,None,Outage,NaN,NaN,-Inf,0,NaN,0,Inf,0,NaN,NaN,NaN,-Inf,NaN,NaN,Inf
121,5,UMa,2,10,NaN,NaN,None,Outage,NaN,NaN,-Inf,0,NaN,0,Inf,0,NaN,NaN,NaN,-Inf,NaN,NaN,Inf
121,6,UMa,2,10,NaN,NaN,None,Outage,NaN,NaN,-Inf,0,NaN,0,Inf,0,NaN,NaN,NaN,-Inf,NaN,NaN,Inf
121,7,UMa,2,10,NaN,NaN,None,Outage,NaN,NaN,-Inf,0,NaN,0,Inf,0,NaN,NaN,NaN,-Inf,NaN,NaN,Inf
121,8,UMa,2,10,NaN,NaN,None,Outage,NaN,NaN,-Inf,0,NaN,0,Inf,0,NaN,NaN,NaN,-Inf,NaN,NaN,Inf
121,9,UMa,2,10,NaN,NaN,None,Outage,NaN,NaN,-Inf,0,NaN,0,Inf,0,NaN,NaN,NaN,-Inf,NaN,NaN,Inf
121,10,UMa,2,10,NaN,NaN,None,Outage,NaN,NaN,-Inf,0,NaN,0,Inf,0,NaN,NaN,NaN,-Inf,NaN,NaN,Inf
122,1,UMi,4,10,NaN,NaN,None,Outage,NaN,NaN,-Inf,0,NaN,0,Inf,0,NaN,NaN,NaN,-Inf,NaN,NaN,Inf
122,2,UMi,4,10,NaN,NaN,None,Outage,NaN,NaN,-Inf,0,NaN,0,Inf,0,NaN,NaN,NaN,-Inf,NaN,NaN,Inf
122,3,UMi,4,10,NaN,NaN,None,Outage,NaN,NaN,-Inf,0,NaN,0,Inf,0,NaN,NaN,NaN,-Inf,NaN,NaN,Inf
122,4,UMi,4,10,NaN,NaN,None,Outage,NaN,NaN,-Inf,0,NaN,0,Inf,0,NaN,NaN,NaN,-Inf,NaN,NaN,Inf
122,5,UMi,4,10,NaN,NaN,None,Outage,NaN,NaN,-Inf,0,NaN,0,Inf,0,NaN,NaN,NaN,-Inf,NaN,NaN,Inf
122,6,UMi,4,10,NaN,NaN,None,Outage,NaN,NaN,-Inf,0,NaN,0,Inf,0,NaN,NaN,NaN,-Inf,NaN,NaN,Inf
122,7,UMi,4,10,NaN,NaN,None,Outage,NaN,NaN,-Inf,0,NaN,0,Inf,0,NaN,NaN,NaN,-Inf,NaN,NaN,Inf
122,8,UMi,4,10,NaN,NaN,None,Outage,NaN,NaN,-Inf,0,NaN,0,Inf,0,NaN,NaN,NaN,-Inf,NaN,NaN,Inf
122,9,UMi,4,10,NaN,NaN,None,Outage,NaN,NaN,-Inf,0,NaN,0,Inf,0,NaN,NaN,NaN,-Inf,NaN,NaN,Inf
122,10,UMi,4,10,NaN,NaN,None,Outage,NaN,NaN,-Inf,0,NaN,0,Inf,0,NaN,NaN,NaN,-Inf,NaN,NaN,Inf
123,1,UMa,1,5,NaN,NaN,None,Outage,NaN,NaN,-Inf,0,NaN,0,Inf,0,NaN,NaN,NaN,-Inf,NaN,NaN,Inf
123,2,UMa,1,5,NaN,NaN,None,Outage,NaN,NaN,-Inf,0,NaN,0,Inf,0,NaN,NaN,NaN,-Inf,NaN,NaN,Inf
123,3,UMa,1,5,NaN,NaN,None,Outage,NaN,NaN,-Inf,0,NaN,0,Inf,0,NaN,NaN,NaN,-Inf,NaN,NaN,Inf
123,4,UMa,1,5,NaN,NaN,None,Outage,NaN,NaN,-Inf,0,NaN,0,Inf,0,NaN,NaN,NaN,-Inf,NaN,NaN,Inf
123,5,UMa,1,5,NaN,NaN,None,Outage,NaN,NaN,-Inf,0,NaN,0,Inf,0,NaN,NaN,NaN,-Inf,NaN,NaN,Inf
124,1,UMa,2,3,NaN,NaN,None,Outage,NaN,NaN,-Inf,0,NaN,0,Inf,0,NaN,NaN,NaN,-Inf,NaN,NaN,Inf
124,2,UMa,2,3,NaN,NaN,None,Outage,NaN,NaN,-Inf,0,NaN,0,Inf,0,NaN,NaN,NaN,-Inf,NaN,NaN,Inf
124,3,UMa,2,3,NaN,NaN,None,Outage,NaN,NaN,-Inf,0,NaN,0,Inf,0,NaN,NaN,NaN,-Inf,NaN,NaN,Inf
125,1,UMa,2,4,NaN,NaN,None,Outage,NaN,NaN,-Inf,0,NaN,0,Inf,0,NaN,NaN,NaN,-Inf,NaN,NaN,Inf
125,2,UMa,2,4,NaN,NaN,None,Outage,NaN,NaN,-Inf,0,NaN,0,Inf,0,NaN,NaN,NaN,-Inf,NaN,NaN,Inf
125,3,UMa,2,4,NaN,NaN,None,Outage,NaN,NaN,-Inf,0,NaN,0,Inf,0,NaN,NaN,NaN,-Inf,NaN,NaN,Inf
125,4,UMa,2,4,NaN,NaN,None,Outage,NaN,NaN,-Inf,0,NaN,0,Inf,0,NaN,NaN,NaN,-Inf,NaN,NaN,Inf
126,1,UMa,1,7,NaN,NaN,None,Outage,NaN,NaN,-Inf,0,NaN,0,Inf,0,NaN,NaN,NaN,-Inf,NaN,NaN,Inf
126,2,UMa,1,7,NaN,NaN,None,Outage,NaN,NaN,-Inf,0,NaN,0,Inf,0,NaN,NaN,NaN,-Inf,NaN,NaN,Inf
126,3,UMa,1,7,NaN,NaN,None,Outage,NaN,NaN,-Inf,0,NaN,0,Inf,0,NaN,NaN,NaN,-Inf,NaN,NaN,Inf
126,4,UMa,1,7,NaN,NaN,None,Outage,NaN,NaN,-Inf,0,NaN,0,Inf,0,NaN,NaN,NaN,-Inf,NaN,NaN,Inf
126,5,UMa,1,7,NaN,NaN,None,Outage,NaN,NaN,-Inf,0,NaN,0,Inf,0,NaN,NaN,NaN,-Inf,NaN,NaN,Inf
126,6,UMa,1,7,NaN,NaN,None,Outage,NaN,NaN,-Inf,0,NaN,0,Inf,0,NaN,NaN,NaN,-Inf,NaN,NaN,Inf
126,7,UMa,1,7,NaN,NaN,None,Outage,NaN,NaN,-Inf,0,NaN,0,Inf,0,NaN,NaN,NaN,-Inf,NaN,NaN,Inf
127,1,UMa,1,5,NaN,NaN,None,Outage,NaN,NaN,-Inf,0,NaN,0,Inf,0,NaN,NaN,NaN,-Inf,NaN,NaN,Inf
127,2,UMa,1,5,NaN,NaN,None,Outage,NaN,NaN,-Inf,0,NaN,0,Inf,0,NaN,NaN,NaN,-Inf,NaN,NaN,Inf
127,3,UMa,1,5,NaN,NaN,None,Outage,NaN,NaN,-Inf,0,NaN,0,Inf,0,NaN,NaN,NaN,-Inf,NaN,NaN,Inf
127,4,UMa,1,5,NaN,NaN,None,Outage,NaN,NaN,-Inf,0,NaN,0,Inf,0,NaN,NaN,NaN,-Inf,NaN,NaN,Inf
127,5,UMa,1,5,NaN,NaN,None,Outage,NaN,NaN,-Inf,0,NaN,0,Inf,0,NaN,NaN,NaN,-Inf,NaN,NaN,Inf
128,1,UMi,2,6,NaN,NaN,None,Outage,NaN,NaN,-Inf,0,NaN,0,Inf,0,NaN,NaN,NaN,-Inf,NaN,NaN,Inf
128,2,UMi,2,6,NaN,NaN,None,Outage,NaN,NaN,-Inf,0,NaN,0,Inf,0,NaN,NaN,NaN,-Inf,NaN,NaN,Inf
128,3,UMi,2,6,NaN,NaN,None,Outage,NaN,NaN,-Inf,0,NaN,0,Inf,0,NaN,NaN,NaN,-Inf,NaN,NaN,Inf
128,4,UMi,2,6,NaN,NaN,None,Outage,NaN,NaN,-Inf,0,NaN,0,Inf,0,NaN,NaN,NaN,-Inf,NaN,NaN,Inf
128,5,UMi,2,6,NaN,NaN,None,Outage,NaN,NaN,-Inf,0,NaN,0,Inf,0,NaN,NaN,NaN,-Inf,NaN,NaN,Inf
128,6,UMi,2,6,NaN,NaN,None,Outage,NaN,NaN,-Inf,0,NaN,0,Inf,0,NaN,NaN,NaN,-Inf,NaN,NaN,Inf
129,1,UMa,1,7,NaN,NaN,None,Outage,NaN,NaN,-Inf,0,NaN,0,Inf,0,NaN,NaN,NaN,-Inf,NaN,NaN,Inf
129,2,UMa,1,7,NaN,NaN,None,Outage,NaN,NaN,-Inf,0,NaN,0,Inf,0,NaN,NaN,NaN,-Inf,NaN,NaN,Inf
129,3,UMa,1,7,NaN,NaN,None,Outage,NaN,NaN,-Inf,0,NaN,0,Inf,0,NaN,NaN,NaN,-Inf,NaN,NaN,Inf
129,4,UMa,1,7,NaN,NaN,None,Outage,NaN,NaN,-Inf,0,NaN,0,Inf,0,NaN,NaN,NaN,-Inf,NaN,NaN,Inf
129,5,UMa,1,7,NaN,NaN,None,Outage,NaN,NaN,-Inf,0,NaN,0,Inf,0,NaN,NaN,NaN,-Inf,NaN,NaN,Inf
129,6,UMa,1,7,NaN,NaN,None,Outage,NaN,NaN,-Inf,0,NaN,0,Inf,0,NaN,NaN,NaN,-Inf,NaN,NaN,Inf
129,7,UMa,1,7,NaN,NaN,None,Outage,NaN,NaN,-Inf,0,NaN,0,Inf,0,NaN,NaN,NaN,-Inf,NaN,NaN,Inf
130,1,UMi,3,5,NaN,NaN,None,Outage,NaN,NaN,-Inf,0,NaN,0,Inf,0,NaN,NaN,NaN,-Inf,NaN,NaN,Inf
130,2,UMi,3,5,NaN,NaN,None,Outage,NaN,NaN,-Inf,0,NaN,0,Inf,0,NaN,NaN,NaN,-Inf,NaN,NaN,Inf
130,3,UMi,3,5,NaN,NaN,None,Outage,NaN,NaN,-Inf,0,NaN,0,Inf,0,NaN,NaN,NaN,-Inf,NaN,NaN,Inf
130,4,UMi,3,5,NaN,NaN,None,Outage,NaN,NaN,-Inf,0,NaN,0,Inf,0,NaN,NaN,NaN,-Inf,NaN,NaN,Inf
130,5,UMi,3,5,NaN,NaN,None,Outage,NaN,NaN,-Inf,0,NaN,0,Inf,0,NaN,NaN,NaN,-Inf,NaN,NaN,Inf
131,1,UMi,1,4,NaN,NaN,None,Outage,NaN,NaN,-Inf,0,NaN,0,Inf,0,NaN,NaN,NaN,-Inf,NaN,NaN,Inf
131,2,UMi,1,4,NaN,NaN,None,Outage,NaN,NaN,-Inf,0,NaN,0,Inf,0,NaN,NaN,NaN,-Inf,NaN,NaN,Inf
131,3,UMi,1,4,NaN,NaN,None,Outage,NaN,NaN,-Inf,0,NaN,0,Inf,0,NaN,NaN,NaN,-Inf,NaN,NaN,Inf
131,4,UMi,1,4,NaN,NaN,None,Outage,NaN,NaN,-Inf,0,NaN,0,Inf,0,NaN,NaN,NaN,-Inf,NaN,NaN,Inf
132,1,UMa,3,6,NaN,NaN,None,Outage,NaN,NaN,-Inf,0,NaN,0,Inf,0,NaN,NaN,NaN,-Inf,NaN,NaN,Inf
132,2,UMa,3,6,NaN,NaN,None,Outage,NaN,NaN,-Inf,0,NaN,0,Inf,0,NaN,NaN,NaN,-Inf,NaN,NaN,Inf
132,3,UMa,3,6,NaN,NaN,None,Outage,NaN,NaN,-Inf,0,NaN,0,Inf,0,NaN,NaN,NaN,-Inf,NaN,NaN,Inf
132,4,UMa,3,6,NaN,NaN,None,Outage,NaN,NaN,-Inf,0,NaN,0,Inf,0,NaN,NaN,NaN,-Inf,NaN,NaN,Inf
132,5,UMa,3,6,NaN,NaN,None,Outage,NaN,NaN,-Inf,0,NaN,0,Inf,0,NaN,NaN,NaN,-Inf,NaN,NaN,Inf
132,6,UMa,3,6,NaN,NaN,None,Outage,NaN,NaN,-Inf,0,NaN,0,Inf,0,NaN,NaN,NaN,-Inf,NaN,NaN,Inf
133,1,UMi,4,9,NaN,NaN,None,Outage,NaN,NaN,-Inf,0,NaN,0,Inf,0,NaN,NaN,NaN,-Inf,NaN,NaN,Inf
133,2,UMi,4,9,NaN,NaN,None,Outage,NaN,NaN,-Inf,0,NaN,0,Inf,0,NaN,NaN,NaN,-Inf,NaN,NaN,Inf
133,3,UMi,4,9,NaN,NaN,None,Outage,NaN,NaN,-Inf,0,NaN,0,Inf,0,NaN,NaN,NaN,-Inf,NaN,NaN,Inf
133,4,UMi,4,9,NaN,NaN,None,Outage,NaN,NaN,-Inf,0,NaN,0,Inf,0,NaN,NaN,NaN,-Inf,NaN,NaN,Inf
133,5,UMi,4,9,NaN,NaN,None,Outage,NaN,NaN,-Inf,0,NaN,0,Inf,0,NaN,NaN,NaN,-Inf,NaN,NaN,Inf
133,6,UMi,4,9,NaN,NaN,None,Outage,NaN,NaN,-Inf,0,NaN,0,Inf,0,NaN,NaN,NaN,-Inf,NaN,NaN,Inf
133,7,UMi,4,9,NaN,NaN,None,Outage,NaN,NaN,-Inf,0,NaN,0,Inf,0,NaN,NaN,NaN,-Inf,NaN,NaN,Inf
133,8,UMi,4,9,NaN,NaN,None,Outage,NaN,NaN,-Inf,0,NaN,0,Inf,0,NaN,NaN,NaN,-Inf,NaN,NaN,Inf
133,9,UMi,4,9,NaN,NaN,None,Outage,NaN,NaN,-Inf,0,NaN,0,Inf,0,NaN,NaN,NaN,-Inf,NaN,NaN,Inf
134,1,UMi,3,5,NaN,NaN,None,Outage,NaN,NaN,-Inf,0,NaN,0,Inf,0,NaN,NaN,NaN,-Inf,NaN,NaN,Inf
134,2,UMi,3,5,NaN,NaN,None,Outage,NaN,NaN,-Inf,0,NaN,0,Inf,0,NaN,NaN,NaN,-Inf,NaN,NaN,Inf
134,3,UMi,3,5,NaN,NaN,None,Outage,NaN,NaN,-Inf,0,NaN,0,Inf,0,NaN,NaN,NaN,-Inf,NaN,NaN,Inf
134,4,UMi,3,5,NaN,NaN,None,Outage,NaN,NaN,-Inf,0,NaN,0,Inf,0,NaN,NaN,NaN,-Inf,NaN,NaN,Inf
134,5,UMi,3,5,NaN,NaN,None,Outage,NaN,NaN,-Inf,0,NaN,0,Inf,0,NaN,NaN,NaN,-Inf,NaN,NaN,Inf
135,1,UMa,1,6,NaN,NaN,None,Outage,NaN,NaN,-Inf,0,NaN,0,Inf,0,NaN,NaN,NaN,-Inf,NaN,NaN,Inf
135,2,UMa,1,6,NaN,NaN,None,Outage,NaN,NaN,-Inf,0,NaN,0,Inf,0,NaN,NaN,NaN,-Inf,NaN,NaN,Inf
135,3,UMa,1,6,NaN,NaN,None,Outage,NaN,NaN,-Inf,0,NaN,0,Inf,0,NaN,NaN,NaN,-Inf,NaN,NaN,Inf
135,4,UMa,1,6,NaN,NaN,None,Outage,NaN,NaN,-Inf,0,NaN,0,Inf,0,NaN,NaN,NaN,-Inf,NaN,NaN,Inf
135,5,UMa,1,6,NaN,NaN,None,Outage,NaN,NaN,-Inf,0,NaN,0,Inf,0,NaN,NaN,NaN,-Inf,NaN,NaN,Inf
135,6,UMa,1,6,NaN,NaN,None,Outage,NaN,NaN,-Inf,0,NaN,0,Inf,0,NaN,NaN,NaN,-Inf,NaN,NaN,Inf
136,1,UMi,2,8,NaN,NaN,None,Outage,NaN,NaN,-Inf,0,NaN,0,Inf,0,NaN,NaN,NaN,-Inf,NaN,NaN,Inf
136,2,UMi,2,8,NaN,NaN,None,Outage,NaN,NaN,-Inf,0,NaN,0,Inf,0,NaN,NaN,NaN,-Inf,NaN,NaN,Inf
136,3,UMi,2,8,NaN,NaN,None,Outage,NaN,NaN,-Inf,0,NaN,0,Inf,0,NaN,NaN,NaN,-Inf,NaN,NaN,Inf
136,4,UMi,2,8,NaN,NaN,None,Outage,NaN,NaN,-Inf,0,NaN,0,Inf,0,NaN,NaN,NaN,-Inf,NaN,NaN,Inf
136,5,UMi,2,8,NaN,NaN,None,Outage,NaN,NaN,-Inf,0,NaN,0,Inf,0,NaN,NaN,NaN,-Inf,NaN,NaN,Inf
136,6,UMi,2,8,NaN,NaN,None,Outage,NaN,NaN,-Inf,0,NaN,0,Inf,0,NaN,NaN,NaN,-Inf,NaN,NaN,Inf
136,7,UMi,2,8,NaN,NaN,None,Outage,NaN,NaN,-Inf,0,NaN,0,Inf,0,NaN,NaN,NaN,-Inf,NaN,NaN,Inf
136,8,UMi,2,8,NaN,NaN,None,Outage,NaN,NaN,-Inf,0,NaN,0,Inf,0,NaN,NaN,NaN,-Inf,NaN,NaN,Inf
137,1,UMa,4,6,NaN,NaN,None,Outage,NaN,NaN,-Inf,0,NaN,0,Inf,0,NaN,NaN,NaN,-Inf,NaN,NaN,Inf
137,2,UMa,4,6,NaN,NaN,None,Outage,NaN,NaN,-Inf,0,NaN,0,Inf,0,NaN,NaN,NaN,-Inf,NaN,NaN,Inf
137,3,UMa,4,6,NaN,NaN,None,Outage,NaN,NaN,-Inf,0,NaN,0,Inf,0,NaN,NaN,NaN,-Inf,NaN,NaN,Inf
137,4,UMa,4,6,NaN,NaN,None,Outage,NaN,NaN,-Inf,0,NaN,0,Inf,0,NaN,NaN,NaN,-Inf,NaN,NaN,Inf
137,5,UMa,4,6,NaN,NaN,None,Outage,NaN,NaN,-Inf,0,NaN,0,Inf,0,NaN,NaN,NaN,-Inf,NaN,NaN,Inf
137,6,UMa,4,6,NaN,NaN,None,Outage,NaN,NaN,-Inf,0,NaN,0,Inf,0,NaN,NaN,NaN,-Inf,NaN,NaN,Inf
138,1,UMi,4,4,NaN,NaN,None,Outage,NaN,NaN,-Inf,0,NaN,0,Inf,0,NaN,NaN,NaN,-Inf,NaN,NaN,Inf
138,2,UMi,4,4,NaN,NaN,None,Outage,NaN,NaN,-Inf,0,NaN,0,Inf,0,NaN,NaN,NaN,-Inf,NaN,NaN,Inf
138,3,UMi,4,4,NaN,NaN,None,Outage,NaN,NaN,-Inf,0,NaN,0,Inf,0,NaN,NaN,NaN,-Inf,NaN,NaN,Inf
138,4,UMi,4,4,NaN,NaN,None,Outage,NaN,NaN,-Inf,0,NaN,0,Inf,0,NaN,NaN,NaN,-Inf,NaN,NaN,Inf
139,1,UMa,4,10,NaN,NaN,None,Outage,NaN,NaN,-Inf,0,NaN,0,Inf,0,NaN,NaN,NaN,-Inf,NaN,NaN,Inf
139,2,UMa,4,10,NaN,NaN,None,Outage,NaN,NaN,-Inf,0,NaN,0,Inf,0,NaN,NaN,NaN,-Inf,NaN,NaN,Inf
139,3,UMa,4,10,NaN,NaN,None,Outage,NaN,NaN,-Inf,0,NaN,0,Inf,0,NaN,NaN,NaN,-Inf,NaN,NaN,Inf
139,4,UMa,4,10,NaN,NaN,None,Outage,NaN,NaN,-Inf,0,NaN,0,Inf,0,NaN,NaN,NaN,-Inf,NaN,NaN,Inf
139,5,UMa,4,10,NaN,NaN,None,Outage,NaN,NaN,-Inf,0,NaN,0,Inf,0,NaN,NaN,NaN,-Inf,NaN,NaN,Inf
139,6,UMa,4,10,NaN,NaN,None,Outage,NaN,NaN,-Inf,0,NaN,0,Inf,0,NaN,NaN,NaN,-Inf,NaN,NaN,Inf
139,7,UMa,4,10,NaN,NaN,None,Outage,NaN,NaN,-Inf,0,NaN,0,Inf,0,NaN,NaN,NaN,-Inf,NaN,NaN,Inf
139,8,UMa,4,10,NaN,NaN,None,Outage,NaN,NaN,-Inf,0,NaN,0,Inf,0,NaN,NaN,NaN,-Inf,NaN,NaN,Inf
139,9,UMa,4,10,NaN,NaN,None,Outage,NaN,NaN,-Inf,0,NaN,0,Inf,0,NaN,NaN,NaN,-Inf,NaN,NaN,Inf
139,10,UMa,4,10,NaN,NaN,None,Outage,NaN,NaN,-Inf,0,NaN,0,Inf,0,NaN,NaN,NaN,-Inf,NaN,NaN,Inf
140,1,UMi,3,4,NaN,NaN,None,Outage,NaN,NaN,-Inf,0,NaN,0,Inf,0,NaN,NaN,NaN,-Inf,NaN,NaN,Inf
140,2,UMi,3,4,NaN,NaN,None,Outage,NaN,NaN,-Inf,0,NaN,0,Inf,0,NaN,NaN,NaN,-Inf,NaN,NaN,Inf
140,3,UMi,3,4,NaN,NaN,None,Outage,NaN,NaN,-Inf,0,NaN,0,Inf,0,NaN,NaN,NaN,-Inf,NaN,NaN,Inf
140,4,UMi,3,4,NaN,NaN,None,Outage,NaN,NaN,-Inf,0,NaN,0,Inf,0,NaN,NaN,NaN,-Inf,NaN,NaN,Inf
141,1,UMi,1,8,NaN,NaN,None,Outage,NaN,NaN,-Inf,0,NaN,0,Inf,0,NaN,NaN,NaN,-Inf,NaN,NaN,Inf
141,2,UMi,1,8,NaN,NaN,None,Outage,NaN,NaN,-Inf,0,NaN,0,Inf,0,NaN,NaN,NaN,-Inf,NaN,NaN,Inf
141,3,UMi,1,8,NaN,NaN,None,Outage,NaN,NaN,-Inf,0,NaN,0,Inf,0,NaN,NaN,NaN,-Inf,NaN,NaN,Inf
141,4,UMi,1,8,NaN,NaN,None,Outage,NaN,NaN,-Inf,0,NaN,0,Inf,0,NaN,NaN,NaN,-Inf,NaN,NaN,Inf
141,5,UMi,1,8,NaN,NaN,None,Outage,NaN,NaN,-Inf,0,NaN,0,Inf,0,NaN,NaN,NaN,-Inf,NaN,NaN,Inf
141,6,UMi,1,8,NaN,NaN,None,Outage,NaN,NaN,-Inf,0,NaN,0,Inf,0,NaN,NaN,NaN,-Inf,NaN,NaN,Inf
141,7,UMi,1,8,NaN,NaN,None,Outage,NaN,NaN,-Inf,0,NaN,0,Inf,0,NaN,NaN,NaN,-Inf,NaN,NaN,Inf
141,8,UMi,1,8,NaN,NaN,None,Outage,NaN,NaN,-Inf,0,NaN,0,Inf,0,NaN,NaN,NaN,-Inf,NaN,NaN,Inf
142,1,UMi,4,7,NaN,NaN,None,Outage,NaN,NaN,-Inf,0,NaN,0,Inf,0,NaN,NaN,NaN,-Inf,NaN,NaN,Inf
142,2,UMi,4,7,NaN,NaN,None,Outage,NaN,NaN,-Inf,0,NaN,0,Inf,0,NaN,NaN,NaN,-Inf,NaN,NaN,Inf
142,3,UMi,4,7,NaN,NaN,None,Outage,NaN,NaN,-Inf,0,NaN,0,Inf,0,NaN,NaN,NaN,-Inf,NaN,NaN,Inf
142,4,UMi,4,7,NaN,NaN,None,Outage,NaN,NaN,-Inf,0,NaN,0,Inf,0,NaN,NaN,NaN,-Inf,NaN,NaN,Inf
142,5,UMi,4,7,NaN,NaN,None,Outage,NaN,NaN,-Inf,0,NaN,0,Inf,0,NaN,NaN,NaN,-Inf,NaN,NaN,Inf
142,6,UMi,4,7,NaN,NaN,None,Outage,NaN,NaN,-Inf,0,NaN,0,Inf,0,NaN,NaN,NaN,-Inf,NaN,NaN,Inf
142,7,UMi,4,7,NaN,NaN,None,Outage,NaN,NaN,-Inf,0,NaN,0,Inf,0,NaN,NaN,NaN,-Inf,NaN,NaN,Inf
143,1,UMi,1,7,NaN,NaN,None,Outage,NaN,NaN,-Inf,0,NaN,0,Inf,0,NaN,NaN,NaN,-Inf,NaN,NaN,Inf
143,2,UMi,1,7,NaN,NaN,None,Outage,NaN,NaN,-Inf,0,NaN,0,Inf,0,NaN,NaN,NaN,-Inf,NaN,NaN,Inf
143,3,UMi,1,7,NaN,NaN,None,Outage,NaN,NaN,-Inf,0,NaN,0,Inf,0,NaN,NaN,NaN,-Inf,NaN,NaN,Inf
143,4,UMi,1,7,NaN,NaN,None,Outage,NaN,NaN,-Inf,0,NaN,0,Inf,0,NaN,NaN,NaN,-Inf,NaN,NaN,Inf
143,5,UMi,1,7,NaN,NaN,None,Outage,NaN,NaN,-Inf,0,NaN,0,Inf,0,NaN,NaN,NaN,-Inf,NaN,NaN,Inf
143,6,UMi,1,7,NaN,NaN,None,Outage,NaN,NaN,-Inf,0,NaN,0,Inf,0,NaN,NaN,NaN,-Inf,NaN,NaN,Inf
143,7,UMi,1,7,NaN,NaN,None,Outage,NaN,NaN,-Inf,0,NaN,0,Inf,0,NaN,NaN,NaN,-Inf,NaN,NaN,Inf
144,1,UMi,3,5,NaN,NaN,None,Outage,NaN,NaN,-Inf,0,NaN,0,Inf,0,NaN,NaN,NaN,-Inf,NaN,NaN,Inf
144,2,UMi,3,5,NaN,NaN,None,Outage,NaN,NaN,-Inf,0,NaN,0,Inf,0,NaN,NaN,NaN,-Inf,NaN,NaN,Inf
144,3,UMi,3,5,NaN,NaN,None,Outage,NaN,NaN,-Inf,0,NaN,0,Inf,0,NaN,NaN,NaN,-Inf,NaN,NaN,Inf
144,4,UMi,3,5,NaN,NaN,None,Outage,NaN,NaN,-Inf,0,NaN,0,Inf,0,NaN,NaN,NaN,-Inf,NaN,NaN,Inf
144,5,UMi,3,5,NaN,NaN,None,Outage,NaN,NaN,-Inf,0,NaN,0,Inf,0,NaN,NaN,NaN,-Inf,NaN,NaN,Inf
145,1,UMa,2,4,NaN,NaN,None,Outage,NaN,NaN,-Inf,0,NaN,0,Inf,0,NaN,NaN,NaN,-Inf,NaN,NaN,Inf
145,2,UMa,2,4,NaN,NaN,None,Outage,NaN,NaN,-Inf,0,NaN,0,Inf,0,NaN,NaN,NaN,-Inf,NaN,NaN,Inf
145,3,UMa,2,4,NaN,NaN,None,Outage,NaN,NaN,-Inf,0,NaN,0,Inf,0,NaN,NaN,NaN,-Inf,NaN,NaN,Inf
145,4,UMa,2,4,NaN,NaN,None,Outage,NaN,NaN,-Inf,0,NaN,0,Inf,0,NaN,NaN,NaN,-Inf,NaN,NaN,Inf
146,1,UMa,1,7,NaN,NaN,None,Outage,NaN,NaN,-Inf,0,NaN,0,Inf,0,NaN,NaN,NaN,-Inf,NaN,NaN,Inf
146,2,UMa,1,7,NaN,NaN,None,Outage,NaN,NaN,-Inf,0,NaN,0,Inf,0,NaN,NaN,NaN,-Inf,NaN,NaN,Inf
146,3,UMa,1,7,NaN,NaN,None,Outage,NaN,NaN,-Inf,0,NaN,0,Inf,0,NaN,NaN,NaN,-Inf,NaN,NaN,Inf
146,4,UMa,1,7,NaN,NaN,None,Outage,NaN,NaN,-Inf,0,NaN,0,Inf,0,NaN,NaN,NaN,-Inf,NaN,NaN,Inf
146,5,UMa,1,7,NaN,NaN,None,Outage,NaN,NaN,-Inf,0,NaN,0,Inf,0,NaN,NaN,NaN,-Inf,NaN,NaN,Inf
146,6,UMa,1,7,NaN,NaN,None,Outage,NaN,NaN,-Inf,0,NaN,0,Inf,0,NaN,NaN,NaN,-Inf,NaN,NaN,Inf
146,7,UMa,1,7,NaN,NaN,None,Outage,NaN,NaN,-Inf,0,NaN,0,Inf,0,NaN,NaN,NaN,-Inf,NaN,NaN,Inf
147,1,UMi,3,9,NaN,NaN,None,Outage,NaN,NaN,-Inf,0,NaN,0,Inf,0,NaN,NaN,NaN,-Inf,NaN,NaN,Inf
147,2,UMi,3,9,NaN,NaN,None,Outage,NaN,NaN,-Inf,0,NaN,0,Inf,0,NaN,NaN,NaN,-Inf,NaN,NaN,Inf
147,3,UMi,3,9,NaN,NaN,None,Outage,NaN,NaN,-Inf,0,NaN,0,Inf,0,NaN,NaN,NaN,-Inf,NaN,NaN,Inf
147,4,UMi,3,9,NaN,NaN,None,Outage,NaN,NaN,-Inf,0,NaN,0,Inf,0,NaN,NaN,NaN,-Inf,NaN,NaN,Inf
147,5,UMi,3,9,NaN,NaN,None,Outage,NaN,NaN,-Inf,0,NaN,0,Inf,0,NaN,NaN,NaN,-Inf,NaN,NaN,Inf
147,6,UMi,3,9,NaN,NaN,None,Outage,NaN,NaN,-Inf,0,NaN,0,Inf,0,NaN,NaN,NaN,-Inf,NaN,NaN,Inf
147,7,UMi,3,9,NaN,NaN,None,Outage,NaN,NaN,-Inf,0,NaN,0,Inf,0,NaN,NaN,NaN,-Inf,NaN,NaN,Inf
147,8,UMi,3,9,NaN,NaN,None,Outage,NaN,NaN,-Inf,0,NaN,0,Inf,0,NaN,NaN,NaN,-Inf,NaN,NaN,Inf
147,9,UMi,3,9,NaN,NaN,None,Outage,NaN,NaN,-Inf,0,NaN,0,Inf,0,NaN,NaN,NaN,-Inf,NaN,NaN,Inf
148,1,UMa,3,6,NaN,NaN,None,Outage,NaN,NaN,-Inf,0,NaN,0,Inf,0,NaN,NaN,NaN,-Inf,NaN,NaN,Inf
148,2,UMa,3,6,NaN,NaN,None,Outage,NaN,NaN,-Inf,0,NaN,0,Inf,0,NaN,NaN,NaN,-Inf,NaN,NaN,Inf
148,3,UMa,3,6,NaN,NaN,None,Outage,NaN,NaN,-Inf,0,NaN,0,Inf,0,NaN,NaN,NaN,-Inf,NaN,NaN,Inf
148,4,UMa,3,6,NaN,NaN,None,Outage,NaN,NaN,-Inf,0,NaN,0,Inf,0,NaN,NaN,NaN,-Inf,NaN,NaN,Inf
148,5,UMa,3,6,NaN,NaN,None,Outage,NaN,NaN,-Inf,0,NaN,0,Inf,0,NaN,NaN,NaN,-Inf,NaN,NaN,Inf
148,6,UMa,3,6,NaN,NaN,None,Outage,NaN,NaN,-Inf,0,NaN,0,Inf,0,NaN,NaN,NaN,-Inf,NaN,NaN,Inf
149,1,UMa,4,6,NaN,NaN,None,Outage,NaN,NaN,-Inf,0,NaN,0,Inf,0,NaN,NaN,NaN,-Inf,NaN,NaN,Inf
149,2,UMa,4,6,NaN,NaN,None,Outage,NaN,NaN,-Inf,0,NaN,0,Inf,0,NaN,NaN,NaN,-Inf,NaN,NaN,Inf
149,3,UMa,4,6,NaN,NaN,None,Outage,NaN,NaN,-Inf,0,NaN,0,Inf,0,NaN,NaN,NaN,-Inf,NaN,NaN,Inf
149,4,UMa,4,6,NaN,NaN,None,Outage,NaN,NaN,-Inf,0,NaN,0,Inf,0,NaN,NaN,NaN,-Inf,NaN,NaN,Inf
149,5,UMa,4,6,NaN,NaN,None,Outage,NaN,NaN,-Inf,0,NaN,0,Inf,0,NaN,NaN,NaN,-Inf,NaN,NaN,Inf
149,6,UMa,4,6,NaN,NaN,None,Outage,NaN,NaN,-Inf,0,NaN,0,Inf,0,NaN,NaN,NaN,-Inf,NaN,NaN,Inf
150,1,UMi,3,5,NaN,NaN,None,Outage,NaN,NaN,-Inf,0,NaN,0,Inf,0,NaN,NaN,NaN,-Inf,NaN,NaN,Inf
150,2,UMi,3,5,NaN,NaN,None,Outage,NaN,NaN,-Inf,0,NaN,0,Inf,0,NaN,NaN,NaN,-Inf,NaN,NaN,Inf
150,3,UMi,3,5,NaN,NaN,None,Outage,NaN,NaN,-Inf,0,NaN,0,Inf,0,NaN,NaN,NaN,-Inf,NaN,NaN,Inf
150,4,UMi,3,5,NaN,NaN,None,Outage,NaN,NaN,-Inf,0,NaN,0,Inf,0,NaN,NaN,NaN,-Inf,NaN,NaN,Inf
150,5,UMi,3,5,NaN,NaN,None,Outage,NaN,NaN,-Inf,0,NaN,0,Inf,0,NaN,NaN,NaN,-Inf,NaN,NaN,Inf
151,1,UMa,4,10,NaN,NaN,None,Outage,NaN,NaN,-Inf,0,NaN,0,Inf,0,NaN,NaN,NaN,-Inf,NaN,NaN,Inf
151,2,UMa,4,10,NaN,NaN,None,Outage,NaN,NaN,-Inf,0,NaN,0,Inf,0,NaN,NaN,NaN,-Inf,NaN,NaN,Inf
151,3,UMa,4,10,NaN,NaN,None,Outage,NaN,NaN,-Inf,0,NaN,0,Inf,0,NaN,NaN,NaN,-Inf,NaN,NaN,Inf
151,4,UMa,4,10,NaN,NaN,None,Outage,NaN,NaN,-Inf,0,NaN,0,Inf,0,NaN,NaN,NaN,-Inf,NaN,NaN,Inf
151,5,UMa,4,10,NaN,NaN,None,Outage,NaN,NaN,-Inf,0,NaN,0,Inf,0,NaN,NaN,NaN,-Inf,NaN,NaN,Inf
151,6,UMa,4,10,NaN,NaN,None,Outage,NaN,NaN,-Inf,0,NaN,0,Inf,0,NaN,NaN,NaN,-Inf,NaN,NaN,Inf
151,7,UMa,4,10,NaN,NaN,None,Outage,NaN,NaN,-Inf,0,NaN,0,Inf,0,NaN,NaN,NaN,-Inf,NaN,NaN,Inf
151,8,UMa,4,10,NaN,NaN,None,Outage,NaN,NaN,-Inf,0,NaN,0,Inf,0,NaN,NaN,NaN,-Inf,NaN,NaN,Inf
151,9,UMa,4,10,NaN,NaN,None,Outage,NaN,NaN,-Inf,0,NaN,0,Inf,0,NaN,NaN,NaN,-Inf,NaN,NaN,Inf
151,10,UMa,4,10,NaN,NaN,None,Outage,NaN,NaN,-Inf,0,NaN,0,Inf,0,NaN,NaN,NaN,-Inf,NaN,NaN,Inf
152,1,UMi,1,8,NaN,NaN,None,Outage,NaN,NaN,-Inf,0,NaN,0,Inf,0,NaN,NaN,NaN,-Inf,NaN,NaN,Inf
152,2,UMi,1,8,NaN,NaN,None,Outage,NaN,NaN,-Inf,0,NaN,0,Inf,0,NaN,NaN,NaN,-Inf,NaN,NaN,Inf
152,3,UMi,1,8,NaN,NaN,None,Outage,NaN,NaN,-Inf,0,NaN,0,Inf,0,NaN,NaN,NaN,-Inf,NaN,NaN,Inf
152,4,UMi,1,8,NaN,NaN,None,Outage,NaN,NaN,-Inf,0,NaN,0,Inf,0,NaN,NaN,NaN,-Inf,NaN,NaN,Inf
152,5,UMi,1,8,NaN,NaN,None,Outage,NaN,NaN,-Inf,0,NaN,0,Inf,0,NaN,NaN,NaN,-Inf,NaN,NaN,Inf
152,6,UMi,1,8,NaN,NaN,None,Outage,NaN,NaN,-Inf,0,NaN,0,Inf,0,NaN,NaN,NaN,-Inf,NaN,NaN,Inf
152,7,UMi,1,8,NaN,NaN,None,Outage,NaN,NaN,-Inf,0,NaN,0,Inf,0,NaN,NaN,NaN,-Inf,NaN,NaN,Inf
152,8,UMi,1,8,NaN,NaN,None,Outage,NaN,NaN,-Inf,0,NaN,0,Inf,0,NaN,NaN,NaN,-Inf,NaN,NaN,Inf
153,1,UMa,1,3,NaN,NaN,None,Outage,NaN,NaN,-Inf,0,NaN,0,Inf,0,NaN,NaN,NaN,-Inf,NaN,NaN,Inf
153,2,UMa,1,3,NaN,NaN,None,Outage,NaN,NaN,-Inf,0,NaN,0,Inf,0,NaN,NaN,NaN,-Inf,NaN,NaN,Inf
153,3,UMa,1,3,NaN,NaN,None,Outage,NaN,NaN,-Inf,0,NaN,0,Inf,0,NaN,NaN,NaN,-Inf,NaN,NaN,Inf
154,1,UMi,2,10,NaN,NaN,None,Outage,NaN,NaN,-Inf,0,NaN,0,Inf,0,NaN,NaN,NaN,-Inf,NaN,NaN,Inf
154,2,UMi,2,10,NaN,NaN,None,Outage,NaN,NaN,-Inf,0,NaN,0,Inf,0,NaN,NaN,NaN,-Inf,NaN,NaN,Inf
154,3,UMi,2,10,NaN,NaN,None,Outage,NaN,NaN,-Inf,0,NaN,0,Inf,0,NaN,NaN,NaN,-Inf,NaN,NaN,Inf
154,4,UMi,2,10,NaN,NaN,None,Outage,NaN,NaN,-Inf,0,NaN,0,Inf,0,NaN,NaN,NaN,-Inf,NaN,NaN,Inf
154,5,UMi,2,10,NaN,NaN,None,Outage,NaN,NaN,-Inf,0,NaN,0,Inf,0,NaN,NaN,NaN,-Inf,NaN,NaN,Inf
154,6,UMi,2,10,NaN,NaN,None,Outage,NaN,NaN,-Inf,0,NaN,0,Inf,0,NaN,NaN,NaN,-Inf,NaN,NaN,Inf
154,7,UMi,2,10,NaN,NaN,None,Outage,NaN,NaN,-Inf,0,NaN,0,Inf,0,NaN,NaN,NaN,-Inf,NaN,NaN,Inf
154,8,UMi,2,10,NaN,NaN,None,Outage,NaN,NaN,-Inf,0,NaN,0,Inf,0,NaN,NaN,NaN,-Inf,NaN,NaN,Inf
154,9,UMi,2,10,NaN,NaN,None,Outage,NaN,NaN,-Inf,0,NaN,0,Inf,0,NaN,NaN,NaN,-Inf,NaN,NaN,Inf
154,10,UMi,2,10,NaN,NaN,None,Outage,NaN,NaN,-Inf,0,NaN,0,Inf,0,NaN,NaN,NaN,-Inf,NaN,NaN,Inf
155,1,UMa,1,6,NaN,NaN,None,Outage,NaN,NaN,-Inf,0,NaN,0,Inf,0,NaN,NaN,NaN,-Inf,NaN,NaN,Inf
155,2,UMa,1,6,NaN,NaN,None,Outage,NaN,NaN,-Inf,0,NaN,0,Inf,0,NaN,NaN,NaN,-Inf,NaN,NaN,Inf
155,3,UMa,1,6,NaN,NaN,None,Outage,NaN,NaN,-Inf,0,NaN,0,Inf,0,NaN,NaN,NaN,-Inf,NaN,NaN,Inf
155,4,UMa,1,6,NaN,NaN,None,Outage,NaN,NaN,-Inf,0,NaN,0,Inf,0,NaN,NaN,NaN,-Inf,NaN,NaN,Inf
155,5,UMa,1,6,NaN,NaN,None,Outage,NaN,NaN,-Inf,0,NaN,0,Inf,0,NaN,NaN,NaN,-Inf,NaN,NaN,Inf
155,6,UMa,1,6,NaN,NaN,None,Outage,NaN,NaN,-Inf,0,NaN,0,Inf,0,NaN,NaN,NaN,-Inf,NaN,NaN,Inf
156,1,UMi,1,10,NaN,NaN,None,Outage,NaN,NaN,-Inf,0,NaN,0,Inf,0,NaN,NaN,NaN,-Inf,NaN,NaN,Inf
156,2,UMi,1,10,NaN,NaN,None,Outage,NaN,NaN,-Inf,0,NaN,0,Inf,0,NaN,NaN,NaN,-Inf,NaN,NaN,Inf
156,3,UMi,1,10,NaN,NaN,None,Outage,NaN,NaN,-Inf,0,NaN,0,Inf,0,NaN,NaN,NaN,-Inf,NaN,NaN,Inf
156,4,UMi,1,10,NaN,NaN,None,Outage,NaN,NaN,-Inf,0,NaN,0,Inf,0,NaN,NaN,NaN,-Inf,NaN,NaN,Inf
156,5,UMi,1,10,NaN,NaN,None,Outage,NaN,NaN,-Inf,0,NaN,0,Inf,0,NaN,NaN,NaN,-Inf,NaN,NaN,Inf
156,6,UMi,1,10,NaN,NaN,None,Outage,NaN,NaN,-Inf,0,NaN,0,Inf,0,NaN,NaN,NaN,-Inf,NaN,NaN,Inf
156,7,UMi,1,10,NaN,NaN,None,Outage,NaN,NaN,-Inf,0,NaN,0,Inf,0,NaN,NaN,NaN,-Inf,NaN,NaN,Inf
156,8,UMi,1,10,NaN,NaN,None,Outage,NaN,NaN,-Inf,0,NaN,0,Inf,0,NaN,NaN,NaN,-Inf,NaN,NaN,Inf
156,9,UMi,1,10,NaN,NaN,None,Outage,NaN,NaN,-Inf,0,NaN,0,Inf,0,NaN,NaN,NaN,-Inf,NaN,NaN,Inf
156,10,UMi,1,10,NaN,NaN,None,Outage,NaN,NaN,-Inf,0,NaN,0,Inf,0,NaN,NaN,NaN,-Inf,NaN,NaN,Inf
157,1,UMi,2,5,NaN,NaN,None,Outage,NaN,NaN,-Inf,0,NaN,0,Inf,0,NaN,NaN,NaN,-Inf,NaN,NaN,Inf
157,2,UMi,2,5,NaN,NaN,None,Outage,NaN,NaN,-Inf,0,NaN,0,Inf,0,NaN,NaN,NaN,-Inf,NaN,NaN,Inf
157,3,UMi,2,5,NaN,NaN,None,Outage,NaN,NaN,-Inf,0,NaN,0,Inf,0,NaN,NaN,NaN,-Inf,NaN,NaN,Inf
157,4,UMi,2,5,NaN,NaN,None,Outage,NaN,NaN,-Inf,0,NaN,0,Inf,0,NaN,NaN,NaN,-Inf,NaN,NaN,Inf
157,5,UMi,2,5,NaN,NaN,None,Outage,NaN,NaN,-Inf,0,NaN,0,Inf,0,NaN,NaN,NaN,-Inf,NaN,NaN,Inf
158,1,UMa,3,4,NaN,NaN,None,Outage,NaN,NaN,-Inf,0,NaN,0,Inf,0,NaN,NaN,NaN,-Inf,NaN,NaN,Inf
158,2,UMa,3,4,NaN,NaN,None,Outage,NaN,NaN,-Inf,0,NaN,0,Inf,0,NaN,NaN,NaN,-Inf,NaN,NaN,Inf
158,3,UMa,3,4,NaN,NaN,None,Outage,NaN,NaN,-Inf,0,NaN,0,Inf,0,NaN,NaN,NaN,-Inf,NaN,NaN,Inf
158,4,UMa,3,4,NaN,NaN,None,Outage,NaN,NaN,-Inf,0,NaN,0,Inf,0,NaN,NaN,NaN,-Inf,NaN,NaN,Inf
159,1,UMi,1,4,NaN,NaN,None,Outage,NaN,NaN,-Inf,0,NaN,0,Inf,0,NaN,NaN,NaN,-Inf,NaN,NaN,Inf
159,2,UMi,1,4,NaN,NaN,None,Outage,NaN,NaN,-Inf,0,NaN,0,Inf,0,NaN,NaN,NaN,-Inf,NaN,NaN,Inf
159,3,UMi,1,4,NaN,NaN,None,Outage,NaN,NaN,-Inf,0,NaN,0,Inf,0,NaN,NaN,NaN,-Inf,NaN,NaN,Inf
159,4,UMi,1,4,NaN,NaN,None,Outage,NaN,NaN,-Inf,0,NaN,0,Inf,0,NaN,NaN,NaN,-Inf,NaN,NaN,Inf
160,1,UMa,3,8,NaN,NaN,None,Outage,NaN,NaN,-Inf,0,NaN,0,Inf,0,NaN,NaN,NaN,-Inf,NaN,NaN,Inf
160,2,UMa,3,8,NaN,NaN,None,Outage,NaN,NaN,-Inf,0,NaN,0,Inf,0,NaN,NaN,NaN,-Inf,NaN,NaN,Inf
160,3,UMa,3,8,NaN,NaN,None,Outage,NaN,NaN,-Inf,0,NaN,0,Inf,0,NaN,NaN,NaN,-Inf,NaN,NaN,Inf
160,4,UMa,3,8,NaN,NaN,None,Outage,NaN,NaN,-Inf,0,NaN,0,Inf,0,NaN,NaN,NaN,-Inf,NaN,NaN,Inf
160,5,UMa,3,8,NaN,NaN,None,Outage,NaN,NaN,-Inf,0,NaN,0,Inf,0,NaN,NaN,NaN,-Inf,NaN,NaN,Inf
160,6,UMa,3,8,NaN,NaN,None,Outage,NaN,NaN,-Inf,0,NaN,0,Inf,0,NaN,NaN,NaN,-Inf,NaN,NaN,Inf
160,7,UMa,3,8,NaN,NaN,None,Outage,NaN,NaN,-Inf,0,NaN,0,Inf,0,NaN,NaN,NaN,-Inf,NaN,NaN,Inf
160,8,UMa,3,8,NaN,NaN,None,Outage,NaN,NaN,-Inf,0,NaN,0,Inf,0,NaN,NaN,NaN,-Inf,NaN,NaN,Inf
161,1,UMa,4,9,NaN,NaN,None,Outage,NaN,NaN,-Inf,0,NaN,0,Inf,0,NaN,NaN,NaN,-Inf,NaN,NaN,Inf
161,2,UMa,4,9,NaN,NaN,None,Outage,NaN,NaN,-Inf,0,NaN,0,Inf,0,NaN,NaN,NaN,-Inf,NaN,NaN,Inf
161,3,UMa,4,9,NaN,NaN,None,Outage,NaN,NaN,-Inf,0,NaN,0,Inf,0,NaN,NaN,NaN,-Inf,NaN,NaN,Inf
161,4,UMa,4,9,NaN,NaN,None,Outage,NaN,NaN,-Inf,0,NaN,0,Inf,0,NaN,NaN,NaN,-Inf,NaN,NaN,Inf
161,5,UMa,4,9,NaN,NaN,None,Outage,NaN,NaN,-Inf,0,NaN,0,Inf,0,NaN,NaN,NaN,-Inf,NaN,NaN,Inf
161,6,UMa,4,9,NaN,NaN,None,Outage,NaN,NaN,-Inf,0,NaN,0,Inf,0,NaN,NaN,NaN,-Inf,NaN,NaN,Inf
161,7,UMa,4,9,NaN,NaN,None,Outage,NaN,NaN,-Inf,0,NaN,0,Inf,0,NaN,NaN,NaN,-Inf,NaN,NaN,Inf
161,8,UMa,4,9,NaN,NaN,None,Outage,NaN,NaN,-Inf,0,NaN,0,Inf,0,NaN,NaN,NaN,-Inf,NaN,NaN,Inf
161,9,UMa,4,9,NaN,NaN,None,Outage,NaN,NaN,-Inf,0,NaN,0,Inf,0,NaN,NaN,NaN,-Inf,NaN,NaN,Inf
162,1,UMa,3,8,NaN,NaN,None,Outage,NaN,NaN,-Inf,0,NaN,0,Inf,0,NaN,NaN,NaN,-Inf,NaN,NaN,Inf
162,2,UMa,3,8,NaN,NaN,None,Outage,NaN,NaN,-Inf,0,NaN,0,Inf,0,NaN,NaN,NaN,-Inf,NaN,NaN,Inf
162,3,UMa,3,8,NaN,NaN,None,Outage,NaN,NaN,-Inf,0,NaN,0,Inf,0,NaN,NaN,NaN,-Inf,NaN,NaN,Inf
162,4,UMa,3,8,NaN,NaN,None,Outage,NaN,NaN,-Inf,0,NaN,0,Inf,0,NaN,NaN,NaN,-Inf,NaN,NaN,Inf
162,5,UMa,3,8,NaN,NaN,None,Outage,NaN,NaN,-Inf,0,NaN,0,Inf,0,NaN,NaN,NaN,-Inf,NaN,NaN,Inf
162,6,UMa,3,8,NaN,NaN,None,Outage,NaN,NaN,-Inf,0,NaN,0,Inf,0,NaN,NaN,NaN,-Inf,NaN,NaN,Inf
162,7,UMa,3,8,NaN,NaN,None,Outage,NaN,NaN,-Inf,0,NaN,0,Inf,0,NaN,NaN,NaN,-Inf,NaN,NaN,Inf
162,8,UMa,3,8,NaN,NaN,None,Outage,NaN,NaN,-Inf,0,NaN,0,Inf,0,NaN,NaN,NaN,-Inf,NaN,NaN,Inf
163,1,UMi,2,4,NaN,NaN,None,Outage,NaN,NaN,-Inf,0,NaN,0,Inf,0,NaN,NaN,NaN,-Inf,NaN,NaN,Inf
163,2,UMi,2,4,NaN,NaN,None,Outage,NaN,NaN,-Inf,0,NaN,0,Inf,0,NaN,NaN,NaN,-Inf,NaN,NaN,Inf
163,3,UMi,2,4,NaN,NaN,None,Outage,NaN,NaN,-Inf,0,NaN,0,Inf,0,NaN,NaN,NaN,-Inf,NaN,NaN,Inf
163,4,UMi,2,4,NaN,NaN,None,Outage,NaN,NaN,-Inf,0,NaN,0,Inf,0,NaN,NaN,NaN,-Inf,NaN,NaN,Inf
164,1,UMi,1,8,NaN,NaN,None,Outage,NaN,NaN,-Inf,0,NaN,0,Inf,0,NaN,NaN,NaN,-Inf,NaN,NaN,Inf
164,2,UMi,1,8,NaN,NaN,None,Outage,NaN,NaN,-Inf,0,NaN,0,Inf,0,NaN,NaN,NaN,-Inf,NaN,NaN,Inf
164,3,UMi,1,8,NaN,NaN,None,Outage,NaN,NaN,-Inf,0,NaN,0,Inf,0,NaN,NaN,NaN,-Inf,NaN,NaN,Inf
164,4,UMi,1,8,NaN,NaN,None,Outage,NaN,NaN,-Inf,0,NaN,0,Inf,0,NaN,NaN,NaN,-Inf,NaN,NaN,Inf
164,5,UMi,1,8,NaN,NaN,None,Outage,NaN,NaN,-Inf,0,NaN,0,Inf,0,NaN,NaN,NaN,-Inf,NaN,NaN,Inf
164,6,UMi,1,8,NaN,NaN,None,Outage,NaN,NaN,-Inf,0,NaN,0,Inf,0,NaN,NaN,NaN,-Inf,NaN,NaN,Inf
164,7,UMi,1,8,NaN,NaN,None,Outage,NaN,NaN,-Inf,0,NaN,0,Inf,0,NaN,NaN,NaN,-Inf,NaN,NaN,Inf
164,8,UMi,1,8,NaN,NaN,None,Outage,NaN,NaN,-Inf,0,NaN,0,Inf,0,NaN,NaN,NaN,-Inf,NaN,NaN,Inf
165,1,UMa,3,10,NaN,NaN,None,Outage,NaN,NaN,-Inf,0,NaN,0,Inf,0,NaN,NaN,NaN,-Inf,NaN,NaN,Inf
165,2,UMa,3,10,NaN,NaN,None,Outage,NaN,NaN,-Inf,0,NaN,0,Inf,0,NaN,NaN,NaN,-Inf,NaN,NaN,Inf
165,3,UMa,3,10,NaN,NaN,None,Outage,NaN,NaN,-Inf,0,NaN,0,Inf,0,NaN,NaN,NaN,-Inf,NaN,NaN,Inf
165,4,UMa,3,10,NaN,NaN,None,Outage,NaN,NaN,-Inf,0,NaN,0,Inf,0,NaN,NaN,NaN,-Inf,NaN,NaN,Inf
165,5,UMa,3,10,NaN,NaN,None,Outage,NaN,NaN,-Inf,0,NaN,0,Inf,0,NaN,NaN,NaN,-Inf,NaN,NaN,Inf
165,6,UMa,3,10,NaN,NaN,None,Outage,NaN,NaN,-Inf,0,NaN,0,Inf,0,NaN,NaN,NaN,-Inf,NaN,NaN,Inf
165,7,UMa,3,10,NaN,NaN,None,Outage,NaN,NaN,-Inf,0,NaN,0,Inf,0,NaN,NaN,NaN,-Inf,NaN,NaN,Inf
165,8,UMa,3,10,NaN,NaN,None,Outage,NaN,NaN,-Inf,0,NaN,0,Inf,0,NaN,NaN,NaN,-Inf,NaN,NaN,Inf
165,9,UMa,3,10,NaN,NaN,None,Outage,NaN,NaN,-Inf,0,NaN,0,Inf,0,NaN,NaN,NaN,-Inf,NaN,NaN,Inf
165,10,UMa,3,10,NaN,NaN,None,Outage,NaN,NaN,-Inf,0,NaN,0,Inf,0,NaN,NaN,NaN,-Inf,NaN,NaN,Inf
166,1,UMi,4,5,NaN,NaN,None,Outage,NaN,NaN,-Inf,0,NaN,0,Inf,0,NaN,NaN,NaN,-Inf,NaN,NaN,Inf
166,2,UMi,4,5,NaN,NaN,None,Outage,NaN,NaN,-Inf,0,NaN,0,Inf,0,NaN,NaN,NaN,-Inf,NaN,NaN,Inf
166,3,UMi,4,5,NaN,NaN,None,Outage,NaN,NaN,-Inf,0,NaN,0,Inf,0,NaN,NaN,NaN,-Inf,NaN,NaN,Inf
166,4,UMi,4,5,NaN,NaN,None,Outage,NaN,NaN,-Inf,0,NaN,0,Inf,0,NaN,NaN,NaN,-Inf,NaN,NaN,Inf
166,5,UMi,4,5,NaN,NaN,None,Outage,NaN,NaN,-Inf,0,NaN,0,Inf,0,NaN,NaN,NaN,-Inf,NaN,NaN,Inf
167,1,UMa,1,10,NaN,NaN,None,Outage,NaN,NaN,-Inf,0,NaN,0,Inf,0,NaN,NaN,NaN,-Inf,NaN,NaN,Inf
167,2,UMa,1,10,NaN,NaN,None,Outage,NaN,NaN,-Inf,0,NaN,0,Inf,0,NaN,NaN,NaN,-Inf,NaN,NaN,Inf
167,3,UMa,1,10,NaN,NaN,None,Outage,NaN,NaN,-Inf,0,NaN,0,Inf,0,NaN,NaN,NaN,-Inf,NaN,NaN,Inf
167,4,UMa,1,10,NaN,NaN,None,Outage,NaN,NaN,-Inf,0,NaN,0,Inf,0,NaN,NaN,NaN,-Inf,NaN,NaN,Inf
167,5,UMa,1,10,NaN,NaN,None,Outage,NaN,NaN,-Inf,0,NaN,0,Inf,0,NaN,NaN,NaN,-Inf,NaN,NaN,Inf
167,6,UMa,1,10,NaN,NaN,None,Outage,NaN,NaN,-Inf,0,NaN,0,Inf,0,NaN,NaN,NaN,-Inf,NaN,NaN,Inf
167,7,UMa,1,10,NaN,NaN,None,Outage,NaN,NaN,-Inf,0,NaN,0,Inf,0,NaN,NaN,NaN,-Inf,NaN,NaN,Inf
167,8,UMa,1,10,NaN,NaN,None,Outage,NaN,NaN,-Inf,0,NaN,0,Inf,0,NaN,NaN,NaN,-Inf,NaN,NaN,Inf
167,9,UMa,1,10,NaN,NaN,None,Outage,NaN,NaN,-Inf,0,NaN,0,Inf,0,NaN,NaN,NaN,-Inf,NaN,NaN,Inf
167,10,UMa,1,10,NaN,NaN,None,Outage,NaN,NaN,-Inf,0,NaN,0,Inf,0,NaN,NaN,NaN,-Inf,NaN,NaN,Inf
168,1,UMi,1,5,NaN,NaN,None,Outage,NaN,NaN,-Inf,0,NaN,0,Inf,0,NaN,NaN,NaN,-Inf,NaN,NaN,Inf
168,2,UMi,1,5,NaN,NaN,None,Outage,NaN,NaN,-Inf,0,NaN,0,Inf,0,NaN,NaN,NaN,-Inf,NaN,NaN,Inf
168,3,UMi,1,5,NaN,NaN,None,Outage,NaN,NaN,-Inf,0,NaN,0,Inf,0,NaN,NaN,NaN,-Inf,NaN,NaN,Inf
168,4,UMi,1,5,NaN,NaN,None,Outage,NaN,NaN,-Inf,0,NaN,0,Inf,0,NaN,NaN,NaN,-Inf,NaN,NaN,Inf
168,5,UMi,1,5,NaN,NaN,None,Outage,NaN,NaN,-Inf,0,NaN,0,Inf,0,NaN,NaN,NaN,-Inf,NaN,NaN,Inf
169,1,UMa,3,9,NaN,NaN,None,Outage,NaN,NaN,-Inf,0,NaN,0,Inf,0,NaN,NaN,NaN,-Inf,NaN,NaN,Inf
169,2,UMa,3,9,NaN,NaN,None,Outage,NaN,NaN,-Inf,0,NaN,0,Inf,0,NaN,NaN,NaN,-Inf,NaN,NaN,Inf
169,3,UMa,3,9,NaN,NaN,None,Outage,NaN,NaN,-Inf,0,NaN,0,Inf,0,NaN,NaN,NaN,-Inf,NaN,NaN,Inf
169,4,UMa,3,9,NaN,NaN,None,Outage,NaN,NaN,-Inf,0,NaN,0,Inf,0,NaN,NaN,NaN,-Inf,NaN,NaN,Inf
169,5,UMa,3,9,NaN,NaN,None,Outage,NaN,NaN,-Inf,0,NaN,0,Inf,0,NaN,NaN,NaN,-Inf,NaN,NaN,Inf
169,6,UMa,3,9,NaN,NaN,None,Outage,NaN,NaN,-Inf,0,NaN,0,Inf,0,NaN,NaN,NaN,-Inf,NaN,NaN,Inf
169,7,UMa,3,9,NaN,NaN,None,Outage,NaN,NaN,-Inf,0,NaN,0,Inf,0,NaN,NaN,NaN,-Inf,NaN,NaN,Inf
169,8,UMa,3,9,NaN,NaN,None,Outage,NaN,NaN,-Inf,0,NaN,0,Inf,0,NaN,NaN,NaN,-Inf,NaN,NaN,Inf
169,9,UMa,3,9,NaN,NaN,None,Outage,NaN,NaN,-Inf,0,NaN,0,Inf,0,NaN,NaN,NaN,-Inf,NaN,NaN,Inf
170,1,UMa,1,10,NaN,NaN,None,Outage,NaN,NaN,-Inf,0,NaN,0,Inf,0,NaN,NaN,NaN,-Inf,NaN,NaN,Inf
170,2,UMa,1,10,NaN,NaN,None,Outage,NaN,NaN,-Inf,0,NaN,0,Inf,0,NaN,NaN,NaN,-Inf,NaN,NaN,Inf
170,3,UMa,1,10,NaN,NaN,None,Outage,NaN,NaN,-Inf,0,NaN,0,Inf,0,NaN,NaN,NaN,-Inf,NaN,NaN,Inf
170,4,UMa,1,10,NaN,NaN,None,Outage,NaN,NaN,-Inf,0,NaN,0,Inf,0,NaN,NaN,NaN,-Inf,NaN,NaN,Inf
170,5,UMa,1,10,NaN,NaN,None,Outage,NaN,NaN,-Inf,0,NaN,0,Inf,0,NaN,NaN,NaN,-Inf,NaN,NaN,Inf
170,6,UMa,1,10,NaN,NaN,None,Outage,NaN,NaN,-Inf,0,NaN,0,Inf,0,NaN,NaN,NaN,-Inf,NaN,NaN,Inf
170,7,UMa,1,10,NaN,NaN,None,Outage,NaN,NaN,-Inf,0,NaN,0,Inf,0,NaN,NaN,NaN,-Inf,NaN,NaN,Inf
170,8,UMa,1,10,NaN,NaN,None,Outage,NaN,NaN,-Inf,0,NaN,0,Inf,0,NaN,NaN,NaN,-Inf,NaN,NaN,Inf
170,9,UMa,1,10,NaN,NaN,None,Outage,NaN,NaN,-Inf,0,NaN,0,Inf,0,NaN,NaN,NaN,-Inf,NaN,NaN,Inf
170,10,UMa,1,10,NaN,NaN,None,Outage,NaN,NaN,-Inf,0,NaN,0,Inf,0,NaN,NaN,NaN,-Inf,NaN,NaN,Inf
171,1,UMi,2,10,NaN,NaN,None,Outage,NaN,NaN,-Inf,0,NaN,0,Inf,0,NaN,NaN,NaN,-Inf,NaN,NaN,Inf
171,2,UMi,2,10,NaN,NaN,None,Outage,NaN,NaN,-Inf,0,NaN,0,Inf,0,NaN,NaN,NaN,-Inf,NaN,NaN,Inf
171,3,UMi,2,10,NaN,NaN,None,Outage,NaN,NaN,-Inf,0,NaN,0,Inf,0,NaN,NaN,NaN,-Inf,NaN,NaN,Inf
171,4,UMi,2,10,NaN,NaN,None,Outage,NaN,NaN,-Inf,0,NaN,0,Inf,0,NaN,NaN,NaN,-Inf,NaN,NaN,Inf
171,5,UMi,2,10,NaN,NaN,None,Outage,NaN,NaN,-Inf,0,NaN,0,Inf,0,NaN,NaN,NaN,-Inf,NaN,NaN,Inf
171,6,UMi,2,10,NaN,NaN,None,Outage,NaN,NaN,-Inf,0,NaN,0,Inf,0,NaN,NaN,NaN,-Inf,NaN,NaN,Inf
171,7,UMi,2,10,NaN,NaN,None,Outage,NaN,NaN,-Inf,0,NaN,0,Inf,0,NaN,NaN,NaN,-Inf,NaN,NaN,Inf
171,8,UMi,2,10,NaN,NaN,None,Outage,NaN,NaN,-Inf,0,NaN,0,Inf,0,NaN,NaN,NaN,-Inf,NaN,NaN,Inf
171,9,UMi,2,10,NaN,NaN,None,Outage,NaN,NaN,-Inf,0,NaN,0,Inf,0,NaN,NaN,NaN,-Inf,NaN,NaN,Inf
171,10,UMi,2,10,NaN,NaN,None,Outage,NaN,NaN,-Inf,0,NaN,0,Inf,0,NaN,NaN,NaN,-Inf,NaN,NaN,Inf
172,1,UMa,2,6,NaN,NaN,None,Outage,NaN,NaN,-Inf,0,NaN,0,Inf,0,NaN,NaN,NaN,-Inf,NaN,NaN,Inf
172,2,UMa,2,6,NaN,NaN,None,Outage,NaN,NaN,-Inf,0,NaN,0,Inf,0,NaN,NaN,NaN,-Inf,NaN,NaN,Inf
172,3,UMa,2,6,NaN,NaN,None,Outage,NaN,NaN,-Inf,0,NaN,0,Inf,0,NaN,NaN,NaN,-Inf,NaN,NaN,Inf
172,4,UMa,2,6,NaN,NaN,None,Outage,NaN,NaN,-Inf,0,NaN,0,Inf,0,NaN,NaN,NaN,-Inf,NaN,NaN,Inf
172,5,UMa,2,6,NaN,NaN,None,Outage,NaN,NaN,-Inf,0,NaN,0,Inf,0,NaN,NaN,NaN,-Inf,NaN,NaN,Inf
172,6,UMa,2,6,NaN,NaN,None,Outage,NaN,NaN,-Inf,0,NaN,0,Inf,0,NaN,NaN,NaN,-Inf,NaN,NaN,Inf
173,1,UMa,2,9,NaN,NaN,None,Outage,NaN,NaN,-Inf,0,NaN,0,Inf,0,NaN,NaN,NaN,-Inf,NaN,NaN,Inf
173,2,UMa,2,9,NaN,NaN,None,Outage,NaN,NaN,-Inf,0,NaN,0,Inf,0,NaN,NaN,NaN,-Inf,NaN,NaN,Inf
173,3,UMa,2,9,NaN,NaN,None,Outage,NaN,NaN,-Inf,0,NaN,0,Inf,0,NaN,NaN,NaN,-Inf,NaN,NaN,Inf
173,4,UMa,2,9,NaN,NaN,None,Outage,NaN,NaN,-Inf,0,NaN,0,Inf,0,NaN,NaN,NaN,-Inf,NaN,NaN,Inf
173,5,UMa,2,9,NaN,NaN,None,Outage,NaN,NaN,-Inf,0,NaN,0,Inf,0,NaN,NaN,NaN,-Inf,NaN,NaN,Inf
173,6,UMa,2,9,NaN,NaN,None,Outage,NaN,NaN,-Inf,0,NaN,0,Inf,0,NaN,NaN,NaN,-Inf,NaN,NaN,Inf
173,7,UMa,2,9,NaN,NaN,None,Outage,NaN,NaN,-Inf,0,NaN,0,Inf,0,NaN,NaN,NaN,-Inf,NaN,NaN,Inf
173,8,UMa,2,9,NaN,NaN,None,Outage,NaN,NaN,-Inf,0,NaN,0,Inf,0,NaN,NaN,NaN,-Inf,NaN,NaN,Inf
173,9,UMa,2,9,NaN,NaN,None,Outage,NaN,NaN,-Inf,0,NaN,0,Inf,0,NaN,NaN,NaN,-Inf,NaN,NaN,Inf
174,1,UMi,4,8,NaN,NaN,None,Outage,NaN,NaN,-Inf,0,NaN,0,Inf,0,NaN,NaN,NaN,-Inf,NaN,NaN,Inf
174,2,UMi,4,8,NaN,NaN,None,Outage,NaN,NaN,-Inf,0,NaN,0,Inf,0,NaN,NaN,NaN,-Inf,NaN,NaN,Inf
174,3,UMi,4,8,NaN,NaN,None,Outage,NaN,NaN,-Inf,0,NaN,0,Inf,0,NaN,NaN,NaN,-Inf,NaN,NaN,Inf
174,4,UMi,4,8,NaN,NaN,None,Outage,NaN,NaN,-Inf,0,NaN,0,Inf,0,NaN,NaN,NaN,-Inf,NaN,NaN,Inf
174,5,UMi,4,8,NaN,NaN,None,Outage,NaN,NaN,-Inf,0,NaN,0,Inf,0,NaN,NaN,NaN,-Inf,NaN,NaN,Inf
174,6,UMi,4,8,NaN,NaN,None,Outage,NaN,NaN,-Inf,0,NaN,0,Inf,0,NaN,NaN,NaN,-Inf,NaN,NaN,Inf
174,7,UMi,4,8,NaN,NaN,None,Outage,NaN,NaN,-Inf,0,NaN,0,Inf,0,NaN,NaN,NaN,-Inf,NaN,NaN,Inf
174,8,UMi,4,8,NaN,NaN,None,Outage,NaN,NaN,-Inf,0,NaN,0,Inf,0,NaN,NaN,NaN,-Inf,NaN,NaN,Inf
175,1,UMi,4,7,NaN,NaN,None,Outage,NaN,NaN,-Inf,0,NaN,0,Inf,0,NaN,NaN,NaN,-Inf,NaN,NaN,Inf
175,2,UMi,4,7,NaN,NaN,None,Outage,NaN,NaN,-Inf,0,NaN,0,Inf,0,NaN,NaN,NaN,-Inf,NaN,NaN,Inf
175,3,UMi,4,7,NaN,NaN,None,Outage,NaN,NaN,-Inf,0,NaN,0,Inf,0,NaN,NaN,NaN,-Inf,NaN,NaN,Inf
175,4,UMi,4,7,NaN,NaN,None,Outage,NaN,NaN,-Inf,0,NaN,0,Inf,0,NaN,NaN,NaN,-Inf,NaN,NaN,Inf
175,5,UMi,4,7,NaN,NaN,None,Outage,NaN,NaN,-Inf,0,NaN,0,Inf,0,NaN,NaN,NaN,-Inf,NaN,NaN,Inf
175,6,UMi,4,7,NaN,NaN,None,Outage,NaN,NaN,-Inf,0,NaN,0,Inf,0,NaN,NaN,NaN,-Inf,NaN,NaN,Inf
175,7,UMi,4,7,NaN,NaN,None,Outage,NaN,NaN,-Inf,0,NaN,0,Inf,0,NaN,NaN,NaN,-Inf,NaN,NaN,Inf
176,1,UMi,4,10,NaN,NaN,None,Outage,NaN,NaN,-Inf,0,NaN,0,Inf,0,NaN,NaN,NaN,-Inf,NaN,NaN,Inf
176,2,UMi,4,10,NaN,NaN,None,Outage,NaN,NaN,-Inf,0,NaN,0,Inf,0,NaN,NaN,NaN,-Inf,NaN,NaN,Inf
176,3,UMi,4,10,NaN,NaN,None,Outage,NaN,NaN,-Inf,0,NaN,0,Inf,0,NaN,NaN,NaN,-Inf,NaN,NaN,Inf
176,4,UMi,4,10,NaN,NaN,None,Outage,NaN,NaN,-Inf,0,NaN,0,Inf,0,NaN,NaN,NaN,-Inf,NaN,NaN,Inf
176,5,UMi,4,10,NaN,NaN,None,Outage,NaN,NaN,-Inf,0,NaN,0,Inf,0,NaN,NaN,NaN,-Inf,NaN,NaN,Inf
176,6,UMi,4,10,NaN,NaN,None,Outage,NaN,NaN,-Inf,0,NaN,0,Inf,0,NaN,NaN,NaN,-Inf,NaN,NaN,Inf
176,7,UMi,4,10,NaN,NaN,None,Outage,NaN,NaN,-Inf,0,NaN,0,Inf,0,NaN,NaN,NaN,-Inf,NaN,NaN,Inf
176,8,UMi,4,10,NaN,NaN,None,Outage,NaN,NaN,-Inf,0,NaN,0,Inf,0,NaN,NaN,NaN,-Inf,NaN,NaN,Inf
176,9,UMi,4,10,NaN,NaN,None,Outage,NaN,NaN,-Inf,0,NaN,0,Inf,0,NaN,NaN,NaN,-Inf,NaN,NaN,Inf
176,10,UMi,4,10,NaN,NaN,None,Outage,NaN,NaN,-Inf,0,NaN,0,Inf,0,NaN,NaN,NaN,-Inf,NaN,NaN,Inf
177,1,UMi,1,10,NaN,NaN,None,Outage,NaN,NaN,-Inf,0,NaN,0,Inf,0,NaN,NaN,NaN,-Inf,NaN,NaN,Inf
177,2,UMi,1,10,NaN,NaN,None,Outage,NaN,NaN,-Inf,0,NaN,0,Inf,0,NaN,NaN,NaN,-Inf,NaN,NaN,Inf
177,3,UMi,1,10,NaN,NaN,None,Outage,NaN,NaN,-Inf,0,NaN,0,Inf,0,NaN,NaN,NaN,-Inf,NaN,NaN,Inf
177,4,UMi,1,10,NaN,NaN,None,Outage,NaN,NaN,-Inf,0,NaN,0,Inf,0,NaN,NaN,NaN,-Inf,NaN,NaN,Inf
177,5,UMi,1,10,NaN,NaN,None,Outage,NaN,NaN,-Inf,0,NaN,0,Inf,0,NaN,NaN,NaN,-Inf,NaN,NaN,Inf
177,6,UMi,1,10,NaN,NaN,None,Outage,NaN,NaN,-Inf,0,NaN,0,Inf,0,NaN,NaN,NaN,-Inf,NaN,NaN,Inf
177,7,UMi,1,10,NaN,NaN,None,Outage,NaN,NaN,-Inf,0,NaN,0,Inf,0,NaN,NaN,NaN,-Inf,NaN,NaN,Inf
177,8,UMi,1,10,NaN,NaN,None,Outage,NaN,NaN,-Inf,0,NaN,0,Inf,0,NaN,NaN,NaN,-Inf,NaN,NaN,Inf
177,9,UMi,1,10,NaN,NaN,None,Outage,NaN,NaN,-Inf,0,NaN,0,Inf,0,NaN,NaN,NaN,-Inf,NaN,NaN,Inf
177,10,UMi,1,10,NaN,NaN,None,Outage,NaN,NaN,-Inf,0,NaN,0,Inf,0,NaN,NaN,NaN,-Inf,NaN,NaN,Inf
178,1,UMa,4,5,NaN,NaN,None,Outage,NaN,NaN,-Inf,0,NaN,0,Inf,0,NaN,NaN,NaN,-Inf,NaN,NaN,Inf
178,2,UMa,4,5,NaN,NaN,None,Outage,NaN,NaN,-Inf,0,NaN,0,Inf,0,NaN,NaN,NaN,-Inf,NaN,NaN,Inf
178,3,UMa,4,5,NaN,NaN,None,Outage,NaN,NaN,-Inf,0,NaN,0,Inf,0,NaN,NaN,NaN,-Inf,NaN,NaN,Inf
178,4,UMa,4,5,NaN,NaN,None,Outage,NaN,NaN,-Inf,0,NaN,0,Inf,0,NaN,NaN,NaN,-Inf,NaN,NaN,Inf
178,5,UMa,4,5,NaN,NaN,None,Outage,NaN,NaN,-Inf,0,NaN,0,Inf,0,NaN,NaN,NaN,-Inf,NaN,NaN,Inf
179,1,UMa,2,8,NaN,NaN,None,Outage,NaN,NaN,-Inf,0,NaN,0,Inf,0,NaN,NaN,NaN,-Inf,NaN,NaN,Inf
179,2,UMa,2,8,NaN,NaN,None,Outage,NaN,NaN,-Inf,0,NaN,0,Inf,0,NaN,NaN,NaN,-Inf,NaN,NaN,Inf
179,3,UMa,2,8,NaN,NaN,None,Outage,NaN,NaN,-Inf,0,NaN,0,Inf,0,NaN,NaN,NaN,-Inf,NaN,NaN,Inf
179,4,UMa,2,8,NaN,NaN,None,Outage,NaN,NaN,-Inf,0,NaN,0,Inf,0,NaN,NaN,NaN,-Inf,NaN,NaN,Inf
179,5,UMa,2,8,NaN,NaN,None,Outage,NaN,NaN,-Inf,0,NaN,0,Inf,0,NaN,NaN,NaN,-Inf,NaN,NaN,Inf
179,6,UMa,2,8,NaN,NaN,None,Outage,NaN,NaN,-Inf,0,NaN,0,Inf,0,NaN,NaN,NaN,-Inf,NaN,NaN,Inf
179,7,UMa,2,8,NaN,NaN,None,Outage,NaN,NaN,-Inf,0,NaN,0,Inf,0,NaN,NaN,NaN,-Inf,NaN,NaN,Inf
179,8,UMa,2,8,NaN,NaN,None,Outage,NaN,NaN,-Inf,0,NaN,0,Inf,0,NaN,NaN,NaN,-Inf,NaN,NaN,Inf
180,1,UMi,2,6,NaN,NaN,None,Outage,NaN,NaN,-Inf,0,NaN,0,Inf,0,NaN,NaN,NaN,-Inf,NaN,NaN,Inf
180,2,UMi,2,6,NaN,NaN,None,Outage,NaN,NaN,-Inf,0,NaN,0,Inf,0,NaN,NaN,NaN,-Inf,NaN,NaN,Inf
180,3,UMi,2,6,NaN,NaN,None,Outage,NaN,NaN,-Inf,0,NaN,0,Inf,0,NaN,NaN,NaN,-Inf,NaN,NaN,Inf
180,4,UMi,2,6,NaN,NaN,None,Outage,NaN,NaN,-Inf,0,NaN,0,Inf,0,NaN,NaN,NaN,-Inf,NaN,NaN,Inf
180,5,UMi,2,6,NaN,NaN,None,Outage,NaN,NaN,-Inf,0,NaN,0,Inf,0,NaN,NaN,NaN,-Inf,NaN,NaN,Inf
180,6,UMi,2,6,NaN,NaN,None,Outage,NaN,NaN,-Inf,0,NaN,0,Inf,0,NaN,NaN,NaN,-Inf,NaN,NaN,Inf
181,1,UMi,1,5,NaN,NaN,None,Outage,NaN,NaN,-Inf,0,NaN,0,Inf,0,NaN,NaN,NaN,-Inf,NaN,NaN,Inf
181,2,UMi,1,5,NaN,NaN,None,Outage,NaN,NaN,-Inf,0,NaN,0,Inf,0,NaN,NaN,NaN,-Inf,NaN,NaN,Inf
181,3,UMi,1,5,NaN,NaN,None,Outage,NaN,NaN,-Inf,0,NaN,0,Inf,0,NaN,NaN,NaN,-Inf,NaN,NaN,Inf
181,4,UMi,1,5,NaN,NaN,None,Outage,NaN,NaN,-Inf,0,NaN,0,Inf,0,NaN,NaN,NaN,-Inf,NaN,NaN,Inf
181,5,UMi,1,5,NaN,NaN,None,Outage,NaN,NaN,-Inf,0,NaN,0,Inf,0,NaN,NaN,NaN,-Inf,NaN,NaN,Inf
182,1,UMi,2,3,NaN,NaN,None,Outage,NaN,NaN,-Inf,0,NaN,0,Inf,0,NaN,NaN,NaN,-Inf,NaN,NaN,Inf
182,2,UMi,2,3,NaN,NaN,None,Outage,NaN,NaN,-Inf,0,NaN,0,Inf,0,NaN,NaN,NaN,-Inf,NaN,NaN,Inf
182,3,UMi,2,3,NaN,NaN,None,Outage,NaN,NaN,-Inf,0,NaN,0,Inf,0,NaN,NaN,NaN,-Inf,NaN,NaN,Inf
183,1,UMa,2,10,NaN,NaN,None,Outage,NaN,NaN,-Inf,0,NaN,0,Inf,0,NaN,NaN,NaN,-Inf,NaN,NaN,Inf
183,2,UMa,2,10,NaN,NaN,None,Outage,NaN,NaN,-Inf,0,NaN,0,Inf,0,NaN,NaN,NaN,-Inf,NaN,NaN,Inf
183,3,UMa,2,10,NaN,NaN,None,Outage,NaN,NaN,-Inf,0,NaN,0,Inf,0,NaN,NaN,NaN,-Inf,NaN,NaN,Inf
183,4,UMa,2,10,NaN,NaN,None,Outage,NaN,NaN,-Inf,0,NaN,0,Inf,0,NaN,NaN,NaN,-Inf,NaN,NaN,Inf
183,5,UMa,2,10,NaN,NaN,None,Outage,NaN,NaN,-Inf,0,NaN,0,Inf,0,NaN,NaN,NaN,-Inf,NaN,NaN,Inf
183,6,UMa,2,10,NaN,NaN,None,Outage,NaN,NaN,-Inf,0,NaN,0,Inf,0,NaN,NaN,NaN,-Inf,NaN,NaN,Inf
183,7,UMa,2,10,NaN,NaN,None,Outage,NaN,NaN,-Inf,0,NaN,0,Inf,0,NaN,NaN,NaN,-Inf,NaN,NaN,Inf
183,8,UMa,2,10,NaN,NaN,None,Outage,NaN,NaN,-Inf,0,NaN,0,Inf,0,NaN,NaN,NaN,-Inf,NaN,NaN,Inf
183,9,UMa,2,10,NaN,NaN,None,Outage,NaN,NaN,-Inf,0,NaN,0,Inf,0,NaN,NaN,NaN,-Inf,NaN,NaN,Inf
183,10,UMa,2,10,NaN,NaN,None,Outage,NaN,NaN,-Inf,0,NaN,0,Inf,0,NaN,NaN,NaN,-Inf,NaN,NaN,Inf
184,1,UMi,2,4,NaN,NaN,None,Outage,NaN,NaN,-Inf,0,NaN,0,Inf,0,NaN,NaN,NaN,-Inf,NaN,NaN,Inf
184,2,UMi,2,4,NaN,NaN,None,Outage,NaN,NaN,-Inf,0,NaN,0,Inf,0,NaN,NaN,NaN,-Inf,NaN,NaN,Inf
184,3,UMi,2,4,NaN,NaN,None,Outage,NaN,NaN,-Inf,0,NaN,0,Inf,0,NaN,NaN,NaN,-Inf,NaN,NaN,Inf
184,4,UMi,2,4,NaN,NaN,None,Outage,NaN,NaN,-Inf,0,NaN,0,Inf,0,NaN,NaN,NaN,-Inf,NaN,NaN,Inf
185,1,UMi,3,5,NaN,NaN,None,Outage,NaN,NaN,-Inf,0,NaN,0,Inf,0,NaN,NaN,NaN,-Inf,NaN,NaN,Inf
185,2,UMi,3,5,NaN,NaN,None,Outage,NaN,NaN,-Inf,0,NaN,0,Inf,0,NaN,NaN,NaN,-Inf,NaN,NaN,Inf
185,3,UMi,3,5,NaN,NaN,None,Outage,NaN,NaN,-Inf,0,NaN,0,Inf,0,NaN,NaN,NaN,-Inf,NaN,NaN,Inf
185,4,UMi,3,5,NaN,NaN,None,Outage,NaN,NaN,-Inf,0,NaN,0,Inf,0,NaN,NaN,NaN,-Inf,NaN,NaN,Inf
185,5,UMi,3,5,NaN,NaN,None,Outage,NaN,NaN,-Inf,0,NaN,0,Inf,0,NaN,NaN,NaN,-Inf,NaN,NaN,Inf
186,1,UMa,4,4,NaN,NaN,None,Outage,NaN,NaN,-Inf,0,NaN,0,Inf,0,NaN,NaN,NaN,-Inf,NaN,NaN,Inf
186,2,UMa,4,4,NaN,NaN,None,Outage,NaN,NaN,-Inf,0,NaN,0,Inf,0,NaN,NaN,NaN,-Inf,NaN,NaN,Inf
186,3,UMa,4,4,NaN,NaN,None,Outage,NaN,NaN,-Inf,0,NaN,0,Inf,0,NaN,NaN,NaN,-Inf,NaN,NaN,Inf
186,4,UMa,4,4,NaN,NaN,None,Outage,NaN,NaN,-Inf,0,NaN,0,Inf,0,NaN,NaN,NaN,-Inf,NaN,NaN,Inf
187,1,UMi,1,8,NaN,NaN,None,Outage,NaN,NaN,-Inf,0,NaN,0,Inf,0,NaN,NaN,NaN,-Inf,NaN,NaN,Inf
187,2,UMi,1,8,NaN,NaN,None,Outage,NaN,NaN,-Inf,0,NaN,0,Inf,0,NaN,NaN,NaN,-Inf,NaN,NaN,Inf
187,3,UMi,1,8,NaN,NaN,None,Outage,NaN,NaN,-Inf,0,NaN,0,Inf,0,NaN,NaN,NaN,-Inf,NaN,NaN,Inf
187,4,UMi,1,8,NaN,NaN,None,Outage,NaN,NaN,-Inf,0,NaN,0,Inf,0,NaN,NaN,NaN,-Inf,NaN,NaN,Inf
187,5,UMi,1,8,NaN,NaN,None,Outage,NaN,NaN,-Inf,0,NaN,0,Inf,0,NaN,NaN,NaN,-Inf,NaN,NaN,Inf
187,6,UMi,1,8,NaN,NaN,None,Outage,NaN,NaN,-Inf,0,NaN,0,Inf,0,NaN,NaN,NaN,-Inf,NaN,NaN,Inf
187,7,UMi,1,8,NaN,NaN,None,Outage,NaN,NaN,-Inf,0,NaN,0,Inf,0,NaN,NaN,NaN,-Inf,NaN,NaN,Inf
187,8,UMi,1,8,NaN,NaN,None,Outage,NaN,NaN,-Inf,0,NaN,0,Inf,0,NaN,NaN,NaN,-Inf,NaN,NaN,Inf
188,1,UMi,4,10,NaN,NaN,None,Outage,NaN,NaN,-Inf,0,NaN,0,Inf,0,NaN,NaN,NaN,-Inf,NaN,NaN,Inf
188,2,UMi,4,10,NaN,NaN,None,Outage,NaN,NaN,-Inf,0,NaN,0,Inf,0,NaN,NaN,NaN,-Inf,NaN,NaN,Inf
188,3,UMi,4,10,NaN,NaN,None,Outage,NaN,NaN,-Inf,0,NaN,0,Inf,0,NaN,NaN,NaN,-Inf,NaN,NaN,Inf
188,4,UMi,4,10,NaN,NaN,None,Outage,NaN,NaN,-Inf,0,NaN,0,Inf,0,NaN,NaN,NaN,-Inf,NaN,NaN,Inf
188,5,UMi,4,10,NaN,NaN,None,Outage,NaN,NaN,-Inf,0,NaN,0,Inf,0,NaN,NaN,NaN,-Inf,NaN,NaN,Inf
188,6,UMi,4,10,NaN,NaN,None,Outage,NaN,NaN,-Inf,0,NaN,0,Inf,0,NaN,NaN,NaN,-Inf,NaN,NaN,Inf
188,7,UMi,4,10,NaN,NaN,None,Outage,NaN,NaN,-Inf,0,NaN,0,Inf,0,NaN,NaN,NaN,-Inf,NaN,NaN,Inf
188,8,UMi,4,10,NaN,NaN,None,Outage,NaN,NaN,-Inf,0,NaN,0,Inf,0,NaN,NaN,NaN,-Inf,NaN,NaN,Inf
188,9,UMi,4,10,NaN,NaN,None,Outage,NaN,NaN,-Inf,0,NaN,0,Inf,0,NaN,NaN,NaN,-Inf,NaN,NaN,Inf
188,10,UMi,4,10,NaN,NaN,None,Outage,NaN,NaN,-Inf,0,NaN,0,Inf,0,NaN,NaN,NaN,-Inf,NaN,NaN,Inf
189,1,UMa,1,4,NaN,NaN,None,Outage,NaN,NaN,-Inf,0,NaN,0,Inf,0,NaN,NaN,NaN,-Inf,NaN,NaN,Inf
189,2,UMa,1,4,NaN,NaN,None,Outage,NaN,NaN,-Inf,0,NaN,0,Inf,0,NaN,NaN,NaN,-Inf,NaN,NaN,Inf
189,3,UMa,1,4,NaN,NaN,None,Outage,NaN,NaN,-Inf,0,NaN,0,Inf,0,NaN,NaN,NaN,-Inf,NaN,NaN,Inf
189,4,UMa,1,4,NaN,NaN,None,Outage,NaN,NaN,-Inf,0,NaN,0,Inf,0,NaN,NaN,NaN,-Inf,NaN,NaN,Inf
190,1,UMi,4,7,NaN,NaN,None,Outage,NaN,NaN,-Inf,0,NaN,0,Inf,0,NaN,NaN,NaN,-Inf,NaN,NaN,Inf
190,2,UMi,4,7,NaN,NaN,None,Outage,NaN,NaN,-Inf,0,NaN,0,Inf,0,NaN,NaN,NaN,-Inf,NaN,NaN,Inf
190,3,UMi,4,7,NaN,NaN,None,Outage,NaN,NaN,-Inf,0,NaN,0,Inf,0,NaN,NaN,NaN,-Inf,NaN,NaN,Inf
190,4,UMi,4,7,NaN,NaN,None,Outage,NaN,NaN,-Inf,0,NaN,0,Inf,0,NaN,NaN,NaN,-Inf,NaN,NaN,Inf
190,5,UMi,4,7,NaN,NaN,None,Outage,NaN,NaN,-Inf,0,NaN,0,Inf,0,NaN,NaN,NaN,-Inf,NaN,NaN,Inf
190,6,UMi,4,7,NaN,NaN,None,Outage,NaN,NaN,-Inf,0,NaN,0,Inf,0,NaN,NaN,NaN,-Inf,NaN,NaN,Inf
190,7,UMi,4,7,NaN,NaN,None,Outage,NaN,NaN,-Inf,0,NaN,0,Inf,0,NaN,NaN,NaN,-Inf,NaN,NaN,Inf
191,1,UMa,4,8,NaN,NaN,None,Outage,NaN,NaN,-Inf,0,NaN,0,Inf,0,NaN,NaN,NaN,-Inf,NaN,NaN,Inf
191,2,UMa,4,8,NaN,NaN,None,Outage,NaN,NaN,-Inf,0,NaN,0,Inf,0,NaN,NaN,NaN,-Inf,NaN,NaN,Inf
191,3,UMa,4,8,NaN,NaN,None,Outage,NaN,NaN,-Inf,0,NaN,0,Inf,0,NaN,NaN,NaN,-Inf,NaN,NaN,Inf
191,4,UMa,4,8,NaN,NaN,None,Outage,NaN,NaN,-Inf,0,NaN,0,Inf,0,NaN,NaN,NaN,-Inf,NaN,NaN,Inf
191,5,UMa,4,8,NaN,NaN,None,Outage,NaN,NaN,-Inf,0,NaN,0,Inf,0,NaN,NaN,NaN,-Inf,NaN,NaN,Inf
191,6,UMa,4,8,NaN,NaN,None,Outage,NaN,NaN,-Inf,0,NaN,0,Inf,0,NaN,NaN,NaN,-Inf,NaN,NaN,Inf
191,7,UMa,4,8,NaN,NaN,None,Outage,NaN,NaN,-Inf,0,NaN,0,Inf,0,NaN,NaN,NaN,-Inf,NaN,NaN,Inf
191,8,UMa,4,8,NaN,NaN,None,Outage,NaN,NaN,-Inf,0,NaN,0,Inf,0,NaN,NaN,NaN,-Inf,NaN,NaN,Inf
192,1,UMi,3,3,NaN,NaN,None,Outage,NaN,NaN,-Inf,0,NaN,0,Inf,0,NaN,NaN,NaN,-Inf,NaN,NaN,Inf
192,2,UMi,3,3,NaN,NaN,None,Outage,NaN,NaN,-Inf,0,NaN,0,Inf,0,NaN,NaN,NaN,-Inf,NaN,NaN,Inf
192,3,UMi,3,3,NaN,NaN,None,Outage,NaN,NaN,-Inf,0,NaN,0,Inf,0,NaN,NaN,NaN,-Inf,NaN,NaN,Inf
193,1,UMa,3,9,NaN,NaN,None,Outage,NaN,NaN,-Inf,0,NaN,0,Inf,0,NaN,NaN,NaN,-Inf,NaN,NaN,Inf
193,2,UMa,3,9,NaN,NaN,None,Outage,NaN,NaN,-Inf,0,NaN,0,Inf,0,NaN,NaN,NaN,-Inf,NaN,NaN,Inf
193,3,UMa,3,9,NaN,NaN,None,Outage,NaN,NaN,-Inf,0,NaN,0,Inf,0,NaN,NaN,NaN,-Inf,NaN,NaN,Inf
193,4,UMa,3,9,NaN,NaN,None,Outage,NaN,NaN,-Inf,0,NaN,0,Inf,0,NaN,NaN,NaN,-Inf,NaN,NaN,Inf
193,5,UMa,3,9,NaN,NaN,None,Outage,NaN,NaN,-Inf,0,NaN,0,Inf,0,NaN,NaN,NaN,-Inf,NaN,NaN,Inf
193,6,UMa,3,9,NaN,NaN,None,Outage,NaN,NaN,-Inf,0,NaN,0,Inf,0,NaN,NaN,NaN,-Inf,NaN,NaN,Inf
193,7,UMa,3,9,NaN,NaN,None,Outage,NaN,NaN,-Inf,0,NaN,0,Inf,0,NaN,NaN,NaN,-Inf,NaN,NaN,Inf
193,8,UMa,3,9,NaN,NaN,None,Outage,NaN,NaN,-Inf,0,NaN,0,Inf,0,NaN,NaN,NaN,-Inf,NaN,NaN,Inf
193,9,UMa,3,9,NaN,NaN,None,Outage,NaN,NaN,-Inf,0,NaN,0,Inf,0,NaN,NaN,NaN,-Inf,NaN,NaN,Inf
194,1,UMi,3,8,NaN,NaN,None,Outage,NaN,NaN,-Inf,0,NaN,0,Inf,0,NaN,NaN,NaN,-Inf,NaN,NaN,Inf
194,2,UMi,3,8,NaN,NaN,None,Outage,NaN,NaN,-Inf,0,NaN,0,Inf,0,NaN,NaN,NaN,-Inf,NaN,NaN,Inf
194,3,UMi,3,8,NaN,NaN,None,Outage,NaN,NaN,-Inf,0,NaN,0,Inf,0,NaN,NaN,NaN,-Inf,NaN,NaN,Inf
194,4,UMi,3,8,NaN,NaN,None,Outage,NaN,NaN,-Inf,0,NaN,0,Inf,0,NaN,NaN,NaN,-Inf,NaN,NaN,Inf
194,5,UMi,3,8,NaN,NaN,None,Outage,NaN,NaN,-Inf,0,NaN,0,Inf,0,NaN,NaN,NaN,-Inf,NaN,NaN,Inf
194,6,UMi,3,8,NaN,NaN,None,Outage,NaN,NaN,-Inf,0,NaN,0,Inf,0,NaN,NaN,NaN,-Inf,NaN,NaN,Inf
194,7,UMi,3,8,NaN,NaN,None,Outage,NaN,NaN,-Inf,0,NaN,0,Inf,0,NaN,NaN,NaN,-Inf,NaN,NaN,Inf
194,8,UMi,3,8,NaN,NaN,None,Outage,NaN,NaN,-Inf,0,NaN,0,Inf,0,NaN,NaN,NaN,-Inf,NaN,NaN,Inf
195,1,UMi,1,9,NaN,NaN,None,Outage,NaN,NaN,-Inf,0,NaN,0,Inf,0,NaN,NaN,NaN,-Inf,NaN,NaN,Inf
195,2,UMi,1,9,NaN,NaN,None,Outage,NaN,NaN,-Inf,0,NaN,0,Inf,0,NaN,NaN,NaN,-Inf,NaN,NaN,Inf
195,3,UMi,1,9,NaN,NaN,None,Outage,NaN,NaN,-Inf,0,NaN,0,Inf,0,NaN,NaN,NaN,-Inf,NaN,NaN,Inf
195,4,UMi,1,9,NaN,NaN,None,Outage,NaN,NaN,-Inf,0,NaN,0,Inf,0,NaN,NaN,NaN,-Inf,NaN,NaN,Inf
195,5,UMi,1,9,NaN,NaN,None,Outage,NaN,NaN,-Inf,0,NaN,0,Inf,0,NaN,NaN,NaN,-Inf,NaN,NaN,Inf
195,6,UMi,1,9,NaN,NaN,None,Outage,NaN,NaN,-Inf,0,NaN,0,Inf,0,NaN,NaN,NaN,-Inf,NaN,NaN,Inf
195,7,UMi,1,9,NaN,NaN,None,Outage,NaN,NaN,-Inf,0,NaN,0,Inf,0,NaN,NaN,NaN,-Inf,NaN,NaN,Inf
195,8,UMi,1,9,NaN,NaN,None,Outage,NaN,NaN,-Inf,0,NaN,0,Inf,0,NaN,NaN,NaN,-Inf,NaN,NaN,Inf
195,9,UMi,1,9,NaN,NaN,None,Outage,NaN,NaN,-Inf,0,NaN,0,Inf,0,NaN,NaN,NaN,-Inf,NaN,NaN,Inf
196,1,UMa,1,4,NaN,NaN,None,Outage,NaN,NaN,-Inf,0,NaN,0,Inf,0,NaN,NaN,NaN,-Inf,NaN,NaN,Inf
196,2,UMa,1,4,NaN,NaN,None,Outage,NaN,NaN,-Inf,0,NaN,0,Inf,0,NaN,NaN,NaN,-Inf,NaN,NaN,Inf
196,3,UMa,1,4,NaN,NaN,None,Outage,NaN,NaN,-Inf,0,NaN,0,Inf,0,NaN,NaN,NaN,-Inf,NaN,NaN,Inf
196,4,UMa,1,4,NaN,NaN,None,Outage,NaN,NaN,-Inf,0,NaN,0,Inf,0,NaN,NaN,NaN,-Inf,NaN,NaN,Inf
197,1,UMa,2,3,NaN,NaN,None,Outage,NaN,NaN,-Inf,0,NaN,0,Inf,0,NaN,NaN,NaN,-Inf,NaN,NaN,Inf
197,2,UMa,2,3,NaN,NaN,None,Outage,NaN,NaN,-Inf,0,NaN,0,Inf,0,NaN,NaN,NaN,-Inf,NaN,NaN,Inf
197,3,UMa,2,3,NaN,NaN,None,Outage,NaN,NaN,-Inf,0,NaN,0,Inf,0,NaN,NaN,NaN,-Inf,NaN,NaN,Inf
198,1,UMa,2,8,NaN,NaN,None,Outage,NaN,NaN,-Inf,0,NaN,0,Inf,0,NaN,NaN,NaN,-Inf,NaN,NaN,Inf
198,2,UMa,2,8,NaN,NaN,None,Outage,NaN,NaN,-Inf,0,NaN,0,Inf,0,NaN,NaN,NaN,-Inf,NaN,NaN,Inf
198,3,UMa,2,8,NaN,NaN,None,Outage,NaN,NaN,-Inf,0,NaN,0,Inf,0,NaN,NaN,NaN,-Inf,NaN,NaN,Inf
198,4,UMa,2,8,NaN,NaN,None,Outage,NaN,NaN,-Inf,0,NaN,0,Inf,0,NaN,NaN,NaN,-Inf,NaN,NaN,Inf
198,5,UMa,2,8,NaN,NaN,None,Outage,NaN,NaN,-Inf,0,NaN,0,Inf,0,NaN,NaN,NaN,-Inf,NaN,NaN,Inf
198,6,UMa,2,8,NaN,NaN,None,Outage,NaN,NaN,-Inf,0,NaN,0,Inf,0,NaN,NaN,NaN,-Inf,NaN,NaN,Inf
198,7,UMa,2,8,NaN,NaN,None,Outage,NaN,NaN,-Inf,0,NaN,0,Inf,0,NaN,NaN,NaN,-Inf,NaN,NaN,Inf
198,8,UMa,2,8,NaN,NaN,None,Outage,NaN,NaN,-Inf,0,NaN,0,Inf,0,NaN,NaN,NaN,-Inf,NaN,NaN,Inf
199,1,UMa,4,4,NaN,NaN,None,Outage,NaN,NaN,-Inf,0,NaN,0,Inf,0,NaN,NaN,NaN,-Inf,NaN,NaN,Inf
199,2,UMa,4,4,NaN,NaN,None,Outage,NaN,NaN,-Inf,0,NaN,0,Inf,0,NaN,NaN,NaN,-Inf,NaN,NaN,Inf
199,3,UMa,4,4,NaN,NaN,None,Outage,NaN,NaN,-Inf,0,NaN,0,Inf,0,NaN,NaN,NaN,-Inf,NaN,NaN,Inf
199,4,UMa,4,4,NaN,NaN,None,Outage,NaN,NaN,-Inf,0,NaN,0,Inf,0,NaN,NaN,NaN,-Inf,NaN,NaN,Inf
200,1,UMa,2,3,NaN,NaN,None,Outage,NaN,NaN,-Inf,0,NaN,0,Inf,0,NaN,NaN,NaN,-Inf,NaN,NaN,Inf
200,2,UMa,2,3,NaN,NaN,None,Outage,NaN,NaN,-Inf,0,NaN,0,Inf,0,NaN,NaN,NaN,-Inf,NaN,NaN,Inf
200,3,UMa,2,3,NaN,NaN,None,Outage,NaN,NaN,-Inf,0,NaN,0,Inf,0,NaN,NaN,NaN,-Inf,NaN,NaN,Inf
