Step,Time_s,UserID,ServingNode,ServingType,Distance_m,PathLoss_dB,SNR_dB,Capacity_Mbps,NodePower_W,EnergyPerBit_uJ,SatElevation_deg,CandSat_SNR_dB,CandSat_PathLoss_dB,CandBS_SNR_dB,ServiceState,Throughput_Mbps,LinkState,Interruption_ms
1,0,1,BS2,Terrestrial,295.272687326099,93.1813973038825,66.1550631216934,33.994764,893.334270320412,8.75952808811392,-4.36747097016584,-Inf,Inf,66.1550631216934,Served,33.994764,Stable,0
1,0,2,BS2,Terrestrial,144.900842099444,110.387747013105,48.9487134124704,33.994764,893.334270320412,8.75952808811392,-4.37075367088268,-Inf,Inf,48.9487134124704,Served,33.994764,Stable,0
1,0,3,BS1,Terrestrial,158.603762337124,105.334972542014,54.0014878835623,50.992146,893.334270320412,8.75952808811392,-4.36531712757471,-Inf,Inf,54.0014878835623,Served,50.992146,Stable,0
1,0,4,BS2,Terrestrial,1289.96390375941,158.400751539554,0.935708886021956,7.1222915383519,893.334270320412,41.8093093358139,-4.37865930011216,-Inf,Inf,0.935708886021956,Served,7.1222915383519,Stable,0
1,0,5,BS1,Terrestrial,2496.53115061175,140.889366839954,18.4470935856215,50.992146,893.334270320412,8.75952808811392,-4.38560531607194,-Inf,Inf,18.4470935856215,Served,50.992146,Stable,0
1,0,6,None,Outage,4576.26928829528,169.787310693034,-10.4508502674581,NaN,NaN,Inf,-4.33763934041786,-Inf,Inf,-10.4508502674581,Outage,0,Outage,0
2,2,1,BS2,Terrestrial,295.272687326099,91.010015787627,68.3264446379489,33.994764,893.334270320412,8.75952808811392,-4.26478519930717,-Inf,Inf,68.3264446379489,Served,33.994764,Stable,0
2,2,2,BS2,Terrestrial,144.900842099444,109.372231330573,49.9642290950029,33.994764,893.334270320412,8.75952808811392,-4.26807878540355,-Inf,Inf,49.9642290950029,Served,33.994764,Stable,0
2,2,3,BS1,Terrestrial,158.603762337124,107.521410577875,51.8150498477011,50.992146,893.334270320412,8.75952808811392,-4.26262425078405,-Inf,Inf,51.8150498477011,Served,50.992146,Stable,0
2,2,4,BS2,Terrestrial,1289.96390375941,146.461144383769,12.8753160418067,26.6198207227832,893.334270320412,11.1863296604377,-4.27601093575391,-Inf,Inf,12.8753160418067,Served,26.6198207227832,Stable,0
2,2,5,BS1,Terrestrial,2496.53115061175,142.504936081095,16.8315243444811,50.992146,893.334270320412,8.75952808811392,-4.28297949495983,-Inf,Inf,16.8315243444811,Served,50.992146,Stable,0
2,2,6,None,Outage,4576.26928829528,171.902359284096,-12.5658988585201,NaN,NaN,Inf,-4.23485593824908,-Inf,Inf,-12.5658988585201,Outage,0,Outage,0
3,4,1,BS2,Terrestrial,295.272687326099,89.9898684157464,69.3465920098294,33.994764,893.334270320412,8.75952808811392,-4.16175789184998,-Inf,Inf,69.3465920098294,Served,33.994764,Stable,0
3,4,2,BS2,Terrestrial,144.900842099444,116.038818724036,43.2976417015401,33.994764,893.334270320412,8.75952808811392,-4.16506249481711,-Inf,Inf,43.2976417015401,Served,33.994764,Stable,0
3,4,3,BS1,Terrestrial,158.603762337124,104.141911093779,55.1945493317972,50.992146,893.334270320412,8.75952808811392,-4.15958975148187,-Inf,Inf,55.1945493317972,Served,50.992146,Stable,0
3,4,4,BS2,Terrestrial,1289.96390375941,151.768406982622,7.56805344295435,16.8103620607729,893.334270320412,17.7139605340013,-4.17302148602204,-Inf,Inf,7.56805344295435,Served,16.8103620607729,Stable,0
3,4,5,BS1,Terrestrial,2496.53115061175,144.222417767744,15.1140426578323,46.4925249741126,893.334270320412,9.60728924507572,-4.18001286147815,-Inf,Inf,15.1140426578323,Served,46.4925249741126,Stable,0
3,4,6,None,Outage,4576.26928829528,169.251398123982,-9.91493769840613,NaN,NaN,Inf,-4.13172981695763,-Inf,Inf,-9.91493769840613,Outage,0,Outage,0
4,6,1,BS2,Terrestrial,295.272687326099,91.5182042452866,67.8182561802893,33.994764,893.334270320412,8.75952808811392,-4.05838492236411,-Inf,Inf,67.8182561802893,Served,33.994764,Stable,0
4,6,2,BS2,Terrestrial,144.900842099444,120.711212741532,38.6252476840442,33.994764,893.334270320412,8.75952808811392,-4.06170067579161,-Inf,Inf,38.6252476840442,Served,33.994764,Stable,0
4,6,3,BS1,Terrestrial,158.603762337124,104.232759515128,55.1037009104476,50.992146,893.334270320412,8.75952808811392,-4.05620950286741,-Inf,Inf,55.1037009104476,Served,50.992146,Stable,0
4,6,4,BS2,Terrestrial,1289.96390375941,147.165605137512,12.1708552880636,25.2635752484591,893.334270320412,11.7868546782572,-4.06968683269129,-Inf,Inf,12.1708552880636,Served,25.2635752484591,Stable,0
4,6,5,BS1,Terrestrial,2496.53115061175,143.484711440023,15.8517489855525,48.6802115093185,893.334270320412,9.17553809466715,-4.07670130174893,-Inf,Inf,15.8517489855525,Served,48.6802115093185,Stable,0
4,6,6,None,Outage,4576.26928829528,167.441981162426,-8.10552073685056,NaN,NaN,Inf,-4.02825683225447,-Inf,Inf,-8.10552073685056,Outage,0,Outage,0
5,8,1,BS2,Terrestrial,295.272687326099,89.9595500979851,69.3769103275908,20.3968584,893.334270320412,8.75952808811392,-3.95466209953496,-Inf,Inf,69.3769103275908,Served,20.3968584,Stable,0
5,8,2,BS2,Terrestrial,144.900842099444,113.26708447607,46.0693759495057,20.3968584,893.334270320412,8.75952808811392,-3.95798913915234,-Inf,Inf,46.0693759495057,Served,20.3968584,Stable,0
5,8,3,BS1,Terrestrial,158.603762337124,100.23279488127,59.1036655443055,101.984292,893.334270320412,8.75952808811392,-3.95247931222839,-Inf,Inf,59.1036655443055,Served,101.984292,Stable,0
5,8,4,BS2,Terrestrial,1289.96390375941,149.127760463786,10.20869996179,12.9349634078932,893.334270320412,13.8127065713272,-3.96600279179457,-Inf,Inf,10.20869996179,Served,12.9349634078932,Stable,0
5,8,5,BS2,Terrestrial,2067.2298489109,156.697791570778,2.63866885479766,5.52211912545442,893.334270320412,32.3547627287703,-3.973040636238,-Inf,Inf,2.63866885479766,Served,5.52204296950599,InTransition,0.0275821461647431
5,8,6,BS2,Terrestrial,4576.26928829528,157.471139123962,1.86532130161368,4.93090218719567,893.334270320412,36.2341103678828,-3.92443277359383,-Inf,Inf,1.86532130161368,BelowTarget,4.93090218719567,Stable,0
6,10,1,BS2,Terrestrial,295.272687326099,90.395247232201,68.9412131933749,33.994764,893.334270320412,8.75952808811392,-3.85058516485966,-Inf,Inf,68.9412131933749,Served,33.994764,Stable,0
6,10,2,BS2,Terrestrial,144.900842099444,114.214324984968,45.1221354406078,33.994764,893.334270320412,8.75952808811392,-3.85392362857878,-Inf,Inf,45.1221354406078,Served,33.994764,Stable,0
6,10,3,BS1,Terrestrial,158.603762337124,121.43037747123,37.9060829543462,50.992146,893.334270320412,8.75952808811392,-3.84839491963658,-Inf,Inf,37.9060829543462,Served,50.992146,Stable,0
6,10,4,BS2,Terrestrial,1289.96390375941,154.242711018036,5.09374940753952,12.7363016499201,893.334270320412,23.3802636190446,-3.86196511232252,-Inf,Inf,5.09374940753952,Served,12.7363016499201,Stable,0
6,10,5,BS1,Terrestrial,2496.53115061175,159.636110319354,-0.299649893778195,8.7309838687862,893.334270320412,51.1588547033134,-3.86902661845661,-Inf,Inf,-0.299649893778195,Served,8.73083845369904,InTransition,0.0333101261755124
6,10,6,None,Outage,4576.26928829528,177.431917105296,-18.0954566797204,NaN,NaN,Inf,-3.82025336286064,-Inf,Inf,-18.0954566797204,Outage,0,Outage,0
7,12,1,BS2,Terrestrial,295.272687326099,90.5205943836653,68.8158660419106,33.994764,893.334270320412,8.75952808811392,-3.7461497913127,-Inf,Inf,68.8158660419106,Served,33.994764,Stable,0
7,12,2,BS2,Terrestrial,144.900842099444,112.548897701826,46.7875627237499,33.994764,893.334270320412,8.75952808811392,-3.74949981927129,-Inf,Inf,46.7875627237499,Served,33.994764,Stable,0
7,12,3,BS1,Terrestrial,158.603762337124,111.587049797017,47.7494106285592,50.992146,893.334270320412,8.75952808811392,-3.74395199661273,-Inf,Inf,47.7494106285592,Served,50.992146,Stable,0
7,12,4,BS2,Terrestrial,1289.96390375941,159.815167903804,-0.478707478228216,5.64679163131423,893.334270320412,52.7340319156596,-3.7575694748926,-Inf,Inf,-0.478707478228216,Served,5.64679163131423,Stable,0
7,12,5,BS1,Terrestrial,2496.53115061175,151.417682411715,7.91877801386065,26.1311180909439,893.334270320412,17.0933036085817,-3.7646549336325,-Inf,Inf,7.91877801386065,Served,26.1311180909439,Stable,0
7,12,6,None,Outage,4576.26928829528,171.339310113054,-12.0028496874786,NaN,NaN,Inf,-3.71571425302725,-Inf,Inf,-12.0028496874786,Outage,0,Outage,0
8,14,1,BS2,Terrestrial,295.272687326099,95.4665662656953,63.8698941598806,25.496073,893.334270320412,8.75952808811392,-3.64135158197942,-Inf,Inf,63.8698941598806,Served,25.496073,Stable,0
8,14,2,BS2,Terrestrial,144.900842099444,118.028920617688,41.3075398078877,25.496073,893.334270320412,8.75952808811392,-3.6447133165855,-Inf,Inf,41.3075398078877,Served,25.496073,Stable,0
8,14,3,BS1,Terrestrial,158.603762337124,102.043181413753,57.2932790118224,50.992146,893.334270320412,8.75952808811392,-3.63914614475936,-Inf,Inf,57.2932790118224,Served,50.992146,Stable,0
8,14,4,BS2,Terrestrial,1289.96390375941,145.37897989127,13.957480534306,21.5428847320243,893.334270320412,10.3669295156237,-3.652811490386,-Inf,Inf,13.957480534306,Served,21.5428847320243,Stable,0
8,14,5,BS1,Terrestrial,2496.53115061175,155.59834808863,3.73811233694576,16.070140960616,893.334270320412,27.7948486111527,-3.65992119734902,-Inf,Inf,3.73811233694576,Served,16.070140960616,Stable,0
8,14,6,BS2,Terrestrial,4576.26928829528,166.307270076042,-6.97080965046644,1.21213719987263,893.334270320412,184.247763044951,-3.61081102677762,-Inf,Inf,-6.97080965046644,BelowTarget,1.21213719987263,Stable,0
9,16,1,BS2,Terrestrial,295.272687326099,94.3105521418741,65.0259082837018,33.994764,893.334270320412,8.75952808811392,-3.53618606865795,-Inf,Inf,65.0259082837018,Served,33.994764,Stable,0
9,16,2,BS2,Terrestrial,144.900842099444,125.380798092334,33.955662333242,33.994764,893.334270320412,8.75952808811392,-3.53955965463542,-Inf,Inf,33.955662333242,Served,33.994764,Stable,0
9,16,3,BS1,Terrestrial,158.603762337124,103.892380235698,55.444080189878,50.992146,893.334270320412,8.75952808811392,-3.53397289436207,-Inf,Inf,55.444080189878,Served,50.992146,Stable,0
9,16,4,BS2,Terrestrial,1289.96390375941,161.728825604167,-2.39236517859163,4.01889167608871,893.334270320412,74.0945798261996,-3.54768669855338,-Inf,Inf,-2.39236517859163,BelowTarget,4.01889167608871,Stable,0
9,16,5,BS1,Terrestrial,2496.53115061175,143.508776973523,15.8276834520532,48.6086871030824,893.334270320412,9.18903928042693,-3.55482095415298,-Inf,Inf,15.8276834520532,Served,48.6086871030824,Stable,0
9,16,6,None,Outage,4185.25875071361,171.318711999168,-11.9822515735922,NaN,NaN,Inf,-3.50553919509984,-Inf,Inf,-11.9822515735922,Outage,0,Outage,0
10,18,1,BS2,Terrestrial,295.272687326099,90.8750798137198,68.461380611856,25.496073,893.334270320412,8.75952808811392,-3.43064871042724,-Inf,Inf,68.461380611856,Served,25.496073,Stable,0
10,18,2,BS2,Terrestrial,144.900842099444,104.9639005524,54.3725598731759,25.496073,893.334270320412,8.75952808811392,-3.43403429486255,-Inf,Inf,54.3725598731759,Served,25.496073,Stable,0
10,18,3,BS1,Terrestrial,158.603762337124,104.449771383535,54.8866890420404,50.992146,893.334270320412,8.75952808811392,-3.42842770295687,-Inf,Inf,54.8866890420404,Served,50.992146,Stable,0
10,18,4,BS2,Terrestrial,1289.96390375941,150.483403466679,8.85305695889662,14.3094711747149,893.334270320412,15.6073949102143,-3.44219056658654,-Inf,Inf,8.85305695889662,Served,14.3094711747149,Stable,0
10,18,5,BS1,Terrestrial,2496.53115061175,147.755929571729,11.5805308538465,36.2049779777871,893.334270320412,12.3371746126803,-3.44934967612859,-Inf,Inf,11.5805308538465,Served,36.2049779777871,Stable,0
10,18,6,BS2,Terrestrial,4576.26928829528,162.172908479567,-2.83644805399129,2.77452322546142,893.334270320412,80.4943946875635,-3.39989419584449,-Inf,Inf,-2.83644805399129,BelowTarget,2.77452322546142,Stable,0
11,20,1,BS2,Terrestrial,295.272687326099,89.3837510540079,69.9527093715679,33.994764,893.334270320412,8.75952808811392,-3.3247348921811,-Inf,Inf,69.9527093715679,Served,33.994764,Stable,0
11,20,2,BS2,Terrestrial,144.900842099444,121.896415468376,37.4400449571997,33.994764,893.334270320412,8.75952808811392,-3.32813262457096,-Inf,Inf,37.4400449571997,Served,33.994764,Stable,0
11,20,3,BS1,Terrestrial,158.603762337124,104.741329423054,54.5951310025215,50.992146,893.334270320412,8.75952808811392,-3.32250595386342,-Inf,Inf,54.5951310025215,Served,50.992146,Stable,0
11,20,4,BS2,Terrestrial,1289.96390375941,146.19571100249,13.1407494230862,27.1337391350946,893.334270320412,10.974458353278,-3.33631848765632,-Inf,Inf,13.1407494230862,Served,27.1337391350946,Stable,0
11,20,5,BS1,Terrestrial,2496.53115061175,148.909360665172,10.4270997604037,32.9467839886931,893.334270320412,13.5572302083717,-3.3435027614376,-Inf,Inf,10.4270997604037,Served,32.9467839886931,Stable,0
11,20,6,None,Outage,4185.25875071361,176.529928110907,-17.1934676853312,NaN,NaN,Inf,-3.29387139224855,-Inf,Inf,-17.1934676853312,Outage,0,Outage,0
12,22,1,BS2,Terrestrial,295.272687326099,89.6281260495893,69.7083343759866,33.994764,893.334270320412,8.75952808811392,-3.21843992312761,-Inf,Inf,69.7083343759866,Served,33.994764,Stable,0
12,22,2,BS2,Terrestrial,144.900842099444,124.806256344612,34.5302040809639,33.994764,893.334270320412,8.75952808811392,-3.2218499554279,-Inf,Inf,34.5302040809639,Served,33.994764,Stable,0
12,22,3,BS1,Terrestrial,158.603762337124,103.614302503688,55.722157921888,50.992146,893.334270320412,8.75952808811392,-3.21620295468376,-Inf,Inf,55.722157921888,Served,50.992146,Stable,0
12,22,4,BS2,Terrestrial,1289.96390375941,153.6024509463,5.7340094792763,13.7472011960079,893.334270320412,21.6609974540327,-3.23006577941594,-Inf,Inf,5.7340094792763,Served,13.7472011960079,Stable,0
12,22,5,BS1,Terrestrial,2496.53115061175,145.066789588187,14.2696708373886,44.002252046095,893.334270320412,10.1510062415055,-3.23727553282507,-Inf,Inf,14.2696708373886,Served,44.002252046095,Stable,0
12,22,6,None,Outage,4576.26928829528,172.699731865759,-13.3632714401828,NaN,NaN,Inf,-3.18746607142472,-Inf,Inf,-13.3632714401828,Outage,0,Outage,0
13,24,1,BS2,Terrestrial,295.272687326099,91.0876873047473,68.2487731208285,25.496073,893.334270320412,8.75952808811392,-3.11175903525182,-Inf,Inf,68.2487731208285,Served,25.496073,Stable,0
13,24,2,BS2,Terrestrial,144.900842099444,107.863755803835,51.4727046217406,25.496073,893.334270320412,8.75952808811392,-3.11518152192771,-Inf,Inf,51.4727046217406,Served,25.496073,Stable,0
13,24,3,BS1,Terrestrial,158.603762337124,105.488592119161,53.8478683064147,50.992146,893.334270320412,8.75952808811392,-3.10951393576421,-Inf,Inf,53.8478683064147,Served,50.992146,Stable,0
13,24,4,BS2,Terrestrial,1289.96390375941,144.232746970543,15.1037134550333,23.2309840644929,893.334270320412,9.61360771287578,-3.1234276824678,-Inf,Inf,15.1037134550333,Served,23.2309840644929,Stable,0
13,24,5,BS1,Terrestrial,2496.53115061175,154.698809668338,4.63765075723754,18.0557048083184,893.334270320412,24.7382829915575,-3.13066323608853,-Inf,Inf,4.63765075723754,Served,18.0557048083184,Stable,0
13,24,6,BS2,Terrestrial,4576.26928829528,154.999435130428,4.33702529514832,8.68978256963399,893.334270320412,25.7007083653084,-3.08067344281343,-Inf,Inf,4.33702529514832,Served,8.68978256963399,Stable,0
14,26,1,BS2,Terrestrial,295.272687326099,88.8426296285005,70.4938307970754,25.496073,893.334270320412,8.75952808811392,-3.00468738174158,-Inf,Inf,70.4938307970754,Served,25.496073,Stable,0
14,26,2,BS2,Terrestrial,144.900842099444,114.483054981982,44.8534054435934,25.496073,893.334270320412,8.75952808811392,-3.00812247981874,-Inf,Inf,44.8534054435934,Served,25.496073,Stable,0
14,26,3,BS1,Terrestrial,158.603762337124,99.420456141974,59.9160042836019,50.992146,893.334270320412,8.75952808811392,-3.00243404862042,-Inf,Inf,59.9160042836019,Served,50.992146,Stable,0
14,26,4,BS2,Terrestrial,1289.96390375941,153.626590443315,5.70986998226101,10.2813686082714,893.334270320412,21.7221632731299,-3.01639935879342,-Inf,Inf,5.70986998226101,Served,10.2813686082714,Stable,0
14,26,5,BS1,Terrestrial,2496.53115061175,149.765326218715,9.57113420686136,30.5741202783182,893.334270320412,14.609320925481,-3.02366103851044,-Inf,Inf,9.57113420686136,Served,30.5741202783182,Stable,0
14,26,6,BS2,Terrestrial,4576.26928829528,166.014449935278,-6.67798950970263,1.28894905585716,893.334270320412,173.267955444201,-2.9734886365979,-Inf,Inf,-6.67798950970263,BelowTarget,1.28894905585716,Stable,0
15,28,1,BS2,Terrestrial,295.272687326099,90.4507092798625,68.8857511457134,25.496073,893.334270320412,8.75952808811392,-2.8972200353754,-Inf,Inf,68.8857511457134,Served,25.496073,Stable,0
15,28,2,BS2,Terrestrial,144.900842099444,117.188509989316,42.1479504362602,25.496073,893.334270320412,8.75952808811392,-2.90066790449262,-Inf,Inf,42.1479504362602,Served,25.496073,Stable,0
15,28,3,BS1,Terrestrial,158.603762337124,99.4274271771609,59.909033248415,50.992146,893.334270320412,8.75952808811392,-2.89495836432442,-Inf,Inf,59.909033248415,Served,50.992146,Stable,0
15,28,4,BS2,Terrestrial,1289.96390375941,162.08191577834,-2.7454553527644,2.82234099045794,893.334270320412,79.1306111965818,-2.90897589014564,-Inf,Inf,-2.7454553527644,BelowTarget,2.82234099045794,Stable,0
15,28,5,BS1,Terrestrial,2496.53115061175,143.086942732796,16.2495176927797,49.8638229746902,893.334270320412,8.95773946949324,-2.91626402725293,-Inf,Inf,16.2495176927797,Served,49.8638229746902,Stable,0
15,28,6,BS2,Terrestrial,4576.26928829528,165.958997007352,-6.62253658177659,1.30398312954838,893.334270320412,171.270289100636,-2.86590670208085,-Inf,Inf,-6.62253658177659,BelowTarget,1.30398312954838,Stable,0
16,30,1,BS2,Terrestrial,295.272687326099,91.7033574950368,67.633102930539,33.994764,893.334270320412,8.75952808811392,-2.78935198687129,-Inf,Inf,67.633102930539,Served,33.994764,Stable,0
16,30,2,BS2,Terrestrial,144.900842099444,117.277927297894,42.0585331276816,33.994764,893.334270320412,8.75952808811392,-2.79281278933424,-Inf,Inf,42.0585331276816,Served,33.994764,Stable,0
16,30,3,BS1,Terrestrial,158.603762337124,100.46855848088,58.8679019446962,50.992146,893.334270320412,8.75952808811392,-2.78708187185261,-Inf,Inf,58.8679019446962,Served,50.992146,Stable,0
16,30,4,BS2,Terrestrial,1289.96390375941,148.973000776304,10.3634596492714,21.8459654278347,893.334270320412,13.6308047859215,-2.80115227640179,-Inf,Inf,10.3634596492714,Served,21.8459654278347,Stable,0
16,30,5,BS1,Terrestrial,2496.53115061175,148.144184521531,11.1922759040453,35.1012170919448,893.334270320412,12.7251181630027,-2.80846720771362,-Inf,Inf,11.1922759040453,Served,35.1012170919448,Stable,0
16,30,6,None,Outage,4576.26928829528,169.37181803098,-10.0353576054037,NaN,NaN,Inf,-2.75792260602187,-Inf,Inf,-10.0353576054037,Outage,0,Outage,0
17,32,1,BS2,Terrestrial,295.272687326099,90.1769979438121,69.1594624817638,25.496073,893.334270320412,8.75952808811392,-2.68107814319493,-Inf,Inf,69.1594624817638,Served,25.496073,Stable,0
17,32,2,BS2,Terrestrial,144.900842099444,120.747161562356,38.5892988632195,25.496073,893.334270320412,8.75952808811392,-2.6845520440313,-Inf,Inf,38.5892988632195,Served,25.496073,Stable,0
17,32,3,BS1,Terrestrial,158.603762337124,105.048204335021,54.2882560905549,50.992146,893.334270320412,8.75952808811392,-2.6787994763931,-Inf,Inf,54.2882560905549,Served,50.992146,Stable,0
17,32,4,BS2,Terrestrial,1289.96390375941,146.729779339308,12.6066810862683,19.575952933956,893.334270320412,11.4085668439013,-2.69292343387648,-Inf,Inf,12.6066810862683,Served,19.575952933956,Stable,0
17,32,5,BS1,Terrestrial,2496.53115061175,150.797207079144,8.53925334643222,27.7758398264559,893.334270320412,16.0811387864775,-2.7002655018411,-Inf,Inf,8.53925334643222,Served,27.7758398264559,Stable,0
17,32,6,BS2,Terrestrial,4576.26928829528,162.250830725008,-2.91437029943233,2.7340944718644,893.334270320412,81.6846564295236,-2.64953123093385,-Inf,Inf,-2.91437029943233,BelowTarget,2.7340944718644,Stable,0
18,34,1,BS2,Terrestrial,295.272687326099,90.2936862067299,69.042774218846,33.994764,893.334270320412,8.75952808811392,-2.57239332582651,-Inf,Inf,69.042774218846,Served,33.994764,Stable,0
18,34,2,BS2,Terrestrial,144.900842099444,117.533368985724,41.8030914398516,33.994764,893.334270320412,8.75952808811392,-2.57588049284251,-Inf,Inf,41.8030914398516,Served,33.994764,Stable,0
18,34,3,BS1,Terrestrial,158.603762337124,100.519629382253,58.816831043323,50.992146,893.334270320412,8.75952808811392,-2.57010599761165,-Inf,Inf,58.816831043323,Served,50.992146,Stable,0
18,34,4,BS2,Terrestrial,1289.96390375941,147.503062101788,11.8333983237878,24.6182263444343,893.334270320412,12.0958385035779,-2.58428419359303,-Inf,Inf,11.8333983237878,Served,24.6182263444343,Stable,0
18,34,5,BS1,Terrestrial,2496.53115061175,149.917954676753,9.41850574882238,30.1556826542051,893.334270320412,14.8120385892813,-2.59165374640913,-Inf,Inf,9.41850574882238,Served,30.1556826542051,Stable,0
18,34,6,None,Outage,4576.26928829528,170.270878939361,-10.9344185137855,NaN,NaN,Inf,-2.54072737333766,-Inf,Inf,-10.9344185137855,Outage,0,Outage,0
19,36,1,BS2,Terrestrial,295.272687326099,91.7403551882316,67.5961052373443,33.994764,893.334270320412,8.75952808811392,-2.4632922689857,-Inf,Inf,67.5961052373443,Served,33.994764,Stable,0
19,36,2,BS2,Terrestrial,144.900842099444,114.570353140297,44.7661072852789,33.994764,893.334270320412,8.75952808811392,-2.4667928728239,-Inf,Inf,44.7661072852789,Served,33.994764,Stable,0
19,36,3,BS1,Terrestrial,158.603762337124,102.940659820685,56.3958006048905,50.992146,893.334270320412,8.75952808811392,-2.46099616787572,-Inf,Inf,56.3958006048905,Served,50.992146,Stable,0
19,36,4,BS2,Terrestrial,1289.96390375941,152.740502691134,6.59595773444141,15.1580408013002,893.334270320412,19.6448930313779,-2.47522929951322,-Inf,Inf,6.59595773444141,Served,15.1580408013002,Stable,0
19,36,5,BS1,Terrestrial,2496.53115061175,151.412570836155,7.92388958942124,26.1445398982343,893.334270320412,17.0845284292179,-2.48262669124926,-Inf,Inf,7.92388958942124,Served,26.1445398982343,Stable,0
19,36,6,None,Outage,4576.26928829528,167.669028699777,-8.33256827420115,NaN,NaN,Inf,-2.43150574197473,-Inf,Inf,-8.33256827420115,Outage,0,Outage,0
20,38,1,BS2,Terrestrial,295.272687326099,88.5859194795678,70.750540946008,25.496073,893.334270320412,8.75952808811392,-2.35376961781174,-Inf,Inf,70.750540946008,Served,25.496073,Stable,0
20,38,2,BS2,Terrestrial,144.900842099444,118.50978412149,40.8266763040854,25.496073,893.334270320412,8.75952808811392,-2.35728383201041,-Inf,Inf,40.8266763040854,Served,25.496073,Stable,0
20,38,3,BS1,Terrestrial,158.603762337124,96.1602186657759,63.1762417598,50.992146,893.334270320412,8.75952808811392,-2.35146463043367,-Inf,Inf,63.1762417598,Served,50.992146,Stable,0
20,38,4,BS2,Terrestrial,1289.96390375941,152.9766468808,6.35981354477599,11.0746082855243,893.334270320412,20.1662724154338,-2.36575340672237,-Inf,Inf,6.35981354477599,Served,11.0746082855243,Stable,0
20,38,5,BS1,Terrestrial,2496.53115061175,147.564510652687,11.7719497728888,36.7515570840536,893.334270320412,12.1536928119438,-2.37317899743883,-Inf,Inf,11.7719497728888,Served,36.7515570840536,Stable,0
20,38,6,BS2,Terrestrial,4576.26928829528,164.29189904828,-4.95543862270455,1.83590593607855,893.334270320412,121.647609058413,-2.32186095597435,-Inf,Inf,-4.95543862270455,BelowTarget,1.83590593607855,Stable,0
21,40,1,BS2,Terrestrial,295.272687326099,92.3581434455267,66.9783169800491,33.994764,893.334270320412,8.75952808811392,-2.24381992649952,-Inf,Inf,66.9783169800491,Served,33.994764,Stable,0
21,40,2,BS2,Terrestrial,144.900842099444,109.350625620304,49.9858348052715,33.994764,893.334270320412,8.75952808811392,-2.24734792755334,-Inf,Inf,49.9858348052715,Served,33.994764,Stable,0
21,40,3,BS1,Terrestrial,158.603762337124,109.69391199376,49.6425484318163,50.992146,893.334270320412,8.75952808811392,-2.24150593754981,-Inf,Inf,49.6425484318163,Served,50.992146,Stable,0
21,40,4,BS2,Terrestrial,1289.96390375941,160.021919864799,-0.685459439223621,5.4506886907853,893.334270320412,54.6312781741168,-2.25585107957039,-Inf,Inf,-0.685459439223621,BelowTarget,5.4506886907853,Stable,0
21,40,5,BS1,Terrestrial,2496.53115061175,143.482733954166,15.8537264714103,48.6860891792613,893.334270320412,9.17443036994789,-2.26330523544509,-Inf,Inf,15.8537264714103,Served,48.6860891792613,Stable,0
21,40,6,None,Outage,4185.25875071361,171.747779137037,-12.4113187114612,NaN,NaN,Inf,-2.21178754297649,-Inf,Inf,-12.4113187114612,Outage,0,Outage,0
22,42,1,BS2,Terrestrial,295.272687326099,92.5453826700263,66.7910777555496,33.994764,893.334270320412,8.75952808811392,-2.13343765638884,-Inf,Inf,66.7910777555496,Served,33.994764,Stable,0
22,42,2,BS2,Terrestrial,144.900842099444,119.253227309101,40.083233116475,33.994764,893.334270320412,8.75952808811392,-2.13697962381126,-Inf,Inf,40.083233116475,Served,33.994764,Stable,0
22,42,3,BS1,Terrestrial,158.603762337124,94.2836263284608,65.0528340971151,50.992146,893.334270320412,8.75952808811392,-2.1311145485928,-Inf,Inf,65.0528340971151,Served,50.992146,Stable,0
22,42,4,BS2,Terrestrial,1289.96390375941,150.312170565512,9.02428986006427,19.3879968795305,893.334270320412,15.3588889020914,-2.14551678976634,-Inf,Inf,9.02428986006427,Served,19.3879968795305,Stable,0
22,42,5,BS1,Terrestrial,2496.53115061175,142.593731492218,16.7427289333577,50.992146,893.334270320412,8.75952808811392,-2.15299988322277,-Inf,Inf,16.7427289333577,Served,50.992146,Stable,0
22,42,6,None,Outage,4576.26928829528,167.234390033639,-7.89792960806318,NaN,NaN,Inf,-2.10127993720768,-Inf,Inf,-7.89792960806318,Outage,0,Outage,0
23,44,1,BS2,Terrestrial,295.272687326099,89.8949674840999,69.441492941476,25.496073,893.334270320412,8.75952808811392,-2.02261717400633,-Inf,Inf,69.441492941476,Served,25.496073,Stable,0
23,44,2,BS2,Terrestrial,144.900842099444,121.522999274497,37.8134611510793,25.496073,893.334270320412,8.75952808811392,-2.02617329039335,-Inf,Inf,37.8134611510793,Served,25.496073,Stable,0
23,44,3,BS1,Terrestrial,158.603762337124,117.966789227577,41.3696711979992,50.992146,893.334270320412,8.75952808811392,-2.0202848280764,-Inf,Inf,41.3696711979992,Served,50.992146,Stable,0
23,44,4,BS2,Terrestrial,1289.96390375941,150.241020536424,9.09543988915206,14.6375017976408,893.334270320412,15.2576287038337,-2.03474491442564,-Inf,Inf,9.09543988915206,Served,14.6375017976408,Stable,0
23,44,5,BS1,Terrestrial,2496.53115061175,146.718557273953,12.6179031516232,39.1843499942078,893.334270320412,11.3991207006428,-2.04225732426457,-Inf,Inf,12.6179031516232,Served,39.1843499942078,Stable,0
23,44,6,BS2,Terrestrial,4576.26928829528,162.939985481796,-3.60352505621995,2.3969813595234,893.334270320412,93.1728428728829,-1.99033247750889,-Inf,Inf,-3.60352505621995,BelowTarget,2.3969813595234,Stable,0
24,46,1,BS2,Terrestrial,295.272687326099,88.3641449683792,70.9723154571967,50.992146,893.334270320412,8.75952808811392,-1.91135274905806,-Inf,Inf,70.9723154571967,Served,50.992146,Stable,0
24,46,2,BS2,Terrestrial,144.900842099444,117.041964774779,42.294495650797,50.992146,893.334270320412,8.75952808811392,-1.9149232001537,-Inf,Inf,42.294495650797,Served,50.992146,Stable,0
24,46,3,BS1,Terrestrial,158.603762337124,99.9006651701694,59.4357952554064,33.994764,893.334270320412,8.75952808811392,-1.90901104365113,-Inf,Inf,59.4357952554064,Served,33.994764,Stable,0
24,46,4,BS1,Terrestrial,1684.50527938871,156.828938651642,2.50752177393417,9.03184406076102,893.334270320412,32.9697997555677,-1.9235297340682,-Inf,Inf,2.50752177393417,Served,9.03174256261724,InTransition,0.0224756191750323
24,46,5,BS1,Terrestrial,2496.53115061175,149.53632370253,9.80013672304565,20.8031166602735,893.334270320412,14.3141095139582,-1.93107184560257,-Inf,Inf,9.80013672304565,Served,20.8031166602735,Stable,0
24,46,6,None,Outage,4576.26928829528,173.442174126856,-14.1057137012797,NaN,NaN,Inf,-1.87893940531385,-Inf,Inf,-14.1057137012797,Outage,0,Outage,0
25,48,1,BS2,Terrestrial,295.272687326099,92.6240514177409,66.712409007835,33.994764,893.334270320412,8.75952808811392,-1.79963855237231,-Inf,Inf,66.712409007835,Served,33.994764,Stable,0
25,48,2,BS2,Terrestrial,144.900842099444,113.336020181726,46.00044024385,33.994764,893.334270320412,8.75952808811392,-1.80322352713569,-Inf,Inf,46.00044024385,Served,33.994764,Stable,0
25,48,3,BS1,Terrestrial,158.603762337124,103.207077966828,56.1293824587479,50.992146,893.334270320412,8.75952808811392,-1.79728736404598,-Inf,Inf,56.1293824587479,Served,50.992146,Stable,0
25,48,4,BS2,Terrestrial,1289.96390375941,151.376097305062,7.9603631205139,17.4935829845828,893.334270320412,17.022132651112,-1.81186543056691,-Inf,Inf,7.9603631205139,Served,17.4934324398309,InTransition,0.0172114256958314
25,48,5,BS1,Terrestrial,2496.53115061175,150.831862775969,8.50459764960684,27.6831790378192,893.334270320412,16.134965371932,-1.81943763576003,-Inf,Inf,8.50459764960684,Served,27.6831790378192,Stable,0
25,48,6,None,Outage,4576.26928829528,167.897841474574,-8.5613810489985,NaN,NaN,Inf,-1.7670948625771,-Inf,Inf,-8.5613810489985,Outage,0,Outage,0
26,50,1,BS2,Terrestrial,295.272687326099,91.9369981639462,67.3994622616297,33.994764,893.334270320412,8.75952808811392,-1.68746865379003,-Inf,Inf,67.3994622616297,Served,33.994764,Stable,0
26,50,2,BS2,Terrestrial,144.900842099444,111.380163268936,47.95629715664,33.994764,893.334270320412,8.75952808811392,-1.69106834446412,-Inf,Inf,47.95629715664,Served,33.994764,Stable,0
26,50,3,BS1,Terrestrial,158.603762337124,100.468947795872,58.8675126297037,33.994764,893.334270320412,8.75952808811392,-1.68510785695769,-Inf,Inf,58.8675126297037,Served,33.994764,Stable,0
26,50,4,BS1,Terrestrial,1684.50527938871,159.621901291703,-0.285440866126692,5.83461324639769,893.334270320412,51.0364744896594,-1.69974608504385,-Inf,Inf,-0.285440866126692,Served,5.83454767812501,InTransition,0.0224756191750323
26,50,5,BS1,Terrestrial,2496.53115061175,145.132947819156,14.2035126064197,29.205220195715,893.334270320412,10.1960570100579,-1.70734878265117,-Inf,Inf,14.2035126064197,Served,29.205220195715,Stable,0
26,50,6,BS2,Terrestrial,4576.26928829528,164.456098259839,-5.11963783426299,2.36819683374038,893.334270320412,125.740430805528,-1.65479288964929,-Inf,Inf,-5.11963783426299,BelowTarget,2.36819683374038,Stable,0
27,52,1,BS2,Terrestrial,295.272687326099,86.5115085686312,72.8249518569447,25.496073,893.334270320412,8.75952808811392,-1.57483702000213,-Inf,Inf,72.8249518569447,Served,25.496073,Stable,0
27,52,2,BS2,Terrestrial,144.900842099444,117.790707326932,41.5457530986437,25.496073,893.334270320412,8.75952808811392,-1.57845162218433,-Inf,Inf,41.5457530986437,Served,25.496073,Stable,0
27,52,3,BS1,Terrestrial,158.603762337124,101.412896794587,57.9235636309893,50.992146,893.334270320412,8.75952808811392,-1.57246648688697,-Inf,Inf,57.9235636309893,Served,50.992146,Stable,0
27,52,4,BS2,Terrestrial,1289.96390375941,147.276323223118,12.0601372024582,18.7886344379046,893.334270320412,11.8866311608865,-1.58716567571367,-Inf,Inf,12.0601372024582,Served,18.7884727483119,InTransition,0.0172114256958314
27,52,5,BS1,Terrestrial,2496.53115061175,147.761436067755,11.5750243578207,36.1892775308623,893.334270320412,12.3425270034553,-1.59479927142807,-Inf,Inf,11.5750243578207,Served,36.1892775308623,Stable,0
27,52,6,BS2,Terrestrial,4576.26928829528,161.430533233896,-2.09407280831982,3.18412709125616,893.334270320412,70.1396524634311,-1.54202742309886,-Inf,Inf,-2.09407280831982,BelowTarget,3.18412709125616,Stable,0
28,54,1,BS2,Terrestrial,295.272687326099,90.4420082499789,68.894452175597,33.994764,893.334270320412,8.75952808811392,-1.46173751233193,-Inf,Inf,68.894452175597,Served,33.994764,Stable,0
28,54,2,BS2,Terrestrial,144.900842099444,110.784027032154,48.5524333934221,33.994764,893.334270320412,8.75952808811392,-1.46536722504635,-Inf,Inf,48.5524333934221,Served,33.994764,Stable,0
28,54,3,BS1,Terrestrial,158.603762337124,112.241153196438,47.0953072291382,50.992146,893.334270320412,8.75952808811392,-1.45935711291978,-Inf,Inf,47.0953072291382,Served,50.992146,Stable,0
28,54,4,BS2,Terrestrial,1289.96390375941,156.926868335906,2.40959208967013,8.90485014212114,893.334270320412,33.4399889222474,-1.47411807567217,-Inf,Inf,2.40959208967013,Served,8.90485014212114,Stable,0
28,54,5,BS1,Terrestrial,2496.53115061175,142.202225290365,17.1342351352108,50.992146,893.334270320412,8.75952808811392,-1.48178298227291,-Inf,Inf,17.1342351352108,Served,50.992146,Stable,0
28,54,6,None,Outage,4576.26928829528,171.267258257799,-11.9307978322227,NaN,NaN,Inf,-1.42879229347847,-Inf,Inf,-11.9307978322227,Outage,0,Outage,0
29,56,1,BS2,Terrestrial,295.272687326099,90.2019027187064,69.1345577068694,25.496073,893.334270320412,8.75952808811392,-1.3481638844612,-Inf,Inf,69.1345577068694,Served,25.496073,Stable,0
29,56,2,BS2,Terrestrial,144.900842099444,107.860218260627,51.4762421649491,25.496073,893.334270320412,8.75952808811392,-1.35180891023282,-Inf,Inf,51.4762421649491,Served,25.496073,Stable,0
29,56,3,BS1,Terrestrial,158.603762337124,100.008510452441,59.3279499731347,50.992146,893.334270320412,8.75952808811392,-1.34577348645208,-Inf,Inf,59.3279499731347,Served,50.992146,Stable,0
29,56,4,BS2,Terrestrial,1289.96390375941,154.697939960271,4.63852046530457,9.0288392993866,893.334270320412,24.735578979158,-1.36059705062869,-Inf,Inf,4.63852046530457,Served,9.0288392993866,Stable,0
29,56,5,BS1,Terrestrial,2496.53115061175,146.831043088893,12.5054173366831,38.859340548576,893.334270320412,11.4944599896607,-1.36829368813424,-Inf,Inf,12.5054173366831,Served,38.859340548576,Stable,0
29,56,6,BS2,Terrestrial,4576.26928829528,166.252181872448,-6.91572144687228,1.22626185868119,893.334270320412,182.12551095758,-1.31508122303446,-Inf,Inf,-6.91572144687228,BelowTarget,1.22626185868119,Stable,0
30,58,1,BS2,Terrestrial,295.272687326099,89.9782555003595,69.3582049252164,25.496073,893.334270320412,8.75952808811392,-1.23410978009791,-Inf,Inf,69.3582049252164,Served,25.496073,Stable,0
30,58,2,BS2,Terrestrial,144.900842099444,114.216108784714,45.1203516408614,25.496073,893.334270320412,8.75952808811392,-1.23777032502867,-Inf,Inf,45.1203516408614,Served,25.496073,Stable,0
30,58,3,BS1,Terrestrial,158.603762337124,97.5307669028565,61.8056935227194,50.992146,893.334270320412,8.75952808811392,-1.23170924885646,-Inf,Inf,61.8056935227194,Served,50.992146,Stable,0
30,58,4,BS2,Terrestrial,1289.96390375941,159.494426037784,-0.157965612208187,4.47066482150384,893.334270320412,49.9553369570162,-1.24659625658044,-Inf,Inf,-0.157965612208187,BelowTarget,4.47066482150384,Stable,0
30,58,5,BS1,Terrestrial,2496.53115061175,146.099391146639,13.2370692789373,40.980889363459,893.334270320412,10.8994007230717,-1.25432505240513,-Inf,Inf,13.2370692789373,Served,40.980889363459,Stable,0
30,58,6,BS2,Terrestrial,4576.26928829528,165.155081101383,-5.81862067580673,1.54040062981638,893.334270320412,144.984079633053,-1.20088782335766,-Inf,Inf,-5.81862067580673,BelowTarget,1.54040062981638,Stable,0
31,60,1,BS2,Terrestrial,295.272687326099,90.9653114482239,68.371148977352,33.994764,893.334270320412,8.75952808811392,-1.11956873058416,-Inf,Inf,68.371148977352,Served,33.994764,Stable,0
31,60,2,BS2,Terrestrial,144.900842099444,116.345622888257,42.9908375373185,33.994764,893.334270320412,8.75952808811392,-1.12324500443096,-Inf,Inf,42.9908375373185,Served,33.994764,Stable,0
31,60,3,BS1,Terrestrial,158.603762337124,99.2089204359927,60.1275399895831,50.992146,893.334270320412,8.75952808811392,-1.11715792908873,-Inf,Inf,60.1275399895831,Served,50.992146,Stable,0
31,60,4,BS2,Terrestrial,1289.96390375941,151.280648236941,8.05581218863512,17.6611278011704,893.334270320412,16.8606497534699,-1.13210923742718,-Inf,Inf,8.05581218863512,Served,17.6611278011704,Stable,0
31,60,5,BS1,Terrestrial,2496.53115061175,161.872329308675,-2.53586888309957,5.86998793616884,893.334270320412,76.0933651001218,-1.13987062654187,-Inf,Inf,-2.53586888309957,Served,5.86998793616884,Stable,0
31,60,6,None,Outage,4576.26928829528,167.417049507876,-8.08058908229989,NaN,NaN,Inf,-1.08620559297378,-Inf,Inf,-8.08058908229989,Outage,0,Outage,0
32,62,1,BS2,Terrestrial,295.272687326099,88.8446910022451,70.4917694233307,33.994764,893.334270320412,8.75952808811392,-1.00453415244256,-Inf,Inf,70.4917694233307,Served,33.994764,Stable,0
32,62,2,BS2,Terrestrial,144.900842099444,116.252514450667,43.083945974909,33.994764,893.334270320412,8.75952808811392,-1.00822636869732,-Inf,Inf,43.083945974909,Served,33.994764,Stable,0
32,62,3,BS1,Terrestrial,158.603762337124,105.895346427309,53.441113998267,50.992146,893.334270320412,8.75952808811392,-1.00211294123298,-Inf,Inf,53.441113998267,Served,50.992146,Stable,0
32,62,4,BS2,Terrestrial,1289.96390375941,150.606301170583,8.73015925499249,18.8585926518353,893.334270320412,15.790048367041,-1.01712942252448,-Inf,Inf,8.73015925499249,Served,18.8585926518353,Stable,0
32,62,5,BS1,Terrestrial,2496.53115061175,152.781276109637,6.55518431593882,22.6351442624863,893.334270320412,19.7333460737194,-1.02492384762142,-Inf,Inf,6.55518431593882,Served,22.6351442624863,Stable,0
32,62,6,None,Outage,4576.26928829528,169.935213273087,-10.5987528475115,NaN,NaN,Inf,-0.971027914871827,-Inf,Inf,-10.5987528475115,Outage,0,Outage,0
33,64,1,BS2,Terrestrial,295.272687326099,91.4850546597472,67.8514057658287,33.994764,893.334270320412,8.75952808811392,-0.888999344859128,-Inf,Inf,67.8514057658287,Served,33.994764,Stable,0
33,64,2,BS2,Terrestrial,144.900842099444,108.361275569229,50.9751848563464,33.994764,893.334270320412,8.75952808811392,-0.892707720830872,-Inf,Inf,50.9751848563464,Served,33.994764,Stable,0
33,64,3,BS1,Terrestrial,158.603762337124,119.05471035672,40.2817500688563,50.992146,893.334270320412,8.75952808811392,-0.886567581983149,-Inf,Inf,40.2817500688563,Served,50.992146,Stable,0
33,64,4,BS2,Terrestrial,1289.96390375941,147.553793199704,11.7826672258714,24.5214698641107,893.334270320412,12.1435660976681,-0.90165012417382,-Inf,Inf,11.7826672258714,Served,24.5214698641107,Stable,0
33,64,5,BS1,Terrestrial,2496.53115061175,141.393954315399,17.9425061101767,50.992146,893.334270320412,8.75952808811392,-0.909478035835694,-Inf,Inf,17.9425061101767,Served,50.992146,Stable,0
33,64,6,None,Outage,4576.26928829528,167.853470829863,-8.51701040428716,NaN,NaN,Inf,-0.855348053968341,-Inf,Inf,-8.51701040428716,Outage,0,Outage,0
34,66,1,BS2,Terrestrial,295.272687326099,87.478287858597,71.8581725669789,50.992146,893.334270320412,8.75952808811392,-0.77295748710091,-Inf,Inf,71.8581725669789,Served,50.992146,Stable,0
34,66,2,BS2,Terrestrial,144.900842099444,120.933762458352,38.402697967224,50.992146,893.334270320412,8.75952808811392,-0.776682244000023,-Inf,Inf,38.402697967224,Served,50.992146,Stable,0
34,66,3,BS1,Terrestrial,158.603762337124,108.55328426005,50.7831761655254,33.994764,893.334270320412,8.75952808811392,-0.770515028059232,-Inf,Inf,50.7831761655254,Served,33.994764,Stable,0
34,66,4,BS1,Terrestrial,1684.50527938871,158.814401090546,0.522059335029809,6.66661697166987,893.334270320412,44.6670464753303,-0.785664535047547,-Inf,Inf,0.522059335029809,Served,6.66654205349775,InTransition,0.0224756191750323
34,66,5,BS1,Terrestrial,2496.53115061175,143.322315800303,16.0141446252731,32.7754148618399,893.334270320412,9.08541024917749,-0.793526391920922,-Inf,Inf,16.0141446252731,Served,32.7754148618399,Stable,0
34,66,6,None,Outage,4576.26928829528,172.590149461401,-13.2536890358253,NaN,NaN,Inf,-0.739159154506024,-Inf,Inf,-13.2536890358253,Outage,0,Outage,0
35,68,1,BS2,Terrestrial,295.272687326099,93.7743747530496,65.5620856725263,50.992146,893.334270320412,8.75952808811392,-0.656401635866494,-Inf,Inf,65.5620856725263,Served,50.992146,Stable,0
35,68,2,BS2,Terrestrial,144.900842099444,122.782379464855,36.5540809607212,50.992146,893.334270320412,8.75952808811392,-0.660142998891182,-Inf,Inf,36.5540809607212,Served,50.992146,Stable,0
35,68,3,BS1,Terrestrial,158.603762337124,120.940592021997,38.3958684035792,33.994764,893.334270320412,8.75952808811392,-0.653948333556402,-Inf,Inf,38.3958684035792,Served,33.994764,Stable,0
35,68,4,BS1,Terrestrial,1684.50527938871,153.31252264014,6.02393778543575,14.2156291265521,893.334270320412,20.9472326167127,-0.669165725546969,-Inf,Inf,6.02393778543575,Served,14.2156291265521,Stable,0
35,68,5,BS1,Terrestrial,2496.53115061175,142.068005618817,17.2684548067593,33.994764,893.334270320412,8.75952808811392,-0.677061994520293,-Inf,Inf,17.2684548067593,Served,33.994764,Stable,0
35,68,6,None,Outage,4576.26928829528,174.09972311564,-14.7632626900639,NaN,NaN,Inf,-0.622454237384551,-Inf,Inf,-14.7632626900639,Outage,0,Outage,0
36,70,1,BS2,Terrestrial,295.272687326099,92.0682861037364,67.2681743218394,33.994764,893.334270320412,8.75952808811392,-0.539324722566721,-Inf,Inf,67.2681743218394,Served,33.994764,Stable,0
36,70,2,BS2,Terrestrial,144.900842099444,114.630559091176,44.7059013344,33.994764,893.334270320412,8.75952808811392,-0.543082920991707,-Inf,Inf,44.7059013344,Served,33.994764,Stable,0
36,70,3,BS1,Terrestrial,158.603762337124,93.5380962404278,65.798364185148,50.992146,893.334270320412,8.75952808811392,-0.536860427224211,-Inf,Inf,65.798364185148,Served,50.992146,Stable,0
36,70,4,BS2,Terrestrial,1289.96390375941,152.41889706702,6.91756335855607,15.6979275244121,893.334270320412,18.9692613654716,-0.552146641090863,-Inf,Inf,6.91756335855607,Served,15.6977924325556,InTransition,0.0172114256958314
36,70,5,BS1,Terrestrial,2496.53115061175,144.139602696379,15.1968577291968,46.7375946166688,893.334270320412,9.55691320496208,-0.560077797477065,-Inf,Inf,15.1968577291968,Served,46.7375946166688,Stable,0
36,70,6,None,Outage,4185.25875071361,175.489887171454,-16.1534267458786,NaN,NaN,Inf,-0.505226197420984,-Inf,Inf,-16.1534267458786,Outage,0,Outage,0
37,72,1,BS2,Terrestrial,295.272687326099,89.7426457002563,69.5938147253196,50.992146,893.334270320412,8.75952808811392,-0.421719550534887,-Inf,Inf,69.5938147253196,Served,50.992146,Stable,0
37,72,2,BS2,Terrestrial,144.900842099444,113.293320910523,46.0431395150526,50.992146,893.334270320412,8.75952808811392,-0.425494817802457,-Inf,Inf,46.0431395150526,Served,50.992146,Stable,0
37,72,3,BS1,Terrestrial,158.603762337124,99.243192226343,60.0932681992329,33.994764,893.334270320412,8.75952808811392,-0.419244109675236,-Inf,Inf,60.0932681992329,Served,33.994764,Stable,0
37,72,4,BS1,Terrestrial,1684.50527938871,154.544224530704,4.79223589487199,12.2720750458721,893.334270320412,24.2646894672443,-0.434600099333739,-Inf,Inf,4.79223589487199,Served,12.2719371346295,InTransition,0.0224756191750323
37,72,5,BS1,Terrestrial,2496.53115061175,147.32230977406,12.0141506515164,24.9635253681517,893.334270320412,11.9285271497233,-0.442566627057601,-Inf,Inf,12.0141506515164,Served,24.9635253681517,Stable,0
37,72,6,None,Outage,4576.26928829528,169.048878959968,-9.71241853439173,NaN,NaN,Inf,-0.387467800539145,-Inf,Inf,-9.71241853439173,Outage,0,Outage,0
38,74,1,BS2,Terrestrial,295.272687326099,89.9353922823836,69.4010681431923,25.496073,893.334270320412,8.75952808811392,-0.303578792162558,-Inf,Inf,69.4010681431923,Served,25.496073,Stable,0
38,74,2,BS2,Terrestrial,144.900842099444,113.777990861064,45.5584695645123,25.496073,893.334270320412,8.75952808811392,-0.307371365976029,-Inf,Inf,45.5584695645123,Served,25.496073,Stable,0
38,74,3,BS1,Terrestrial,158.603762337124,103.750577733819,55.5858826917567,50.992146,893.334270320412,8.75952808811392,-0.301092050519415,-Inf,Inf,55.5858826917567,Served,50.992146,Stable,0
38,74,4,BS2,Terrestrial,1289.96390375941,153.335008344091,6.00145208148513,10.6343035075647,893.334270320412,21.0012406944409,-0.316518787309928,-Inf,Inf,6.00145208148513,Served,10.6342119918024,InTransition,0.0172114256958314
38,74,5,BS1,Terrestrial,2496.53115061175,146.958060618787,12.3783998067891,38.4928823999988,893.334270320412,11.6038890130041,-0.324521179100436,-Inf,Inf,12.3783998067891,Served,38.4928823999988,Stable,0
38,74,6,BS2,Terrestrial,4576.26928829528,166.076989590803,-6.74052916522709,1.27218219956765,893.334270320412,175.551558303522,-0.269171680883942,-Inf,Inf,-6.74052916522709,BelowTarget,1.27218219956765,Stable,0
39,76,1,BS2,Terrestrial,295.272687326099,90.5536552923574,68.7828051332184,33.994764,893.334270320412,8.75952808811392,-0.184894985960304,-Inf,Inf,68.7828051332184,Served,33.994764,Stable,0
39,76,2,BS2,Terrestrial,144.900842099444,123.160536162863,36.175924262713,33.994764,893.334270320412,8.75952808811392,-0.188705108379944,-Inf,Inf,36.175924262713,Served,33.994764,Stable,0
39,76,3,BS1,Terrestrial,158.603762337124,113.930821330442,45.4056390951339,50.992146,893.334270320412,8.75952808811392,-0.182396785423095,-Inf,Inf,45.4056390951339,Served,50.992146,Stable,0
39,76,4,BS2,Terrestrial,1289.96390375941,151.014689443258,8.32177098231767,18.1305809253567,893.334270320412,16.4240788164898,-0.197895258502852,-Inf,Inf,8.32177098231767,Served,18.1305809253567,Stable,0
39,76,5,BS1,Terrestrial,2496.53115061175,143.325473719897,16.0109867056791,49.1537274287572,893.334270320412,9.08714676435474,-0.205934016090583,-Inf,Inf,16.0109867056791,Served,49.1537274287572,Stable,0
39,76,6,None,Outage,4576.26928829528,169.53695647878,-10.2004960532045,NaN,NaN,Inf,-0.150330337859938,-Inf,Inf,-10.2004960532045,Outage,0,Outage,0
40,78,1,BS2,Terrestrial,295.272687326099,91.469163762935,67.8672966626409,33.994764,893.334270320412,8.75952808811392,-0.0656605335403408,-Inf,Inf,67.8672966626409,Served,33.994764,Stable,0
40,78,2,BS2,Terrestrial,144.900842099444,119.25950533192,40.0769550936557,33.994764,893.334270320412,8.75952808811392,-0.0694884510818211,-Inf,Inf,40.0769550936557,Served,33.994764,Stable,0
40,78,3,BS1,Terrestrial,158.603762337124,111.325892934668,48.0105674909078,50.992146,893.334270320412,8.75952808811392,-0.0631507130900238,-Inf,Inf,48.0105674909078,Served,50.992146,Stable,0
40,78,4,BS2,Terrestrial,1289.96390375941,156.996299957588,2.34016046798823,8.81544195079489,893.334270320412,33.7791447971538,-0.0787219298364286,-Inf,Inf,2.34016046798823,Served,8.81544195079489,Stable,0
40,78,5,BS1,Terrestrial,2496.53115061175,153.439030952232,5.89742947334381,21.0156674063582,893.334270320412,21.2540066667151,-0.0867975641561931,-Inf,Inf,5.89742947334381,Served,21.0156674063582,Stable,0
40,78,6,None,Outage,4576.26928829528,167.760441594452,-8.42398116887628,NaN,NaN,Inf,-0.0309361330911682,-Inf,Inf,-8.42398116887628,Outage,0,Outage,0
41,80,1,BS2,Terrestrial,295.272687326099,89.4490644718294,69.8873959537465,33.994764,893.334270320412,8.75952808811392,0.0541323034816701,-Inf,Inf,69.8873959537465,Served,33.994764,Stable,0
41,80,2,BS2,Terrestrial,144.900842099444,110.140302774789,49.1961576507868,33.994764,893.334270320412,8.75952808811392,0.0502863397461192,-Inf,Inf,49.1961576507868,Served,33.994764,Stable,0
41,80,3,BS1,Terrestrial,158.603762337124,97.0943636978879,62.242096727688,50.992146,893.334270320412,8.75952808811392,0.0566539078385343,-Inf,Inf,62.242096727688,Served,50.992146,Stable,0
41,80,4,BS2,Terrestrial,1289.96390375941,147.960978474923,11.3754819506533,23.7474770514145,893.334270320412,12.5393568951388,0.0410089214139803,-Inf,Inf,11.3754819506533,Served,23.7474770514145,Stable,0
41,80,5,BS1,Terrestrial,2496.53115061175,148.686463118361,10.6499973072144,33.5713399523216,893.334270320412,13.3050136156188,0.0328958900151629,-Inf,Inf,10.6499973072144,Served,33.5713399523216,Stable,0
41,80,6,None,Outage,4576.26928829528,171.801497956094,-12.4650375305178,NaN,NaN,Inf,0.0890187127005205,-Inf,Inf,-12.4650375305178,Outage,0,Outage,0
42,82,1,BS2,Terrestrial,295.272687326099,91.3591420194286,67.9773184061472,25.496073,893.334270320412,8.75952808811392,0.17449140666719,-Inf,Inf,67.9773184061472,Served,25.496073,Stable,0
42,82,2,BS2,Terrestrial,144.900842099444,119.760888530573,39.5755718950032,25.496073,893.334270320412,8.75952808811392,0.170627141004989,-Inf,Inf,39.5755718950032,Served,25.496073,Stable,0
42,82,3,BS1,Terrestrial,158.603762337124,100.597965596985,58.7384948285913,50.992146,893.334270320412,8.75952808811392,0.177024961966169,-Inf,Inf,58.7384948285913,Served,50.992146,Stable,0
42,82,4,BS2,Terrestrial,1289.96390375941,155.769267726846,3.56719269872985,7.85298541629281,893.334270320412,28.4393203019003,0.161305160792886,-Inf,Inf,3.56719269872985,Served,7.85298541629281,Stable,0
42,82,5,BS1,Terrestrial,2496.53115061175,148.80898492528,10.5274755002959,33.2277132217326,893.334270320412,13.4426083486258,0.15315420234217,-Inf,Inf,10.5274755002959,Served,33.2277132217326,Stable,0
42,82,6,BS2,Terrestrial,4576.26928829528,161.874537854179,-2.53807742860306,2.93378847922807,893.334270320412,76.1246317385723,0.209542122900334,-Inf,Inf,-2.53807742860306,BelowTarget,2.93378847922807,Stable,0
43,84,1,BS2,Terrestrial,295.272687326099,89.6848738974999,69.6515865280759,25.496073,893.334270320412,8.75952808811392,0.295424804020785,-Inf,Inf,69.6515865280759,Served,25.496073,Stable,0
43,84,2,BS2,Terrestrial,144.900842099444,111.03138071606,48.3050797095155,25.496073,893.334270320412,8.75952808811392,0.291541975932362,-Inf,Inf,48.3050797095155,Served,25.496073,Stable,0
43,84,3,BS1,Terrestrial,158.603762337124,99.564963474846,59.7714969507299,101.984292,893.334270320412,8.75952808811392,0.297970480409091,-Inf,Inf,59.7714969507299,Served,101.984292,Stable,0
43,84,4,BS2,Terrestrial,1289.96390375941,150.530685738628,8.80577468694739,14.2457236823493,893.334270320412,15.6772356785789,0.282174799920966,-Inf,Inf,8.80577468694739,Served,14.2457236823493,Stable,0
43,84,5,BS2,Terrestrial,2067.2298489109,155.179366097551,4.15709432802501,8.49041361598456,893.334270320412,26.304203503071,0.2739853746004,-Inf,Inf,4.15709432802501,Served,8.49029652406988,InTransition,0.0275821461647431
43,84,6,None,Outage,4576.26928829528,175.803038550289,-16.4665781247132,NaN,NaN,Inf,0.330642168291378,-Inf,Inf,-16.4665781247132,Outage,0,Outage,0
44,86,1,BS2,Terrestrial,295.272687326099,90.1554852614071,69.1809751641688,33.994764,893.334270320412,8.75952808811392,0.416940673344205,-Inf,Inf,69.1809751641688,Served,33.994764,Stable,0
44,86,2,BS2,Terrestrial,144.900842099444,113.103306839912,46.2331535856639,33.994764,893.334270320412,8.75952808811392,0.413039017453543,-Inf,Inf,46.2331535856639,Served,33.994764,Stable,0
44,86,3,BS1,Terrestrial,158.603762337124,114.972413331693,44.364047093883,50.992146,893.334270320412,8.75952808811392,0.419498644152128,-Inf,Inf,44.364047093883,Served,50.992146,Stable,0
44,86,4,BS2,Terrestrial,1289.96390375941,148.291538149487,11.044922276089,23.1227329216362,893.334270320412,12.8781529032915,0.403625999839263,-Inf,Inf,11.044922276089,Served,23.1227329216362,Stable,0
44,86,5,BS1,Terrestrial,2496.53115061175,143.199994574467,16.1364658511087,49.5271573005279,893.334270320412,9.01863057574365,0.395397557760612,-Inf,Inf,16.1364658511087,Served,49.5263324225985,InTransition,0.0333101261755124
44,86,6,None,Outage,4576.26928829528,172.178466809128,-12.842006383552,NaN,NaN,Inf,0.452327070434593,-Inf,Inf,-12.842006383552,Outage,0,Outage,0
45,88,1,BS2,Terrestrial,295.272687326099,90.0743813179263,69.2620791076495,33.994764,893.334270320412,8.75952808811392,0.539047345681526,-Inf,Inf,69.2620791076495,Served,33.994764,Stable,0
45,88,2,BS1,Terrestrial,565.376556244471,131.945061499268,27.3913989263078,33.994764,893.334270320412,8.75952808811392,0.53512659162365,-Inf,Inf,27.3913989263078,Served,33.9946357790119,InTransition,0.00754357277719736
45,88,3,BS1,Terrestrial,158.603762337124,100.337482563696,58.9989778618799,33.994764,893.334270320412,8.75952808811392,0.5416177874958,-Inf,Inf,58.9989778618799,Served,33.994764,Stable,0
45,88,4,BS2,Terrestrial,1289.96390375941,148.095002197148,11.2414582284281,23.4937753123377,893.334270320412,12.6747653856393,0.525667074444038,-Inf,Inf,11.2414582284281,Served,23.4937753123377,Stable,0
45,88,5,BS1,Terrestrial,2496.53115061175,141.854824173599,17.4816362519765,33.994764,893.334270320412,8.75952808811392,0.517399055417534,-Inf,Inf,17.4816362519765,Served,33.994764,Stable,0
45,88,6,BS2,Terrestrial,4576.26928829528,166.611836580494,-7.27537615491846,1.51558743972263,893.334270320412,196.477011027025,0.574605205140358,-Inf,Inf,-7.27537615491846,BelowTarget,1.51558743972263,Stable,0
46,90,1,BS2,Terrestrial,295.272687326099,87.5388992574032,71.7975611681727,25.496073,893.334270320412,8.75952808811392,0.661753308857126,-Inf,Inf,71.7975611681727,Served,25.496073,Stable,0
46,90,2,BS2,Terrestrial,144.900842099444,113.087748517114,46.2487119084622,25.496073,893.334270320412,8.75952808811392,0.65781318116262,-Inf,Inf,46.2487119084622,Served,25.4960483535998,InTransition,0.00193334873153406
46,90,3,BS1,Terrestrial,158.603762337124,100.829924322586,58.5065361029897,50.992146,893.334270320412,8.75952808811392,0.664336401596215,-Inf,Inf,58.5065361029897,Served,50.992146,Stable,0
46,90,4,BS2,Terrestrial,1289.96390375941,148.34068195018,10.9957784753957,17.2726071959198,893.334270320412,12.9299280095283,0.648306494014262,-Inf,Inf,10.9957784753957,Served,17.2726071959198,Stable,0
46,90,5,BS1,Terrestrial,2496.53115061175,145.28285516162,14.0536052639557,43.3676951505768,893.334270320412,10.299535947422,0.639998327311023,-Inf,Inf,14.0536052639557,Served,43.3676951505768,Stable,0
46,90,6,BS2,Terrestrial,4576.26928829528,161.726136151418,-2.3896757258423,3.01566856186215,893.334270320412,74.0577298196844,0.697485106033778,-Inf,Inf,-2.3896757258423,BelowTarget,3.01566856186215,Stable,0
47,92,1,BS2,Terrestrial,295.272687326099,87.7446629513763,71.5917974741996,50.992146,893.334270320412,8.75952808811392,0.785067211110347,-Inf,Inf,71.5917974741996,Served,50.992146,Stable,0
47,92,2,BS2,Terrestrial,144.900842099444,108.74839358693,50.5880668386463,50.992146,893.334270320412,8.75952808811392,0.781107429086633,-Inf,Inf,50.5880668386463,Served,50.992146,Stable,0
47,92,3,BS1,Terrestrial,158.603762337124,100.81257848319,58.5238819423861,33.994764,893.334270320412,8.75952808811392,0.787663138101883,-Inf,Inf,58.5238819423861,Served,33.994764,Stable,0
47,92,4,BS1,Terrestrial,1684.50527938871,154.418638872715,4.91782155286083,12.4644822618991,893.334270320412,23.8901290763627,0.771552888835316,-Inf,Inf,4.91782155286083,Served,12.4643421884209,InTransition,0.0224756191750323
47,92,5,BS1,Terrestrial,2496.53115061175,157.740621597849,1.59583882772677,7.89037549793179,893.334270320412,37.7394067221334,0.76320399294337,-Inf,Inf,1.59583882772677,Served,7.89037549793179,Stable,0
47,92,6,None,Outage,4576.26928829528,170.850860523769,-11.5144000981929,NaN,NaN,Inf,0.820975468217633,-Inf,Inf,-11.5144000981929,Outage,0,Outage,0
48,94,1,BS2,Terrestrial,295.272687326099,91.4125133431422,67.9239470824337,25.496073,893.334270320412,8.75952808811392,0.908997864830241,-Inf,Inf,67.9239470824337,Served,25.496073,Stable,0
48,94,2,BS2,Terrestrial,144.900842099444,113.311035031057,46.0254253945185,25.496073,893.334270320412,8.75952808811392,0.905018142439679,-Inf,Inf,46.0254253945185,Served,25.496073,Stable,0
48,94,3,BS1,Terrestrial,158.603762337124,104.168233198735,55.1682272268406,50.992146,893.334270320412,8.75952808811392,0.911606812890561,-Inf,Inf,55.1682272268406,Served,50.992146,Stable,0
48,94,4,BS2,Terrestrial,1289.96390375941,151.776024290741,7.56043613483442,12.5978885984361,893.334270320412,17.7278570004046,0.895415052922609,-Inf,Inf,7.56043613483442,Served,12.5977801846243,InTransition,0.0172114256958314
48,94,5,BS1,Terrestrial,2496.53115061175,148.568055274281,10.7684051512953,33.9041598694385,893.334270320412,13.1744050547271,0.887024835296273,-Inf,Inf,10.7684051512953,Served,33.9041598694385,Stable,0
48,94,6,BS2,Terrestrial,4576.26928829528,162.79140313144,-3.45494270586454,2.46660863233171,893.334270320412,90.54276574431,0.945085152036164,-Inf,Inf,-3.45494270586454,BelowTarget,2.46660863233171,Stable,0
49,96,1,BS2,Terrestrial,295.272687326099,90.5449406725486,68.7915197530272,33.994764,893.334270320412,8.75952808811392,1.03355425039176,-Inf,Inf,68.7915197530272,Served,33.994764,Stable,0
49,96,2,BS2,Terrestrial,144.900842099444,113.277957222989,46.0585032025865,33.994764,893.334270320412,8.75952808811392,1.02955429612633,-Inf,Inf,46.0585032025865,Served,33.994764,Stable,0
49,96,3,BS1,Terrestrial,158.603762337124,99.6698886244954,59.6665718010805,50.992146,893.334270320412,8.75952808811392,1.03617640990757,-Inf,Inf,59.6665718010805,Served,50.992146,Stable,0
49,96,4,BS2,Terrestrial,1289.96390375941,149.455289762408,9.88117066316775,20.9523763157322,893.334270320412,14.2121392638035,1.01990194784613,-Inf,Inf,9.88117066316775,Served,20.9523763157322,Stable,0
49,96,5,BS1,Terrestrial,2496.53115061175,144.604147143506,14.73231328207,45.3647408804954,893.334270320412,9.84612997871771,1.01146980464839,-Inf,Inf,14.73231328207,Served,45.3647408804954,Stable,0
49,96,6,None,Outage,4576.26928829528,173.589470128207,-14.253009702631,NaN,NaN,Inf,1.06982318694119,-Inf,Inf,-14.253009702631,Outage,0,Outage,0
50,98,1,BS2,Terrestrial,295.272687326099,86.005198510726,73.3312619148498,33.994764,893.334270320412,8.75952808811392,1.15874552009845,-Inf,Inf,73.3312619148498,Served,33.994764,Stable,0
50,98,2,BS2,Terrestrial,144.900842099444,127.967381626521,31.369078799055,33.994764,893.334270320412,8.75952808811392,1.154725036851,-Inf,Inf,31.369078799055,Served,33.994764,Stable,0
50,98,3,BS1,Terrestrial,158.603762337124,100.709852433239,58.6266079923369,50.992146,893.334270320412,8.75952808811392,1.16138108511082,-Inf,Inf,58.6266079923369,Served,50.992146,Stable,0
50,98,4,BS2,Terrestrial,1289.96390375941,144.904182453006,14.4322779725703,29.6537085732242,893.334270320412,10.0418498877298,1.14502270666116,-Inf,Inf,14.4322779725703,Served,29.6537085732242,Stable,0
50,98,5,BS1,Terrestrial,2496.53115061175,143.653999362243,15.682461063333,48.1772924085867,893.334270320412,9.27132084078258,1.1365480224992,-Inf,Inf,15.682461063333,Served,48.1772924085867,Stable,0
50,98,6,None,Outage,4576.26928829528,169.19700533313,-9.86054490755456,NaN,NaN,Inf,1.19519877546584,-Inf,Inf,-9.86054490755456,Outage,0,Outage,0
51,100,1,BS2,Terrestrial,295.272687326099,87.7491808176294,71.5872796079465,25.496073,893.334270320412,8.75952808811392,1.28458100223402,-Inf,Inf,71.5872796079465,Served,25.496073,Stable,0
51,100,2,BS2,Terrestrial,144.900842099444,116.001772104065,43.3346883215108,25.496073,893.334270320412,8.75952808811392,1.28053968716594,-Inf,Inf,43.3346883215108,Served,25.496073,Stable,0
51,100,3,BS1,Terrestrial,158.603762337124,96.5211867183208,62.8152737072551,50.992146,893.334270320412,8.75952808811392,1.28723017052467,-Inf,Inf,62.8152737072551,Served,50.992146,Stable,0
51,100,4,BS2,Terrestrial,1289.96390375941,152.27533412473,7.06112630084542,11.9558586912724,893.334270320412,18.6798433594011,1.27078663794768,-Inf,Inf,7.06112630084542,Served,11.9558586912724,Stable,0
51,100,5,BS1,Terrestrial,2496.53115061175,154.541998529505,4.79446189607049,18.4132102411499,893.334270320412,24.257971820796,1.26226878560082,-Inf,Inf,4.79446189607049,Served,18.4132102411499,Stable,0
51,100,6,BS2,Terrestrial,4576.26928829528,159.566247646159,-0.229787220582807,4.41713126441016,893.334270320412,50.560772187042,1.32122129730793,-Inf,Inf,-0.229787220582807,BelowTarget,4.41713126441016,Stable,0
52,102,1,BS2,Terrestrial,295.272687326099,89.1111889598573,70.2252714657186,33.994764,893.334270320412,8.75952808811392,1.4110702052266,-Inf,Inf,70.2252714657186,Served,33.994764,Stable,0
52,102,2,BS2,Terrestrial,144.900842099444,118.114326503226,41.2221339223503,33.994764,893.334270320412,8.75952808811392,1.40700774963179,-Inf,Inf,41.2221339223503,Served,33.994764,Stable,0
52,102,3,BS1,Terrestrial,158.603762337124,102.008672425606,57.3277879999701,33.994764,893.334270320412,8.75952808811392,1.41373317840659,-Inf,Inf,57.3277879999701,Served,33.994764,Stable,0
52,102,4,BS1,Terrestrial,1684.50527938871,153.844200362805,5.49226006277075,13.361608042714,893.334270320412,22.2860967897633,1.39720322996176,-Inf,Inf,5.49226006277075,Served,13.361457887507,InTransition,0.0224756191750323
52,102,5,BS1,Terrestrial,2496.53115061175,152.72313586408,6.61332456149543,15.1870156661443,893.334270320412,19.6074131121513,1.38864157010209,-Inf,Inf,6.61332456149543,Served,15.1870156661443,Stable,0
52,102,6,BS2,Terrestrial,4576.26928829528,166.330194402958,-6.99373397738208,1.60840424783614,893.334270320412,185.13883590361,1.44790031352716,-Inf,Inf,-6.99373397738208,BelowTarget,1.60840424783614,Stable,0
53,104,1,BS2,Terrestrial,295.272687326099,90.2331536081921,69.1033068173838,25.496073,893.334270320412,8.75952808811392,1.53822282192881,-Inf,Inf,69.1033068173838,Served,25.496073,Stable,0
53,104,2,BS2,Terrestrial,144.900842099444,107.559944083549,51.7765163420271,25.496073,893.334270320412,8.75952808811392,1.5341389110939,-Inf,Inf,51.7765163420271,Served,25.496073,Stable,0
53,104,3,BS1,Terrestrial,158.603762337124,103.676656386358,55.6598040392174,50.992146,893.334270320412,8.75952808811392,1.5408998055297,-Inf,Inf,55.6598040392174,Served,50.992146,Stable,0
53,104,4,BS2,Terrestrial,1289.96390375941,146.478791607538,12.8576688180375,19.9392800196545,893.334270320412,11.2006836435398,1.52428215490259,-Inf,Inf,12.8576688180375,Served,19.9391084279362,InTransition,0.0172114256958314
53,104,5,BS1,Terrestrial,2496.53115061175,154.282447314212,5.05401311136393,19.0120140282175,893.334270320412,23.49394096266,1.5156760358077,-Inf,Inf,5.05401311136393,Served,19.0120140282175,Stable,0
53,104,6,BS2,Terrestrial,4576.26928829528,164.786079070135,-5.44961864455945,1.6611704972045,893.334270320412,134.443495087313,1.57524557085913,-Inf,Inf,-5.44961864455945,BelowTarget,1.6611704972045,Stable,0
54,106,1,BS2,Terrestrial,295.272687326099,88.8812922759787,70.4551681495972,25.496073,893.334270320412,8.75952808811392,1.66604873401796,-Inf,Inf,70.4551681495972,Served,25.496073,Stable,0
54,106,2,BS2,Terrestrial,144.900842099444,118.160066755786,41.1763936697899,25.496073,893.334270320412,8.75952808811392,1.66194304707852,-Inf,Inf,41.1763936697899,Served,25.496073,Stable,0
54,106,3,BS1,Terrestrial,158.603762337124,100.847265199513,58.4891952260632,50.992146,893.334270320412,8.75952808811392,1.66873993758554,-Inf,Inf,58.4891952260632,Served,50.992146,Stable,0
54,106,4,BS2,Terrestrial,1289.96390375941,150.868406283843,8.46805414173306,13.7927848546947,893.334270320412,16.1920576542659,1.65203327329912,-Inf,Inf,8.46805414173306,Served,13.7927848546947,Stable,0
54,106,5,BS1,Terrestrial,2496.53115061175,154.088764023406,5.24769640217016,19.4644595900735,893.334270320412,22.9478313072713,1.64338203055689,-Inf,Inf,5.24769640217016,Served,19.4644595900735,Stable,0
54,106,6,BS2,Terrestrial,4576.26928829528,166.405009768685,-7.06854934310874,1.18744111998643,893.334270320412,188.07969828656,1.70326700615061,-Inf,Inf,-7.06854934310874,BelowTarget,1.18744111998643,Stable,0
55,108,1,BS2,Terrestrial,295.272687326099,92.0407306408517,67.2957297847242,33.994764,893.334270320412,8.75952808811392,1.79455801651965,-Inf,Inf,67.2957297847242,Served,33.994764,Stable,0
55,108,2,BS2,Terrestrial,144.900842099444,105.678116998226,53.6583434273499,33.994764,893.334270320412,8.75952808811392,1.79043022631244,-Inf,Inf,53.6583434273499,Served,33.994764,Stable,0
55,108,3,BS1,Terrestrial,158.603762337124,111.062059105595,48.2744013199812,50.992146,893.334270320412,8.75952808811392,1.79726365371031,-Inf,Inf,48.2744013199812,Served,50.992146,Stable,0
55,108,4,BS2,Terrestrial,1289.96390375941,150.336784800529,8.99967562504719,19.343537354142,893.334270320412,15.3941900416183,1.78046663851975,-Inf,Inf,8.99967562504719,Served,19.343537354142,Stable,0
55,108,5,BS1,Terrestrial,2496.53115061175,146.408531130454,12.9279292951215,40.0823523058234,893.334270320412,11.1437355710112,1.77176959472478,-Inf,Inf,12.9279292951215,Served,40.0823523058234,Stable,0
55,108,6,None,Outage,4185.25875071361,167.640347736914,-8.30388731133789,NaN,NaN,Inf,1.83197475091919,-Inf,Inf,-8.30388731133789,Outage,0,Outage,0
56,110,1,BS2,Terrestrial,295.272687326099,88.8829968896723,70.4534635359036,33.994764,893.334270320412,8.75952808811392,1.92376094245907,-Inf,Inf,70.4534635359036,Served,33.994764,Stable,0
56,110,2,BS2,Terrestrial,144.900842099444,116.01410168669,43.3223587388863,33.994764,893.334270320412,8.75952808811392,1.91961071537004,-Inf,Inf,43.3223587388863,Served,33.994764,Stable,0
56,110,3,BS1,Terrestrial,158.603762337124,100.12503483554,59.2114255900354,33.994764,893.334270320412,8.75952808811392,1.92648123113888,-Inf,Inf,59.2114255900354,Served,33.994764,Stable,0
56,110,4,BS1,Terrestrial,1684.50527938871,151.62392086016,7.71253956541608,17.0609575306748,893.334270320412,17.453773598077,1.90959250140915,-Inf,Inf,7.71253956541608,Served,17.0607658028827,InTransition,0.0224756191750323
56,110,5,BS1,Terrestrial,2496.53115061175,160.293164259247,-0.956703833671213,5.20095080258241,893.334270320412,57.2545485258098,1.90084896585069,-Inf,Inf,-0.956703833671213,BelowTarget,5.20095080258241,Stable,0
56,110,6,BS2,Terrestrial,4576.26928829528,162.570398926345,-3.23393850076914,3.43100296061994,893.334270320412,86.7903914757914,1.96137913604198,-Inf,Inf,-3.23393850076914,BelowTarget,3.43100296061994,Stable,0
57,112,1,BS2,Terrestrial,295.272687326099,89.9863154994443,69.3501449261315,33.994764,893.334270320412,8.75952808811392,2.05366798764394,-Inf,Inf,69.3501449261315,Served,33.994764,Stable,0
57,112,2,BS2,Terrestrial,144.900842099444,113.018095305326,46.3183651202499,33.994764,893.334270320412,8.75952808811392,2.04949498345196,-Inf,Inf,46.3183651202499,Served,33.994764,Stable,0
57,112,3,BS1,Terrestrial,158.603762337124,102.300024903183,57.0364355223933,50.992146,893.334270320412,8.75952808811392,2.05640314999056,-Inf,Inf,57.0364355223933,Served,50.992146,Stable,0
57,112,4,BS2,Terrestrial,1289.96390375941,150.007933324368,9.32852710120824,19.9398034732149,893.334270320412,14.9338528088709,2.03942131505638,-Inf,Inf,9.32852710120824,Served,19.939631876992,InTransition,0.0172114256958314
57,112,5,BS1,Terrestrial,2496.53115061175,150.857322513641,8.47913791193471,27.6151641759352,893.334270320412,16.1747050393945,2.03063058339744,-Inf,Inf,8.47913791193471,Served,27.6151641759352,Stable,0
57,112,6,None,Outage,4576.26928829528,171.981719606492,-12.6452591809158,NaN,NaN,Inf,2.09149069657704,-Inf,Inf,-12.6452591809158,Outage,0,Outage,0
58,114,1,BS2,Terrestrial,295.272687326099,91.4254141065476,67.9110463190283,33.994764,893.334270320412,8.75952808811392,2.18428983558378,-Inf,Inf,67.9110463190283,Served,33.994764,Stable,0
58,114,2,BS2,Terrestrial,144.900842099444,109.804112969692,49.5323474558839,33.994764,893.334270320412,8.75952808811392,2.18009370729989,-Inf,Inf,49.5323474558839,Served,33.994764,Stable,0
58,114,3,BS1,Terrestrial,158.603762337124,100.547542292407,58.7889181331688,50.992146,893.334270320412,8.75952808811392,2.1870400981912,-Inf,Inf,58.7889181331688,Served,50.992146,Stable,0
58,114,4,BS2,Terrestrial,1289.96390375941,145.569180300534,13.7672801250415,28.3524286568351,893.334270320412,10.5027365983696,2.16996373969868,-Inf,Inf,13.7672801250415,Served,28.3524286568351,Stable,0
58,114,5,BS1,Terrestrial,2496.53115061175,142.785528322499,16.5509321030771,50.7624070072539,893.334270320412,8.79917169996249,2.16112509364609,-Inf,Inf,16.5509321030771,Served,50.7624070072539,Stable,0
58,114,6,None,Outage,4576.26928829528,168.160088876076,-8.82362845050008,NaN,NaN,Inf,2.22232017672231,-Inf,Inf,-8.82362845050008,Outage,0,Outage,0
59,116,1,BS2,Terrestrial,295.272687326099,93.662107888762,65.6743525368139,33.994764,893.334270320412,8.75952808811392,2.31563738254861,-Inf,Inf,65.6743525368139,Served,33.994764,Stable,0
59,116,2,BS2,Terrestrial,144.900842099444,112.804480691242,46.5319797343336,33.994764,893.334270320412,8.75952808811392,2.31141777625071,-Inf,Inf,46.5319797343336,Served,33.994764,Stable,0
59,116,3,BS1,Terrestrial,158.603762337124,98.3267509046406,61.0097095209353,50.992146,893.334270320412,8.75952808811392,2.31840297653501,-Inf,Inf,61.0097095209353,Served,50.992146,Stable,0
59,116,4,BS2,Terrestrial,1289.96390375941,148.285571511485,11.0508889140912,23.1339796562552,893.334270320412,12.8718921055283,2.30123064776447,-Inf,Inf,11.0508889140912,Served,23.1339796562552,Stable,0
59,116,5,BS1,Terrestrial,2496.53115061175,145.613778778108,13.7226816474679,42.3981479077502,893.334270320412,10.5350624308417,2.29234335472945,-Inf,Inf,13.7226816474679,Served,42.3981479077502,Stable,0
59,116,6,None,Outage,4185.25875071361,174.43392673585,-15.0974663102744,NaN,NaN,Inf,2.35387853491546,-Inf,Inf,-15.0974663102744,Outage,0,Outage,0
60,118,1,BS2,Terrestrial,295.272687326099,91.3095186067537,68.0269418188221,25.496073,893.334270320412,8.75952808811392,2.44772174277357,-Inf,Inf,68.0269418188221,Served,25.496073,Stable,0
60,118,2,BS2,Terrestrial,144.900842099444,112.034389304498,47.3020711210775,25.496073,893.334270320412,8.75952808811392,2.44347829743632,-Inf,Inf,47.3020711210775,Served,25.496073,Stable,0
60,118,3,BS1,Terrestrial,158.603762337124,102.949062748105,56.3873976774707,50.992146,893.334270320412,8.75952808811392,2.4505029038922,-Inf,Inf,56.3873976774707,Served,50.992146,Stable,0
60,118,4,BS2,Terrestrial,1289.96390375941,148.71439541815,10.622065007426,16.7464660923704,893.334270320412,13.3361609755895,2.43323312906153,-Inf,Inf,10.622065007426,Served,16.7464660923704,Stable,0
60,118,5,BS1,Terrestrial,2496.53115061175,159.822063533575,-0.48560310799931,8.46025627925966,893.334270320412,52.7959343566473,2.42429644181061,-Inf,Inf,-0.48560310799931,Served,8.46025627925966,Stable,0
60,118,6,BS2,Terrestrial,4576.26928829528,159.049497021978,0.286963403597497,4.81238916503699,893.334270320412,46.408043888609,2.48617694908081,-Inf,Inf,0.286963403597497,BelowTarget,4.81238916503699,Stable,0
61,120,1,BS2,Terrestrial,295.272687326099,92.2723183345253,67.0641420910506,33.994764,893.334270320412,8.75952808811392,2.58055425381268,-Inf,Inf,67.0641420910506,Served,33.994764,Stable,0
61,120,2,BS2,Terrestrial,144.900842099444,121.368800183411,37.9676602421647,33.994764,893.334270320412,8.75952808811392,2.57628660113246,-Inf,Inf,37.9676602421647,Served,33.994764,Stable,0
61,120,3,BS1,Terrestrial,158.603762337124,110.377930949647,48.9585294759289,33.994764,893.334270320412,8.75952808811392,2.58335122256585,-Inf,Inf,48.9585294759289,Served,33.994764,Stable,0
61,120,4,BS1,Terrestrial,1684.50527938871,152.481604157993,6.85485626758259,15.592115607887,893.334270320412,19.0979914204958,2.5659824961137,-Inf,Inf,6.85485626758259,Served,15.5919403866607,InTransition,0.0224756191750323
61,120,5,BS1,Terrestrial,2496.53115061175,147.948684483795,11.3877759417811,23.7707759684488,893.334270320412,12.527066449242,2.55699565240967,-Inf,Inf,11.3877759417811,Served,23.7707759684488,Stable,0
61,120,6,BS2,Terrestrial,4576.26928829528,165.14710513152,-5.81064470594399,2.05723536362363,893.334270320412,144.74672921347,2.61922682202676,-Inf,Inf,-5.81064470594399,BelowTarget,2.05723536362363,Stable,0
62,122,1,BS2,Terrestrial,295.272687326099,91.8295574684422,67.5069029571336,33.994764,893.334270320412,8.75952808811392,2.71414648204713,-Inf,Inf,67.5069029571336,Served,33.994764,Stable,0
62,122,2,BS2,Terrestrial,144.900842099444,136.504441889437,22.8320185361387,33.994764,893.334270320412,8.75952808811392,2.70985424626211,-Inf,Inf,22.8320185361387,Served,33.994764,Stable,0
62,122,3,BS1,Terrestrial,158.603762337124,101.857391262022,57.4790691635534,33.994764,893.334270320412,8.75952808811392,2.71695950380371,-Inf,Inf,57.4790691635534,Served,33.994764,Stable,0
62,122,4,BS1,Terrestrial,1684.50527938871,166.862199114662,-7.5257386890857,1.4372277774843,893.334270320412,207.189211600147,2.69949028965195,-Inf,Inf,-7.5257386890857,BelowTarget,1.4372277774843,Stable,0
62,122,5,BS1,Terrestrial,2496.53115061175,148.739719296889,10.5967411286873,22.2812541103189,893.334270320412,13.3645120975887,2.6904525118844,-Inf,Inf,10.5967411286873,Served,22.2812541103189,Stable,0
62,122,6,BS2,Terrestrial,4576.26928829528,162.138107663287,-2.80164723771094,3.72364527918888,893.334270320412,79.9695104609076,2.75303978699944,-Inf,Inf,-2.80164723771094,BelowTarget,3.72364527918888,Stable,0
63,124,1,BS2,Terrestrial,295.272687326099,90.4505666204882,68.8858938050877,33.994764,893.334270320412,8.75952808811392,2.84851022835316,-Inf,Inf,68.8858938050877,Served,33.994764,Stable,0
63,124,2,BS2,Terrestrial,144.900842099444,118.295692633081,41.040767792495,33.994764,893.334270320412,8.75952808811392,2.84419302605787,-Inf,Inf,41.040767792495,Served,33.994764,Stable,0
63,124,3,BS1,Terrestrial,158.603762337124,102.376915065601,56.9595453599751,50.992146,893.334270320412,8.75952808811392,2.85133955346925,-Inf,Inf,56.9595453599751,Served,50.992146,Stable,0
63,124,4,BS2,Terrestrial,1289.96390375941,143.859077594867,15.4773828307087,31.7124935023741,893.334270320412,9.38992987367933,2.833768284264,-Inf,Inf,15.4773828307087,Served,31.7122205937613,InTransition,0.0172114256958314
63,124,5,BS1,Terrestrial,2496.53115061175,151.253398308717,8.08306211685849,26.5635785735539,893.334270320412,16.8150211359285,2.82467877906924,-Inf,Inf,8.08306211685849,Served,26.5635785735539,Stable,0
63,124,6,None,Outage,4576.26928829528,170.011136444917,-10.6746760193413,NaN,NaN,Inf,2.88762771339701,-Inf,Inf,-10.6746760193413,Outage,0,Outage,0
64,126,1,BS2,Terrestrial,295.272687326099,92.6712648817815,66.6651955437944,25.496073,893.334270320412,8.75952808811392,2.98365753393499,-Inf,Inf,66.6651955437944,Served,25.496073,Stable,0
64,126,2,BS2,Terrestrial,144.900842099444,115.061444329012,44.2750160965635,25.496073,893.334270320412,8.75952808811392,2.97931497388973,-Inf,Inf,44.2750160965635,Served,25.496073,Stable,0
64,126,3,BS1,Terrestrial,158.603762337124,99.4034453262769,59.933015099299,50.992146,893.334270320412,8.75952808811392,2.98650341787829,-Inf,Inf,59.933015099299,Served,50.992146,Stable,0
64,126,4,BS2,Terrestrial,1289.96390375941,147.756572168822,11.5798882567543,18.1015728501402,893.334270320412,12.3377990094587,2.96882849420873,-Inf,Inf,11.5798882567543,Served,18.1015728501402,Stable,0
64,126,5,BS1,Terrestrial,2496.53115061175,144.651497763075,14.6849626625011,45.2250671274328,893.334270320412,9.8765389093091,2.95968645207866,-Inf,Inf,14.6849626625011,Served,45.2250671274328,Stable,0
64,126,6,BS2,Terrestrial,4576.26928829528,165.359729654632,-6.02326922905621,1.47683613978504,893.334270320412,151.224338004492,3.02300271265097,-Inf,Inf,-6.02326922905621,BelowTarget,1.47683613978504,Stable,0
65,128,1,BS2,Terrestrial,295.272687326099,93.7999452688095,65.5365151567664,25.496073,893.334270320412,8.75952808811392,3.11960068632801,-Inf,Inf,65.5365151567664,Served,25.496073,Stable,0
65,128,2,BS2,Terrestrial,144.900842099444,109.365871316576,49.9705891089997,25.496073,893.334270320412,8.75952808811392,3.11523236926258,-Inf,Inf,49.9705891089997,Served,25.496073,Stable,0
65,128,3,BS1,Terrestrial,158.603762337124,105.485626260409,53.8508341651672,50.992146,893.334270320412,8.75952808811392,3.12246338980573,-Inf,Inf,53.8508341651672,Served,50.992146,Stable,0
65,128,4,BS2,Terrestrial,1289.96390375941,150.651391945372,8.68506848020391,14.0833511772133,893.334270320412,15.8579847061866,3.10468317940005,-Inf,Inf,8.68506848020391,Served,14.0833511772133,Stable,0
65,128,5,BS1,Terrestrial,2496.53115061175,146.928374365506,12.4080860600697,38.5784783111112,893.334270320412,11.5781429106176,3.09548777427961,-Inf,Inf,12.4080860600697,Served,38.5784783111112,Stable,0
65,128,6,BS2,Terrestrial,4576.26928829528,160.787548714511,-1.45108828893464,3.57569843062278,893.334270320412,62.4587257324172,3.15917714427899,-Inf,Inf,-1.45108828893464,BelowTarget,3.57569843062278,Stable,0
66,130,1,BS2,Terrestrial,295.272687326099,93.0111480071988,66.325312418377,25.496073,893.334270320412,8.75952808811392,3.25635222557756,-Inf,Inf,66.325312418377,Served,25.496073,Stable,0
66,130,2,BS2,Terrestrial,144.900842099444,111.572148840695,47.7643115848804,25.496073,893.334270320412,8.75952808811392,3.25195774398915,-Inf,Inf,47.7643115848804,Served,25.496073,Stable,0
66,130,3,BS1,Terrestrial,158.603762337124,111.288895071743,48.0475653538325,50.992146,893.334270320412,8.75952808811392,3.25923201466807,-Inf,Inf,48.0475653538325,Served,50.992146,Stable,0
66,130,4,BS2,Terrestrial,1289.96390375941,145.305720783495,14.0307396420811,21.6503053141641,893.334270320412,10.315492753536,3.24134485156575,-Inf,Inf,14.0307396420811,Served,21.6503053141641,Stable,0
66,130,5,BS1,Terrestrial,2496.53115061175,142.305750981803,17.0307094437733,50.992146,893.334270320412,8.75952808811392,3.2320952404387,-Inf,Inf,17.0307094437733,Served,50.992146,Stable,0
66,130,6,BS2,Terrestrial,4576.26928829528,165.463436094733,-6.1269756691575,1.44552662272871,893.334270320412,154.499795485273,3.29616362211516,-Inf,Inf,-6.1269756691575,BelowTarget,1.44552662272871,Stable,0
67,132,1,BS2,Terrestrial,295.272687326099,90.7580640365044,68.5783963890715,25.496073,893.334270320412,8.75952808811392,3.39392495059985,-Inf,Inf,68.5783963890715,Served,25.496073,Stable,0
67,132,2,BS2,Terrestrial,144.900842099444,111.002041738672,48.3344186869034,25.496073,893.334270320412,8.75952808811392,3.38950388854513,-Inf,Inf,48.3344186869034,Served,25.496073,Stable,0
67,132,3,BS1,Terrestrial,158.603762337124,101.145807404548,58.1906530210278,50.992146,893.334270320412,8.75952808811392,3.39682209688831,-Inf,Inf,58.1906530210278,Served,50.992146,Stable,0
67,132,4,BS2,Terrestrial,1289.96390375941,147.968537003949,11.3679234216265,17.7998660641787,893.334270320412,12.5469240484652,3.37882628058793,-Inf,Inf,11.3679234216265,Served,17.7998660641787,Stable,0
67,132,5,BS1,Terrestrial,2496.53115061175,150.624902975816,8.71155744976014,28.2378764046597,893.334270320412,15.8180143846263,3.36952160305036,-Inf,Inf,8.71155744976014,Served,28.2378764046597,Stable,0
67,132,6,BS2,Terrestrial,4576.26928829528,163.246353682604,-3.90989325702768,2.25856306351439,893.334270320412,98.8830337252526,3.43397502072404,-Inf,Inf,-3.90989325702768,BelowTarget,2.25856306351439,Stable,0
68,134,1,BS2,Terrestrial,295.272687326099,91.7552979231355,67.5811625024404,33.994764,893.334270320412,8.75952808811392,3.53233192573092,-Inf,Inf,67.5811625024404,Served,33.994764,Stable,0
68,134,2,BS2,Terrestrial,144.900842099444,127.993006784734,31.3434536408417,33.994764,893.334270320412,8.75952808811392,3.52788385861182,-Inf,Inf,31.3434536408417,Served,33.994764,Stable,0
68,134,3,BS1,Terrestrial,158.603762337124,114.704783877001,44.6316765485748,50.992146,893.334270320412,8.75952808811392,3.53524670644881,-Inf,Inf,44.6316765485748,Served,50.992146,Stable,0
68,134,4,BS2,Terrestrial,1289.96390375941,148.677519611756,10.6589408138197,22.3976356094302,893.334270320412,13.2950680732313,3.51714050103065,-Inf,Inf,10.6589408138197,Served,22.3976356094302,Stable,0
68,134,5,BS1,Terrestrial,2496.53115061175,151.894912546628,7.44154787894755,24.8879524302031,893.334270320412,17.9471226655893,3.507779878852,-Inf,Inf,7.44154787894755,Served,24.8879524302031,Stable,0
68,134,6,None,Outage,4576.26928829528,169.564963228217,-10.2285028026409,NaN,NaN,Inf,3.57262448200453,-Inf,Inf,-10.2285028026409,Outage,0,Outage,0
69,136,1,BS2,Terrestrial,295.272687326099,91.3260274532405,68.0104329723354,25.496073,893.334270320412,8.75952808811392,3.67158648746909,-Inf,Inf,68.0104329723354,Served,25.496073,Stable,0
69,136,2,BS2,Terrestrial,144.900842099444,108.291818687255,51.0446417383204,25.496073,893.334270320412,8.75952808811392,3.66711098181232,-Inf,Inf,51.0446417383204,Served,25.496073,Stable,0
69,136,3,BS1,Terrestrial,158.603762337124,100.8873110884,58.4491493371757,50.992146,893.334270320412,8.75952808811392,3.67451918563797,-Inf,Inf,58.4491493371757,Served,50.992146,Stable,0
69,136,4,BS2,Terrestrial,1289.96390375941,147.976798600903,11.359661824673,17.7881266366509,893.334270320412,12.5552044991597,3.65630081886037,-Inf,Inf,11.359661824673,Served,17.7881266366509,Stable,0
69,136,5,BS1,Terrestrial,2496.53115061175,145.615160802197,13.7212996233791,42.3941049759675,893.334270320412,10.5360671115339,3.64688335553147,-Inf,Inf,13.7212996233791,Served,42.3941049759675,Stable,0
69,136,6,BS2,Terrestrial,4576.26928829528,166.59114704434,-7.25468661876397,1.1416764257713,893.334270320412,195.618970961253,3.71212542198901,-Inf,Inf,-7.25468661876397,BelowTarget,1.1416764257713,Stable,0
70,138,1,BS2,Terrestrial,295.272687326099,91.2609342872415,68.0755261383344,25.496073,893.334270320412,8.75952808811392,3.81170225141878,-Inf,Inf,68.0755261383344,Served,25.496073,Stable,0
70,138,2,BS2,Terrestrial,144.900842099444,115.189901018903,44.1465594066732,25.496073,893.334270320412,8.75952808811392,3.80719886464871,-Inf,Inf,44.1465594066732,Served,25.496073,Stable,0
70,138,3,BS1,Terrestrial,158.603762337124,105.973391690951,53.3630687346251,50.992146,893.334270320412,8.75952808811392,3.81465315599828,-Inf,Inf,53.3630687346251,Served,50.992146,Stable,0
70,138,4,BS2,Terrestrial,1289.96390375941,146.527958426073,12.8085019995031,19.8680234127889,893.334270320412,11.240854862107,3.79632081836715,-Inf,Inf,12.8085019995031,Served,19.8680234127889,Stable,0
70,138,5,BS1,Terrestrial,2496.53115061175,145.685010635552,13.6514497900241,42.1898369375414,893.334270320412,10.5870789645729,3.78684559863481,-Inf,Inf,13.6514497900241,Served,42.1898369375414,Stable,0
70,138,6,BS2,Terrestrial,4576.26928829528,164.331388572692,-4.9949281471165,1.82137684336778,893.334270320412,122.617990007578,3.85249153784584,-Inf,Inf,-4.9949281471165,BelowTarget,1.82137684336778,Stable,0
71,140,1,BS2,Terrestrial,295.272687326099,89.4822613906042,69.8541990349717,33.994764,893.334270320412,8.75952808811392,3.95269311944138,-Inf,Inf,69.8541990349717,Served,33.994764,Stable,0
71,140,2,BS2,Terrestrial,144.900842099444,108.825512784319,50.510947641257,33.994764,893.334270320412,8.75952808811392,3.94816139964613,-Inf,Inf,50.510947641257,Served,33.994764,Stable,0
71,140,3,BS1,Terrestrial,158.603762337124,111.092352312272,48.2441081133035,33.994764,893.334270320412,8.75952808811392,3.95566252548161,-Inf,Inf,48.2441081133035,Served,33.994764,Stable,0
71,140,4,BS1,Terrestrial,1684.50527938871,157.607190366875,1.72927005870088,8.05165827259153,893.334270320412,36.9834486295157,3.9372143692919,-Inf,Inf,1.72927005870088,Served,8.05156778958899,InTransition,0.0224756191750323
71,140,5,BS1,Terrestrial,2496.53115061175,145.48024948353,13.8562109420454,28.5260101331779,893.334270320412,10.4388271867178,3.92768045867972,-Inf,Inf,13.8562109420454,Served,28.5260101331779,Stable,0
71,140,6,BS2,Terrestrial,4576.26928829528,163.948326151205,-4.6118657256294,2.62213944638734,893.334270320412,113.563025992789,3.99373681509078,-Inf,Inf,-4.6118657256294,BelowTarget,2.62213944638734,Stable,0
72,142,1,BS2,Terrestrial,295.272687326099,89.7226350679138,69.6138253576621,33.994764,893.334270320412,8.75952808811392,4.0945732870206,-Inf,Inf,69.6138253576621,Served,33.994764,Stable,0
72,142,2,BS2,Terrestrial,144.900842099444,112.967418495775,46.3690419298008,33.994764,893.334270320412,8.75952808811392,4.09001277271111,-Inf,Inf,46.3690419298008,Served,33.994764,Stable,0
72,142,3,BS1,Terrestrial,158.603762337124,104.770228423612,54.5662320019635,50.992146,893.334270320412,8.75952808811392,4.0975614958192,-Inf,Inf,54.5662320019635,Served,50.992146,Stable,0
72,142,4,BS2,Terrestrial,1289.96390375941,153.427270271113,5.90919015446303,14.0294685423688,893.334270320412,21.2251867707974,4.07899563416755,-Inf,Inf,5.90919015446303,Served,14.0293478087911,InTransition,0.0172114256958314
72,142,5,BS1,Terrestrial,2496.53115061175,141.201465229092,18.1349951964835,50.992146,893.334270320412,8.75952808811392,4.06940207848229,-Inf,Inf,18.1349951964835,Served,50.992146,Stable,0
72,142,6,None,Outage,4576.26928829528,172.190758396667,-12.8542979710914,NaN,NaN,Inf,4.13587553501506,-Inf,Inf,-12.8542979710914,Outage,0,Outage,0
73,144,1,BS2,Terrestrial,295.272687326099,91.1723835283583,68.1640768972176,25.496073,893.334270320412,8.75952808811392,4.2373572508495,-Inf,Inf,68.1640768972176,Served,25.496073,Stable,0
73,144,2,BS2,Terrestrial,144.900842099444,110.868250352814,48.4682100727615,25.496073,893.334270320412,8.75952808811392,4.23276747071131,-Inf,Inf,48.4682100727615,Served,25.496073,Stable,0
73,144,3,BS1,Terrestrial,158.603762337124,104.111242155818,55.2252182697581,50.992146,893.334270320412,8.75952808811392,4.24036457011336,-Inf,Inf,55.2252182697581,Served,50.992146,Stable,0
73,144,4,BS2,Terrestrial,1289.96390375941,144.047423539429,15.2890368861466,23.5052679942843,893.334270320412,9.50142613283158,4.22167907588095,-Inf,Inf,15.2890368861466,Served,23.5052679942843,Stable,0
73,144,5,BS1,Terrestrial,2496.53115061175,144.811827544688,14.5246328808875,44.7525048995319,893.334270320412,9.98082981417378,4.21202490070419,-Inf,Inf,14.5246328808875,Served,44.7525048995319,Stable,0
73,144,6,BS2,Terrestrial,4576.26928829528,162.301533970761,-2.96507354518525,2.70804431226589,893.334270320412,82.4704258229935,4.27892228233708,-Inf,Inf,-2.96507354518525,BelowTarget,2.70804431226589,Stable,0
74,146,1,BS2,Terrestrial,295.272687326099,87.975441692013,71.3610187335629,25.496073,893.334270320412,8.75952808811392,4.38105981664704,-Inf,Inf,71.3610187335629,Served,25.496073,Stable,0
74,146,2,BS2,Terrestrial,144.900842099444,108.376617104703,50.9598433208727,25.496073,893.334270320412,8.75952808811392,4.3764402892846,-Inf,Inf,50.9598433208727,Served,25.496073,Stable,0
74,146,3,BS1,Terrestrial,158.603762337124,94.3659863435659,64.97047408201,50.992146,893.334270320412,8.75952808811392,4.38408656065894,-Inf,Inf,64.97047408201,Served,50.992146,Stable,0
74,146,4,BS2,Terrestrial,1289.96390375941,149.292487856282,10.043972569294,15.9397716811519,893.334270320412,14.0110894966071,4.36527946546346,-Inf,Inf,10.043972569294,Served,15.9397716811519,Stable,0
74,146,5,BS1,Terrestrial,2496.53115061175,138.11051479951,21.2259456260662,50.992146,893.334270320412,8.75952808811392,4.35556367562787,-Inf,Inf,21.2259456260662,Served,50.992146,Stable,0
74,146,6,BS2,Terrestrial,4576.26928829528,162.791358689995,-3.45489826441903,2.46662970543971,893.334270320412,90.5419922121189,4.42289195308609,-Inf,Inf,-3.45489826441903,BelowTarget,2.46662970543971,Stable,0
75,148,1,BS2,Terrestrial,295.272687326099,89.8070671737895,69.5293932517864,50.992146,893.334270320412,8.75952808811392,4.52569610721134,-Inf,Inf,69.5293932517864,Served,50.992146,Stable,0
75,148,2,BS2,Terrestrial,144.900842099444,123.889423667169,35.4470367584064,50.992146,893.334270320412,8.75952808811392,4.52104634088445,-Inf,Inf,35.4470367584064,Served,50.992146,Stable,0
75,148,3,BS1,Terrestrial,158.603762337124,100.007507772322,59.3289526532538,33.994764,893.334270320412,8.75952808811392,4.52874259700165,-Inf,Inf,59.3289526532538,Served,33.994764,Stable,0
75,148,4,BS1,Terrestrial,1684.50527938871,155.77070524165,3.56575518392609,10.4686175674948,893.334270320412,28.4448341136663,4.50981189011724,-Inf,Inf,3.56575518392609,Served,10.468499923164,InTransition,0.0224756191750323
75,148,5,BS1,Terrestrial,2496.53115061175,158.762274943612,0.574185481963724,6.72294300453261,893.334270320412,44.2928178784265,4.50003346916709,-Inf,Inf,0.574185481963724,Served,6.72294300453261,Stable,0
75,148,6,None,Outage,4185.25875071361,168.265725344392,-8.92926491881599,NaN,NaN,Inf,4.56779976272449,-Inf,Inf,-8.92926491881599,Outage,0,Outage,0
76,150,1,BS2,Terrestrial,295.272687326099,87.5825284216905,71.7539320038854,33.994764,893.334270320412,8.75952808811392,4.67128157071842,-Inf,Inf,71.7539320038854,Served,33.994764,Stable,0
76,150,2,BS2,Terrestrial,144.900842099444,116.150522965852,43.1859374597242,33.994764,893.334270320412,8.75952808811392,4.66660106307071,-Inf,Inf,43.1859374597242,Served,33.994764,Stable,0
76,150,3,BS1,Terrestrial,158.603762337124,112.072268436075,47.2641919895006,50.992146,893.334270320412,8.75952808811392,4.67434813424205,-Inf,Inf,47.2641919895006,Served,50.992146,Stable,0
76,150,4,BS2,Terrestrial,1289.96390375941,159.481968176328,-0.145507750751676,5.97332876833846,893.334270320412,49.851280861213,4.65529176148635,-Inf,Inf,-0.145507750751676,Served,5.97327736358634,InTransition,0.0172114256958314
76,150,5,BS1,Terrestrial,2496.53115061175,152.908338841309,6.42812158426642,22.3186539259708,893.334270320412,20.0131753752607,4.64544967112161,-Inf,Inf,6.42812158426642,Served,22.3186539259708,Stable,0
76,150,6,None,Outage,4185.25875071361,169.516585721073,-10.1801252954972,NaN,NaN,Inf,4.71366125451834,-Inf,Inf,-10.1801252954972,Outage,0,Outage,0
77,152,1,BS2,Terrestrial,295.272687326099,87.992265219574,71.3441952060019,33.994764,893.334270320412,8.75952808811392,4.81783198927438,-Inf,Inf,71.3441952060019,Served,33.994764,Stable,0
77,152,2,BS2,Terrestrial,144.900842099444,119.882821374839,39.4536390507373,33.994764,893.334270320412,8.75952808811392,4.81312022705342,-Inf,Inf,39.4536390507373,Served,33.994764,Stable,0
77,152,3,BS1,Terrestrial,158.603762337124,100.317411904781,59.0190485207949,50.992146,893.334270320412,8.75952808811392,4.82091896159308,-Inf,Inf,59.0190485207949,Served,50.992146,Stable,0
77,152,4,BS2,Terrestrial,1289.96390375941,145.281299951271,14.0551604743049,28.9148389369312,893.334270320412,10.2984523191125,4.80173482418011,-Inf,Inf,14.0551604743049,Served,28.9148389369312,Stable,0
77,152,5,BS1,Terrestrial,2496.53115061175,146.758131034814,12.5783293907622,39.0699576947623,893.334270320412,11.432496002423,4.79182800368363,-Inf,Inf,12.5783293907622,Served,39.0699576947623,Stable,0
77,152,6,None,Outage,4576.26928829528,169.111478328134,-9.77501790255766,NaN,NaN,Inf,4.86049230816354,-Inf,Inf,-9.77501790255766,Outage,0,Outage,0
78,154,1,BS2,Terrestrial,295.272687326099,91.2591503605562,68.0773100650197,25.496073,893.334270320412,8.75952808811392,4.96536348772982,-Inf,Inf,68.0773100650197,Served,25.496073,Stable,0
78,154,2,BS2,Terrestrial,144.900842099444,117.582860463513,41.7535999620627,25.496073,893.334270320412,8.75952808811392,4.96061994649866,-Inf,Inf,41.7535999620627,Served,25.496073,Stable,0
78,154,3,BS1,Terrestrial,158.603762337124,105.232269098979,54.1041913265966,50.992146,893.334270320412,8.75952808811392,4.96847121120021,-Inf,Inf,54.1041913265966,Served,50.992146,Stable,0
78,154,4,BS2,Terrestrial,1289.96390375941,149.059542213095,10.2769182124813,16.263734668153,893.334270320412,13.7319977321953,4.94915716455782,-Inf,Inf,10.2769182124813,Served,16.263734668153,Stable,0
78,154,5,BS1,Terrestrial,2496.53115061175,139.449978535611,19.8864818899648,50.992146,893.334270320412,8.75952808811392,4.93918453020495,-Inf,Inf,19.8864818899648,Served,50.992146,Stable,0
78,154,6,BS2,Terrestrial,4576.26928829528,162.171945000202,-2.83548457462632,2.77502610992632,893.334270320412,80.4798076606322,5.00830914867688,-Inf,Inf,-2.83548457462632,BelowTarget,2.77502610992632,Stable,0
79,156,1,BS2,Terrestrial,295.272687326099,91.1949368252124,68.1415236003635,25.496073,893.334270320412,8.75952808811392,5.11389254276612,-Inf,Inf,68.1415236003635,Served,25.496073,Stable,0
79,156,2,BS2,Terrestrial,144.900842099444,113.926589523047,45.409870902529,25.496073,893.334270320412,8.75952808811392,5.1091166866059,-Inf,Inf,45.409870902529,Served,25.496073,Stable,0
79,156,3,BS1,Terrestrial,158.603762337124,100.390249131284,58.9462112942923,50.992146,893.334270320412,8.75952808811392,5.11702136723334,-Inf,Inf,58.9462112942923,Served,50.992146,Stable,0
79,156,4,BS2,Terrestrial,1289.96390375941,155.058858875995,4.27760154958079,8.62368986268805,893.334270320412,25.8976808229614,5.09757521978418,-Inf,Inf,4.27760154958079,Served,8.62368986268805,Stable,0
79,156,5,BS1,Terrestrial,2496.53115061175,142.081639271038,17.2548211545378,50.992146,893.334270320412,8.75952808811392,5.08753566423438,-Inf,Inf,17.2548211545378,Served,50.992146,Stable,0
79,156,6,BS2,Terrestrial,4576.26928829528,164.481020910885,-5.14456048530886,1.76722703337663,893.334270320412,126.375142164604,5.15712835556153,-Inf,Inf,-5.14456048530886,BelowTarget,1.76722703337663,Stable,0
80,158,1,BS2,Terrestrial,295.272687326099,88.7246157065939,70.611844718982,25.496073,893.334270320412,8.75952808811392,5.26343599226195,-Inf,Inf,70.611844718982,Served,25.496073,Stable,0
80,158,2,BS2,Terrestrial,144.900842099444,111.402450191966,47.9340102336098,25.496073,893.334270320412,8.75952808811392,5.2586272734653,-Inf,Inf,47.9340102336098,Served,25.496073,Stable,0
80,158,3,BS1,Terrestrial,158.603762337124,99.2881159297004,60.0483444958754,50.992146,893.334270320412,8.75952808811392,5.26658627525948,-Inf,Inf,60.0483444958754,Served,50.992146,Stable,0
80,158,4,BS2,Terrestrial,1289.96390375941,151.026943398774,8.30951702680159,13.5816512737267,893.334270320412,16.4437713116766,5.24700578716411,-Inf,Inf,8.30951702680159,Served,13.5816512737267,Stable,0
80,158,5,BS1,Terrestrial,2496.53115061175,162.074231066302,-2.73777064072598,5.65281900831381,893.334270320412,79.0167055593459,5.23689817883377,-Inf,Inf,-2.73777064072598,Served,5.65281900831381,Stable,0
80,158,6,BS2,Terrestrial,4576.26928829528,163.928050176911,-4.59158975133474,1.9745620316345,893.334270320412,113.105369191786,5.30696687225559,-Inf,Inf,-4.59158975133474,BelowTarget,1.9745620316345,Stable,0
81,160,1,BS2,Terrestrial,295.272687326099,91.4550666511134,67.8813937744624,25.496073,893.334270320412,8.75952808811392,5.41401104495059,-Inf,Inf,67.8813937744624,Served,25.496073,Stable,0
81,160,2,BS2,Terrestrial,144.900842099444,118.185987704449,41.1504727211269,25.496073,893.334270320412,8.75952808811392,5.40916890370546,-Inf,Inf,41.1504727211269,Served,25.496073,Stable,0
81,160,3,BS1,Terrestrial,158.603762337124,103.521602486607,55.8148579389688,50.992146,893.334270320412,8.75952808811392,5.41718315190613,-Inf,Inf,55.8148579389688,Served,50.992146,Stable,0
81,160,4,BS2,Terrestrial,1289.96390375941,149.104854341539,10.2316060840365,16.2005988976209,893.334270320412,13.7855130536502,5.39746603376693,-Inf,Inf,10.2316060840365,Served,16.2005988976209,Stable,0
81,160,5,BS1,Terrestrial,2496.53115061175,156.917972230013,2.41848819556247,13.3745154526557,893.334270320412,33.3968835537524,5.38728921618275,-Inf,Inf,2.41848819556247,Served,13.3745154526557,Stable,0
81,160,6,BS2,Terrestrial,4576.26928829528,164.206334050285,-4.86987362470924,1.86773255950943,893.334270320412,119.574703799543,5.45784201587417,-Inf,Inf,-4.86987362470924,BelowTarget,1.86773255950943,Stable,0
82,162,1,BS2,Terrestrial,295.272687326099,86.1330442119162,73.2034162136597,33.994764,893.334270320412,8.75952808811392,5.56563529037817,-Inf,Inf,73.2034162136597,Served,33.994764,Stable,0
82,162,2,BS2,Terrestrial,144.900842099444,112.007912060641,47.3285483649344,33.994764,893.334270320412,8.75952808811392,5.56075915444188,-Inf,Inf,47.3285483649344,Served,33.994764,Stable,0
82,162,3,BS1,Terrestrial,158.603762337124,103.431814184765,55.9046462408108,50.992146,893.334270320412,8.75952808811392,5.56882959482602,-Inf,Inf,55.9046462408108,Served,50.992146,Stable,0
82,162,4,BS2,Terrestrial,1289.96390375941,150.483396076652,8.85306434892414,19.079308192615,893.334270320412,15.6073840361814,5.54897350635068,-Inf,Inf,8.85306434892414,Served,19.079308192615,Stable,0
82,162,5,BS1,Terrestrial,2496.53115061175,140.640995157486,18.6954652680901,50.992146,893.334270320412,8.75952808811392,5.5387262974831,-Inf,Inf,18.6954652680901,Served,50.992146,Stable,0
82,162,6,None,Outage,4185.25875071361,171.358236598839,-12.0217761732634,NaN,NaN,Inf,5.60977148725549,-Inf,Inf,-12.0217761732634,Outage,0,Outage,0
83,164,1,BS2,Terrestrial,295.272687326099,91.5700333477195,67.7664270778564,33.994764,893.334270320412,8.75952808811392,5.71832670917267,-Inf,Inf,67.7664270778564,Served,33.994764,Stable,0
83,164,2,BS2,Terrestrial,144.900842099444,112.621487689661,46.7149727359153,33.994764,893.334270320412,8.75952808811392,5.71341599353565,-Inf,Inf,46.7149727359153,Served,33.994764,Stable,0
83,164,3,BS1,Terrestrial,158.603762337124,98.2156771673623,61.1207832582135,50.992146,893.334270320412,8.75952808811392,5.72154359297279,-Inf,Inf,61.1207832582135,Served,50.992146,Stable,0
83,164,4,BS2,Terrestrial,1289.96390375941,148.424595890019,10.9118645355573,22.8722225336716,893.334270320412,13.0192022077621,5.70154614159565,-Inf,Inf,10.9118645355573,Served,22.8722225336716,Stable,0
83,164,5,BS1,Terrestrial,2496.53115061175,144.099390881958,15.2370695436176,46.8566406220814,893.334270320412,9.53263249840646,5.69122733317151,-Inf,Inf,15.2370695436176,Served,46.8566406220814,Stable,0
83,164,6,None,Outage,4185.25875071361,170.228214991431,-10.8917545658552,NaN,NaN,Inf,5.7627733813206,-Inf,Inf,-10.8917545658552,Outage,0,Outage,0
84,166,1,BS2,Terrestrial,295.272687326099,92.6677357704573,66.6687246551185,33.994764,893.334270320412,8.75952808811392,5.87210368363507,-Inf,Inf,66.6687246551185,Served,33.994764,Stable,0
84,166,2,BS1,Terrestrial,565.376556244471,125.550516146621,33.7859442789546,33.994764,893.334270320412,8.75952808811392,5.86715779017409,-Inf,Inf,33.7859442789546,Served,33.9946357790119,InTransition,0.00754357277719736
84,166,3,BS1,Terrestrial,158.603762337124,103.398947006621,55.9375134189545,33.994764,893.334270320412,8.75952808811392,5.87534353719887,-Inf,Inf,55.9375134189545,Served,33.994764,Stable,0
84,166,4,BS2,Terrestrial,1289.96390375941,149.467653072491,9.86880735308483,20.9295869485891,893.334270320412,14.227614278211,5.85520227665907,-Inf,Inf,9.86880735308483,Served,20.9295869485891,Stable,0
84,166,5,BS1,Terrestrial,2496.53115061175,144.06052024599,15.2759401795856,31.314497714371,893.334270320412,9.50927244060972,5.84481063345269,-Inf,Inf,15.2759401795856,Served,31.314497714371,Stable,0
84,166,6,BS2,Terrestrial,4576.26928829528,162.926786884178,-3.59032645860208,3.20413294598399,893.334270320412,92.9356225621146,5.91686619775861,-Inf,Inf,-3.59032645860208,BelowTarget,3.20413294598399,Stable,0
85,168,1,BS2,Terrestrial,295.272687326099,90.4893799757491,68.8470804498268,25.496073,893.334270320412,8.75952808811392,6.02698500866443,-Inf,Inf,68.8470804498268,Served,25.496073,Stable,0
85,168,2,BS2,Terrestrial,144.900842099444,112.840174869996,46.4962855555795,25.496073,893.334270320412,8.75952808811392,6.02200332578483,-Inf,Inf,46.4962855555795,Served,25.4960483535998,InTransition,0.00193334873153406
85,168,3,BS1,Terrestrial,158.603762337124,99.4701608303321,59.8662995952437,50.992146,893.334270320412,8.75952808811392,6.03024823118784,-Inf,Inf,59.8662995952437,Served,50.992146,Stable,0
85,168,4,BS2,Terrestrial,1289.96390375941,149.60011100175,9.73634942382577,15.5143572020669,893.334270320412,14.3952833282935,6.00996066006233,-Inf,Inf,9.73634942382577,Served,15.5143572020669,Stable,0
85,168,5,BS1,Terrestrial,2496.53115061175,140.614976693911,18.7214837316645,50.992146,893.334270320412,8.75952808811392,5.99949491916452,-Inf,Inf,18.7214837316645,Served,50.992146,Stable,0
85,168,6,BS2,Terrestrial,4576.26928829528,164.225792520031,-4.8893320944552,1.86045313215899,893.334270320412,120.042565824237,6.072068852049,-Inf,Inf,-4.8893320944552,BelowTarget,1.86045313215899,Stable,0
86,170,1,BS2,Terrestrial,295.272687326099,89.7310539830684,69.6054064425074,33.994764,893.334270320412,8.75952808811392,6.18298990302743,-Inf,Inf,69.6054064425074,Served,33.994764,Stable,0
86,170,2,BS2,Terrestrial,144.900842099444,118.90467653715,40.4317838884263,33.994764,893.334270320412,8.75952808811392,6.17797180529409,-Inf,Inf,40.4317838884263,Served,33.994764,Stable,0
86,170,3,BS1,Terrestrial,158.603762337124,96.7883755926826,62.5480848328932,50.992146,893.334270320412,8.75952808811392,6.18627690273124,-Inf,Inf,62.5480848328932,Served,50.992146,Stable,0
86,170,4,BS2,Terrestrial,1289.96390375941,151.427674945182,7.90878548039373,17.4032575794886,893.334270320412,17.110479963117,6.16584046292135,-Inf,Inf,7.90878548039373,Served,17.4032575794886,Stable,0
86,170,5,BS1,Terrestrial,2496.53115061175,151.177319931693,8.15914049388309,26.7645982247883,893.334270320412,16.6887293210522,6.1552993329853,-Inf,Inf,8.15914049388309,Served,26.7645982247883,Stable,0
86,170,6,None,Outage,4185.25875071361,170.622476038608,-11.2860156130318,NaN,NaN,Inf,6.22840068683198,-Inf,Inf,-11.2860156130318,Outage,0,Outage,0
87,172,1,BS2,Terrestrial,295.272687326099,87.2354382896284,72.1010221359475,50.992146,893.334270320412,8.75952808811392,6.34013802098546,-Inf,Inf,72.1010221359475,Served,50.992146,Stable,0
87,172,2,BS2,Terrestrial,144.900842099444,110.09335871267,49.2431017129063,50.992146,893.334270320412,8.75952808811392,6.33508286874195,-Inf,Inf,49.2431017129063,Served,50.992146,Stable,0
87,172,3,BS1,Terrestrial,158.603762337124,107.008680807927,52.327779617649,33.994764,893.334270320412,8.75952808811392,6.34344921536333,-Inf,Inf,52.327779617649,Served,33.994764,Stable,0
87,172,4,BS1,Terrestrial,1684.50527938871,157.366542853489,1.96991757208693,8.34759251672581,893.334270320412,35.6723318142513,6.32286129053302,-Inf,Inf,1.96991757208693,Served,8.34749870807059,InTransition,0.0224756191750323
87,172,5,BS1,Terrestrial,2496.53115061175,164.34953468904,-5.01307426346438,2.41964538136634,893.334270320412,123.066831362971,6.31224345099647,-Inf,Inf,-5.01307426346438,BelowTarget,2.41964538136634,Stable,0
87,172,6,None,Outage,4576.26928829528,169.01277231121,-9.67631188563448,NaN,NaN,Inf,6.38588148363965,-Inf,Inf,-9.67631188563448,Outage,0,Outage,0
88,174,1,BS2,Terrestrial,295.272687326099,89.7266534906325,69.6098069349434,25.496073,893.334270320412,8.75952808811392,6.49844946429227,-Inf,Inf,69.6098069349434,Served,25.496073,Stable,0
88,174,2,BS2,Terrestrial,144.900842099444,108.576641425727,50.7598189998489,25.496073,893.334270320412,8.75952808811392,6.49335660326792,-Inf,Inf,50.7598189998489,Served,25.496073,Stable,0
88,174,3,BS1,Terrestrial,158.603762337124,110.166047785503,49.1704126400724,101.984292,893.334270320412,8.75952808811392,6.50178528036665,-Inf,Inf,49.1704126400724,Served,101.984292,Stable,0
88,174,4,BS2,Terrestrial,1289.96390375941,147.067941547329,12.2685188782474,19.0881684119488,893.334270320412,11.700104628179,6.48104319433091,-Inf,Inf,12.2685188782474,Served,19.0880041446527,InTransition,0.0172114256958314
88,174,5,BS2,Terrestrial,2067.2298489109,157.038001396048,2.29845902952826,6.5714959668281,893.334270320412,33.9851943465319,6.47034729461365,-Inf,Inf,2.29845902952826,Served,6.57140533884696,InTransition,0.0275821461647431
88,174,6,None,Outage,4185.25875071361,178.129402157406,-18.7929417318304,NaN,NaN,Inf,6.54453147500176,-Inf,Inf,-18.7929417318304,Outage,0,Outage,0
89,176,1,BS2,Terrestrial,295.272687326099,92.2744173920442,67.0620430335317,33.994764,893.334270320412,8.75952808811392,6.65794479457366,-Inf,Inf,67.0620430335317,Served,33.994764,Stable,0
89,176,2,BS2,Terrestrial,144.900842099444,109.037543254578,50.2989171709979,33.994764,893.334270320412,8.75952808811392,6.65281355547803,-Inf,Inf,50.2989171709979,Served,33.994764,Stable,0
89,176,3,BS1,Terrestrial,158.603762337124,101.800443061795,57.5360173637812,33.994764,893.334270320412,8.75952808811392,6.66130566915983,-Inf,Inf,57.5360173637812,Served,33.994764,Stable,0
89,176,4,BS1,Terrestrial,1684.50527938871,153.149028140386,6.18743228519028,14.4825731129639,893.334270320412,20.5611314912163,6.64040668422143,-Inf,Inf,6.18743228519028,Served,14.4824103605649,InTransition,0.0224756191750323
89,176,5,BS1,Terrestrial,2496.53115061175,148.032941882092,11.3035185434835,23.6111860218238,893.334270320412,12.6117379208129,6.62963134289721,-Inf,Inf,11.3035185434835,Served,23.6107927760311,InTransition,0.0333101261755124
89,176,6,BS2,Terrestrial,4576.26928829528,163.995251932163,-4.65879150658671,2.597725096535,893.334270320412,114.630331940819,6.704371356937,-Inf,Inf,-4.65879150658671,BelowTarget,2.597725096535,Stable,0
90,178,1,BS2,Terrestrial,295.272687326099,93.0816865054867,66.2547739200891,33.994764,893.334270320412,8.75952808811392,6.81864504610506,-Inf,Inf,66.2547739200891,Served,33.994764,Stable,0
90,178,2,BS2,Terrestrial,144.900842099444,112.393400863339,46.9430595622366,33.994764,893.334270320412,8.75952808811392,6.81347474420933,-Inf,Inf,46.9430595622366,Served,33.994764,Stable,0
90,178,3,BS1,Terrestrial,158.603762337124,103.620696782992,55.7157636425835,50.992146,893.334270320412,8.75952808811392,6.82203142608374,-Inf,Inf,55.7157636425835,Served,50.992146,Stable,0
90,178,4,BS2,Terrestrial,1289.96390375941,156.405237542586,2.93122288298966,9.59311956058033,893.334270320412,31.040798379124,6.80097274131628,-Inf,Inf,2.93122288298966,Served,9.59303700494807,InTransition,0.0172114256958314
90,178,5,BS1,Terrestrial,2496.53115061175,160.912965380711,-1.57650495513559,6.99316013662943,893.334270320412,63.8720015605836,6.79011654525844,-Inf,Inf,-1.57650495513559,Served,6.99316013662943,Stable,0
90,178,6,None,Outage,4576.26928829528,167.745212563728,-8.40875213815175,NaN,NaN,Inf,6.8654223018464,-Inf,Inf,-8.40875213815175,Outage,0,Outage,0
91,180,1,BS2,Terrestrial,295.272687326099,89.2330826890976,70.1033777364783,25.496073,893.334270320412,8.75952808811392,6.98057173899924,-Inf,Inf,70.1033777364783,Served,25.496073,Stable,0
91,180,2,BS2,Terrestrial,144.900842099444,112.096096704397,47.2403637211793,25.496073,893.334270320412,8.75952808811392,6.9753616737042,-Inf,Inf,47.2403637211793,Served,25.496073,Stable,0
91,180,3,BS1,Terrestrial,158.603762337124,111.992995992706,47.3434644328694,50.992146,893.334270320412,8.75952808811392,6.98398408159787,-Inf,Inf,47.3434644328694,Served,50.992146,Stable,0
91,180,4,BS2,Terrestrial,1289.96390375941,155.438652287888,3.89780813768832,8.20713498164658,893.334270320412,27.2121231196439,6.96276283107353,-Inf,Inf,3.89780813768832,Served,8.20713498164658,Stable,0
91,180,5,BS1,Terrestrial,2496.53115061175,149.683138373646,9.65332205192988,30.8000511106667,893.334270320412,14.5021556475767,6.95182433457317,-Inf,Inf,9.65332205192988,Served,30.8000511106667,Stable,0
91,180,6,BS2,Terrestrial,4576.26928829528,164.055069382885,-4.71860895730882,1.92516541304141,893.334270320412,116.007469315209,7.02770597182075,-Inf,Inf,-4.71860895730882,BelowTarget,1.92516541304141,Stable,0
92,182,1,BS2,Terrestrial,295.272687326099,90.717052216544,68.6194082090318,33.994764,893.334270320412,8.75952808811392,7.14374689282012,-Inf,Inf,68.6194082090318,Served,33.994764,Stable,0
92,182,2,BS2,Terrestrial,144.900842099444,113.340922454913,45.995537970663,33.994764,893.334270320412,8.75952808811392,7.13849634721006,-Inf,Inf,45.995537970663,Served,33.994764,Stable,0
92,182,3,BS1,Terrestrial,158.603762337124,107.850065118769,51.4863953068066,50.992146,893.334270320412,8.75952808811392,7.14718566590327,-Inf,Inf,51.4863953068066,Served,50.992146,Stable,0
92,182,4,BS2,Terrestrial,1289.96390375941,149.423608955177,9.9128514703992,21.01080131426,893.334270320412,14.1726193900421,7.12579891686297,-Inf,Inf,9.9128514703992,Served,21.01080131426,Stable,0
92,182,5,BS1,Terrestrial,2496.53115061175,143.691032266409,15.6454281591664,48.0673434503859,893.334270320412,9.29252800544815,7.11477664071888,-Inf,Inf,15.6454281591664,Served,48.0673434503859,Stable,0
92,182,6,None,Outage,4576.26928829528,170.452901281618,-11.1164408560421,NaN,NaN,Inf,7.19124453237856,-Inf,Inf,-11.1164408560421,Outage,0,Outage,0
93,184,1,BS2,Terrestrial,295.272687326099,89.670412537493,69.6660478880829,33.994764,893.334270320412,8.75952808811392,7.3081930406371,-Inf,Inf,69.6660478880829,Served,33.994764,Stable,0
93,184,2,BS2,Terrestrial,144.900842099444,113.670946995135,45.6655134304408,33.994764,893.334270320412,8.75952808811392,7.30290128101938,-Inf,Inf,45.6655134304408,Served,33.994764,Stable,0
93,184,3,BS1,Terrestrial,158.603762337124,97.0650126422561,62.2714477833197,50.992146,893.334270320412,8.75952808811392,7.31165872300638,-Inf,Inf,62.2714477833197,Served,50.992146,Stable,0
93,184,4,BS2,Terrestrial,1289.96390375941,155.623319881095,3.71314054448089,10.6777772676059,893.334270320412,27.8876476483733,7.29010347397044,-Inf,Inf,3.71314054448089,Served,10.6777772676059,Stable,0
93,184,5,BS1,Terrestrial,2496.53115061175,153.703084419564,5.63337600601159,20.3791924683149,893.334270320412,21.9178034583399,7.2789959045496,-Inf,Inf,5.63337600601159,Served,20.3791924683149,Stable,0
93,184,6,None,Outage,4576.26928829528,167.894963025917,-8.55850260034083,NaN,NaN,Inf,7.35606066664892,-Inf,Inf,-8.55850260034083,Outage,0,Outage,0
94,186,1,BS2,Terrestrial,295.272687326099,91.0923157801222,68.2441446454537,25.496073,893.334270320412,8.75952808811392,7.47393324353631,-Inf,Inf,68.2441446454537,Served,25.496073,Stable,0
94,186,2,BS2,Terrestrial,144.900842099444,118.296543134354,41.0399172912215,25.496073,893.334270320412,8.75952808811392,7.46859951896571,-Inf,Inf,41.0399172912215,Served,25.496073,Stable,0
94,186,3,BS1,Terrestrial,158.603762337124,107.247180258264,52.0892801673116,50.992146,893.334270320412,8.75952808811392,7.47742632523984,-Inf,Inf,52.0892801673116,Served,50.992146,Stable,0
94,186,4,BS2,Terrestrial,1289.96390375941,151.406749801724,7.92971062385152,13.0799136257211,893.334270320412,17.0745445245852,7.45569950405701,-Inf,Inf,7.92971062385152,Served,13.0799136257211,Stable,0
94,186,5,BS1,Terrestrial,2496.53115061175,149.460434217384,9.87602620819192,31.4143391612459,893.334270320412,14.2185749274406,7.44450509232485,-Inf,Inf,9.87602620819192,Served,31.4143391612459,Stable,0
94,186,6,BS2,Terrestrial,4576.26928829528,164.368870493701,-5.03241006812482,1.80767890079719,893.334270320412,123.54714517142,7.52217759001567,-Inf,Inf,-5.03241006812482,BelowTarget,1.80767890079719,Stable,0
95,188,1,BS2,Terrestrial,295.272687326099,88.1318638974871,71.2045965280888,25.496073,893.334270320412,8.75952808811392,7.64099110560506,-Inf,Inf,71.2045965280888,Served,25.496073,Stable,0
95,188,2,BS2,Terrestrial,144.900842099444,113.914706487991,45.4217539375844,25.496073,893.334270320412,8.75952808811392,7.63561464739276,-Inf,Inf,45.4217539375844,Served,25.496073,Stable,0
95,188,3,BS1,Terrestrial,158.603762337124,116.479433267594,42.8570271579817,50.992146,893.334270320412,8.75952808811392,7.64451208825725,-Inf,Inf,42.8570271579817,Served,50.992146,Stable,0
95,188,4,BS2,Terrestrial,1289.96390375941,148.835188227418,10.5012721981579,16.577162313715,893.334270320412,13.4723641690671,7.6226105500897,-Inf,Inf,10.5012721981579,Served,16.577162313715,Stable,0
95,188,5,BS1,Terrestrial,2496.53115061175,144.113993803766,15.22246662181,46.8134053402606,893.334270320412,9.54143651617804,7.61132771060882,-Inf,Inf,15.22246662181,Served,46.8134053402606,Stable,0
95,188,6,BS2,Terrestrial,4576.26928829528,162.662958578063,-3.32649815248763,2.52813672416775,893.334270320412,88.3391967867655,7.68961906523997,-Inf,Inf,-3.32649815248763,BelowTarget,2.52813672416775,Stable,0
96,190,1,BS2,Terrestrial,295.272687326099,92.9252713575357,66.4111890680401,25.496073,893.334270320412,8.75952808811392,7.80939078940619,-Inf,Inf,66.4111890680401,Served,25.496073,Stable,0
96,190,2,BS2,Terrestrial,144.900842099444,114.119418480801,45.2170419447747,25.496073,893.334270320412,8.75952808811392,7.80397081061259,-Inf,Inf,45.2170419447747,Served,25.496073,Stable,0
96,190,3,BS1,Terrestrial,158.603762337124,98.4668745629687,60.8695858626071,50.992146,893.334270320412,8.75952808811392,7.8129401865178,-Inf,Inf,60.8695858626071,Served,50.992146,Stable,0
96,190,4,BS2,Terrestrial,1289.96390375941,142.509429788428,16.827030637148,25.496073,893.334270320412,8.75952808811392,7.79086071176006,-Inf,Inf,16.827030637148,Served,25.496073,Stable,0
96,190,5,BS1,Terrestrial,2496.53115061175,143.702455380274,15.6340050453022,48.0334337703403,893.334270320412,9.2990881579658,7.77948782165636,-Inf,Inf,15.6340050453022,Served,48.0334337703403,Stable,0
96,190,6,BS2,Terrestrial,4576.26928829528,164.533690832385,-5.19723040680933,1.74850336496191,893.334270320412,127.728417374232,7.85840941807725,-Inf,Inf,-5.19723040680933,BelowTarget,1.74850336496191,Stable,0
97,192,1,BS2,Terrestrial,295.272687326099,90.7812250214106,68.5552354041652,33.994764,893.334270320412,8.75952808811392,7.97915703196068,-Inf,Inf,68.5552354041652,Served,33.994764,Stable,0
97,192,2,BS2,Terrestrial,144.900842099444,112.10842533153,47.2280350940461,33.994764,893.334270320412,8.75952808811392,7.97369272687151,-Inf,Inf,47.2280350940461,Served,33.994764,Stable,0
97,192,3,BS1,Terrestrial,158.603762337124,99.2161075562868,60.1203528692891,50.992146,893.334270320412,8.75952808811392,7.98273536927992,-Inf,Inf,60.1203528692891,Served,50.992146,Stable,0
97,192,4,BS2,Terrestrial,1289.96390375941,153.526997616443,5.80946280913284,13.8684888829001,893.334270320412,21.4715599241649,7.96047466140895,-Inf,Inf,5.80946280913284,Served,13.8684888829001,Stable,0
97,192,5,BS1,Terrestrial,2496.53115061175,143.581893372619,15.7545670529572,48.3914423239007,893.334270320412,9.23029183900965,7.94901005930413,-Inf,Inf,15.7545670529572,Served,48.3914423239007,Stable,0
97,192,6,None,Outage,4185.25875071361,169.666089399586,-10.3296289740102,NaN,NaN,Inf,8.02857355340783,-Inf,Inf,-10.3296289740102,Outage,0,Outage,0
98,194,1,BS2,Terrestrial,295.272687326099,91.2920338565579,68.044426569018,25.496073,893.334270320412,8.75952808811392,8.15031516125632,-Inf,Inf,68.044426569018,Served,25.496073,Stable,0
98,194,2,BS2,Terrestrial,144.900842099444,111.491988568871,47.8444718567046,25.496073,893.334270320412,8.75952808811392,8.14480570484145,-Inf,Inf,47.8444718567046,Served,25.496073,Stable,0
98,194,3,BS1,Terrestrial,158.603762337124,101.914202651487,57.4222577740887,50.992146,893.334270320412,8.75952808811392,8.15392297712093,-Inf,Inf,57.4222577740887,Served,50.992146,Stable,0
98,194,4,BS2,Terrestrial,1289.96390375941,146.525517906901,12.8109425186749,19.8715594709881,893.334270320412,11.2388546005241,8.13147766047535,-Inf,Inf,12.8109425186749,Served,19.8715594709881,Stable,0
98,194,5,BS1,Terrestrial,2496.53115061175,154.158911970986,5.17754845458984,19.3000487815675,893.334270320412,23.1433163830547,8.11991964538422,-Inf,Inf,5.17754845458984,Served,19.3000487815675,Stable,0
98,194,6,BS2,Terrestrial,4576.26928829528,166.75221063658,-7.4157502110038,1.10338665508231,893.334270320412,202.407348821382,8.20013697189883,-Inf,Inf,-7.4157502110038,BelowTarget,1.10338665508231,Stable,0
99,196,1,BS2,Terrestrial,295.272687326099,89.7490053200644,69.5874551055115,33.994764,893.334270320412,8.75952808811392,8.32289111330183,-Inf,Inf,69.5874551055115,Served,33.994764,Stable,0
99,196,2,BS2,Terrestrial,144.900842099444,112.507533544919,46.8289268806568,33.994764,893.334270320412,8.75952808811392,8.31733566065623,-Inf,Inf,46.8289268806568,Served,33.994764,Stable,0
99,196,3,BS1,Terrestrial,158.603762337124,101.679011096851,57.6574493287254,50.992146,893.334270320412,8.75952808811392,8.32652895900312,-Inf,Inf,57.6574493287254,Served,50.992146,Stable,0
99,196,4,BS2,Terrestrial,1289.96390375941,156.847177166076,2.48928325950007,9.00811406543291,893.334270320412,33.0566518078935,8.30389557648839,-Inf,Inf,2.48928325950007,Served,9.00811406543291,Stable,0
99,196,5,BS1,Terrestrial,2496.53115061175,142.284240154373,17.0522202712025,50.992146,893.334270320412,8.75952808811392,8.29224240668027,-Inf,Inf,17.0522202712025,Served,50.992146,Stable,0
99,196,6,None,Outage,4185.25875071361,169.507734748553,-10.1712743229769,NaN,NaN,Inf,8.37312578721717,-Inf,Inf,-10.1712743229769,Outage,0,Outage,0
100,198,1,BS2,Terrestrial,295.272687326099,89.7772393497514,69.5592210758244,25.496073,893.334270320412,8.75952808811392,8.49691144974621,-Inf,Inf,69.5592210758244,Served,25.496073,Stable,0
100,198,2,BS2,Terrestrial,144.900842099444,108.926952803906,50.4095076216696,25.496073,893.334270320412,8.75952808811392,8.49130913551221,-Inf,Inf,50.4095076216696,Served,25.496073,Stable,0
100,198,3,BS1,Terrestrial,158.603762337124,108.159099033377,51.1773613921986,50.992146,893.334270320412,8.75952808811392,8.50057988990488,-Inf,Inf,51.1773613921986,Served,50.992146,Stable,0
100,198,4,BS2,Terrestrial,1289.96390375941,149.663151511155,9.67330891442074,15.4275287973176,893.334270320412,14.4763021034798,8.4777549006223,-Inf,Inf,9.67330891442074,Served,15.4275287973176,Stable,0
100,198,5,BS1,Terrestrial,2496.53115061175,152.408169520134,6.9282909054416,23.5740827158893,893.334270320412,18.9473813485496,8.46600479244465,-Inf,Inf,6.9282909054416,Served,23.5740827158893,Stable,0
100,198,6,BS2,Terrestrial,4576.26928829528,161.047070497233,-1.71061007165758,3.41345857244441,893.334270320412,65.427355522341,8.54756674381321,-Inf,Inf,-1.71061007165758,BelowTarget,3.41345857244441,Stable,0
101,200,1,BS2,Terrestrial,295.272687326099,88.7977722456891,70.5386881798868,33.994764,893.334270320412,8.75952808811392,8.67240337608396,-Inf,Inf,70.5386881798868,Served,33.994764,Stable,0
101,200,2,BS2,Terrestrial,144.900842099444,126.938312246345,32.3981481792307,33.994764,893.334270320412,8.75952808811392,8.66675331385439,-Inf,Inf,32.3981481792307,Served,33.994764,Stable,0
101,200,3,BS1,Terrestrial,158.603762337124,104.320880346284,55.0155800792917,50.992146,893.334270320412,8.75952808811392,8.67610298903859,-Inf,Inf,55.0155800792917,Served,50.992146,Stable,0
101,200,4,BS2,Terrestrial,1289.96390375941,151.457894562552,7.8785658630236,17.3504047262515,893.334270320412,17.1626019568442,8.65308276583499,-Inf,Inf,7.8785658630236,Served,17.3504047262515,Stable,0
101,200,5,BS1,Terrestrial,2496.53115061175,148.127069983309,11.2093904422672,35.1497290825936,893.334270320412,12.7075555578435,8.64123389249834,-Inf,Inf,11.2093904422672,Served,35.1497290825936,Stable,0
101,200,6,None,Outage,4576.26928829528,167.619804061492,-8.28334363591608,NaN,NaN,Inf,8.72348723529668,-Inf,Inf,-8.28334363591608,Outage,0,Outage,0
102,202,1,BS2,Terrestrial,295.272687326099,88.7044080572517,70.6320523683242,25.496073,893.334270320412,8.75952808811392,8.84939476046683,-Inf,Inf,70.6320523683242,Served,25.496073,Stable,0
102,202,2,BS2,Terrestrial,144.900842099444,110.086359712916,49.2501007126602,25.496073,893.334270320412,8.75952808811392,8.8436960421681,-Inf,Inf,49.2501007126602,Served,25.496073,Stable,0
102,202,3,BS1,Terrestrial,158.603762337124,100.946084989467,58.3903754361089,50.992146,893.334270320412,8.75952808811392,8.85312613867525,-Inf,Inf,58.3903754361089,Served,50.992146,Stable,0
102,202,4,BS2,Terrestrial,1289.96390375941,148.174476990197,11.1619834353786,17.5076923698006,893.334270320412,12.756310932521,8.82990696561057,-Inf,Inf,11.1619834353786,Served,17.5076923698006,Stable,0
102,202,5,BS1,Terrestrial,2496.53115061175,155.854850754428,3.48160967114811,15.5252541999697,893.334270320412,28.7703588879773,8.8179574559331,-Inf,Inf,3.48160967114811,Served,15.5252541999697,Stable,0
102,202,6,BS2,Terrestrial,4576.26928829528,165.312720024117,-5.97625959854082,1.49122700150871,893.334270320412,149.764970292351,8.9009153234248,-Inf,Inf,-5.97625959854082,BelowTarget,1.49122700150871,Stable,0
103,204,1,BS2,Terrestrial,295.272687326099,90.7796947575892,68.5567656679867,33.994764,893.334270320412,8.75952808811392,9.02791415314565,-Inf,Inf,68.5567656679867,Served,33.994764,Stable,0
103,204,2,BS2,Terrestrial,144.900842099444,116.492045186057,42.8444152395192,33.994764,893.334270320412,8.75952808811392,9.02216584840017,-Inf,Inf,42.8444152395192,Served,33.994764,Stable,0
103,204,3,BS1,Terrestrial,158.603762337124,94.5132719256022,64.8231884999737,50.992146,893.334270320412,8.75952808811392,9.03167790359982,-Inf,Inf,64.8231884999737,Served,50.992146,Stable,0
103,204,4,BS2,Terrestrial,1289.96390375941,154.765652554459,4.57080787111656,11.9362060412434,893.334270320412,24.947465641753,9.00825597332955,-Inf,Inf,4.57080787111656,Served,11.9362060412434,Stable,0
103,204,5,BS1,Terrestrial,2496.53115061175,146.405138345638,12.9313220799382,40.0921972292993,893.334270320412,11.1409991476791,8.99620391043997,-Inf,Inf,12.9313220799382,Served,40.0921972292993,Stable,0
103,204,6,None,Outage,4576.26928829528,167.792386228651,-8.45592580307553,NaN,NaN,Inf,9.0798797577273,-Inf,Inf,-8.45592580307553,Outage,0,Outage,0
104,206,1,BS2,Terrestrial,295.272687326099,89.8505741122637,69.4858863133122,33.994764,893.334270320412,8.75952808811392,9.20799080656328,-Inf,Inf,69.4858863133122,Served,33.994764,Stable,0
104,206,2,BS2,Terrestrial,144.900842099444,111.928369282697,47.4080911428792,33.994764,893.334270320412,8.75952808811392,9.20219196203052,-Inf,Inf,47.4080911428792,Served,33.994764,Stable,0
104,206,3,BS1,Terrestrial,158.603762337124,99.7664506926798,59.5700097328961,50.992146,893.334270320412,8.75952808811392,9.21178755121799,-Inf,Inf,59.5700097328961,Served,50.992146,Stable,0
104,206,4,BS2,Terrestrial,1289.96390375941,155.453486273698,3.8829741518779,10.9214320570252,893.334270320412,27.2654802549687,9.1881589622874,-Inf,Inf,3.8829741518779,Served,10.9214320570252,Stable,0
104,206,5,BS1,Terrestrial,2496.53115061175,144.768124200245,14.5683362253309,44.8812597826039,893.334270320412,9.95219691523311,9.17600238228465,-Inf,Inf,14.5683362253309,Served,44.8812597826039,Stable,0
104,206,6,None,Outage,4576.26928829528,169.062496735464,-9.72603630988849,NaN,NaN,Inf,9.26040999578892,-Inf,Inf,-9.72603630988849,Outage,0,Outage,0
105,208,1,BS2,Terrestrial,295.272687326099,93.2260429171789,66.1104175083969,33.994764,893.334270320412,8.75952808811392,9.38965469612463,-Inf,Inf,66.1104175083969,Served,33.994764,Stable,0
105,208,2,BS2,Terrestrial,144.900842099444,112.083605013366,47.2528554122102,33.994764,893.334270320412,8.75952808811392,9.38380433481983,-Inf,Inf,47.2528554122102,Served,33.994764,Stable,0
105,208,3,BS1,Terrestrial,158.603762337124,103.268129621734,56.0683308038417,50.992146,893.334270320412,8.75952808811392,9.39348507234073,-Inf,Inf,56.0683308038417,Served,50.992146,Stable,0
105,208,4,BS2,Terrestrial,1289.96390375941,149.107428334043,10.2290320915331,21.5960188338596,893.334270320412,13.7885641051548,9.36964582638759,-Inf,Inf,10.2290320915331,Served,21.5960188338596,Stable,0
105,208,5,BS1,Terrestrial,2496.53115061175,144.471321850109,14.8651385754667,45.7568087268271,893.334270320412,9.76176327826652,9.35738271695572,-Inf,Inf,14.8651385754667,Served,45.7568087268271,Stable,0
105,208,6,None,Outage,4576.26928829528,169.461050846925,-10.1245904213491,NaN,NaN,Inf,9.44253622421595,-Inf,Inf,-10.1245904213491,Outage,0,Outage,0
106,210,1,BS2,Terrestrial,295.272687326099,87.3103169400504,72.0261434855255,33.994764,893.334270320412,8.75952808811392,9.57293654166637,-Inf,Inf,72.0261434855255,Served,33.994764,Stable,0
106,210,2,BS2,Terrestrial,144.900842099444,107.563085738812,51.7733746867642,33.994764,893.334270320412,8.75952808811392,9.5670336622563,-Inf,Inf,51.7733746867642,Served,33.994764,Stable,0
106,210,3,BS1,Terrestrial,158.603762337124,96.1631973729606,63.1732630526152,50.992146,893.334270320412,8.75952808811392,9.57680120266886,-Inf,Inf,63.1732630526152,Served,50.992146,Stable,0
106,210,4,BS2,Terrestrial,1289.96390375941,154.015282679754,5.32117774582153,13.0915595028455,893.334270320412,22.7458073304469,9.55274720153129,-Inf,Inf,5.32117774582153,Served,13.0915595028455,Stable,0
106,210,5,BS1,Terrestrial,2496.53115061175,153.015268237751,6.32119218782526,22.0536375506405,893.334270320412,20.2536717189874,9.54037550050793,-Inf,Inf,6.32119218782526,Served,22.0536375506405,Stable,0
106,210,6,None,Outage,4185.25875071361,172.375636746271,-13.0391763206949,NaN,NaN,Inf,9.62628938030953,-Inf,Inf,-13.0391763206949,Outage,0,Outage,0
107,212,1,BS2,Terrestrial,295.272687326099,91.2404746954763,68.0959857300996,33.994764,893.334270320412,8.75952808811392,9.757867829654,-Inf,Inf,68.0959857300996,Served,33.994764,Stable,0
107,212,2,BS2,Terrestrial,144.900842099444,117.228322597719,42.1081378278569,33.994764,893.334270320412,8.75952808811392,9.75191140572879,-Inf,Inf,42.1081378278569,Served,33.994764,Stable,0
107,212,3,BS1,Terrestrial,158.603762337124,99.412079082526,59.9243813430499,50.992146,893.334270320412,8.75952808811392,9.76176744500567,-Inf,Inf,59.9243813430499,Served,50.992146,Stable,0
107,212,4,BS2,Terrestrial,1289.96390375941,149.807036423154,9.52942400242156,20.3064151722753,893.334270320412,14.6642372659338,9.73749448773166,-Inf,Inf,9.52942400242156,Served,20.3064151722753,Stable,0
107,212,5,BS1,Terrestrial,2496.53115061175,144.679466469998,14.6569939555778,45.1425891767704,893.334270320412,9.89458387978448,9.72501208162846,-Inf,Inf,14.6569939555778,Served,45.1425891767704,Stable,0
107,212,6,None,Outage,4576.26928829528,167.522253921662,-8.18579349608623,NaN,NaN,Inf,9.81170117447377,-Inf,Inf,-8.18579349608623,Outage,0,Outage,0
108,214,1,BS2,Terrestrial,295.272687326099,89.812506213732,69.5239542118439,25.496073,893.334270320412,8.75952808811392,9.94448083613091,-Inf,Inf,69.5239542118439,Served,25.496073,Stable,0
108,214,2,BS2,Terrestrial,144.900842099444,122.401363966159,36.9350964594168,25.496073,893.334270320412,8.75952808811392,9.93846981545118,-Inf,Inf,36.9350964594168,Served,25.496073,Stable,0
108,214,3,BS1,Terrestrial,158.603762337124,105.782790177812,53.5536702477634,50.992146,893.334270320412,8.75952808811392,9.94841609222211,-Inf,Inf,53.5536702477634,Served,50.992146,Stable,0
108,214,4,BS2,Terrestrial,1289.96390375941,147.511324394658,11.8251360309175,18.451847543415,893.334270320412,12.1035883834735,9.923919871977,-Inf,Inf,11.8251360309175,Served,18.451847543415,Stable,0
108,214,5,BS1,Terrestrial,2496.53115061175,150.774514914701,8.56194551087444,27.8365623275112,893.334270320412,16.046059492007,9.91132459445025,-Inf,Inf,8.56194551087444,Served,27.8365623275112,Stable,0
108,214,6,BS2,Terrestrial,4576.26928829528,166.651197772792,-7.31473734721604,1.12726023444746,893.334270320412,198.120683011206,9.99880411338347,-Inf,Inf,-7.31473734721604,BelowTarget,1.12726023444746,Stable,0
109,216,1,BS2,Terrestrial,295.272687326099,89.4617873563817,69.8746730691941,33.994764,893.334270320412,8.75952808811392,10.1328086504482,-Inf,Inf,69.8746730691941,Served,33.994764,Stable,0
109,216,2,BS2,Terrestrial,144.900842099444,123.260950703245,36.075509722331,33.994764,893.334270320412,8.75952808811392,10.1267419541665,-Inf,Inf,36.075509722331,Served,33.994764,Stable,0
109,216,3,BS1,Terrestrial,158.603762337124,100.443216361936,58.8932440636399,50.992146,893.334270320412,8.75952808811392,10.1367802510031,-Inf,Inf,58.8932440636399,Served,50.992146,Stable,0
109,216,4,BS2,Terrestrial,1289.96390375941,152.581172124138,6.75528830143796,15.4246418317815,893.334270320412,19.3053487629937,10.1120563518715,-Inf,Inf,6.75528830143796,Served,15.4246418317815,Stable,0
109,216,5,BS1,Terrestrial,2496.53115061175,158.371152771262,0.965307654314216,10.7334876108997,893.334270320412,41.6143523291184,10.0993459821411,-Inf,Inf,0.965307654314216,Served,10.7334876108997,Stable,0
109,216,6,None,Outage,4576.26928829528,170.922877889829,-11.5864174642529,NaN,NaN,Inf,10.1876315239405,-Inf,Inf,-11.5864174642529,Outage,0,Outage,0
110,218,1,BS2,Terrestrial,295.272687326099,88.5030191805874,70.8334412449885,25.496073,893.334270320412,8.75952808811392,10.3228851998042,-Inf,Inf,70.8334412449885,Served,25.496073,Stable,0
110,218,2,BS2,Terrestrial,144.900842099444,109.385423225969,49.9510371996066,25.496073,893.334270320412,8.75952808811392,10.3167617216596,-Inf,Inf,49.9510371996066,Served,25.496073,Stable,0
110,218,3,BS1,Terrestrial,158.603762337124,102.85238315326,56.4840772723163,50.992146,893.334270320412,8.75952808811392,10.3268938664044,-Inf,Inf,56.4840772723163,Served,50.992146,Stable,0
110,218,4,BS2,Terrestrial,1289.96390375941,149.216988594071,10.1194718315049,16.0446025394195,893.334270320412,13.9195450327549,10.3019377600822,-Inf,Inf,10.1194718315049,Served,16.0446025394195,Stable,0
110,218,5,BS1,Terrestrial,2496.53115061175,154.019541008347,5.31691941722849,19.6273024585247,893.334270320412,22.7574388331804,10.2891100212973,-Inf,Inf,5.31691941722849,Served,19.6273024585247,Stable,0
110,218,6,BS2,Terrestrial,4576.26928829528,160.471129627878,-1.13466920230169,3.7812905163104,893.334270320412,59.0627899699231,10.3782175780481,-Inf,Inf,-1.13466920230169,BelowTarget,3.7812905163104,Stable,0
111,220,1,BS2,Terrestrial,295.272687326099,91.3503506652941,67.9861097602818,33.994764,893.334270320412,8.75952808811392,10.5147452746215,-Inf,Inf,67.9861097602818,Served,33.994764,Stable,0
111,220,2,BS2,Terrestrial,144.900842099444,108.396320945474,50.9401394801022,33.994764,893.334270320412,8.75952808811392,10.5085638801071,-Inf,Inf,50.9401394801022,Served,33.994764,Stable,0
111,220,3,BS1,Terrestrial,158.603762337124,100.234840014551,59.1016204110251,50.992146,893.334270320412,8.75952808811392,10.5187917472477,-Inf,Inf,59.1016204110251,Served,50.992146,Stable,0
111,220,4,BS2,Terrestrial,1289.96390375941,152.205491247793,7.13096917778321,16.0599504048148,893.334270320412,18.5416568918874,10.4935987896208,-Inf,Inf,7.13096917778321,Served,16.0599504048148,Stable,0
111,220,5,BS1,Terrestrial,2496.53115061175,140.441006216514,18.8954542090615,50.992146,893.334270320412,8.75952808811392,10.4806513471698,-Inf,Inf,18.8954542090615,Served,50.992146,Stable,0
111,220,6,None,Outage,4576.26928829528,166.9463201298,-7.60985970422462,NaN,NaN,Inf,10.5705973182311,-Inf,Inf,-7.60985970422462,Outage,0,Outage,0
112,222,1,BS2,Terrestrial,295.272687326099,88.1962562588844,71.1402041666915,33.994764,893.334270320412,8.75952808811392,10.7084245547942,-Inf,Inf,71.1402041666915,Served,33.994764,Stable,0
112,222,2,BS2,Terrestrial,144.900842099444,112.105697105979,47.2307633195966,33.994764,893.334270320412,8.75952808811392,10.7021840802957,-Inf,Inf,47.2307633195966,Served,33.994764,Stable,0
112,222,3,BS1,Terrestrial,158.603762337124,94.1027343894135,65.2337260361624,50.992146,893.334270320412,8.75952808811392,10.712509592386,-Inf,Inf,65.2337260361624,Served,50.992146,Stable,0
112,222,4,BS2,Terrestrial,1289.96390375941,147.006917289509,12.3295431360672,25.5680541001641,893.334270320412,11.6464901450945,10.6870750199911,-Inf,Inf,12.3295431360672,Served,25.5680541001641,Stable,0
112,222,5,BS1,Terrestrial,2496.53115061175,145.576522544119,13.7599378814573,42.5071558628628,893.334270320412,10.50804567121,10.6740054797543,-Inf,Inf,13.7599378814573,Served,42.5071558628628,Stable,0
112,222,6,None,Outage,4576.26928829528,169.740903997329,-10.4044435717535,NaN,NaN,Inf,10.7648066841357,-Inf,Inf,-10.4044435717535,Outage,0,Outage,0
113,224,1,BS2,Terrestrial,295.272687326099,90.0274783165098,69.3089821090661,33.994764,893.334270320412,8.75952808811392,10.9039596368357,-Inf,Inf,69.3089821090661,Served,33.994764,Stable,0
113,224,2,BS2,Terrestrial,144.900842099444,115.940440978559,43.3960194470168,33.994764,893.334270320412,8.75952808811392,10.8976588887404,-Inf,Inf,43.3960194470168,Served,33.994764,Stable,0
113,224,3,BS1,Terrestrial,158.603762337124,107.773406318745,51.563054106831,50.992146,893.334270320412,8.75952808811392,10.9080840178711,-Inf,Inf,51.563054106831,Served,50.992146,Stable,0
113,224,4,BS2,Terrestrial,1289.96390375941,147.188644450378,12.1478159751977,25.2194214267775,893.334270320412,11.8074909438893,10.8824029442339,-Inf,Inf,12.1478159751977,Served,25.2194214267775,Stable,0
113,224,5,BS1,Terrestrial,2496.53115061175,146.805877647496,12.5305827780802,38.9320135135814,893.334270320412,11.4730037018092,10.8692088507772,-Inf,Inf,12.5305827780802,Served,38.9320135135814,Stable,0
113,224,6,None,Outage,4576.26928829528,167.698233142834,-8.36177271725776,NaN,NaN,Inf,10.9608825399377,-Inf,Inf,-8.36177271725776,Outage,0,Outage,0
114,226,1,BS2,Terrestrial,295.272687326099,91.3715389038195,67.9649215217563,33.994764,893.334270320412,8.75952808811392,11.101388061961,-Inf,Inf,67.9649215217563,Served,33.994764,Stable,0
114,226,2,BS2,Terrestrial,144.900842099444,115.514341715766,43.8221187098099,33.994764,893.334270320412,8.75952808811392,11.0950258157359,-Inf,Inf,43.8221187098099,Served,33.994764,Stable,0
114,226,3,BS1,Terrestrial,158.603762337124,105.325166622514,54.0112938030622,50.992146,893.334270320412,8.75952808811392,11.1055525850553,-Inf,Inf,54.0112938030622,Served,50.992146,Stable,0
114,226,4,BS2,Terrestrial,1289.96390375941,157.04423706723,2.29222335834623,8.75401888278364,893.334270320412,34.0161580748288,11.0796199969026,-Inf,Inf,2.29222335834623,Served,8.75401888278364,Stable,0
114,226,5,BS1,Terrestrial,2496.53115061175,140.093519014354,19.2429414112223,50.992146,893.334270320412,8.75952808811392,11.0662988316088,-Inf,Inf,19.2429414112223,Served,50.992146,Stable,0
114,226,6,None,Outage,4576.26928829528,171.912002971742,-12.5755425461661,NaN,NaN,Inf,11.158862702696,-Inf,Inf,-12.5755425461661,Outage,0,Outage,0
115,228,1,BS2,Terrestrial,295.272687326099,90.1777790419083,69.1586813836676,25.496073,893.334270320412,8.75952808811392,11.3007483451365,-Inf,Inf,69.1586813836676,Served,25.496073,Stable,0
115,228,2,BS2,Terrestrial,144.900842099444,117.151811330844,42.1846490947317,25.496073,893.334270320412,8.75952808811392,11.294323344375,-Inf,Inf,42.1846490947317,Served,25.496073,Stable,0
115,228,3,BS1,Terrestrial,158.603762337124,98.6180798510237,60.7183805745522,50.992146,893.334270320412,8.75952808811392,11.3049538296626,-Inf,Inf,60.7183805745522,Served,50.992146,Stable,0
115,228,4,BS2,Terrestrial,1289.96390375941,151.017982934361,8.31847749121536,13.5935583565195,893.334270320412,16.4293676256587,11.2787645830028,-Inf,Inf,8.31847749121536,Served,13.5935583565195,Stable,0
115,228,5,BS1,Terrestrial,2496.53115061175,151.960743953648,7.37571647192823,24.7180530074687,893.334270320412,18.0704821300142,11.2653137621396,-Inf,Inf,7.37571647192823,Served,24.7180530074687,Stable,0
115,228,6,BS2,Terrestrial,4576.26928829528,165.69652305835,-6.36006263277457,1.37731589116303,893.334270320412,162.151303860668,11.3587859716827,-Inf,Inf,-6.36006263277457,BelowTarget,1.37731589116303,Stable,0
116,230,1,BS2,Terrestrial,295.272687326099,92.2920428845228,67.0444175410531,25.496073,893.334270320412,8.75952808811392,11.5020800051334,-Inf,Inf,67.0444175410531,Served,25.496073,Stable,0
116,230,2,BS2,Terrestrial,144.900842099444,118.350732805574,40.985727620002,25.496073,893.334270320412,8.75952808811392,11.4955909605687,-Inf,Inf,40.985727620002,Served,25.496073,Stable,0
116,230,3,BS1,Terrestrial,158.603762337124,96.8536429199731,62.4828175056027,50.992146,893.334270320412,8.75952808811392,11.5063272918626,-Inf,Inf,62.4828175056027,Served,50.992146,Stable,0
116,230,4,BS2,Terrestrial,1289.96390375941,147.301067344767,12.0353930808087,18.7531216654893,893.334270320412,11.9091408653897,11.4798761079301,-Inf,Inf,12.0353930808087,Served,18.7531216654893,Stable,0
116,230,5,BS1,Terrestrial,2496.53115061175,144.251763819081,15.0846966064951,46.405716347663,893.334270320412,9.62526107374054,11.4662929806521,-Inf,Inf,15.0846966064951,Served,46.405716347663,Stable,0
116,230,6,BS2,Terrestrial,4576.26928829528,162.923956750787,-3.58749632521076,2.40441333330583,893.334270320412,92.8848482440587,11.5606921587267,-Inf,Inf,-3.58749632521076,BelowTarget,2.40441333330583,Stable,0
117,232,1,BS2,Terrestrial,295.272687326099,87.6774881851915,71.6589722403843,25.496073,893.334270320412,8.75952808811392,11.7054235956209,-Inf,Inf,71.6589722403843,Served,25.496073,Stable,0
117,232,2,BS2,Terrestrial,144.900842099444,119.366731755423,39.9697286701528,25.496073,893.334270320412,8.75952808811392,11.698869184105,-Inf,Inf,39.9697286701528,Served,25.496073,Stable,0
117,232,3,BS1,Terrestrial,158.603762337124,106.314713265651,53.021747159925,50.992146,893.334270320412,8.75952808811392,11.7097135473865,-Inf,Inf,53.021747159925,Served,50.992146,Stable,0
117,232,4,BS2,Terrestrial,1289.96390375941,145.527146018542,13.8093144070343,21.3258423489718,893.334270320412,10.4724382711603,11.6829950084449,-Inf,Inf,13.8093144070343,Served,21.3258423489718,Stable,0
117,232,5,BS1,Terrestrial,2496.53115061175,153.275955668535,6.06050475704109,21.4127420129304,893.334270320412,20.8598756240784,11.6692768547269,-Inf,Inf,6.06050475704109,Served,21.4127420129304,Stable,0
117,232,6,BS2,Terrestrial,4576.26928829528,161.950995048096,-2.61453462251998,2.89229814924673,893.334270320412,77.2166478197514,11.7646221196075,-Inf,Inf,-2.61453462251998,BelowTarget,2.89229814924673,Stable,0
118,234,1,BS2,Terrestrial,295.272687326099,87.4495674454618,71.8868929801141,25.496073,893.334270320412,8.75952808811392,11.9108207373368,-Inf,Inf,71.8868929801141,Served,25.496073,Stable,0
118,234,2,BS2,Terrestrial,144.900842099444,120.030060570899,39.3063998546768,25.496073,893.334270320412,8.75952808811392,11.9041996007845,-Inf,Inf,39.3063998546768,Served,25.496073,Stable,0
118,234,3,BS1,Terrestrial,158.603762337124,111.689975271409,47.6464851541672,50.992146,893.334270320412,8.75952808811392,11.9151542397202,-Inf,Inf,47.6464851541672,Served,50.992146,Stable,0
118,234,4,BS2,Terrestrial,1289.96390375941,151.018350198337,8.31811022723932,13.593070257004,893.334270320412,16.4299575708459,11.8881627847197,-Inf,Inf,8.31811022723932,Served,13.593070257004,Stable,0
118,234,5,BS1,Terrestrial,2496.53115061175,145.318974609058,14.0174858165182,43.2617319102106,893.334270320412,10.3247631437239,11.8743068132192,-Inf,Inf,14.0174858165182,Served,43.2617319102106,Stable,0
118,234,6,BS2,Terrestrial,4576.26928829528,165.588243573913,-6.25178314833678,1.4086351094086,893.334270320412,158.546074912095,11.9706177865378,-Inf,Inf,-6.25178314833678,BelowTarget,1.4086351094086,Stable,0
119,236,1,BS2,Terrestrial,295.272687326099,93.1294278221789,66.2070326033969,25.496073,893.334270320412,8.75952808811392,12.1183141513743,-Inf,Inf,66.2070326033969,Served,25.496073,Stable,0
119,236,2,BS2,Terrestrial,144.900842099444,118.739749643619,40.5967107819567,25.496073,893.334270320412,8.75952808811392,12.11162489567,-Inf,Inf,40.5967107819567,Served,25.496073,Stable,0
119,236,3,BS1,Terrestrial,158.603762337124,96.3858372401304,62.9506231854455,50.992146,893.334270320412,8.75952808811392,12.1226921134154,-Inf,Inf,62.9506231854455,Served,50.992146,Stable,0
119,236,4,BS2,Terrestrial,1289.96390375941,156.238891293034,3.09756913254174,7.36398429811381,893.334270320412,30.3278169179838,12.0954220334979,-Inf,Inf,3.09756913254174,Served,7.36398429811381,Stable,0
119,236,5,BS1,Terrestrial,2496.53115061175,142.997055871558,16.3394045540178,50.1316490776164,893.334270320412,8.90988314524929,12.0814253793443,-Inf,Inf,16.3394045540178,Served,50.1316490776164,Stable,0
119,236,6,BS2,Terrestrial,4576.26928829528,164.796818085101,-5.46035765952522,1.65754104011573,893.334270320412,134.737881099167,12.1787222017729,-Inf,Inf,-5.46035765952522,BelowTarget,1.65754104011573,Stable,0
120,238,1,BS2,Terrestrial,295.272687326099,85.6432767268933,73.6931836986826,25.496073,893.334270320412,8.75952808811392,12.327947693626,-Inf,Inf,73.6931836986826,Served,25.496073,Stable,0
120,238,2,BS2,Terrestrial,144.900842099444,116.0046919935,43.3317684320761,25.496073,893.334270320412,8.75952808811392,12.321188887493,-Inf,Inf,43.3317684320761,Served,25.496073,Stable,0
120,238,3,BS1,Terrestrial,158.603762337124,114.485076238479,44.8513841870964,50.992146,893.334270320412,8.75952808811392,12.3323710485579,-Inf,Inf,44.8513841870964,Served,50.992146,Stable,0
120,238,4,BS2,Terrestrial,1289.96390375941,151.596573211874,7.73988721370159,12.8313946054898,893.334270320412,17.4052450607787,12.3048164824054,-Inf,Inf,7.73988721370159,Served,12.8313946054898,Stable,0
120,238,5,BS1,Terrestrial,2496.53115061175,150.52630640043,8.81015402514552,28.5032493355723,893.334270320412,15.6707444088756,12.2906762049132,-Inf,Inf,8.81015402514552,Served,28.5032493355723,Stable,0
120,238,6,BS2,Terrestrial,4576.26928829528,162.052123743925,-2.71566331834958,2.83813999575241,893.334270320412,78.6901167364352,12.3889795523883,-Inf,Inf,-2.71566331834958,BelowTarget,2.83813999575241,Stable,0
121,240,1,BS2,Terrestrial,295.272687326099,90.9782746543334,68.3581857712425,33.994764,893.334270320412,8.75952808811392,12.539766390425,-Inf,Inf,68.3581857712425,Served,33.994764,Stable,0
121,240,2,BS2,Terrestrial,144.900842099444,106.372980831978,52.9634795935979,33.994764,893.334270320412,8.75952808811392,12.532936564255,-Inf,Inf,52.9634795935979,Served,33.994764,Stable,0
121,240,3,BS1,Terrestrial,158.603762337124,104.594909850679,54.7415505748965,33.994764,893.334270320412,8.75952808811392,12.5442360964344,-Inf,Inf,54.7415505748965,Served,33.994764,Stable,0
121,240,4,BS1,Terrestrial,1684.50527938871,155.835779765553,3.50068066002297,10.3769529875346,893.334270320412,28.6961009136798,12.5163910254549,-Inf,Inf,3.50068066002297,Served,10.3768363733128,InTransition,0.0224756191750323
121,240,5,BS1,Terrestrial,2496.53115061175,151.140121932201,8.19633849337438,17.9087039068578,893.334270320412,16.6275623102337,12.5021041057582,-Inf,Inf,8.19633849337438,Served,17.9087039068578,Stable,0
121,240,6,BS2,Terrestrial,4576.26928829528,165.685080228631,-6.34861980305473,1.84079443326506,893.334270320412,161.766074867267,12.6014352062671,-Inf,Inf,-6.34861980305473,BelowTarget,1.84079443326506,Stable,0
122,242,1,BS2,Terrestrial,295.272687326099,89.4438978237726,69.8925626018033,33.994764,893.334270320412,8.75952808811392,12.7538164754289,-Inf,Inf,69.8925626018033,Served,33.994764,Stable,0
122,242,2,BS2,Terrestrial,144.900842099444,108.794213414343,50.542247011233,33.994764,893.334270320412,8.75952808811392,12.7469141200706,-Inf,Inf,50.542247011233,Served,33.994764,Stable,0
122,242,3,BS1,Terrestrial,158.603762337124,99.7759057585814,59.5605546669945,50.992146,893.334270320412,8.75952808811392,12.7583335164425,-Inf,Inf,59.5605546669945,Served,50.992146,Stable,0
122,242,4,BS2,Terrestrial,1289.96390375941,149.153080555431,10.1833798701449,21.5112872357584,893.334270320412,13.8428763859284,12.7301917597865,-Inf,Inf,10.1833798701449,Served,21.5111021157975,InTransition,0.0172114256958314
122,242,5,BS1,Terrestrial,2496.53115061175,153.395143150366,5.94131727521,21.1222344721825,893.334270320412,21.1467747765255,12.7157550983927,-Inf,Inf,5.94131727521,Served,21.1222344721825,Stable,0
122,242,6,None,Outage,4185.25875071361,180.804786791904,-21.4683263663279,NaN,NaN,Inf,12.8161357493416,-Inf,Inf,-21.4683263663279,Outage,0,Outage,0
123,244,1,BS2,Terrestrial,295.272687326099,90.9013069718425,68.4351534537333,25.496073,893.334270320412,8.75952808811392,12.970145427787,-Inf,Inf,68.4351534537333,Served,25.496073,Stable,0
123,244,2,BS2,Terrestrial,144.900842099444,113.234179750357,46.1022806752184,25.496073,893.334270320412,8.75952808811392,12.9631689932926,-Inf,Inf,46.1022806752184,Served,25.496073,Stable,0
123,244,3,BS1,Terrestrial,158.603762337124,106.527053116554,52.8094073090219,50.992146,893.334270320412,8.75952808811392,12.9747108142862,-Inf,Inf,52.8094073090219,Served,50.992146,Stable,0
123,244,4,BS2,Terrestrial,1289.96390375941,154.484296084101,4.85216434147534,9.2727893721957,893.334270320412,24.0848312860168,12.946266023689,-Inf,Inf,4.85216434147534,Served,9.2727893721957,Stable,0
123,244,5,BS1,Terrestrial,2496.53115061175,144.303997962119,15.032462463457,46.2512461210291,893.334270320412,9.65740758619516,12.9316764379474,-Inf,Inf,15.032462463457,Served,46.2512461210291,Stable,0
123,244,6,BS2,Terrestrial,4576.26928829528,166.233993701335,-6.8975332757596,1.23095812276095,893.334270320412,181.43067863201,13.0331290241315,-Inf,Inf,-6.8975332757596,BelowTarget,1.23095812276095,Stable,0
124,246,1,BS2,Terrestrial,295.272687326099,91.3418921942301,67.9945682313458,25.496073,893.334270320412,8.75952808811392,13.1888020116404,-Inf,Inf,67.9945682313458,Served,25.496073,Stable,0
124,246,2,BS2,Terrestrial,144.900842099444,112.650926419188,46.6855340063875,25.496073,893.334270320412,8.75952808811392,13.1817499059684,-Inf,Inf,46.6855340063875,Served,25.496073,Stable,0
124,246,3,BS1,Terrestrial,158.603762337124,98.4198027438819,60.916657681694,50.992146,893.334270320412,8.75952808811392,13.1934167815031,-Inf,Inf,60.916657681694,Served,50.992146,Stable,0
124,246,4,BS2,Terrestrial,1289.96390375941,146.696217301476,12.6402431241004,19.6244750275879,893.334270320412,11.3803588257084,13.1646624359463,-Inf,Inf,12.6402431241004,Served,19.6244750275879,Stable,0
124,246,5,BS1,Terrestrial,2496.53115061175,157.977746540844,1.35871388473146,11.41309998463,893.334270320412,39.1363552200307,13.14991665743,-Inf,Inf,1.35871388473146,Served,11.41309998463,Stable,0
124,246,6,BS2,Terrestrial,4576.26928829528,165.28395079764,-5.94749037206438,1.50009556124739,893.334270320412,148.879560309073,13.2524641696263,-Inf,Inf,-5.94749037206438,BelowTarget,1.50009556124739,Stable,0
125,248,1,BS2,Terrestrial,295.272687326099,90.173799178998,69.1626612465778,33.994764,893.334270320412,8.75952808811392,13.4098363169977,-Inf,Inf,69.1626612465778,Served,33.994764,Stable,0
125,248,2,BS2,Terrestrial,144.900842099444,121.790924326846,37.5455360987296,33.994764,893.334270320412,8.75952808811392,13.40270690467,-Inf,Inf,37.5455360987296,Served,33.994764,Stable,0
125,248,3,BS1,Terrestrial,158.603762337124,103.32131878584,56.0151416397363,50.992146,893.334270320412,8.75952808811392,13.4145015363705,-Inf,Inf,56.0151416397363,Served,50.992146,Stable,0
125,248,4,BS2,Terrestrial,1289.96390375941,150.964314687656,8.37214573791971,18.2199214381004,893.334270320412,16.3435441320899,13.3854309365557,-Inf,Inf,8.37214573791971,Served,18.2199214381004,Stable,0
125,248,5,BS1,Terrestrial,2496.53115061175,145.946908627693,13.3895517978827,41.4251713703914,893.334270320412,10.7825054280756,13.3705256083539,-Inf,Inf,13.3895517978827,Served,41.4251713703914,Stable,0
125,248,6,None,Outage,4185.25875071361,182.548758468347,-23.2122980427707,NaN,NaN,Inf,13.4741916625585,-Inf,Inf,-23.2122980427707,Outage,0,Outage,0
126,250,1,BS2,Terrestrial,295.272687326099,91.2932012736702,68.0432591519057,25.496073,893.334270320412,8.75952808811392,13.6332998020383,-Inf,Inf,68.0432591519057,Served,25.496073,Stable,0
126,250,2,BS2,Terrestrial,144.900842099444,111.963650202402,47.3728102231742,25.496073,893.334270320412,8.75952808811392,13.6260914027509,-Inf,Inf,47.3728102231742,Served,25.496073,Stable,0
126,250,3,BS1,Terrestrial,158.603762337124,98.0320333441084,61.3044270814674,50.992146,893.334270320412,8.75952808811392,13.6380165662384,-Inf,Inf,61.3044270814674,Served,50.992146,Stable,0
126,250,4,BS2,Terrestrial,1289.96390375941,153.722610674429,5.61384975114694,10.1662252797959,893.334270320412,21.9681899066264,13.6086228288669,-Inf,Inf,5.61384975114694,Served,10.1662252797959,Stable,0
126,250,5,BS1,Terrestrial,2496.53115061175,143.359508458548,15.9769519670283,49.0524841292564,893.334270320412,9.10590244488353,13.5935545027834,-Inf,Inf,15.9769519670283,Served,49.0524841292564,Stable,0
126,250,6,BS2,Terrestrial,4576.26928829528,162.902061961795,-3.56560153621879,2.41459607064062,893.334270320412,92.4931380016907,13.6983633601164,-Inf,Inf,-3.56560153621879,BelowTarget,2.41459607064062,Stable,0
127,252,1,BS2,Terrestrial,295.272687326099,93.4757087900068,65.860751635569,33.994764,893.334270320412,8.75952808811392,13.8592453368906,-Inf,Inf,65.860751635569,Served,33.994764,Stable,0
127,252,2,BS2,Terrestrial,144.900842099444,109.977946926132,49.3585134994441,33.994764,893.334270320412,8.75952808811392,13.8519562240754,-Inf,Inf,49.3585134994441,Served,33.994764,Stable,0
127,252,3,BS1,Terrestrial,158.603762337124,97.1377480370426,62.1987123885333,50.992146,893.334270320412,8.75952808811392,13.8640147713392,-Inf,Inf,62.1987123885333,Served,50.992146,Stable,0
127,252,4,BS2,Terrestrial,1289.96390375941,153.617887452989,5.71857297258697,13.7224422164878,893.334270320412,21.7000797240754,13.8342908231916,-Inf,Inf,5.71857297258697,Served,13.7224422164878,Stable,0
127,252,5,BS1,Terrestrial,2496.53115061175,144.420188592725,14.9162718328512,45.9078432496902,893.334270320412,9.72964756219997,13.8190559568475,-Inf,Inf,14.9162718328512,Served,45.9078432496902,Stable,0
127,252,6,None,Outage,4576.26928829528,168.425328773869,-9.08886834829346,NaN,NaN,Inf,13.9250325441461,-Inf,Inf,-9.08886834829346,Outage,0,Outage,0
128,254,1,BS2,Terrestrial,295.272687326099,89.5854676937705,69.7509927318054,25.496073,893.334270320412,8.75952808811392,14.0877272489364,-Inf,Inf,69.7509927318054,Served,25.496073,Stable,0
128,254,2,BS2,Terrestrial,144.900842099444,115.341936723833,43.9945237017427,25.496073,893.334270320412,8.75952808811392,14.0803556482727,-Inf,Inf,43.9945237017427,Served,25.496073,Stable,0
128,254,3,BS1,Terrestrial,158.603762337124,103.161114215905,56.1753462096706,50.992146,893.334270320412,8.75952808811392,14.0925505101249,-Inf,Inf,56.1753462096706,Served,50.992146,Stable,0
128,254,4,BS2,Terrestrial,1289.96390375941,156.662452264804,2.67400816077165,6.9375828368595,893.334270320412,32.1918415724751,14.0624890819316,-Inf,Inf,2.67400816077165,Served,6.9375828368595,Stable,0
128,254,5,BS1,Terrestrial,2496.53115061175,148.543338294152,10.7931221314242,33.9737233145233,893.334270320412,13.1474295891867,14.0470840357684,-Inf,Inf,10.7931221314242,Served,33.9737233145233,Stable,0
128,254,6,BS2,Terrestrial,4576.26928829528,165.962074761579,-6.62561433600317,1.30314456491616,893.334270320412,171.380500362576,14.1542539668943,-Inf,Inf,-6.62561433600317,BelowTarget,1.30314456491616,Stable,0
129,256,1,BS2,Terrestrial,295.272687326099,90.578414650608,68.7580457749679,25.496073,893.334270320412,8.75952808811392,14.3188013696939,-Inf,Inf,68.7580457749679,Served,25.496073,Stable,0
129,256,2,BS2,Terrestrial,144.900842099444,109.792875187083,49.5435852384925,25.496073,893.334270320412,8.75952808811392,14.3113454575683,-Inf,Inf,49.5435852384925,Served,25.496073,Stable,0
129,256,3,BS1,Terrestrial,158.603762337124,98.9792190958727,60.3572413297032,50.992146,893.334270320412,8.75952808811392,14.3236796461831,-Inf,Inf,60.3572413297032,Served,50.992146,Stable,0
129,256,4,BS2,Terrestrial,1289.96390375941,151.097489120108,8.23897130546806,13.488017560019,893.334270320412,16.5579238450953,14.2932732662814,-Inf,Inf,8.23897130546806,Served,13.488017560019,Stable,0
129,256,5,BS1,Terrestrial,2496.53115061175,146.337079873283,12.9993805522928,40.2897624590935,893.334270320412,11.0863680473101,14.2776943004611,-Inf,Inf,12.9993805522928,Served,40.2897624590935,Stable,0
129,256,6,BS2,Terrestrial,4576.26928829528,162.270257851628,-2.93379742605211,2.72408942821781,893.334270320412,81.9846680753852,14.3860838983434,-Inf,Inf,-2.93379742605211,BelowTarget,2.72408942821781,Stable,0
130,258,1,BS2,Terrestrial,295.272687326099,87.16983965093,72.1666207746458,25.496073,893.334270320412,8.75952808811392,14.5525250833331,-Inf,Inf,72.1666207746458,Served,25.496073,Stable,0
130,258,2,BS2,Terrestrial,144.900842099444,114.9129061391,44.4235542864757,25.496073,893.334270320412,8.75952808811392,14.5449829852457,-Inf,Inf,44.4235542864757,Served,25.496073,Stable,0
130,258,3,BS1,Terrestrial,158.603762337124,107.056081306661,52.2803791189151,50.992146,893.334270320412,8.75952808811392,14.5574595967874,-Inf,Inf,52.2803791189151,Served,50.992146,Stable,0
130,258,4,BS2,Terrestrial,1289.96390375941,150.989724195407,8.34673623016877,13.631130522852,893.334270320412,16.3840825385461,14.526700584555,-Inf,Inf,8.34673623016877,Served,13.631130522852,Stable,0
130,258,5,BS1,Terrestrial,2496.53115061175,151.232155536509,8.10430488906698,26.619660356073,893.334270320412,16.7795955765568,14.5109438557547,-Inf,Inf,8.10430488906698,Served,26.619660356073,Stable,0
130,258,6,BS2,Terrestrial,4576.26928829528,159.71627140707,-0.379810981494103,4.30676761245094,893.334270320412,51.8564240462945,14.6205801751948,-Inf,Inf,-0.379810981494103,BelowTarget,4.30676761245094,Stable,0
131,260,1,BS2,Terrestrial,295.272687326099,93.7698429190798,65.566617506496,33.994764,893.334270320412,8.75952808811392,14.7889573768767,-Inf,Inf,65.566617506496,Served,33.994764,Stable,0
131,260,2,BS2,Terrestrial,144.900842099444,111.121729017128,48.2147314084483,33.994764,893.334270320412,8.75952808811392,14.7813271657914,-Inf,Inf,48.2147314084483,Served,33.994764,Stable,0
131,260,3,BS1,Terrestrial,158.603762337124,99.4065946798311,59.9298657457447,50.992146,893.334270320412,8.75952808811392,14.7939493831342,-Inf,Inf,59.9298657457447,Served,50.992146,Stable,0
131,260,4,BS2,Terrestrial,1289.96390375941,149.041260729461,10.2951996961153,21.7189643358141,893.334270320412,13.7105105705144,14.7628298421937,-Inf,Inf,10.2951996961153,Served,21.7189643358141,Stable,0
131,260,5,BS1,Terrestrial,2496.53115061175,164.817314552102,-5.48085412652645,3.30126646392711,893.334270320412,135.301751628029,14.7468914002903,-Inf,Inf,-5.48085412652645,BelowTarget,3.30126646392711,Stable,0
131,260,6,None,Outage,4576.26928829528,171.773088334972,-12.436627909396,NaN,NaN,Inf,14.8578022515521,-Inf,Inf,-12.436627909396,Outage,0,Outage,0
132,262,1,BS2,Terrestrial,295.272687326099,91.4897455847631,67.8467148408127,25.496073,893.334270320412,8.75952808811392,15.0281588921446,-Inf,Inf,67.8467148408127,Served,25.496073,Stable,0
132,262,2,BS2,Terrestrial,144.900842099444,108.382124946878,50.9543354786983,25.496073,893.334270320412,8.75952808811392,15.0204385867827,-Inf,Inf,50.9543354786983,Served,25.496073,Stable,0
132,262,3,BS1,Terrestrial,158.603762337124,100.852135854139,58.4843245714368,50.992146,893.334270320412,8.75952808811392,15.033209682324,-Inf,Inf,58.4843245714368,Served,50.992146,Stable,0
132,262,4,BS2,Terrestrial,1289.96390375941,149.047222672653,10.2892377529224,16.2809099256957,893.334270320412,13.7175114044223,15.0017214935091,-Inf,Inf,10.2892377529224,Served,16.2809099256957,Stable,0
132,262,5,BS1,Terrestrial,2496.53115061175,141.00113312352,18.3353273020555,50.992146,893.334270320412,8.75952808811392,14.9855972781516,-Inf,Inf,18.3353273020555,Served,50.992146,Stable,0
132,262,6,BS2,Terrestrial,4576.26928829528,163.593759251524,-4.257298825948,2.10978457263884,893.334270320412,105.856100417288,15.097811251363,-Inf,Inf,-4.257298825948,BelowTarget,2.10978457263884,Stable,0
133,264,1,BS2,Terrestrial,295.272687326099,88.7670118627691,70.5694485628068,25.496073,893.334270320412,8.75952808811392,15.2701919794966,-Inf,Inf,70.5694485628068,Served,25.496073,Stable,0
133,264,2,BS2,Terrestrial,144.900842099444,111.778663698604,47.5577967269723,25.496073,893.334270320412,8.75952808811392,15.2623795425705,-Inf,Inf,47.5577967269723,Served,25.496073,Stable,0
133,264,3,BS1,Terrestrial,158.603762337124,112.684991963051,46.6514684625247,50.992146,893.334270320412,8.75952808811392,15.2753028811421,-Inf,Inf,46.6514684625247,Served,50.992146,Stable,0
133,264,4,BS2,Terrestrial,1289.96390375941,149.454951707654,9.88150871792232,15.7147496543861,893.334270320412,14.2117165396758,15.2434376952196,-Inf,Inf,9.88150871792232,Served,15.7147496543861,Stable,0
133,264,5,BS1,Terrestrial,2496.53115061175,154.430860889307,4.90559953626857,18.6685455922235,893.334270320412,23.9261881946641,15.2271235322839,-Inf,Inf,4.90559953626857,Served,18.6685455922235,Stable,0
133,264,6,BS2,Terrestrial,4576.26928829528,165.296979754196,-5.96051932861988,1.49607337633419,893.334270320412,149.279822175123,15.340670022676,-Inf,Inf,-5.96051932861988,BelowTarget,1.49607337633419,Stable,0
134,266,1,BS2,Terrestrial,295.272687326099,87.7167197015815,71.6197407239943,25.496073,893.334270320412,8.75952808811392,15.5151207534321,-Inf,Inf,71.6197407239943,Served,25.496073,Stable,0
134,266,2,BS2,Terrestrial,144.900842099444,109.474822223665,49.8616382019108,25.496073,893.334270320412,8.75952808811392,15.5072140898189,-Inf,Inf,49.8616382019108,Served,25.496073,Stable,0
134,266,3,BS1,Terrestrial,158.603762337124,108.021656925305,51.3148035002709,50.992146,893.334270320412,8.75952808811392,15.5202931316982,-Inf,Inf,51.3148035002709,Served,50.992146,Stable,0
134,266,4,BS2,Terrestrial,1289.96390375941,147.589054405829,11.7474060197471,18.3406946783915,893.334270320412,12.1769415769856,15.4880423618355,-Inf,Inf,11.7474060197471,Served,18.3406946783915,Stable,0
134,266,5,BS1,Terrestrial,2496.53115061175,147.684063161362,11.6523972642144,36.4100058212668,893.334270320412,12.2677029317944,15.4715339597608,-Inf,Inf,11.6523972642144,Served,36.4100058212668,Stable,0
134,266,6,BS2,Terrestrial,4576.26928829528,166.66717813225,-7.33071770667382,1.12345210482319,893.334270320412,198.792246346142,15.5864431937689,-Inf,Inf,-7.33071770667382,BelowTarget,1.12345210482319,Stable,0
135,268,1,BS2,Terrestrial,295.272687326099,92.6543872099565,66.6820732156194,33.994764,893.334270320412,8.75952808811392,15.7630111501055,-Inf,Inf,66.6820732156194,Served,33.994764,Stable,0
135,268,2,BS2,Terrestrial,144.900842099444,112.491909098121,46.8445513274544,33.994764,893.334270320412,8.75952808811392,15.7550081049567,-Inf,Inf,46.8445513274544,Served,33.994764,Stable,0
135,268,3,BS1,Terrestrial,158.603762337124,104.562818464511,54.773641961065,50.992146,893.334270320412,8.75952808811392,15.768246408982,-Inf,Inf,54.773641961065,Served,50.992146,Stable,0
135,268,4,BS2,Terrestrial,1289.96390375941,144.648168467553,14.6882919580224,30.156590783474,893.334270320412,9.87439502843234,15.7356012229538,-Inf,Inf,14.6882919580224,Served,30.156590783474,Stable,0
135,268,5,BS1,Terrestrial,2496.53115061175,163.756644873312,-4.42018444773603,4.0858821439746,893.334270320412,109.319632681746,15.718894168954,-Inf,Inf,-4.42018444773603,BelowTarget,4.0858821439746,Stable,0
135,268,6,None,Outage,4185.25875071361,173.645911803005,-14.3094513774294,NaN,NaN,Inf,15.8351972312092,-Inf,Inf,-14.3094513774294,Outage,0,Outage,0
136,270,1,BS2,Terrestrial,295.272687326099,91.1479568463935,68.1885035791823,33.994764,893.334270320412,8.75952808811392,16.0139309868172,-Inf,Inf,68.1885035791823,Served,33.994764,Stable,0
136,270,2,BS2,Terrestrial,144.900842099444,111.284568252302,48.0518921732742,33.994764,893.334270320412,8.75952808811392,16.0058293436037,-Inf,Inf,48.0518921732742,Served,33.994764,Stable,0
136,270,3,BS1,Terrestrial,158.603762337124,97.7308486448741,61.6056117807018,50.992146,893.334270320412,8.75952808811392,16.0192305703958,-Inf,Inf,61.6056117807018,Served,50.992146,Stable,0
136,270,4,BS2,Terrestrial,1289.96390375941,147.333584252469,12.0028761731069,24.9419620193254,893.334270320412,11.9388398505331,15.9861818825212,-Inf,Inf,12.0028761731069,Served,24.9419620193254,Stable,0
136,270,5,BS1,Terrestrial,2496.53115061175,160.441034598372,-1.10457417279585,7.60258643084018,893.334270320412,58.7519969977959,15.9692716386703,-Inf,Inf,-1.10457417279585,Served,7.60258643084018,Stable,0
136,270,6,None,Outage,4576.26928829528,169.501551116055,-10.1650906904788,NaN,NaN,Inf,16.087000499906,-Inf,Inf,-10.1650906904788,Outage,0,Outage,0
137,272,1,BS2,Terrestrial,295.272687326099,90.5275755910185,68.8088848345574,25.496073,893.334270320412,8.75952808811392,16.2679500235373,-Inf,Inf,68.8088848345574,Served,25.496073,Stable,0
137,272,2,BS2,Terrestrial,144.900842099444,116.893720793744,42.4427396318321,25.496073,893.334270320412,8.75952808811392,16.2597475020284,-Inf,Inf,42.4427396318321,Served,25.496073,Stable,0
137,272,3,BS1,Terrestrial,158.603762337124,97.8951864353483,61.4412739902276,50.992146,893.334270320412,8.75952808811392,16.2733154173221,-Inf,Inf,61.4412739902276,Served,50.992146,Stable,0
137,272,4,BS2,Terrestrial,1289.96390375941,148.160506336895,11.175954088681,17.5274823443121,893.334270320412,12.7419080044076,16.2398538801237,-Inf,Inf,11.175954088681,Served,17.5274823443121,Stable,0
137,272,5,BS1,Terrestrial,2496.53115061175,145.905762303917,13.4306981216592,41.5451758120064,893.334270320412,10.7513598493696,16.2227357793098,-Inf,Inf,13.4306981216592,Served,41.5451758120064,Stable,0
137,272,6,BS2,Terrestrial,4576.26928829528,164.764002245479,-5.42754181990321,1.66865375231041,893.334270320412,133.840568944202,16.3419233252115,-Inf,Inf,-5.42754181990321,BelowTarget,1.66865375231041,Stable,0
138,274,1,BS2,Terrestrial,295.272687326099,93.5870670333363,65.7493933922396,25.496073,893.334270320412,8.75952808811392,16.5251400265274,-Inf,Inf,65.7493933922396,Served,25.496073,Stable,0
138,274,2,BS2,Terrestrial,144.900842099444,122.237676884332,37.0987835412442,25.496073,893.334270320412,8.75952808811392,16.5168342806993,-Inf,Inf,37.0987835412442,Served,25.496073,Stable,0
138,274,3,BS1,Terrestrial,158.603762337124,100.206755131099,59.1297052944766,50.992146,893.334270320412,8.75952808811392,16.5305727587889,-Inf,Inf,59.1297052944766,Served,50.992146,Stable,0
138,274,4,BS2,Terrestrial,1289.96390375941,143.921978830279,15.4144815952969,23.6911215714252,893.334270320412,9.42688875690352,16.4966887543651,-Inf,Inf,15.4144815952969,Served,23.6911215714252,Stable,0
138,274,5,BS1,Terrestrial,2496.53115061175,144.212621255891,15.123839169685,46.5215079682368,893.334270320412,9.60130388432754,16.4793579961107,-Inf,Inf,15.123839169685,Served,46.5215079682368,Stable,0
138,274,6,BS2,Terrestrial,4576.26928829528,163.847209194716,-4.51074876914049,2.0065638444759,893.334270320412,111.301500919068,16.6000380571343,-Inf,Inf,-4.51074876914049,BelowTarget,2.0065638444759,Stable,0
139,276,1,BS2,Terrestrial,295.272687326099,92.3354936591186,67.0009667664573,33.994764,893.334270320412,8.75952808811392,16.7855748341157,-Inf,Inf,67.0009667664573,Served,33.994764,Stable,0
139,276,2,BS2,Terrestrial,144.900842099444,114.632576594031,44.7038838315446,33.994764,893.334270320412,8.75952808811392,16.7771634499907,-Inf,Inf,44.7038838315446,Served,33.994764,Stable,0
139,276,3,BS1,Terrestrial,158.603762337124,98.5240171460236,60.8124432795522,50.992146,893.334270320412,8.75952808811392,16.7910764772906,-Inf,Inf,60.8124432795522,Served,50.992146,Stable,0
139,276,4,BS2,Terrestrial,1289.96390375941,157.00182048433,2.33463994124557,8.80835558866959,893.334270320412,33.8063202727469,16.7567601083942,-Inf,Inf,2.33463994124557,Served,8.80835558866959,Stable,0
139,276,5,BS1,Terrestrial,2496.53115061175,148.747268932435,10.5891914931405,33.4007056273312,893.334270320412,13.3729849945058,16.7392117545379,-Inf,Inf,10.5891914931405,Served,33.4007056273312,Stable,0
139,276,6,None,Outage,4576.26928829528,168.057583053007,-8.72112262743084,NaN,NaN,Inf,16.8614191367252,-Inf,Inf,-8.72112262743084,Outage,0,Outage,0
140,278,1,BS2,Terrestrial,295.272687326099,93.175044375045,66.1614160505309,33.994764,893.334270320412,8.75952808811392,17.0493304246891,-Inf,Inf,66.1614160505309,Served,33.994764,Stable,0
140,278,2,BS2,Terrestrial,144.900842099444,108.822857462931,50.5136029626445,33.994764,893.334270320412,8.75952808811392,17.0408109181013,-Inf,Inf,50.5136029626445,Served,33.994764,Stable,0
140,278,3,BS1,Terrestrial,158.603762337124,106.86111076923,52.4753496563455,50.992146,893.334270320412,8.75952808811392,17.0549025968273,-Inf,Inf,52.4753496563455,Served,50.992146,Stable,0
140,278,4,BS2,Terrestrial,1289.96390375941,159.414962938473,-0.078502512897046,6.04056201320129,893.334270320412,49.2964213356353,17.0201436776401,-Inf,Inf,-0.078502512897046,Served,6.04056201320129,Stable,0
140,278,5,BS1,Terrestrial,2496.53115061175,148.858932839133,10.4775275864428,33.0878534549095,893.334270320412,13.499429201985,17.0023726478777,-Inf,Inf,10.4775275864428,Served,33.0878534549095,Stable,0
140,278,6,None,Outage,4576.26928829528,167.083106523564,-7.7466460979883,NaN,NaN,Inf,17.1261431646928,-Inf,Inf,-7.7466460979883,Outage,0,Outage,0
141,280,1,BS2,Terrestrial,295.272687326099,93.8044336942388,65.5320267313371,33.994764,893.334270320412,8.75952808811392,17.316484986961,-Inf,Inf,65.5320267313371,Served,33.994764,Stable,0
141,280,2,BS2,Terrestrial,144.900842099444,118.806034077346,40.5304263482297,33.994764,893.334270320412,8.75952808811392,17.3078548012473,-Inf,Inf,40.5304263482297,Served,33.994764,Stable,0
141,280,3,BS1,Terrestrial,158.603762337124,101.196667181375,58.1397932442011,50.992146,893.334270320412,8.75952808811392,17.3221293532199,-Inf,Inf,58.1397932442011,Served,50.992146,Stable,0
141,280,4,BS2,Terrestrial,1289.96390375941,155.278768592461,4.05769183311469,11.1749960803164,893.334270320412,26.6468183045997,17.2869173998164,-Inf,Inf,4.05769183311469,Served,11.1749960803164,Stable,0
141,280,5,BS1,Terrestrial,2496.53115061175,141.433709540673,17.9027508849032,50.992146,893.334270320412,8.75952808811392,17.2689184670968,-Inf,Inf,17.9027508849032,Served,50.992146,Stable,0
141,280,6,None,Outage,4576.26928829528,167.233436245898,-7.8969758203217,NaN,NaN,Inf,17.3942889723115,-Inf,Inf,-7.8969758203217,Outage,0,Outage,0
142,282,1,BS2,Terrestrial,295.272687326099,92.8091025356756,66.5273578899003,33.994764,893.334270320412,8.75952808811392,17.5871189925751,-Inf,Inf,66.5273578899003,Served,33.994764,Stable,0
142,282,2,BS2,Terrestrial,144.900842099444,109.046436007438,50.290024418138,33.994764,893.334270320412,8.75952808811392,17.5783754961894,-Inf,Inf,50.290024418138,Served,33.994764,Stable,0
142,282,3,BS1,Terrestrial,158.603762337124,110.202611612541,49.1338488130351,50.992146,893.334270320412,8.75952808811392,17.5928372667637,-Inf,Inf,49.1338488130351,Served,50.992146,Stable,0
142,282,4,BS2,Terrestrial,1289.96390375941,154.191428266273,5.1450321593025,12.8160313621414,893.334270320412,23.2348128443601,17.5571614872546,-Inf,Inf,5.1450321593025,Served,12.8160313621414,Stable,0
142,282,5,BS1,Terrestrial,2496.53115061175,159.279521126974,0.0569392986016055,9.26710361322791,893.334270320412,48.199216691894,17.5389292730279,-Inf,Inf,0.0569392986016055,Served,9.26710361322791,Stable,0
142,282,6,None,Outage,4185.25875071361,176.201047000259,-16.8645865746832,NaN,NaN,Inf,17.6659376946806,-Inf,Inf,-16.8645865746832,Outage,0,Outage,0
143,284,1,BS2,Terrestrial,295.272687326099,88.1439866164934,71.1924738090824,25.496073,893.334270320412,8.75952808811392,17.8613152711013,-Inf,Inf,71.1924738090824,Served,25.496073,Stable,0
143,284,2,BS2,Terrestrial,144.900842099444,108.569334068552,50.7671263570238,25.496073,893.334270320412,8.75952808811392,17.8524557551506,-Inf,Inf,50.7671263570238,Served,25.496073,Stable,0
143,284,3,BS1,Terrestrial,158.603762337124,97.1189957352461,62.2174646903298,50.992146,893.334270320412,8.75952808811392,17.8671092172743,-Inf,Inf,62.2174646903298,Served,50.992146,Stable,0
143,284,4,BS2,Terrestrial,1289.96390375941,147.113989134986,12.22247129059,19.0219076760093,893.334270320412,11.7408606636113,17.8309585016229,-Inf,Inf,12.22247129059,Served,19.0219076760093,Stable,0
143,284,5,BS1,Terrestrial,2496.53115061175,160.114395466985,-0.777935041408881,8.04687945224827,893.334270320412,55.508118123406,17.8124874709369,-Inf,Inf,-0.777935041408881,Served,8.04687945224827,Stable,0
143,284,6,BS2,Terrestrial,4576.26928829528,163.528415627359,-4.19195520178323,2.13711730650907,893.334270320412,104.502250250789,17.9411728463895,-Inf,Inf,-4.19195520178323,BelowTarget,2.13711730650907,Stable,0
144,286,1,BS2,Terrestrial,295.272687326099,90.6607081054897,68.6757523200861,25.496073,893.334270320412,8.75952808811392,18.1391590874832,-Inf,Inf,68.6757523200861,Served,25.496073,Stable,0
144,286,2,BS2,Terrestrial,144.900842099444,118.874324420724,40.4621360048523,25.496073,893.334270320412,8.75952808811392,18.1301807631828,-Inf,Inf,40.4621360048523,Served,25.496073,Stable,0
144,286,3,BS1,Terrestrial,158.603762337124,100.507305465778,58.8291549597976,50.992146,893.334270320412,8.75952808811392,18.1450305215871,-Inf,Inf,58.8291549597976,Served,50.992146,Stable,0
144,286,4,BS2,Terrestrial,1289.96390375941,147.511691805539,11.8247686200367,18.4513218607002,893.334270320412,12.1039332176946,18.1083934310887,-Inf,Inf,11.8247686200367,Served,18.4513218607002,Stable,0
144,286,5,BS1,Terrestrial,2496.53115061175,142.376939153414,16.9595212721615,50.992146,893.334270320412,8.75952808811392,18.0896778875311,-Inf,Inf,16.9595212721615,Served,50.992146,Stable,0
144,286,6,BS2,Terrestrial,4576.26928829528,163.155555707125,-3.81909528154884,2.29887092850834,893.334270320412,97.1492417475638,18.2200803996486,-Inf,Inf,-3.81909528154884,BelowTarget,2.29887092850834,Stable,0
145,288,1,BS2,Terrestrial,295.272687326099,91.8533836766721,67.4830767489037,25.496073,893.334270320412,8.75952808811392,18.4207382219893,-Inf,Inf,67.4830767489037,Served,25.496073,Stable,0
145,288,2,BS2,Terrestrial,144.900842099444,108.109914816989,51.2265456085865,25.496073,893.334270320412,8.75952808811392,18.4116382180364,-Inf,Inf,51.2265456085865,Served,25.496073,Stable,0
145,288,3,BS1,Terrestrial,158.603762337124,101.87234075342,57.4641196721561,50.992146,893.334270320412,8.75952808811392,18.4266890135605,-Inf,Inf,57.4641196721561,Served,50.992146,Stable,0
145,288,4,BS2,Terrestrial,1289.96390375941,144.382921212502,14.9535392130742,23.0089782800018,893.334270320412,9.70636613509316,18.3895537699794,-Inf,Inf,14.9535392130742,Served,23.0089782800018,Stable,0
145,288,5,BS1,Terrestrial,2496.53115061175,144.880213615224,14.4562468103514,44.5511207221137,893.334270320412,10.0259461023726,18.3705878504629,-Inf,Inf,14.4562468103514,Served,44.5511207221137,Stable,0
145,288,6,BS2,Terrestrial,4576.26928829528,166.134679535892,-6.79821911031587,1.25689121318072,893.334270320412,177.687269381834,18.5027488649365,-Inf,Inf,-6.79821911031587,BelowTarget,1.25689121318072,Stable,0
146,290,1,BS2,Terrestrial,295.272687326099,86.706142317021,72.6303181085549,33.994764,893.334270320412,8.75952808811392,18.7061430527214,-Inf,Inf,72.6303181085549,Served,33.994764,Stable,0
146,290,2,BS2,Terrestrial,144.900842099444,131.926656716299,27.4098037092766,33.994764,893.334270320412,8.75952808811392,18.6969184125844,-Inf,Inf,27.4098037092766,Served,33.994764,Stable,0
146,290,3,BS1,Terrestrial,158.603762337124,100.271565674012,59.0648947515637,50.992146,893.334270320412,8.75952808811392,18.7121751266386,-Inf,Inf,59.0648947515637,Served,50.992146,Stable,0
146,290,4,BS2,Terrestrial,1289.96390375941,157.686665262529,1.64979516304643,7.95535232615594,893.334270320412,37.4311630583295,18.6745296009933,-Inf,Inf,1.64979516304643,Served,7.95535232615594,Stable,0
146,290,5,BS1,Terrestrial,2496.53115061175,147.218053153847,12.1184072717291,37.7446207758965,893.334270320412,11.8339282784752,18.655307270381,-Inf,Inf,12.1184072717291,Served,37.7446207758965,Stable,0
146,290,6,None,Outage,4576.26928829528,168.831861865566,-9.49540143998982,NaN,NaN,Inf,18.7892693742165,-Inf,Inf,-9.49540143998982,Outage,0,Outage,0
147,292,1,BS2,Terrestrial,295.272687326099,88.2617583892559,71.07470203632,33.994764,893.334270320412,8.75952808811392,18.9954666407288,-Inf,Inf,71.07470203632,Served,33.994764,Stable,0
147,292,2,BS2,Terrestrial,144.900842099444,128.52097951696,30.8154809086156,33.994764,893.334270320412,8.75952808811392,18.9861143198514,-Inf,Inf,30.8154809086156,Served,33.994764,Stable,0
147,292,3,BS1,Terrestrial,158.603762337124,98.7084916655253,60.6279687600506,33.994764,893.334270320412,8.75952808811392,19.0015819790189,-Inf,Inf,60.6279687600506,Served,33.994764,Stable,0
147,292,4,BS1,Terrestrial,1684.50527938871,157.190869337358,2.14559108821763,8.56769649953534,893.334270320412,34.7559101939423,18.9634136800104,-Inf,Inf,2.14559108821763,Served,8.56760021739348,InTransition,0.0224756191750323
147,292,5,BS1,Terrestrial,2496.53115061175,138.925158643128,20.4113017824479,33.994764,893.334270320412,8.75952808811392,18.9439287255787,-Inf,Inf,20.4113017824479,Served,33.994764,Stable,0
147,292,6,BS2,Terrestrial,4576.26928829528,162.447793144537,-3.11133271896097,3.51203284796107,893.334270320412,84.7879570032157,19.0797357667694,-Inf,Inf,-3.11133271896097,BelowTarget,3.51203284796107,Stable,0
148,294,1,BS2,Terrestrial,295.272687326099,89.4497202941218,69.8867401314541,25.496073,893.334270320412,8.75952808811392,19.2888048177713,-Inf,Inf,69.8867401314541,Served,25.496073,Stable,0
148,294,2,BS2,Terrestrial,144.900842099444,118.290760812826,41.0456996127496,25.496073,893.334270320412,8.75952808811392,19.2793216806899,-Inf,Inf,41.0456996127496,Served,25.496073,Stable,0
148,294,3,BS1,Terrestrial,158.603762337124,100.078779538207,59.2576808873693,50.992146,893.334270320412,8.75952808811392,19.295005461472,-Inf,Inf,59.2576808873693,Served,50.992146,Stable,0
148,294,4,BS2,Terrestrial,1289.96390375941,151.478219505069,7.85824092050697,12.9861646552778,893.334270320412,17.1978080910391,19.2563015235466,-Inf,Inf,7.85824092050697,Served,12.9860529000738,InTransition,0.0172114256958314
148,294,5,BS1,Terrestrial,2496.53115061175,146.516236280007,12.8202241455688,39.7700169689154,893.334270320412,11.2312533210465,19.2365475492847,-Inf,Inf,12.8202241455688,Served,39.7700169689154,Stable,0
148,294,6,BS2,Terrestrial,4576.26928829528,166.453812246564,-7.11735182098775,1.17528279760052,893.334270320412,190.025386261132,19.3742446776841,-Inf,Inf,-7.11735182098775,BelowTarget,1.17528279760052,Stable,0
149,296,1,BS2,Terrestrial,295.272687326099,90.0811023311914,69.2553580943844,33.994764,893.334270320412,8.75952808811392,19.5862562767746,-Inf,Inf,69.2553580943844,Served,33.994764,Stable,0
149,296,2,BS2,Terrestrial,144.900842099444,108.972495896571,50.3639645290046,33.994764,893.334270320412,8.75952808811392,19.5766390941478,-Inf,Inf,50.3639645290046,Served,33.994764,Stable,0
149,296,3,BS1,Terrestrial,158.603762337124,98.8370636463375,60.4993967792384,50.992146,893.334270320412,8.75952808811392,19.5925443278523,-Inf,Inf,60.4993967792384,Served,50.992146,Stable,0
149,296,4,BS2,Terrestrial,1289.96390375941,152.406210376105,6.93025004947052,15.7193665599922,893.334270320412,18.9433899241645,19.5532914988952,-Inf,Inf,6.93025004947052,Served,15.7193665599922,Stable,0
149,296,5,BS1,Terrestrial,2496.53115061175,144.787108481851,14.5493519437252,44.8253245938933,893.334270320412,9.96461574359814,19.5332619196386,-Inf,Inf,14.5493519437252,Served,44.8253245938933,Stable,0
149,296,6,None,Outage,4576.26928829528,170.502681448565,-11.1662210229895,NaN,NaN,Inf,19.6728956290482,-Inf,Inf,-11.1662210229895,Outage,0,Outage,0
150,298,1,BS2,Terrestrial,295.272687326099,90.2524677555011,69.0839926700747,33.994764,893.334270320412,8.75952808811392,19.8879226650089,-Inf,Inf,69.0839926700747,Served,33.994764,Stable,0
150,298,2,BS2,Terrestrial,144.900842099444,108.36570285846,50.970757567116,33.994764,893.334270320412,8.75952808811392,19.8781681105574,-Inf,Inf,50.970757567116,Served,33.994764,Stable,0
150,298,3,BS1,Terrestrial,158.603762337124,99.7671055644663,59.5693548611096,50.992146,893.334270320412,8.75952808811392,19.8943002883329,-Inf,Inf,59.5693548611096,Served,50.992146,Stable,0
150,298,4,BS2,Terrestrial,1289.96390375941,157.857031188074,1.47942923750159,7.75131256954394,893.334270320412,38.4164730083029,19.8544849169867,-Inf,Inf,1.47942923750159,Served,7.75131256954394,Stable,0
150,298,5,BS1,Terrestrial,2496.53115061175,144.06657345701,15.2698869685663,46.953819498514,893.334270320412,9.51290310204354,19.8341729523839,-Inf,Inf,15.2698869685663,Served,46.953819498514,Stable,0
150,298,6,None,Outage,4576.26928829528,172.372798427094,-13.0363380015179,NaN,NaN,Inf,19.9757911238663,-Inf,Inf,-13.0363380015179,Outage,0,Outage,0
151,300,1,BS2,Terrestrial,295.272687326099,86.9162776815849,72.420182743991,33.994764,893.334270320412,8.75952808811392,20.1939086800196,1.00853100898024,167.966656185248,72.420182743991,Served,33.994764,Stable,0
151,300,2,BS2,Terrestrial,144.900842099444,108.717817844287,50.6186425812891,33.994764,893.334270320412,8.75952808811392,20.184013327377,2.77867501172977,166.196512182498,50.6186425812891,Served,33.994764,Stable,0
151,300,3,BS1,Terrestrial,158.603762337124,111.764008976391,47.5724514491847,50.992146,893.334270320412,8.75952808811392,20.2003781053946,7.4560971340926,161.519090060136,47.5724514491847,Served,50.992146,Stable,0
151,300,4,BS2,Terrestrial,1289.96390375941,152.763899025454,6.57256140012166,15.1190391955714,893.334270320412,19.6955696889805,20.1599861279979,-11.7390634906976,180.714250684926,6.57256140012166,Served,15.1190391955714,Stable,0
151,300,5,BS1,Terrestrial,2496.53115061175,154.816912714161,4.51954771141507,17.7886148318975,893.334270320412,25.1097198619012,20.1393847963106,3.35477517756243,165.620412016666,4.51954771141507,Served,17.7886148318975,Stable,0
151,300,6,SAT-1,Satellite,1391268.40797017,169.537401398923,-0.562214204694925,27.2891492582274,188.391482363219,6.9035307982868,20.2830367427346,-0.562214204694925,169.537401398923,-6.99647597690443,Served,27.2891492582274,Stable,0
152,302,1,BS2,Terrestrial,295.272687326099,91.3133172057764,68.0231432197995,33.994764,893.334270320412,8.75952808811392,20.5043221683303,-28.3347099773542,197.309897171582,68.0231432197995,Served,33.994764,Stable,0
152,302,2,BS2,Terrestrial,144.900842099444,112.833067644913,46.5033927806627,33.994764,893.334270320412,8.75952808811392,20.4942824878026,4.33988620877986,164.635300985448,46.5033927806627,Served,33.994764,Stable,0
152,302,3,BS1,Terrestrial,158.603762337124,101.502905804296,57.8335546212801,50.992146,893.334270320412,8.75952808811392,20.5108856925854,-2.79336004004526,171.768547234273,57.8335546212801,Served,50.992146,Stable,0
152,302,4,BS2,Terrestrial,1289.96390375941,148.732822942186,10.6036374833895,22.2941512888841,893.334270320412,13.3567807201199,20.4699026197289,2.50784642632314,166.467340767905,10.6036374833895,Served,22.2941512888841,Stable,0
152,302,5,BS1,Terrestrial,2496.53115061175,141.266899167157,18.0695612584188,50.992146,893.334270320412,8.75952808811392,20.4490047314647,6.93681967611892,162.038367518109,18.0695612584188,Served,50.992146,Stable,0
152,302,6,SAT-1,Satellite,1378863.70734678,173.73853548937,-4.76334829514204,12.4707316472159,188.391482363219,15.1066904246374,20.5947412432855,-4.76334829514204,173.73853548937,-12.7227235780895,Served,12.4707316472159,Stable,0
153,304,1,BS2,Terrestrial,295.272687326099,88.1416389567482,71.1948214688276,33.994764,893.334270320412,8.75952808811392,20.8192742269273,-1.59162386189786,170.566811056126,71.1948214688276,Served,33.994764,Stable,0
153,304,2,BS2,Terrestrial,144.900842099444,110.183244142945,49.153216282631,33.994764,893.334270320412,8.75952808811392,20.8090865821624,-1.84525284059009,170.820440034818,49.153216282631,Served,33.994764,Stable,0
153,304,3,BS1,Terrestrial,158.603762337124,106.848882701904,52.4875777236723,50.992146,893.334270320412,8.75952808811392,20.8259342160622,-2.06482565655085,171.040012850779,52.4875777236723,Served,50.992146,Stable,0
153,304,4,BS2,Terrestrial,1289.96390375941,145.815930890229,13.5205295353465,27.8715618027718,893.334270320412,10.6839398600616,20.7843451187615,1.98863436722323,166.986552827005,13.5205295353465,Served,27.8715618027718,Stable,0
153,304,5,BS1,Terrestrial,2496.53115061175,147.371379928909,11.9650804966668,37.3045485084897,893.334270320412,11.9735301194854,20.763143270141,-0.817145669628928,169.792332863857,11.9650804966668,Served,37.3045485084897,Stable,0
153,304,6,SAT-1,Satellite,1366484.75805489,168.877905526546,0.0972816676826085,30.4874585591934,188.391482363219,6.17931081390219,20.9110166624126,0.0972816676826085,168.877905526546,-13.1396150609917,Served,30.4874585591934,Stable,0
154,306,1,BS2,Terrestrial,295.272687326099,88.4235361274997,70.9129242980761,33.994764,893.334270320412,8.75952808811392,21.1388793075261,2.48793298794033,166.487254206288,70.9129242980761,Served,33.994764,Stable,0
154,306,2,BS2,Terrestrial,144.900842099444,118.93640368683,40.4000567387454,33.994764,893.334270320412,8.75952808811392,21.1285399520925,-2.56752887981133,171.542716074039,40.4000567387454,Served,33.994764,Stable,0
154,306,3,BS1,Terrestrial,158.603762337124,111.001542386465,48.3349180391106,50.992146,893.334270320412,8.75952808811392,21.1456381989156,7.56265925766698,161.412527936561,48.3349180391106,Served,50.992146,Stable,0
154,306,4,BS2,Terrestrial,1289.96390375941,152.01301535108,7.32344507449571,16.3889552109573,893.334270320412,18.1694370552503,21.1034276943979,6.18135401008826,162.79383318414,7.32344507449571,Served,16.3889552109573,Stable,0
154,306,5,BS1,Terrestrial,2496.53115061175,151.049848962889,8.28661146268661,27.102455326372,893.334270320412,16.480688918453,21.0819142606571,7.05801389246164,161.917173301766,8.28661146268661,Served,27.102455326372,Stable,0
154,306,6,SAT-1,Satellite,1354132.31944529,165.837837900967,3.13734929326083,48.397074633767,188.391482363219,3.89262127491847,21.2319784212702,3.13734929326083,165.837837900967,-5.39765033793651,Served,48.397074633767,Stable,0
155,308,1,BS2,Terrestrial,295.272687326099,93.5245274916953,65.8119329338806,33.994764,893.334270320412,8.75952808811392,21.4632553236073,2.78337082385275,166.191816370375,65.8119329338806,Served,33.994764,Stable,0
155,308,2,BS2,Terrestrial,144.900842099444,117.444607788146,41.8918526374294,33.994764,893.334270320412,8.75952808811392,21.4527603974825,-0.598808998600845,169.573996192829,41.8918526374294,Served,33.994764,Stable,0
155,308,3,BS1,Terrestrial,158.603762337124,101.382840911639,57.9536195139373,50.992146,893.334270320412,8.75952808811392,21.470115628261,4.82632422277302,164.148862971455,57.9536195139373,Served,50.992146,Stable,0
155,308,4,BS2,Terrestrial,1289.96390375941,146.08026912291,13.2561913026657,27.3577107650168,893.334270320412,10.8846128488054,21.4272678653687,2.12382445350141,166.851362740727,13.2561913026657,Served,27.3577107650168,Stable,0
155,308,5,BS1,Terrestrial,2496.53115061175,141.333164855777,18.0032955697986,50.992146,893.334270320412,8.75952808811392,21.4054349939006,-7.44259241090685,176.417779605135,18.0032955697986,Served,50.992146,Stable,0
155,308,6,SAT-1,Satellite,1341807.17667467,174.090721511426,-5.11553431719767,11.6184324203815,188.391482363219,16.2148795592024,21.5577454330289,-5.11553431719767,174.090721511426,-9.18831950442714,Served,11.6184324203815,Stable,0
156,310,1,BS2,Terrestrial,295.272687326099,88.8154476210098,70.521012804566,50.992146,893.334270320412,8.75952808811392,21.7925237601943,0.20720977162884,168.767977422599,70.521012804566,Served,50.992146,Stable,0
156,310,2,BS2,Terrestrial,144.900842099444,112.343825951543,46.9926344740328,50.992146,893.334270320412,8.75952808811392,21.7818692861647,3.39172365034725,165.583463543881,46.9926344740328,Served,50.992146,Stable,0
156,310,3,BS1,Terrestrial,158.603762337124,98.4379018886037,60.8985585369722,33.994764,893.334270320412,8.75952808811392,21.799488065073,-2.90894252652279,171.884129720751,60.8985585369722,Served,33.994764,Stable,0
156,310,4,BS1,Terrestrial,1684.50527938871,156.198850724327,3.13760970124898,9.87335959662436,893.334270320412,30.1597533435947,21.755986709287,-11.0946031536025,180.069790347831,3.13760970124898,Served,9.87324864168922,InTransition,0.0224756191750323
156,310,5,BS1,Terrestrial,2496.53115061175,149.31299087117,10.023469554406,21.2151085756524,893.334270320412,14.0361332135038,21.7338263126249,-0.610692307030291,169.585879501258,10.023469554406,Served,21.2151085756524,Stable,0
156,310,6,SAT-1,Satellite,1329510.14174528,162.214894076284,6.76029311794366,75.6521769457713,188.391482363219,2.49023213830662,21.8884402133601,6.76029311794366,162.214894076284,-8.71315123532759,Served,75.6521769457713,Stable,0
157,312,1,BS2,Terrestrial,295.272687326099,90.3477215887888,68.9887388367871,33.994764,893.334270320412,8.75952808811392,22.1268097863303,4.13296522472982,164.842221969498,68.9887388367871,Served,33.994764,Stable,0
157,312,2,BS2,Terrestrial,144.900842099444,111.299590206126,48.0368702194502,33.994764,893.334270320412,8.75952808811392,22.1159916663037,-0.109213319684159,169.084400513912,48.0368702194502,Served,33.994764,Stable,0
157,312,3,BS1,Terrestrial,158.603762337124,110.877554996844,48.4589054287315,50.992146,893.334270320412,8.75952808811392,22.133880756717,-3.79151888779563,172.766706082024,48.4589054287315,Served,50.992146,Stable,0
157,312,4,BS2,Terrestrial,1289.96390375941,154.848401793054,4.48805863252201,11.8118135227382,893.334270320412,25.2101922819531,22.0897089748037,-9.88165394417746,178.856841138406,4.48805863252201,Served,11.8117118736628,InTransition,0.0172114256958314
157,312,5,BS1,Terrestrial,2496.53115061175,154.865093394439,4.47136703113668,17.6801954154342,893.334270320412,25.263698995673,22.0672127234524,1.69657973494029,167.278607459288,4.47136703113668,Served,17.6801954154342,Stable,0
157,312,6,SAT-1,Satellite,1317242.05458979,165.357800603645,3.61738659058332,51.6747324891089,188.391482363219,3.64571761262479,22.2241889935952,3.61738659058332,165.357800603645,0.782854479912714,Served,51.6747324891089,Stable,0
158,314,1,BS2,Terrestrial,295.272687326099,87.7321215769518,71.6043388486241,33.994764,893.334270320412,8.75952808811392,22.4662423701939,3.19299714269434,165.782190051534,71.6043388486241,Served,33.994764,Stable,0
158,314,2,BS2,Terrestrial,144.900842099444,119.420701441751,39.9157589838246,33.994764,893.334270320412,8.75952808811392,22.4552563814264,7.64418229057711,161.331004903651,39.9157589838246,Served,33.994764,Stable,0
158,314,3,BS1,Terrestrial,158.603762337124,100.615029209294,58.7214312162817,50.992146,893.334270320412,8.75952808811392,22.4734227521172,8.60607644536944,160.369110748859,58.7214312162817,Served,50.992146,Stable,0
158,314,4,BS2,Terrestrial,1289.96390375941,148.193212649918,11.1432477756583,23.3082129111579,893.334270320412,12.7756723023692,22.4285631964086,6.40622168733071,162.568965506897,11.1432477756583,Served,23.3082129111579,Stable,0
158,314,5,BS1,Terrestrial,2496.53115061175,152.111163230703,7.22529719487247,24.3313470042647,893.334270320412,18.357682173614,22.4057225115299,-0.860795314897501,169.835982509126,7.22529719487247,Served,24.3313470042647,Stable,0
158,314,6,SAT-1,Satellite,1305003.78420332,161.058179944162,7.9170072500664,85.380617613014,188.391482363219,2.20649003989523,22.5651218364972,7.9170072500664,161.058179944162,-9.14388037965614,Served,85.380617613014,Stable,0
159,316,1,BS2,Terrestrial,295.272687326099,89.0618523927031,70.2746080328727,50.992146,893.334270320412,8.75952808811392,22.8109543967688,10.9681608629757,158.007026331252,70.2746080328727,Served,50.992146,Stable,0
159,316,2,BS2,Terrestrial,144.900842099444,114.180373886323,45.1560865392529,50.992146,893.334270320412,8.75952808811392,22.7997961880099,-10.2949863262017,179.27017352043,45.1560865392529,Served,50.992146,Stable,0
159,316,3,BS1,Terrestrial,158.603762337124,96.3058122589706,63.0306481666052,50.992146,893.334270320412,8.75952808811392,22.8182470194779,5.77911104585408,163.196076148374,63.0306481666052,Served,50.992146,Stable,0
159,316,4,SAT-1,Satellite,1297681.07484594,156.551609114987,12.4235780792414,63.1097383769416,188.391482363219,1.49257061753286,22.7726818117935,12.4235780792414,156.551609114987,9.19752644999801,Served,62.5633849851546,InTransition,17.31439254347
159,316,5,BS1,Terrestrial,2496.53115061175,140.774652578036,18.5618078475404,50.992146,893.334270320412,8.75952808811392,22.7494878577538,4.85930563664903,164.115881557579,18.5618078475404,Served,50.992146,Stable,0
159,316,6,SAT-1,Satellite,1292796.22982458,159.152472591201,9.82271460302735,51.0898956510881,188.391482363219,1.84372545649549,22.9113727545508,9.82271460302735,159.152472591201,-12.7982505028849,Served,51.0898956510881,Stable,0
160,318,1,BS2,Terrestrial,295.272687326099,92.1759360514464,67.1605243741294,33.994764,893.334270320412,8.75952808811392,23.1610827879636,7.77631010886682,161.198877085361,67.1605243741294,Served,33.994764,Stable,0
160,318,2,BS2,Terrestrial,144.900842099444,110.921066221273,48.4153942043029,33.994764,893.334270320412,8.75952808811392,23.1497478755227,10.8133549196296,158.161832274599,48.4153942043029,Served,33.994764,Stable,0
160,318,3,BS1,Terrestrial,158.603762337124,107.763907352712,51.5725530728635,50.992146,893.334270320412,8.75952808811392,23.1684905664507,-1.32435814202839,170.299545336257,51.5725530728635,Served,50.992146,Stable,0
160,318,4,BS2,Terrestrial,1289.96390375941,152.964827147682,6.37163327789435,14.7856664492768,893.334270320412,20.1396461314985,23.1222012816765,-0.0524441234059623,169.027631317634,6.37163327789435,Served,14.785539208077,InTransition,0.0172114256958314
160,318,5,BS1,Terrestrial,2496.53115061175,142.177005195672,17.1594552299041,50.992146,893.334270320412,8.75952808811392,23.0986449584672,5.11942867935821,163.85575851487,17.1594552299041,Served,50.992146,Stable,0
160,318,6,SAT-1,Satellite,1280620.32216812,175.166370996451,-6.19118380222264,9.32314233346243,188.391482363219,20.2068654135042,23.2630798306588,-6.19118380222264,175.166370996451,-9.78324209818925,Served,9.32314233346243,Stable,0
161,320,1,BS2,Terrestrial,295.272687326099,89.3763845916849,69.960075833891,33.994764,893.334270320412,8.75952808811392,23.5167686250473,2.94173346891054,166.033453725318,69.960075833891,Served,33.994764,Stable,0
161,320,2,BS2,Terrestrial,144.900842099444,118.382976801009,40.9534836245669,33.994764,893.334270320412,8.75952808811392,23.5052523887863,1.3084816877244,167.666705506504,40.9534836245669,Served,33.994764,Stable,0
161,320,3,BS1,Terrestrial,158.603762337124,100.140377304521,59.1960831210545,50.992146,893.334270320412,8.75952808811392,23.5242945626155,2.84684704021953,166.128340154009,59.1960831210545,Served,50.992146,Stable,0
161,320,4,BS2,Terrestrial,1289.96390375941,147.827982443707,11.508477981869,23.9997595869918,893.334270320412,12.4075447100813,23.4772622119561,7.25565738065399,161.719529813574,11.508477981869,Served,23.9997595869918,Stable,0
161,320,5,BS1,Terrestrial,2496.53115061175,144.360108663322,14.976351762254,46.0853748782466,893.334270320412,9.69216668715965,23.4533341474984,-2.20840943293965,171.183596627168,14.976351762254,Served,46.0853748782466,Stable,0
161,320,6,SAT-1,Satellite,1268477.02470983,159.604059190677,9.37112800355098,98.1245060054709,188.391482363219,1.91992286160111,23.6203853411033,9.37112800355098,159.604059190677,-12.2221056096991,Served,98.1245060054709,Stable,0
162,322,1,BS2,Terrestrial,295.272687326099,87.0447949109336,72.2916655146423,33.994764,893.334270320412,8.75952808811392,23.8781572732364,3.62091618907212,165.354271005156,72.2916655146423,Served,33.994764,Stable,0
162,322,2,BS2,Terrestrial,144.900842099444,123.76425289233,35.5722075332454,33.994764,893.334270320412,8.75952808811392,23.8664549524942,9.61899740340931,159.356189790819,35.5722075332454,Served,33.994764,Stable,0
162,322,3,BS1,Terrestrial,158.603762337124,103.502614350231,55.8338460753445,50.992146,893.334270320412,8.75952808811392,23.8858044641082,0.793460749464884,168.181726444763,55.8338460753445,Served,50.992146,Stable,0
162,322,4,BS2,Terrestrial,1289.96390375941,152.031697168951,7.30476325662536,16.356920505206,893.334270320412,18.2050215388666,23.8380094780337,5.89746822993337,163.077718964295,7.30476325662536,Served,16.356920505206,Stable,0
162,322,5,BS1,Terrestrial,2496.53115061175,140.701731131119,18.6347292944565,50.992146,893.334270320412,8.75952808811392,23.8137000203828,3.38126715020098,165.593920044027,18.6347292944565,Served,50.992146,Stable,0
162,322,6,SAT-1,Satellite,1256367.33502769,164.71673242747,4.25845476675818,56.225140510965,188.391482363219,3.35066272224751,23.9834358805951,4.25845476675818,164.71673242747,-14.5839428609374,Served,56.225140510965,Stable,0
163,324,1,BS2,Terrestrial,295.272687326099,94.8651493314087,64.4713110941671,50.992146,893.334270320412,8.75952808811392,24.2453985082374,1.87361636723358,167.101570826995,64.4713110941671,Served,50.992146,Stable,0
163,324,2,BS2,Terrestrial,144.900842099444,110.227500467976,49.1089599575996,50.992146,893.334270320412,8.75952808811392,24.233505197693,-0.359690565720285,169.334877759948,49.1089599575996,Served,50.992146,Stable,0
163,324,3,BS1,Terrestrial,158.603762337124,97.5278139300734,61.8086464955025,50.992146,893.334270320412,8.75952808811392,24.2531701401997,3.39880355874379,165.576383635484,61.8086464955025,Served,50.992146,Stable,0
163,324,4,SAT-1,Satellite,1249122.64545234,159.917543179011,9.05764401521694,47.6673716527827,188.391482363219,1.97610520394846,24.2045923511134,9.05764401521694,159.917543179011,4.30560084440646,Served,47.2701475613035,InTransition,16.6664986008732
163,324,5,BS1,Terrestrial,2496.53115061175,147.981484868045,11.3549755575305,35.5629365967181,893.334270320412,12.5599058431363,24.1798915605786,3.02257158912317,165.952615605105,11.3549755575305,Served,35.5629365967181,Stable,0
163,324,6,SAT-1,Satellite,1244292.28620006,168.001341930373,0.973845263855338,17.5620140385731,188.391482363219,5.36360698577727,24.3523824892054,0.973845263855338,168.001341930373,-11.8891557182181,Served,17.5620140385731,Stable,0
164,326,1,BS2,Terrestrial,295.272687326099,88.7402116259933,70.5962487995826,33.994764,893.334270320412,8.75952808811392,24.6186466445071,1.28133545784917,167.693851736379,70.5962487995826,Served,33.994764,Stable,0
164,326,2,BS2,Terrestrial,144.900842099444,116.830781149997,42.5056792755787,33.994764,893.334270320412,8.75952808811392,24.6065572899897,3.60636295264624,165.368824241582,42.5056792755787,Served,33.994764,Stable,0
164,326,3,BS1,Terrestrial,158.603762337124,101.920413423396,57.4160470021795,50.992146,893.334270320412,8.75952808811392,24.6265460015861,-0.587073349781576,169.56226054401,57.4160470021795,Served,50.992146,Stable,0
164,326,4,BS2,Terrestrial,1289.96390375941,154.451751461697,4.88470896387844,12.4136182152005,893.334270320412,23.9880174292919,24.5771646262442,-3.91168875947784,172.886875953706,4.88470896387844,Served,12.4135113871667,InTransition,0.0172114256958314
164,326,5,BS1,Terrestrial,2496.53115061175,148.611897657384,10.7245627681914,33.7808452778443,893.334270320412,13.2224972905921,24.5520622674457,2.3514468671396,166.623740327089,10.7245627681914,Served,33.7808452778443,Stable,0
164,326,6,SAT-1,Satellite,1232252.94826357,162.038781703514,6.93640549071398,77.1067271939495,188.391482363219,2.44325611031772,24.727380780929,6.93640549071398,162.038781703514,-13.3272915427271,Served,77.1067271939495,Stable,0
165,328,1,BS2,Terrestrial,295.272687326099,88.8557024832695,70.4807579423063,33.994764,893.334270320412,8.75952808811392,24.998060664952,0.460743974013724,168.514443220214,70.4807579423063,Served,33.994764,Stable,0
165,328,2,BS2,Terrestrial,144.900842099444,127.511003792932,31.8254566326437,33.994764,893.334270320412,8.75952808811392,24.9857700592072,6.41374777103826,162.56143942319,31.8254566326437,Served,33.994764,Stable,0
165,328,3,BS1,Terrestrial,158.603762337124,101.462731805117,57.8737286204593,101.984292,893.334270320412,8.75952808811392,25.006091130113,-16.8677036194777,185.842890813706,57.8737286204593,Served,101.984292,Stable,0
165,328,4,BS2,Terrestrial,1289.96390375941,149.036022183932,10.3004382416437,21.7287049041969,893.334270320412,13.7043644073461,24.9558847518322,-1.9432415601247,170.918428754353,10.3004382416437,Served,21.7287049041969,Stable,0
165,328,5,SAT-1,Satellite,1225856.52818125,160.721547101833,8.25364009239539,44.1420616417268,188.391482363219,2.13392255998681,24.9303702857171,8.25364009239539,160.721547101833,-1.02104334101608,Served,43.7810663398978,InTransition,16.3560689466211
165,328,6,SAT-1,Satellite,1220250.4297329,165.546902491975,3.42828470225305,25.1849818891565,188.391482363219,3.74015520821818,25.1085910735852,3.42828470225305,165.546902491975,-2.74854387807952,Served,25.1849818891565,Stable,0
166,330,1,BS2,Terrestrial,295.272687326099,89.6842240581669,69.652236367409,50.992146,893.334270320412,8.75952808811392,25.3838043517393,-2.38314383195453,171.358331026183,69.652236367409,Served,50.992146,Stable,0
166,330,2,BS2,Terrestrial,144.900842099444,111.186677319367,48.1497831062093,50.992146,893.334270320412,8.75952808811392,25.3713071301635,2.95717150738102,166.018015686847,48.1497831062093,Served,50.992146,Stable,0
166,330,3,BS1,Terrestrial,158.603762337124,103.269908536978,56.0665518885982,50.992146,893.334270320412,8.75952808811392,25.3919694096018,3.54198455183237,165.433202642396,56.0665518885982,Served,50.992146,Stable,0
166,330,4,SAT-1,Satellite,1213070.84426274,164.032209897771,4.9429772964574,30.6450664317727,188.391482363219,3.07376527935823,25.3409159602994,4.9429772964574,164.032209897771,1.88323234578408,Served,30.3970639512775,InTransition,16.1854751431103
166,330,5,BS1,Terrestrial,2496.53115061175,145.043310400962,14.2931500246138,44.0712770075891,893.334270320412,10.1351076140428,25.3149785361446,7.49674479150096,161.478442402727,14.2931500246138,Served,44.0705429976902,InTransition,0.0333101261755124
166,330,6,SAT-1,Satellite,1208285.87918468,164.481050334953,4.49413685927544,28.9728665507773,188.391482363219,3.25117091940225,25.4961785197142,4.49413685927544,164.481050334953,-14.0903343766781,Served,28.9728665507773,Stable,0
167,332,1,BS2,Terrestrial,295.272687326099,86.1069009363881,73.2295594891877,33.994764,893.334270320412,8.75952808811392,25.776046417838,9.46067411630978,159.514513077918,73.2295594891877,Served,33.994764,Stable,0
167,332,2,BS2,Terrestrial,144.900842099444,117.293230382096,42.0432300434803,33.994764,893.334270320412,8.75952808811392,25.7633370541932,5.84898391660542,163.126203277623,42.0432300434803,Served,33.994764,Stable,0
167,332,3,BS1,Terrestrial,158.603762337124,105.613035140736,53.72342528484,50.992146,893.334270320412,8.75952808811392,25.7843496573991,4.43619032731655,164.538996866912,53.72342528484,Served,50.992146,Stable,0
167,332,4,BS2,Terrestrial,1289.96390375941,142.075914619163,17.2605458064127,33.994764,893.334270320412,8.75952808811392,25.7324263995144,0.345862917598907,168.629324276629,17.2605458064127,Served,33.9944714508227,InTransition,0.0172114256958314
167,332,5,BS1,Terrestrial,2496.53115061175,145.529610615239,13.8068498103373,42.6444690744023,893.334270320412,10.4742102517656,25.7060548469468,7.60179297847068,161.373394215757,13.8068498103373,Served,42.6444690744023,Stable,0
167,332,6,SAT-1,Satellite,1196360.48690769,161.826326929487,7.14886026474068,78.874676018046,188.391482363219,2.38849136217201,25.8903132380696,7.14886026474068,161.826326929487,-17.5184355777047,Served,78.874676018046,Stable,0
168,334,1,BS2,Terrestrial,295.272687326099,89.5774484513267,69.7590119742492,33.994764,893.334270320412,8.75952808811392,26.1749606388494,9.76587138222567,159.209315812002,69.7590119742492,Served,33.994764,Stable,0
168,334,2,BS2,Terrestrial,144.900842099444,124.724779057525,34.6116813680509,33.994764,893.334270320412,8.75952808811392,26.1620334409736,-0.740710184221285,169.715897378449,34.6116813680509,Served,33.994764,Stable,0
168,334,3,BS1,Terrestrial,158.603762337124,99.8585736869031,59.4778867386728,50.992146,893.334270320412,8.75952808811392,26.1834057562032,2.19275454267,166.782432651558,59.4778867386728,Served,50.992146,Stable,0
168,334,4,BS2,Terrestrial,1289.96390375941,150.147721993797,9.1887384317786,19.68574614748,893.334270320412,15.1265838681417,26.1305892645605,4.80627949607614,164.168907698152,9.1887384317786,Served,19.68574614748,Stable,0
168,334,5,BS1,Terrestrial,2496.53115061175,138.493163854904,20.8432965706717,50.992146,893.334270320412,8.75952808811392,26.1037720856309,-0.515716850832632,169.490904045061,20.8432965706717,Served,50.992146,Stable,0
168,334,6,SAT-1,Satellite,1184475.48662162,161.249097293578,7.72608990065021,83.747655055736,188.391482363219,2.24951352056173,26.2911704452446,7.72608990065021,161.249097293578,-0.41589368346132,Served,83.747655055736,Stable,0
169,336,1,BS2,Terrestrial,295.272687326099,88.4237459844242,70.9127144411516,33.994764,893.334270320412,8.75952808811392,26.5807259846179,-7.00093352077099,175.976120714999,70.9127144411516,Served,33.994764,Stable,0
169,336,2,BS2,Terrestrial,144.900842099444,110.635381980506,48.7010784450696,33.994764,893.334270320412,8.75952808811392,26.567575090149,-4.24333318322155,173.21852037745,48.7010784450696,Served,33.994764,Stable,0
169,336,3,BS1,Terrestrial,158.603762337124,112.882779408647,46.453681016929,50.992146,893.334270320412,8.75952808811392,26.589316785661,-11.6748671124065,180.650054306635,46.453681016929,Served,50.992146,Stable,0
169,336,4,BS2,Terrestrial,1289.96390375941,154.672051668353,4.66440875722279,12.0776519811013,893.334270320412,24.6552964576854,26.5355829293402,-4.58048886239436,173.555676056622,4.66440875722279,Served,12.0776519811013,Stable,0
169,336,5,BS1,Terrestrial,2496.53115061175,147.701783024991,11.6346774005848,36.3594324877402,893.334270320412,12.284766416825,26.5083082906903,4.94896161154168,164.026225582686,11.6346774005848,Served,36.3594324877402,Stable,0
169,336,6,SAT-1,Satellite,1172632.15726656,161.166097321816,7.80908987241227,84.4563230088158,188.391482363219,2.23063798720616,26.6989305869041,7.80908987241227,161.166097321816,-5.85986080417095,Served,84.4563230088158,Stable,0
170,338,1,BS2,Terrestrial,295.272687326099,90.4631990360221,68.8732613895538,33.994764,893.334270320412,8.75952808811392,26.9935267500385,2.09843181869979,166.876755375528,68.8732613895538,Served,33.994764,Stable,0
170,338,2,BS2,Terrestrial,144.900842099444,111.265785234672,48.0706751909035,33.994764,893.334270320412,8.75952808811392,26.9801461221712,9.15960255054912,159.815584643679,48.0706751909035,Served,33.994764,Stable,0
170,338,3,BS1,Terrestrial,158.603762337124,105.573361523079,53.7630989024965,50.992146,893.334270320412,8.75952808811392,27.0022671531469,1.54861573360526,167.426571460623,53.7630989024965,Served,50.992146,Stable,0
170,338,4,BS2,Terrestrial,1289.96390375941,148.106642905967,11.2298175196092,23.4717654900709,893.334270320412,12.6866507009356,26.9475910774398,0.70722944245415,168.267957751774,11.2298175196092,Served,23.4717654900709,Stable,0
170,338,5,BS1,Terrestrial,2496.53115061175,146.510327675232,12.8261327503442,39.787141511229,893.334270320412,11.2264193454095,26.9198468026098,8.73120838213183,160.243978812096,12.8261327503442,Served,39.787141511229,Stable,0
170,338,6,SAT-1,Satellite,1160831.82486544,165.406386006807,3.56880118742083,51.3378358848048,188.391482363219,3.6696420703425,27.1137794680125,3.56880118742083,165.406386006807,-2.54685717545641,Served,51.3378358848048,Stable,0
171,340,1,BS2,Terrestrial,295.272687326099,93.1599175350372,66.1765428905387,50.992146,893.334270320412,8.75952808811392,27.4135526843998,6.17796920965509,162.797217984573,66.1765428905387,Served,50.992146,Stable,0
171,340,2,BS2,Terrestrial,144.900842099444,114.445898824388,44.8905616011878,50.992146,893.334270320412,8.75952808811392,27.3999361076978,8.55349633389929,160.421690860329,44.8905616011878,Served,50.992146,Stable,0
171,340,3,BS1,Terrestrial,158.603762337124,128.751907930786,30.5845524947903,50.992146,893.334270320412,8.75952808811392,27.4224467230622,-11.9952988686801,180.970486062908,30.5845524947903,Served,50.992146,Stable,0
171,340,4,SAT-1,Satellite,1153775.2237353,157.221075138532,11.7541120556965,59.968233119273,188.391482363219,1.57076065580021,27.3668028316028,11.7541120556965,157.221075138532,4.15561730925543,Served,59.5066480477487,InTransition,15.3943195426924
171,340,5,BS1,Terrestrial,2496.53115061175,151.335577695431,8.00088273014458,26.3469703442262,893.334270320412,16.9532636703366,27.3385763935312,4.79810248552675,164.177084708701,8.00088273014458,Served,26.3469703442262,Stable,0
171,340,6,SAT-1,Satellite,1149075.86446132,160.612435690909,8.36275150331875,44.6158102295207,188.391482363219,2.11126371340183,27.5359083813687,8.36275150331875,160.612435690909,-13.6983074925827,Served,44.6158102295207,Stable,0
172,342,1,BS2,Terrestrial,295.272687326099,88.6682475608382,70.6682128647377,33.994764,893.334270320412,8.75952808811392,27.8409991185008,4.4859152748609,164.489271919367,70.6682128647377,Served,33.994764,Stable,0
172,342,2,BS2,Terrestrial,144.900842099444,108.650984674691,50.6854757508847,33.994764,893.334270320412,8.75952808811392,27.8271401947908,6.04011420417808,162.93507299005,50.6854757508847,Served,33.994764,Stable,0
172,342,3,BS1,Terrestrial,158.603762337124,111.062034900812,48.2744255247638,50.992146,893.334270320412,8.75952808811392,27.8500509438915,8.70068457980869,160.274502614419,48.2744255247638,Served,50.992146,Stable,0
172,342,4,BS2,Terrestrial,1289.96390375941,153.742369283819,5.59409114175719,13.5234656663106,893.334270320412,22.0193623036012,27.7934128810608,4.67565616503862,164.299531029189,5.59409114175719,Served,13.5233492872484,InTransition,0.0172114256958314
172,342,5,BS1,Terrestrial,2496.53115061175,146.727745800842,12.6087146247339,39.1577847101643,893.334270320412,11.4068540512779,27.7646913948363,1.23816471694107,167.737022477287,12.6087146247339,Served,39.1577847101643,Stable,0
172,342,6,SAT-1,Satellite,1137365.70213181,163.582668313736,5.39251888049253,64.7249027219862,188.391482363219,2.91064913874678,27.9655142336592,5.39251888049253,163.582668313736,-13.6003299615699,Served,64.7249027219862,Stable,0
173,344,1,BS2,Terrestrial,295.272687326099,89.4113530238432,69.9251074017327,50.992146,893.334270320412,8.75952808811392,28.2760670886892,5.89396823613606,163.081218958092,69.9251074017327,Served,50.992146,Stable,0
173,344,2,BS2,Terrestrial,144.900842099444,116.360640847475,42.9758195781008,50.992146,893.334270320412,8.75952808811392,28.261959233065,9.77017417024271,159.205013023985,42.9758195781008,Served,50.992146,Stable,0
173,344,3,BS1,Terrestrial,158.603762337124,103.052497487046,56.28396293853,50.992146,893.334270320412,8.75952808811392,28.2852809721598,9.02248159929547,159.952705594933,56.28396293853,Served,50.992146,Stable,0
173,344,4,SAT-1,Satellite,1130364.0087629,157.499360433678,11.4758267605498,58.6710174301982,188.391482363219,1.60549016034493,28.2276216058796,11.4758267605498,157.499360433678,4.74153795123866,Served,58.2285806397397,InTransition,15.0819539131021
173,344,5,BS1,Terrestrial,2496.53115061175,142.836617651696,16.4998427738799,50.6100006506869,893.334270320412,8.825669421408,28.1983918218109,4.55552922984566,164.419657964382,16.4998427738799,Served,50.6100006506869,Stable,0
173,344,6,SAT-1,Satellite,1125702.81708212,161.329823976465,7.64536321776342,41.5301352406633,188.391482363219,2.26812989256485,28.4027996681404,7.64536321776342,161.329823976465,-12.2421948827374,Served,41.5301352406633,Stable,0
174,346,1,BS2,Terrestrial,295.272687326099,92.4828367961802,66.8536236293957,33.994764,893.334270320412,8.75952808811392,28.7189634568492,-7.95648390248911,176.931671096717,66.8536236293957,Served,33.994764,Stable,0
174,346,2,BS2,Terrestrial,144.900842099444,107.632001243814,51.7044591817618,33.994764,893.334270320412,8.75952808811392,28.7045998938191,11.8213583738503,157.153828820378,51.7044591817618,Served,33.994764,Stable,0
174,346,3,BS1,Terrestrial,158.603762337124,96.7273871846611,62.6090732409148,50.992146,893.334270320412,8.75952808811392,28.7283437923176,10.8251427247662,158.150044469462,62.6090732409148,Served,50.992146,Stable,0
174,346,4,BS2,Terrestrial,1289.96390375941,150.264823636377,9.07163678919864,19.4735961417649,893.334270320412,15.291376484293,28.6696351973622,0.418251484836702,168.556935709391,9.07163678919864,Served,19.4734285575884,InTransition,0.0172114256958314
174,346,5,BS1,Terrestrial,2496.53115061175,146.890554833154,12.4459055924222,38.6875713438498,893.334270320412,11.5454943188418,28.6398834944423,-0.425729904648819,169.400917098877,12.4459055924222,Served,38.6875713438498,Stable,0
174,346,6,SAT-1,Satellite,1114088.74381881,161.307582809895,7.66760438433352,83.2494673276975,188.391482363219,2.26297522867801,28.8479731829464,7.66760438433352,161.307582809895,-5.30347023328113,Served,83.2494673276975,Stable,0
175,348,1,BS2,Terrestrial,295.272687326099,87.4348335105248,71.9016269150511,50.992146,893.334270320412,8.75952808811392,29.1699010252478,-2.60070670328346,171.575893897512,71.9016269150511,Served,50.992146,Stable,0
175,348,2,BS2,Terrestrial,144.900842099444,115.057204421903,44.2792560036729,50.992146,893.334270320412,8.75952808811392,29.1552747850628,-6.73653678645906,175.711723980687,44.2792560036729,Served,50.992146,Stable,0
175,348,3,BS1,Terrestrial,158.603762337124,94.6134575368019,64.7230028887739,50.992146,893.334270320412,8.75952808811392,29.1794523314599,6.41179145963147,162.563395734597,64.7230028887739,Served,50.992146,Stable,0
175,348,4,SAT-1,Satellite,1107145.59858401,166.686857481626,2.28832971260255,21.4437276142447,188.391482363219,4.39269435221871,29.119665773431,2.28832971260255,166.686857481626,-6.49749104830403,Served,21.285342518077,InTransition,14.7721607937716
175,348,5,BS1,Terrestrial,2496.53115061175,151.055011177227,8.28144924834851,27.0887479391854,893.334270320412,16.4890284395196,29.089378153279,8.22734620425922,160.747840989969,8.28144924834851,Served,27.0887479391854,Stable,0
175,348,6,SAT-1,Satellite,1102525.07440544,165.730865033805,3.24432216042351,24.5587819115964,188.391482363219,3.83552170953279,29.3012492438863,3.24432216042351,165.730865033805,-5.35968913572253,Served,24.5587819115964,Stable,0
176,350,1,BS2,Terrestrial,295.272687326099,87.9127866317506,71.4236737938253,33.994764,893.334270320412,8.75952808811392,29.6290986450157,0.209710287785555,168.765476906443,71.4236737938253,Served,33.994764,Stable,0
176,350,2,BS2,Terrestrial,144.900842099444,111.243368798979,48.0930916265968,33.994764,893.334270320412,8.75952808811392,29.6142025602189,8.15902478343875,160.816162410789,48.0930916265968,Served,33.994764,Stable,0
176,350,3,BS1,Terrestrial,158.603762337124,108.450450989125,50.8860094364506,50.992146,893.334270320412,8.75952808811392,29.638825567651,10.185568505535,158.789618688693,50.8860094364506,Served,50.992146,Stable,0
176,350,4,BS2,Terrestrial,1289.96390375941,153.88372616327,5.45273426230543,13.2990068372733,893.334270320412,22.3910021064292,29.5779314877792,-1.95479462485943,170.929981819088,5.45273426230543,Served,13.2988923898393,InTransition,0.0172114256958314
176,350,5,BS1,Terrestrial,2496.53115061175,149.261221015608,10.0752394099678,31.9663319577546,893.334270320412,13.9730493867893,29.5470935691554,2.56699110134119,166.408196092887,10.0752394099678,Served,31.9663319577546,Stable,0
176,350,6,SAT-1,Satellite,1091013.46080161,164.544646736506,4.430540457722,57.4789935719617,188.391482363219,3.27757099865291,29.7628483904671,4.430540457722,164.544646736506,-6.8175197108207,Served,57.4789935719617,Stable,0
177,352,1,BS2,Terrestrial,295.272687326099,89.8425512534158,69.49390917216,33.994764,893.334270320412,8.75952808811392,30.0967813168845,4.14172608819266,164.833461106035,69.49390917216,Served,33.994764,Stable,0
177,352,2,BS2,Terrestrial,144.900842099444,115.167352460644,44.1691079649322,33.994764,893.334270320412,8.75952808811392,30.0816080191294,4.02048083989447,164.954706354334,44.1691079649322,Served,33.994764,Stable,0
177,352,3,BS1,Terrestrial,158.603762337124,110.277768958417,49.0586914671593,50.992146,893.334270320412,8.75952808811392,30.1066886304752,12.3364604717974,156.638726722431,49.0586914671593,Served,50.992146,Stable,0
177,352,4,BS2,Terrestrial,1289.96390375941,152.119499999752,7.21696042582366,16.2066507647649,893.334270320412,18.3738203796066,30.0446566314315,2.75460056064449,166.220586633584,7.21696042582366,Served,16.2066507647649,Stable,0
177,352,5,BS1,Terrestrial,2496.53115061175,148.654445234833,10.6820151907428,33.6612653925934,893.334270320412,13.2694695208484,30.0132536454304,3.22307691459065,165.752110279637,10.6820151907428,Served,33.6612653925934,Stable,0
177,352,6,SAT-1,Satellite,1079555.61728625,159.952830402349,9.02235679187947,95.0220796754176,188.391482363219,1.98260744246745,30.2329973337148,9.02235679187947,159.952830402349,-7.99870700164763,Served,95.0220796754176,Stable,0
178,354,1,BS2,Terrestrial,295.272687326099,87.9181865374708,71.4182738881051,50.992146,893.334270320412,8.75952808811392,30.5731802826479,4.48625173760428,164.488935456624,71.4182738881051,Served,50.992146,Stable,0
178,354,2,BS2,Terrestrial,144.900842099444,118.516255235584,40.8202051899923,50.992146,893.334270320412,8.75952808811392,30.5577221998366,8.63500389303272,160.340183301195,40.8202051899923,Served,50.992146,Stable,0
178,354,3,BS1,Terrestrial,158.603762337124,97.8263032392845,61.5101571862914,50.992146,893.334270320412,8.75952808811392,30.5832728922754,-1.36314064008633,170.338327834314,61.5101571862914,Served,50.992146,Stable,0
178,354,4,SAT-1,Satellite,1072707.73664129,157.455479274163,11.5197079200648,58.8752093476275,188.391482363219,1.59992197438199,30.5200717251976,11.5197079200648,157.455479274163,4.12960775677664,Served,58.4538785844395,InTransition,14.3126714233924
178,354,5,BS1,Terrestrial,2496.53115061175,145.015290498334,14.3211699272419,44.1536684464328,893.334270320412,10.1161953440426,30.488088511237,-10.6790240041674,179.654211198395,14.3211699272419,Served,44.1536684464328,Stable,0
178,354,6,SAT-1,Satellite,1068153.32296585,164.889627136456,4.0855600577726,27.4894841476832,188.391482363219,3.42660999659203,30.7119290442062,4.0855600577726,164.889627136456,-3.57344331372497,Served,27.4894841476832,Stable,0
179,356,1,BS2,Terrestrial,295.272687326099,90.6081819141549,68.7282785114209,33.994764,893.334270320412,8.75952808811392,31.0585331056298,10.1266897798324,158.848497414396,68.7282785114209,Served,33.994764,Stable,0
179,356,2,BS2,Terrestrial,144.900842099444,115.201889056553,44.134571369023,33.994764,893.334270320412,8.75952808811392,31.0427824594293,8.96651465404852,160.00867254018,44.134571369023,Served,33.994764,Stable,0
179,356,3,BS1,Terrestrial,158.603762337124,119.334731896166,40.0017285294098,50.992146,893.334270320412,8.75952808811392,31.0688160483612,2.70550019282419,166.269687001404,40.0017285294098,Served,50.992146,Stable,0
179,356,4,BS2,Terrestrial,1289.96390375941,154.275071493588,5.06138893198801,12.6861048086286,893.334270320412,23.4727754971934,31.004413601323,-3.64803648877114,172.623223682999,5.06138893198801,Served,12.6859956356534,InTransition,0.0172114256958314
179,356,5,BS1,Terrestrial,2496.53115061175,142.240786386346,17.0956740392303,50.992146,893.334270320412,8.75952808811392,30.9718346040596,5.42731474236388,163.547872451864,17.0956740392303,Served,50.992146,Stable,0
179,356,6,SAT-1,Satellite,1056808.42436779,163.542426585436,5.43276060879251,65.036374536091,188.391482363219,2.89670947538248,31.1998828285417,5.43276060879251,163.542426585436,-9.10845199434829,Served,65.036374536091,Stable,0
180,358,1,BS2,Terrestrial,295.272687326099,90.7668854109828,68.5695750145931,33.994764,893.334270320412,8.75952808811392,31.5530837382566,9.46269304218842,159.51249415204,68.5695750145931,Served,33.994764,Stable,0
180,358,2,BS2,Terrestrial,144.900842099444,112.865485576188,46.4709748493876,33.994764,893.334270320412,8.75952808811392,31.5370325420578,1.54538591948676,167.429801274741,46.4709748493876,Served,33.994764,Stable,0
180,358,3,BS1,Terrestrial,158.603762337124,100.810776546383,58.5256838791931,101.984292,893.334270320412,8.75952808811392,31.5635621842766,12.7823747811809,156.192812413047,58.5256838791931,Served,101.984292,Stable,0
180,358,4,BS2,Terrestrial,1289.96390375941,149.559494550764,9.77696587481208,20.7604856635833,893.334270320412,14.3435030823555,31.4979254724534,9.02846257351638,159.946724620712,9.77696587481208,Served,20.7604856635833,Stable,0
180,358,5,SAT-1,Satellite,1050784.53213579,162.989064263404,5.98612293082431,34.6915946338399,188.391482363219,2.71523238340062,31.4647347397717,5.98612293082431,162.989064263404,5.03993674666862,Served,34.4484037858809,InTransition,14.0201596684035
180,358,6,SAT-1,Satellite,1045522.83811864,167.744100952138,1.23108624209033,18.2838233692897,188.391482363219,5.15186234733729,31.6971043922884,1.23108624209033,167.744100952138,-7.31206871348354,Served,18.2838233692897,Stable,0
181,360,1,BS2,Terrestrial,295.272687326099,93.9723689261741,65.3640914994018,33.994764,893.334270320412,8.75952808811392,32.0570825746149,3.39858837962612,165.576598814602,65.3640914994018,Served,33.994764,Stable,0
181,360,2,BS2,Terrestrial,144.900842099444,126.662597586454,32.6738628391223,33.994764,893.334270320412,8.75952808811392,32.0407226320051,3.57476609254459,165.400421101684,32.6738628391223,Served,33.994764,Stable,0
181,360,3,BS1,Terrestrial,158.603762337124,101.929224200362,57.4072362252135,50.992146,893.334270320412,8.75952808811392,32.0677618280059,8.59615135362688,160.379035840601,57.4072362252135,Served,50.992146,Stable,0
181,360,4,BS2,Terrestrial,1289.96390375941,145.005370517181,14.3310899083944,29.4552282107595,893.334270320412,10.1095156342408,32.0008569858192,6.90726032299611,162.067926871232,14.3310899083944,Served,29.4552282107595,Stable,0
181,360,5,BS1,Terrestrial,2496.53115061175,139.502419133621,19.8340412919551,50.992146,893.334270320412,8.75952808811392,31.9670381680534,-5.05354737459984,174.028734568828,19.8340412919551,Served,50.9912967225914,InTransition,0.0333101261755124
181,360,6,SAT-1,Satellite,1034298.55370637,163.549491653334,5.42569554089394,64.9816441403007,188.391482363219,2.89914921137523,32.2038458872116,5.42569554089394,163.549491653334,-7.91187578696906,Served,64.9816441403007,Stable,0
182,362,1,BS2,Terrestrial,295.272687326099,91.6875078288249,67.648952596751,50.992146,893.334270320412,8.75952808811392,32.570786485654,7.31389129084698,161.661295903381,67.648952596751,Served,50.992146,Stable,0
182,362,2,BS2,Terrestrial,144.900842099444,112.018632691402,47.3178277341735,50.992146,893.334270320412,8.75952808811392,32.5541093894823,9.37389175833582,159.601295435892,47.3178277341735,Served,50.992146,Stable,0
182,362,3,BS1,Terrestrial,158.603762337124,100.455480955948,58.8809794696283,50.992146,893.334270320412,8.75952808811392,32.5816719847717,7.23787745397962,161.737309740248,58.8809794696283,Served,50.992146,Stable,0
182,362,4,SAT-1,Satellite,1027593.23644983,164.506072770206,4.46911442402248,28.8809381836069,188.391482363219,3.26151943481793,32.5134642603235,4.46911442402248,164.506072770206,2.35022261617149,Served,28.6829488349903,InTransition,13.7107283259251
182,362,5,BS1,Terrestrial,2496.53115061175,145.529668076866,13.8067923487102,42.6443008453935,893.334270320412,10.4742515718476,32.4790006108912,5.74372226139863,163.231464932829,13.8067923487102,Served,42.6443008453935,Stable,0
182,362,6,SAT-1,Satellite,1023137.63632529,159.146832870332,9.82835432389612,51.1153481881114,188.391482363219,1.84280738605078,32.7203659403763,9.82835432389612,159.146832870332,-10.3654508751859,Served,51.1153481881114,Stable,0
183,364,1,BS2,Terrestrial,295.272687326099,90.026017983095,69.3104424424809,50.992146,893.334270320412,8.75952808811392,33.0944588344454,9.81153300948563,159.163654184742,69.3104424424809,Served,50.992146,Stable,0
183,364,2,BS2,Terrestrial,144.900842099444,111.980494176055,47.3559662495206,50.992146,893.334270320412,8.75952808811392,33.0774559665675,9.08032832983264,159.894858864395,47.3559662495206,Served,50.992146,Stable,0
183,364,3,BS1,Terrestrial,158.603762337124,100.396918980657,58.9395414449193,50.992146,893.334270320412,8.75952808811392,33.1055561518302,2.01009628751075,166.965090906717,58.9395414449193,Served,50.992146,Stable,0
183,364,4,SAT-1,Satellite,1016471.02453018,159.13474584582,9.84044134840815,51.1699084382857,188.391482363219,1.84084248060001,33.0360099039712,9.84044134840815,159.13474584582,0.368480907351824,Served,51.1699084382857,Stable,0
183,364,5,BS1,Terrestrial,2496.53115061175,150.836086390835,8.5003740347409,27.6718923696331,893.334270320412,16.1415464180677,33.0008842816161,7.46420230021005,161.510984894018,8.5003740347409,Served,27.6718923696331,Stable,0
183,364,6,SAT-1,Satellite,1012042.22980128,155.303693428261,13.6714937659668,69.0333978756285,188.391482363219,1.36449521652278,33.2469296624531,13.6714937659668,155.303693428261,-4.99311423147174,Served,69.0333978756285,Stable,0
184,366,1,BS2,Terrestrial,295.272687326099,94.4686388967683,64.8678215288076,50.992146,893.334270320412,8.75952808811392,33.6283694686439,7.60824879712698,161.366938397101,64.8678215288076,Served,50.992146,Stable,0
184,366,2,BS2,Terrestrial,144.900842099444,124.660692927698,34.6757674978777,50.992146,893.334270320412,8.75952808811392,33.6110320004427,9.83603853875107,159.139148655477,34.6757674978777,Served,50.992146,Stable,0
184,366,3,BS1,Terrestrial,158.603762337124,110.061271375434,49.2751890501423,101.984292,893.334270320412,8.75952808811392,33.6396843104054,5.88360483968916,163.091582354539,49.2751890501423,Served,101.984292,Stable,0
184,366,4,SAT-1,Satellite,1005415.64370953,159.080521865142,9.89466532908583,34.2765653921741,188.391482363219,1.83207273159513,33.5687630088159,9.89466532908583,159.080521865142,8.85883545397962,Served,34.2765653921741,Stable,0
184,366,5,SAT-1,Satellite,1006152.68473881,157.384769639862,11.5904175543662,39.4696849324692,188.391482363219,1.59102260114775,33.5329578816757,11.5904175543662,157.384769639862,2.75704348913709,Served,39.2047514533181,InTransition,13.4246563966437
184,366,6,SAT-1,Satellite,1001014.55959419,154.50607875437,14.4691084398577,48.5718817941002,188.391482363219,1.29287065825329,33.7838086322887,14.4691084398577,154.50607875437,-6.15899396294697,Served,48.5718817941002,Stable,0
185,368,1,BS2,Terrestrial,295.272687326099,93.1689607890155,66.1674996365604,33.994764,893.334270320412,8.75952808811392,34.172794687022,12.2162493429685,156.75893785126,66.1674996365604,Served,33.994764,Stable,0
185,368,2,BS2,Terrestrial,144.900842099444,117.522823889793,41.8136365357833,33.994764,893.334270320412,8.75952808811392,34.1551135808089,7.95078773325449,161.024399460974,41.8136365357833,Served,33.994764,Stable,0
185,368,3,BS1,Terrestrial,158.603762337124,101.025137714992,58.3113227105839,50.992146,893.334270320412,8.75952808811392,34.1843328916247,4.33728095044256,164.637906243786,58.3113227105839,Served,50.992146,Stable,0
185,368,4,BS2,Terrestrial,1289.96390375941,146.09377350595,13.2426869196258,27.3314965727491,893.334270320412,10.8950525015781,34.1119991203235,3.76972404908469,165.205463145143,13.2426869196258,Served,27.3312613657379,InTransition,0.0172114256958314
185,368,5,BS1,Terrestrial,2496.53115061175,156.357103556214,2.97935686936137,14.4871226027344,893.334270320412,30.8320118086043,34.0754965720614,1.61611933112397,167.359067863104,2.97935686936137,Served,14.4868813187935,InTransition,0.0333101261755124
185,368,6,SAT-1,Satellite,990056.935873503,159.253658122232,9.72152907199575,101.26753953543,188.391482363219,1.86033435025156,34.3312808545165,9.72152907199575,159.253658122232,-5.37800003918267,Served,101.26753953543,Stable,0
186,370,1,BS2,Terrestrial,295.272687326099,89.853204725514,69.4832557000618,33.994764,893.334270320412,8.75952808811392,34.7280171766315,9.00435440959663,159.970832784631,69.4832557000618,Served,33.994764,Stable,0
186,370,2,BS2,Terrestrial,144.900842099444,111.367822114289,47.9686383112873,33.994764,893.334270320412,8.75952808811392,34.7099831880438,9.13805974470085,159.837127449527,47.9686383112873,Served,33.994764,Stable,0
186,370,3,BS1,Terrestrial,158.603762337124,103.022689471577,56.3137709539987,50.992146,893.334270320412,8.75952808811392,34.7397847130042,13.1069628825112,155.868224311717,56.3137709539987,Served,50.992146,Stable,0
186,370,4,BS2,Terrestrial,1289.96390375941,152.161544349171,7.17491607640437,16.1348650776088,893.334270320412,18.4555674109756,34.6660001777418,5.767317980982,163.207869213246,7.17491607640437,Served,16.1348650776088,Stable,0
186,370,5,BS1,Terrestrial,2496.53115061175,146.621257861398,12.7152025641777,39.4658337431205,893.334270320412,11.3178182948705,34.6287819160025,9.4728522323737,159.502334961854,12.7152025641777,Served,39.4658337431205,Stable,0
186,370,6,SAT-1,Satellite,979171.756661905,162.016551821569,6.95863537265885,77.2910425396872,188.391482363219,2.4374296965458,34.8896306866662,6.95863537265885,162.016551821569,-11.2105522476642,Served,77.2910425396872,Stable,0
187,372,1,BS2,Terrestrial,295.272687326099,87.5394263790765,71.7970340464993,50.992146,893.334270320412,8.75952808811392,35.2943259168415,1.4363712980458,167.538815896182,71.7970340464993,Served,50.992146,Stable,0
187,372,2,BS2,Terrestrial,144.900842099444,107.14921748244,52.1872429431357,50.992146,893.334270320412,8.75952808811392,35.2759295983616,13.1615704214523,155.813616772776,52.1872429431357,Served,50.992146,Stable,0
187,372,3,BS1,Terrestrial,158.603762337124,102.082863251857,57.2535971737185,50.992146,893.334270320412,8.75952808811392,35.306328881727,11.9415476773128,157.033639516915,57.2535971737185,Served,50.992146,Stable,0
187,372,4,SAT-1,Satellite,972673.682242909,164.979502513705,3.9956846805236,27.1683151291073,188.391482363219,3.46711751295504,35.2310544217578,3.9956846805236,164.979502513705,3.34734134913322,Served,26.9920204665046,InTransition,12.9779606696164
187,372,5,BS1,Terrestrial,2496.53115061175,148.288447346893,11.048013078683,34.6928381223116,893.334270320412,12.8749090398847,35.1931017892345,8.84868170206832,160.12650549216,11.048013078683,Served,34.6928381223116,Stable,0
187,372,6,SAT-1,Satellite,968361.511040251,161.092272111768,7.88291508246027,42.5441376534772,188.391482363219,2.21407099490029,35.4591487319152,7.88291508246027,161.092272111768,-4.69045353590923,Served,42.5441376534772,Stable,0
188,374,1,BS2,Terrestrial,295.272687326099,92.7131945796758,66.6232658459001,50.992146,893.334270320412,8.75952808811392,35.8720160461479,10.3671284783078,158.60805871592,66.6232658459001,Served,50.992146,Stable,0
188,374,2,BS2,Terrestrial,144.900842099444,116.256557584775,43.0799028408013,50.992146,893.334270320412,8.75952808811392,35.8532477518819,7.41903227645534,161.556154917773,43.0799028408013,Served,50.992146,Stable,0
188,374,3,BS1,Terrestrial,158.603762337124,93.0937963795793,66.2426640459966,101.984292,893.334270320412,8.75952808811392,35.8842606605992,12.4235312914111,156.551655902817,66.2426640459966,Served,101.984292,Stable,0
188,374,4,SAT-1,Satellite,961909.265952201,160.051761440079,8.92342575414884,31.382336873163,188.391482363219,2.00103520147479,35.807456265376,8.92342575414884,160.051761440079,5.38084469207652,Served,31.382336873163,Stable,0
188,374,5,SAT-1,Satellite,962625.752707021,156.037561719533,12.937625474695,43.6933430579154,188.391482363219,1.43722490413476,35.7687502537994,12.937625474695,156.037561719533,5.09827528332207,Served,43.4127466911488,InTransition,12.8438955286463
188,374,6,SAT-1,Satellite,957628.782406083,160.099119742202,8.8760674520266,31.2429709268367,188.391482363219,2.00996124647668,36.0401316932651,8.8760674520266,160.099119742202,-12.581359213584,Served,31.2429709268367,Stable,0
189,376,1,BS2,Terrestrial,295.272687326099,90.2295556919163,69.1069047336596,50.992146,893.334270320412,8.75952808811392,36.4613886873017,4.11382518024902,164.861362013979,69.1069047336596,Served,50.992146,Stable,0
189,376,2,BS2,Terrestrial,144.900842099444,112.189564248754,47.1468961768215,50.992146,893.334270320412,8.75952808811392,36.4422385791656,14.7466652208173,154.228521973411,47.1468961768215,Served,50.992146,Stable,0
189,376,3,BS1,Terrestrial,158.603762337124,100.698565760992,58.6378946645836,101.984292,893.334270320412,8.75952808811392,36.4738812922261,10.9733164283487,158.001870765879,58.6378946645836,Served,101.984292,Stable,0
189,376,4,SAT-1,Satellite,951223.957886469,157.577348225574,11.397838968654,38.8723042586086,188.391482363219,1.6154730722924,36.3955061236013,11.397838968654,157.577348225574,4.00451822503652,Served,38.8723042586086,Stable,0
189,376,5,SAT-1,Satellite,951934.865338833,159.495803918415,9.47938327581315,33.0309399268282,188.391482363219,1.90116178730762,36.3560273909915,9.47938327581315,159.495803918415,-2.42567053380864,Served,33.0309399268282,Stable,0
189,376,6,SAT-1,Satellite,946976.251776087,158.989582263534,9.98560493069459,34.550850573625,188.391482363219,1.81752864966157,36.6328821845731,9.98560493069459,158.989582263534,-5.45470035209092,Served,34.550850573625,Stable,0
190,378,1,BS2,Terrestrial,295.272687326099,88.8223847719106,70.5140756536652,33.994764,893.334270320412,8.75952808811392,37.0627507259252,17.0763365029615,151.898850691267,70.5140756536652,Served,33.994764,Stable,0
190,378,2,BS2,Terrestrial,144.900842099444,115.902151298013,43.4343091275625,33.994764,893.334270320412,8.75952808811392,37.0432087814,11.2741302488886,157.70105694534,43.4343091275625,Served,33.994764,Stable,0
190,378,3,BS1,Terrestrial,158.603762337124,99.2235664212547,60.1128940043211,101.984292,893.334270320412,8.75952808811392,37.0754977765668,4.65112634352269,164.324060850705,60.1128940043211,Served,101.984292,Stable,0
190,378,4,BS2,Terrestrial,1289.96390375941,149.278426633245,10.0580337923306,21.2790444722133,893.334270320412,13.9939596674865,36.9955101971357,7.47456412732123,161.500623066907,10.0580337923306,Served,21.2788613508669,InTransition,0.0172114256958314
190,378,5,SAT-1,Satellite,941325.637728205,158.458231051741,10.5169561424868,54.2455014918609,188.391482363219,1.7364710177072,36.9552390886848,10.5169561424868,158.458231051741,7.47833449430217,Served,54.2455014918609,Stable,0
190,378,6,SAT-1,Satellite,936406.701121113,163.10636736841,5.86881982581792,34.2260077112008,188.391482363219,2.7521685256555,37.237708493485,5.86881982581792,163.10636736841,-11.2760204804615,Served,34.2260077112008,Stable,0
191,380,1,BS2,Terrestrial,295.272687326099,89.6445240777548,69.691936347821,50.992146,893.334270320412,8.75952808811392,37.6764145374011,13.1916971691536,155.783490025074,69.691936347821,Served,50.992146,Stable,0
191,380,2,BS2,Terrestrial,144.900842099444,110.566882876982,48.7695775485942,50.992146,893.334270320412,8.75952808811392,37.6564705590305,12.0096276126587,156.965559581569,48.7695775485942,Served,50.992146,Stable,0
191,380,3,BS1,Terrestrial,158.603762337124,98.6768438294497,60.6596165961261,101.984292,893.334270320412,8.75952808811392,37.6894225966448,-9.59420480628467,178.569392000513,60.6596165961261,Served,101.984292,Stable,0
191,380,4,SAT-1,Satellite,930101.733864495,159.269858710648,9.70532848358056,33.7072233093191,188.391482363219,1.86301791196126,37.6077802049126,9.70532848358056,159.269858710648,6.23194071081522,Served,33.4980709707119,InTransition,12.4099417319497
191,380,5,SAT-1,Satellite,930800.906928418,155.595032847596,13.3801543466318,45.0956104606866,188.391482363219,1.39253377759427,37.5666967778981,13.3801543466318,155.595032847596,6.80054544349861,Served,45.0956104606866,Stable,0
191,380,6,SAT-1,Satellite,925923.016720379,167.433626855847,1.54156033838154,12.7865083877461,188.391482363219,4.91120475453025,37.8549242909236,1.54156033838154,167.433626855847,-1.35317785811654,Served,12.7865083877461,Stable,0
192,382,1,BS2,Terrestrial,295.272687326099,91.0103637022091,68.3260967233668,50.992146,893.334270320412,8.75952808811392,38.30269765642,6.36850001253327,162.606687181695,68.3260967233668,Served,50.992146,Stable,0
192,382,2,BS2,Terrestrial,144.900842099444,111.178006190511,48.1584542350649,50.992146,893.334270320412,8.75952808811392,38.2823412832369,13.5386610447082,155.43652614952,48.1584542350649,Served,50.992146,Stable,0
192,382,3,BS1,Terrestrial,158.603762337124,106.12945216399,53.2070082615855,50.992146,893.334270320412,8.75952808811392,38.3159733867918,8.53608026615754,160.439106928071,53.2070082615855,Served,50.992146,Stable,0
192,382,4,SAT-1,Satellite,919670.612409211,155.408431816903,13.5667553773255,68.5332352245187,188.391482363219,1.3744534439826,38.2326330598969,13.5667553773255,155.408431816903,4.47783780938323,Served,68.5332352245187,Stable,0
192,382,5,BS1,Terrestrial,2496.53115061175,146.784788913366,12.5516715122098,38.9929308892499,893.334270320412,11.4550798048204,38.1907171130576,5.04855182990278,163.926635364325,12.5516715122098,Served,38.992281459526,InTransition,0.0333101261755124
192,382,6,SAT-1,Satellite,915528.192519229,156.460969183602,12.5142180106261,63.537177558711,188.391482363219,1.48252951737695,38.4848482813884,12.5142180106261,156.460969183602,-7.74569113259204,Served,63.537177558711,Stable,0
193,384,1,BS2,Terrestrial,295.272687326099,90.4467723975018,68.8896880280741,50.992146,893.334270320412,8.75952808811392,38.9419223831736,5.33466001623265,163.640527177995,68.8896880280741,Served,50.992146,Stable,0
193,384,2,BS2,Terrestrial,144.900842099444,109.845947378684,49.4905130468914,50.992146,893.334270320412,8.75952808811392,38.9211431042555,-2.07779336251193,171.05298055674,49.4905130468914,Served,50.992146,Stable,0
193,384,3,BS1,Terrestrial,158.603762337124,103.837903081826,55.4985573437496,101.984292,893.334270320412,8.75952808811392,38.9554725374019,14.579993434926,154.395193759302,55.4985573437496,Served,101.984292,Stable,0
193,384,4,SAT-1,Satellite,909330.19489203,154.479405187531,14.4957820066975,48.6574413956655,188.391482363219,1.29059726501225,38.8703904821757,14.4957820066975,154.479405187531,7.21553216051839,Served,48.6574413956655,Stable,0
193,384,5,SAT-1,Satellite,910016.817862486,153.062273363896,15.9129138303321,53.2266259992898,188.391482363219,1.17980727894677,38.8276215900143,15.9129138303321,153.062273363896,9.31550955162618,Served,52.9034882850153,InTransition,12.1419574586161
193,384,6,SAT-1,Satellite,905225.333472282,160.701564106145,8.27362308808284,29.4858070951712,188.391482363219,2.12974196653493,39.1278037879136,8.27362308808284,160.701564106145,-2.64659594036254,Served,29.4858070951712,Stable,0
194,386,1,BS2,Terrestrial,295.272687326099,89.0658650443875,70.2705953811884,50.992146,893.334270320412,8.75952808811392,39.5944153197731,11.1992193714565,157.775967822772,70.2705953811884,Served,50.992146,Stable,0
194,386,2,BS2,Terrestrial,144.900842099444,122.529181102903,36.8072793226733,50.992146,893.334270320412,8.75952808811392,39.5732024901373,9.67508016427624,159.300107029952,36.8072793226733,Served,50.992146,Stable,0
194,386,3,BS1,Terrestrial,158.603762337124,96.4008960097301,62.9355644158458,50.992146,893.334270320412,8.75952808811392,39.6082467297666,3.88535796083337,165.089829233395,62.9355644158458,Served,50.992146,Stable,0
194,386,4,SAT-1,Satellite,899083.654415423,159.51699033666,9.45819685756848,49.4515594155154,188.391482363219,1.90480830725947,39.5213785429607,9.45819685756848,159.51699033666,9.063946598499,Served,49.4515594155154,Stable,0
194,386,5,BS1,Terrestrial,2496.53115061175,141.986095777895,17.3503646476804,50.992146,893.334270320412,8.75952808811392,39.4777360954709,6.49407976507553,162.481107429153,17.3503646476804,Served,50.9912967225914,InTransition,0.0333101261755124
194,386,6,SAT-1,Satellite,895017.658851163,168.85687701176,0.118310182468207,15.2967708581861,188.391482363219,6.15788404329796,39.7841182651269,0.118310182468207,168.85687701176,-10.0836223870514,Served,15.2967708581861,Stable,0
195,388,1,BS2,Terrestrial,295.272687326099,91.7346934320997,67.6017669934761,50.992146,893.334270320412,8.75952808811392,40.260506830077,13.1798369530235,155.795350241205,67.6017669934761,Served,50.992146,Stable,0
195,388,2,BS2,Terrestrial,144.900842099444,112.4026506998,46.9338097257757,50.992146,893.334270320412,8.75952808811392,40.2388496891421,7.78756375165386,161.187623442574,46.9338097257757,Served,50.992146,Stable,0
195,388,3,BS1,Terrestrial,158.603762337124,102.246014928451,57.0904454971245,101.984292,893.334270320412,8.75952808811392,40.2746263941682,11.5467951084576,157.42839208577,57.0904454971245,Served,101.984292,Stable,0
195,388,4,SAT-1,Satellite,888934.280364461,157.326719444479,11.6484677497488,39.6500976678463,188.391482363219,1.58378325606658,40.1859271327223,11.6484677497488,157.326719444479,7.5111311411182,Served,39.6500976678463,Stable,0
195,388,5,SAT-1,Satellite,889607.476870411,154.351404536185,14.6237826580429,49.0682723201017,188.391482363219,1.27979156017714,40.1413903810742,14.6237826580429,154.351404536185,1.55753760780547,Served,48.7770608451748,InTransition,11.8696445241516
195,388,6,SAT-1,Satellite,884908.505492894,154.068937663954,14.9062495302736,49.9762914414222,188.391482363219,1.25653903033891,40.4541227334535,14.9062495302736,154.068937663954,-5.46012489645221,Served,49.9762914414222,Stable,0
196,390,1,BS2,Terrestrial,295.272687326099,91.1781247275914,68.1583356979844,50.992146,893.334270320412,8.75952808811392,40.9405304157299,12.1168131045003,156.858374089728,68.1583356979844,Served,50.992146,Stable,0
196,390,2,BS2,Terrestrial,144.900842099444,113.222018232172,46.1144421934041,50.992146,893.334270320412,8.75952808811392,40.9184181085784,11.252546296866,157.722640897362,46.1144421934041,Served,50.992146,Stable,0
196,390,3,BS1,Terrestrial,158.603762337124,103.18385845561,56.1526019699662,50.992146,893.334270320412,8.75952808811392,40.954945084021,6.56931085796276,162.405876336265,56.1526019699662,Served,50.992146,Stable,0
196,390,4,SAT-1,Satellite,878885.481607848,162.527662199004,6.44752499522431,36.5471802865519,188.391482363219,2.57737369731558,40.8643693462922,6.44752499522431,162.527662199004,0.107382010468882,Served,36.5471802865519,Stable,0
196,390,5,BS1,Terrestrial,2496.53115061175,143.952051691868,15.3844087337075,47.2931061225572,893.334270320412,9.44465635229573,40.8189174550426,13.3669567056502,155.608230488578,15.3844087337075,Served,47.2923184528911,InTransition,0.0333101261755124
196,390,6,SAT-1,Satellite,874901.330961889,153.814616093635,15.1605711005926,76.1931319642046,188.391482363219,1.23627601009842,41.1381511271264,15.1605711005926,153.814616093635,-12.0819999313642,Served,76.1931319642046,Stable,0
197,392,1,BS2,Terrestrial,295.272687326099,91.0197952414676,68.3166651841083,50.992146,893.334270320412,8.75952808811392,41.6348220008535,11.7181807077418,157.257006486486,68.3166651841083,Served,50.992146,Stable,0
197,392,2,BS2,Terrestrial,144.900842099444,114.362121970899,44.9743384546768,50.992146,893.334270320412,8.75952808811392,41.6122436025453,10.9426599338316,158.032527260397,44.9743384546768,Served,50.992146,Stable,0
197,392,3,BS1,Terrestrial,158.603762337124,100.338086202438,58.9983742231384,50.992146,893.334270320412,8.75952808811392,41.6495387584972,5.77866970014327,163.196517494085,58.9983742231384,Served,50.992146,Stable,0
197,392,4,SAT-1,Satellite,868940.789594631,154.341026466209,14.6341607280188,73.6523994372017,188.391482363219,1.27892291223891,41.5570407774053,14.6341607280188,154.341026466209,4.41800432427752,Served,73.6523994372017,Stable,0
197,392,5,BS1,Terrestrial,2496.53115061175,145.710705817088,13.6257546084874,42.1147283128006,893.334270320412,10.6059602674545,41.5106528838356,12.0550972584383,156.92008993579,13.6257546084874,Served,42.1147283128006,Stable,0
197,392,6,SAT-1,Satellite,864999.716594819,164.682824810486,4.2923623837425,28.2355699740826,188.391482363219,3.33606657376039,41.8365395483123,4.2923623837425,164.682824810486,-4.85818641130706,Served,28.2355699740826,Stable,0
198,394,1,BS2,Terrestrial,295.272687326099,90.5863981452407,68.7500622803352,50.992146,893.334270320412,8.75952808811392,42.3437191175092,11.0695294986124,157.905657695616,68.7500622803352,Served,50.992146,Stable,0
198,394,2,BS2,Terrestrial,144.900842099444,110.494469431657,48.8419909939191,50.992146,893.334270320412,8.75952808811392,42.3206636607009,-5.04903907726711,174.024226271495,48.8419909939191,Served,50.992146,Stable,0
198,394,3,BS1,Terrestrial,158.603762337124,99.6681259467879,59.668334478788,50.992146,893.334270320412,8.75952808811392,42.3587449657464,13.6474333436884,155.32775385054,59.668334478788,Served,50.992146,Stable,0
198,394,4,SAT-1,Satellite,859103.861313694,157.335960662888,11.6392265313399,59.4320500995077,188.391482363219,1.58493171653841,42.2642787148236,11.6392265313399,157.335960662888,9.47167032487297,Served,59.4320500995077,Stable,0
198,394,5,BS1,Terrestrial,2496.53115061175,138.841536384288,20.4949240412874,50.992146,893.334270320412,8.75952808811392,42.2169339960391,13.1558611441449,155.819326050083,20.4949240412874,Served,50.992146,Stable,0
198,394,6,SAT-1,Satellite,855207.370393924,156.927933910644,12.0472532835843,61.3403331688968,188.391482363219,1.53562487054394,42.5496254193387,12.0472532835843,156.927933910644,-10.636643177355,Served,61.3403331688968,Stable,0
199,396,1,BS2,Terrestrial,295.272687326099,90.3803997190602,68.9560607065157,50.992146,893.334270320412,8.75952808811392,43.0675599837766,5.72289510994474,163.252292084283,68.9560607065157,Served,50.992146,Stable,0
199,396,2,BS2,Terrestrial,144.900842099444,108.928859135647,50.4076012899284,50.992146,893.334270320412,8.75952808811392,43.0440164899137,12.2119486704521,156.763238523776,50.4076012899284,Served,50.992146,Stable,0
199,396,3,BS1,Terrestrial,158.603762337124,101.220757452891,58.1157029726851,50.992146,893.334270320412,8.75952808811392,43.0829019185492,10.091652817623,158.883534376605,58.1157029726851,Served,50.992146,Stable,0
199,396,4,SAT-1,Satellite,849378.482079079,153.243808780641,15.7313784135869,78.95843712129,188.391482363219,1.1929787951212,42.9864212319019,15.7313784135869,153.243808780641,7.08478353639418,Served,78.95843712129,Stable,0
199,396,5,BS1,Terrestrial,2496.53115061175,142.517600018702,16.8188604068739,50.992146,893.334270320412,8.75952808811392,42.9380989803636,13.311936399167,155.663250795061,16.8188604068739,Served,50.992146,Stable,0
199,396,6,SAT-1,Satellite,845528.129730114,164.526260474883,4.44892671934463,28.8068733683721,188.391482363219,3.26990506665085,43.2777465247503,4.44892671934463,164.526260474883,-7.04540689135348,Served,28.8068733683721,Stable,0
200,398,1,BS2,Terrestrial,295.272687326099,91.6503342837461,67.6861261418298,50.992146,893.334270320412,8.75952808811392,43.8066824660864,12.0669837275192,156.908203466709,67.6861261418298,Served,50.992146,Stable,0
200,398,2,BS2,Terrestrial,144.900842099444,110.982440298606,48.3540201269696,50.992146,893.334270320412,8.75952808811392,43.7826399804358,10.6088950945493,158.366292099679,48.3540201269696,Served,50.992146,Stable,0
200,398,3,BS1,Terrestrial,158.603762337124,102.331413845857,57.0050465797187,101.984292,893.334270320412,8.75952808811392,43.8223474540367,14.3070803026183,154.66810689161,57.0050465797187,Served,101.984292,Stable,0
200,398,4,SAT-1,Satellite,839768.568100035,158.043266936424,10.9319202578037,37.4345513127763,188.391482363219,1.67751872496217,43.7238061612392,10.9319202578037,158.043266936424,10.7441849256,Served,37.4345513127763,Stable,0
200,398,5,SAT-1,Satellite,840403.936262752,158.60188023744,10.3733069567884,35.7259816644593,188.391482363219,1.75774486415893,43.6744858694243,10.3733069567884,158.60188023744,5.3037438046608,Served,35.5256813912772,InTransition,11.213143144018
200,398,6,SAT-1,Satellite,835965.963813014,161.833727259401,7.14145993482754,26.2709517699997,188.391482363219,2.39036489189749,44.0212399347207,7.14145993482754,161.833727259401,-5.50543322139711,Served,26.2709517699997,Stable,0
201,400,1,BS2,Terrestrial,295.272687326099,96.64977934842,62.6866810771559,50.992146,893.334270320412,8.75952808811392,44.5614229173195,4.9144055949503,164.060781599278,62.6866810771559,Served,50.992146,Stable,0
201,400,2,BS2,Terrestrial,144.900842099444,120.950331176002,38.3861292495742,50.992146,893.334270320412,8.75952808811392,44.5368705481168,13.8980120871441,155.077175107084,38.3861292495742,Served,50.992146,Stable,0
201,400,3,BS1,Terrestrial,158.603762337124,101.78244971375,57.5540107118256,101.984292,893.334270320412,8.75952808811392,44.5774178689852,9.67462329211585,159.300563902112,57.5540107118256,Served,101.984292,Stable,0
201,400,4,SAT-1,Satellite,830278.168790055,157.396142176815,11.5790450174126,39.4343587643103,188.391482363219,1.59244787427794,44.4767699459186,11.5790450174126,157.396142176815,5.79202173984217,Served,39.4343587643103,Stable,0
201,400,5,SAT-1,Satellite,830905.171710721,156.719603368713,12.2555838255151,41.5458635520652,188.391482363219,1.51151415372657,44.4264314008389,12.2555838255151,156.719603368713,-0.787700696226722,Served,41.5458635520652,Stable,0
201,400,6,SAT-1,Satellite,826524.975880323,158.196435053957,10.7787521402713,36.9643537147204,188.391482363219,1.6988572631998,44.7804408012399,10.7787521402713,158.196435053957,-4.20513505791288,Served,36.9643537147204,Stable,0
202,402,1,BS2,Terrestrial,295.272687326099,90.329249677114,69.0072107484618,33.994764,893.334270320412,8.75952808811392,45.3321148821649,6.03343825164742,162.941748942581,69.0072107484618,Served,33.994764,Stable,0
202,402,2,BS2,Terrestrial,144.900842099444,112.907502175233,46.4289582503425,33.994764,893.334270320412,8.75952808811392,45.3070418441463,13.9148790384076,155.060308155821,46.4289582503425,Served,33.994764,Stable,0
202,402,3,BS1,Terrestrial,158.603762337124,106.85343718096,52.4830232446159,50.992146,893.334270320412,8.75952808811392,45.3484466221782,10.1844234059791,158.790763788249,52.4830232446159,Served,50.992146,Stable,0
202,402,4,BS2,Terrestrial,1289.96390375941,146.002157066133,13.3343033594431,27.5094107408768,893.334270320412,10.8245899162183,45.2456463588054,7.27897703037328,161.696210163855,13.3343033594431,Served,27.5091740027874,InTransition,0.0172114256958314
202,402,5,BS1,Terrestrial,2496.53115061175,143.984374502944,15.3520859226315,47.197319533895,893.334270320412,9.46382420805549,45.1942697471358,12.3827176807467,156.592469513481,15.3520859226315,Served,47.1965334595606,InTransition,0.0333101261755124
202,402,6,SAT-1,Satellite,817209.405054251,160.221342839861,8.75384435436737,92.6523040948967,188.391482363219,2.03331675562286,45.5556810184947,8.75384435436737,160.221342839861,-5.24633870826938,Served,92.6523040948967,Stable,0
203,404,1,BS2,Terrestrial,295.272687326099,93.51580072522,65.8206597003559,50.992146,893.334270320412,8.75952808811392,46.1190876613391,14.9483935547342,154.026793639494,65.8206597003559,Served,50.992146,Stable,0
203,404,2,BS2,Terrestrial,144.900842099444,115.677876377691,43.658584047885,50.992146,893.334270320412,8.75952808811392,46.0934833239207,11.8967166879992,157.078470506229,43.658584047885,Served,50.992146,Stable,0
203,404,3,BS1,Terrestrial,158.603762337124,100.009790436983,59.3266699885928,50.992146,893.334270320412,8.75952808811392,46.1357628954376,10.5298483537052,158.445338840523,59.3266699885928,Served,50.992146,Stable,0
203,404,4,SAT-1,Satellite,811672.789472042,159.379408644495,9.59577854973273,50.06833697678,188.391482363219,1.88134351706737,46.0307650814593,9.59577854973273,159.379408644495,0.891926062401552,Served,49.7972220394044,InTransition,10.8297959846881
203,404,5,BS1,Terrestrial,2496.53115061175,146.805014760408,12.5314456651678,38.9345057615154,893.334270320412,11.4722693000437,45.9783311060518,9.93842546262877,159.036761731599,12.5314456651678,Served,38.9345057615154,Stable,0
203,404,6,SAT-1,Satellite,808023.62780766,152.495638259521,16.4795489347074,82.5971768976856,188.391482363219,1.14042325318565,46.3472877389895,16.4795489347074,152.495638259521,-2.14211369902577,Served,82.5971768976856,Stable,0
204,406,1,BS2,Terrestrial,295.272687326099,90.0460145972902,69.2904458282857,50.992146,893.334270320412,8.75952808811392,46.9226647265219,9.88380143575864,159.091385758469,69.2904458282857,Served,50.992146,Stable,0
204,406,2,BS1,Terrestrial,565.376556244471,126.216256003931,33.1202044216446,50.992146,893.334270320412,8.75952808811392,46.8965186668815,11.6313181945444,157.343868999684,33.1202044216446,Served,50.9919536685178,InTransition,0.00754357277719736
204,406,3,BS1,Terrestrial,158.603762337124,112.446922072825,46.8895383527513,50.992146,893.334270320412,8.75952808811392,46.9396900051863,11.9733680569183,157.00181913731,46.8895383527513,Served,50.992146,Stable,0
204,406,4,BS2,Terrestrial,1289.96390375941,145.365173750486,13.9712866750901,43.126246994567,893.334270320412,10.3571992994539,46.8324501344514,8.49882195056679,160.476365243661,13.9712866750901,Served,43.1258758624691,InTransition,0.0172114256958314
204,406,5,SAT-1,Satellite,803166.736377327,155.546773943546,13.4284132506826,67.873383367888,188.391482363219,1.38781561353806,46.7789401430279,13.4284132506826,155.546773943546,9.75118300446627,Served,67.5097074824428,InTransition,10.7163034285182
204,406,6,SAT-1,Satellite,798972.158977598,161.348968787478,7.62621840675024,41.4487634580607,188.391482363219,2.27258266164972,47.155581737237,7.62621840675024,161.348968787478,-14.8529113237339,Served,41.4487634580607,Stable,0
205,408,1,BS2,Terrestrial,295.272687326099,91.235928146251,68.1005322793249,50.992146,893.334270320412,8.75952808811392,47.7431619783075,10.9906662593327,157.984520934895,68.1005322793249,Served,50.992146,Stable,0
205,408,2,BS2,Terrestrial,144.900842099444,108.818609623287,50.5178508022886,50.992146,893.334270320412,8.75952808811392,47.7164640396012,9.95860331784786,159.01658387638,50.5178508022886,Served,50.9920967071996,InTransition,0.00193334873153406
205,408,3,BS1,Terrestrial,158.603762337124,110.42278012052,48.9136803050556,50.992146,893.334270320412,8.75952808811392,47.7605436568458,10.7768140134986,158.198373180729,48.9136803050556,Served,50.992146,Stable,0
205,408,4,SAT-1,Satellite,793597.469776187,154.6102212428,14.3649659514284,72.357004715395,188.391482363219,1.30181924406785,47.6510181512857,14.3649659514284,154.6102212428,6.12200657260743,Served,71.9739241252707,InTransition,10.5886248782975
205,408,5,BS1,Terrestrial,2496.53115061175,149.73258192271,9.6038785028656,30.6640824036147,893.334270320412,14.5664601758164,47.596414278118,8.2684601543427,160.706727039885,9.6038785028656,Served,30.6635716913877,InTransition,0.0333101261755124
205,408,6,SAT-1,Satellite,790059.652258632,157.475146788201,11.5000404060266,58.7836737579795,188.391482363219,1.60241330899845,47.9808756133104,11.5000404060266,157.475146788201,-12.3225684778882,Served,58.7836737579795,Stable,0
206,410,1,BS2,Terrestrial,295.272687326099,89.6534715185011,69.6829889070747,33.994764,893.334270320412,8.75952808811392,48.5808858401057,10.5583969680783,158.41679022615,69.6829889070747,Served,33.994764,Stable,0
206,410,2,BS2,Terrestrial,144.900842099444,117.892098378414,41.444362047162,33.994764,893.334270320412,8.75952808811392,48.5536261950304,9.86610699386549,159.109080200363,41.444362047162,Served,33.994764,Stable,0
206,410,3,BS1,Terrestrial,158.603762337124,102.276817571966,57.05964285361,50.992146,893.334270320412,8.75952808811392,48.5986300350178,8.56643670873248,160.408750485496,57.05964285361,Served,50.992146,Stable,0
206,410,4,BS2,Terrestrial,1289.96390375941,150.851587084034,8.48487334154223,18.4203212496529,893.334270320412,16.1657381579279,48.4867764887338,6.19003288857522,162.785154305653,8.48487334154223,Served,18.4201627296577,InTransition,0.0172114256958314
206,410,5,BS1,Terrestrial,2496.53115061175,143.937519622109,15.3989408034668,47.3361775281548,893.334270320412,9.43606261605165,48.4310618101295,9.85541653833363,159.119770655894,15.3989408034668,Served,47.3361775281548,Stable,0
206,410,6,SAT-1,Satellite,781290.900103554,155.032899078694,13.9422881155341,140.657625236194,188.391482363219,1.3393620292314,48.8234718292186,13.9422881155341,155.032899078694,-15.0556792448978,Served,140.657625236194,Stable,0
207,412,1,BS2,Terrestrial,295.272687326099,90.4251273159189,68.911333109657,50.992146,893.334270320412,8.75952808811392,49.4361311818063,4.90324120091552,164.071945993313,68.911333109657,Served,50.992146,Stable,0
207,412,2,BS2,Terrestrial,144.900842099444,115.185420737203,44.1510396883732,50.992146,893.334270320412,8.75952808811392,49.4083004016821,4.49882208068053,164.476365113548,44.1510396883732,Served,50.992146,Stable,0
207,412,3,BS1,Terrestrial,158.603762337124,103.52298251903,55.8134779065461,50.992146,893.334270320412,8.75952808811392,49.4542437232767,11.2700219106617,157.705165283566,55.8134779065461,Served,50.992146,Stable,0
207,412,4,SAT-1,Satellite,776089.550822227,158.025767897703,10.9494192965251,56.2325245787117,188.391482363219,1.67511136815062,49.3400211672278,10.9494192965251,158.025767897703,8.41210912565114,Served,55.9413799980038,InTransition,10.3550243525103
207,412,5,BS1,Terrestrial,2496.53115061175,139.389376952101,19.9470834734753,50.992146,893.334270320412,8.75952808811392,49.2831798716524,11.2707202178784,157.70446697635,19.9470834734753,Served,50.992146,Stable,0
207,412,6,SAT-1,Satellite,772670.832953898,162.805100743295,6.17008645093287,35.4268586683408,188.391482363219,2.65887930012229,49.6836605719619,6.17008645093287,162.805100743295,-8.51431590154309,Served,35.4268586683408,Stable,0
208,414,1,BS2,Terrestrial,295.272687326099,91.0044466516395,68.3320137739364,50.992146,893.334270320412,8.75952808811392,50.309179068152,9.55930831467205,159.415878879556,68.3320137739364,Served,50.992146,Stable,0
208,414,2,BS2,Terrestrial,144.900842099444,125.018368172743,34.3180922528334,50.992146,893.334270320412,8.75952808811392,50.2807681976593,13.7047753094626,155.270411884766,34.3180922528334,Served,50.992146,Stable,0
208,414,3,BS1,Terrestrial,158.603762337124,107.991886311283,51.3445741142928,50.992146,893.334270320412,8.75952808811392,50.3276654485381,14.4021199791948,154.573067215033,51.3445741142928,Served,50.992146,Stable,0
208,414,4,SAT-1,Satellite,767560.640765307,158.435835649935,10.5393515442932,54.3480176333564,188.391482363219,1.73319552917412,50.211034636046,10.5393515442932,158.435835649935,3.02927096009978,Served,54.3480176333564,Stable,0
208,414,5,BS1,Terrestrial,2496.53115061175,143.199787847539,16.1366725780365,49.5277727399231,893.334270320412,9.01851850891245,50.153052209717,5.51690477938462,163.458282414843,16.1366725780365,Served,49.5277727399231,Stable,0
208,414,6,SAT-1,Satellite,764204.517718315,159.946780020257,9.02840717397072,47.5378346314702,188.391482363219,1.98148994189254,50.5617174382781,9.02840717397072,159.946780020257,-1.71185497055134,Served,47.5378346314702,Stable,0
209,416,1,BS2,Terrestrial,295.272687326099,88.8864830354468,70.4499773901291,33.994764,893.334270320412,8.75952808811392,51.2002943281792,9.28622216330044,159.688965030928,70.4499773901291,Served,33.994764,Stable,0
209,416,2,BS2,Terrestrial,144.900842099444,108.648919157528,50.6875412680479,33.994764,893.334270320412,8.75952808811392,51.1712949658302,13.1479655447648,155.827221649463,50.6875412680479,Served,33.994764,Stable,0
209,416,3,BS1,Terrestrial,158.603762337124,97.0383809681237,62.2980794574521,101.984292,893.334270320412,8.75952808811392,51.2191596463902,13.576383650771,155.398803543457,62.2980794574521,Served,101.984292,Stable,0
209,416,4,BS2,Terrestrial,1289.96390375941,150.228126743726,9.10833368184953,19.5400118573928,893.334270320412,15.2394017096843,51.1000833593909,3.08513892804439,165.890048266184,9.10833368184953,Served,19.5398437016617,InTransition,0.0172114256958314
209,416,5,SAT-1,Satellite,759737.544451412,155.295178971594,13.6800082226338,69.074079387881,188.391482363219,1.36369159048301,51.0409467881953,13.6800082226338,155.295178971594,10.818070217824,Served,68.7239827122709,InTransition,10.13684666412
209,416,6,SAT-1,Satellite,755897.155412619,159.5097222638,9.46546493042811,49.4840928983463,188.391482363219,1.90355598464971,51.4579009375091,9.46546493042811,159.5097222638,-14.175427947609,Served,49.4840928983463,Stable,0
210,418,1,BS2,Terrestrial,295.272687326099,92.9268763280889,66.409584097487,50.992146,893.334270320412,8.75952808811392,52.1097229437978,14.1566669594626,154.818520234766,66.409584097487,Served,50.992146,Stable,0
210,418,2,BS2,Terrestrial,144.900842099444,121.77809469136,37.5583657342155,50.992146,893.334270320412,8.75952808811392,52.0801273281609,9.53338997149132,159.441797222737,37.5583657342155,Served,50.992146,Stable,0
210,418,3,BS1,Terrestrial,158.603762337124,109.398101264877,49.9383591606992,50.992146,893.334270320412,8.75952808811392,52.1289718454832,14.0215789303955,154.953608263833,49.9383591606992,Served,50.992146,Stable,0
210,418,4,SAT-1,Satellite,750978.656203897,156.774860585594,12.2003266086339,62.0590079674528,188.391482363219,1.51784155542755,52.0074152211109,12.2003266086339,156.774860585594,6.84447916073893,Served,61.7480929383045,InTransition,10.0199806387911
210,418,5,BS1,Terrestrial,2496.53115061175,145.897196182707,13.4392642428684,41.5701653754338,893.334270320412,10.7448967577157,51.9471132097178,12.6345030225963,156.340684171632,13.4392642428684,Served,41.5694730217069,InTransition,0.0333101261755124
210,418,6,SAT-1,Satellite,747754.077871928,156.586791228112,12.3883959661159,62.943956343321,188.391482363219,1.49650175574965,52.3724498107141,12.3883959661159,156.586791228112,-0.778163921770357,Served,62.943956343321,Stable,0
211,420,1,BS2,Terrestrial,295.272687326099,92.176925122707,67.1595353028689,50.992146,893.334270320412,8.75952808811392,53.0376892576044,12.7983202769276,156.176866917301,67.1595353028689,Served,50.992146,Stable,0
211,420,2,BS2,Terrestrial,144.900842099444,111.360720344109,47.9757400814672,50.992146,893.334270320412,8.75952808811392,53.0074903592255,14.0304835398316,154.944703654396,47.9757400814672,Served,50.992146,Stable,0
211,420,3,BS1,Terrestrial,158.603762337124,105.132941295351,54.2035191302245,50.992146,893.334270320412,8.75952808811392,53.0573258711083,9.94816446375512,159.027022730473,54.2035191302245,Served,50.992146,Stable,0
211,420,4,SAT-1,Satellite,742936.270506499,154.480024078755,14.4951631154729,72.9831840021595,188.391482363219,1.29064992805496,52.9332567477812,14.4951631154729,154.480024078755,4.41275512601169,Served,72.9831840021595,Stable,0
211,420,5,BS1,Terrestrial,2496.53115061175,144.910570978605,14.4258894469708,44.4617590285432,893.334270320412,10.0460968013762,52.8717799568585,12.31790101792,156.657286176308,14.4258894469708,Served,44.4617590285432,Stable,0
211,420,6,SAT-1,Satellite,739780.743442581,160.210353213402,8.76483398082652,46.3744812154794,188.391482363219,2.03119773445935,53.3055801661363,8.76483398082652,160.210353213402,-13.2350604071073,Served,46.3744812154794,Stable,0
212,422,1,BS2,Terrestrial,295.272687326099,91.1418698324636,68.1945905931123,50.992146,893.334270320412,8.75952808811392,53.9843930023376,14.0459021919122,154.929285002316,68.1945905931123,Served,50.992146,Stable,0
212,422,2,BS2,Terrestrial,144.900842099444,111.692732321464,47.6437281041118,50.992146,893.334270320412,8.75952808811392,53.9535846212185,2.70476738704349,166.270419807185,47.6437281041118,Served,50.992146,Stable,0
212,422,3,BS1,Terrestrial,158.603762337124,96.3998508328402,62.9366095927356,50.992146,893.334270320412,8.75952808811392,54.0044208704066,12.6673198844964,156.307867309732,62.9366095927356,Served,50.992146,Stable,0
212,422,4,SAT-1,Satellite,735066.957432191,155.856596773429,13.1185904207995,66.3989686355728,188.391482363219,1.41863259501209,53.8778101520965,13.1185904207995,155.856596773429,4.48649263005976,Served,66.3989686355728,Stable,0
212,422,5,BS1,Terrestrial,2496.53115061175,148.936951920399,10.3995085051773,32.8696562557431,893.334270320412,13.5890418714727,53.8151514546112,5.1540797823065,163.821107411922,10.3995085051773,Served,32.8696562557431,Stable,0
212,422,6,SAT-1,Satellite,731982.731560212,156.923135138109,12.0520520561188,61.3628409347444,188.391482363219,1.53506160644975,54.2574824333563,12.0520520561188,156.923135138109,-11.2353419712383,Served,61.3628409347444,Stable,0
213,424,1,BS2,Terrestrial,295.272687326099,89.2796933474475,70.0567670781284,33.994764,893.334270320412,8.75952808811392,54.9500061569842,2.80239989440179,166.172787299826,70.0567670781284,Served,33.994764,Stable,0
213,424,2,BS2,Terrestrial,144.900842099444,108.295229382922,51.0412310426535,33.994764,893.334270320412,8.75952808811392,54.9185830253856,7.46109878440288,161.514088409825,51.0412310426535,Served,33.994764,Stable,0
213,424,3,BS1,Terrestrial,158.603762337124,104.492179056616,54.84428136896,50.992146,893.334270320412,8.75952808811392,54.9704281642543,11.8041166824774,157.171070511751,54.84428136896,Served,50.992146,Stable,0
213,424,4,BS2,Terrestrial,1289.96390375941,153.090439300991,6.24602112458527,14.5787118605989,893.334270320412,20.4255419102968,54.8412502010543,5.39190533231772,163.58328186191,6.24602112458527,Served,14.5785864003909,InTransition,0.0172114256958314
213,424,5,BS1,Terrestrial,2496.53115061175,143.559889706234,15.7765707193422,48.4568101289747,893.334270320412,9.2178402575683,54.7774049587478,12.7045082583069,156.270678935921,15.7765707193422,Served,48.4568101289747,Stable,0
213,424,6,SAT-1,Satellite,724365.736119934,157.56841685789,11.4067703363384,116.699911334464,188.391482363219,1.61432412594801,55.2283181409075,11.4067703363384,157.56841685789,-10.89070668177,Served,116.699911334464,Stable,0
214,426,1,BS2,Terrestrial,295.272687326099,93.7164962821544,65.6199641434215,50.992146,893.334270320412,8.75952808811392,55.9346696373584,13.1507951222025,155.824392072026,65.6199641434215,Served,50.992146,Stable,0
214,426,2,BS2,Terrestrial,144.900842099444,117.503154120596,41.8333063049796,50.992146,893.334270320412,8.75952808811392,55.9026275275922,9.72134052181897,159.253846672409,41.8333063049796,Served,50.992146,Stable,0
214,426,3,BS1,Terrestrial,158.603762337124,100.751869957631,58.5845904679447,101.984292,893.334270320412,8.75952808811392,55.9554879336779,12.2654320094441,156.709755184784,58.5845904679447,Served,101.984292,Stable,0
214,426,4,SAT-1,Satellite,719870.256384409,156.557595749021,12.4175914452076,42.0543490282044,188.391482363219,1.49323820814878,55.8237209161274,12.4175914452076,156.557595749021,2.47110305614197,Served,41.852384807897,InTransition,9.60491482923708
214,426,5,SAT-1,Satellite,720359.051866752,159.681763347596,9.29342384663198,32.4770001630359,188.391482363219,1.93358870808557,55.7586872774477,9.29342384663198,159.681763347596,3.65057725096167,Served,32.3209248487935,InTransition,9.61143661414928
214,426,6,SAT-1,Satellite,716935.557546303,153.946947489673,15.0282397045552,50.3690204391936,188.391482363219,1.24674175197728,56.2182165246916,15.0282397045552,153.946947489673,-11.2180968457142,Served,50.3690204391936,Stable,0
215,428,1,BS2,Terrestrial,295.272687326099,91.6351225881725,67.7013378374034,33.994764,893.334270320412,8.75952808811392,56.9384898319269,14.6713926197332,154.303794574495,67.7013378374034,Served,33.994764,Stable,0
215,428,2,BS2,Terrestrial,144.900842099444,112.327984454819,47.0084759707573,33.994764,893.334270320412,8.75952808811392,56.9058256686966,8.4970338839554,160.478153310273,47.0084759707573,Served,33.994764,Stable,0
215,428,3,BS1,Terrestrial,158.603762337124,103.77565932598,55.5608010995954,50.992146,893.334270320412,8.75952808811392,56.9597057515994,11.7892203710491,157.185966823179,55.5608010995954,Served,50.992146,Stable,0
215,428,4,BS2,Terrestrial,1289.96390375941,145.859443381956,13.4770170436203,27.7868835583518,893.334270320412,10.7164982888951,56.8253321154789,12.6621742756392,156.313012918589,13.4770170436203,Served,27.786644432411,InTransition,0.0172114256958314
215,428,5,BS1,Terrestrial,2496.53115061175,142.316295114052,17.0201653115242,50.992146,893.334270320412,8.75952808811392,56.7591113365432,-4.58116694900548,173.556354143234,17.0201653115242,Served,50.9912967225914,InTransition,0.0333101261755124
215,428,6,SAT-1,Satellite,709698.093473926,156.06655730314,12.9086298910884,130.805091088031,188.391482363219,1.44024579468724,57.227270977095,12.9086298910884,156.06655730314,-1.06952419702739,Served,130.805091088031,Stable,0
216,430,1,BS2,Terrestrial,295.272687326099,88.4665941666245,70.8698662589514,50.992146,893.334270320412,8.75952808811392,57.9615349965828,13.1454401901186,155.82974700411,70.8698662589514,Served,50.992146,Stable,0
216,430,2,BS2,Terrestrial,144.900842099444,116.3736951925,42.962765233076,50.992146,893.334270320412,8.75952808811392,57.9282469733273,11.268390167792,157.706797026436,42.962765233076,Served,50.992146,Stable,0
216,430,3,BS1,Terrestrial,158.603762337124,104.443257498662,54.893202926914,50.992146,893.334270320412,8.75952808811392,57.983148973627,10.8370440912786,158.138143102949,54.893202926914,Served,50.992146,Stable,0
216,430,4,SAT-1,Satellite,705435.01258752,156.054909889333,12.9202773048954,65.4577609725784,188.391482363219,1.43903090759658,57.8461558110947,12.9202773048954,156.054909889333,11.4369257246814,Served,65.1497065489034,InTransition,9.41231166779413
216,430,5,BS1,Terrestrial,2496.53115061175,137.767409904216,21.5690505213596,50.992146,893.334270320412,8.75952808811392,57.7787526017104,13.2671735781527,155.708013616075,21.5690505213596,Served,50.992146,Stable,0
216,430,6,SAT-1,Satellite,702659.327955364,155.285647094123,13.689540100105,69.1196259578751,188.391482363219,1.36279298211215,58.2555353490514,13.689540100105,155.285647094123,-12.8687564881679,Served,69.1196259578751,Stable,0
217,432,1,BS2,Terrestrial,295.272687326099,88.9486945178723,70.3877659077036,50.992146,893.334270320412,8.75952808811392,59.0038315247687,11.5240274013652,157.451159792863,70.3877659077036,Served,50.992146,Stable,0
217,432,2,BS2,Terrestrial,144.900842099444,111.116148001251,48.2203124243244,50.992146,893.334270320412,8.75952808811392,58.9699192233626,7.21972986852626,161.755457325702,48.2203124243244,Served,50.992146,Stable,0
217,432,3,BS1,Terrestrial,158.603762337124,98.2978883624227,61.0385720631532,101.984292,893.334270320412,8.75952808811392,59.02584300428,10.0684727861946,158.906714408034,61.0385720631532,Served,101.984292,Stable,0
217,432,4,SAT-1,Satellite,698517.860648721,158.328479019729,10.6467081744993,36.5600273020648,188.391482363219,1.71764534716835,58.8862224762744,10.6467081744993,158.328479019729,4.02645920287162,Served,36.5600273020648,Stable,0
217,432,5,SAT-1,Satellite,698965.854666422,158.710125481589,10.265061712639,35.396969288265,188.391482363219,1.77408298084318,58.8176453737299,10.265061712639,158.710125481589,0.241261050717071,Served,35.2319132821451,InTransition,9.32599651544832
217,432,6,SAT-1,Satellite,695825.319120949,156.841522751993,12.1336644422349,41.1639008348658,188.391482363219,1.52553959936057,59.3030201191274,12.1336644422349,156.841522751993,-6.91596323698539,Served,41.1639008348658,Stable,0
218,434,1,BS2,Terrestrial,295.272687326099,91.6701457390287,67.6663146865472,50.992146,893.334270320412,8.75952808811392,60.0653601114827,9.73182673924254,159.243360454986,67.6663146865472,Served,50.992146,Stable,0
218,434,2,BS2,Terrestrial,144.900842099444,115.147369967338,44.1890904582382,50.992146,893.334270320412,8.75952808811392,60.0308246245701,12.424450387584,156.550736806644,44.1890904582382,Served,50.992146,Stable,0
218,434,3,BS1,Terrestrial,158.603762337124,129.858916478612,29.477543946964,101.984292,893.334270320412,8.75952808811392,60.0877674571336,11.7169361886208,157.258251005607,29.477543946964,Served,101.984292,Stable,0
218,434,4,SAT-1,Satellite,691809.128746275,157.39456547079,11.5806217234382,39.4392560799468,188.391482363219,1.592250134243,59.9455172009194,11.5806217234382,157.39456547079,10.2481360434058,Served,39.4392560799468,Stable,0
218,434,5,SAT-1,Satellite,692242.706404256,157.089755241313,11.8854319529147,40.3881361618717,188.391482363219,1.55484176184944,59.8757789752714,11.8854319529147,157.089755241313,10.7298312106405,Served,40.3881361618717,Stable,0
218,434,6,SAT-1,Satellite,689202.185226217,153.762450470151,15.2127367240768,50.9636166786183,188.391482363219,1.23219592486429,60.3696884445757,15.2127367240768,153.762450470151,-4.94685748909404,Served,50.9636166786183,Stable,0
219,436,1,BS2,Terrestrial,295.272687326099,88.9858968856237,70.3505635399521,33.994764,893.334270320412,8.75952808811392,61.1460518307885,14.6998276191383,154.27535957509,70.3505635399521,Served,33.994764,Stable,0
219,436,2,BS2,Terrestrial,144.900842099444,107.724521316103,51.6119391094732,33.994764,893.334270320412,8.75952808811392,61.1108958859807,9.16804747552044,159.807139718708,51.6119391094732,Served,33.994764,Stable,0
219,436,3,BS1,Terrestrial,158.603762337124,95.8878809088926,63.4485795166832,101.984292,893.334270320412,8.75952808811392,61.1688522283973,13.3549337108706,155.620253483357,63.4485795166832,Served,101.984292,Stable,0
219,436,4,BS2,Terrestrial,1289.96390375941,147.457397049022,11.8790633765539,24.7053801653361,893.334270320412,12.0531676952138,61.0239757529693,7.4348846181714,161.540302576057,11.8790633765539,Served,24.7051675579286,InTransition,0.0172114256958314
219,436,5,SAT-1,Satellite,685733.712571836,157.658469825017,11.3167173692111,57.9317931405905,188.391482363219,1.62597661966051,60.9530938490489,11.3167173692111,157.658469825017,6.47989432122526,Served,57.9317931405905,Stable,0
219,436,6,SAT-1,Satellite,682796.089036518,153.200973927059,15.7742132671687,79.166350122218,188.391482363219,1.18984569878728,61.4554521085403,15.7742132671687,153.200973927059,-11.8421863391369,Served,79.166350122218,Stable,0
220,438,1,BS2,Terrestrial,295.272687326099,89.5238518332253,69.8126085923506,50.992146,893.334270320412,8.75952808811392,62.2457841457976,13.8270507124729,155.148136481755,69.8126085923506,Served,50.992146,Stable,0
220,438,2,BS2,Terrestrial,144.900842099444,121.006352172263,38.3301082533133,50.992146,893.334270320412,8.75952808811392,62.2100122309801,9.5260149755905,159.449172218638,38.3301082533133,Served,50.992146,Stable,0
220,438,3,BS1,Terrestrial,158.603762337124,104.527598095019,54.8088623305572,101.984292,893.334270320412,8.75952808811392,62.2689735027016,11.6006685033846,157.374518690844,54.8088623305572,Served,101.984292,Stable,0
220,438,4,SAT-1,Satellite,679041.549565146,160.291035891005,8.68415130322339,30.679998788576,188.391482363219,2.04684365278146,62.1214805634827,8.68415130322339,160.291035891005,5.21059365267951,Served,30.5410160132451,InTransition,9.06015520330596
220,438,5,SAT-1,Satellite,679445.05366915,152.17228210458,16.8029050896478,55.547,188.391482363219,1.1305229947205,62.0494775870359,16.8029050896478,152.17228210458,14.9446395978367,Served,55.547,Stable,0
220,438,6,SAT-1,Satellite,676613.220515668,156.848270969201,12.1269162250271,41.1427771649332,188.391482363219,1.52632284728856,62.5601673742428,12.1269162250271,156.848270969201,-12.4074758177864,Served,41.1427771649332,Stable,0
221,440,1,BS2,Terrestrial,295.272687326099,92.8489467713156,66.4875136542603,33.994764,893.334270320412,8.75952808811392,63.3643768666376,11.8326232088088,157.142563985419,66.4875136542603,Served,33.994764,Stable,0
221,440,2,BS2,Terrestrial,144.900842099444,117.483111898693,41.8533485268831,33.994764,893.334270320412,8.75952808811392,63.3279953557378,8.23428680875355,160.740900385475,41.8533485268831,Served,33.994764,Stable,0
221,440,3,BS1,Terrestrial,158.603762337124,98.7716710032217,60.5647894223541,50.992146,893.334270320412,8.75952808811392,63.387949706278,16.2846228112623,152.690564382966,60.5647894223541,Served,50.992146,Stable,0
221,440,4,BS2,Terrestrial,1289.96390375941,144.994726309811,14.3417341157646,29.4760991424966,893.334270320412,10.1023574614555,63.2378566491472,10.3132306186863,158.661956575542,14.3417341157646,Served,29.4758454796515,InTransition,0.0172114256958314
221,440,5,BS1,Terrestrial,2496.53115061175,144.176190983685,15.1602694418911,46.6293040510966,893.334270320412,9.57910790756702,63.164760907728,12.0376421631733,156.937545031055,15.1602694418911,Served,46.6285274370959,InTransition,0.0333101261755124
221,440,6,SAT-1,Satellite,670659.777806125,160.187376424029,8.78781077019892,92.9511455055336,188.391482363219,2.02677956617547,63.6836307495636,8.78781077019892,160.187376424029,-11.3356573090231,Served,92.9511455055336,Stable,0
222,442,1,BS2,Terrestrial,295.272687326099,94.1555814325726,65.1808789930032,50.992146,893.334270320412,8.75952808811392,64.5015880641149,10.2875058495056,158.687681344722,65.1808789930032,Served,50.992146,Stable,0
222,442,2,BS2,Terrestrial,144.900842099444,112.747542995462,46.5889174301139,50.992146,893.334270320412,8.75952808811392,64.4646053429419,7.9667900006979,161.00839719353,46.5889174301139,Served,50.992146,Stable,0
222,442,3,BS1,Terrestrial,158.603762337124,102.523686736188,56.8127736893883,101.984292,893.334270320412,8.75952808811392,64.5255374147142,14.33482734885,154.640359845378,56.8127736893883,Served,101.984292,Stable,0
222,442,4,SAT-1,Satellite,667181.756064969,154.989916860062,13.9852703341657,47.0231481877512,188.391482363219,1.33545207430619,64.3728674778688,13.9852703341657,154.989916860062,4.81372085065283,Served,46.8138501500827,InTransition,8.90191515178102
222,442,5,SAT-1,Satellite,667553.529419673,157.629600439285,11.345586754943,38.7105228371213,188.391482363219,1.62222455769883,64.2987135917996,11.345586754943,157.629600439285,10.8096747698515,Served,38.5381279322061,InTransition,8.90687556148824
222,442,6,SAT-1,Satellite,664941.946512094,155.61608583242,13.3591013618082,45.028751455051,188.391482363219,1.39460142150345,64.8255746517531,13.3591013618082,155.61608583242,-1.93343769640759,Served,45.028751455051,Stable,0
223,444,1,BS2,Terrestrial,295.272687326099,88.4644139309146,70.8720464946613,33.994764,893.334270320412,8.75952808811392,65.657109932215,15.8624561405651,153.112731053663,70.8720464946613,Served,33.994764,Stable,0
223,444,2,BS2,Terrestrial,144.900842099444,111.906541378201,47.4299190473744,33.994764,893.334270320412,8.75952808811392,65.6195365244668,15.4664178003117,153.508769393916,47.4299190473744,Served,33.994764,Stable,0
223,444,3,BS1,Terrestrial,158.603762337124,96.8717164145859,62.46474401099,101.984292,893.334270320412,8.75952808811392,65.6814272075944,11.2589036355244,157.716283558704,62.46474401099,Served,101.984292,Stable,0
223,444,4,BS2,Terrestrial,1289.96390375941,150.503981772596,8.83247865298023,19.0422892822331,893.334270320412,15.6377253644937,65.5262107680875,8.80435623202288,160.170830962205,8.83247865298023,Served,19.0421254097596,InTransition,0.0172114256958314
223,444,5,SAT-1,Satellite,661963.030372778,158.903932957988,10.07125423624,52.2144886237117,188.391482363219,1.80401539236435,65.4510403737089,10.07125423624,158.903932957988,3.45215829277998,Served,52.2144886237117,Stable,0
223,444,6,SAT-1,Satellite,659465.877324501,158.617254219489,10.3579329747395,53.5188149064433,188.391482363219,1.76004908453735,65.9856629386281,10.3579329747395,158.617254219489,-14.1605445153224,Served,53.5188149064433,Stable,0
224,446,1,BS2,Terrestrial,295.272687326099,92.3935923296899,66.9428680958859,101.984292,893.334270320412,8.75952808811392,66.8305645674742,11.1431332641426,157.832053930086,66.9428680958859,Served,101.984292,Stable,0
224,446,2,BS1,Terrestrial,565.376556244471,126.750288079436,32.5861723461399,50.992146,893.334270320412,8.75952808811392,66.7924132618637,12.3177483760386,156.65743881819,32.5861723461399,Served,50.9919536685178,InTransition,0.00754357277719736
224,446,3,BS1,Terrestrial,158.603762337124,100.477844839229,58.8586155863468,50.992146,893.334270320412,8.75952808811392,66.8552394367613,12.2662401766735,156.708947017555,58.8586155863468,Served,50.992146,Stable,0
224,446,4,SAT-1,Satellite,656279.151763915,155.709487761937,13.2656994322912,44.7323035781303,188.391482363219,1.40384366027689,66.6975141867635,13.2656994322912,155.709487761937,8.26327156601093,Served,44.5364555675129,InTransition,8.75644645822165
224,446,5,SAT-1,Satellite,656617.554010567,152.721350695868,16.25383649836,54.3319045031236,188.391482363219,1.15580636022301,66.6213767644603,16.25383649836,152.721350695868,6.24678730649569,Served,54.3319045031236,Stable,0
224,446,6,SAT-1,Satellite,654237.662057244,157.644267698182,11.3309194960462,38.6651344409766,188.391482363219,1.62412886171652,67.1634862340704,11.3309194960462,157.644267698182,-6.67375689491035,Served,38.6651344409766,Stable,0
225,448,1,BS2,Terrestrial,295.272687326099,89.3171742991189,70.019286126457,50.992146,893.334270320412,8.75952808811392,68.0214995915173,14.1639766850502,154.811210509178,70.019286126457,Served,50.992146,Stable,0
225,448,2,BS2,Terrestrial,144.900842099444,124.051845918409,35.2846145071671,50.992146,893.334270320412,8.75952808811392,67.9827855724085,13.0367634784908,155.938423715737,35.2846145071671,Served,50.9920967071996,InTransition,0.00193334873153406
225,448,3,BS1,Terrestrial,158.603762337124,104.318528493502,55.0179319320742,101.984292,893.334270320412,8.75952808811392,68.0465198324622,11.3887774069635,157.586409787265,55.0179319320742,Served,101.984292,Stable,0
225,448,4,SAT-1,Satellite,651202.037878799,154.918623404647,14.056563789581,47.2509542777521,188.391482363219,1.32901359872233,67.8863308684297,14.056563789581,154.918623404647,1.37362340753003,Served,47.2509542777521,Stable,0
225,448,5,SAT-1,Satellite,651523.151739905,157.129084830103,11.8461023641251,40.2654688618076,188.391482363219,1.5595785312537,67.8092847433404,11.8461023641251,157.129084830103,1.75451174976024,Served,40.2654688618076,Stable,0
225,448,6,SAT-1,Satellite,649263.308197469,158.678618837759,10.2965683564694,35.4926619778378,188.391482363219,1.76929982955212,68.3585569130209,10.2965683564694,158.678618837759,-8.16228487840365,Served,35.4926619778378,Stable,0
226,450,1,BS2,Terrestrial,295.272687326099,88.5792434122502,70.7572170133257,50.992146,893.334270320412,8.75952808811392,69.229383474554,9.49552757589947,159.479659618329,70.7572170133257,Served,50.992146,Stable,0
226,450,2,BS2,Terrestrial,144.900842099444,108.968619927629,50.3678404979466,50.992146,893.334270320412,8.75952808811392,69.1901244608905,12.5955109414959,156.379676252732,50.3678404979466,Served,50.992146,Stable,0
226,450,3,BS1,Terrestrial,158.603762337124,104.91180241034,54.4246580152355,101.984292,893.334270320412,8.75952808811392,69.2547348019668,12.6792817552727,156.295905438955,54.4246580152355,Served,101.984292,Stable,0
226,450,4,SAT-1,Satellite,646382.34288763,153.721277600066,15.2539095941625,51.0964103274605,188.391482363219,1.22899359045562,69.0921346080935,15.2539095941625,153.721277600066,8.05656590277047,Served,51.0964103274605,Stable,0
226,450,5,SAT-1,Satellite,646685.776566186,155.168435127046,13.8067520671826,46.4533582943326,188.391482363219,1.35183252822866,69.0142481949445,13.8067520671826,155.168435127046,13.6144491597676,Served,46.4533582943326,Stable,0
226,450,6,SAT-1,Satellite,644548.712108317,155.003581870379,13.9716053238487,46.9795003087683,188.391482363219,1.33669282080506,69.5703035094825,13.9716053238487,155.003581870379,-8.44386100223926,Served,46.9795003087683,Stable,0
227,452,1,BS2,Terrestrial,295.272687326099,87.9093935579357,71.4270668676401,50.992146,893.334270320412,8.75952808811392,70.4536003049039,15.2438954868292,153.731291707399,71.4270668676401,Served,50.992146,Stable,0
227,452,2,BS2,Terrestrial,144.900842099444,112.31540017259,47.0210602529863,50.992146,893.334270320412,8.75952808811392,70.4138167062211,17.2456114327582,151.72957576147,47.0210602529863,Served,50.992146,Stable,0
227,452,3,BS1,Terrestrial,158.603762337124,98.3883597804434,60.9481006451325,101.984292,893.334270320412,8.75952808811392,70.4792661605993,12.7444125143942,156.230774679834,60.9481006451325,Served,101.984292,Stable,0
227,452,4,SAT-1,Satellite,641825.884025774,155.475379179199,13.4998080150295,45.4758689560413,188.391482363219,1.3808897384334,70.3143144665622,13.4998080150295,155.475379179199,7.62952736563216,Served,45.4758689560413,Stable,0
227,452,5,SAT-1,Satellite,642111.255641353,158.256184342582,10.7190028516459,36.7812787936343,188.391482363219,1.70731314536589,70.2356678666832,10.7190028516459,158.256184342582,8.09737544121259,Served,36.7812787936343,Stable,0
227,452,6,SAT-1,Satellite,640099.631059809,157.164606070863,11.8105811233646,40.1547381874211,188.391482363219,1.56387922378265,70.7980641442382,11.8105811233646,157.164606070863,-3.72189140905192,Served,40.1547381874211,Stable,0
228,454,1,BS2,Terrestrial,295.272687326099,90.1611856820831,69.1752747434927,33.994764,893.334270320412,8.75952808811392,71.693443561797,13.2128744771616,155.762312717067,69.1752747434927,Served,33.994764,Stable,0
228,454,2,BS2,Terrestrial,144.900842099444,108.639391223398,50.697069202178,33.994764,893.334270320412,8.75952808811392,71.653158666901,12.619851670811,156.355335523417,50.697069202178,Served,33.994764,Stable,0
228,454,3,BS1,Terrestrial,158.603762337124,106.534836989516,52.8016234360599,101.984292,893.334270320412,8.75952808811392,71.7194048440307,10.5563899857698,158.418797208458,52.8016234360599,Served,101.984292,Stable,0
228,454,4,BS2,Terrestrial,1289.96390375941,142.461843825192,16.8746166003843,33.994764,893.334270320412,8.75952808811392,71.5521683370482,12.4223369174896,156.552850276738,16.8746166003843,Served,33.9944714508227,InTransition,0.0172114256958314
228,454,5,SAT-1,Satellite,637805.261748109,155.645083921896,13.3301032723318,67.4050263049528,188.391482363219,1.39745871109745,71.4728554538856,13.3301032723318,155.645083921896,10.0032857544311,Served,67.4050263049528,Stable,0
228,454,6,SAT-1,Satellite,635921.654301429,159.650084393558,9.32510280067041,48.8567884761273,188.391482363219,1.92799699119879,72.0410782904264,9.32510280067041,159.650084393558,-13.0085250726765,Served,48.8567884761273,Stable,0
229,456,1,BS2,Terrestrial,295.272687326099,90.7227539565889,68.613706468987,50.992146,893.334270320412,8.75952808811392,72.9481081287421,15.482071463304,153.493115730924,68.613706468987,Served,50.992146,Stable,0
229,456,2,BS2,Terrestrial,144.900842099444,110.8799785269,48.4564818986757,50.992146,893.334270320412,8.75952808811392,72.9073483544547,14.4762024333715,154.498984760857,48.4564818986757,Served,50.992146,Stable,0
229,456,3,BS1,Terrestrial,158.603762337124,108.445903335763,50.8905570898128,101.984292,893.334270320412,8.75952808811392,72.9743428250193,14.6581829501801,154.317004244048,50.8905570898128,Served,101.984292,Stable,0
229,456,4,SAT-1,Satellite,633525.132621743,156.123155992504,12.8520312017236,43.4228921502128,188.391482363219,1.44617637559712,72.8048946998584,12.8520312017236,156.123155992504,11.1182144816061,Served,43.2393685639838,InTransition,8.45284950593044
229,456,5,SAT-1,Satellite,633773.283954248,157.133502522107,11.8416846721211,40.2516945170518,188.391482363219,1.56011222735323,72.7250261345428,11.8416846721211,157.133502522107,8.97175715654384,Served,40.2516945170518,Stable,0
229,456,6,SAT-1,Satellite,632020.173427808,155.935623920733,13.0395632734949,44.015770607235,188.391482363219,1.42669683891476,73.2984757179599,13.0395632734949,155.935623920733,-8.36074322350498,Served,44.015770607235,Stable,0
230,458,1,BS2,Terrestrial,295.272687326099,87.3295808893358,72.00687953624,50.992146,893.334270320412,8.75952808811392,74.2166792235511,13.7591197694786,155.216067424749,72.00687953624,Served,50.992146,Stable,0
230,458,2,BS2,Terrestrial,144.900842099444,113.02481694964,46.3116434759358,50.992146,893.334270320412,8.75952808811392,74.175474472129,14.8653841505256,154.109803043703,46.3116434759358,Served,50.992146,Stable,0
230,458,3,BS1,Terrestrial,158.603762337124,97.2252768960767,62.1111835294992,101.984292,893.334270320412,8.75952808811392,74.2431618861677,10.8226780722404,158.152509121988,62.1111835294992,Served,101.984292,Stable,0
230,458,4,SAT-1,Satellite,629791.574833608,153.471951259484,15.5032359347441,51.9013227363387,188.391482363219,1.20993372571162,74.0715812293768,15.5032359347441,153.471951259484,7.91918907576502,Served,51.9013227363387,Stable,0
230,458,5,SAT-1,Satellite,630020.59770783,154.567395942668,14.4077912515596,48.3752663123083,188.391482363219,1.29812537635088,73.9912883784854,14.4077912515596,154.567395942668,13.6711078978865,Served,48.3752663123083,Stable,0
230,458,6,SAT-1,Satellite,628400.35232482,157.240282555077,11.7349046391507,39.9190184239841,188.391482363219,1.57311385066547,74.5692606141101,11.7349046391507,157.240282555077,-1.62874146125938,Served,39.9190184239841,Stable,0
231,460,1,BS2,Terrestrial,295.272687326099,87.6524349812999,71.684025444276,50.992146,893.334270320412,8.75952808811392,75.4981159003699,13.1323223710571,155.842864823171,71.684025444276,Served,50.992146,Stable,0
231,460,2,BS2,Terrestrial,144.900842099444,113.082111787476,46.2543486380995,50.992146,893.334270320412,8.75952808811392,75.4565001137985,4.89580997172948,164.079377222499,46.2543486380995,Served,50.992146,Stable,0
231,460,3,BS1,Terrestrial,158.603762337124,110.484479918191,48.8519805073849,50.992146,893.334270320412,8.75952808811392,75.5248168597918,13.4794910214883,155.49569617274,48.8519805073849,Served,50.992146,Stable,0
231,460,4,SAT-1,Satellite,626342.662594304,154.548559934634,14.4266272595945,72.6534814364963,188.391482363219,1.29650691638146,75.3511878991969,14.4266272595945,154.548559934634,13.4322359491117,Served,72.6534814364963,Stable,0
231,460,5,BS1,Terrestrial,2496.53115061175,141.510087420657,17.8263730049191,50.992146,893.334270320412,8.75952808811392,75.2706289575667,7.36501547396716,161.610171720261,17.8263730049191,Served,50.9912967225914,InTransition,0.0333101261755124
231,460,6,SAT-1,Satellite,625067.09701698,158.550633930478,10.4245532637501,53.8229801994737,188.391482363219,1.75010266678861,75.8522873280168,10.4245532637501,158.550633930478,-3.51235980264138,Served,53.8229801994737,Stable,0
232,462,1,BS2,Terrestrial,295.272687326099,92.2392781751364,67.0971822504395,50.992146,893.334270320412,8.75952808811392,76.7912248402966,13.9801192882526,154.995067905976,67.0971822504395,Served,50.992146,Stable,0
232,462,2,BS2,Terrestrial,144.900842099444,113.084833442131,46.2516269834445,50.992146,893.334270320412,8.75952808811392,76.7492369170641,14.7761343600023,154.199052834226,46.2516269834445,Served,50.992146,Stable,0
232,462,3,BS1,Terrestrial,158.603762337124,105.025522607538,54.3109378180383,101.984292,893.334270320412,8.75952808811392,76.8181089678556,10.9964645285764,157.978722665652,54.3109378180383,Served,101.984292,Stable,0
232,462,4,SAT-1,Satellite,623183.133803769,153.419221429658,15.5559657645701,52.0717176515696,188.391482363219,1.20597444485964,76.6425203080494,15.5559657645701,153.419221429658,11.3411611357205,Served,52.0717176515696,Stable,0
232,462,5,SAT-1,Satellite,623372.952685719,158.046071793847,10.9291154003809,37.4259296647625,188.391482363219,1.67790516762673,76.5618893910797,10.9291154003809,158.046071793847,9.53422014364534,Served,37.2702865746209,InTransition,8.3173933973445
232,462,6,SAT-1,Satellite,622025.025766102,157.326134945429,11.6490522487995,39.6519150062797,188.391482363219,1.58371066763848,77.1462212103302,11.6490522487995,157.326134945429,-7.16868964113047,Served,39.6519150062797,Stable,0
233,464,1,BS2,Terrestrial,295.272687326099,94.704106404108,64.6323540214678,50.992146,893.334270320412,8.75952808811392,78.0946162723196,17.0052945933304,151.969892600898,64.6323540214678,Served,50.992146,Stable,0
233,464,2,BS2,Terrestrial,144.900842099444,118.356393788189,40.9800666373865,50.992146,893.334270320412,8.75952808811392,78.0523016720731,14.4644672961112,154.510719898117,40.9800666373865,Served,50.992146,Stable,0
233,464,3,BS1,Terrestrial,158.603762337124,102.830055620122,56.5064048054537,101.984292,893.334270320412,8.75952808811392,78.121640937084,11.9340409826424,157.041146211586,56.5064048054537,Served,101.984292,Stable,0
233,464,4,SAT-1,Satellite,620317.420927755,155.942630362926,13.0325568313016,43.9935977944006,188.391482363219,1.42741589540404,77.9441851315901,13.0325568313016,155.942630362926,7.16479140332379,Served,43.9935977944006,Stable,0
233,464,5,SAT-1,Satellite,620487.206066068,152.392925719563,16.582261474665,55.3985685991559,188.391482363219,1.13355204612085,77.8637267101905,16.582261474665,152.392925719563,9.12732998940444,Served,55.3985685991559,Stable,0
233,464,6,SAT-1,Satellite,619278.439794792,152.796854480585,16.1783327136427,54.0869409723183,188.391482363219,1.16104108790104,78.4494719940579,16.1783327136427,152.796854480585,-11.4011319936238,Served,54.0869409723183,Stable,0
234,466,1,BS2,Terrestrial,295.272687326099,89.1382843141336,70.1981761114423,50.992146,893.334270320412,8.75952808811392,79.4066256432943,14.0824549433585,154.89273225087,70.1981761114423,Served,50.992146,Stable,0
234,466,2,BS2,Terrestrial,144.900842099444,116.197374539661,43.1390858859147,50.992146,893.334270320412,8.75952808811392,79.3640393565048,12.8341626629197,156.141024531308,43.1390858859147,Served,50.992146,Stable,0
234,466,3,BS1,Terrestrial,158.603762337124,93.9313651449276,65.4050952806483,50.992146,893.334270320412,8.75952808811392,79.4337371545295,12.7290137515066,156.246173442722,65.4050952806483,Served,50.992146,Stable,0
234,466,4,SAT-1,Satellite,617749.622275147,154.174121524004,14.8010656702241,74.4569169293226,188.391482363219,1.26510396973626,79.2545115700953,14.8010656702241,154.174121524004,13.7758436403217,Served,74.4569169293226,Stable,0
234,466,5,BS1,Terrestrial,2496.53115061175,139.503198117231,19.8332623083451,50.992146,893.334270320412,8.75952808811392,79.1745443937363,10.2902912352938,158.684895958934,19.8332623083451,Served,50.9912967225914,InTransition,0.0333101261755124
234,466,6,SAT-1,Satellite,616831.295025186,157.439715086816,11.5354721074124,58.9485979751283,188.391482363219,1.59793013603737,79.7600741920145,11.5354721074124,157.439715086816,-16.0681381001432,Served,58.9485979751283,Stable,0
235,468,1,BS2,Terrestrial,295.272687326099,89.0446983387987,70.2917620867772,50.992146,893.334270320412,8.75952808811392,80.7251659157269,15.1884236959052,153.786763498323,70.2917620867772,Served,50.992146,Stable,0
235,468,2,BS2,Terrestrial,144.900842099444,108.741752489592,50.5947079359838,50.992146,893.334270320412,8.75952808811392,80.6823783111954,13.8002893924352,155.174897801793,50.5947079359838,Served,50.992146,Stable,0
235,468,3,BS1,Terrestrial,158.603762337124,100.822852189202,58.5136082363737,50.992146,893.334270320412,8.75952808811392,80.7522929342993,13.7516420883308,155.223545105897,58.5136082363737,Served,50.992146,Stable,0
235,468,4,SAT-1,Satellite,615483.474529131,156.5209019625,12.4542852317285,63.2544933485844,188.391482363219,1.48915493896241,80.571404534159,12.4542852317285,156.5209019625,3.39952620387146,Served,63.2544933485844,Stable,0
235,468,5,BS1,Terrestrial,2496.53115061175,144.006514900723,15.3299455248526,47.1317195244631,893.334270320412,9.47699637668363,80.4923635142337,13.1813733467402,155.793813847488,15.3299455248526,Served,47.1317195244631,Stable,0
235,468,6,SAT-1,Satellite,614687.175231836,156.413449528183,12.5617376660448,63.7614602864824,188.391482363219,1.47731467815173,81.0754589440104,12.5617376660448,156.413449528183,-1.15628093454055,Served,63.7614602864824,Stable,0
236,470,1,BS2,Terrestrial,295.272687326099,86.9077406454412,72.4287197801347,50.992146,893.334270320412,8.75952808811392,82.0474288227295,16.3196284275537,152.655558766674,72.4287197801347,Served,50.992146,Stable,0
236,470,2,BS2,Terrestrial,144.900842099444,111.803741406348,47.5327190192275,50.992146,893.334270320412,8.75952808811392,82.0045380647379,9.81763871063998,159.157548483588,47.5327190192275,Served,50.992146,Stable,0
236,470,3,BS1,Terrestrial,158.603762337124,112.782460409453,46.5540000161226,101.984292,893.334270320412,8.75952808811392,82.0744692014089,14.5664847020174,154.408702492211,46.5540000161226,Served,101.984292,Stable,0
236,470,4,SAT-1,Satellite,613522.326932202,152.702430955705,16.2727562385231,54.3933029818806,188.391482363219,1.15450170048799,81.8920508444486,16.2727562385231,152.702430955705,2.98257758603469,Served,54.3933029818806,Stable,0
236,470,5,SAT-1,Satellite,613630.57389884,153.180522960945,15.7946642332828,52.8437561769186,188.391482363219,1.18835535796315,81.814565478036,15.7946642332828,153.180522960945,11.4497840965413,Served,52.6274295578559,InTransition,8.18740508673957
236,470,6,SAT-1,Satellite,612849.267007267,152.463473445937,16.5117137482911,55.1692918115178,188.391482363219,1.13826294892967,82.3919857420843,16.5117137482911,152.463473445937,-9.05671751311141,Served,55.1692918115178,Stable,0
237,472,1,BS2,Terrestrial,295.272687326099,89.6425203584573,69.6939400671186,33.994764,893.334270320412,8.75952808811392,83.3692248192772,14.3476337779477,154.62755341628,69.6939400671186,Served,33.994764,Stable,0
237,472,2,BS2,Terrestrial,144.900842099444,121.629314860267,37.707145565309,33.994764,893.334270320412,8.75952808811392,83.3263859218076,13.6836704876163,155.291516706612,37.707145565309,Served,33.994764,Stable,0
237,472,3,BS1,Terrestrial,158.603762337124,100.065066401127,59.2713940244487,101.984292,893.334270320412,8.75952808811392,83.3960166601208,13.8758251434328,155.099362050795,59.2713940244487,Served,101.984292,Stable,0
237,472,4,BS2,Terrestrial,1289.96390375941,147.757145068482,11.5793153570937,24.1343414468664,893.334270320412,12.3383557310808,83.2122788568464,8.48007020580704,160.495116988421,11.5793153570937,Served,24.1341337536542,InTransition,0.0172114256958314
237,472,5,SAT-1,Satellite,611956.463246923,156.500179562942,12.4750076312861,63.3522108519132,188.391482363219,1.48685799461353,83.1373330601144,12.4750076312861,156.500179562942,8.39713132139917,Served,63.3522108519132,Stable,0
237,472,6,SAT-1,Satellite,611320.336928379,155.211369539952,13.763817654276,69.4746893137578,188.391482363219,1.35582817443354,83.7038881620585,13.763817654276,155.211369539952,-5.64522925560428,Served,69.4746893137578,Stable,0
238,474,1,BS2,Terrestrial,295.272687326099,86.3228026293054,73.0136577962705,50.992146,893.334270320412,8.75952808811392,84.683345202665,15.2046751122597,153.770512081968,73.0136577962705,Served,50.992146,Stable,0
238,474,2,BS2,Terrestrial,144.900842099444,105.498112471509,53.838347954067,50.992146,893.334270320412,8.75952808811392,84.6408473856213,17.8079915748992,151.167195619329,53.838347954067,Served,50.992146,Stable,0
238,474,3,BS1,Terrestrial,158.603762337124,105.475799959089,53.8606604664868,50.992146,893.334270320412,8.75952808811392,84.7095945801889,15.2039697742172,153.771217420011,53.8606604664868,Served,50.992146,Stable,0
238,474,4,SAT-1,Satellite,610526.351771788,152.517473416125,16.4577137781027,82.4907740016453,188.391482363219,1.14189425813522,84.524998208244,16.4577137781027,152.517473416125,7.74993131796955,Served,82.1547896233722,InTransition,8.1459868049354
238,474,5,BS1,Terrestrial,2496.53115061175,143.853020594052,15.4834398315242,47.5867027195093,893.334270320412,9.38638547396319,84.4542938940329,14.6121486287305,154.363038565498,15.4834398315242,Served,47.5859101599733,InTransition,0.0333101261755124
238,474,6,SAT-1,Satellite,610102.711291398,157.08211384251,11.8930733517182,60.617965825875,188.391482363219,1.55392448258964,85.000596075552,11.8930733517182,157.08211384251,-10.0710361296242,Served,60.617965825875,Stable,0
239,476,1,BS2,Terrestrial,295.272687326099,90.5494944641942,68.7869659613817,50.992146,893.334270320412,8.75952808811392,85.9748032229161,15.2010961729141,153.774091021314,68.7869659613817,Served,50.992146,Stable,0
239,476,2,BS2,Terrestrial,144.900842099444,113.617382751867,45.7190776737088,50.992146,893.334270320412,8.75952808811392,85.9333156512346,17.2052587851515,151.769928409077,45.7190776737088,Served,50.992146,Stable,0
239,476,3,BS1,Terrestrial,158.603762337124,100.586519677575,58.749940748001,50.992146,893.334270320412,8.75952808811392,85.9998698181851,13.936491969399,155.038695224829,58.749940748001,Served,50.992146,Stable,0
239,476,4,SAT-1,Satellite,609496.084056541,156.098462794947,12.8767243992812,65.2513321726209,188.391482363219,1.44358341883989,85.8157836289898,12.8767243992812,156.098462794947,3.64005202493104,Served,65.2513321726209,Stable,0
239,476,5,BS1,Terrestrial,2496.53115061175,142.851371187741,16.4850892378346,50.5659961490434,893.334270320412,8.83334986309088,85.7526968270946,12.5180919143136,156.457095279914,16.4850892378346,Served,50.5659961490434,Stable,0
239,476,6,SAT-1,Satellite,609198.258752192,154.035553982521,14.9396332117072,75.1255968831691,188.391482363219,1.25384349795047,86.2587564838054,14.9396332117072,154.035553982521,-5.68865863157825,Served,75.1255968831691,Stable,0
240,478,1,BS2,Terrestrial,295.272687326099,89.069602491014,70.2668579345618,50.992146,893.334270320412,8.75952808811392,87.2036483653585,11.1416644999837,157.833522694244,70.2668579345618,Served,50.992146,Stable,0
240,478,2,BS2,Terrestrial,144.900842099444,115.441932231361,43.8945281942149,50.992146,893.334270320412,8.75952808811392,87.1652126186585,13.1868406149569,155.788346579271,43.8945281942149,Served,50.992146,Stable,0
240,478,3,BS1,Terrestrial,158.603762337124,112.334100748753,47.0023596768227,101.984292,893.334270320412,8.75952808811392,87.2257456301034,15.690321224145,153.284865970083,47.0023596768227,Served,101.984292,Stable,0
240,478,4,SAT-1,Satellite,608779.902141197,156.863054743083,12.1121324511448,41.0965067459114,188.391482363219,1.52804132905985,87.0475453529882,12.1121324511448,156.863054743083,12.0590868989728,Served,41.0965067459114,Stable,0
240,478,5,SAT-1,Satellite,608803.797300693,156.391653929835,12.5835332643927,42.5762494092374,188.391482363219,1.47493406908958,87.0001519697891,12.5835332643927,156.391653929835,12.19363146859,Served,42.403325897498,InTransition,8.12300351199219
240,478,6,SAT-1,Satellite,608608.376168527,152.575308638755,16.3998785554727,54.8059998571358,188.391482363219,1.14580814055823,87.4131581070179,16.3998785554727,152.575308638755,-13.761542305018,Served,54.8059998571358,Stable,0
241,480,1,BS2,Terrestrial,295.272687326099,91.5216237238744,67.8148367017015,33.994764,893.334270320412,8.75952808811392,88.2249052023603,15.858618492973,153.116568701255,67.8148367017015,Served,33.994764,Stable,0
241,480,2,BS2,Terrestrial,144.900842099444,110.830703034442,48.5057573911337,33.994764,893.334270320412,8.75952808811392,88.197973853331,14.32699293397,154.648194260258,48.5057573911337,Served,33.994764,Stable,0
241,480,3,BS1,Terrestrial,158.603762337124,113.242995223424,46.093465202152,50.992146,893.334270320412,8.75952808811392,88.2374887764395,13.65798153582,155.317205658408,46.093465202152,Served,50.992146,Stable,0
241,480,4,BS2,Terrestrial,1289.96390375941,146.466204922952,12.8702555026242,26.6100374459302,893.334270320412,11.1904423551402,88.0928503003499,11.8360089391077,157.13917825512,12.8702555026242,Served,26.6098084475891,InTransition,0.0172114256958314
241,480,5,BS1,Terrestrial,2496.53115061175,141.599572841071,17.7368875845047,50.992146,893.334270320412,8.75952808811392,88.0848104478448,14.6533678873962,154.321819306832,17.7368875845047,Served,50.9912967225914,InTransition,0.0333101261755124
241,480,6,SAT-1,Satellite,608333.977891084,151.75035036726,17.2248368269684,166.641,188.391482363219,1.1305229947205,88.2375038356306,17.2248368269684,151.75035036726,-8.50832037613799,Served,166.641,Stable,0
242,482,1,BS2,Terrestrial,295.272687326099,94.8578923339444,64.4785680916315,50.992146,893.334270320412,8.75952808811392,88.5121190242973,13.3664281674524,155.608759026776,64.4785680916315,Served,50.992146,Stable,0
242,482,2,BS2,Terrestrial,144.900842099444,114.712057201026,44.6244032245501,50.992146,893.334270320412,8.75952808811392,88.5202448156737,17.2833645885248,151.691822605703,44.6244032245501,Served,50.992146,Stable,0
242,482,3,BS1,Terrestrial,158.603762337124,109.473669342634,49.8627910829415,101.984292,893.334270320412,8.75952808811392,88.500650114121,9.59181543615475,159.383371758073,49.8627910829415,Served,101.984292,Stable,0
242,482,4,SAT-1,Satellite,608293.744644384,154.92352309725,14.0516640969781,47.2352935940428,188.391482363219,1.3294542281761,88.487575989415,14.0516640969781,154.92352309725,3.85281517017521,Served,47.0436080939379,InTransition,8.11619810187999
242,482,5,SAT-1,Satellite,608275.038167651,154.748052298002,14.2271348962262,47.7965551974613,188.391482363219,1.31384281834342,88.5625612635761,14.2271348962262,154.748052298002,6.92304383048,Served,47.6025980070037,InTransition,8.11594850952056
242,482,6,SAT-1,Satellite,608375.488693273,157.797762593943,11.1774246002854,38.1907748234527,188.391482363219,1.64430182624041,88.1961190016708,11.1774246002854,157.797762593943,-12.9957236560403,Served,38.1907748234527,Stable,0
243,484,1,BS2,Terrestrial,295.272687326099,90.7522831109304,68.5841773146455,50.992146,893.334270320412,8.75952808811392,87.7615345380161,15.4940695953792,153.481117598849,68.5841773146455,Served,50.992146,Stable,0
243,484,2,BS2,Terrestrial,144.900842099444,111.89098095697,47.4454794686063,50.992146,893.334270320412,8.75952808811392,87.7940331972033,15.0908541797518,153.884333014476,47.4454794686063,Served,50.992146,Stable,0
243,484,3,BS1,Terrestrial,158.603762337124,111.369655310945,47.966805114631,50.992146,893.334270320412,8.75952808811392,87.7364523917621,13.1004190615324,155.874768132696,47.966805114631,Served,50.992146,Stable,0
243,484,4,SAT-1,Satellite,608524.520533259,158.015569961905,10.959617232323,56.2795639833654,188.391482363219,1.67371128193976,87.8385408411949,10.959617232323,158.015569961905,8.57667543700182,Served,56.2795639833654,Stable,0
243,484,5,BS1,Terrestrial,2496.53115061175,141.496904020453,17.8395564051232,50.992146,893.334270320412,8.75952808811392,87.9507992987673,15.9390962683012,153.036090925927,17.8395564051232,Served,50.9912967225914,InTransition,0.0333101261755124
243,484,6,SAT-1,Satellite,608732.840466634,157.139729761942,11.8354574322865,60.3484192073301,188.391482363219,1.56086509669781,87.3292534639673,11.8354574322865,157.139729761942,-5.15619127280513,Served,60.3484192073301,Stable,0
244,486,1,BS2,Terrestrial,295.272687326099,90.6950268364338,68.6414335891421,50.992146,893.334270320412,8.75952808811392,86.6044701617839,14.3235523539183,154.65163484031,68.6414335891421,Served,50.992146,Stable,0
244,486,2,BS2,Terrestrial,144.900842099444,108.724137738934,50.6123226866423,50.992146,893.334270320412,8.75952808811392,86.643593442796,13.7637099533762,155.211477240852,50.6123226866423,Served,50.992146,Stable,0
244,486,3,BS1,Terrestrial,158.603762337124,108.405566503999,50.9308939215765,50.992146,893.334270320412,8.75952808811392,86.5764382025781,15.479240085391,153.495947108837,50.9308939215765,Served,50.992146,Stable,0
244,486,4,SAT-1,Satellite,609070.879319933,159.125300382776,9.84988681145248,51.212554743908,188.391482363219,1.83930955314848,86.7166876427955,9.84988681145248,159.125300382776,3.29520105681212,Served,51.212554743908,Stable,0
244,486,5,BS1,Terrestrial,2496.53115061175,140.12056259291,19.2158978326662,50.992146,893.334270320412,8.75952808811392,86.8286581338136,14.7689061930795,154.206281001149,19.2158978326662,Served,50.992146,Stable,0
244,486,6,SAT-1,Satellite,609405.472741487,155.312614527665,13.6625726665635,68.9907769738365,188.391482363219,1.36533817001845,86.1624662143311,13.6625726665635,155.312614527665,-9.40992182133934,Served,68.9907769738365,Stable,0
245,488,1,BS2,Terrestrial,295.272687326099,87.5212659727807,71.8151944527952,50.992146,893.334270320412,8.75952808811392,85.3369906635143,12.5204249574834,156.454762236745,71.8151944527952,Served,50.992146,Stable,0
245,488,2,BS2,Terrestrial,144.900842099444,118.467338051848,40.8691223737282,50.992146,893.334270320412,8.75952808811392,85.3782198790192,15.0660811060798,153.909106088148,40.8691223737282,Served,50.992146,Stable,0
245,488,3,BS1,Terrestrial,158.603762337124,104.784700213183,54.5517602123928,50.992146,893.334270320412,8.75952808811392,85.3082724901513,13.3014375961995,155.673749598029,54.5517602123928,Served,50.992146,Stable,0
245,488,4,SAT-1,Satellite,609931.967283537,156.316256331585,12.6589308626433,64.2205918432052,188.391482363219,1.46675292889839,85.4627186994093,12.6589308626433,156.316256331585,3.0635347291817,Served,64.2205918432052,Stable,0
245,488,5,BS1,Terrestrial,2496.53115061175,137.910141309819,21.4263191157564,50.992146,893.334270320412,8.75952808811392,85.5709414587674,15.3334219080319,153.641765286196,21.4263191157564,Served,50.992146,Stable,0
245,488,6,SAT-1,Satellite,610392.337023528,155.900771362739,13.0744158314888,66.1891368562285,188.391482363219,1.42312992215346,84.90055822818,13.0744158314888,155.900771362739,-6.0952984543685,Served,66.1891368562285,Stable,0
246,490,1,BS2,Terrestrial,295.272687326099,91.3402150742832,67.9962453512927,50.992146,893.334270320412,8.75952808811392,84.0324496928831,12.9110200411574,156.064167153071,67.9962453512927,Served,50.992146,Stable,0
246,490,2,BS2,Terrestrial,144.900842099444,108.942184588762,50.3942758368137,50.992146,893.334270320412,8.75952808811392,84.0744844004619,14.7494672895498,154.225719904678,50.3942758368137,Served,50.992146,Stable,0
246,490,3,BS1,Terrestrial,158.603762337124,102.426172722121,56.9102877034549,101.984292,893.334270320412,8.75952808811392,84.0036032186501,14.0544027095783,154.92078448465,56.9102877034549,Served,101.984292,Stable,0
246,490,4,SAT-1,Satellite,611106.446996457,158.372760445354,10.6024267488739,36.424651833144,188.391482363219,1.72402912937656,84.1645351257987,10.6024267488739,158.372760445354,3.14399274222879,Served,36.424651833144,Stable,0
246,490,5,SAT-1,Satellite,611003.002890421,153.170286298447,15.8049008957816,52.8768900794135,188.391482363219,1.18761070655682,84.2695526052488,15.8049008957816,153.170286298447,12.608247983429,Served,52.66135471313,InTransition,8.15234655289989
246,490,6,SAT-1,Satellite,611691.904868111,154.604393235104,14.3707939591242,48.256680208865,188.391482363219,1.30131539334949,83.6030811295768,14.3707939591242,154.604393235104,-3.42982229702974,Served,48.256680208865,Stable,0
247,492,1,BS2,Terrestrial,295.272687326099,91.3052188030706,68.0312416225052,50.992146,893.334270320412,8.75952808811392,82.7144949935713,13.4573996021538,155.517787592074,68.0312416225052,Served,50.992146,Stable,0
247,492,2,BS2,Terrestrial,144.900842099444,114.304212932889,45.032247492687,50.992146,893.334270320412,8.75952808811392,82.7568298938134,12.4327768105374,156.542410383691,45.032247492687,Served,50.992146,Stable,0
247,492,3,BS1,Terrestrial,158.603762337124,104.147310128096,55.1891502974799,101.984292,893.334270320412,8.75952808811392,82.6857091957086,13.9789573423159,154.996229851912,55.1891502974799,Served,101.984292,Stable,0
247,492,4,SAT-1,Satellite,612592.50757537,155.612149843588,13.3630373506396,45.0412500850972,188.391482363219,1.3942144294196,82.8499093624525,13.3630373506396,155.612149843588,10.2517872123857,Served,45.0412500850972,Stable,0
247,492,5,SAT-1,Satellite,612468.165828182,154.683475196968,14.2917119972601,48.0033214131827,188.391482363219,1.30818366185999,82.952362266173,14.2917119972601,154.683475196968,14.0157688747244,Served,48.0033214131827,Stable,0
247,492,6,SAT-1,Satellite,613302.179547896,151.778269509956,17.1969176842724,55.547,188.391482363219,1.1305229947205,82.29178855487,17.1969176842724,151.778269509956,-4.94566583406441,Served,55.547,Stable,0
248,494,1,BS2,Terrestrial,295.272687326099,86.7698456855326,72.5666147400432,50.992146,893.334270320412,8.75952808811392,81.3932493952016,11.358888693312,157.616298500916,72.5666147400432,Served,50.992146,Stable,0
248,494,2,BS2,Terrestrial,144.900842099444,118.496050203524,40.8404102220514,50.992146,893.334270320412,8.75952808811392,81.4356364948302,13.9172104786675,155.057976715561,40.8404102220514,Served,50.992146,Stable,0
248,494,3,BS1,Terrestrial,158.603762337124,111.317030185079,48.0194302404965,50.992146,893.334270320412,8.75952808811392,81.3646086836039,15.1257788237731,153.849408370455,48.0194302404965,Served,50.992146,Stable,0
248,494,4,SAT-1,Satellite,614387.878410106,152.176015586199,16.7991716080292,83.3205,188.391482363219,1.1305229947205,81.5304359284336,16.7991716080292,152.176015586199,8.41909647013117,Served,83.3205,Stable,0
248,494,5,BS1,Terrestrial,2496.53115061175,142.714219027309,16.6222413982672,50.9751970521257,893.334270320412,8.76244057876732,81.6307650179504,16.0758392093596,152.899347984869,16.6222413982672,Served,50.9743480570028,InTransition,0.0333101261755124
248,494,6,SAT-1,Satellite,615220.711107762,157.883302344128,11.0918848500998,56.8904037827964,188.391482363219,1.65574042225543,80.976685457974,11.0918848500998,157.883302344128,-3.0336865738783,Served,56.8904037827964,Stable,0
249,496,1,BS2,Terrestrial,295.272687326099,90.823941301867,68.5125191237089,50.992146,893.334270320412,8.75952808811392,80.0740930855712,12.0284988376426,156.946688356585,68.5125191237089,Served,50.992146,Stable,0
249,496,2,BS2,Terrestrial,144.900842099444,112.773711241662,46.5627491839143,50.992146,893.334270320412,8.75952808811392,80.1163870524601,11.5273468382647,157.447840355963,46.5627491839143,Served,50.992146,Stable,0
249,496,3,BS1,Terrestrial,158.603762337124,102.146786319682,57.1896741058941,50.992146,893.334270320412,8.75952808811392,80.0456454850767,12.1938257527878,156.78136144144,57.1896741058941,Served,50.992146,Stable,0
249,496,4,SAT-1,Satellite,616489.846130257,157.440819178395,11.5343680158335,58.9434574152016,188.391482363219,1.59806949426275,80.212129550369,11.5343680158335,157.440819178395,4.27759770040137,Served,58.9434574152016,Stable,0
249,496,5,BS1,Terrestrial,2496.53115061175,145.859982037952,13.4764783876242,41.6787532877695,893.334270320412,10.716902496488,80.3106178176668,9.67915947161018,159.296027722618,13.4764783876242,Served,41.6787532877695,Stable,0
249,496,6,SAT-1,Satellite,617444.614545831,153.388240103174,15.5869470910546,78.2577886108106,188.391482363219,1.20365963380413,79.6632963955929,15.5869470910546,153.388240103174,-3.61950648069467,Served,78.2577886108106,Stable,0
250,498,1,BS2,Terrestrial,295.272687326099,89.7428660942179,69.5935943313579,50.992146,893.334270320412,8.75952808811392,78.7603969144197,13.9859226807266,154.989264513502,69.5935943313579,Served,50.992146,Stable,0
250,498,2,BS2,Terrestrial,144.900842099444,113.78858352969,45.5478768958858,50.992146,893.334270320412,8.75952808811392,78.8025003555255,15.0102541082021,153.964933086026,45.5478768958858,Served,50.992146,Stable,0
250,498,3,BS1,Terrestrial,158.603762337124,104.006097243099,55.3303631824766,101.984292,893.334270320412,8.75952808811392,78.732175604354,15.5837419495578,153.39144524467,55.3303631824766,Served,101.984292,Stable,0
250,498,4,SAT-1,Satellite,618895.27451899,154.951690134946,14.0234970592817,47.1452774568342,188.391482363219,1.33199260191513,78.8986759819857,14.0234970592817,154.951690134946,12.1572962948967,Served,47.1452774568342,Stable,0
250,498,5,SAT-1,Satellite,618709.415340716,156.702176514076,12.2730106801525,41.6005099286802,188.391482363219,1.5095286306682,78.9955025290647,12.2730106801525,156.702176514076,4.1702909595835,Served,41.4288002909691,InTransition,8.25516985274815
250,498,6,SAT-1,Satellite,619970.590812259,157.189485859518,11.7857013347104,40.0772135212121,188.391482363219,1.56690436460864,78.3551399674165,11.7857013347104,157.189485859518,-4.05839444633082,Served,40.0772135212121,Stable,0
251,500,1,BS2,Terrestrial,295.272687326099,88.7789226055972,70.5575378199786,50.992146,893.334270320412,8.75952808811392,77.4545465842518,13.4507179198195,155.524469274409,70.5575378199786,Served,50.992146,Stable,0
251,500,2,BS2,Terrestrial,144.900842099444,112.891157641252,46.445302784324,50.992146,893.334270320412,8.75952808811392,77.4963875103946,13.7955689854106,155.179618208817,46.445302784324,Served,50.992146,Stable,0
251,500,3,BS1,Terrestrial,158.603762337124,111.936670321739,47.3997901038373,50.992146,893.334270320412,8.75952808811392,77.4265777368036,9.99855389086676,158.976633303361,47.3997901038373,Served,50.992146,Stable,0
251,500,4,SAT-1,Satellite,621600.627041707,156.740594536215,12.234592658013,62.2200850602138,188.391482363219,1.51391212484603,77.5926350762896,12.234592658013,156.740594536215,3.25053276790064,Served,62.2200850602138,Stable,0
251,500,5,BS1,Terrestrial,2496.53115061175,145.119664976369,14.2167954492065,43.8468564523026,893.334270320412,10.1869819480924,77.6879120091619,11.8092175084975,157.165969685731,14.2167954492065,Served,43.8461261801422,InTransition,0.0333101261755124
251,500,6,SAT-1,Satellite,622794.950279539,156.214747590205,12.760439604023,64.7006739251322,188.391482363219,1.45586955231111,77.0547137107951,12.760439604023,156.214747590205,-8.73652734436462,Served,64.7006739251322,Stable,0
252,502,1,BS2,Terrestrial,295.272687326099,90.5497193679739,68.786741057602,50.992146,893.334270320412,8.75952808811392,76.1583819098226,15.9476814278221,153.027505766406,68.786741057602,Served,50.992146,Stable,0
252,502,2,BS2,Terrestrial,144.900842099444,112.457918395749,46.8785420298268,50.992146,893.334270320412,8.75952808811392,76.1999033467263,13.455951941987,155.519235252241,46.8785420298268,Served,50.992146,Stable,0
252,502,3,BS1,Terrestrial,158.603762337124,100.82134562931,58.5151147962655,50.992146,893.334270320412,8.75952808811392,76.1306878326738,14.5534043437313,154.421782850497,58.5151147962655,Served,50.992146,Stable,0
252,502,4,SAT-1,Satellite,624601.991625223,155.407842954444,13.5673442397838,68.5360458404208,188.391482363219,1.3743970785962,76.2959517934427,13.5673442397838,155.407842954444,5.21761684603257,Served,68.5360458404208,Stable,0
252,502,5,BS1,Terrestrial,2496.53115061175,146.540104578163,12.7963558474131,39.7008527496941,893.334270320412,11.2508196732285,76.389747703355,11.8294635207444,157.145723673484,12.7963558474131,Served,39.7008527496941,Stable,0
252,502,6,SAT-1,Satellite,625913.638310099,154.777381357889,14.197805836339,71.5540271938343,188.391482363219,1.31642822739299,75.7639352550193,14.197805836339,154.777381357889,-7.04129156867879,Served,71.5540271938343,Stable,0
253,504,1,BS2,Terrestrial,295.272687326099,89.8659308060021,69.4705296195738,50.992146,893.334270320412,8.75952808811392,74.8734052434052,11.9216876929823,157.053499501246,69.4705296195738,Served,50.992146,Stable,0
253,504,2,BS2,Terrestrial,144.900842099444,110.36010028154,48.9763601440358,50.992146,893.334270320412,8.75952808811392,74.9145600084859,13.7185016722498,155.256685521978,48.9763601440358,Served,50.992146,Stable,0
253,504,3,BS1,Terrestrial,158.603762337124,111.13575132585,48.2007090997254,101.984292,893.334270320412,8.75952808811392,74.8460057221111,10.4165860629564,158.558601131272,48.2007090997254,Served,101.984292,Stable,0
253,504,4,SAT-1,Satellite,627895.10730117,157.593606712102,11.3815804821257,38.8219511508105,188.391482363219,1.61756838402566,75.0101968732758,11.3815804821257,157.593606712102,2.03340428476716,Served,38.8219511508105,Stable,0
253,504,5,SAT-1,Satellite,627650.05441298,154.752975790808,14.2222114034205,47.7807954817529,188.391482363219,1.31427616795792,75.1025518312481,14.2222114034205,154.752975790808,10.8503712016872,Served,47.5807262799852,InTransition,8.37446090005346
253,504,6,SAT-1,Satellite,629322.262529157,154.256626597126,14.7185605971026,49.3727324639127,188.391482363219,1.2718996428573,74.4843587201091,14.7185605971026,154.256626597126,-6.8664897724872,Served,49.3727324639127,Stable,0
254,506,1,BS2,Terrestrial,295.272687326099,90.1095059974116,69.2269544281642,50.992146,893.334270320412,8.75952808811392,73.6008884530077,14.4400316267908,154.535155567437,69.2269544281642,Served,50.992146,Stable,0
254,506,2,BS2,Terrestrial,144.900842099444,116.133744155736,43.2027162698403,50.992146,893.334270320412,8.75952808811392,73.6416363405862,10.4478030355254,158.527384158703,43.2027162698403,Served,50.992146,Stable,0
254,506,3,BS1,Terrestrial,158.603762337124,117.391542625704,41.9449177998721,50.992146,893.334270320412,8.75952808811392,73.5738013457867,8.9601131724456,160.015074021783,41.9449177998721,Served,50.992146,Stable,0
254,506,4,SAT-1,Satellite,631475.392315796,158.738948771693,10.2362384225351,52.9642182028597,188.391482363219,1.77847883680314,73.7366896492104,10.2362384225351,158.738948771693,9.26723166218491,Served,52.9642182028597,Stable,0
254,506,5,BS1,Terrestrial,2496.53115061175,144.499127965511,14.8373324600644,45.674700132188,893.334270320412,9.77931182618601,73.8276249864506,11.4998666695963,157.475320524632,14.8373324600644,Served,45.6739394171758,InTransition,0.0333101261755124
254,506,6,SAT-1,Satellite,633016.121403283,158.115047132138,10.8601400620899,55.8210642465312,188.391482363219,1.6874587121019,73.2172888200346,10.8601400620899,158.115047132138,-8.53371349377039,Served,55.8210642465312,Stable,0
255,508,1,BS2,Terrestrial,295.272687326099,92.094191991644,67.2422684339319,33.994764,893.334270320412,8.75952808811392,72.3419314807599,9.06148990969788,159.91369728453,67.2422684339319,Served,33.994764,Stable,0
255,508,2,BS2,Terrestrial,144.900842099444,114.718037685435,44.6184227401409,33.994764,893.334270320412,8.75952808811392,72.3822376531518,14.7154468645662,154.259740329662,44.6184227401409,Served,33.994764,Stable,0
255,508,3,BS1,Terrestrial,158.603762337124,101.944361364102,57.3920990614739,50.992146,893.334270320412,8.75952808811392,72.3151729863436,12.2739311941359,156.701256000092,57.3920990614739,Served,50.992146,Stable,0
255,508,4,BS2,Terrestrial,1289.96390375941,144.90225770169,14.4342027238864,29.6574855432357,893.334270320412,10.0405710279347,72.4765649475763,6.44244851605663,162.532738678171,14.4342027238864,Served,29.6572303194313,InTransition,0.0172114256958314
255,508,5,BS1,Terrestrial,2496.53115061175,146.007608418587,13.3288520069893,41.2482297273334,893.334270320412,10.8287589094816,72.5660897906797,9.37690809482601,159.598279099402,13.3288520069893,Served,41.2482297273334,Stable,0
255,508,6,SAT-1,Satellite,636990.233727114,157.416946873146,11.558240321082,118.10924800182,188.391482363219,1.59506122975498,71.9638447674393,11.558240321082,157.416946873146,-5.34844455089365,Served,118.10924800182,Stable,0
256,510,1,BS2,Terrestrial,295.272687326099,91.1712738654669,68.165186560109,50.992146,893.334270320412,8.75952808811392,71.0974962779203,10.0140519260475,158.961135268181,68.165186560109,Served,50.992146,Stable,0
256,510,2,BS2,Terrestrial,144.900842099444,112.917845630072,46.4186147955037,50.992146,893.334270320412,8.75952808811392,71.137330294557,12.6710694104596,156.304117783769,46.4186147955037,Served,50.992146,Stable,0
256,510,3,BS1,Terrestrial,158.603762337124,104.875977807092,54.4604826184842,50.992146,893.334270320412,8.75952808811392,71.0710810573014,11.0159451839257,157.959242010302,54.4604826184842,Served,50.992146,Stable,0
256,510,4,SAT-1,Satellite,639477.715153357,157.582624356287,11.3925628379414,58.2839437451138,188.391482363219,1.61615249636408,71.2308116696027,11.3925628379414,157.582624356287,0.167682790713116,Served,58.0352965081226,InTransition,8.53227221818044
256,510,5,BS1,Terrestrial,2496.53115061175,142.248034525233,17.0884259003427,50.992146,893.334270320412,8.75952808811392,71.3189274046708,8.82148090464099,160.153706289587,17.0884259003427,Served,50.992146,Stable,0
256,510,6,SAT-1,Satellite,641239.368631683,156.760205548619,12.2149816456093,62.127889235963,188.391482363219,1.51615872259642,70.724998051562,12.2149816456093,156.760205548619,-6.99125495562663,Served,62.127889235963,Stable,0
257,512,1,BS2,Terrestrial,295.272687326099,93.0388248218146,66.2976356037612,33.994764,893.334270320412,8.75952808811392,69.8684276030227,13.1448495853408,155.830337608887,66.2976356037612,Served,33.994764,Stable,0
257,512,2,BS2,Terrestrial,144.900842099444,114.011745346111,45.324715079465,33.994764,893.334270320412,8.75952808811392,69.907762801609,14.4778729349711,154.497314259257,45.324715079465,Served,33.994764,Stable,0
257,512,3,BS1,Terrestrial,158.603762337124,102.571513028627,56.7649473969494,101.984292,893.334270320412,8.75952808811392,69.8423688372484,11.8345839651847,157.140603229043,56.7649473969494,Served,101.984292,Stable,0
257,512,4,BS2,Terrestrial,1289.96390375941,151.612753325954,7.72370709962178,17.0803771581809,893.334270320412,17.4339294354621,70.0002962986851,7.45393083377124,161.521256360457,7.72370709962178,Served,17.0802301693597,InTransition,0.0172114256958314
257,512,5,SAT-1,Satellite,643569.902660419,154.657334975484,14.3178522187443,72.1305749370985,188.391482363219,1.30590586951168,70.0869996760031,14.3178522187443,154.657334975484,11.9356366804674,Served,71.820886912251,InTransition,8.58687249110742
257,512,6,SAT-1,Satellite,645758.075746463,155.061167743911,13.9140194503167,70.193432403221,188.391482363219,1.34194522132083,69.5015959850692,13.9140194503167,155.061167743911,-3.48086753327746,Served,70.193432403221,Stable,0
258,514,1,BS2,Terrestrial,295.272687326099,89.116909954113,70.2195504714629,50.992146,893.334270320412,8.75952808811392,68.6554665640506,12.8459779437408,156.129209250487,70.2195504714629,Served,50.992146,Stable,0
258,514,2,BS2,Terrestrial,144.900842099444,116.594876807066,42.7415836185096,50.992146,893.334270320412,8.75952808811392,68.6942796419866,12.8524502607092,156.122736933519,42.7415836185096,Served,50.992146,Stable,0
258,514,3,BS1,Terrestrial,158.603762337124,103.340437438366,55.99602298721,50.992146,893.334270320412,8.75952808811392,68.6297759868056,12.8085739209204,156.166613273308,55.99602298721,Served,50.992146,Stable,0
258,514,4,SAT-1,Satellite,648567.012990214,155.706318640637,13.2688685535907,67.1135360466649,188.391482363219,1.40352821100223,68.785778081301,13.2688685535907,155.706318640637,5.99825679380331,Served,66.8231509856438,InTransition,8.65354675453795
258,514,5,BS1,Terrestrial,2496.53115061175,140.698298076717,18.6381623488591,50.992146,893.334270320412,8.75952808811392,68.8710634025268,11.4401418281323,157.535045366096,18.6381623488591,Served,50.9912967225914,InTransition,0.0333101261755124
258,514,6,SAT-1,Satellite,650540.71517255,159.291415704977,9.6837714892516,50.4638264924889,188.391482363219,1.86659925988033,68.2943772299393,9.6837714892516,159.291415704977,-9.81274706392031,Served,50.4638264924889,Stable,0
259,516,1,BS2,Terrestrial,295.272687326099,89.574701581619,69.7617588439569,50.992146,893.334270320412,8.75952808811392,67.4592600607378,9.85439186770978,159.120795326518,69.7617588439569,Served,50.992146,Stable,0
259,516,2,BS2,Terrestrial,144.900842099444,113.890999215588,45.4454612099878,50.992146,893.334270320412,8.75952808811392,67.4975307728307,9.29304823147947,159.682138962749,45.4454612099878,Served,50.992146,Stable,0
259,516,3,BS1,Terrestrial,158.603762337124,102.447156567004,56.8893038585714,101.984292,893.334270320412,8.75952808811392,67.4339479842927,14.4950623787491,154.480124815479,56.8893038585714,Served,101.984292,Stable,0
259,516,4,SAT-1,Satellite,653505.260698868,157.078820357765,11.8963668364632,40.4222536287488,188.391482363219,1.55352943367505,67.5879194910644,11.8963668364632,157.078820357765,10.2796796073631,Served,40.4222536287488,Stable,0
259,516,5,SAT-1,Satellite,653151.032874513,153.807313864964,15.1678733292641,50.8189619899588,188.391482363219,1.23570333451808,67.6717801608404,15.1678733292641,153.807313864964,13.4686574266505,Served,50.5975257488019,InTransition,8.71470933234102
259,516,6,SAT-1,Satellite,655581.486954852,157.237525607756,11.7376615864724,39.9276013551085,188.391482363219,1.57277569041109,67.1039826914229,11.7376615864724,157.237525607756,-13.9303366045704,Served,39.9276013551085,Stable,0
260,518,1,BS2,Terrestrial,295.272687326099,94.5521916858841,64.7842687396918,33.994764,893.334270320412,8.75952808811392,66.2803678835064,13.1141678579048,155.861019336323,64.7842687396918,Served,33.994764,Stable,0
260,518,2,BS2,Terrestrial,144.900842099444,120.587898076824,38.7485623487518,33.994764,893.334270320412,8.75952808811392,66.3180788080023,11.0507259835087,157.924461210719,38.7485623487518,Served,33.994764,Stable,0
260,518,3,BS1,Terrestrial,158.603762337124,114.18974782776,45.1467125978157,101.984292,893.334270320412,8.75952808811392,66.2554432268108,6.28137241102098,162.693814783207,45.1467125978157,Served,101.984292,Stable,0
260,518,4,BS2,Terrestrial,1289.96390375941,143.32932407582,16.0071363497556,32.7615151872862,893.334270320412,9.08926490134874,66.4072939810387,-0.876799459447057,169.851986653675,16.0071363497556,Served,32.761233251094,InTransition,0.0172114256958314
260,518,5,SAT-1,Satellite,658327.048774425,154.393634645781,14.5815525484475,73.3990280437351,188.391482363219,1.28333771838889,66.4897236078037,14.5815525484475,154.393634645781,9.53262266167772,Served,73.3990280437351,Stable,0
260,518,6,SAT-1,Satellite,660874.459775361,151.771863814308,17.2033233799199,83.3205,188.391482363219,1.1305229947205,65.9309636950723,17.2033233799199,151.771863814308,-6.20219664171415,Served,83.3205,Stable,0
261,520,1,BS2,Terrestrial,295.272687326099,87.6736447183771,71.6628157071988,50.992146,893.334270320412,8.75952808811392,65.119268472108,12.8224355863532,156.152751607875,71.6628157071988,Served,50.992146,Stable,0
261,520,2,BS2,Terrestrial,144.900842099444,110.691004558371,48.6454558672052,50.992146,893.334270320412,8.75952808811392,65.1564048170309,11.3307760028273,157.644411191401,48.6454558672052,Served,50.992146,Stable,0
261,520,3,BS1,Terrestrial,158.603762337124,97.9729921400247,61.3634682855511,101.984292,893.334270320412,8.75952808811392,65.0947387948716,13.4495569261603,155.525630268068,61.3634682855511,Served,101.984292,Stable,0
261,520,4,SAT-1,Satellite,664139.567826232,154.735443560027,14.2397436342011,47.8369177466628,188.391482363219,1.31273425934973,65.2443921694306,14.2397436342011,154.735443560027,10.2640195458557,Served,47.6249685195852,InTransition,8.86132456108995
261,520,5,SAT-1,Satellite,663752.08273442,156.951324242794,12.0238629514345,40.820430687599,188.391482363219,1.53837575277756,65.3253853398184,12.0238629514345,156.951324242794,10.346796339406,Served,40.820430687599,Stable,0
261,520,6,SAT-1,Satellite,666413.59862638,160.203291278556,8.77189591567199,30.9370300780121,188.391482363219,2.02983804939865,64.7757885568571,8.77189591567199,160.203291278556,-7.15481562276543,Served,30.9370300780121,Stable,0
262,522,1,BS2,Terrestrial,295.272687326099,91.2479757114078,68.088484714168,33.994764,893.334270320412,8.75952808811392,63.9763639150453,6.69908566662866,162.276101527599,68.088484714168,Served,33.994764,Stable,0
262,522,2,BS2,Terrestrial,144.900842099444,125.712099021555,33.6243614040213,33.994764,893.334270320412,8.75952808811392,64.0129133482929,12.654898333208,156.32028886102,33.6243614040213,Served,33.994764,Stable,0
262,522,3,BS1,Terrestrial,158.603762337124,106.009751669348,53.3267087562279,101.984292,893.334270320412,8.75952808811392,63.9522354591015,12.2145113746181,156.76067581961,53.3267087562279,Served,101.984292,Stable,0
262,522,4,BS2,Terrestrial,1289.96390375941,145.930523649124,13.4059367764515,27.6486351269204,893.334270320412,10.770082817465,64.0996271238245,12.5690235467169,156.406163647511,13.4059367764515,Served,27.6483971907059,InTransition,0.0172114256958314
262,522,5,SAT-1,Satellite,669420.054328603,155.593919003896,13.3812681903323,67.6487222192366,188.391482363219,1.39242454390105,64.1791799365833,13.3812681903323,155.593919003896,12.0863383942471,Served,67.6487222192366,Stable,0
262,522,6,SAT-1,Satellite,672192.79126027,156.72287023671,12.2523169575182,62.3034312265314,188.391482363219,1.51188689494676,63.6388482000227,12.2523169575182,156.72287023671,-10.5501884514703,Served,62.3034312265314,Stable,0
263,524,1,BS2,Terrestrial,295.272687326099,90.987190326831,68.3492700987448,33.994764,893.334270320412,8.75952808811392,62.851984526635,10.6953632866519,158.279823907576,68.3492700987448,Served,33.994764,Stable,0
263,524,2,BS2,Terrestrial,144.900842099444,116.368825711898,42.9676347136782,33.994764,893.334270320412,8.75952808811392,62.8879370200681,11.6989352366928,157.276251957535,42.9676347136782,Served,33.994764,Stable,0
263,524,3,BS1,Terrestrial,158.603762337124,102.958040550858,56.3784198747181,50.992146,893.334270320412,8.75952808811392,62.8282622645576,15.927240184842,153.047947009386,56.3784198747181,Served,50.992146,Stable,0
263,524,4,BS2,Terrestrial,1289.96390375941,143.897804190989,15.438656234587,31.6359400902329,893.334270320412,9.41265185284438,62.9733391321107,11.4258288443186,157.54935834991,15.438656234587,Served,31.6359400902329,Stable,0
263,524,5,BS1,Terrestrial,2496.53115061175,145.744736111445,13.5917243141308,42.0152840908823,893.334270320412,10.6310630720485,63.0514495524054,13.5434188507039,155.431768343524,13.5917243141308,Served,42.0145843236751,InTransition,0.0333101261755124
263,524,6,SAT-1,Satellite,678205.87325035,158.843714062471,10.1314731317568,104.975694907173,188.391482363219,1.79462000732462,62.5204612054356,10.1314731317568,158.843714062471,-7.87834479489447,Served,104.975694907173,Stable,0
264,526,1,BS2,Terrestrial,295.272687326099,97.4015157085155,61.9349447170603,50.992146,893.334270320412,8.75952808811392,61.7463931936062,13.4974502185646,155.477736975663,61.9349447170603,Served,50.992146,Stable,0
264,526,2,BS2,Terrestrial,144.900842099444,120.391438859588,38.945021565988,50.992146,893.334270320412,8.75952808811392,61.7817408754678,15.1075000776679,153.86768711656,38.945021565988,Served,50.992146,Stable,0
264,526,3,BS1,Terrestrial,158.603762337124,106.489316342516,52.8471440830595,101.984292,893.334270320412,8.75952808811392,61.7230808838652,13.7334810989117,155.241706095316,52.8471440830595,Served,101.984292,Stable,0
264,526,4,SAT-1,Satellite,681894.433425083,157.78615275522,11.1890344390077,38.2266127678484,188.391482363219,1.64276027198928,61.8658001840857,11.1890344390077,157.78615275522,9.09554784205906,Served,38.0527157016648,InTransition,9.09821998824378
264,526,5,SAT-1,Satellite,681460.194424655,156.584763655173,12.3904235390551,41.9690056725526,188.391482363219,1.49627468607884,61.9424682623091,12.3904235390551,156.584763655173,11.6720819788052,Served,41.7782056307088,InTransition,9.09242612667267
264,526,6,SAT-1,Satellite,684446.651534283,157.090287096699,11.8849000975294,40.3864768755976,188.391482363219,1.55490564282627,61.4208785221844,11.8849000975294,157.090287096699,-10.1395641713289,Served,40.3864768755976,Stable,0
265,528,1,BS2,Terrestrial,295.272687326099,90.4178237978256,68.9186366277502,50.992146,893.334270320412,8.75952808811392,60.6597895955367,13.8114986015414,155.163688592687,68.9186366277502,Served,50.992146,Stable,0
265,528,2,BS2,Terrestrial,144.900842099444,108.593509124478,50.7429513010981,50.992146,893.334270320412,8.75952808811392,60.6945266080578,14.870866191533,154.104321002695,50.7429513010981,Served,50.992146,Stable,0
265,528,3,BS1,Terrestrial,158.603762337124,104.15229874323,55.1841616823455,50.992146,893.334270320412,8.75952808811392,60.6368898431541,13.1413391647039,155.833848029524,55.1841616823455,Served,50.992146,Stable,0
265,528,4,SAT-1,Satellite,688268.959979697,155.736524258369,13.2386629358588,66.9698188284575,188.391482363219,1.40654018227062,60.7772182885129,13.2386629358588,155.736524258369,9.37878539829811,Served,66.9698188284575,Stable,0
265,528,5,BS1,Terrestrial,2496.53115061175,145.474826436283,13.8616339892929,42.8048996924204,893.334270320412,10.4349534368679,60.852446276303,10.7098012182572,158.265385975971,13.8616339892929,Served,42.8041867741155,InTransition,0.0333101261755124
265,528,6,SAT-1,Satellite,690908.926346499,153.89579143932,15.0793957549083,75.8007152998493,188.391482363219,1.24267615165627,60.340287967616,15.0793957549083,153.89579143932,-5.33796548315948,Served,75.8007152998493,Stable,0
266,530,1,BS2,Terrestrial,295.272687326099,87.8230879179651,71.5133725076108,50.992146,893.334270320412,8.75952808811392,59.5923143501119,12.304889130774,156.670298063454,71.5133725076108,Served,50.992146,Stable,0
266,530,2,BS2,Terrestrial,144.900842099444,116.874342719671,42.4621177059048,50.992146,893.334270320412,8.75952808811392,59.6264367107164,11.847686947989,157.127500246239,42.4621177059048,Served,50.992146,Stable,0
266,530,3,BS1,Terrestrial,158.603762337124,103.515555030465,55.820905395111,101.984292,893.334270320412,8.75952808811392,59.5698286716506,9.85483017622678,159.120357018001,55.820905395111,Served,101.984292,Stable,0
266,530,4,SAT-1,Satellite,694861.279924074,157.605223498804,11.3699636954245,38.7859813784684,188.391482363219,1.6190685024822,59.7077416899193,11.3699636954245,157.605223498804,7.33096444125263,Served,38.7859813784684,Stable,0
266,530,5,SAT-1,Satellite,694397.977238179,153.226679175292,15.748508018936,52.6943832665226,188.391482363219,1.19172399210212,59.7815340780834,15.748508018936,153.226679175292,11.0260337610397,Served,52.4502752366128,InTransition,9.2650493193952
266,530,6,SAT-1,Satellite,697586.511478796,156.266436559883,12.7087506343451,42.9707609425222,188.391482363219,1.46139280316067,59.2788185859396,12.7087506343451,156.266436559883,-14.1327852664795,Served,42.9707609425222,Stable,0
267,532,1,BS2,Terrestrial,295.272687326099,89.771545017743,69.5649154078329,33.994764,893.334270320412,8.75952808811392,58.5440531018753,15.9069037773794,153.068283416849,69.5649154078329,Served,33.994764,Stable,0
267,532,2,BS2,Terrestrial,144.900842099444,106.753003196109,52.5834572294673,33.994764,893.334270320412,8.75952808811392,58.5775585673479,13.7751414921008,155.200045702127,52.5834572294673,Served,33.994764,Stable,0
267,532,3,BS1,Terrestrial,158.603762337124,100.248032890823,59.0884275347533,101.984292,893.334270320412,8.75952808811392,58.5219819935795,10.5806224200248,158.394564774203,59.0884275347533,Served,101.984292,Stable,0
267,532,4,BS2,Terrestrial,1289.96390375941,148.662051153789,10.6744092717864,22.4265991098846,893.334270320412,13.2778977609475,58.6574630125104,8.96373768451616,160.011449509712,10.6744092717864,Served,22.4264061130125,InTransition,0.0172114256958314
267,532,5,SAT-1,Satellite,701188.016718556,161.135636790691,7.83955040353709,42.3584424909851,188.391482363219,2.22377726002689,58.7298265098382,7.83955040353709,161.135636790691,0.771684750505045,Served,42.3584424909851,Stable,0
267,532,6,SAT-1,Satellite,704473.252838,155.507188111242,13.4679990829856,68.0621042839095,188.391482363219,1.38396751279813,58.236544897609,13.4679990829856,155.507188111242,-7.8152617127881,Served,68.0621042839095,Stable,0
268,534,1,BS2,Terrestrial,295.272687326099,89.6125390802823,69.7239213452936,33.994764,893.334270320412,8.75952808811392,57.5150405539971,4.90935443577123,164.065832758457,69.7239213452936,Served,33.994764,Stable,0
268,534,2,BS2,Terrestrial,144.900842099444,109.628604603599,49.7078558219768,33.994764,893.334270320412,8.75952808811392,57.5479284875487,14.0304167590527,154.944770435175,49.7078558219768,Served,33.994764,Stable,0
268,534,3,BS1,Terrestrial,158.603762337124,100.833894932606,58.5025654929704,50.992146,893.334270320412,8.75952808811392,57.4933835619558,11.8960792512977,157.07910794293,58.5025654929704,Served,50.992146,Stable,0
268,534,4,BS2,Terrestrial,1289.96390375941,148.298391025329,11.0380694002466,23.1098170743776,893.334270320412,12.8853503750559,57.6264233364782,10.7699290624821,158.205258131746,11.0380694002466,Served,23.1098170743776,Stable,0
268,534,5,BS1,Terrestrial,2496.53115061175,149.596502390131,9.73995803544517,31.0386623548656,893.334270320412,14.3906696124161,57.6973668042351,6.81326705857884,162.161920135649,9.73995803544517,Served,31.0381454039859,InTransition,0.0333101261755124
268,534,6,SAT-1,Satellite,711563.045296021,153.670500680345,15.3046865138832,153.780689462184,188.391482363219,1.22506592356998,57.2134910493629,15.3046865138832,153.670500680345,-10.2589973809268,Served,153.780689462184,Stable,0
269,536,1,BS2,Terrestrial,295.272687326099,91.004371824266,68.3320886013099,50.992146,893.334270320412,8.75952808811392,56.5052644318372,12.5492106438286,156.4259765504,68.3320886013099,Served,50.992146,Stable,0
269,536,2,BS2,Terrestrial,144.900842099444,107.635279305409,51.7011811201668,50.992146,893.334270320412,8.75952808811392,56.5375356733258,9.36172795981261,159.613459234416,51.7011811201668,Served,50.992146,Stable,0
269,536,3,BS1,Terrestrial,158.603762337124,101.691241235427,57.6452191901486,50.992146,893.334270320412,8.75952808811392,56.4840202231319,9.44736207511988,159.527825119108,57.6452191901486,Served,50.992146,Stable,0
269,536,4,SAT-1,Satellite,715883.530841025,155.823738136289,13.1514490579392,66.5551134415992,188.391482363219,1.41530434418483,56.6146161992705,13.1514490579392,155.823738136289,8.43736379781254,Served,66.2372554813025,InTransition,9.5517216892898
269,536,5,BS1,Terrestrial,2496.53115061175,148.176003234972,11.1604571906039,35.0110613171506,893.334270320412,12.7578861752871,56.6841505530255,7.07115190842148,161.904035285807,11.1604571906039,Served,35.0110613171506,Stable,0
269,536,6,SAT-1,Satellite,718849.847850829,158.371484455257,10.6037027389716,54.6428267992023,188.391482363219,1.72384458673328,56.2096348617892,10.6037027389716,158.371484455257,-7.01765561481037,Served,54.6428267992023,Stable,0
270,538,1,BS2,Terrestrial,295.272687326099,91.5705298241547,67.7659306014211,50.992146,893.334270320412,8.75952808811392,55.5146693617178,8.22240312733871,160.752784066889,67.7659306014211,Served,50.992146,Stable,0
270,538,2,BS2,Terrestrial,144.900842099444,110.874800981149,48.461659444427,50.992146,893.334270320412,8.75952808811392,55.5463261014461,11.4857984548065,157.489388739422,48.461659444427,Served,50.992146,Stable,0
270,538,3,BS1,Terrestrial,158.603762337124,101.461449276289,57.8750111492864,50.992146,893.334270320412,8.75952808811392,55.4938357956248,6.3282000087103,162.646987185518,57.8750111492864,Served,50.992146,Stable,0
270,538,4,SAT-1,Satellite,723285.828971448,157.933507363422,11.0416798308057,56.6583862497253,188.391482363219,1.66252072140628,55.6219915077213,11.0416798308057,157.933507363422,7.60952587467264,Served,56.6583862497253,Stable,0
270,538,5,BS1,Terrestrial,2496.53115061175,142.551630490393,16.7848299351832,50.992146,893.334270320412,8.75952808811392,55.6901295957639,10.9918922873481,157.98329490688,16.7848299351832,Served,50.992146,Stable,0
270,538,6,SAT-1,Satellite,726327.697136488,154.671239490863,14.3039477033651,72.0637661957701,188.391482363219,1.30711654627812,55.224911764279,14.3039477033651,154.671239490863,1.60321048621847,Served,72.0637661957701,Stable,0
271,540,1,BS2,Terrestrial,295.272687326099,88.5964856505751,70.7399747750007,50.992146,893.334270320412,8.75952808811392,54.5431606464323,11.8419776868585,157.13320950737,70.7399747750007,Served,50.992146,Stable,0
271,540,2,BS2,Terrestrial,144.900842099444,118.003428392959,41.3330320326172,50.992146,893.334270320412,8.75952808811392,54.574206303003,13.3425867273566,155.632600466872,41.3330320326172,Served,50.992146,Stable,0
271,540,3,BS1,Terrestrial,158.603762337124,106.850860235471,52.4856001901046,50.992146,893.334270320412,8.75952808811392,54.5227348448692,14.5449540299714,154.430233164257,52.4856001901046,Served,50.992146,Stable,0
271,540,4,SAT-1,Satellite,730875.64632016,157.542229498354,11.4329576958737,58.4716674418651,188.391482363219,1.61096382748555,54.648459344173,11.4329576958737,157.542229498354,7.73464394461894,Served,58.4716674418651,Stable,0
271,540,5,BS1,Terrestrial,2496.53115061175,142.671449696951,16.6650107286252,50.992146,893.334270320412,8.75952808811392,54.7152158099012,11.3030187622058,157.672168432022,16.6650107286252,Served,50.992146,Stable,0
271,540,6,SAT-1,Satellite,733990.719336765,156.171010347851,12.8041768463771,64.9077024809609,188.391482363219,1.45122593438335,54.259218604136,12.8041768463771,156.171010347851,-4.82928944336723,Served,64.9077024809609,Stable,0
272,542,1,BS2,Terrestrial,295.272687326099,91.8275290298093,67.5089313957666,33.994764,893.334270320412,8.75952808811392,53.590607919302,8.06564820955325,160.909538984675,67.5089313957666,Served,33.994764,Stable,0
272,542,2,BS2,Terrestrial,144.900842099444,121.913209517674,37.4232509079015,33.994764,893.334270320412,8.75952808811392,53.6210470220058,5.60301168869935,163.372175505529,37.4232509079015,Served,33.994764,Stable,0
272,542,3,BS1,Terrestrial,158.603762337124,102.800367653958,56.5360927716177,101.984292,893.334270320412,8.75952808811392,53.570586335826,11.7359771166812,157.239210077547,56.5360927716177,Served,101.984292,Stable,0
272,542,4,BS2,Terrestrial,1289.96390375941,142.385745875717,16.950714549859,33.994764,893.334270320412,8.75952808811392,53.6938936494109,9.11382344812259,159.861363746106,16.950714549859,Served,33.9944714508227,InTransition,0.0172114256958314
272,542,5,SAT-1,Satellite,738106.541572,156.679599738857,12.2955874553707,62.5069851563416,188.391482363219,1.50696343690242,53.7592847835891,12.2955874553707,156.679599738857,9.72650987283293,Served,62.1991934597417,InTransition,9.84823362797205
272,542,6,SAT-1,Satellite,741833.140569932,154.171900789331,14.8032864048972,74.4676281078835,188.391482363219,1.2649220013446,53.3124173159645,14.8032864048972,154.171900789331,-8.96495154453964,Served,74.4676281078835,Stable,0
273,544,1,BS2,Terrestrial,295.272687326099,89.6593453328052,69.6771150927706,50.992146,893.334270320412,8.75952808811392,52.6568486602363,12.5949865948425,156.380200599386,69.6771150927706,Served,50.992146,Stable,0
273,544,2,BS2,Terrestrial,144.900842099444,117.678621381417,41.6578390441585,50.992146,893.334270320412,8.75952808811392,52.6866867364027,12.6896912729676,156.28549592126,41.6578390441585,Served,50.992146,Stable,0
273,544,3,BS1,Terrestrial,158.603762337124,99.0698068787916,60.2666535467843,101.984292,893.334270320412,8.75952808811392,52.6372271470201,14.7875514341353,154.187635760093,60.2666535467843,Served,101.984292,Stable,0
273,544,4,SAT-1,Satellite,746594.681776829,160.610294985609,8.36489220861901,29.7500801193852,188.391482363219,2.11082324940768,52.7581357664724,8.36489220861901,160.610294985609,4.11818333225338,Served,29.6019025985247,InTransition,9.96148718026561
273,544,5,SAT-1,Satellite,746042.54855479,156.490778553877,12.4844086403515,42.2643666760784,188.391482363219,1.4858180951587,52.8221793540628,12.4844086403515,156.490778553877,10.8352427664993,Served,42.2643666760784,Stable,0
273,544,6,SAT-1,Satellite,749849.295822551,156.810649396456,12.1645377977722,41.2605665399799,188.391482363219,1.5219655485557,52.3843384383792,12.1645377977722,156.810649396456,-1.15666455275729,Served,41.2605665399799,Stable,0
274,546,1,BS2,Terrestrial,295.272687326099,92.0044253110164,67.3320351145595,33.994764,893.334270320412,8.75952808811392,51.7416915596458,3.83319637758814,165.14199081664,67.3320351145595,Served,33.994764,Stable,0
274,546,2,BS2,Terrestrial,144.900842099444,126.291358738301,33.0451016872753,33.994764,893.334270320412,8.75952808811392,51.7709350273155,12.8926238164973,156.082563377731,33.0451016872753,Served,33.994764,Stable,0
274,546,3,BS1,Terrestrial,158.603762337124,99.3765233633709,59.959937062205,101.984292,893.334270320412,8.75952808811392,51.722465431966,11.0827863169169,157.892400877311,59.959937062205,Served,101.984292,Stable,0
274,546,4,BS2,Terrestrial,1289.96390375941,146.580127035699,12.7563333898768,26.3899470163178,893.334270320412,11.2837699114241,51.8409978315176,12.6734467991344,156.301740395094,12.7563333898768,Served,26.3897199120117,InTransition,0.0172114256958314
274,546,5,SAT-1,Satellite,754149.326944203,155.757891138137,13.2172960560916,66.868183317577,188.391482363219,1.40867803652218,51.9037129968176,13.2172960560916,155.757891138137,-0.959065111483227,Served,66.868183317577,Stable,0
274,546,6,SAT-1,Satellite,758033.636517472,166.289445387739,2.68574180648875,22.7098169236366,188.391482363219,4.14779835074626,51.474784466896,2.68574180648875,166.289445387739,-11.5244606387866,Served,22.7098169236366,Stable,0
275,548,1,BS2,Terrestrial,295.272687326099,91.4477728924418,67.8886875331341,50.992146,893.334270320412,8.75952808811392,50.8449197188306,16.3972395570671,152.577947637161,67.8886875331341,Served,50.992146,Stable,0
275,548,2,BS2,Terrestrial,144.900842099444,107.441184920953,51.8952755046226,50.992146,893.334270320412,8.75952808811392,50.8735757850308,10.0464245169387,158.928762677289,51.8952755046226,Served,50.992146,Stable,0
275,548,3,BS1,Terrestrial,158.603762337124,100.13601754174,59.2004428838355,101.984292,893.334270320412,8.75952808811392,50.8260838167052,8.91630319536497,160.058883998863,59.2004428838355,Served,101.984292,Stable,0
275,548,4,SAT-1,Satellite,762995.425593195,154.82336151273,14.1518256814978,47.5555678125011,188.391482363219,1.3205007042568,50.9422660005438,14.1518256814978,154.82336151273,7.15122059401403,Served,47.3135024787399,InTransition,10.1803151511329
275,548,5,SAT-1,Satellite,762421.392079322,154.243036197888,14.7321509963398,49.4164075042551,188.391482363219,1.27077551686314,51.0036730535643,14.7321509963398,154.243036197888,9.99160499876533,Served,49.4164075042551,Stable,0
275,548,6,SAT-1,Satellite,766380.736806188,155.813738767084,13.1614484271444,44.401760972372,188.391482363219,1.41429437509953,50.5835330341573,13.1614484271444,155.813738767084,-10.2042289306645,Served,44.401760972372,Stable,0
276,550,1,BS2,Terrestrial,295.272687326099,88.5685776436483,70.7678827819275,50.992146,893.334270320412,8.75952808811392,49.9662936783523,11.327791330875,157.647395863353,70.7678827819275,Served,50.992146,Stable,0
276,550,2,BS2,Terrestrial,144.900842099444,119.92481046296,39.4116499626158,50.992146,893.334270320412,8.75952808811392,49.9943702431696,9.74951996255973,159.225667231668,39.4116499626158,Served,50.992146,Stable,0
276,550,3,BS1,Terrestrial,158.603762337124,110.561983578504,48.7744768470718,50.992146,893.334270320412,8.75952808811392,49.9478424250561,9.02166004117527,159.953527153053,48.7744768470718,Served,50.992146,Stable,0
276,550,4,SAT-1,Satellite,771437.828606173,160.24713322695,8.72805396727804,46.2127899617117,188.391482363219,2.03830457454857,50.0617035034976,8.72805396727804,160.24713322695,-0.478406293621504,Served,46.2127899617117,Stable,0
276,550,5,BS1,Terrestrial,2496.53115061175,145.674532578534,13.6619278470422,42.2204702354729,893.334270320412,10.5793974503137,50.1218237898608,11.9829311781908,156.992256016037,13.6619278470422,Served,42.2197670508775,InTransition,0.0333101261755124
276,550,6,SAT-1,Satellite,774885.298678641,157.765847759385,11.2093394348431,57.4339615679046,188.391482363219,1.64007041496242,49.7103399111327,11.2093394348431,157.765847759385,-9.86465169950907,Served,57.4339615679046,Stable,0
277,552,1,BS2,Terrestrial,295.272687326099,90.0490758681313,69.2873845574446,50.992146,893.334270320412,8.75952808811392,49.1055542686941,11.6457351475541,157.329452046674,69.2873845574446,Served,50.992146,Stable,0
277,552,2,BS2,Terrestrial,144.900842099444,107.11386382525,52.2225966003254,50.992146,893.334270320412,8.75952808811392,49.1330598352623,10.0083318166512,158.966855377577,52.2225966003254,Served,50.992146,Stable,0
277,552,3,BS1,Terrestrial,158.603762337124,113.199438741881,46.1370216836951,101.984292,893.334270320412,8.75952808811392,49.0874817259632,14.9783446484062,153.996842545822,46.1370216836951,Served,101.984292,Stable,0
277,552,4,SAT-1,Satellite,780034.582513239,160.005368309329,8.96981888489915,31.519029997869,188.391482363219,1.99235702342316,49.1990535200694,8.96981888489915,160.005368309329,2.53552161898349,Served,31.519029997869,Stable,0
277,552,5,SAT-1,Satellite,779440.076615112,155.573780350103,13.4014068441252,45.163117501901,188.391482363219,1.39045230403097,49.257909276159,13.4014068441252,155.573780350103,10.8891587331282,Served,44.9282754114715,InTransition,10.3997289566919
277,552,6,SAT-1,Satellite,783542.155984442,161.907642951904,7.06754424232437,26.0654396342915,188.391482363219,2.40921164840527,48.8549418253997,7.06754424232437,161.907642951904,-8.79860641115923,Served,26.0654396342915,Stable,0
278,554,1,BS2,Terrestrial,295.272687326099,92.6930862975317,66.6433741280441,50.992146,893.334270320412,8.75952808811392,48.2624252801618,10.6384666445983,158.33672054963,66.6433741280441,Served,50.992146,Stable,0
278,554,2,BS2,Terrestrial,144.900842099444,118.682500627231,40.6539597983444,50.992146,893.334270320412,8.75952808811392,48.289368870602,10.1260287941586,158.84915840007,40.6539597983444,Served,50.992146,Stable,0
278,554,3,BS1,Terrestrial,158.603762337124,102.383087265141,56.9533731604349,101.984292,893.334270320412,8.75952808811392,48.2447251999692,14.5391540905576,154.43603310367,56.9533731604349,Served,101.984292,Stable,0
278,554,4,SAT-1,Satellite,788780.60134569,161.024772405974,7.95041478825445,28.5557996618997,188.391482363219,2.19910356324309,48.3540418740581,7.95041478825445,161.024772405974,4.63701602686302,Served,28.5557996618997,Stable,0
278,554,5,SAT-1,Satellite,788176.371881322,155.653633330348,13.3215538638799,44.9095455277214,188.391482363219,1.39830319033125,48.4116560887072,13.3215538638799,155.653633330348,6.31465741156322,Served,44.9095455277214,Stable,0
278,554,6,SAT-1,Satellite,792346.277459056,159.477697746658,9.49748944756999,33.0850049545467,188.391482363219,1.89805505164688,48.0170590949586,9.49748944756999,159.477697746658,-16.1665675044874,Served,33.0850049545467,Stable,0
279,556,1,BS2,Terrestrial,295.272687326099,92.8134126985184,66.5230477270575,50.992146,893.334270320412,8.75952808811392,47.436615951335,12.9365860175297,156.038601176698,66.5230477270575,Served,50.992146,Stable,0
279,556,2,BS2,Terrestrial,144.900842099444,120.942902209486,38.3935582160895,50.992146,893.334270320412,8.75952808811392,47.4630070286207,11.1086710329328,157.866516161295,38.3935582160895,Served,50.992146,Stable,0
279,556,3,BS1,Terrestrial,158.603762337124,112.278194170647,47.0582662549293,101.984292,893.334270320412,8.75952808811392,47.4192818241841,8.03122106857938,160.943966125649,47.0582662549293,Served,101.984292,Stable,0
279,556,4,SAT-1,Satellite,797670.935420965,154.11268078922,14.8625064050084,49.835550637627,188.391482363219,1.26008762789361,47.5263795455409,14.8625064050084,154.11268078922,5.91763618202648,Served,49.835550637627,Stable,0
279,556,5,SAT-1,Satellite,797057.311636499,162.176583931726,6.7986032625017,25.3225756575172,188.391482363219,2.47988836669139,47.582775829169,6.7986032625017,162.176583931726,-1.89894539433101,Served,25.3225756575172,Stable,0
279,556,6,SAT-1,Satellite,801292.768846533,157.337751188167,11.6374360060611,39.6158004458496,188.391482363219,1.58515441013432,47.196398078153,11.6374360060611,157.337751188167,-12.3567681240264,Served,39.6158004458496,Stable,0
280,558,1,BS2,Terrestrial,295.272687326099,91.3775643656175,67.9588960599584,50.992146,893.334270320412,8.75952808811392,46.627823277488,11.627608180826,157.347579013402,67.9588960599584,Served,50.992146,Stable,0
280,558,2,BS2,Terrestrial,144.900842099444,114.978771473264,44.3576889523121,50.992146,893.334270320412,8.75952808811392,46.6536716731464,8.27171734073517,160.703469853493,44.3576889523121,Served,50.992146,Stable,0
280,558,3,BS1,Terrestrial,158.603762337124,104.378127834063,54.9583325915129,50.992146,893.334270320412,8.75952808811392,46.6108483772198,11.4364681041306,157.538719090098,54.9583325915129,Served,50.992146,Stable,0
280,558,4,SAT-1,Satellite,806700.772965769,159.134468757285,9.84071843694349,51.171159370163,188.391482363219,1.84079747930302,46.7157650021824,9.84071843694349,159.134468757285,2.75029996318418,Served,51.171159370163,Stable,0
280,558,5,BS1,Terrestrial,2496.53115061175,148.651886542231,10.6845738833447,33.6684539950572,893.334270320412,13.2666363363694,46.7709674639891,9.59728614220546,159.377901052023,10.6845738833447,Served,33.6678932448318,InTransition,0.0333101261755124
280,558,6,SAT-1,Satellite,810376.87420758,156.558241801624,12.4169453926037,63.0784788408792,188.391482363219,1.49331028446685,46.3926534421525,12.4169453926037,156.558241801624,-16.3012945442381,Served,63.0784788408792,Stable,0
281,560,1,BS2,Terrestrial,295.272687326099,90.0086073249619,69.3278531006139,50.992146,893.334270320412,8.75952808811392,45.8357341421734,7.17990929354994,161.795277900678,69.3278531006139,Served,50.992146,Stable,0
281,560,2,BS2,Terrestrial,144.900842099444,110.739255687431,48.5972047381444,50.992146,893.334270320412,8.75952808811392,45.8610499896841,-0.82255855301446,169.797745747243,48.5972047381444,Served,50.992146,Stable,0
281,560,3,BS1,Terrestrial,158.603762337124,97.5730903580685,61.7633700675073,50.992146,893.334270320412,8.75952808811392,45.8191115673299,3.80830181722851,165.166885377,61.7633700675073,Served,50.992146,Stable,0
281,560,4,SAT-1,Satellite,815865.440975933,163.1017712074,5.87341598682832,34.244202022501,188.391482363219,2.75070626904127,45.921886352801,5.87341598682832,163.1017712074,-1.12557880201612,Served,34.244202022501,Stable,0
281,560,5,BS1,Terrestrial,2496.53115061175,144.499667920462,14.8367925051136,45.6731058658902,893.334270320412,9.77965318302971,45.9759194863743,6.64878957571392,162.326397618514,14.8367925051136,Served,45.6731058658902,Stable,0
281,560,6,SAT-1,Satellite,819593.976498066,158.573276408401,10.4019107858271,53.7195586467035,188.391482363219,1.75347198589446,45.6055102540445,10.4019107858271,158.573276408401,-6.63276243037618,Served,53.7195586467035,Stable,0
282,562,1,BS2,Terrestrial,295.272687326099,89.1868884780743,70.1495719475016,50.992146,893.334270320412,8.75952808811392,45.0600272766664,7.93435870374807,161.04082849048,70.1495719475016,Served,50.992146,Stable,0
282,562,2,BS2,Terrestrial,144.900842099444,113.342961511569,45.9934989140073,50.992146,893.334270320412,8.75952808811392,45.0848209503786,10.2072406845163,158.767946509712,45.9934989140073,Served,50.992146,Stable,0
282,562,3,BS1,Terrestrial,158.603762337124,105.678885255645,53.6575751699309,101.984292,893.334270320412,8.75952808811392,45.0437499884883,0.690323403940397,168.284863790288,53.6575751699309,Served,101.984292,Stable,0
282,562,4,SAT-1,Satellite,825160.405395693,160.505768176232,8.4694190179961,30.0536094989298,188.391482363219,2.08950478277744,45.1444233278255,8.4694190179961,160.505768176232,5.00934479825173,Served,30.0536094989298,Stable,0
282,562,5,SAT-1,Satellite,824520.479247748,155.763781125612,13.2114060686163,44.5601136665908,188.391482363219,1.4092684156419,45.1973119053183,13.2114060686163,155.763781125612,6.8911962454325,Served,44.3150059242492,InTransition,11.0012171053049
282,562,6,SAT-1,Satellite,828939.597498818,160.252602981069,8.72258421315925,30.7925051833526,188.391482363219,2.03936511218612,44.8346458999251,8.72258421315925,160.252602981069,-13.2146346580056,Served,30.7925051833526,Stable,0
283,564,1,BS2,Terrestrial,295.272687326099,87.7548412297187,71.5816191958571,50.992146,893.334270320412,8.75952808811392,44.3003750531696,11.8372082325666,157.137978961661,71.5816191958571,Served,50.992146,Stable,0
283,564,2,BS2,Terrestrial,144.900842099444,120.724663711317,38.6117967142584,50.992146,893.334270320412,8.75952808811392,44.3246571125223,2.16603979048827,166.80914740374,38.6117967142584,Served,50.992146,Stable,0
283,564,3,BS1,Terrestrial,158.603762337124,98.1850386794138,61.1514217461621,101.984292,893.334270320412,8.75952808811392,44.2844359103331,11.0750256928759,157.900161501352,61.1514217461621,Served,101.984292,Stable,0
283,564,4,SAT-1,Satellite,834581.270694391,155.940394515998,13.0347926782301,44.0006732436383,188.391482363219,1.42718636235456,44.3830490924863,13.0347926782301,155.940394515998,10.1564555701689,Served,44.0006732436383,Stable,0
283,564,5,SAT-1,Satellite,833933.172381794,157.747410443199,11.2277767510296,38.3462537675269,188.391482363219,1.6376348304699,44.4348180673554,11.2277767510296,157.747410443199,-0.00243526247092518,Served,38.3462537675269,Stable,0
283,564,6,SAT-1,Satellite,838409.397172826,158.398950019715,10.5762371745131,36.3446380112485,188.391482363219,1.72782463174634,44.079731838438,10.5762371745131,158.398950019715,-20.2164947761881,Served,36.3446380112485,Stable,0
284,566,1,BS2,Terrestrial,295.272687326099,89.5117797498652,69.8246806757107,50.992146,893.334270320412,8.75952808811392,43.5564451186225,13.1665943538854,155.808592840343,69.8246806757107,Served,50.992146,Stable,0
284,566,2,BS2,Terrestrial,144.900842099444,113.229795566472,46.1066648591041,50.992146,893.334270320412,8.75952808811392,43.580226257431,13.3314232000633,155.643763994165,46.1066648591041,Served,50.992146,Stable,0
284,566,3,BS1,Terrestrial,158.603762337124,101.020256168418,58.3162042571576,50.992146,893.334270320412,8.75952808811392,43.5408369088448,10.8407506462563,158.134436547972,58.3162042571576,Served,50.992146,Stable,0
284,566,4,SAT-1,Satellite,844123.778913912,156.650895765835,12.3242914283931,62.642077314033,188.391482363219,1.50371356156332,43.6374318995511,12.3242914283931,156.650895765835,4.70377996507602,Served,62.642077314033,Stable,0
284,566,5,BS1,Terrestrial,2496.53115061175,142.512968317549,16.823492108027,50.992146,893.334270320412,8.75952808811392,43.6881063177236,-9.65445089020287,178.629638084431,16.823492108027,Served,50.9912967225914,InTransition,0.0333101261755124
284,566,6,SAT-1,Satellite,847999.172521107,153.635511025011,15.3396761692169,77.0597212080707,188.391482363219,1.22237324123285,43.3404351960376,15.3396761692169,153.635511025011,-13.3777241700631,Served,77.0597212080707,Stable,0
285,568,1,BS2,Terrestrial,295.272687326099,92.6986296317907,66.6378307937852,50.992146,893.334270320412,8.75952808811392,42.8279018766714,6.82520114891707,162.149986045311,66.6378307937852,Served,50.992146,Stable,0
285,568,2,BS2,Terrestrial,144.900842099444,122.690211006605,36.6462494189713,50.992146,893.334270320412,8.75952808811392,42.8511928772214,7.11972606538311,161.855461128845,36.6462494189713,Served,50.992146,Stable,0
285,568,3,BS1,Terrestrial,158.603762337124,102.401942971684,56.9345174538918,50.992146,893.334270320412,8.75952808811392,42.8126173453292,7.42468077536543,161.550506418863,56.9345174538918,Served,50.992146,Stable,0
285,568,4,SAT-1,Satellite,853783.808254976,160.740927380004,8.23425981422432,44.0580756196883,188.391482363219,2.13799036514241,42.9072365891359,8.23425981422432,160.740927380004,7.75729638246767,Served,44.0580756196883,Stable,0
285,568,5,BS1,Terrestrial,2496.53115061175,146.280528735699,13.0559316898769,40.4540358852172,893.334270320412,11.0413491605031,42.956841508368,8.19000414475016,160.785183049478,13.0559316898769,Served,40.4540358852172,Stable,0
285,568,6,SAT-1,Satellite,857704.856003312,157.194764857803,11.7804223364254,60.0911518021282,188.391482363219,1.56754760653919,42.6164202118606,11.7804223364254,157.194764857803,-8.96722306675579,Served,60.0911518021282,Stable,0
286,570,1,BS2,Terrestrial,295.272687326099,90.1074340240546,69.2290264015213,50.992146,893.334270320412,8.75952808811392,42.1144078258392,1.10831221574421,167.866874978484,69.2290264015213,Served,50.992146,Stable,0
286,570,2,BS2,Terrestrial,144.900842099444,116.126610465691,43.2098499598845,50.992146,893.334270320412,8.75952808811392,42.137219517521,13.2496475144544,155.725539679774,43.2098499598845,Served,50.992146,Stable,0
286,570,3,BS1,Terrestrial,158.603762337124,101.025160361133,58.3113000644433,101.984292,893.334270320412,8.75952808811392,42.099439701756,13.0792405849553,155.895946609273,58.3113000644433,Served,101.984292,Stable,0
286,570,4,SAT-1,Satellite,863557.371265362,159.962542214162,9.0126449800658,31.6453591209999,188.391482363219,1.98440348070082,42.1921259436225,9.0126449800658,159.962542214162,3.47058093591519,Served,31.6453591209999,Stable,0
286,570,5,SAT-1,Satellite,862886.411817531,157.03144347501,11.9437437192177,40.5701323240417,188.391482363219,1.54786679733174,42.240686360743,11.9437437192177,157.03144347501,10.6780419231736,Served,40.3365879837898,InTransition,11.5131170086678
286,570,6,SAT-1,Satellite,867522.51358409,156.016663816447,12.9585233777811,43.7594132057588,188.391482363219,1.43505491018502,41.9073495404854,12.9585233777811,156.016663816447,-5.86757355433451,Served,43.7594132057588,Stable,0
287,572,1,BS2,Terrestrial,295.272687326099,93.4423732796493,65.8940871459266,33.994764,893.334270320412,8.75952808811392,41.4156247622499,13.51411357899,155.461073615238,65.8940871459266,Served,33.994764,Stable,0
287,572,2,BS2,Terrestrial,144.900842099444,113.444572519166,45.8918879064103,33.994764,893.334270320412,8.75952808811392,41.4379679844561,9.02069965199411,159.954487542234,45.8918879064103,Served,33.994764,Stable,0
287,572,3,BS1,Terrestrial,158.603762337124,106.7083582489,52.6281021766762,50.992146,893.334270320412,8.75952808811392,41.400965780817,10.3485863704829,158.626600823745,52.6281021766762,Served,50.992146,Stable,0
287,572,4,BS2,Terrestrial,1289.96390375941,149.43860860057,9.89785182500555,20.9831343871256,893.334270320412,14.1913064374934,41.491761906041,8.21052402958767,160.76466316464,9.89785182500555,Served,20.9829538122964,InTransition,0.0172114256958314
287,572,5,BS1,Terrestrial,2496.53115061175,148.246746633815,11.0897137917612,34.8107842564563,893.334270320412,12.8312861861871,41.539302691715,7.79873028224782,161.17645691198,11.0897137917612,Served,34.8102044806484,InTransition,0.0333101261755124
287,572,6,SAT-1,Satellite,877448.34246119,153.161394599504,15.8137925947238,158.717016729941,188.391482363219,1.18696461315027,41.2128854211052,15.8137925947238,153.161394599504,-8.9294857982774,Served,158.717016729941,Stable,0
288,574,1,BS2,Terrestrial,295.272687326099,89.8084231144803,69.5280373110956,33.994764,893.334270320412,8.75952808811392,40.7312148554102,5.01278987635811,163.96239731787,69.5280373110956,Served,33.994764,Stable,0
288,574,2,BS2,Terrestrial,144.900842099444,107.107675690302,52.2287847352741,33.994764,893.334270320412,8.75952808811392,40.7531004244184,11.0561641928395,157.919023001389,52.2287847352741,Served,33.994764,Stable,0
288,574,3,BS1,Terrestrial,158.603762337124,97.8431097632343,61.4933506623415,50.992146,893.334270320412,8.75952808811392,40.7168577792074,10.3337807702925,158.641406423936,61.4933506623415,Served,50.992146,Stable,0
288,574,4,BS2,Terrestrial,1289.96390375941,145.685624333385,13.6508360921904,28.1253618971371,893.334270320412,10.5875291914774,40.8058066704332,13.2780617946484,155.69712539958,13.6508360921904,Served,28.1253618971371,Stable,0
288,574,5,BS1,Terrestrial,2496.53115061175,143.583553471177,15.752906954399,48.386510902275,893.334270320412,9.23123256525622,40.8523525110446,9.09201580819868,159.883171386029,15.752906954399,Served,48.386510902275,Stable,0
288,574,6,SAT-1,Satellite,887478.668526262,158.89934718355,10.0758400106779,104.470586984544,188.391482363219,1.80329686853478,40.5326907217219,10.0758400106779,158.89934718355,-21.064953994884,Served,104.470586984544,Stable,0
289,576,1,BS2,Terrestrial,295.272687326099,91.0660775462024,68.2703828793735,50.992146,893.334270320412,8.75952808811392,40.0608416055572,8.45885511262753,160.516332081601,68.2703828793735,Served,50.992146,Stable,0
289,576,2,BS2,Terrestrial,144.900842099444,119.552918712693,39.7835417128833,50.992146,893.334270320412,8.75952808811392,40.0822802851236,14.2782122845784,154.69697490965,39.7835417128833,Served,50.992146,Stable,0
289,576,3,BS1,Terrestrial,158.603762337124,97.208368199447,62.1280922261289,33.994764,893.334270320412,8.75952808811392,40.046779242643,7.52715953584891,161.448027658379,62.1280922261289,Served,33.994764,Stable,0
289,576,4,BS1,Terrestrial,1684.50527938871,152.915952426775,6.42050799880045,14.8664959440995,893.334270320412,20.0301463927007,40.1339236527315,5.02740356631432,163.947783627914,6.42050799880045,Served,14.8663288772488,InTransition,0.0224756191750323
289,576,5,BS1,Terrestrial,2496.53115061175,148.287127319221,11.0493331063545,23.1310469487761,893.334270320412,12.8735240893435,40.1794989989602,6.49865217279452,162.476535021434,11.0493331063545,Served,23.1310469487761,Stable,0
289,576,6,SAT-1,Satellite,897609.943604664,158.558439842332,10.4167473518965,107.574641841643,188.391482363219,1.7512629290511,39.8664298669305,10.4167473518965,158.558439842332,-8.12697810938246,Served,107.574641841643,Stable,0
290,578,1,BS2,Terrestrial,295.272687326099,93.1336242793181,66.2028361462578,50.992146,893.334270320412,8.75952808811392,39.4041706909996,12.0915643049211,156.883622889307,66.2028361462578,Served,50.992146,Stable,0
290,578,2,BS2,Terrestrial,144.900842099444,117.504402506187,41.8320579193885,50.992146,893.334270320412,8.75952808811392,39.4251731663906,8.74505458519141,160.230132609037,41.8320579193885,Served,50.992146,Stable,0
290,578,3,BS1,Terrestrial,158.603762337124,99.2088168849453,60.1276435406306,50.992146,893.334270320412,8.75952808811392,39.3903959110372,8.55516815250624,160.420019041722,60.1276435406306,Served,50.992146,Stable,0
290,578,4,SAT-1,Satellite,903711.784940856,161.037986652573,7.9372005416553,42.7769634833393,188.391482363219,2.20202028174104,39.4757783506107,7.9372005416553,161.037986652573,4.17756329082766,Served,42.5190647604577,InTransition,12.0578321545481
290,578,5,BS1,Terrestrial,2496.53115061175,149.927019574572,9.40944085100378,30.1308778059279,893.334270320412,14.8242324049494,39.5204073722663,6.30443857442472,162.670748619803,9.40944085100378,Served,30.1308778059279,Stable,0
290,578,6,SAT-1,Satellite,907838.742516021,156.162239707054,12.8129474871745,64.9492305084029,188.391482363219,1.45029803192853,39.2137696577358,12.8129474871745,156.162239707054,-5.71831897571562,Served,64.9492305084029,Stable,0
291,580,1,BS2,Terrestrial,295.272687326099,91.3662849206416,67.9701755049343,33.994764,893.334270320412,8.75952808811392,38.7608707136798,12.2938466107443,156.681340583484,67.9701755049343,Served,33.994764,Stable,0
291,580,2,BS2,Terrestrial,144.900842099444,113.805620250492,45.5308401750837,33.994764,893.334270320412,8.75952808811392,38.7814475688786,3.55433663935978,165.420850554868,45.5308401750837,Served,33.994764,Stable,0
291,580,3,BS1,Terrestrial,158.603762337124,96.1115422033539,63.2249182222219,50.992146,893.334270320412,8.75952808811392,38.7473764620616,12.2694806578424,156.705706536386,63.2249182222219,Served,50.992146,Stable,0
291,580,4,BS2,Terrestrial,1289.96390375941,154.087101891008,5.24935853456788,12.9789084614611,893.334270320412,22.9432306261356,38.8310391005799,-1.2426820710935,170.217869265322,5.24935853456788,Served,12.9787967687018,InTransition,0.0172114256958314
291,580,5,BS1,Terrestrial,2496.53115061175,143.818696798585,15.5177636269909,47.6885053652533,893.334270320412,9.36634796454862,38.8747456472492,13.9014573989194,155.073729795309,15.5177636269909,Served,47.6885053652533,Stable,0
291,580,6,SAT-1,Satellite,918161.759992929,157.840800412013,11.134386782215,114.173947350685,188.391482363219,1.65003914408403,38.5743799916145,11.134386782215,157.840800412013,-11.8023341451111,Served,114.173947350685,Stable,0
292,582,1,BS2,Terrestrial,295.272687326099,88.7087732385635,70.6276871870124,50.992146,893.334270320412,8.75952808811392,38.1306138509395,10.8746157432181,158.10057145101,70.6276871870124,Served,50.992146,Stable,0
292,582,2,BS2,Terrestrial,144.900842099444,118.907791516758,40.4286689088182,50.992146,893.334270320412,8.75952808811392,38.1507755487742,8.95933902000272,160.015848174225,40.4286689088182,Served,50.992146,Stable,0
292,582,3,BS1,Terrestrial,158.603762337124,98.3779562064344,60.9585042191415,50.992146,893.334270320412,8.75952808811392,38.1173931610699,-0.225528103014028,169.200715297242,60.9585042191415,Served,50.992146,Stable,0
292,582,4,SAT-1,Satellite,924375.989802176,161.879571100614,7.09561609361373,39.2151333896929,188.391482363219,2.40202526523516,38.1993777403376,7.09561609361373,161.879571100614,-0.170057014179775,Served,38.9733025712383,InTransition,12.3335456264504
292,582,5,BS1,Terrestrial,2496.53115061175,146.130576096845,13.2058843287307,40.890113312909,893.334270320412,10.9235973924091,38.2421853074118,8.40239299248034,160.572794201748,13.2058843287307,Served,40.890113312909,Stable,0
292,582,6,SAT-1,Satellite,928575.807491316,159.494601086422,9.48058610780581,49.5517963138829,188.391482363219,1.90095512552021,37.9479344907636,9.48058610780581,159.494601086422,-9.66698676952291,Served,49.5517963138829,Stable,0
293,584,1,BS2,Terrestrial,295.272687326099,87.0179170305993,72.3185433949765,50.992146,893.334270320412,8.75952808811392,37.5130764211533,2.7777244328357,166.197462761392,72.3185433949765,Served,50.992146,Stable,0
293,584,2,BS2,Terrestrial,144.900842099444,120.882041374176,38.4544190514002,50.992146,893.334270320412,8.75952808811392,37.5328332861014,12.6245722466184,156.35061494761,38.4544190514002,Served,50.992146,Stable,0
293,584,3,BS1,Terrestrial,158.603762337124,97.0917172948575,62.2447431307184,101.984292,893.334270320412,8.75952808811392,37.5001224250408,10.6329106759317,158.342276518296,62.2447431307184,Served,101.984292,Stable,0
293,584,4,SAT-1,Satellite,934843.410316488,158.617542585074,10.3576446091542,35.6783327863586,188.391482363219,1.76009235531739,37.5804701841016,10.3576446091542,158.617542585074,9.85327029312643,Served,35.6783327863586,Stable,0
293,584,5,SAT-1,Satellite,934127.63543559,163.033212228277,5.94197496595106,23.0107114646034,188.391482363219,2.7290403812302,37.6224018837525,5.94197496595106,163.033212228277,5.69613748183008,Served,22.8673126504136,InTransition,12.4636575805465
293,584,6,SAT-1,Satellite,939077.809922062,157.776929262131,11.1982579320972,38.2550892254415,188.391482363219,1.64153742833192,37.3341110461366,11.1982579320972,157.776929262131,-11.9868754869831,Served,38.2550892254415,Stable,0
294,586,1,BS2,Terrestrial,295.272687326099,91.2148205396809,68.121639885895,50.992146,893.334270320412,8.75952808811392,36.90793937055,8.98746246234052,159.987724731888,68.121639885895,Served,50.992146,Stable,0
294,586,2,BS2,Terrestrial,144.900842099444,111.332973507297,48.0034869182791,50.992146,893.334270320412,8.75952808811392,36.92730157399,9.84968023507801,159.12550695915,48.0034869182791,Served,50.992146,Stable,0
294,586,3,BS1,Terrestrial,158.603762337124,100.298355816912,59.0381046086636,50.992146,893.334270320412,8.75952808811392,36.8952453078546,4.91659449351963,164.058592700708,59.0381046086636,Served,50.992146,Stable,0
294,586,4,SAT-1,Satellite,945396.994054059,159.332194932785,9.64299226144342,50.2804442036415,188.391482363219,1.87340710038491,36.9739969182821,9.64299226144342,159.332194932785,8.34216709432584,Served,50.2804442036415,Stable,0
294,586,5,BS1,Terrestrial,2496.53115061175,147.805174233168,11.5312861924082,36.0646148008458,893.334270320412,12.3851907923256,37.0150754549752,9.3438581044509,159.631329089777,11.5312861924082,Served,36.064014142411,InTransition,0.0333101261755124
294,586,6,SAT-1,Satellite,949664.802330161,167.017613330042,1.957573864186,20.422195056954,188.391482363219,4.61242001258501,36.7325922845139,1.957573864186,167.017613330042,-10.2814753510696,Served,20.422195056954,Stable,0
295,588,1,BS2,Terrestrial,295.272687326099,89.5965798595067,69.7398805660691,33.994764,893.334270320412,8.75952808811392,36.3148886881607,12.1646155404192,156.810571653809,69.7398805660691,Served,33.994764,Stable,0
295,588,2,BS2,Terrestrial,144.900842099444,113.34531436286,45.9911460627159,33.994764,893.334270320412,8.75952808811392,36.3338662358502,13.1099069830893,155.865280211139,45.9911460627159,Served,33.994764,Stable,0
295,588,3,BS1,Terrestrial,158.603762337124,100.737876365328,58.5985840602483,50.992146,893.334270320412,8.75952808811392,36.3024479138342,-1.86654836903168,170.84173556326,58.5985840602483,Served,50.992146,Stable,0
295,588,4,BS2,Terrestrial,1289.96390375941,147.721523392633,11.6149370329427,24.2020720968021,893.334270320412,12.3038262556928,36.3796434244853,5.39527497750288,163.579912216725,11.6149370329427,Served,24.2018638207193,InTransition,0.0172114256958314
295,588,5,BS1,Terrestrial,2496.53115061175,144.879572023231,14.4568884023452,44.5530095832186,893.334270320412,10.025521044227,36.419891074632,12.0596335648082,156.91555362942,14.4568884023452,Served,44.5530095832186,Stable,0
295,588,6,SAT-1,Satellite,960333.926544391,158.33107843794,10.6441087562883,109.656232275492,188.391482363219,1.71801892563588,36.1430659654574,10.6441087562883,158.33107843794,-5.26481364243108,Served,109.656232275492,Stable,0
296,590,1,BS2,Terrestrial,295.272687326099,90.0258265331161,69.3106338924598,33.994764,893.334270320412,8.75952808811392,35.7336157554409,7.84825040711848,161.12693678711,69.3106338924598,Served,33.994764,Stable,0
296,590,2,BS2,Terrestrial,144.900842099444,112.948818206423,46.3876422191533,33.994764,893.334270320412,8.75952808811392,35.7522184770161,5.16523912509876,163.809948069129,46.3876422191533,Served,33.994764,Stable,0
296,590,3,BS1,Terrestrial,158.603762337124,100.928143617728,58.4083168078475,101.984292,893.334270320412,8.75952808811392,35.7214217460903,10.5829592665193,158.392227927709,58.4083168078475,Served,101.984292,Stable,0
296,590,4,SAT-1,Satellite,966751.153512156,156.197122847418,12.7780643468097,64.7840874094926,188.391482363219,1.45399503100521,35.7971005364458,12.7780643468097,156.197122847418,-0.504653334413462,Served,64.3662644152106,InTransition,12.8989389521221
296,590,5,SAT-1,Satellite,966019.30025919,158.288248319864,10.6869388743637,55.0246710664956,188.391482363219,1.7118819496036,35.8365391318176,10.6869388743637,158.288248319864,4.84659831070113,Served,54.6700597824409,InTransition,12.8891741533963
296,590,6,BS2,Terrestrial,4576.26928829528,161.347457186018,-2.01099676044186,4.31035834483942,893.334270320412,69.0843002562232,35.5652253146025,-6.81319025415218,175.78837744838,-2.01099676044186,BelowTarget,4.31022675139877,InTransition,0.0610591649813323
297,592,1,BS2,Terrestrial,295.272687326099,87.2850500883834,72.0514103371924,33.994764,893.334270320412,8.75952808811392,35.1638176367086,-7.06980980927403,176.044997003502,72.0514103371924,Served,33.994764,Stable,0
297,592,2,BS2,Terrestrial,144.900842099444,108.143248555569,51.1932118700067,33.994764,893.334270320412,8.75952808811392,35.1820551770129,11.2385446037793,157.736642590449,51.1932118700067,Served,33.994764,Stable,0
297,592,3,BS1,Terrestrial,158.603762337124,103.429772257733,55.9066881678427,101.984292,893.334270320412,8.75952808811392,35.1518639958039,-12.8339838246897,181.809171018918,55.9066881678427,Served,101.984292,Stable,0
297,592,4,BS2,Terrestrial,1289.96390375941,146.253811470507,13.0826489550691,27.0211207313313,893.334270320412,11.020197610143,35.2260647370781,-4.13214437503029,173.107331569258,13.0826489550691,Served,27.0208881953255,InTransition,0.0172114256958314
297,592,5,SAT-1,Satellite,976809.389694005,159.280995282256,9.69419191197233,50.5107135344908,188.391482363219,1.86486657166877,35.2647156516259,9.69419191197233,159.280995282256,-1.61423466252475,Served,50.5107135344908,Stable,0
297,592,6,SAT-1,Satellite,981907.65147523,159.620331971232,9.35485522299652,48.9895825814599,188.391482363219,1.92277084674033,34.9987692993334,9.35485522299652,159.620331971232,-12.571833268968,Served,48.6686722670363,InTransition,13.1011654932991
298,594,1,BS2,Terrestrial,295.272687326099,93.018490158507,66.3179702670689,33.994764,893.334270320412,8.75952808811392,34.6051973161394,10.7192710172495,158.255916176979,66.3179702670689,Served,33.994764,Stable,0
298,594,2,BS2,Terrestrial,144.900842099444,109.297565831748,50.0388945938278,33.994764,893.334270320412,8.75952808811392,34.6230791282006,9.4802816826074,159.494905511621,50.0388945938278,Served,33.994764,Stable,0
298,594,3,BS1,Terrestrial,158.603762337124,106.053291677611,53.283168747965,50.992146,893.334270320412,8.75952808811392,34.5934777781799,9.37688681875375,159.598300375474,53.283168747965,Served,50.992146,Stable,0
298,594,4,BS2,Terrestrial,1289.96390375941,145.929496521435,13.4069639041405,27.6506321518714,893.334270320412,10.7693049645756,34.6662384014387,11.8747526668035,157.100434527425,13.4069639041405,Served,27.6506321518714,Stable,0
298,594,5,BS1,Terrestrial,2496.53115061175,144.913581017851,14.422879407725,44.4528996858952,893.334270320412,10.0480989612908,34.7041225411813,4.77598442645251,164.199202767776,14.422879407725,Served,44.4521593200465,InTransition,0.0333101261755124
298,594,6,SAT-1,Satellite,992807.039586432,168.227768905458,0.747418288770575,33.8843450310913,188.391482363219,5.55983839116135,34.4434028524799,0.747418288770575,168.227768905458,-13.8598436026358,Served,33.8843450310913,Stable,0
299,596,1,BS2,Terrestrial,295.272687326099,89.7692835785826,69.5671768469933,33.994764,893.334270320412,8.75952808811392,34.0574638866573,1.85225562059998,167.122931573628,69.5671768469933,Served,33.994764,Stable,0
299,596,2,BS2,Terrestrial,144.900842099444,111.398545893665,47.9379145319109,33.994764,893.334270320412,8.75952808811392,34.0749992261472,8.13289407790438,160.842293116324,47.9379145319109,Served,33.994764,Stable,0
299,596,3,BS1,Terrestrial,158.603762337124,103.346700224645,55.9897602009306,50.992146,893.334270320412,8.75952808811392,34.0459723204022,-1.6890252040441,170.664212398272,55.9897602009306,Served,50.992146,Stable,0
299,596,4,BS2,Terrestrial,1289.96390375941,149.239007638951,10.0974527866251,21.3520163344224,893.334270320412,13.9461344279109,34.1173299909828,3.1769604986826,165.798226695546,10.0974527866251,Served,21.3520163344224,Stable,0
299,596,5,BS1,Terrestrial,2496.53115061175,150.90411176385,8.432348661726,27.4902975552599,893.334270320412,16.2481738970753,34.1544677866522,-13.3889697796737,182.364156973902,8.432348661726,Served,27.4902975552599,Stable,0
299,596,6,SAT-1,Satellite,1003778.12767171,169.20634146511,-0.231154270882342,28.8635078219658,188.391482363219,6.52697806258491,33.8988370492762,-0.231154270882342,169.20634146511,-3.79268154412765,Served,28.8635078219658,Stable,0
300,598,1,BS2,Terrestrial,295.272687326099,88.2435590992329,71.0929013263429,50.992146,893.334270320412,8.75952808811392,33.520332695671,5.16418993216905,163.810997262059,71.0929013263429,Served,50.992146,Stable,0
300,598,2,BS2,Terrestrial,144.900842099444,116.606112093774,42.7303483318023,50.992146,893.334270320412,8.75952808811392,33.537530616693,5.58356859528431,163.391618598944,42.7303483318023,Served,50.992146,Stable,0
300,598,3,BS1,Terrestrial,158.603762337124,104.990649813095,54.3458106124813,101.984292,893.334270320412,8.75952808811392,33.5090631065326,6.55868993287604,162.416497261352,54.3458106124813,Served,101.984292,Stable,0
300,598,4,SAT-1,Satellite,1010372.63675335,158.256459943522,10.7187272507057,36.7804347919534,188.391482363219,1.70735232312909,33.5790542041129,10.7187272507057,158.256459943522,8.23803134413222,Served,36.5325169815482,InTransition,13.4809613756641
300,598,5,SAT-1,Satellite,1009621.79838436,157.476325715347,11.4988614788807,39.1854584812572,188.391482363219,1.60256286953427,33.6154656062648,11.4988614788807,157.476325715347,6.59614568593747,Served,38.9215259372146,InTransition,13.4709432668164
300,598,6,SAT-1,Satellite,1014818.54145686,157.351582188819,11.6236050054094,39.5728083542244,188.391482363219,1.58687652960157,33.3647892424313,11.6236050054094,157.351582188819,-16.6037881881313,Served,39.5728083542244,Stable,0
301,600,1,BS2,Terrestrial,295.272687326099,90.7230799932664,68.6133804323095,50.992146,893.334270320412,8.75952808811392,32.9935254522302,12.5946211546704,156.380566039558,68.6133804323095,Served,50.992146,Stable,0
301,600,2,BS2,Terrestrial,144.900842099444,118.585574548209,40.7508858773672,50.992146,893.334270320412,8.75952808811392,33.0103948042924,15.5398329639383,153.43535423029,40.7508858773672,Served,50.992146,Stable,0
301,600,3,BS1,Terrestrial,158.603762337124,107.254739849026,52.0817205765502,50.992146,893.334270320412,8.75952808811392,32.9824719839188,7.78050718557986,161.194680008648,52.0817205765502,Served,50.992146,Stable,0
301,600,4,SAT-1,Satellite,1021453.77973436,163.07177756518,5.90340962904781,34.3630315719874,188.391482363219,2.74119415175224,33.0511320876364,5.90340962904781,163.07177756518,3.06984525480794,Served,34.3630315719874,Stable,0
301,600,5,BS1,Terrestrial,2496.53115061175,149.068023204245,10.2684372213313,32.5038266853188,893.334270320412,13.7419861201129,33.0868365639556,8.2770372495734,160.698149944655,10.2684372213313,Served,32.5032853320348,InTransition,0.0333101261755124
301,600,6,SAT-1,Satellite,1025925.9936829,168.879332191823,0.0958550024051874,15.2401353037099,188.391482363219,6.18076803810784,32.8409831597903,0.0958550024051874,168.879332191823,-9.24592387426972,Served,15.2401353037099,Stable,0
302,602,1,BS2,Terrestrial,295.272687326099,90.3766855827213,68.9597748428546,33.994764,893.334270320412,8.75952808811392,32.4767702998065,-8.78475663357108,177.759943827799,68.9597748428546,Served,33.994764,Stable,0
302,602,2,BS2,Terrestrial,144.900842099444,111.493606373388,47.8428540521879,33.994764,893.334270320412,8.75952808811392,32.4933197258493,1.69108761468536,167.284099579543,47.8428540521879,Served,33.994764,Stable,0
302,602,3,BS1,Terrestrial,158.603762337124,108.941914727847,50.3945456977294,50.992146,893.334270320412,8.75952808811392,32.4659272353122,9.10870497566194,159.866482218566,50.3945456977294,Served,50.992146,Stable,0
302,602,4,BS2,Terrestrial,1289.96390375941,145.722985183049,13.6134752425267,28.0525609843348,893.334270320412,10.6150055345425,32.5332911133794,-9.69784477293007,178.673031967158,13.6134752425267,Served,28.0523195720503,InTransition,0.0172114256958314
302,602,5,BS1,Terrestrial,2496.53115061175,143.528101545641,15.808358879935,48.5512604618156,893.334270320412,9.19990811590771,32.5683076479317,6.45103090019703,162.524156294031,15.808358879935,Served,48.5512604618156,Stable,0
302,602,6,SAT-1,Satellite,1037098.28097941,171.610549496247,-2.63536230201885,18.8305700107538,188.391482363219,10.0045554784391,32.3271489686977,-2.63536230201885,171.610549496247,-3.98507585052397,Served,18.8305700107538,Stable,0
303,604,1,BS2,Terrestrial,295.272687326099,91.1351834279936,68.2012769975822,33.994764,893.334270320412,8.75952808811392,31.9698018585679,4.49254811680203,164.482639077426,68.2012769975822,Served,33.994764,Stable,0
303,604,2,BS2,Terrestrial,144.900842099444,106.644743435565,52.6917169900112,33.994764,893.334270320412,8.75952808811392,31.986039793927,3.20456650673202,165.770620687496,52.6917169900112,Served,33.994764,Stable,0
303,604,3,BS1,Terrestrial,158.603762337124,103.436058587495,55.9004018380813,101.984292,893.334270320412,8.75952808811392,31.9591636205537,4.76800700443596,164.207180189792,55.9004018380813,Served,101.984292,Stable,0
303,604,4,BS2,Terrestrial,1289.96390375941,147.629633569807,11.7068268557691,24.3769552205523,893.334270320412,12.2155571691639,32.0252652238639,8.09144184902598,160.883745345202,11.7068268557691,Served,24.3769552205523,Stable,0
303,604,5,SAT-1,Satellite,1043047.57498491,157.794229985934,11.1809572082943,114.605036314244,188.391482363219,1.64383249132834,32.0596123180655,11.1809572082943,157.794229985934,6.32605379477377,Served,113.807561247619,InTransition,13.9169288239387
303,604,6,None,Outage,1048333.28080733,177.798699016052,-8.82351182182339,NaN,NaN,Inf,31.8230233108428,-8.82351182182339,177.798699016052,-10.3446102814089,Outage,0,Outage,0
304,606,1,BS2,Terrestrial,295.272687326099,91.5266331260222,67.8098272995536,50.992146,893.334270320412,8.75952808811392,31.4723612406782,10.4442429757642,158.530944218464,67.8098272995536,Served,50.992146,Stable,0
304,606,2,BS2,Terrestrial,144.900842099444,110.854044458812,48.4824159667641,50.992146,893.334270320412,8.75952808811392,31.4882959128719,10.389497433217,158.585689761011,48.4824159667641,Served,50.992146,Stable,0
304,606,3,BS1,Terrestrial,158.603762337124,113.82443822342,45.5120222021558,50.992146,893.334270320412,8.75952808811392,31.461922391355,4.28481774939806,164.69036944483,45.5120222021558,Served,50.992146,Stable,0
304,606,4,SAT-1,Satellite,1055082.9054907,155.468188386324,13.5069988079042,68.2481034538131,188.391482363219,1.38019573313647,31.5267948506177,13.5069988079042,155.468188386324,12.9128274361195,Served,67.7677217406329,InTransition,14.0775109891617
304,606,5,BS1,Terrestrial,2496.53115061175,148.379979679272,10.956480746304,34.4342385250976,893.334270320412,12.9715990331731,31.560490525713,2.86180889061728,166.113378303611,10.956480746304,Served,34.4336650206825,InTransition,0.0333101261755124
304,606,6,SAT-1,Satellite,1059628.94847624,160.326653539026,8.64853365520202,45.8637593418359,188.391482363219,2.05381640173761,31.3283493110345,8.64853365520202,160.326653539026,-7.66048316030833,Served,45.8637593418359,Stable,0
305,608,1,BS2,Terrestrial,295.272687326099,88.8443814662244,70.4920789593515,50.992146,893.334270320412,8.75952808811392,30.9841960418536,3.26963778746702,165.705549406761,70.4920789593515,Served,50.992146,Stable,0
305,608,2,BS2,Terrestrial,144.900842099444,115.189841219492,44.1466192060843,50.992146,893.334270320412,8.75952808811392,30.9998354710961,-11.349840081669,180.325027275897,44.1466192060843,Served,50.992146,Stable,0
305,608,3,BS1,Terrestrial,158.603762337124,97.0922495425244,62.2442108830514,50.992146,893.334270320412,8.75952808811392,30.973951282401,7.54483593719877,161.430351257029,62.2442108830514,Served,50.992146,Stable,0
305,608,4,SAT-1,Satellite,1066414.25829635,157.629209977554,11.3459772166739,58.0675969188878,188.391482363219,1.62217391763581,31.0376269083848,11.3459772166739,157.629209977554,-1.910882017885,Served,58.0675969188878,Stable,0
305,608,5,BS1,Terrestrial,2496.53115061175,142.641757390496,16.6947030350798,50.992146,893.334270320412,8.75952808811392,31.0706887092405,10.6780512453668,158.297135948861,16.6947030350798,Served,50.992146,Stable,0
305,608,6,SAT-1,Satellite,1070983.31423974,162.756339569528,6.21884762470037,35.6227735639313,188.391482363219,2.64425623716689,30.8428765630582,6.21884762470037,162.756339569528,-11.9129359028106,Served,35.6227735639313,Stable,0
306,610,1,BS2,Terrestrial,295.272687326099,89.7295369173044,69.6069235082715,33.994764,893.334270320412,8.75952808811392,30.505060312111,8.96131897151093,160.013868222717,69.6069235082715,Served,33.994764,Stable,0
306,610,2,BS2,Terrestrial,144.900842099444,109.122547693395,50.2139127321804,33.994764,893.334270320412,8.75952808811392,30.5204123124594,-19.9700307624625,188.945217956691,50.2139127321804,Served,33.994764,Stable,0
306,610,3,BS1,Terrestrial,158.603762337124,127.269596754611,32.0668636709649,101.984292,893.334270320412,8.75952808811392,30.4950044817008,9.79236638959097,159.182820804637,32.0668636709649,Served,101.984292,Stable,0
306,610,4,BS2,Terrestrial,1289.96390375941,158.969806016945,0.366654408631291,6.50057202995839,893.334270320412,45.8079825489927,30.5575147682004,-7.24893963895988,176.224126833188,0.366654408631291,Served,6.50051608790216,InTransition,0.0172114256958314
306,610,5,SAT-1,Satellite,1077028.31789483,156.79131647298,12.1838707212484,61.9816781267857,188.391482363219,1.51973525126133,30.5899597682428,12.1838707212484,156.79131647298,6.48593681292809,Served,61.5363298816794,InTransition,14.3703190544551
306,610,6,SAT-1,Satellite,1082394.48047204,160.326359261283,8.64882793294493,45.8650495790107,188.391482363219,2.05375862549413,30.3663610954738,8.64882793294493,160.326359261283,-5.51135164923309,Served,45.8650495790107,Stable,0
307,612,1,BS2,Terrestrial,295.272687326099,93.0688937401635,66.2675666854124,33.994764,893.334270320412,8.75952808811392,30.0347145083798,4.87917183564977,164.096015358578,66.2675666854124,Served,33.994764,Stable,0
307,612,2,BS2,Terrestrial,144.900842099444,123.729544067091,35.6069163584854,33.994764,893.334270320412,8.75952808811392,30.0497866894335,8.4674931493025,160.507694044926,35.6069163584854,Served,33.994764,Stable,0
307,612,3,BS1,Terrestrial,158.603762337124,97.7510783743839,61.585382051192,101.984292,893.334270320412,8.75952808811392,30.0248425828553,12.5956391271177,156.37954806711,61.585382051192,Served,101.984292,Stable,0
307,612,4,BS2,Terrestrial,1289.96390375941,149.345490371668,9.99097005390746,21.1550339379281,893.334270320412,14.0759920773716,30.0862182120363,9.72980235610709,159.245384838121,9.99097005390746,Served,21.1550339379281,Stable,0
307,612,5,SAT-1,Satellite,1088469.36861993,160.383128831245,8.59205836298352,45.6163429652799,188.391482363219,2.06495600169669,30.1180630191728,8.59205836298352,160.383128831245,-6.2513040739338,Served,45.6163429652799,Stable,0
307,612,6,SAT-1,Satellite,1093860.61892753,156.80181340213,12.1733737920977,61.9323594688486,188.391482363219,1.52094546355833,29.8985653199576,12.1733737920977,156.80181340213,-13.8775205699236,Served,61.9323594688486,Stable,0
308,614,1,BS2,Terrestrial,295.272687326099,95.0152544837419,64.321205941834,33.994764,893.334270320412,8.75952808811392,29.5729254313923,-0.68446181858485,169.659649012813,64.321205941834,Served,33.994764,Stable,0
308,614,2,BS2,Terrestrial,144.900842099444,113.211321933462,46.1251384921139,33.994764,893.334270320412,8.75952808811392,29.5877252004695,-1.04430020117445,170.019487395403,46.1251384921139,Served,33.994764,Stable,0
308,614,3,BS1,Terrestrial,158.603762337124,107.722917691504,51.6135427340714,50.992146,893.334270320412,8.75952808811392,29.5632325216513,-0.649841446483975,169.625028640712,51.6135427340714,Served,50.992146,Stable,0
308,614,4,BS2,Terrestrial,1289.96390375941,154.761165612526,4.57529481305008,11.9429686446778,893.334270320412,24.9333393535705,29.6235033714565,-3.38047346463881,172.355660658867,4.57529481305008,Served,11.9429686446778,Stable,0
308,614,5,BS1,Terrestrial,2496.53115061175,149.844189609546,9.49227081603016,30.3577273613215,893.334270320412,14.713457626255,29.6547641348393,2.93500616102742,166.040181033201,9.49227081603016,Served,30.3572217514571,InTransition,0.0333101261755124
308,614,6,SAT-1,Satellite,1105379.96808477,166.970032816856,2.00515437737252,41.1346425745927,188.391482363219,4.57987405680244,29.4392579645376,2.00515437737252,166.970032816856,-9.66207952214083,Served,41.1346425745927,Stable,0
309,616,1,BS2,Terrestrial,295.272687326099,90.0399855331736,69.2964748924022,50.992146,893.334270320412,8.75952808811392,29.11946614904,-3.40979224785113,172.384979442079,69.2964748924022,Served,50.992146,Stable,0
309,616,2,BS2,Terrestrial,144.900842099444,119.57939968713,39.7570607384458,50.992146,893.334270320412,8.75952808811392,29.1340007137635,12.2816282988363,156.693558895392,39.7570607384458,Served,50.992146,Stable,0
309,616,3,BS1,Terrestrial,158.603762337124,96.1552135405744,63.1812468850015,50.992146,893.334270320412,8.75952808811392,29.1099474991628,12.8905320225991,156.084655171629,63.1812468850015,Served,50.992146,Stable,0
309,616,4,SAT-1,Satellite,1112296.95152023,160.83539517157,8.13979202265773,43.6493950732611,188.391482363219,2.15800794085488,29.1691426524982,8.13979202265773,160.83539517157,3.96431859291295,Served,43.3254970712928,InTransition,14.8408930490203
309,616,5,BS1,Terrestrial,2496.53115061175,145.171190180578,14.1652702449976,43.695495312293,893.334270320412,10.2222696405628,29.1998350699999,7.71614027838743,161.259046915841,14.1652702449976,Served,43.695495312293,Stable,0
309,616,6,SAT-1,Satellite,1116950.83057552,158.929307936412,10.0458792578162,52.0994023281687,188.391482363219,1.80800041789885,28.9882139938488,10.0458792578162,158.929307936412,-5.62199259956421,Served,52.0994023281687,Stable,0
310,618,1,BS2,Terrestrial,295.272687326099,91.8396058865858,67.4968545389901,50.992146,893.334270320412,8.75952808811392,28.6741159081624,10.3929651241534,158.582222070075,67.4968545389901,Served,50.992146,Stable,0
310,618,2,BS2,Terrestrial,144.900842099444,117.273636629367,42.0628237962089,50.992146,893.334270320412,8.75952808811392,28.6883922793957,11.0850218022707,157.890165391957,42.0628237962089,Served,50.992146,Stable,0
310,618,3,BS1,Terrestrial,158.603762337124,99.6473914556802,59.6890689698957,101.984292,893.334270320412,8.75952808811392,28.664766893325,6.6830728833074,162.292114310921,59.6890689698957,Served,101.984292,Stable,0
310,618,4,SAT-1,Satellite,1123898.16347016,155.816219014934,13.1589681792944,44.3939014121276,188.391482363219,1.41454476381264,28.7229146487675,13.1589681792944,155.816219014934,3.67680004863371,Served,44.3939014121276,Stable,0
310,618,5,SAT-1,Satellite,1123109.81806626,158.112674997516,10.8625121967124,37.2213256286383,188.391482363219,1.68712854061874,28.7530539750541,10.8625121967124,158.112674997516,6.20505241015078,Served,36.9424417865707,InTransition,14.9851644108573
310,618,6,SAT-1,Satellite,1128571.57069891,166.954482955575,2.02070423865342,13.743255890278,188.391482363219,4.56930739623079,28.5452145183206,2.02070423865342,166.954482955575,-14.6715882391159,Served,13.743255890278,Stable,0
311,620,1,BS2,Terrestrial,295.272687326099,89.7339420874992,69.6025183380767,33.994764,893.334270320412,8.75952808811392,28.236660036543,1.49666994501345,167.478517249215,69.6025183380767,Served,33.994764,Stable,0
311,620,2,BS2,Terrestrial,144.900842099444,113.512889549628,45.8235708759482,33.994764,893.334270320412,8.75952808811392,28.2506850316203,4.85001692185048,164.125170272378,45.8235708759482,Served,33.994764,Stable,0
311,620,3,BS1,Terrestrial,158.603762337124,105.465362432204,53.8710979933716,50.992146,893.334270320412,8.75952808811392,28.2274761607496,4.81200237433094,164.163184819897,53.8710979933716,Served,50.992146,Stable,0
311,620,4,BS2,Terrestrial,1289.96390375941,145.761512337144,13.5749480884315,27.977514774528,893.334270320412,10.6434789689724,28.2846040445476,-1.31536364047142,170.2905508347,13.5749480884315,Served,27.9772740080696,InTransition,0.0172114256958314
311,620,5,BS1,Terrestrial,2496.53115061175,148.702775892676,10.6336845329,33.5255440711802,893.334270320412,13.3231882594316,28.3142050996426,3.32424456211749,165.650942632111,10.6336845329,Served,33.5249857011286,InTransition,0.0333101261755124
311,620,6,SAT-1,Satellite,1140240.61202044,163.91538280163,5.05980439259781,62.1747509070506,188.391482363219,3.03003196015788,28.1100466940191,5.05980439259781,163.91538280163,1.13266371952508,Served,62.1747509070506,Stable,0
312,622,1,BS2,Terrestrial,295.272687326099,89.1680467745448,70.168413651031,33.994764,893.334270320412,8.75952808811392,27.8068898367023,9.50885746084464,159.466329733383,70.168413651031,Served,33.994764,Stable,0
312,622,2,BS2,Terrestrial,144.900842099444,108.70402804781,50.6324323777655,33.994764,893.334270320412,8.75952808811392,27.8206700829041,10.5675576126629,158.407629581565,50.6324323777655,Served,33.994764,Stable,0
312,622,3,BS1,Terrestrial,158.603762337124,116.727311133117,42.609149292459,50.992146,893.334270320412,8.75952808811392,27.7978667303677,1.56550903200957,167.409678162219,42.609149292459,Served,50.992146,Stable,0
312,622,4,SAT-1,Satellite,1147245.81703501,162.504808725523,6.47037846870552,73.2801298271792,188.391482363219,2.57083990991164,27.8540015095268,6.47037846870552,162.504808725523,4.66185041137987,Served,72.7192730065849,InTransition,15.3072005171659
312,622,5,BS1,Terrestrial,2496.53115061175,152.290966923289,7.0454935022864,23.8718936388659,893.334270320412,18.7110055832767,27.8830786877759,6.95615007351481,162.019037120713,7.0454935022864,Served,23.8718936388659,Stable,0
312,622,6,BS2,Terrestrial,4576.26928829528,164.728651045117,-5.39219061954088,2.24093104277149,893.334270320412,132.881415993294,27.682503614686,-7.60545629621694,176.580643490445,-5.39219061954088,BelowTarget,2.24086262808236,InTransition,0.0610591649813323
313,624,1,BS2,Terrestrial,295.272687326099,89.8162139277807,69.5202464977952,33.994764,893.334270320412,8.75952808811392,27.3846024729089,-5.98955392254365,174.964741116772,69.5202464977952,Served,33.994764,Stable,0
313,624,2,BS2,Terrestrial,144.900842099444,107.907526649669,51.4289337759073,33.994764,893.334270320412,8.75952808811392,27.3981444111403,5.08969051855175,163.885496675676,51.4289337759073,Served,33.994764,Stable,0
313,624,3,BS1,Terrestrial,158.603762337124,99.8019442261875,59.5345161993884,50.992146,893.334270320412,8.75952808811392,27.375735890319,7.92161852595754,161.053568668271,59.5345161993884,Served,50.992146,Stable,0
313,624,4,BS2,Terrestrial,1289.96390375941,149.679717514102,9.65674291147423,20.5396426772593,893.334270320412,14.49772495003,27.4309035865899,7.45989371539417,161.515293478834,9.65674291147423,Served,20.5394659189925,InTransition,0.0172114256958314
313,624,5,BS1,Terrestrial,2496.53115061175,144.944943340066,14.3915170855097,44.3606048247551,893.334270320412,10.0690046252694,27.4594708659398,6.62526688560962,162.349920308618,14.3915170855097,Served,44.3606048247551,Stable,0
313,624,6,SAT-1,Satellite,1163717.57503342,161.228364542914,7.74682265131409,83.9244928323611,188.391482363219,2.24477355781619,27.2623841973538,7.74682265131409,161.228364542914,-8.51255053440147,Served,83.2729460393808,InTransition,15.5269759992884
314,626,1,BS2,Terrestrial,295.272687326099,87.3566622011957,71.9797982243802,33.994764,893.334270320412,8.75952808811392,26.9696008526827,2.78103113749853,166.19415605673,71.9797982243802,Served,33.994764,Stable,0
314,626,2,BS2,Terrestrial,144.900842099444,115.794444813828,43.5420156117478,33.994764,893.334270320412,8.75952808811392,26.9829107413145,8.34916503964317,160.626022154585,43.5420156117478,Served,33.994764,Stable,0
314,626,3,BS1,Terrestrial,158.603762337124,102.694539361658,56.6419210639183,50.992146,893.334270320412,8.75952808811392,26.9608866693578,-0.424476412935462,169.399663607164,56.6419210639183,Served,50.992146,Stable,0
314,626,4,BS2,Terrestrial,1289.96390375941,150.066849119119,9.26961130645722,19.8326219866486,893.334270320412,15.0145598654212,27.0151125739593,-9.07462274829822,178.049809942526,9.26961130645722,Served,19.8326219866486,Stable,0
314,626,5,BS1,Terrestrial,2496.53115061175,144.706201067084,14.6302593584918,45.0637669644739,893.334270320412,9.91189075499031,27.0431835254792,7.31813277066175,161.657054423566,14.6302593584918,Served,45.0637669644739,Stable,0
314,626,6,SAT-1,Satellite,1175522.61974925,163.843418022534,5.13176917169389,62.7225003077626,188.391482363219,3.00357099029586,26.8494930627708,5.13176917169389,163.843418022534,-5.8664874982131,Served,62.7225003077626,Stable,0
315,628,1,BS2,Terrestrial,295.272687326099,85.9563603642687,73.3801000613072,33.994764,893.334270320412,8.75952808811392,26.561693503921,5.57879065343377,163.396396540794,73.3801000613072,Served,33.994764,Stable,0
315,628,2,BS2,Terrestrial,144.900842099444,110.986133574436,48.3503268511394,33.994764,893.334270320412,8.75952808811392,26.5747774227587,7.23771617571296,161.737471018515,48.3503268511394,Served,33.994764,Stable,0
315,628,3,BS1,Terrestrial,158.603762337124,110.338239874016,48.9982205515603,101.984292,893.334270320412,8.75952808811392,26.553127713904,7.24278134486144,161.732405849367,48.9982205515603,Served,101.984292,Stable,0
315,628,4,BS2,Terrestrial,1289.96390375941,145.795427606497,13.5410328190784,27.9114751163973,893.334270320412,10.6686618627285,26.6064364028354,8.32813303984676,160.647054154381,13.5410328190784,Served,27.9114751163973,Stable,0
315,628,5,SAT-1,Satellite,1181805.17287868,158.541143250361,10.434043943867,53.8663430821924,188.391482363219,1.74869381865927,26.6340242004144,10.434043943867,158.541143250361,9.87009837059711,Served,53.4416524590641,InTransition,15.7683109276709
315,628,6,SAT-1,Satellite,1187370.20748769,165.652332352085,3.32285484214358,24.825074983417,188.391482363219,3.79437891907805,26.4436404117311,3.32285484214358,165.652332352085,-17.2860677420155,Served,24.825074983417,Stable,0
316,630,1,BS2,Terrestrial,295.272687326099,88.7546656034638,70.5817948221121,50.992146,893.334270320412,8.75952808811392,26.1606944486534,-4.25623195907349,173.231419153302,70.5817948221121,Served,50.992146,Stable,0
316,630,2,BS2,Terrestrial,144.900842099444,112.013079663407,47.3233807621691,50.992146,893.334270320412,8.75952808811392,26.1735583030041,7.29061385739934,161.684573336829,47.3233807621691,Served,50.992146,Stable,0
316,630,3,BS1,Terrestrial,158.603762337124,101.960913111807,57.3755473137692,101.984292,893.334270320412,8.75952808811392,26.1522731617419,8.81411471910911,160.161072475119,57.3755473137692,Served,101.984292,Stable,0
316,630,4,SAT-1,Satellite,1194480.76722903,159.874025804039,9.10116139018945,31.9069056786613,188.391482363219,1.96813697386321,26.2046885115535,9.10116139018945,159.874025804039,8.19459508220299,Served,31.6526485473832,InTransition,15.9374358540939
316,630,5,SAT-1,Satellite,1193675.24370444,160.464281701769,8.51090549245873,30.1743331887767,188.391482363219,2.08114493847694,26.2318059417158,8.51090549245873,160.464281701769,7.66202118328636,Served,30.1743331887767,Stable,0
316,630,6,SAT-1,Satellite,1199259.02503128,168.54914071422,0.426046480007869,10.7249961417931,188.391482363219,5.85521523341457,26.0446418982827,0.426046480007869,168.54914071422,-18.7608984889522,Served,10.7249961417931,Stable,0
317,632,1,BS2,Terrestrial,295.272687326099,89.7531806908986,69.5832797346773,50.992146,893.334270320412,8.75952808811392,25.7664230743166,4.38958273479889,164.585604459429,69.5832797346773,Served,50.992146,Stable,0
317,632,2,BS2,Terrestrial,144.900842099444,121.290757692752,38.0457027328243,50.992146,893.334270320412,8.75952808811392,25.7790725991263,1.90777739549105,167.067409798737,38.0457027328243,Served,50.992146,Stable,0
317,632,3,BS1,Terrestrial,158.603762337124,104.78568684316,54.5507735824163,50.992146,893.334270320412,8.75952808811392,25.7581425132567,7.16798560826504,161.807201585963,54.5507735824163,Served,50.992146,Stable,0
317,632,4,SAT-1,Satellite,1206393.93545227,160.208444732524,8.76674246170401,46.3828756200862,188.391482363219,2.03083012690178,25.8096877171635,8.76674246170401,160.208444732524,8.72005450219461,Served,46.3828756200862,Stable,0
317,632,5,BS1,Terrestrial,2496.53115061175,147.007604360494,12.3288560650816,38.3501016851606,893.334270320412,11.6470912861501,25.8363471889503,1.45376639321074,167.521420801017,12.3288560650816,Served,38.3494629617976,InTransition,0.0333101261755124
317,632,6,SAT-1,Satellite,1211187.80574275,160.839737647265,8.13544954696334,43.6306371808043,188.391482363219,2.15893572196217,25.6523185006756,8.13544954696334,160.839737647265,-10.4109373980936,Served,43.6306371808043,Stable,0
318,634,1,BS2,Terrestrial,295.272687326099,90.6679414053113,68.6685190202646,33.994764,893.334270320412,8.75952808811392,25.3787040033359,4.29263144500626,164.682555749222,68.6685190202646,Served,33.994764,Stable,0
318,634,2,BS2,Terrestrial,144.900842099444,121.65009342399,37.6863670015858,33.994764,893.334270320412,8.75952808811392,25.3911447673725,1.38646805382322,167.588719140405,37.6863670015858,Served,33.994764,Stable,0
318,634,3,BS1,Terrestrial,158.603762337124,107.450689817571,51.8857706080051,50.992146,893.334270320412,8.75952808811392,25.3705605009927,4.2490357327884,164.72615146144,51.8857706080051,Served,50.992146,Stable,0
318,634,4,BS2,Terrestrial,1289.96390375941,159.467755732548,-0.13129530697168,5.98754567816676,893.334270320412,49.7329133024629,25.4212580852275,-0.267154173589432,169.242341367818,-0.13129530697168,Served,5.98749415106799,InTransition,0.0172114256958314
318,634,5,BS1,Terrestrial,2496.53115061175,151.47650514954,7.85995527603572,25.9768217985685,893.334270320412,17.1948338647348,25.4474716401012,7.20953964702585,161.765647547202,7.85995527603572,Served,25.9768217985685,Stable,0
318,634,6,SAT-1,Satellite,1223155.32772209,161.013709394244,7.9614777999837,85.7624348391684,188.391482363219,2.19666667249492,25.2664963908093,7.9614777999837,161.013709394244,-13.0415305344847,Served,85.7624348391684,Stable,0
319,636,1,BS2,Terrestrial,295.272687326099,89.9479739054692,69.3884865201067,33.994764,893.334270320412,8.75952808811392,24.9973669617069,7.76541825104127,161.209768943187,69.3884865201067,Served,33.994764,Stable,0
319,636,2,BS2,Terrestrial,144.900842099444,110.44012337226,48.8963370533159,33.994764,893.334270320412,8.75952808811392,25.0096043717683,-0.373512462620369,169.348699656848,48.8963370533159,Served,33.994764,Stable,0
319,636,3,BS1,Terrestrial,158.603762337124,102.022176193452,57.3142842321239,50.992146,893.334270320412,8.75952808811392,24.9893569582247,5.38805290780348,163.587134286425,57.3142842321239,Served,50.992146,Stable,0
319,636,4,BS2,Terrestrial,1289.96390375941,148.870758987119,10.4657014384565,22.0365054802804,893.334270320412,13.5129451615309,25.0392287985421,1.40094360946284,167.574243584765,10.4657014384565,Served,22.0365054802804,Stable,0
319,636,5,BS1,Terrestrial,2496.53115061175,147.055406336906,12.2810540886703,38.2124258695075,893.334270320412,11.6890546725701,25.0650081202729,2.20632819459777,166.76885899963,12.2810540886703,Served,38.2124258695075,Stable,0
319,636,6,SAT-1,Satellite,1235160.41203609,171.294053112772,-2.31886591854396,19.9697302470349,188.391482363219,9.4338521368455,24.8870068028493,-2.31886591854396,171.294053112772,-8.70680647122404,Served,19.9697302470349,Stable,0
320,638,1,BS2,Terrestrial,295.272687326099,89.4586553204414,69.8778051051345,33.994764,893.334270320412,8.75952808811392,24.6222466471821,1.38451977024641,167.590667423982,69.8778051051345,Served,33.994764,Stable,0
320,638,2,BS2,Terrestrial,144.900842099444,123.913044360689,35.4234160648867,33.994764,893.334270320412,8.75952808811392,24.6342859523115,7.10655149319069,161.868635701037,35.4234160648867,Served,33.994764,Stable,0
320,638,3,BS1,Terrestrial,158.603762337124,111.971884364395,47.3645760611806,50.992146,893.334270320412,8.75952808811392,24.6143666871465,-0.341160022786113,169.316347217014,47.3645760611806,Served,50.992146,Stable,0
320,638,4,BS2,Terrestrial,1289.96390375941,146.345379026733,12.9910813988428,26.8437753987816,893.334270320412,11.093003338134,24.6634340253978,-11.3081035799608,180.283290774189,12.9910813988428,Served,26.8437753987816,Stable,0
320,638,5,BS1,Terrestrial,2496.53115061175,145.130218044132,14.206242381444,43.8158502561487,893.334270320412,10.1941907448783,24.6887904498989,4.56939360194488,164.405793592283,14.206242381444,Served,43.8158502561487,Stable,0
320,638,6,SAT-1,Satellite,1247201.92101793,168.091628235821,0.883558958406866,34.6262217884896,188.391482363219,5.44071725509029,24.5136859015956,0.883558958406866,168.091628235821,-3.58516847048355,Served,34.6262217884896,Stable,0
321,640,1,BS2,Terrestrial,295.272687326099,89.8214974096984,69.5149630158775,33.994764,893.334270320412,8.75952808811392,24.2531825975967,7.56073536124518,161.414451832983,69.5149630158775,Served,33.994764,Stable,0
321,640,2,BS2,Terrestrial,144.900842099444,111.290287064447,48.0461733611288,33.994764,893.334270320412,8.75952808811392,24.2650288932874,2.35961031563687,166.615576878591,48.0461733611288,Served,33.994764,Stable,0
321,640,3,BS1,Terrestrial,158.603762337124,98.6073176915692,60.7291427340066,50.992146,893.334270320412,8.75952808811392,24.2454293272082,5.63328708162672,163.341900112601,60.7291427340066,Served,50.992146,Stable,0
321,640,4,BS2,Terrestrial,1289.96390375941,157.444706235776,1.89175418979968,8.25076180904467,893.334270320412,36.0909812934332,24.2937127879182,-10.1829718722932,179.158159066521,1.89175418979968,Served,8.25076180904467,Stable,0
321,640,5,BS1,Terrestrial,2496.53115061175,145.85270669155,13.4837537340258,41.6999868536964,893.334270320412,10.7114454670532,24.3186573130004,1.50085488395371,167.474332310274,13.4837537340258,Served,41.6999868536964,Stable,0
321,640,6,SAT-1,Satellite,1259278.75663483,162.079513690383,6.89567350384496,76.7694171534616,188.391482363219,2.45399130732783,24.1463746511174,6.89567350384496,162.079513690383,-4.18890881799902,Served,76.7694171534616,Stable,0
322,642,1,BS2,Terrestrial,295.272687326099,89.6989263135106,69.6375341120653,50.992146,893.334270320412,8.75952808811392,23.890019059793,2.45744436591184,166.517742828316,69.6375341120653,Served,50.992146,Stable,0
322,642,2,BS2,Terrestrial,144.900842099444,117.284475026536,42.0519853990403,50.992146,893.334270320412,8.75952808811392,23.9016772921698,-2.93065063399212,171.90583782822,42.0519853990403,Served,50.992146,Stable,0
322,642,3,BS1,Terrestrial,158.603762337124,117.627285554096,41.7091748714795,33.994764,893.334270320412,8.75952808811392,23.8823892240615,1.95329082404317,167.021896370185,41.7091748714795,Served,33.994764,Stable,0
322,642,4,BS1,Terrestrial,1684.50527938871,152.478796591636,6.85766383394031,15.5968475319389,893.334270320412,19.0921972851899,23.9299088309468,0.450873396367314,168.524313797861,6.85766383394031,Served,15.5966722575362,InTransition,0.0224756191750323
322,642,5,BS1,Terrestrial,2496.53115061175,151.452432241764,7.88402818381186,17.3599542913111,893.334270320412,17.1531609536465,23.9544521259666,0.991714660398685,167.983472533829,7.88402818381186,Served,17.3599542913111,Stable,0
322,642,6,SAT-1,Satellite,1271389.85892139,162.968712399105,6.00647479512327,69.5452651930132,188.391482363219,2.70890450759465,23.784918684096,6.00647479512327,162.968712399105,-2.2029566491538,Served,69.5452651930132,Stable,0
323,644,1,BS2,Terrestrial,295.272687326099,89.9203798028067,69.4160806227692,33.994764,893.334270320412,8.75952808811392,23.5326048595417,1.45426086969505,167.520926324533,69.4160806227692,Served,33.994764,Stable,0
323,644,2,BS2,Terrestrial,144.900842099444,113.048978215519,46.2874822100572,33.994764,893.334270320412,8.75952808811392,23.5440798295067,7.21635679440575,161.758830399822,46.2874822100572,Served,33.994764,Stable,0
323,644,3,BS1,Terrestrial,158.603762337124,96.8595192419571,62.4769411836188,50.992146,893.334270320412,8.75952808811392,23.5250952995085,4.34764290837384,164.627544285854,62.4769411836188,Served,50.992146,Stable,0
323,644,4,BS2,Terrestrial,1289.96390375941,150.409312453302,8.92714797227373,19.2126983463306,893.334270320412,15.4990249021255,23.5718704918858,3.03781580872774,165.9373713855,8.92714797227373,Served,19.2125330073656,InTransition,0.0172114256958314
323,644,5,BS1,Terrestrial,2496.53115061175,142.05675891311,17.2797015124658,50.992146,893.334270320412,8.75952808811392,23.5960229072653,-10.495728596355,179.470915790583,17.2797015124658,Served,50.992146,Stable,0
323,644,6,SAT-1,Satellite,1283534.20447648,169.012279539759,-0.0370923455305956,29.8155674859638,188.391482363219,6.31856101521151,23.4291681722581,-0.0370923455305956,169.012279539759,-4.75017053722189,Served,29.8155674859638,Stable,0
324,646,1,BS2,Terrestrial,295.272687326099,88.6296831866837,70.7067772388922,50.992146,893.334270320412,8.75952808811392,23.1807932728077,2.40082288929619,166.574364304932,70.7067772388922,Served,50.992146,Stable,0
324,646,2,BS2,Terrestrial,144.900842099444,111.827405353778,47.5090550717983,50.992146,893.334270320412,8.75952808811392,23.1920896401399,6.7816337051884,162.19355348904,47.5090550717983,Served,50.992146,Stable,0
324,646,3,BS1,Terrestrial,158.603762337124,99.13162363008,60.2048367954959,50.992146,893.334270320412,8.75952808811392,23.1734009228027,6.02116377404917,162.954023420179,60.2048367954959,Served,50.992146,Stable,0
324,646,4,SAT-1,Satellite,1290820.25203388,158.159828202184,10.8153589920446,55.614922778191,188.391482363219,1.69371342215632,23.219450571841,10.8153589920446,158.159828202184,7.49118766456502,Served,55.1359989979444,InTransition,17.2228515773253
324,646,5,BS1,Terrestrial,2496.53115061175,147.80752230337,11.5289381222061,36.0579246445704,893.334270320412,12.3874887299557,23.2432221484423,2.57659574627723,166.398591447951,11.5289381222061,Served,36.0579246445704,Stable,0
324,646,6,SAT-1,Satellite,1295710.8050214,171.965298339073,-2.99011114484452,8.80802238901989,188.391482363219,10.6943121873798,23.0789776982339,-2.99011114484452,171.965298339073,-4.68100822165405,BelowTarget,8.80802238901989,Stable,0
325,648,1,BS2,Terrestrial,295.272687326099,89.8188805689402,69.5175798566357,33.994764,893.334270320412,8.75952808811392,22.8344418986491,3.29468510715162,165.680502087076,69.5175798566357,Served,33.994764,Stable,0
325,648,2,BS2,Terrestrial,144.900842099444,112.498331071585,46.8381293539906,33.994764,893.334270320412,8.75952808811392,22.8455641860487,8.03494069419975,160.940246500028,46.8381293539906,Served,33.994764,Stable,0
325,648,3,BS1,Terrestrial,158.603762337124,111.201216299823,48.1352441257531,50.992146,893.334270320412,8.75952808811392,22.8271637835877,9.08902137913103,159.886165815097,48.1352441257531,Served,50.992146,Stable,0
325,648,4,BS2,Terrestrial,1289.96390375941,152.879787032768,6.45667339280794,14.9264155364967,893.334270320412,19.949738728545,22.8725062083672,1.61604459782276,167.359142596405,6.45667339280794,Served,14.9262870840507,InTransition,0.0172114256958314
325,648,5,BS1,Terrestrial,2496.53115061175,147.399009135647,11.9374512899288,37.2253461457404,893.334270320412,11.9990055542121,22.895906686704,-0.514877973160793,169.490065167389,11.9374512899288,Served,37.2253461457404,Stable,0
325,648,6,SAT-1,Satellite,1307918.70601709,165.993528411139,2.98165878308913,47.3587964905153,188.391482363219,3.97796177951753,22.7342061291141,2.98165878308913,165.993528411139,-5.40343625930396,Served,47.3587964905153,Stable,0
326,650,1,BS2,Terrestrial,295.272687326099,89.7560436237159,69.58041680186,50.992146,893.334270320412,8.75952808811392,22.4934125340033,1.6796925655776,167.295494628651,69.58041680186,Served,50.992146,Stable,0
326,650,2,BS2,Terrestrial,144.900842099444,121.296892440915,38.0395679846609,50.992146,893.334270320412,8.75952808811392,22.5043651310735,1.12101308167041,167.854174112558,38.0395679846609,Served,50.992146,Stable,0
326,650,3,BS1,Terrestrial,158.603762337124,122.051130020486,37.2853304050903,50.992146,893.334270320412,8.75952808811392,22.4862457667278,10.9859061827065,157.989281011522,37.2853304050903,Served,50.992146,Stable,0
326,650,4,SAT-1,Satellite,1315242.41221473,157.932709646224,11.0424775480041,56.6620712971636,188.391482363219,1.66241259850175,22.5308987500711,11.0424775480041,157.932709646224,10.3515389497081,Served,56.1648982873345,InTransition,17.5487058078656
326,650,5,BS1,Terrestrial,2496.53115061175,148.189198578696,11.1472618468798,34.9736871256153,893.334270320412,12.7715197301305,22.553937579347,3.35544481655907,165.619742377669,11.1472618468798,Served,34.9736871256153,Stable,0
326,650,6,SAT-1,Satellite,1320156.98533829,158.333328919612,10.6418582746164,54.8177925241936,188.391482363219,1.71834247320405,22.3947164919501,10.6418582746164,158.333328919612,-7.89773695019562,Served,54.8177925241936,Stable,0
327,652,1,BS2,Terrestrial,295.272687326099,89.7325640081344,69.6038964174414,33.994764,893.334270320412,8.75952808811392,22.1575710505658,0.822002519480264,168.153184674748,69.6038964174414,Served,33.994764,Stable,0
327,652,2,BS2,Terrestrial,144.900842099444,111.798570796037,47.5378896295389,33.994764,893.334270320412,8.75952808811392,22.1683582177256,-1.5788047543565,170.553991948585,47.5378896295389,Served,33.994764,Stable,0
327,652,3,BS1,Terrestrial,158.603762337124,101.727026247407,57.6094341781685,50.992146,893.334270320412,8.75952808811392,22.1505128292357,6.95623009928957,162.018957094939,57.6094341781685,Served,50.992146,Stable,0
327,652,4,BS2,Terrestrial,1289.96390375941,149.455835871383,9.88062455419274,20.9513695418719,893.334270320412,14.2128221981712,22.1944936332853,-1.82337024471872,170.798557438947,9.88062455419274,Served,20.9511892404018,InTransition,0.0172114256958314
327,652,5,BS1,Terrestrial,2496.53115061175,141.538545017733,17.797915407843,50.992146,893.334270320412,8.75952808811392,22.2171799802466,-10.8088765760016,179.78406377023,17.797915407843,Served,50.992146,Stable,0
327,652,6,SAT-1,Satellite,1332424.75200241,163.494614190143,5.48057300408496,65.407278938404,188.391482363219,2.88028313394038,22.0603758513925,5.48057300408496,163.494614190143,-5.31050464658085,Served,65.407278938404,Stable,0
328,654,1,BS2,Terrestrial,295.272687326099,89.5493356087332,69.7871248168426,33.994764,893.334270320412,8.75952808811392,21.8267872739374,-16.0759858196362,185.051173013864,69.7871248168426,Served,33.994764,Stable,0
328,654,2,BS2,Terrestrial,144.900842099444,124.128026278524,35.2084341470523,33.994764,893.334270320412,8.75952808811392,21.837413146261,2.93983385830163,166.035353335926,35.2084341470523,Served,33.994764,Stable,0
328,654,3,BS1,Terrestrial,158.603762337124,106.82861562945,52.5078447961263,50.992146,893.334270320412,8.75952808811392,21.8198348794715,-7.06393121703684,176.039118411265,52.5078447961263,Served,50.992146,Stable,0
328,654,4,BS2,Terrestrial,1289.96390375941,150.98282125901,8.35363916656621,18.1870843439849,893.334270320412,16.3730526825917,21.8631602609892,-3.82523630364571,172.800423497874,8.35363916656621,Served,18.1870843439849,Stable,0
328,654,5,BS1,Terrestrial,2496.53115061175,145.65441640125,13.6820440243258,42.2792897614872,893.334270320412,10.5646792479253,21.8855030185847,-4.80716699862603,173.782354192854,13.6820440243258,Served,42.2792897614872,Stable,0
328,654,6,SAT-1,Satellite,1344721.14495108,171.378107519561,-2.4029203253331,19.6620146890711,188.391482363219,9.58149433526431,21.7310551896345,-2.4029203253331,171.378107519561,-5.16809062916624,Served,19.6620146890711,Stable,0
329,656,1,BS2,Terrestrial,295.272687326099,90.9915126239058,68.34494780167,33.994764,893.334270320412,8.75952808811392,21.5009348651825,-2.77737055431967,171.752557748548,68.34494780167,Served,33.994764,Stable,0
329,656,2,BS2,Terrestrial,144.900842099444,126.650089231941,32.6863711936351,33.994764,893.334270320412,8.75952808811392,21.5114034561597,-8.30356118582591,177.278748380054,32.6863711936351,Served,33.994764,Stable,0
329,656,3,BS1,Terrestrial,158.603762337124,99.6262859703088,59.7101744552671,50.992146,893.334270320412,8.75952808811392,21.4940856587547,3.47436607291044,165.500821121318,59.7101744552671,Served,50.992146,Stable,0
329,656,4,BS2,Terrestrial,1289.96390375941,151.699769594959,7.63669083061649,16.9292534222955,893.334270320412,17.589558303536,21.5367718841249,1.38679606693526,167.588391127293,7.63669083061649,Served,16.9292534222955,Stable,0
329,656,5,BS1,Terrestrial,2496.53115061175,149.817099511349,9.51936091422712,30.4320153254827,893.334270320412,14.6775404252042,21.5587796799663,0.702440796956864,168.272746397271,9.51936091422712,Served,30.4320153254827,Stable,0
329,656,6,SAT-1,Satellite,1357045.33188226,165.239917684996,3.73526950923232,52.496891044125,188.391482363219,3.58862169961399,21.4066292887946,3.73526950923232,165.239917684996,-4.97224879853738,Served,52.496891044125,Stable,0
330,658,1,BS2,Terrestrial,295.272687326099,89.5100706376775,69.8263897878984,50.992146,893.334270320412,8.75952808811392,21.179891204911,-4.62236166577296,173.597548860001,69.8263897878984,Served,50.992146,Stable,0
330,658,2,BS2,Terrestrial,144.900842099444,123.873189212199,35.4632712133768,50.992146,893.334270320412,8.75952808811392,21.190206410126,-9.36778193339791,178.342969127626,35.4632712133768,Served,50.992146,Stable,0
330,658,3,BS1,Terrestrial,158.603762337124,99.421791492106,59.9146689334699,33.994764,893.334270320412,8.75952808811392,21.1731426255025,-1.57083003757597,170.546017231804,59.9146689334699,Served,33.994764,Stable,0
330,658,4,BS1,Terrestrial,1684.50527938871,154.837780313581,4.49868011199445,11.8277456373657,893.334270320412,25.1762338518742,21.2152054854235,2.35801532461218,166.617171869616,4.49868011199445,Served,11.8276127194124,InTransition,0.0224756191750323
330,658,5,BS1,Terrestrial,2496.53115061175,147.019455035657,12.3170053899187,25.5439749209208,893.334270320412,11.6574687780061,21.2368866900415,2.60688028479473,166.368306909433,12.3170053899187,Served,25.5439749209208,Stable,0
330,658,6,SAT-1,Satellite,1369396.508131,166.850811387152,2.12437580707626,41.8673254931263,188.391482363219,4.49972574422382,21.0869766158454,2.12437580707626,166.850811387152,-6.0413052570251,Served,41.8673254931263,Stable,0
331,660,1,BS2,Terrestrial,295.272687326099,89.7161805356493,69.6202798899266,50.992146,893.334270320412,8.75952808811392,20.8635372799751,4.4822731450455,164.492914049183,69.6202798899266,Served,50.992146,Stable,0
331,660,2,BS1,Terrestrial,565.376556244471,128.253195740744,31.083264684832,50.992146,893.334270320412,8.75952808811392,20.8737028807014,5.61733950970492,163.357847684523,31.083264684832,Served,50.9919536685178,InTransition,0.00754357277719736
331,660,3,BS1,Terrestrial,158.603762337124,99.1523226806622,60.1841377449136,50.992146,893.334270320412,8.75952808811392,20.8568868419844,7.34408859450127,161.631098599727,60.1841377449136,Served,50.992146,Stable,0
331,660,4,BS2,Terrestrial,1289.96390375941,146.045262124332,13.2911983012436,41.1385231668896,893.334270320412,10.8576366085914,20.898341665836,-4.53390651171441,173.509093705943,13.2911983012436,Served,41.1381691405722,InTransition,0.0172114256958314
331,660,5,SAT-1,Satellite,1375968.80013797,165.080323882812,3.89486331141629,26.810278813542,188.391482363219,3.51341893296651,20.9197044007279,3.89486331141629,165.080323882812,-2.27978191187657,Served,26.5641745091406,InTransition,18.3589515135563
331,660,6,SAT-1,Satellite,1381773.89559673,168.943608680228,0.0315785140000457,15.0788191822797,188.391482363219,6.24689108894587,20.7719792101718,0.0315785140000457,168.943608680228,-8.02923362172137,Served,15.0788191822797,Stable,0
332,662,1,BS2,Terrestrial,295.272687326099,87.30561579403,72.0308446315459,33.994764,893.334270320412,8.75952808811392,20.5517575728479,-8.23318181432165,177.20836900855,72.0308446315459,Served,33.994764,Stable,0
332,662,2,BS2,Terrestrial,144.900842099444,114.231784385641,45.1046760399345,33.994764,893.334270320412,8.75952808811392,20.5617772395567,-9.8371683307999,178.812355525028,45.1046760399345,Served,33.9947311381331,InTransition,0.00193334873153406
332,662,3,BS1,Terrestrial,158.603762337124,108.987618388381,50.3488420371949,50.992146,893.334270320412,8.75952808811392,20.5452028637597,6.6770992864962,162.298087907732,50.3488420371949,Served,50.992146,Stable,0
332,662,4,BS2,Terrestrial,1289.96390375941,152.775345472223,6.5611149533531,15.0999718060629,893.334270320412,19.7204401393147,20.5860645336369,2.45066181555089,166.524525378677,6.5611149533531,Served,15.0999718060629,Stable,0
332,662,5,BS1,Terrestrial,2496.53115061175,157.799870554474,1.53658987110211,11.7291068795971,893.334270320412,38.0819392086185,20.6071166791053,1.00934149339213,167.965845700836,1.53658987110211,Served,11.7289115305821,InTransition,0.0333101261755124
332,662,6,SAT-1,Satellite,1394176.74171543,164.343222133114,4.6319650611141,58.9634107550949,188.391482363219,3.19505740849532,20.4615225738225,4.6319650611141,164.343222133114,-3.46527832838453,Served,58.9634107550949,Stable,0
333,664,1,BS2,Terrestrial,295.272687326099,92.8030338836223,66.5334265419536,25.496073,893.334270320412,8.75952808811392,20.2444399537329,1.86747866386727,167.107708530361,66.5334265419536,Served,25.496073,Stable,0
333,664,2,BS2,Terrestrial,144.900842099444,126.283310895073,33.053149530503,25.496073,893.334270320412,8.75952808811392,20.2543172495141,-3.28233931872396,172.257526512952,33.053149530503,Served,25.496073,Stable,0
333,664,3,BS1,Terrestrial,158.603762337124,124.877169683103,34.4592907424729,50.992146,893.334270320412,8.75952808811392,20.2379786318466,1.1860372348338,167.789149959394,34.4592907424729,Served,50.992146,Stable,0
333,664,4,BS2,Terrestrial,1289.96390375941,148.369135955437,10.9673244701388,17.2324267616716,893.334270320412,12.9600764111089,20.2782615962539,1.28528865942286,167.689898534805,10.9673244701388,Served,17.2324267616716,Stable,0
333,664,5,BS1,Terrestrial,2496.53115061175,154.442918323793,4.89354210178254,18.6407662068887,893.334270320412,23.9618441754363,20.2990107990336,1.44741496879359,167.527772225435,4.89354210178254,Served,18.6407662068887,Stable,0
333,664,6,BS2,Terrestrial,4576.26928829528,165.054550427243,-5.71809000166684,1.57250742483661,893.334270320412,142.023855692324,20.1554955644964,-16.8290031131709,185.804190307399,-5.71809000166684,BelowTarget,1.57245941684147,InTransition,0.0610591649813323
334,666,1,BS2,Terrestrial,295.272687326099,89.8408691090283,69.4955913165476,25.496073,893.334270320412,8.75952808811392,19.9414755754351,-Inf,Inf,69.4955913165476,Served,25.496073,Stable,0
334,666,2,BS2,Terrestrial,144.900842099444,118.050838846236,41.2856215793395,25.496073,893.334270320412,8.75952808811392,19.9512139593297,-Inf,Inf,41.2856215793395,Served,25.496073,Stable,0
334,666,3,BS1,Terrestrial,158.603762337124,97.2759488502292,62.0605115753467,50.992146,893.334270320412,8.75952808811392,19.9351053676527,-Inf,Inf,62.0605115753467,Served,50.992146,Stable,0
334,666,4,BS2,Terrestrial,1289.96390375941,151.607576668711,7.72888375686514,12.8170361120659,893.334270320412,17.4247435699942,19.9748236548535,-Inf,Inf,7.72888375686514,Served,12.8170361120659,Stable,0
334,666,5,BS1,Terrestrial,2496.53115061175,149.527703854835,9.8087565707406,31.2284721551521,893.334270320412,14.3032016725325,19.9952773355274,-Inf,Inf,9.8087565707406,Served,31.2284721551521,Stable,0
334,666,6,BS2,Terrestrial,4576.26928829528,163.57082011122,-4.23435968564365,2.11934585639912,893.334270320412,105.378537866188,19.8537902912931,-Inf,Inf,-4.23435968564365,BelowTarget,2.11934585639912,Stable,0
