ScenarioID,UserID,ScenarioType,NumBS,NumUsers,UserLat,UserLon,ServingNode,ServingType,Distance_m,PathLoss_dB,SNR_dB,Capacity_Mbps,SatElevation_deg,NodePower_W,EnergyPerBit_uJ,NodeLoad,CandBS_SNR_dB,CandBS_Distance_m,CandBS_PathLoss_dB,CandSat_SNR_dB,CandSat_Elevation_deg,CandSat_SlantRange_m,CandSat_PathLoss_dB
1,1,UMi,2,10,37.9913540515459,23.6928652011268,BS2,Terrestrial,3882.40103826962,151.934626444162,2.40183398141423,13.3422508707538,NaN,248.05866228095,9.29598254012352,2,2.40183398141423,3882.40103826962,151.934626444162,1.34825908756829,26.551622101819,1166344.18568105,167.62692810666
1,2,UMi,2,10,38.0253303527598,23.7153529300057,SAT-1,Satellite,1168811.22723064,156.514444763226,12.4607424310022,31.6424699542014,26.4663729708768,188.391482363219,1.48843850239798,4,-8.95725911067069,4932.97762116704,163.293719536247,12.4607424310022,26.4663729708768,1168811.22723064,156.514444763226
1,3,UMi,2,10,38.0111147343784,23.7863345049892,BS1,Terrestrial,2135.58946371279,130.490129467482,23.8463309580935,25.496073,NaN,248.05866228095,2.43232224704713,4,23.8463309580935,2135.58946371279,130.490129467482,7.34651219270287,26.5829788144717,1165435.8445184,161.628675001525
1,4,UMi,2,10,37.9734728587681,23.7812486782493,SAT-1,Satellite,1162110.64013815,158.258252941942,10.7169342522861,27.5812080051828,26.6986262107642,188.391482363219,1.70760724410455,4,7.39849628991837,3634.38985057002,146.937964135657,10.7169342522861,26.6986262107642,1162110.64013815,158.258252941942
1,5,UMi,2,10,38.0259125502795,23.7983896947887,BS1,Terrestrial,3919.76154455582,153.593349364197,0.743111061378755,5.18073997240833,NaN,248.05866228095,11.9702331907249,4,0.743111061378755,3919.76154455582,153.593349364197,-7.4416032659405,26.5476257299892,1166455.90779065,176.416790460169
1,6,UMi,2,10,37.976946089271,23.7735280999285,SAT-1,Satellite,1162654.60960881,158.704368697356,10.2708184968718,26.5608371084713,26.6796711569414,188.391482363219,1.77320731264841,4,5.60932647978913,4238.61889136458,148.727133945787,10.2708184968718,26.6796711569414,1162654.60960881,158.704368697356
1,7,UMi,2,10,37.9803581233595,23.7332579623236,BS1,Terrestrial,3718.23596326488,145.897467582241,8.43899284333528,13.7540093298816,NaN,248.05866228095,4.50884277324912,4,8.43899284333528,3718.23596326488,145.897467582241,0.789220833020124,26.6279134642279,1164143.30649671,168.185966361208
1,8,UMi,2,10,37.9928789789047,23.7278490203597,BS1,Terrestrial,3389.03483769814,146.309765198988,8.02669522658834,13.2074734538228,NaN,248.05866228095,4.69542231427223,4,8.02669522658834,3389.03483769814,146.309765198988,7.16816697814667,26.5823963539921,1165454.70139445,161.807020216081
1,9,UMi,2,10,38.0142237139296,23.7595359687664,BS2,Terrestrial,2601.90503926063,145.896030385766,8.44043003980994,27.5118523417383,NaN,248.05866228095,4.50821448152039,2,8.44043003980994,2601.90503926063,145.896030385766,-13.5367171474251,26.5462121259055,1166498.10985361,182.511904341653
1,10,UMi,2,10,37.9868043762032,23.7837935205946,SAT-1,Satellite,1163265.99651254,157.566504489464,11.4086827047644,29.1794210835665,26.658365679545,188.391482363219,1.61407830730849,4,7.3974288717524,2515.75073643135,146.939031553823,11.4086827047644,26.658365679545,1163265.99651254,157.566504489464
2,1,UMa,2,5,37.9799175379104,23.7747344061819,BS1,Terrestrial,4771.19838044348,155.941676823571,3.39478360200528,10.2286908835231,NaN,503.334270320412,16.4026943445001,3,3.39478360200528,4771.19838044348,155.941676823571,-1.83233252467534,22.5871437086653,1293571.80004686,170.807519718903
2,2,UMa,2,5,38.0086001196897,23.7169573341818,SAT-1,Satellite,1298711.10749681,158.360417439313,10.6147697549148,54.6935629949413,22.4429621743669,188.391482363219,1.72224547137881,2,-1.6172426059037,2145.64029944394,160.95370303148,10.6147697549148,22.4429621743669,1298711.10749681,158.360417439313
2,3,UMa,2,5,37.979797372918,23.6739559528523,BS1,Terrestrial,4104.43224496482,149.757751722033,9.57870870354287,20.3966163841863,NaN,503.334270320412,8.22578053862328,3,9.57870870354287,4104.43224496482,149.757751722033,6.79434894542658,22.4517704916386,1298399.26619297,162.180838248802
2,4,UMa,2,5,37.9510725632203,23.7564529626532,SAT-1,Satellite,1292059.11409191,172.253476792025,-3.27828959779737,8.33840831065889,22.6298598771278,188.391482363219,11.2966093374439,2,-27.3485002163502,4277.60623610907,186.684960641926,-3.27828959779737,22.6298598771278,1292059.11409191,172.253476792025
2,5,UMa,2,5,37.9791112675162,23.7302276570938,BS1,Terrestrial,879.871438269042,128.116712733758,31.2197476918176,33.994764,NaN,503.334270320412,4.93540976212702,3,31.2197476918176,879.871438269042,128.116712733758,2.89738657547502,22.5291778043993,1295634.76073654,166.077800618753
3,1,UMi,1,5,38.033430971632,23.7140671986181,SAT-1,Satellite,878597.763067711,153.687838445614,15.2873487486144,38.4032156262675,40.2485827238879,188.391482363219,1.22640434720758,4,-4.84775761839222,3780.54969937751,159.184218043968,15.2873487486144,40.2485827238879,878597.763067711,153.687838445614
3,2,UMi,1,5,38.0059575432868,23.7195443440646,BS1,Terrestrial,2578.1744227646,140.220137274418,14.1163231511583,87.1035380593399,NaN,248.05866228095,2.84785977478847,1,14.1163231511583,2578.1744227646,140.220137274418,9.41839640704788,40.1080431053525,880702.044924369,159.55679078718
3,3,UMi,1,5,38.0271537486151,23.6677848933737,SAT-1,Satellite,877219.3678497,157.785160218637,11.1900269755908,28.6722576776579,40.3410523751758,188.391482363219,1.64262860358933,4,-16.1263725370344,3143.54463940059,170.46283296261,11.1900269755908,40.3410523751758,877219.3678497,157.785160218637
3,4,UMi,1,5,37.9647705012994,23.6893680190172,SAT-1,Satellite,882369.960041578,156.423148449727,12.5520387445012,31.8578364563625,39.9972201184698,188.391482363219,1.47837630641733,4,-4.09376954972123,4474.63706863665,158.430229975297,12.5520387445012,39.9972201184698,882369.960041578,156.423148449727
3,5,UMi,1,5,38.0157823583385,23.727869930528,SAT-1,Satellite,880352.872982586,156.734835976337,12.2403512178913,31.1235809116404,40.1313187457201,188.391482363219,1.51325359136904,4,-7.74750881064062,3514.23823261745,162.083969236216,12.2403512178913,40.1313187457201,880352.872982586,156.734835976337
4,1,UMi,3,9,37.9530238454674,23.7755674662132,BS2,Terrestrial,951.517688251627,150.966982307572,3.36947811800368,6.11605722776725,NaN,248.05866228095,8.11171815576708,5,3.36947811800368,951.517688251627,150.966982307572,-Inf,18.2273235512443,1467891.49214431,Inf
4,2,UMi,3,9,37.941028412397,23.7567761907658,BS2,Terrestrial,2684.82723629613,139.11382278432,15.2226376412557,18.7255646631354,NaN,248.05866228095,2.64941182542066,5,15.2226376412557,2684.82723629613,139.11382278432,-Inf,18.2721771551905,1465884.06960547,Inf
4,3,UMi,3,9,37.9984005343041,23.6718289515719,BS1,Terrestrial,968.053732696103,144.703718556015,9.63274186956096,30.7434375786418,NaN,248.05866228095,4.03433515927449,2,9.63274186956096,968.053732696103,144.703718556015,-Inf,18.2920053158864,1464990.08670374,Inf
4,4,UMi,3,9,37.945436072439,23.7704220760091,BS2,Terrestrial,1789.03335286646,155.994538603807,-1.65807817823082,2.75667010084683,NaN,248.05866228095,17.996978470855,5,-1.65807817823082,1789.03335286646,155.994538603807,-Inf,18.246610336102,1467028.03164839,Inf
4,5,UMi,3,9,37.9917694629082,23.7284689814627,BS3,Terrestrial,2328.96434856481,146.188304472417,8.14815595315866,26.7355450927523,NaN,248.05866228095,4.639117351458,2,8.14815595315866,2328.96434856481,146.188304472417,-Inf,18.2271877006499,1467892.55865537,Inf
4,6,UMi,3,9,37.9844694936274,23.6791815651125,BS1,Terrestrial,1140.987124964,128.961285503436,25.3751749221403,50.992146,NaN,248.05866228095,2.43232224704713,2,25.3751749221403,1140.987124964,128.961285503436,-Inf,18.3051335164372,1464405.43574676,Inf
4,7,UMi,3,9,37.9559945540687,23.7282797765851,BS2,Terrestrial,3997.39252727123,160.497197657713,-6.16073723213694,1.14837015359027,NaN,248.05866228095,43.2018650964443,5,-6.16073723213694,3997.39252727123,160.497197657713,-Inf,18.2860443779381,1465262.00975253,Inf
4,8,UMi,3,9,37.9924414472694,23.7836760619941,BS2,Terrestrial,3565.42200284699,155.549947587663,-1.21348716208718,2.98341940253196,NaN,248.05866228095,16.6291512397103,5,-1.21348716208718,3565.42200284699,155.549947587663,-Inf,18.1522937354159,1471257.80677291,Inf
4,9,UMi,3,9,37.9849957381215,23.7580437078187,BS3,Terrestrial,2611.1703447484,146.729714770663,7.60674565491325,25.3160238251213,NaN,248.05866228095,4.89924215576855,2,7.60674565491325,2611.1703447484,146.729714770663,-Inf,18.1987005179601,1469171.90010357,Inf
5,1,UMi,3,7,37.951303364959,23.7506723535456,SAT-1,Satellite,1065477.86434294,159.713960718655,9.26122647557332,24.2860055062256,30.402894459803,188.391482363219,1.93930082815518,4,-19.1479643999697,3803.73063179927,173.484424825546,9.26122647557332,30.402894459803,1065477.86434294,159.713960718655
5,2,UMi,3,7,37.9469229292586,23.7047856160727,SAT-1,Satellite,1062322.20886518,162.533494882012,6.4416923122163,18.2617443185259,30.5357357680189,188.391482363219,2.57904555935686,4,-11.247461423718,3397.01261652657,165.583921849294,6.4416923122163,30.5357357680189,1062322.20886518,162.533494882012
5,3,UMi,3,7,38.0047474237901,23.7141894464178,SAT-1,Satellite,1065916.8546486,157.348843276686,11.6263439175423,29.6859909388768,30.3843644760136,188.391482363219,1.58653523433928,4,8.91432641661311,3162.01926700836,145.422134008963,11.6263439175423,30.3843644760136,1065916.8546486,157.348843276686
5,4,UMi,3,7,37.995619399791,23.7333816294937,BS3,Terrestrial,2219.84305923701,129.055838856285,25.2806215692908,101.984292,NaN,248.05866228095,2.43232224704713,1,25.2806215692908,2219.84305923701,129.055838856285,-1.50742949599612,30.3531100125738,1066663.55300293,170.482616690224
5,5,UMi,3,7,38.0079508929163,23.7713033961307,BS1,Terrestrial,677.100934315829,134.684673938419,19.6517864871571,101.984292,NaN,248.05866228095,2.43232224704713,1,19.6517864871571,677.100934315829,134.684673938419,2.54342219563981,30.2255076713456,1069721.41101424,166.431764998588
5,6,UMi,3,7,37.9724142876981,23.7365359843938,SAT-1,Satellite,1065662.81473538,161.573568808314,7.4016183859145,20.2490638050773,30.3950888981708,188.391482363219,2.32592830188007,4,2.83454194717407,1881.2773978784,151.501918478402,7.4016183859145,30.3950888981708,1065662.81473538,161.573568808314
5,7,UMi,3,7,37.9801996796559,23.7147481338239,BS2,Terrestrial,442.446193518809,120.204709531462,34.1317508941135,101.984292,NaN,248.05866228095,2.43232224704713,1,34.1317508941135,442.446193518809,120.204709531462,4.24138120058461,30.4364596719835,1064676.95656334,164.733805993644
6,1,UMa,4,5,37.930170823949,23.7130480507634,BS4,Terrestrial,1363.31870316526,141.302184375824,18.0342760497523,101.984292,NaN,503.334270320412,4.93540976212702,1,18.0342760497523,1363.31870316526,141.302184375824,10.1123895686377,66.8404347206406,647535.140635217,158.86279762559
6,2,UMa,4,5,37.9192806410994,23.6882632238508,SAT-1,Satellite,648147.800831329,156.2982173243,12.6769698699282,32.1529324565158,66.7002749534309,188.391482363219,1.46480793484391,4,-7.44873992498091,3625.56817436014,166.785200350557,12.6769698699282,66.7002749534309,648147.800831329,156.2982173243
6,3,UMa,4,5,38.0054971178398,23.7149169546019,SAT-1,Satellite,648800.734633686,155.322942998837,13.6522441953914,34.4707184048892,66.5518868186552,188.391482363219,1.36631531834058,4,-7.14357800021074,3379.76967828137,166.480038425787,13.6522441953914,66.5518868186552,648800.734633686,155.322942998837
6,4,UMa,4,5,38.067892470733,23.7577802209181,SAT-1,Satellite,648637.314566601,153.683455052429,15.2917321417988,38.413822818705,66.5887686958929,188.391482363219,1.22606570070061,4,-11.2605409957764,4763.63105859169,170.597001421352,15.2917321417988,66.5887686958929,648637.314566601,153.683455052429
6,5,UMa,4,5,38.0620631296519,23.6964044810509,SAT-1,Satellite,650460.466895884,154.600463401155,14.3747237930733,36.2019560098247,66.180124975537,188.391482363219,1.30097585274185,4,-3.64753150643867,4887.66850615419,162.983991932015,14.3747237930733,66.180124975537,650460.466895884,154.600463401155
7,1,UMa,4,9,37.9679386372834,23.7493004472285,BS4,Terrestrial,1353.86579240346,146.227737647792,13.1087227777839,40.6074779379868,NaN,503.334270320412,6.19755640930314,2,13.1087227777839,1353.86579240346,146.227737647792,7.7225146026237,37.000615087217,930998.309886372,161.252672591604
7,2,UMa,4,9,37.9809855703249,23.7294425889184,BS1,Terrestrial,3473.10927601019,154.125113003593,5.21134742198308,38.7583782711856,NaN,503.334270320412,12.9864636440325,1,5.21134742198308,3473.10927601019,154.125113003593,4.77218640983543,36.9573852595203,931749.863022352,164.203000784393
7,3,UMa,4,9,37.9977815926349,23.6736226324469,SAT-1,Satellite,934644.464993961,160.38999324761,8.58519394661823,18.2345186922094,36.7916386311432,188.391482363219,2.06631702808485,5,-2.18636928447486,3754.1885138047,161.522829710051,8.58519394661823,36.7916386311432,934644.464993961,160.38999324761
7,4,UMa,4,9,37.9653854824473,23.6968115172445,BS3,Terrestrial,1082.96042279911,145.253097540902,14.0833628846736,86.9100396668637,NaN,503.334270320412,5.79143988714942,1,14.0833628846736,1082.96042279911,145.253097540902,7.58866647151103,36.8045522553597,934417.151560573,161.386520722717
7,5,UMa,4,9,37.9513228434895,23.7193349354176,SAT-1,Satellite,933535.996194419,157.735544052677,11.2396431415516,23.0297481779755,36.8548857400697,188.391482363219,1.63607071086766,5,6.06719019954895,2322.50408676671,153.269270226027,11.2396431415516,36.8548857400697,933535.996194419,157.735544052677
7,6,UMa,4,9,38.0213229408035,23.7571658023301,SAT-1,Satellite,928454.214193829,161.780413733747,7.19477346048086,15.8517208903964,37.1477829618976,188.391482363219,2.37692151742784,5,6.00600142304569,1853.61574783356,153.33045900253,7.19477346048086,37.1477829618976,928454.214193829,161.780413733747
7,7,UMa,4,9,37.9220316507982,23.7204691238434,SAT-1,Satellite,934607.547626631,163.247608766135,5.72757842809355,13.4675333561574,36.7936072607651,188.391482363219,2.79771324682979,5,-2.22145467931034,3851.45415496806,161.557915104886,5.72757842809355,36.7936072607651,934607.547626631,163.247608766135
7,8,UMa,4,9,37.9242112984578,23.7372244393711,SAT-1,Satellite,933463.941685013,162.616539202422,6.3586479918057,14.4747253280034,36.8589592563216,188.391482363219,2.60304051502447,5,-4.91679731930876,4765.02329055398,164.253257744885,6.3586479918057,36.8589592563216,933463.941685013,162.616539202422
7,9,UMa,4,9,37.9417208129451,23.7340096976967,BS4,Terrestrial,3317.05285813939,155.097945054659,4.2385153709169,17.1607017392693,NaN,503.334270320412,14.6653172454078,2,4.2385153709169,3317.05285813939,155.097945054659,-5.58448877887412,36.8865794841632,932982.194745066,174.559675973102
8,1,UMi,4,3,38.0459851533674,23.7034528684365,SAT-1,Satellite,626731.521938157,158.344261261293,10.6309259329348,54.7676487428468,72.4076916943237,188.391482363219,1.71991574120501,2,1.40524612146211,4102.08810257692,152.931214304114,10.6309259329348,72.4076916943237,626731.521938157,158.344261261293
8,2,UMi,4,3,38.0069481385249,23.7278695249852,SAT-1,Satellite,625387.295748564,153.152220760969,15.8229664332587,79.4030538939862,72.8413868054605,188.391482363219,1.18629871978694,2,10.2781014945552,736.109770874576,144.058358931021,15.8229664332587,72.8413868054605,625387.295748564,153.152220760969
8,3,UMi,4,3,37.9730376554212,23.8009985019824,BS4,Terrestrial,2166.40391884001,141.026874273554,13.3095861520217,82.3841841744658,NaN,248.05866228095,3.01099858870526,1,13.3095861520217,2166.40391884001,141.026874273554,9.5735045979761,73.243210023851,624175.613072828,159.401682596252
9,1,UMa,3,9,38.0126008744562,23.7234837333989,SAT-1,Satellite,1071434.47199556,164.891441222096,4.08374597213214,6.10732954726449,30.1453689442127,188.391482363219,3.42742057183114,9,-6.79120378503004,4971.4726387842,166.127664210606,4.08374597213214,30.1453689442127,1071434.47199556,164.891441222096
9,2,UMa,3,9,37.955274000822,23.7665080384376,SAT-1,Satellite,1067858.70963286,161.899656790515,7.07553040371337,8.69587216974665,30.2942767802259,188.391482363219,2.40716359677771,9,-11.123871458446,4582.23255096153,170.460331884022,7.07553040371337,30.2942767802259,1067858.70963286,161.899656790515
9,3,UMa,3,9,37.9834267454357,23.7840534687415,SAT-1,Satellite,1070869.02338006,165.938116817865,3.03707037636349,5.30299071542644,30.1689192411739,188.391482363219,3.94727957345918,9,1.32072046308465,1552.223653759,158.015739962491,3.03707037636349,30.1689192411739,1070869.02338006,165.938116817865
9,4,UMa,3,9,37.9666445531739,23.7233392020177,SAT-1,Satellite,1067440.15108785,167.857001599131,1.11818559509723,3.99216189947149,30.3117107597494,188.391482363219,5.24337125005319,9,-10.5973877634746,3620.17841735779,169.93384818905,1.11818559509723,30.3117107597494,1067440.15108785,167.857001599131
9,5,UMa,3,9,37.9360942476642,23.6736585755437,SAT-1,Satellite,1063193.32552652,167.474588674205,1.50059852002335,4.23555936248226,30.4900113601852,188.391482363219,4.9420596284546,9,-15.6852390222541,3109.32194963305,175.02169944783,1.50059852002335,30.4900113601852,1063193.32552652,167.474588674205
9,6,UMa,3,9,37.9895841199511,23.7133648716486,SAT-1,Satellite,1069108.87754811,160.851109134395,8.12407805983278,9.68478408681906,30.2420367593342,188.391482363219,2.16136846641066,9,5.47385215768108,3960.74404449755,153.862608267895,8.12407805983278,30.2420367593342,1069108.87754811,160.851109134395
9,7,UMa,3,9,37.9448502630903,23.7220621106334,SAT-1,Satellite,1065510.78380223,162.486336564775,6.48885062945322,8.15893512919921,30.3925494046368,188.391482363219,2.56557830130719,9,-2.74468578623288,3969.46081155805,162.081146211809,6.48885062945322,30.3925494046368,1065510.78380223,162.486336564775
9,8,UMa,3,9,37.9665082680359,23.7412062768208,SAT-1,Satellite,1068007.06195206,163.667605379283,5.30758181494465,7.11884594883537,30.2880436483365,188.391482363219,2.9404185846543,9,-0.193804356508451,3008.87141049173,159.530264782084,5.30758181494465,30.2880436483365,1068007.06195206,163.667605379283
9,9,UMa,3,9,38.0034510702353,23.6949805778976,SAT-1,Satellite,1069724.19387601,158.573110927161,10.4020762670676,11.9378476297787,30.2163855649362,188.391482363219,1.75344731968525,9,-2.39110893350301,4733.72593848808,161.727569359079,10.4020762670676,30.2163855649362,1069724.19387601,158.573110927161
10,1,UMi,1,6,37.9551482483001,23.728087370074,SAT-1,Satellite,1016549.54154051,157.339712402125,11.6354747921031,23.765822220053,32.5628964414484,188.391482363219,1.58539839790823,5,11.0583049402437,3633.45127745584,143.278155485332,11.6354747921031,32.5628964414484,1016549.54154051,157.339712402125
10,2,UMi,1,6,38.0046229251232,23.7483760261903,SAT-1,Satellite,1021062.7216933,157.007282003481,11.9679051907467,24.3873513244665,32.3533153254157,188.391482363219,1.54499338494554,5,3.17182904282285,3747.88291902391,151.164631382753,11.9679051907467,32.3533153254157,1021062.7216933,157.007282003481
10,3,UMi,1,6,38.0252457316545,23.6955089386103,SAT-1,Satellite,1020036.06949117,174.24328240475,-5.26809521052226,2.25305260829108,32.400701676417,188.391482363219,16.7232209021619,5,-14.7619153827327,4657.92381572066,169.098375808309,-5.26809521052226,32.400701676417,1020036.06949117,174.24328240475
10,4,UMi,1,6,37.9711136736203,23.6897644587584,SAT-1,Satellite,1015867.98177714,155.253278755566,13.7219084386623,27.7097293983438,32.5946574926342,188.391482363219,1.3597497085228,5,-3.21706685163005,2607.67211589985,157.553527277206,13.7219084386623,32.5946574926342,1015867.98177714,155.253278755566
10,5,UMi,1,6,37.9896579069658,23.7206269925355,BS1,Terrestrial,798.384188424314,135.961834179748,18.374626245828,101.984292,NaN,248.05866228095,2.43232224704713,1,18.374626245828,798.384188424314,135.961834179748,8.43422374686949,32.4643164113795,1018665.90017773,160.540963447359
10,6,UMi,1,6,38.0218263664277,23.7209174544401,SAT-1,Satellite,1020993.25621618,164.961745996098,4.01344119812984,10.8926475064481,32.3564676260469,188.391482363219,3.45905772222405,5,-34.4039662340213,4073.90357194905,188.740426659597,4.01344119812984,32.3564676260469,1020993.25621618,164.961745996098
11,1,UMa,4,6,37.9845979861842,23.7232882644902,BS3,Terrestrial,1510.92627692225,149.768083462779,9.56837696279734,61.1330961188303,NaN,503.334270320412,8.23341695866398,1,9.56837696279734,1510.92627692225,149.768083462779,3.11120802957728,23.962440585984,1246636.31090926,165.863979164651
11,2,UMa,4,6,37.9257607225678,23.7093751831711,BS4,Terrestrial,1721.56656924835,153.222876636596,6.11358378897975,43.085258420631,NaN,503.334270320412,11.6822850499463,1,6.11358378897975,1721.56656924835,153.222876636596,-14.375775483816,24.0554377579147,1243574.23317601,183.350962678044
11,3,UMa,4,6,37.9624747622076,23.7382596155892,SAT-1,Satellite,1244256.93941143,161.196330502737,7.77885669149114,28.0659874786705,24.0346000895969,188.391482363219,2.23748267669056,3,7.1058662289677,1623.60867269389,152.230594196608,7.77885669149114,24.0346000895969,1244256.93941143,161.196330502737
11,4,UMa,4,6,37.9600142443729,23.7201994065949,BS1,Terrestrial,132.576036449779,110.985419863521,48.3510405620553,101.984292,NaN,503.334270320412,4.93540976212702,1,48.3510405620553,132.576036449779,110.985419863521,5.77900437391833,24.0063694317904,1245187.74775478,163.19618282031
11,5,UMa,4,6,37.9912803612659,23.6813791455726,SAT-1,Satellite,1249621.04154261,161.424685728107,7.55050146612115,27.4183070094885,23.8723621065283,188.391482363219,2.2903369185416,3,6.30343310450186,2445.68544103706,153.033027321074,7.55050146612115,23.8723621065283,1249621.04154261,161.424685728107
11,6,UMa,4,6,37.974555877283,23.6711643175035,SAT-1,Satellite,1249130.49937035,162.418579361163,6.55660783306516,24.6608927732384,23.8871801482488,188.391482363219,2.54642690210656,3,-10.811747152064,3882.54333221855,170.14820757764,6.55660783306516,23.8871801482488,1249130.49937035,162.418579361163
12,1,UMa,1,8,38.0275014633034,23.7063537387851,SAT-1,Satellite,647440.888368722,159.392386240632,9.58280095359609,12.5025187701334,66.8599009947846,188.391482363219,1.88353528823784,8,-3.59611881563421,3677.64600437,162.93257924121,9.58280095359609,66.8599009947846,647440.888368722,159.392386240632
12,2,UMa,1,8,38.0460748775144,23.7172466391995,SAT-1,Satellite,648318.512297894,153.281211847697,15.6939753465307,19.6942331755416,66.6591519316068,188.391482363219,1.19572745409798,8,-9.2240547005847,3966.20060946638,168.560515126161,15.6939753465307,66.6591519316068,648318.512297894,153.281211847697
12,3,UMa,1,8,38.0406648916299,23.7510693495004,SAT-1,Satellite,648838.151855564,153.584097057056,15.3910901371721,19.3271685218536,66.5413489117177,188.391482363219,1.21843689978566,8,-3.05239223188755,2422.50463139683,162.388852657463,15.3910901371721,66.5413489117177,648838.151855564,153.584097057056
12,4,UMa,1,8,38.0237504377843,23.740975853244,SAT-1,Satellite,648033.179710145,156.379984993729,12.5952022004987,15.9798708166439,66.7242374848026,188.391482363219,1.47366243229419,8,7.25870946957716,731.488758849774,152.077750955999,12.5952022004987,66.7242374848026,648033.179710145,156.379984993729
12,5,UMa,1,8,38.0323175133646,23.6941927709902,SAT-1,Satellite,647359.06554624,155.316037826399,13.6591493678287,17.2436057471247,66.8787057570221,188.391482363219,1.36566189466081,8,-4.27969304111329,4852.20825235657,163.616153466689,13.6591493678287,66.8787057570221,647359.06554624,155.316037826399
12,6,UMa,1,8,38.0219820397127,23.71329956341,SAT-1,Satellite,647392.25979411,154.041380742321,14.9338064519072,18.7743663549001,66.8711026226886,188.391482363219,1.25431318694045,8,-7.74447590580533,2964.93456873961,167.080936331381,14.9338064519072,66.8711026226886,647392.25979411,154.041380742321
12,7,UMa,1,8,37.9972973510118,23.7185035036737,SAT-1,Satellite,646646.957938238,155.566020318767,13.409166875461,16.9454138583833,67.0434295997668,188.391482363219,1.38969372434371,8,4.12246984330358,3472.68253048937,155.213990582272,13.409166875461,67.0434295997668,646646.957938238,155.566020318767
12,8,UMa,1,8,38.0242345966762,23.6906813227681,SAT-1,Satellite,647004.501064135,155.27873531675,13.6964518774782,17.2881638395526,66.9605099873548,188.391482363219,1.36214207095412,8,-3.21439107983034,4966.38784239034,162.550851505406,13.6964518774782,66.9605099873548,647004.501064135,155.27873531675
13,1,UMa,3,7,37.9968461665993,23.775300809529,SAT-1,Satellite,799701.656060242,156.824556742473,12.1506304517548,24.7302103194109,46.2929263957123,188.391482363219,1.5235736366977,5,1.18376093555767,2972.17927712755,158.152699490018,12.1506304517548,46.2929263957123,799701.656060242,156.824556742473
13,2,UMa,3,7,37.9800196622612,23.7519438575564,SAT-1,Satellite,801595.301696739,159.266574251772,9.70861294245577,20.2302477701477,46.1269777760553,188.391482363219,1.86247330733353,5,6.15915388992886,1821.55702122926,153.177306535647,9.70861294245577,46.1269777760553,801595.301696739,159.266574251772
13,3,UMa,3,7,37.9562918342867,23.7411398406241,SAT-1,Satellite,803141.686116708,161.548148986106,7.42703820812201,16.2421382466173,45.9923436792098,188.391482363219,2.31978671161051,5,-0.696311131483469,1368.87040404428,160.032771557059,7.42703820812201,45.9923436792098,803141.686116708,161.548148986106
13,4,UMa,3,7,38.0079701245205,23.7896961899922,SAT-1,Satellite,798506.562559639,159.174549768573,9.80063742565528,20.3961158026886,46.3982944112944,188.391482363219,1.84732705173585,5,-6.90735084006968,3765.80409870123,166.243811265646,9.80063742565528,46.3982944112944,798506.562559639,159.174549768573
13,5,UMa,3,7,37.9896350080889,23.7043479305589,BS2,Terrestrial,1176.44945355724,142.40874402671,16.9277163988664,50.992146,NaN,503.334270320412,4.93540976212702,2,16.9277163988664,1176.44945355724,142.40874402671,10.6540159450788,45.9493232880711,803638.839730332,158.321171249149
13,6,UMa,3,7,38.0007104409743,23.6957788587884,BS2,Terrestrial,2318.20121042993,151.998338299076,7.33812212650031,24.6212067666197,NaN,503.334270320412,10.2215597125566,2,7.33812212650031,2318.20121042993,151.998338299076,6.89086560451656,45.9507868689901,803622.225943927,162.084321589712
13,7,UMa,3,7,37.9955531178349,23.7039662831774,SAT-1,Satellite,803413.317066853,157.313722447903,11.6614647463252,23.8143071610464,45.9688756682436,188.391482363219,1.58217059257029,5,9.1892100336612,1787.13566652426,150.147250391915,11.6614647463252,45.9688756682436,803413.317066853,157.313722447903
14,1,UMa,4,4,38.0192811049985,23.6680337396773,BS4,Terrestrial,4398.81120661343,160.505275430861,-1.16881500528555,15.0347604165055,NaN,503.334270320412,33.478037319959,1,-1.16881500528555,4398.81120661343,160.505275430861,-2.09948533817615,28.2335137668217,1119790.00108936,171.074672532404
14,2,UMa,4,4,38.0213001162221,23.7425820605241,BS3,Terrestrial,2153.4896709101,145.139522893585,14.196937531991,87.5770275258555,NaN,503.334270320412,5.74733220046561,1,14.196937531991,2153.4896709101,145.139522893585,6.87916169871554,28.3131915998649,1117678.15798535,162.096025495513
14,3,UMa,4,4,37.9469284431071,23.682719326921,BS1,Terrestrial,4811.39967121581,135.197562389471,24.1388980361048,101.984292,NaN,503.334270320412,4.93540976212702,1,24.1388980361048,4811.39967121581,135.197562389471,2.32469758302622,28.4963572944411,1112863.33393576,166.650489611202
14,4,UMa,4,4,38.0202431270219,23.736045429388,SAT-1,Satellite,1117782.65098657,156.553519759618,12.4216674346106,126.201466669336,28.3092453124466,188.391482363219,1.49278362078651,1,9.12833708383482,1579.01332353963,150.208123341741,12.4216674346106,28.3092453124466,1117782.65098657,156.553519759618
15,1,UMi,4,3,38.01004210664,23.6726242919583,SAT-1,Satellite,609470.889683035,156.168689892235,12.8064973019935,43.279126119361,79.4158696291544,188.391482363219,1.45098033205544,3,-4.53610822678513,3546.86486969101,158.872568652361,12.8064973019935,79.4158696291544,609470.889683035,156.168689892235
15,2,UMi,4,3,37.9743360993627,23.7371636750545,SAT-1,Satellite,608428.657406589,152.578673539583,16.3965136546453,54.7950723375594,80.0084880314875,188.391482363219,1.14603664360335,3,-1.92493612781661,2403.92620634103,156.261396553392,16.3965136546453,80.0084880314875,608428.657406589,152.578673539583
15,3,UMi,4,3,37.9757249739386,23.6465010561457,SAT-1,Satellite,609866.348981312,156.471320099014,12.5038670952137,42.325560435366,79.199915416154,188.391482363219,1.48366991817238,3,0.781304078961767,4452.69306873631,153.555156346614,12.5038670952137,79.199915416154,609866.348981312,156.471320099014
16,1,UMi,4,4,37.9417977091076,23.8014209433128,SAT-1,Satellite,675233.810551247,156.899394240029,12.0757929541986,40.9828098163412,61.3366390387669,188.391482363219,1.53228051149143,3,-7.00045942245831,4929.27253389669,161.336919848034,12.0757929541986,61.3366390387669,675233.810551247,156.899394240029
16,2,UMi,4,4,37.9670289673923,23.7269949867826,BS3,Terrestrial,2854.98720509541,139.446400985143,14.8900594404333,91.660823180185,NaN,248.05866228095,2.7062670143527,1,14.8900594404333,2854.98720509541,139.446400985143,8.785932234044,61.9180079719114,671937.703339153,160.189254960184
16,3,UMi,4,4,37.9416847905638,23.7835432196595,SAT-1,Satellite,674495.243796205,153.730897171796,15.2442900224321,51.0653813284186,61.4654943130853,188.391482363219,1.22974036723372,3,12.2496927879513,3361.80827413569,142.086767637625,15.2442900224321,61.4654943130853,674495.243796205,153.730897171796
16,4,UMi,4,4,37.9902741864996,23.7810040574069,SAT-1,Satellite,673943.767021714,155.220864482064,13.754322712164,46.2861917471959,61.5622677140022,188.391482363219,1.35671478722472,3,9.87802974407609,1896.90604759017,144.4584306815,13.754322712164,61.5622677140022,673943.767021714,155.220864482064
17,1,UMi,4,4,38.0006090695929,23.6932847558213,BS3,Terrestrial,823.716838117552,133.338288833166,20.9981715924103,101.984292,NaN,248.05866228095,2.43232224704713,1,20.9981715924103,823.716838117552,133.338288833166,12.1222302083119,36.3908175665386,941749.265478218,156.852956985916
17,2,UMi,4,4,37.9938743391233,23.7383354026772,BS1,Terrestrial,4070.45482781784,151.266871758799,3.06958866677658,29.3415294490365,NaN,248.05866228095,8.45418309607225,1,3.06958866677658,4070.45482781784,151.266871758799,2.29464361088782,36.5723063587307,938521.446725482,166.68054358334
17,3,UMi,4,4,37.9998735166361,23.6790593441219,SAT-1,Satellite,942703.071029482,161.726367880549,7.24881931367909,79.71137218013,36.3374864474658,188.391482363219,2.36342039047447,1,-10.5800000135813,3697.72266648066,164.916460439157,7.24881931367909,36.3374864474658,942703.071029482,161.726367880549
17,4,UMi,4,4,38.0271640548149,23.7338796474753,BS4,Terrestrial,1102.07836527943,146.582958232298,7.75350219327763,51.3966725908282,NaN,248.05866228095,4.82635645026594,1,7.75350219327763,1102.07836527943,146.582958232298,7.07841600150769,36.5107346720442,939612.820496032,161.89677119272
18,1,UMa,1,10,37.9564064072008,23.8114051746852,SAT-1,Satellite,1178917.92014664,162.012097277587,6.96308991664142,15.4655991390547,26.1260299012802,188.391482363219,2.43626490857999,5,-5.3065080849243,3489.76523340546,164.6429685105,6.96308991664142,26.1260299012802,1178917.92014664,162.012097277587
18,2,UMa,1,10,37.9659458335027,23.7418913669176,SAT-1,Satellite,1175642.07969898,161.007828747215,7.96735844701271,17.1625931249098,26.237200781254,188.391482363219,2.19537316991786,5,-9.26145583907305,2775.92198371575,168.597916264649,7.96735844701271,26.237200781254,1175642.07969898,161.007828747215
18,3,UMa,1,10,37.9383419249036,23.7514219742649,None,Outage,1178441.84845472,177.799991015277,-8.82480382104876,0,26.142074022886,0,Inf,0,-14.8634495884334,2797.74248315928,174.199910014009,-8.82480382104876,26.142074022886,1178441.84845472,177.799991015277
18,4,UMa,1,10,37.9375360886129,23.7871069879208,SAT-1,Satellite,1179754.87748175,162.657099624568,6.31808756965975,14.4091250294408,26.0976662802489,188.391482363219,2.61489135500311,5,4.6354363861237,2619.06147844384,154.701024039452,6.31808756965975,26.0976662802489,1179754.87748175,162.657099624568
18,5,UMa,1,10,37.9496760381475,23.7497230680596,BS1,Terrestrial,2131.97231143572,158.053268926319,1.28319149925733,5.64028366981523,NaN,503.334270320412,22.3097941427165,4,1.28319149925733,2131.97231143572,158.053268926319,-9.6632024949665,26.1784824434194,1177368.74924273,178.638389689195
18,6,UMa,1,10,37.9494086453311,23.7318103256083,BS1,Terrestrial,3628.86161672144,153.854650926698,5.48180949887825,10.0087831035613,NaN,503.334270320412,12.5723143641038,4,5.48180949887825,3628.86161672144,153.854650926698,-7.66521459059439,26.1987330664858,1176772.02419606,176.640401784823
18,7,UMa,1,10,37.9563440297969,23.814603662806,BS1,Terrestrial,3770.89848325893,158.574976178533,0.761484247042944,5.19595754364855,NaN,503.334270320412,24.2175896402232,4,0.761484247042944,3770.89848325893,158.574976178533,-1.70690224534496,26.122049582763,1179035.58457829,170.682089439573
18,8,UMa,1,10,37.9685835927061,23.7345469025647,SAT-1,Satellite,1175151.60426229,161.207128902137,7.76805829209107,16.8211491757377,26.2539050317928,188.391482363219,2.23993593297358,5,-3.4067219088345,3482.18315479818,162.74318233441,7.76805829209107,26.2539050317928,1175151.60426229,161.207128902137
18,9,UMa,1,10,37.9514354927065,23.7629214596153,BS1,Terrestrial,1044.62839358245,137.390690529387,21.9457698961888,25.496073,NaN,503.334270320412,4.93540976212702,4,21.9457698961888,1044.62839358245,137.390690529387,2.86585654856685,26.1682795168812,1177669.81320276,166.109330645661
18,10,UMa,1,10,37.972519571765,23.7316583022682,SAT-1,Satellite,1174699.63951134,159.654570794853,9.32061639937484,19.5347090174793,26.2693160130164,188.391482363219,1.92878718791919,5,0.475245964509384,3884.59744654518,158.861214461066,9.32061639937484,26.2693160130164,1174699.63951134,159.654570794853
19,1,UMi,2,4,37.9431125517533,23.7036399940384,BS1,Terrestrial,914.199742110521,137.596552193713,16.7399082318626,50.992146,NaN,248.05866228095,2.43232224704713,2,16.7399082318626,914.199742110521,137.596552193713,5.71068742179196,25.8697008611276,1186441.26884094,163.264499772436
19,2,UMi,2,4,37.9498428866371,23.6631501879388,SAT-1,Satellite,1186052.7442711,157.619486773137,11.3557004210913,116.225478211719,25.8827055560361,188.391482363219,1.62091380704014,1,-17.7143557786605,4550.3836995176,172.050816204236,11.3557004210913,25.8827055560361,1186052.7442711,157.619486773137
19,3,UMi,2,4,37.9398480708201,23.7308669918383,BS1,Terrestrial,1507.15950624437,143.07983999941,11.2566204261662,35.2836744259916,NaN,248.05866228095,3.51520450061486,2,11.2566204261662,1507.15950624437,143.07983999941,4.28862881198987,25.8649591183003,1186582.89529367,164.686558382238
19,4,UMi,2,4,37.9647528662475,23.7317539266493,BS2,Terrestrial,2639.22325707619,155.243875574544,-0.907415148967914,15.7370923216838,NaN,248.05866228095,15.7626744007313,1,-0.907415148967914,2639.22325707619,155.243875574544,-4.85665415333867,25.9481449033603,1184099.27620218,173.831841347567
20,1,UMi,4,7,37.9908269030446,23.7215192485476,SAT-1,Satellite,785918.597563783,163.31525226637,5.65993492785819,16.7016679566786,47.5339701183907,188.391482363219,2.81995012192608,4,-1.04243045204225,1956.26807958834,155.378890877618,5.65993492785819,47.5339701183907,785918.597563783,163.31525226637
20,2,UMi,4,7,37.9970789403835,23.7232249628612,BS3,Terrestrial,2658.51346733728,136.107025183197,18.2294352423791,101.984292,NaN,248.05866228095,2.43232224704713,1,18.2294352423791,2658.51346733728,136.107025183197,11.0237948053637,47.5000071416933,786284.044281198,157.951392388864
20,3,UMi,4,7,37.9647619092584,23.6965313896626,BS4,Terrestrial,1203.84697580846,139.65683226576,14.6796281598162,45.2093346644806,NaN,248.05866228095,2.74344517699617,2,14.6796281598162,1203.84697580846,139.65683226576,11.8103916460635,47.6283870217509,784905.894462168,157.164795548165
20,4,UMi,4,7,37.9822959171671,23.731136834022,SAT-1,Satellite,785086.348372436,160.039058181194,8.93612901303425,23.5648120834695,47.6114865218637,188.391482363219,1.99865250034577,4,1.63795195412067,2935.05561509766,152.698508471455,8.93612901303425,47.6114865218637,785086.348372436,160.039058181194
20,5,UMi,4,7,37.9925876630076,23.7807950293518,SAT-1,Satellite,784392.712380465,161.061919837201,7.91326735702754,21.3371330467378,47.6762330097144,188.391482363219,2.20731953480533,4,-15.1997367595087,2761.457057286,169.536197185085,7.91326735702754,47.6762330097144,784392.712380465,161.061919837201
20,6,UMi,4,7,37.9632231891866,23.7123245086066,BS4,Terrestrial,633.081126701058,124.118965982702,30.2174944428738,50.992146,NaN,248.05866228095,2.43232224704713,2,30.2174944428738,633.081126701058,124.118965982702,8.55403379808789,47.6795469038764,784358.440305782,160.42115339614
20,7,UMi,4,7,37.9378770860023,23.6753723334764,SAT-1,Satellite,783747.854602091,158.565682262919,10.4095049313088,26.8771202894011,47.7368306882123,188.391482363219,1.75234065568317,4,-13.3385258260855,4523.59563223037,167.674986251661,10.4095049313088,47.7368306882123,783747.854602091,158.565682262919
21,1,UMi,1,3,37.9682725245889,23.6857869117263,SAT-1,Satellite,981863.575605489,164.103268624061,4.87191857016703,20.2516280679257,34.2464147522137,188.391482363219,3.10084505685728,3,4.7608338240201,1027.9850989776,149.575626601556,4.87191857016703,34.2464147522137,981863.575605489,164.103268624061
21,2,UMi,1,3,37.9834671255362,23.6842127927353,SAT-1,Satellite,980592.979296471,167.185379683135,1.78980751109262,13.276949659285,34.3108401395616,188.391482363219,4.72978827209936,3,-7.28452174975317,2715.88681134188,161.620982175329,1.78980751109262,34.3108401395616,980592.979296471,167.185379683135
21,3,UMi,1,3,37.9587735985175,23.6446099576397,SAT-1,Satellite,983709.444755832,159.907138533655,9.06804866057306,31.8089959036206,34.1532213482745,188.391482363219,1.97419500376595,3,-20.4167161729227,3820.68227919398,174.753176598499,9.06804866057306,34.1532213482745,983709.444755832,159.907138533655
22,1,UMi,2,9,38.0076892218414,23.7355794423356,SAT-1,Satellite,851119.492160403,158.53597824283,10.4392089513977,15.3971272251566,42.175964390683,188.391482363219,1.74792794236703,7,-16.6019773414711,4858.44725948151,170.938437767047,10.4392089513977,42.175964390683,851119.492160403,158.53597824283
22,2,UMi,2,9,37.9591774378356,23.6653222668103,BS1,Terrestrial,1817.19568538783,136.799634610422,17.5368258151536,50.992146,NaN,248.05866228095,2.43232224704713,2,17.5368258151536,1817.19568538783,136.799634610422,13.7524748913118,41.9645635773439,854026.488843973,155.222712302916
22,3,UMi,2,9,37.9446297718511,23.7198313840246,SAT-1,Satellite,850276.472220129,157.625830079544,11.3493571146839,16.5952251661093,42.2377627939186,188.391482363219,1.62173568840711,7,-1.87521229088659,2319.19924829379,156.211672716462,11.3493571146839,42.2377627939186,850276.472220129,157.625830079544
22,4,UMi,2,9,37.9281563411951,23.7080078079003,SAT-1,Satellite,850539.294468908,160.669332559637,8.30585463459147,12.6767370919098,42.218529734522,188.391482363219,2.12302808789866,7,-9.99593838192803,4199.94797360901,164.332398807504,8.30585463459147,42.218529734522,850539.294468908,160.669332559637
22,5,UMi,2,9,37.95602065234,23.7596205766777,SAT-1,Satellite,848170.46139588,159.561406706503,9.41378048772512,14.0722464811248,42.392658822116,188.391482363219,1.91249271714576,7,-16.4396598813499,3570.49360433472,170.776120306926,9.41378048772512,42.392658822116,848170.46139588,159.561406706503
22,6,UMi,2,9,37.9917674350919,23.6870123811554,SAT-1,Satellite,853623.759597782,161.143676610604,7.83151058362375,12.0925837916912,41.9936928172596,188.391482363219,2.22558465358935,7,-4.99523557577339,3345.28047984055,159.331696001349,7.83151058362375,41.9936928172596,853623.759597782,161.143676610604
22,7,UMi,2,9,37.9866333224623,23.7627773603422,SAT-1,Satellite,848854.880084925,156.829923629496,12.1452635647324,17.6572343644322,42.3421510983472,188.391482363219,1.52419503267417,7,-8.22889258031412,4370.38985044475,162.56535300589,12.1452635647324,42.3421510983472,848854.880084925,156.829923629496
22,8,UMi,2,9,37.9617361608584,23.6912672292294,BS1,Terrestrial,483.789829312445,117.994217636915,36.3422427886606,50.992146,NaN,248.05866228095,2.43232224704713,2,36.3422427886606,483.789829312445,117.994217636915,8.62295767535875,42.0748272543724,852507.220112558,160.352229518869
22,9,UMi,2,9,38.0020787816487,23.7539115712123,SAT-1,Satellite,849841.147684645,164.242806286974,4.73238090725386,8.53001200923691,42.2696117074682,188.391482363219,3.15510328471845,7,-4.98842089015523,4993.75436713747,159.324881315731,4.73238090725386,42.2696117074682,849841.147684645,164.242806286974
23,1,UMi,2,6,38.0144613163872,23.7857320045177,BS1,Terrestrial,1832.63146337113,150.067958268395,4.26850215718059,34.4543636082872,NaN,248.05866228095,7.19962977987745,1,4.26850215718059,1832.63146337113,150.067958268395,-4.71658414608916,27.6054065625188,1136975.2064938,173.691771340317
23,2,UMi,2,6,37.9152927510989,23.7562677581555,SAT-1,Satellite,1133274.18867406,161.956068758616,7.01911843561226,19.4483317964004,27.7411031458637,188.391482363219,2.42169205481787,4,-12.4239504445392,3535.20257623045,166.760410870115,7.01911843561226,27.7411031458637,1133274.18867406,161.956068758616
23,3,UMi,2,6,37.9661063495821,23.782650049511,BS2,Terrestrial,4383.04330643841,147.493056363218,6.84340406235742,46.7184578152004,NaN,248.05866228095,5.3096500587021,1,6.84340406235742,4383.04330643841,147.493056363218,4.50560722401892,27.6983421381576,1134436.45585491,164.469579970209
23,4,UMi,2,6,37.9448222994245,23.7198053464713,SAT-1,Satellite,1137259.60394673,158.591195859768,10.3839913344599,26.8188709291863,27.5952020937676,188.391482363219,1.75614665938636,4,2.65077030210767,1841.89072222963,151.685690123468,10.3839913344599,27.5952020937676,1137259.60394673,158.591195859768
23,5,UMi,2,6,37.984818597367,23.7641472989188,SAT-1,Satellite,1136671.1050531,167.29118489478,1.68400229944848,9.79989769111781,27.6165729713756,188.391482363219,4.80595533497171,4,-0.995081433225664,1965.30204725816,155.331541858802,1.68400229944848,27.6165729713756,1136671.1050531,167.29118489478
23,6,UMi,2,6,37.9982491116675,23.8058274603055,SAT-1,Satellite,1134778.46163049,162.561424230082,6.41376296414606,18.2050623233487,27.6857354712741,188.391482363219,2.58707549330384,4,-0.450458755684195,2659.52369960867,154.78691918126,6.41376296414606,27.6857354712741,1134778.46163049,162.561424230082
24,1,UMi,2,8,37.9846139426357,23.7745664264785,SAT-1,Satellite,982285.721891467,159.13957521493,9.83561197929859,14.6137449094769,34.2244284765553,188.391482363219,1.84162711719282,7,-13.6176978973574,4439.93050979161,167.954158322933,9.83561197929859,34.2244284765553,982285.721891467,159.13957521493
24,2,UMi,2,8,37.9636879642249,23.7466326138863,SAT-1,Satellite,983613.842347781,159.906247149962,9.06894004426616,13.6335559400431,34.1573453471265,188.391482363219,1.9740315019345,7,4.23642903180593,2195.79010887486,150.10003139377,9.06894004426616,34.1573453471265,983613.842347781,159.906247149962
24,3,UMi,2,8,37.9536333300791,23.7798716075229,SAT-1,Satellite,985133.410164067,168.430081232765,0.545105961463406,4.68591137292178,34.0809109438157,188.391482363219,5.74340118008896,7,-19.7532247524458,3608.50468376748,174.089685178022,0.545105961463406,34.0809109438157,985133.410164067,168.430081232765
24,4,UMi,2,8,37.9736610517528,23.7016571733035,SAT-1,Satellite,981892.429904819,153.611777489796,15.3634097044326,22.0498947468205,34.2442657991841,188.391482363219,1.22055316898562,7,8.29492399513191,2176.12267110722,146.041536430444,15.3634097044326,34.2442657991841,981892.429904819,153.611777489796
24,5,UMi,2,8,38.0027910647589,23.7227796239504,SAT-1,Satellite,979701.475068261,169.167577831969,-0.192390637740601,4.15027920200022,34.3554864188045,188.391482363219,6.48464057455713,7,-12.7846365994213,3371.48016042806,167.121097024997,-0.192390637740601,34.3554864188045,979701.475068261,169.167577831969
24,6,UMi,2,8,37.9513549806503,23.7442025651056,SAT-1,Satellite,984663.199368615,158.068073065969,10.9071141282592,16.0107068551196,34.1045110100087,188.391482363219,1.68094195668978,7,8.4337449363762,827.032552849776,145.9027154892,10.9071141282592,34.1045110100087,984663.199368615,158.068073065969
24,7,UMi,2,8,37.9307019215326,23.713302474702,SAT-1,Satellite,985924.666010172,156.739572462809,12.2356147314192,17.7785402012001,34.0411497648171,188.391482363219,1.5137952050312,7,-0.590379575531472,2837.66949718476,154.926840001107,12.2356147314192,34.0411497648171,985924.666010172,156.739572462809
24,8,UMi,2,8,37.9644324362961,23.710963787607,BS1,Terrestrial,1627.26846100882,133.549178945302,20.7872814802738,101.984292,NaN,248.05866228095,2.43232224704713,1,20.7872814802738,1627.26846100882,133.549178945302,11.4289099516249,34.1941660024726,982883.476914428,157.546277242603
25,1,UMi,4,6,38.0014918874543,23.8111169368209,SAT-1,Satellite,725113.934450287,155.798642332081,13.1765448621472,26.6697623576059,54.0457313417444,188.391482363219,1.41277211125574,5,-8.88190648317612,4580.9223512428,163.218366908752,13.1765448621472,54.0457313417444,725113.934450287,155.798642332081
25,2,UMi,4,6,37.9801766690792,23.7437318126164,SAT-1,Satellite,727328.200416073,155.763322406721,13.2118647875069,26.7369408430821,53.7722741311943,188.391482363219,1.40922241978901,5,0.728035394616597,3504.28970005911,153.608425030959,13.2118647875069,53.7722741311943,727328.200416073,155.763322406721
25,3,UMi,4,6,37.9872977292263,23.7746774287537,SAT-1,Satellite,726473.875672748,159.901391507459,9.07379568676899,19.0955899080409,53.8773799410965,188.391482363219,1.97314126738645,5,4.85176404071751,2314.23653117164,149.484696384858,9.07379568676899,53.8773799410965,726473.875672748,159.901391507459
25,4,UMi,4,6,38.0007309897611,23.7518331356785,BS3,Terrestrial,1924.96439247644,137.17697289669,17.1594875288862,101.984292,NaN,248.05866228095,2.43232224704713,1,17.1594875288862,1924.96439247644,137.17697289669,13.7063495925161,53.9457989179529,725920.198165308,155.268837601712
25,5,UMi,4,6,38.0049272151789,23.6603011626159,SAT-1,Satellite,726900.778038926,159.266626388841,9.70856080538741,20.2301538921334,53.8248823337788,188.391482363219,1.86248195013954,5,-16.5114080778865,4382.18388758337,170.847868503462,9.70856080538741,53.8248823337788,726900.778038926,159.266626388841
25,6,UMi,4,6,38.0369895355437,23.7314887323347,SAT-1,Satellite,723907.226964599,157.205355604286,11.7698315899422,24.0166669734164,54.1962785184104,188.391482363219,1.56883952774751,5,1.42451630811516,2558.62518173509,152.911944117461,11.7698315899422,54.1962785184104,723907.226964599,157.205355604286
26,1,UMi,2,7,37.9456448197288,23.6883273533441,BS1,Terrestrial,3112.25130975162,132.441868931553,21.8945914940228,101.984292,NaN,248.05866228095,2.43232224704713,1,21.8945914940228,3112.25130975162,132.441868931553,6.19878474040456,35.5226668272959,957478.369366222,162.776402453824
26,2,UMi,2,7,37.9262727460917,23.692514719311,SAT-1,Satellite,956564.382207441,170.479120016312,-1.50393282208387,4.63032477665365,35.5718970175484,188.391482363219,8.13729020966731,5,-18.0237476313094,4889.42189158496,172.360208056885,-1.50393282208387,35.5718970175484,956564.382207441,170.479120016312
26,3,UMi,2,7,37.9404200433999,23.6950907812492,SAT-1,Satellite,957536.840586683,163.650398076734,5.32478911749422,12.840426755833,35.5195388898157,188.391482363219,2.93434923847275,5,-10.286671160482,3776.299889049,164.623131586058,5.32478911749422,35.5195388898157,957536.840586683,163.650398076734
26,4,UMi,2,7,37.9588589086386,23.7075207558336,SAT-1,Satellite,959298.791185002,156.489799847367,12.485387346861,25.3604665222682,35.4250222835634,188.391482363219,1.4857099115097,5,-6.54318999243284,2527.91702858601,160.879650418009,12.485387346861,35.4250222835634,959298.791185002,156.489799847367
26,5,UMi,2,7,37.9797577653278,23.6949738058968,SAT-1,Satellite,959856.609105252,162.013109293588,6.96207790064011,15.4639199697053,35.3951459627873,188.391482363219,2.43652945349288,5,5.2621839264084,1070.78979030169,149.074276499167,6.96207790064011,35.3951459627873,959856.609105252,162.013109293588
26,6,UMi,2,7,37.951798647885,23.7345760094875,BS2,Terrestrial,1377.90274556365,153.683044637672,0.653415787903981,20.4274898039213,NaN,248.05866228095,12.143374671191,1,0.653415787903981,1377.90274556365,153.683044637672,-1.72164745753471,35.368758246568,960352.319633279,170.696834651763
26,7,UMi,2,7,37.9582341257609,23.6694137873889,SAT-1,Satellite,957199.667308047,167.554211711014,1.42097548321419,7.5314356233648,35.5376159723219,188.391482363219,5.00280402792719,5,-7.98921589406842,4931.45681925363,162.325676319644,1.42097548321419,35.5376159723219,957199.667308047,167.554211711014
27,1,UMa,2,5,37.9946210659037,23.6994554174524,SAT-1,Satellite,705079.68086833,158.415287669628,10.5598995246001,21.7768459425573,56.6914057287882,188.391482363219,1.73019989083962,5,-6.66346576103965,3382.10014717036,165.999926186616,10.5598995246001,56.6914057287882,705079.68086833,158.415287669628
27,2,UMa,2,5,37.9349644489762,23.7405070865874,SAT-1,Satellite,705400.680983775,156.783582243068,12.1916049511601,24.8072083598432,56.646611525004,188.391482363219,1.51884468119499,5,4.29043792690777,4174.99175521257,155.046022498668,12.1916049511601,56.646611525004,705400.680983775,156.783582243068
27,3,UMa,2,5,37.9607834026998,23.7483478796813,SAT-1,Satellite,706382.830202143,157.923987433611,11.0511997606174,22.6809466795111,56.5097701835116,188.391482363219,1.66123120895481,5,-1.09284435798702,2628.2091790569,160.429304783563,11.0511997606174,56.5097701835116,706382.830202143,157.923987433611
27,4,UMa,2,5,37.9780487742598,23.683979278257,SAT-1,Satellite,703981.823910089,157.123647959066,11.8515392351624,24.1694533095176,56.8456829348421,188.391482363219,1.55892216468986,5,-1.99007448822977,3345.62559303382,161.326534913806,11.8515392351624,56.8456829348421,703981.823910089,157.123647959066
27,5,UMa,2,5,38.0052657014438,23.6939118227039,SAT-1,Satellite,705109.87628575,156.589666626319,12.3855205679092,25.1721641509909,56.687159951648,188.391482363219,1.49682388238997,5,4.42954956346088,4184.53535356829,154.906910862115,12.3855205679092,56.687159951648,705109.87628575,156.589666626319
28,1,UMa,1,10,37.9390687833166,23.749996087393,SAT-1,Satellite,1092664.0175901,163.029722199539,5.94546499468885,8.63248250714955,29.2847292407732,188.391482363219,2.72794474543085,8,-9.61531274911184,4967.25789547134,168.951773174688,5.94546499468885,29.2847292407732,1092664.0175901,163.029722199539
28,2,UMa,1,10,37.9285598050205,23.7185529242743,SAT-1,Satellite,1094187.70425101,165.140717710177,3.83446948405117,6.64923910750518,29.224296175642,188.391482363219,3.54159850693622,8,-14.9974747466643,3129.15952297661,174.33393517224,3.83446948405117,29.224296175642,1094187.70425101,165.140717710177
28,3,UMa,1,10,37.9686373344362,23.7296675596625,SAT-1,Satellite,1090216.15027503,155.382553512496,13.5926336817321,17.1641916034866,29.382252161929,188.391482363219,1.37198044856472,8,-9.30429439604998,3686.44485996471,168.640754821626,13.5926336817321,29.382252161929,1090216.15027503,155.382553512496
28,4,UMa,1,10,37.9522745906061,23.6533250634496,SAT-1,Satellite,1093072.43576517,164.344754681372,4.63043251285606,7.36900612960664,29.2685776971457,188.391482363219,3.19567318593876,8,-5.82280524088262,3684.75219670737,165.159265666458,4.63043251285606,29.2685776971457,1093072.43576517,164.344754681372
28,5,UMa,1,10,37.9400971748159,23.7309071953434,SAT-1,Satellite,1092888.60405582,155.403753859732,13.5714333344964,17.1388908403238,29.2758206419184,188.391482363219,1.3740057927201,8,-12.9432680817925,3323.65056195121,172.279728507368,13.5714333344964,29.2758206419184,1092888.60405582,155.403753859732
28,6,UMa,1,10,37.9684426151508,23.7040347761784,BS1,Terrestrial,2213.6246192067,137.639814496052,21.6966459295241,50.992146,NaN,503.334270320412,4.93540976212702,2,21.6966459295241,2213.6246192067,137.639814496052,7.78492451468944,29.3640997007316,1090671.42561811,161.190262679539
28,7,UMa,1,10,37.9727738954496,23.6889288363951,SAT-1,Satellite,1090522.68636089,157.775365740867,11.1998214533608,14.3474688141817,29.370045681434,188.391482363219,1.64133030016594,8,-2.28228470508495,2608.9933360897,161.618745130661,11.1998214533608,29.370045681434,1090522.68636089,157.775365740867
28,8,UMa,1,10,37.9264745236692,23.6788734569625,BS1,Terrestrial,2956.19282887895,151.451205512371,7.88525491320533,26.0431487495213,NaN,503.334270320412,9.6634680230374,2,7.88525491320533,2956.19282887895,151.451205512371,1.754556550888,29.1896502534282,1095063.70671943,167.22063064334
28,9,UMa,1,10,37.9286472920424,23.6680842834871,SAT-1,Satellite,1095045.00545732,162.891244962388,6.0839422318397,8.77044774496454,29.190397921783,188.391482363219,2.68503227887341,8,-4.78420254982871,3340.55359355583,164.120662975405,6.0839422318397,29.190397921783,1095045.00545732,162.891244962388
28,10,UMa,1,10,37.9784290398777,23.693735479979,SAT-1,Satellite,1089906.96845227,166.254428583705,2.72075861052284,5.70584182316103,29.3946283249333,188.391482363219,4.12716230579912,8,-11.8762784582636,3181.47415275864,171.212738883839,2.72075861052284,29.3946283249333,1089906.96845227,166.254428583705
29,1,UMa,2,6,37.9605223496378,23.7412398346295,SAT-1,Satellite,729063.889810837,156.052361280347,12.9228259138806,26.1879375208424,53.5591130731359,188.391482363219,1.43876532631317,5,-27.8008379172086,4904.99209476818,187.137298342784,12.9228259138806,53.5591130731359,729063.889810837,156.052361280347
29,2,UMa,2,6,37.9917339885547,23.7490537214393,SAT-1,Satellite,731160.872661008,155.74139453664,13.2337926575882,26.7786601814228,53.3055620094542,188.391482363219,1.4070269467321,5,11.0080733871977,1391.72817489748,148.328387038378,13.2337926575882,53.3055620094542,731160.872661008,155.74139453664
29,3,UMa,2,6,38.0584220433986,23.7258426897649,SAT-1,Satellite,735448.980014304,163.450594313814,5.52459288041459,13.1499121163106,52.7958473723637,188.391482363219,2.86528884295044,5,-9.64797890287747,4219.4488225682,168.984439328453,5.52459288041459,52.7958473723637,735448.980014304,163.450594313814
29,4,UMa,2,6,37.9962128811211,23.7838412060704,SAT-1,Satellite,731670.470779907,159.163297729381,9.81188946484735,20.4164198505321,53.2443902298022,188.391482363219,1.84548989237512,5,4.47138038691347,3178.53130670181,154.865080038662,9.81188946484735,53.2443902298022,731670.470779907,159.163297729381
29,5,UMa,2,6,38.0121749217451,23.720588996166,BS2,Terrestrial,1404.35743054715,138.426260319447,20.9102001061291,101.984292,NaN,503.334270320412,4.93540976212702,1,20.9102001061291,1404.35743054715,138.426260319447,8.30074065604543,53.1634911069393,732346.207873728,160.674446538183
29,6,UMa,2,6,38.0461924164102,23.6907747898599,SAT-1,Satellite,734443.212923621,155.27532229248,13.6998649017479,27.6675864062652,52.9143478592328,188.391482363219,1.36182086573738,5,-11.1085904615854,3191.97978112723,170.445050887161,13.6998649017479,52.9143478592328,734443.212923621,155.27532229248
30,1,UMa,2,10,37.9663693937994,23.7044897968907,BS2,Terrestrial,331.883876898267,93.7831874192697,65.5532730063061,25.496073,NaN,503.334270320412,4.93540976212702,4,65.5532730063061,331.883876898267,93.7831874192697,5.05835820173323,26.2237344383736,1176045.4300078,163.916828992495
30,2,UMa,2,10,38.000956214538,23.6913795731372,SAT-1,Satellite,1172512.4695295,167.056188428812,1.91899876541635,40.6099791520247,26.3443509274154,188.391482363219,4.63904405510697,1,1.21173460002308,4096.76484503898,158.124725825553,1.91899876541635,26.3443509274154,1172512.4695295,167.056188428812
30,3,UMa,2,10,37.9519259447211,23.6481260393185,BS2,Terrestrial,4883.06652735176,158.178833079161,1.15762734641513,5.53119356805618,NaN,503.334270320412,22.7498036421684,4,1.15762734641513,4883.06652735176,158.178833079161,-8.22220599400566,26.2489514636021,1175302.63198614,177.197393188234
30,4,UMa,2,10,37.9492636076166,23.7112152347795,BS1,Terrestrial,1625.37885397069,139.460766104769,19.8756943208067,25.496073,NaN,503.334270320412,4.93540976212702,4,19.8756943208067,1625.37885397069,139.460766104769,6.29821642032607,26.1640036375061,1177803.09539056,162.676970773902
30,5,UMa,2,10,37.9585501220292,23.7108597251934,BS2,Terrestrial,1100.41468939191,137.675890600152,21.6605698254239,25.496073,NaN,503.334270320412,4.93540976212702,4,21.6605698254239,1100.41468939191,137.675890600152,2.11125477705514,26.1923777342909,1176967.60260193,166.863932417173
30,6,UMa,2,10,37.9357077024407,23.7177574392122,BS1,Terrestrial,1559.22777470565,142.871468036624,16.4649923889521,25.2530298746577,NaN,503.334270320412,4.98290970250589,4,16.4649923889521,1559.22777470565,142.871468036624,11.9167840558588,26.1152937932551,1179240.48460333,157.058403138369
30,7,UMa,2,10,37.9323236464386,23.7484557854937,BS1,Terrestrial,2291.00885470658,143.943744278601,15.3927161469749,23.6588639286008,NaN,503.334270320412,5.31866483360534,4,15.3927161469749,2291.00885470658,143.943744278601,3.93653396735743,26.0676932491816,1180649.69744018,165.038653226871
30,8,UMa,2,10,37.9474879304497,23.7163817837103,BS1,Terrestrial,1145.81565341184,155.880088886727,3.45637153884877,7.7360855259412,NaN,503.334270320412,16.2657932307171,4,3.45637153884877,1145.81565341184,155.880088886727,-1.08213702390478,26.1523516850822,1178146.76959522,170.057324218133
30,9,UMa,2,10,37.9705207430186,23.687619945995,BS2,Terrestrial,1349.7923833341,117.66662709043,41.6698333351455,25.496073,NaN,503.334270320412,4.93540976212702,4,41.6698333351455,1349.7923833341,117.66662709043,7.31648396207461,26.2569347520183,1175070.20224209,161.658703232153
30,10,UMa,2,10,37.9102406798465,23.7373373227037,None,Outage,4069.09848918478,173.05266465667,-13.7162042310941,0,NaN,0,Inf,0,-13.7162042310941,4069.09848918478,173.05266465667,-13.8289344588144,26.015200160999,1182205.72625544,182.804121653043
31,1,UMi,1,10,37.9596302034512,23.7429348944626,SAT-1,Satellite,1087558.75664062,163.539553142935,5.43563405129359,8.1323299591268,29.4914086807909,188.391482363219,2.89571812921507,8,-17.6860652327757,1382.47957842859,172.022525658352,5.43563405129359,29.4914086807909,1087558.75664062,163.539553142935
31,2,UMi,1,10,37.9322063289879,23.7162509061596,SAT-1,Satellite,1086827.41500037,158.036299292575,10.9388879016533,14.045988917654,29.5208474829603,188.391482363219,1.67655943867394,8,-3.6243616324837,3402.2076004933,157.96082205806,10.9388879016533,29.5208474829603,1086827.41500037,158.036299292575
31,3,UMi,1,10,37.9663450295982,23.7376967316647,BS1,Terrestrial,1049.67696005313,112.469043074022,41.8674173515542,50.992146,NaN,248.05866228095,2.43232224704713,2,41.8674173515542,1049.67696005313,112.469043074022,-1.6561796782342,29.4611181955692,1088314.09764968,170.631366872462
31,4,UMi,1,10,37.9812307590911,23.7354421641928,BS1,Terrestrial,2295.01408125835,146.362410841461,7.97404958411482,26.2763644895031,NaN,248.05866228095,4.72018612734736,2,7.97404958411482,2295.01408125835,146.362410841461,-9.43465632374327,29.4123230444045,1089532.95514293,178.409843517971
31,5,UMi,1,10,37.9735541066118,23.6730237928247,SAT-1,Satellite,1092017.0846363,170.943123756997,-1.96793656276856,2.66193358549358,29.3133622018594,188.391482363219,8.84655252998578,8,-50.5438516880006,4959.56023068802,204.880312113576,-1.96793656276856,29.3133622018594,1092017.0846363,170.943123756997
31,6,UMi,1,10,37.9831269511155,23.7205314573763,SAT-1,Satellite,1090401.65047951,166.790140770661,2.1850464235674,5.28039179036521,29.3776463377788,188.391482363219,4.45969470264887,8,-12.1683926339045,2468.57697439825,166.50485305948,2.1850464235674,29.3776463377788,1090401.65047951,166.790140770661
31,7,UMi,1,10,38.0056438810894,23.7255852143839,SAT-1,Satellite,1091834.71943215,157.096623106731,11.8785640874968,15.1375165114203,29.3205093990771,188.391482363219,1.55566702620183,8,2.47580158369493,4895.67674095573,151.860658841881,11.8785640874968,29.3205093990771,1091834.71943215,157.096623106731
31,8,UMi,1,10,37.9209780707261,23.7035150912574,SAT-1,Satellite,1086621.52735443,164.117694750686,4.8574924435421,7.58081016038169,29.5291540514603,188.391482363219,3.10638768115737,8,-14.0959404366118,4969.50338420217,168.432400862188,4.8574924435421,29.5291540514603,1086621.52735443,164.117694750686
31,9,UMi,1,10,37.9366863578238,23.7065083094091,SAT-1,Satellite,1087637.55788611,159.401483427392,9.57370376683588,12.4923110664464,29.4883223260537,188.391482363219,1.88507436055234,8,-12.1055412528285,3315.48625539751,166.442001678404,9.57370376683588,29.4883223260537,1087637.55788611,159.401483427392
31,10,UMi,1,10,37.9969837063288,23.7220911060241,SAT-1,Satellite,1091358.58527136,172.505019870075,-3.52983267584725,1.98636287818407,29.3394787905448,188.391482363219,11.8553037584607,8,-7.29910381295139,3959.35429703121,161.635564238527,-3.52983267584725,29.3394787905448,1091358.58527136,172.505019870075
32,1,UMa,1,3,37.9608912830599,23.6810905324258,SAT-1,Satellite,723495.08885539,156.230589096197,12.7445980980314,43.0838097193923,54.2539384313539,188.391482363219,1.4575582149476,3,2.75381518363403,4510.74956649735,156.582645241942,12.7445980980314,54.2539384313539,723495.08885539,156.230589096197
32,2,UMa,1,3,37.9449656083527,23.6780826107771,SAT-1,Satellite,723610.029130094,160.08928265899,8.88590453523841,31.2719051980337,54.2395149374205,188.391482363219,2.00810153363115,3,-10.5313362615929,4169.56429409452,169.867796687169,8.88590453523841,54.2395149374205,723610.029130094,160.08928265899
32,3,UMa,1,3,37.9525004314742,23.7095047378709,SAT-1,Satellite,725047.93015325,156.615562412005,12.3596247822231,41.8722918260608,54.0600816734329,188.391482363219,1.49973068225168,3,-2.44552450403464,1951.81100378656,161.781984929611,12.3596247822231,54.0600816734329,725047.93015325,156.615562412005
33,1,UMa,3,9,38.0566167855157,23.7445753590758,SAT-1,Satellite,1098344.59240827,160.823689498737,8.15149769549069,12.4857061958993,29.0621948217737,188.391482363219,2.15551034813476,7,-2.72230555490231,4078.24281269607,162.058765980478,8.15149769549069,29.0621948217737,1098344.59240827,160.823689498737
33,2,UMa,3,9,38.0431359291921,23.764323643805,SAT-1,Satellite,1100155.57262998,159.899567161717,9.07562003251076,13.6420183576224,28.9911815900662,188.391482363219,1.97280697060444,7,-17.0181245703648,4218.71739764612,176.354584995941,9.07562003251076,28.9911815900662,1100155.57262998,159.899567161717
33,3,UMa,3,9,37.9860487936482,23.7454049180991,BS1,Terrestrial,4019.92731728242,162.122730184434,-2.78626975885823,11.2032452604249,NaN,503.334270320412,44.9275418523974,1,-2.78626975885823,4019.92731728242,162.122730184434,-2.91898125065242,28.8162818055184,1104641.0693965,171.894168444881
33,4,UMa,3,9,37.9875671132548,23.6899533572277,SAT-1,Satellite,1102797.71061437,160.973155030663,8.00203216356545,12.3015855158586,28.887889857986,188.391482363219,2.1877723708327,7,6.34766765152716,2583.23581879246,152.988792774049,8.00203216356545,28.887889857986,1102797.71061437,160.973155030663
33,5,UMa,3,9,38.0084377160731,23.6593389635124,SAT-1,Satellite,1100001.82363496,156.53514353831,12.4400436559181,18.0535288627224,28.9970640071495,188.391482363219,1.4907373020353,7,-7.79725107669174,4231.57624731657,167.133711502268,12.4400436559181,28.9970640071495,1100001.82363496,156.53514353831
33,6,UMa,3,9,37.9739124568559,23.7051619281397,SAT-1,Satellite,1104481.6020834,164.599784851458,4.37540234276977,8.15368467493634,28.8224195361886,188.391482363219,3.30072476211393,7,-1.05550131227562,3597.92788847332,160.391961737851,4.37540234276977,28.8224195361886,1104481.6020834,164.599784851458
33,7,UMa,3,9,38.0446686372712,23.6739681488882,SAT-1,Satellite,1097224.72977694,159.977717807012,8.99746938721586,13.5431048355009,29.106156707896,188.391482363219,1.98721557840143,7,-2.81044618299742,4837.76731477138,162.146906608573,8.99746938721586,29.106156707896,1097224.72977694,159.977717807012
33,8,UMa,3,9,37.9159271484599,23.7697440991981,SAT-1,Satellite,1111648.15616504,162.341807459709,6.63337973451894,10.6586145610102,28.5461589089615,188.391482363219,2.52500629936284,7,-17.2595122995373,4241.51000238833,176.595972725113,6.63337973451894,28.5461589089615,1111648.15616504,162.341807459709
33,9,UMa,3,9,37.9480819850382,23.7112145464326,BS3,Terrestrial,4172.77842105131,148.333521032683,11.0029393928925,69.1308892826006,NaN,503.334270320412,7.28088811736284,1,11.0029393928925,4172.77842105131,148.333521032683,-0.506149754689488,28.725950380814,1106972.30461982,169.481336948918
34,1,UMa,1,10,37.9648579507615,23.7218442829006,SAT-1,Satellite,1299143.98043329,165.860410599438,3.11477659479053,9.6491556720647,22.4363979007958,188.391482363219,3.90482833453773,5,-7.62025830623276,3258.03267803827,166.956718731809,3.11477659479053,22.4363979007958,1299143.98043329,165.860410599438
34,2,UMa,1,10,37.9880540912364,23.7195502492479,BS1,Terrestrial,2574.16497363064,149.554116495993,9.78234392958245,12.4622271461644,NaN,503.334270320412,8.07775792267318,5,9.78234392958245,2574.16497363064,149.554116495993,5.66482899701379,22.4844396518798,1297427.95588777,163.310358197214
34,3,UMa,1,10,37.9761506500039,23.720117169592,BS1,Terrestrial,2594.86257767754,154.357014985437,4.97944544013936,7.5356363552082,NaN,503.334270320412,13.3587728121338,5,4.97944544013936,2594.86257767754,154.357014985437,-0.809742433748426,22.4589003123271,1298339.71559238,169.784929627977
34,4,UMa,1,10,37.9462199858768,23.6574101969553,SAT-1,Satellite,1303954.24423443,171.562003773821,-2.58681657959281,3.80037293670478,22.302523001928,188.391482363219,9.91436816864446,5,-21.0379877493548,4935.37088625175,180.374448174931,-2.58681657959281,22.302523001928,1303954.24423443,171.562003773821
34,5,UMa,1,10,37.9934727993471,23.6866939365387,BS1,Terrestrial,1379.78024219253,145.934065071701,13.4023953538752,16.5850498584411,NaN,503.334270320412,6.06973478664868,5,13.4023953538752,1379.78024219253,145.934065071701,-3.69156501474126,22.4488309307731,1298702.06279529,172.666752208969
34,6,UMa,1,10,37.9704668477378,23.6813226604237,BS1,Terrestrial,1521.85386018977,136.577965263161,22.7584951624149,20.3968584,NaN,503.334270320412,4.93540976212702,5,22.7584951624149,1521.85386018977,136.577965263161,4.75332747178328,22.390313144272,1300797.40663037,164.221859722445
34,7,UMa,1,10,37.9776417362028,23.7370172282622,SAT-1,Satellite,1297348.44892297,164.825568523522,4.14961867070656,11.087816172129,22.4866315420238,188.391482363219,3.39817109949514,5,-22.5496733122861,4031.8881222089,181.886133737862,4.14961867070656,22.4866315420238,1297348.44892297,164.825568523522
34,8,UMa,1,10,37.9813661221488,23.7473796502691,SAT-1,Satellite,1296518.72161555,170.192720941152,-1.21753374692409,4.87139625511319,22.5098828106185,188.391482363219,7.73459897315789,5,-20.7026955943027,4918.04080770244,180.039156019879,-1.21753374692409,22.5098828106185,1296518.72161555,170.192720941152
34,9,UMa,1,10,37.9523282498102,23.6608663097188,SAT-1,Satellite,1303291.91378439,164.59271337878,4.38247381544778,11.4254854122166,22.3209117239499,188.391482363219,3.29774141870215,5,-12.2192912040865,4215.15606915079,171.555751629662,4.38247381544778,22.3209117239499,1303291.91378439,164.59271337878
34,10,UMa,1,10,37.962367143732,23.6743156543824,BS1,Terrestrial,2611.31193451147,157.505614554183,1.83084587139282,4.90546789697148,NaN,503.334270320412,20.5213562046205,5,1.83084587139282,2611.31193451147,157.505614554183,0.115191480714572,22.3623631012697,1301800.82950195,168.859995713514
35,1,UMa,2,3,37.980544836324,23.7682609699277,SAT-1,Satellite,984574.903763405,164.097362785889,4.87782440833911,60.7992882611127,34.1176160294678,188.391482363219,3.09858039051608,1,-7.20059583818846,4385.44512017454,166.537056263764,4.87782440833911,34.1176160294678,984574.903763405,164.097362785889
35,2,UMa,2,3,38.0246451939216,23.7343482955226,BS1,Terrestrial,1348.48692215525,143.106430262934,16.2300301626415,49.8057749488711,NaN,503.334270320412,5.05297097412015,2,16.2300301626415,1348.48692215525,143.106430262934,4.80938356730059,34.118167238724,984565.843911578,164.165803626928
35,3,UMa,2,3,38.0186053995502,23.7553819018947,BS1,Terrestrial,1329.93083801528,134.727802913448,24.6086575121282,50.992146,NaN,503.334270320412,4.93540976212702,2,24.6086575121282,1329.93083801528,134.727802913448,13.9336553948852,34.1694073186737,983547.417895745,155.041531799343
36,1,UMi,3,6,37.9750478171596,23.7047589594821,BS2,Terrestrial,238.758268245472,115.973910061886,38.3625503636898,50.992146,NaN,248.05866228095,2.43232224704713,2,38.3625503636898,238.758268245472,115.973910061886,8.39393624062711,44.8597522350515,816534.566833094,160.581250953601
36,2,UMi,3,6,38.0169724692091,23.7806042991964,SAT-1,Satellite,822239.785787025,157.806640589174,11.1685466050545,38.163374275552,44.393982393279,188.391482363219,1.64548240242919,3,-3.22760344459533,3594.7668945844,157.564063870171,11.1685466050545,44.393982393279,822239.785787025,157.806640589174
36,3,UMi,3,6,37.9786006466982,23.7140584821366,BS2,Terrestrial,823.639026503814,128.969394268766,25.36706615681,50.992146,NaN,248.05866228095,2.43232224704713,2,25.36706615681,823.639026503814,128.969394268766,6.42512122484908,44.8067409244618,817177.940605806,162.550065969379
36,4,UMi,3,6,37.986280606453,23.7680964776984,BS3,Terrestrial,2462.93518723207,137.708393336404,16.6280670891715,101.984292,NaN,248.05866228095,2.43232224704713,1,16.6280670891715,2462.93518723207,137.708393336404,13.9013566168015,44.5359615216149,820488.438590697,155.073830577427
36,5,UMi,3,6,37.9542743872525,23.7040180832233,SAT-1,Satellite,815793.861299127,156.227511807582,12.7476753866456,43.0935164756914,44.9209693029958,188.391482363219,1.45722990193114,3,3.60421728369118,2545.29880604075,150.732243141885,12.7476753866456,44.9209693029958,815793.861299127,156.227511807582
36,6,UMi,3,6,37.9981369624803,23.7148690377413,SAT-1,Satellite,817887.297859359,167.447577879711,1.52760931451687,12.7592843573961,44.7484102949652,188.391482363219,4.9216836171018,3,-4.62221861847678,2485.30021824684,158.958679044053,1.52760931451687,44.7484102949652,817887.297859359,167.447577879711
37,1,UMi,4,6,37.9994786832964,23.6973996114517,SAT-1,Satellite,1081039.20355961,161.442219261324,7.53296793290434,27.3687841938824,29.7503795516054,188.391482363219,2.29448119956225,3,-9.61955341472827,4058.01135254568,163.956013840304,7.53296793290434,29.7503795516054,1081039.20355961,161.442219261324
37,2,UMi,4,6,37.9580662767136,23.7433268444122,BS4,Terrestrial,722.338161048418,140.326416328535,14.0100440970408,86.4798087664793,NaN,248.05866228095,2.86839975503162,1,14.0100440970408,722.338161048418,140.326416328535,-11.0616788068826,29.9557072507415,1076014.78072944,180.036866001111
37,3,UMi,4,6,37.9723812989151,23.74516445474,BS2,Terrestrial,365.267034020651,127.245526515871,27.0909339097044,101.984292,NaN,248.05866228095,2.43232224704713,1,27.0909339097044,365.267034020651,127.245526515871,7.94150918751598,29.9056797740808,1077233.85129053,161.033678006712
37,4,UMi,4,6,37.9876105908705,23.7523281764422,BS1,Terrestrial,2368.63293541117,147.941799187082,6.39466123849411,44.4711875327419,NaN,248.05866228095,5.57796353196813,1,6.39466123849411,2368.63293541117,147.941799187082,1.82345491606904,29.8587055303381,1078381.11101801,167.151732278159
37,5,UMi,4,6,37.9638924562392,23.6925712579082,SAT-1,Satellite,1078019.80527669,156.202375274912,12.7728119193157,43.1728181408411,29.8735601661354,188.391482363219,1.4545532001844,3,-2.60082373648385,3825.11783905498,156.93728416206,12.7728119193157,29.8735601661354,1078019.80527669,156.202375274912
37,6,UMi,4,6,37.9167400112768,23.7294553489286,SAT-1,Satellite,1072753.37758162,161.10815653158,7.86703066264826,28.3173916857417,30.0901713234849,188.391482363219,2.21761811556108,3,-30.0971757422621,4497.47031100508,184.433636167838,7.86703066264826,30.0901713234849,1072753.37758162,161.10815653158
38,1,UMi,4,5,37.9495917601185,23.7639578402421,SAT-1,Satellite,1051058.22936435,164.04045897301,4.93472822121842,15.3069718131778,31.0091040903112,188.391482363219,3.07689013644474,4,-9.75710512446477,3973.50555938923,164.093565550041,4.93472822121842,31.0091040903112,1051058.22936435,164.04045897301
38,2,UMi,4,5,37.9903358845246,23.8301417258978,SAT-1,Satellite,1046441.39439072,157.889688142853,11.085499051375,28.4304408289146,31.2098618743342,188.391482363219,1.65660008137843,4,-5.85516455309369,4049.72262964254,160.19162497867,11.085499051375,31.2098618743342,1046441.39439072,157.889688142853
38,3,UMi,4,5,37.9811227252192,23.6526997102832,SAT-1,Satellite,1049506.61347569,156.045317141648,12.9298700525803,32.7516207530596,31.0764272423888,188.391482363219,1.43803175256311,4,-10.6601605806715,4382.9980573479,164.996621006247,12.9298700525803,31.0764272423888,1049506.61347569,156.045317141648
38,4,UMi,4,5,38.0045914294935,23.7207820096678,BS4,Terrestrial,988.631545482661,139.51742052528,14.8190399002957,91.2413863854193,NaN,248.05866228095,2.71870772801618,1,14.8190399002957,988.631545482661,139.51742052528,8.86398712956102,31.2100644914774,1046438.09660358,160.111200064667
38,5,UMi,4,5,37.9520364806382,23.7033922086519,SAT-1,Satellite,1051581.75037614,159.830381962968,9.14480523126053,24.0270595286432,30.9864928529614,188.391482363219,1.96020118627742,4,2.29105388415422,3762.86188852984,152.045406541422,9.14480523126053,30.9864928529614,1051581.75037614,159.830381962968
39,1,UMa,4,7,37.9929670289106,23.7619162803301,BS1,Terrestrial,894.127045261178,148.369851959033,10.9666084665431,68.9256637226852,NaN,503.334270320412,7.30256689794852,1,10.9666084665431,894.127045261178,148.369851959033,-4.77595342788911,23.4936000891469,1262345.86187502,173.751140622117
39,2,UMa,4,7,38.0259324241759,23.7270141519781,SAT-1,Satellite,1257970.90409164,165.638983195991,3.33620399823741,9.94819712811116,23.6232567604156,188.391482363219,3.78744972455101,5,-14.3554497494399,3905.06740226108,173.691910175016,3.33620399823741,23.6232567604156,1257970.90409164,165.638983195991
39,3,UMa,4,7,37.9713274560285,23.8070659196045,SAT-1,Satellite,1266391.71766865,163.541524346684,5.43366284754401,13.0086730528247,23.3745021900296,188.391482363219,2.89639814296526,5,1.35640112498996,3340.25660460864,157.980059300586,5.43366284754401,23.3745021900296,1266391.71766865,163.541524346684
39,4,UMa,4,7,37.9764753614975,23.8128249083272,SAT-1,Satellite,1266298.44295416,169.670181658186,-0.694994463957414,5.3350635676699,23.3772542436482,188.391482363219,7.06238941574595,5,-7.44522542537166,4713.53946708367,166.781685850948,-0.694994463957414,23.3772542436482,1266298.44295416,169.670181658186
39,5,UMa,4,7,37.9540529671332,23.6713581445697,SAT-1,Satellite,1260612.56508102,166.788551490691,2.18663570353695,8.45060108112421,23.5446984947922,188.391482363219,4.45865283557217,5,-0.819728430569683,2680.46654569874,160.156188856146,2.18663570353695,23.5446984947922,1260612.56508102,166.788551490691
39,6,UMa,4,7,37.9687360655075,23.7562482143072,BS4,Terrestrial,869.268692563716,140.093456410853,19.2430040147233,101.984292,NaN,503.334270320412,4.93540976212702,1,19.2430040147233,869.268692563716,140.093456410853,9.24121928742096,23.4471729998711,1263918.33200694,159.733967906807
39,7,UMa,4,7,37.9026536266857,23.7124484674898,SAT-1,Satellite,1266747.67365961,163.523858065017,5.45132912921144,13.0360624491925,23.3638475223077,188.391482363219,2.89031267067746,5,-16.2581519937538,4951.32073462991,175.59461241933,5.45132912921144,23.3638475223077,1266747.67365961,163.523858065017
40,1,UMi,2,6,37.9693586931344,23.7799310071047,SAT-1,Satellite,903132.571199037,157.373280326519,11.6019068677092,29.6290349481553,38.6705874961014,188.391482363219,1.58958503620574,4,-15.5980048320052,3820.14476579057,169.934465257581,11.6019068677092,38.6705874961014,903132.571199037,157.373280326519
40,2,UMi,2,6,37.9832006125114,23.76822664741,SAT-1,Satellite,902022.482534572,158.482495504128,10.4926916901003,27.0672391597221,38.7398328358615,188.391482363219,1.74003230668939,4,-4.05606926625407,2010.26304635052,158.39252969183,10.4926916901003,38.7398328358615,902022.482534572,158.482495504128
40,3,UMi,2,6,38.0123295064705,23.7825378915206,BS2,Terrestrial,1069.88158219226,121.359513880988,32.9769465445878,101.984292,NaN,248.05866228095,2.43232224704713,1,32.9769465445878,1069.88158219226,121.359513880988,12.9830693761543,38.7253066420382,902255.661908711,155.992117818074
40,4,UMi,2,6,38.0002187416917,23.8012437935228,SAT-1,Satellite,903779.997016518,166.17035164051,2.80483555371774,11.5486546461602,38.6303502190857,188.391482363219,4.07821274718473,4,-1.4594005158383,2155.13983221206,155.795860941414,2.80483555371774,38.6303502190857,903779.997016518,166.17035164051
40,5,UMi,2,6,37.9979572162818,23.724929414903,SAT-1,Satellite,898820.250990325,161.8264777527,7.14870944152764,19.7183539761113,38.9408025585037,188.391482363219,2.38852952167627,4,-4.29504231038533,4626.79674738784,158.631502735961,7.14870944152764,38.9408025585037,898820.250990325,161.8264777527
40,6,UMi,2,6,38.0318670129818,23.7362853770129,BS1,Terrestrial,4832.29176567448,149.885306072418,4.45115435315813,35.2696110059929,NaN,248.05866228095,7.0332123095659,1,4.45115435315813,4832.29176567448,149.885306072418,-1.71230995486286,38.9454096676433,898747.808785829,170.687497149091
41,1,UMa,2,9,38.017757272734,23.7589666206538,SAT-1,Satellite,860529.817961144,157.089568351131,11.8856188430975,15.1457697098062,41.4934402312812,188.391482363219,1.55481931566379,8,10.1607608668235,769.916686046581,149.175699558752,11.8856188430975,41.4934402312812,860529.817961144,157.089568351131
41,2,UMa,2,9,38.0229676151026,23.7642818130683,SAT-1,Satellite,859974.683266456,156.517497001176,12.4576901930521,15.8176369735806,41.5328361864538,188.391482363219,1.48877707427064,8,4.25709892834809,1291.24903081851,155.079361497228,12.4576901930521,41.5328361864538,859974.683266456,156.517497001176
41,3,UMa,2,9,37.9922336021073,23.7366626034035,SAT-1,Satellite,863113.331322363,157.708419156784,11.2667680374446,14.4250271937384,41.3110152448341,188.391482363219,1.63250543511103,8,-1.96336049332601,3113.52496509892,161.299820918902,11.2667680374446,41.3110152448341,863113.331322363,157.708419156784
41,4,UMa,2,9,38.0375095075257,23.7688177155662,SAT-1,Satellite,858814.219267455,158.859943287747,10.1152439064809,13.1035357536188,41.6154310905089,188.391482363219,1.79714359072122,8,9.95161612661229,2948.24725973382,149.384844298964,10.1152439064809,41.6154310905089,858814.219267455,158.859943287747
41,5,UMa,2,9,38.0208069973492,23.7584490476592,BS1,Terrestrial,1101.82522710176,148.476217295627,10.8602431299493,68.325563597769,NaN,503.334270320412,7.36670499029513,1,10.8602431299493,1101.82522710176,148.476217295627,3.89597645155069,41.5068055149302,860341.435946535,165.079210742677
41,6,UMa,2,9,37.9960639403987,23.7223666426058,SAT-1,Satellite,863392.054565781,160.114338586907,8.86084860732149,11.6993331904871,41.2914468646336,188.391482363219,2.01284422898138,8,-8.38156538335443,4938.81040422082,167.71802580893,8.86084860732149,41.2914468646336,863392.054565781,160.114338586907
41,7,UMa,2,9,38.0507891838153,23.7454098810779,SAT-1,Satellite,858795.545436419,157.289916471923,11.685270722305,14.9117088104693,41.6168071508629,188.391482363219,1.57922446010137,8,-10.7596081141289,4620.94051173041,170.096068539705,11.685270722305,41.6168071508629,858795.545436419,157.289916471923
41,8,UMa,2,9,37.980384791467,23.8256911605666,SAT-1,Satellite,860595.941537614,161.768714318318,7.20647287591061,9.91956747292311,41.4886262722957,188.391482363219,2.37398811588131,8,-20.415514140499,4304.4714767652,179.751974566075,7.20647287591061,41.4886262722957,860595.941537614,161.768714318318
41,9,UMa,2,9,38.0557098708633,23.7661342822183,SAT-1,Satellite,857679.412965322,156.760668953013,12.214518241215,15.5314277378615,41.6965139234593,188.391482363219,1.51621188295499,8,-8.3741802009699,4926.3227433505,167.710640626546,12.214518241215,41.6965139234593,857679.412965322,156.760668953013
42,1,UMi,1,7,37.9861781798701,23.7350625668016,BS1,Terrestrial,1609.66763519925,142.11874923709,12.2177111884863,76.0602413126024,NaN,248.05866228095,3.26134466575574,1,12.2177111884863,1609.66763519925,142.11874923709,-7.2402262507627,28.5148194757761,1112535.8238651,176.215413444991
42,2,UMi,1,7,38.002171236031,23.7071540097688,SAT-1,Satellite,1112484.08414647,162.429205185619,6.54598200860892,14.779193557824,28.5168502526094,188.391482363219,2.54941491396173,5,-7.98232395474221,2731.30671792696,162.318784380318,6.54598200860892,28.5168502526094,1112484.08414647,162.429205185619
42,3,UMi,1,7,37.9766572288225,23.7752863207239,SAT-1,Satellite,1111536.68557644,167.17699868754,1.79818850668769,7.97622309757348,28.5529803971322,188.391482363219,4.72382680520887,5,-9.59435660340938,4965.16803122877,163.930817028985,1.79818850668769,28.5529803971322,1111536.68557644,167.17699868754
42,4,UMi,1,7,37.9623032253447,23.7494904692858,SAT-1,Satellite,1113819.1265053,159.083511489345,9.8916757048832,20.5605343898055,28.4657886900913,188.391482363219,1.83255433727081,5,2.0868669313906,3290.62106325115,152.249593494185,9.8916757048832,28.4657886900913,1113819.1265053,159.083511489345
42,5,UMi,1,7,37.9756790262502,23.706647615623,SAT-1,Satellite,1114628.14550655,162.316288990968,6.65889820326049,14.9638719751817,28.4350380785221,188.391482363219,2.51795100460194,5,-3.36676628857614,1150.45825695929,157.703226714152,6.65889820326049,28.4350380785221,1114628.14550655,162.316288990968
42,6,UMi,1,7,37.963145189287,23.7010748741087,None,Outage,2386.32585089538,162.338149439162,-8.00168901358603,0,NaN,0,Inf,0,-8.00168901358603,2386.32585089538,162.338149439162,-8.9500482750997,28.3874747387508,1115878.95984167,177.925235469328
42,7,UMi,1,7,37.957606022734,23.7523843694251,SAT-1,Satellite,1114069.93112948,163.612959599879,5.36222759434938,12.8981747317614,28.4562202065653,188.391482363219,2.92121150908756,5,-4.66635730716297,3809.15703093241,159.002817732739,5.36222759434938,28.4562202065653,1114069.93112948,163.612959599879
43,1,UMi,2,4,37.9961094270676,23.6698363184239,SAT-1,Satellite,992528.546642264,159.284073688694,9.69111350553442,33.6645740038239,33.7186707374305,188.391482363219,1.86537815035492,3,-2.53121997625934,2353.89544805921,156.867680401835,9.69111350553442,33.7186707374305,992528.546642264,159.284073688694
43,2,UMi,2,4,37.9515379453306,23.6463677588389,SAT-1,Satellite,996650.817261772,161.171508537894,7.80367865633369,28.1366873721419,33.5162467050341,188.391482363219,2.23186048724112,3,-16.8885947266311,4798.39114364595,171.225055152207,7.80367865633369,33.5162467050341,996650.817261772,161.171508537894
43,3,UMi,2,4,37.9805125679801,23.6512003685651,BS2,Terrestrial,3178.97434736597,142.568386710817,11.7680737147593,73.4809484770608,NaN,248.05866228095,3.37582281424129,1,11.7680737147593,3178.97434736597,142.568386710817,4.43639200817705,33.621119186459,994510.484799582,164.538795186051
43,4,UMi,2,4,37.9465593110016,23.707759758588,SAT-1,Satellite,993800.941458446,154.532929453047,14.4422577411812,48.4857723243934,33.6558740475217,188.391482363219,1.29516676289275,3,-13.5749487614521,4129.23972603273,167.911409187028,14.4422577411812,33.6558740475217,993800.941458446,154.532929453047
44,1,UMi,3,3,37.9537222076723,23.7221801113405,BS1,Terrestrial,2073.92622761141,140.871084345977,13.4653760795991,83.2927068716187,NaN,248.05866228095,2.97815585058713,1,13.4653760795991,2073.92622761141,140.871084345977,7.55467858341567,53.0514951421078,733302.729246041,161.420508610812
44,2,UMi,3,3,37.99179777695,23.7756646061856,BS2,Terrestrial,2653.66839868501,142.870015823966,11.4664446016095,35.8799548682788,NaN,248.05866228095,3.45678615248562,2,11.4664446016095,2653.66839868501,142.870015823966,7.210892984884,53.4693229432782,729819.730046829,161.764294209344
44,3,UMi,3,3,37.9905325714408,23.7545492922026,BS2,Terrestrial,1589.12895699291,143.010888604885,11.325571820691,35.4794042123211,NaN,248.05866228095,3.49581211674921,2,11.325571820691,1589.12895699291,143.010888604885,11.2112080589945,53.4035128359486,730364.156450098,157.763979135234
45,1,UMa,1,6,38.0575207456953,23.769807448838,None,Outage,4352.6909772833,169.594461931866,-10.2580015062904,0,NaN,0,Inf,0,-10.2580015062904,4352.6909772833,169.594461931866,-Inf,17.5309324684085,1499627.63168643,Inf
45,2,UMa,1,6,38.005107882895,23.7868452718423,None,Outage,3331.29346855287,167.589932914064,-8.25347248848772,0,NaN,0,Inf,0,-8.25347248848772,3331.29346855287,167.589932914064,-Inf,17.5956427770064,1496627.3086949,Inf
45,3,UMa,1,6,38.0377142884948,23.7893759810949,BS1,Terrestrial,3646.84058936803,159.943102357971,-0.606641932395519,4.14364447371,NaN,503.334270320412,30.3678484914606,4,-0.606641932395519,3646.84058936803,159.943102357971,-Inf,17.5390081314977,1499254.47832122,Inf
45,4,UMa,1,6,38.022904565759,23.7030785519323,BS1,Terrestrial,4493.01429173852,163.668445964629,-4.33198553905316,2.07890781728225,NaN,503.334270320412,60.5286903700257,4,-4.33198553905316,4493.01429173852,163.668445964629,-Inf,17.6713546036199,1493119.19770951,Inf
45,5,UMa,1,6,38.0183249082401,23.7760255499293,BS1,Terrestrial,1934.34451845117,163.35998531559,-4.02352489001365,2.20895594313725,NaN,503.334270320412,56.9651775858367,4,-4.02352489001365,1934.34451845117,163.35998531559,-Inf,17.5875218252338,1497002.34368871,Inf
45,6,UMa,1,6,38.0079609160904,23.721201634615,BS1,Terrestrial,3201.38632782719,159.034506748451,0.301953677124885,4.82420476794001,NaN,503.334270320412,26.0837948704726,4,0.301953677124885,3201.38632782719,159.034506748451,-Inf,17.6733575361049,1493028.72700833,Inf
46,1,UMa,2,8,37.9799134875559,23.6830826774409,SAT-1,Satellite,939008.179875914,157.557865633408,11.4173215608201,19.4663296567114,36.5400510383023,188.391482363219,1.61296869762218,6,-10.2278434629041,4262.84216792443,169.56430388848,11.4173215608201,36.5400510383023,939008.179875914,157.557865633408
46,2,UMa,2,8,37.9913022799924,23.7772892169222,SAT-1,Satellite,944801.168490231,166.645621537209,2.32956565701923,7.19104981191407,36.2158761504271,188.391482363219,4.36634166291671,6,-11.8950039924278,4660.20598178725,171.231464418004,2.32956565701923,36.2158761504271,944801.168490231,166.645621537209
46,3,UMa,2,8,37.9664842088729,23.7504947301159,SAT-1,Satellite,941927.516108215,164.960154040629,4.01503315359938,9.07909927714408,36.3761183580026,188.391482363219,3.45833649742252,6,2.58921792531513,3947.57776580906,156.747242500261,4.01503315359938,36.3761183580026,941927.516108215,164.960154040629
46,4,UMa,2,8,37.9727740681006,23.7138795295689,BS2,Terrestrial,3370.93027010092,150.040494624523,9.29596580105243,29.820822025492,NaN,503.334270320412,8.43930911579404,2,9.29596580105243,3370.93027010092,150.040494624523,-0.372188846387672,36.4684666842323,940280.258947948,169.347376040616
46,5,UMa,2,8,38.0202254253715,23.7156168493142,SAT-1,Satellite,943076.838392271,159.805761778878,9.16942541535039,16.0545052864485,36.3117681284778,188.391482363219,1.95574885888094,6,6.29127900174157,2252.35202535033,153.045181423834,9.16942541535039,36.3117681284778,943076.838392271,159.805761778878
46,6,UMa,2,8,37.9631259814034,23.7079802896344,SAT-1,Satellite,939411.730135033,155.610229886559,13.3649573076693,22.5236735199088,36.5173542779704,188.391482363219,1.39402572880113,6,-4.16636337426687,4552.86231667834,163.502823799843,13.3649573076693,36.5173542779704,939411.730135033,155.610229886559
46,7,UMa,2,8,38.0040218916579,23.7192664739842,BS2,Terrestrial,637.994193134223,142.172784153777,17.1636762717985,50.992146,NaN,503.334270320412,4.93540976212702,2,17.1636762717985,637.994193134223,142.172784153777,-1.25338476814059,36.3523748150407,942350.343977383,170.228571962369
46,8,UMa,2,8,38.0392763515257,23.7240291838384,SAT-1,Satellite,944625.574738486,164.277176307088,4.69801088713996,9.90900367226376,36.2255019059156,188.391482363219,3.16869197271138,6,-5.00303017762621,4734.82244719709,164.339490603202,4.69801088713996,36.2255019059156,944625.574738486,164.277176307088
47,1,UMa,3,3,37.9860191358523,23.6780763696018,BS1,Terrestrial,570.485378083966,124.217407059107,35.1190533664691,101.984292,NaN,503.334270320412,4.93540976212702,1,35.1190533664691,570.485378083966,124.217407059107,15.8396441208392,58.5159391746298,692559.951117003,153.135543073389
47,2,UMa,3,3,37.9195825518804,23.7428213154908,SAT-1,Satellite,687747.530482976,158.263393757248,10.7117934369806,110.277606072271,59.2617157987591,188.391482363219,1.70833852015028,1,-17.6217890557554,4909.84465447,176.958249481331,10.7117934369806,59.2617157987591,687747.530482976,158.263393757248
47,3,UMa,3,3,37.9867763708465,23.7224789244388,BS2,Terrestrial,1463.68291557461,142.510956175305,16.8255042502707,101.984292,NaN,503.334270320412,4.93540976212702,1,16.8255042502707,1463.68291557461,142.510956175305,13.8938157779201,58.6959679190822,691382.537086802,155.081371416308
48,1,UMa,1,3,37.9756042429468,23.7199488246931,BS1,Terrestrial,2220.6253122347,153.928986977288,5.40747344828745,13.2274775265388,NaN,503.334270320412,12.6840578462662,3,5.40747344828745,2220.6253122347,153.928986977288,-Inf,19.5212252232215,1411771.10231998,Inf
48,2,UMa,1,3,37.9467604892874,23.7045649450591,BS1,Terrestrial,1649.89479504947,155.430407656491,3.90605276908462,10.9547578909617,NaN,503.334270320412,15.3155452431523,3,3.90605276908462,1649.89479504947,155.430407656491,-Inf,19.5966977672113,1408624.53274451,Inf
48,3,UMa,1,3,37.9900159736414,23.7236127554256,BS1,Terrestrial,3690.35691855021,165.539693734681,-6.20323330910503,1.89717910416979,NaN,503.334270320412,88.4355566314464,3,-6.20323330910503,3690.35691855021,165.539693734681,-Inf,19.4886094865081,1413134.58594584,Inf
49,1,UMi,2,7,37.9696558950039,23.8002216665462,SAT-1,Satellite,1055001.69122477,161.714793083581,7.26039411064696,13.301409376654,30.8520209733045,188.391482363219,2.36054537566365,6,6.08528114717549,3419.1645430998,148.2511792784,7.26039411064696,30.8520209733045,1055001.69122477,161.714793083581
49,2,UMi,2,7,37.9370034279246,23.797039830524,SAT-1,Satellite,1056099.95487627,163.592388997444,5.38279819678422,10.7749602012924,30.8049309135053,188.391482363219,2.91403214557616,6,-6.07536363988785,3738.66564677763,160.411824065464,5.38279819678422,30.8049309135053,1056099.95487627,163.592388997444
49,3,UMi,2,7,37.9556511035013,23.7716126124383,SAT-1,Satellite,1057446.85028574,163.29424702339,5.68094017083766,11.161895479665,30.7473971444804,188.391482363219,2.81301508790083,6,0.418237157940126,724.772113763521,153.918223267636,5.68094017083766,30.7473971444804,1057446.85028574,163.29424702339
49,4,UMi,2,7,37.936797074508,23.6542867397225,SAT-1,Satellite,1066478.11439527,165.403014523387,3.5721726708415,8.56019618055226,30.3656162112143,188.391482363219,3.66797439353125,6,-9.62288540079007,4384.41837769305,163.959345826366,3.5721726708415,30.3656162112143,1066478.11439527,165.403014523387
49,5,UMi,2,7,37.9190282847829,23.7303917403367,SAT-1,Satellite,1061417.91148585,161.59819518549,7.37699200873786,13.4647827775507,30.5786074641454,188.391482363219,2.33190396849324,6,-2.3851641372278,4122.04106532729,156.721624562804,7.37699200873786,30.5786074641454,1061417.91148585,161.59819518549
49,6,UMi,2,7,37.9323172780601,23.7841683112116,SAT-1,Satellite,1057158.46930767,162.081696181688,6.89349101253993,12.7918931002433,30.7596792823846,188.391482363219,2.45456869814465,6,-1.18669453814735,3380.33022837236,155.523154963723,6.89349101253993,30.7596792823846,1057158.46930767,162.081696181688
49,7,UMi,2,7,37.9747457033259,23.7836543466518,BS2,Terrestrial,2510.834048516,141.793342738877,12.5431176866992,77.9364404835315,NaN,248.05866228095,3.18283284099133,1,12.5431176866992,2510.834048516,141.793342738877,9.58159585543922,30.8063016533889,1056068.94803173,159.393591338789
50,1,UMa,3,9,38.0040365064542,23.6891217909144,SAT-1,Satellite,898587.88357881,157.088481720151,11.8867054740766,24.2352656115818,38.9435489338395,188.391482363219,1.55468881903393,5,5.00201448862396,1687.69084740136,154.334445936952,11.8867054740766,38.9435489338395,898587.88357881,157.088481720151
50,2,UMa,3,9,37.9996382332044,23.710921743492,BS3,Terrestrial,863.482944947917,147.523053918939,11.8134065066374,73.7402662977855,NaN,503.334270320412,6.82577234380734,1,11.8134065066374,863.482944947917,147.523053918939,10.5545908802547,38.9516646152204,898459.506308415,158.420596313973
50,3,UMa,3,9,37.9639843472462,23.6568945837934,SAT-1,Satellite,894825.743696185,161.756119207607,7.21906798662073,15.8924040181344,39.1822814022484,188.391482363219,2.37083681170263,5,2.98028885381203,3604.44610210578,156.356171571764,7.21906798662073,39.1822814022484,894825.743696185,161.756119207607
50,4,UMa,3,9,37.9691596036745,23.7220974124338,SAT-1,Satellite,895997.14429306,159.660209530909,9.31497766331935,19.5246474310658,39.1076963266982,188.391482363219,1.92978114486685,5,9.15364295662962,2179.15148785589,150.182817468946,9.31497766331935,39.1076963266982,895997.14429306,159.660209530909
50,5,UMa,3,9,38.0496414833935,23.7242927986308,SAT-1,Satellite,902876.267810154,161.708625442491,7.26656175173673,15.9720408648464,38.6745918716838,188.391482363219,2.35901578210783,5,-13.6472691349579,4893.20356954694,172.983729560534,7.26656175173673,38.6745918716838,902876.267810154,161.708625442491
50,6,UMa,3,9,38.0112021857797,23.7012327733656,BS2,Terrestrial,2996.07668963144,144.36425267717,14.9722077484056,92.1462543803972,NaN,503.334270320412,5.46234107620428,1,14.9722077484056,2996.07668963144,144.36425267717,9.86960026339173,38.8964967023836,899334.320287376,159.105586930836
50,7,UMa,3,9,37.9471581793278,23.7064408839711,BS1,Terrestrial,1824.3283448753,153.119213102059,6.21724732351674,21.7971982720974,NaN,503.334270320412,11.5458478662538,2,6.21724732351674,1824.3283448753,153.119213102059,3.2779464632674,39.238183299467,893951.244129286,165.697240730961
50,8,UMa,3,9,38.0186779682042,23.6885934859645,SAT-1,Satellite,899829.676710096,160.367554370732,8.607632823496,18.2738141274198,38.8653166474186,188.391482363219,2.06187368493081,5,3.23221090689032,2835.79764897381,156.104249518686,8.607632823496,38.8653166474186,899829.676710096,160.367554370732
50,9,UMa,3,9,37.9604919117858,23.7130248895356,BS1,Terrestrial,1268.92432546887,142.168647896183,17.1678125293931,50.992146,NaN,503.334270320412,4.93540976212702,2,17.1678125293931,1268.92432546887,142.168647896183,11.333912758306,39.1611715651046,895157.197087806,157.641274435922
51,1,UMa,1,5,38.044267831006,23.678511972497,SAT-1,Satellite,1283987.75322167,163.799608694318,5.17557849991007,15.7642488089282,22.864546200238,188.391482363219,2.98763811467696,4,-1.25860343754201,4683.52807211697,160.595063863118,5.17557849991007,22.864546200238,1283987.75322167,163.799608694318
51,2,UMa,1,5,37.9996586805963,23.7444988976593,SAT-1,Satellite,1290903.87152992,157.666579015969,11.3086081782593,28.9470835281937,22.6679400504502,188.391482363219,1.6270333605433,4,2.22359781556128,3169.63234444847,157.112862610015,11.3086081782593,22.6679400504502,1290903.87152992,157.666579015969
51,3,UMa,1,5,38.0296000410011,23.702027309431,SAT-1,Satellite,1286353.55152521,165.368445785189,3.60674140903944,12.9002048922347,22.7970660239596,188.391482363219,3.6509397319073,4,-0.586008241425503,2129.84101842267,159.922468667001,3.60674140903944,22.7970660239596,1286353.55152521,165.368445785189
51,4,UMa,1,5,37.9898763945975,23.7486100360363,None,Outage,4288.64978125861,169.659677402184,-10.3232169766082,0,NaN,0,Inf,0,-10.3232169766082,4288.64978125861,169.659677402184,-16.6215822344169,22.6400432742667,1291890.62785026,185.596769428645
51,5,UMa,1,5,38.0375266908685,23.676087423494,SAT-1,Satellite,1284397.8536787,163.415778301398,5.55940889283028,16.5052037973443,22.8528181136964,188.391482363219,2.85351645269492,4,-8.93081684018574,4569.14707429014,168.267277265762,5.55940889283028,22.8528181136964,1284397.8536787,163.415778301398
52,1,UMa,1,5,37.9452883194973,23.7238133143373,BS1,Terrestrial,404.345410637429,132.470277400391,26.8661830251847,50.992146,NaN,503.334270320412,4.93540976212702,2,26.8661830251847,404.345410637429,132.470277400391,8.95565607331915,24.7522818322861,1220972.34367956,160.019531120909
52,2,UMa,1,5,37.9872427550112,23.7310226750774,SAT-1,Satellite,1217497.20581788,173.048208164468,-4.07302097023978,4.76609259857994,24.8622683539821,188.391482363219,13.1758163503684,3,-5.82835115904064,4301.61194608102,165.164811584617,-4.07302097023978,24.8622683539821,1217497.20581788,173.048208164468
52,3,UMa,1,5,37.9689880385196,23.7728549633505,SAT-1,Satellite,1220681.07002381,171.120752555549,-2.14556536132102,6.87203715367435,24.7615510387921,188.391482363219,9.13807061624558,3,-11.7134372460229,4859.73525091638,171.049897671599,-2.14556536132102,24.7615510387921,1220681.07002381,171.120752555549
52,4,UMa,1,5,37.9392975787078,23.7114748575869,BS1,Terrestrial,1515.88632180978,153.976868453222,5.35959197235391,19.7279816684693,NaN,503.334270320412,12.7568617707324,2,5.35959197235391,1515.88632180978,153.976868453222,2.82852799305903,24.7497745466764,1221051.2039917,166.146659201169
52,5,UMa,1,5,37.920323062515,23.7188367887999,SAT-1,Satellite,1223019.28353631,162.508457228806,6.46672996542208,24.4168200398017,24.6877878547631,188.391482363219,2.57188121489097,3,-4.45403544563445,3203.37806423152,163.79049587121,6.46672996542208,24.6877878547631,1223019.28353631,162.508457228806
53,1,UMa,4,8,37.9905466767541,23.8025621062747,SAT-1,Satellite,676389.817056816,155.233366409265,13.7418207849635,19.8198610383713,61.1350139328688,188.391482363219,1.35788383465088,7,-2.39524286717761,4112.84357827763,161.731703292753,13.7418207849635,61.1350139328688,676389.817056816,155.233366409265
53,2,UMa,4,8,37.9793317248937,23.7569990453063,BS3,Terrestrial,967.304211180738,147.62833715204,11.7081232735362,73.1382726768822,NaN,503.334270320412,6.88195457587704,1,11.7081232735362,967.304211180738,147.62833715204,11.3980075289508,60.9063508310352,677724.715067145,157.577179665277
53,3,UMa,4,8,38.0216558266238,23.7072064288338,SAT-1,Satellite,680754.907225498,156.331494869361,12.6436923248675,18.3281631992588,60.3962167103343,188.391482363219,1.4683996763036,7,-8.69895767969817,3222.77882512916,168.035418105274,12.6436923248675,60.3962167103343,680754.907225498,156.331494869361
53,4,UMa,4,8,37.9736071983487,23.8078769125334,SAT-1,Satellite,675720.94686683,158.023190067853,10.9519971263747,16.0698326868739,61.2505870249628,188.391482363219,1.67475725687015,7,-2.9407572506758,4841.52601759692,162.277217676252,10.9519971263747,61.2505870249628,675720.94686683,158.023190067853
53,5,UMa,4,8,37.9802558381791,23.6645426186478,SAT-1,Satellite,681170.313593365,153.985476823062,14.9897103711658,21.5335475605057,60.3273380331423,188.391482363219,1.24982048747007,7,-13.0446359234681,4383.07767551728,172.381096349044,14.9897103711658,60.3273380331423,681170.313593365,153.985476823062
53,6,UMa,4,8,38.01376534602,23.7372804894991,SAT-1,Satellite,679422.077923315,158.10624596552,10.8689412287078,15.9604565165152,60.6190523637077,188.391482363219,1.68623428040311,7,9.90343307463363,1291.00751068064,149.433027350942,10.8689412287078,60.6190523637077,679422.077923315,158.10624596552
53,7,UMa,4,8,37.9535957836988,23.7337430412451,SAT-1,Satellite,677861.807051335,156.326797380206,12.6483898140221,18.3345060472237,60.8830610844046,188.391482363219,1.46789168138547,7,-10.5481917805286,4950.69084589835,169.884652206104,12.6483898140221,60.8830610844046,677861.807051335,156.326797380206
53,8,UMa,4,8,38.0119680475809,23.7812122583611,SAT-1,Satellite,677771.247180795,157.202103234547,11.7730839596814,17.1591037304039,60.8983525919498,188.391482363219,1.56844257904592,7,3.7500401367262,3557.41121050679,155.58642028885,11.7730839596814,60.8983525919498,677771.247180795,157.202103234547
54,1,UMi,4,5,37.9752707726917,23.7428436810625,BS4,Terrestrial,1348.13152362842,138.124237440376,16.2122229851994,99.505475065953,NaN,248.05866228095,2.49291470762322,1,16.2122229851994,1348.13152362842,138.124237440376,8.31273136809412,33.7994013902575,990785.557140078,160.662455826134
54,2,UMi,4,5,37.9741918103867,23.7997521383777,BS3,Terrestrial,3570.87011757279,145.570839998598,8.76562042697748,28.3832994797969,NaN,248.05866228095,4.36979961504329,2,8.76562042697748,3570.87011757279,145.570839998598,6.10479041291677,33.8586443517464,989590.548558653,162.870396781311
54,3,UMi,4,5,37.9889859278508,23.7684482802768,BS3,Terrestrial,3949.97707028476,144.542725183547,9.79373524202859,31.1870050572027,NaN,248.05866228095,3.97695549518085,2,9.79373524202859,3949.97707028476,144.542725183547,6.2127931686282,33.8879955972413,989000.975617267,162.7623940256
54,4,UMi,4,5,37.9233519576166,23.7910823413454,SAT-1,Satellite,994250.758063536,155.569105705908,13.40608148832,67.7669521721159,33.628342016968,188.391482363219,1.38999524343915,2,-10.2728382521392,3870.38131392948,164.609298677715,13.40608148832,33.628342016968,994250.758063536,155.569105705908
54,5,UMi,4,5,37.992701772259,23.7734607338866,SAT-1,Satellite,988561.901225191,159.704492296037,9.27069489819104,48.6141958543482,33.9098522738641,188.391482363219,1.93761800491006,2,3.12425083676715,3080.4148893582,151.212209588809,9.27069489819104,33.9098522738641,988561.901225191,159.704492296037
55,1,UMa,1,3,37.9948796039482,23.7439552569305,BS1,Terrestrial,3077.21955257254,157.600778852615,1.73568157296074,24.1783758523326,NaN,503.334270320412,20.8175385060801,1,1.73568157296074,3077.21955257254,157.600778852615,0.811600684968738,42.0245254605426,853125.380181289,168.163586509259
55,2,UMa,1,3,37.9598171686682,23.8035868707034,SAT-1,Satellite,853465.393805384,156.62907904444,12.3461081497881,62.7447884214993,41.9999650536152,188.391482363219,1.50125203305863,2,-8.68637475950175,3517.43892576135,168.022835185078,12.3461081497881,41.9999650536152,853465.393805384,156.62907904444
55,3,UMa,1,3,38.0161680837271,23.7891031404806,SAT-1,Satellite,856376.706385253,159.272022080386,9.70316511384232,50.5510974947528,41.789665038869,188.391482363219,1.86337677814783,2,-11.6093548013213,4898.93819076825,170.945815226897,9.70316511384232,41.789665038869,856376.706385253,159.272022080386
56,1,UMi,4,9,37.9543145338462,23.7516836147921,SAT-1,Satellite,872433.253215664,158.645194673104,10.3299925211245,15.2546757607054,40.6697689854261,188.391482363219,1.76425047186887,7,2.48174271235922,3003.48884503957,151.854717713217,10.3299925211245,40.6697689854261,872433.253215664,158.645194673104
56,2,UMi,4,9,37.9535466187991,23.6674314746848,SAT-1,Satellite,867630.619105299,162.775233522502,6.19995367172612,10.1562314358451,41.0000556585956,188.391482363219,2.64990701315107,7,-0.0268527590008887,4423.86190008661,154.363313184577,6.19995367172612,41.0000556585956,867630.619105299,162.775233522502
56,3,UMi,4,9,38.0080205516039,23.7743598426182,SAT-1,Satellite,871489.787979252,155.813005671094,13.1621815231345,19.0303217533414,40.7343732582281,188.391482363219,1.41422038249593,7,4.43191861773602,3709.4985577947,149.90454180784,13.1621815231345,40.7343732582281,871489.787979252,155.813005671094
56,4,UMi,4,9,37.9945645624579,23.7579487568635,BS1,Terrestrial,1743.13374443157,137.11797453851,17.218485887066,50.992146,NaN,248.05866228095,2.43232224704713,2,17.218485887066,1743.13374443157,137.11797453851,1.68918873585375,40.7609073476811,871102.020747095,167.285998458374
56,5,UMi,4,9,38.0087333111592,23.7328823916439,SAT-1,Satellite,869065.192315432,161.58794364802,7.38724354620774,11.5535825229555,40.9009897207913,188.391482363219,2.32941331016231,7,-12.8130131249058,3668.02507697171,167.149473550482,7.38724354620774,40.9009897207913,869065.192315432,161.58794364802
56,6,UMi,4,9,37.9704370243593,23.7595534895444,BS1,Terrestrial,1188.32867769646,139.882147813819,14.4543126117574,44.5454264568513,NaN,248.05866228095,2.78433367925247,2,14.4543126117574,1188.32867769646,139.882147813819,12.7482828150496,40.6852874609246,872206.472503217,156.226904379179
56,7,UMi,4,9,37.9941959446356,23.7918813994282,SAT-1,Satellite,873079.713021142,157.425655221127,11.5495319731012,16.8611620141994,40.625771222645,188.391482363219,1.59615742297991,7,-5.80704059100012,3836.81074811018,160.143501016576,11.5495319731012,40.625771222645,873079.713021142,157.425655221127
56,8,UMi,4,9,37.9920801802651,23.7040421042303,SAT-1,Satellite,868101.663891335,156.595820421131,12.3793667730976,17.9718347344497,40.9675207487699,188.391482363219,1.49751371001884,7,2.08419509184591,1654.63405533853,152.25226533373,12.3793667730976,40.9675207487699,868101.663891335,156.595820421131
56,9,UMi,4,9,37.9445138125599,23.7907904354073,SAT-1,Satellite,875105.566509663,161.729561118683,7.24562607554495,11.3835137115198,40.4881014716305,188.391482363219,2.36421456424266,7,-6.86200660732254,4411.79513339937,161.198467032898,7.24562607554495,40.4881014716305,875105.566509663,161.729561118683
57,1,UMi,4,8,37.9559587837896,23.7337309725787,BS1,Terrestrial,154.69733290112,120.783298027302,33.5531623982737,50.992146,NaN,248.05866228095,2.43232224704713,2,33.5531623982737,154.69733290112,120.783298027302,8.15937766798524,39.5865820225373,888737.796285413,160.815809526243
57,2,UMi,4,8,37.9938435298252,23.7301673174983,SAT-1,Satellite,889155.617015202,164.605211084649,4.36997610957877,14.259046702188,39.5594531380571,188.391482363219,3.3030167846759,4,-4.17933345527302,4363.57823678062,158.515793880849,4.36997610957877,39.5594531380571,889155.617015202,164.605211084649
57,3,UMi,4,8,38.0245611095711,23.7888746314337,SAT-1,Satellite,885355.613321579,158.207358166303,10.7678290279252,27.6981526084477,39.8073522432613,188.391482363219,1.7003975411862,4,-4.63127061862542,3717.81835137971,158.967731044201,10.7678290279252,39.8073522432613,885355.613321579,158.207358166303
57,4,UMi,4,8,37.9791632012254,23.731576544616,SAT-1,Satellite,888989.26475877,159.603383836925,9.37180335730346,24.532634792299,39.5702502815519,188.391482363219,1.91980482282274,4,-3.35255660765421,3522.08981126714,157.68901703323,9.37180335730346,39.5702502815519,888989.26475877,159.603383836925
57,5,UMi,4,8,37.9654050152483,23.7290640400446,BS1,Terrestrial,1254.89211643694,140.308422721293,14.0280377042833,43.2926844083784,NaN,248.05866228095,2.86490276210434,2,14.0280377042833,1254.89211643694,140.308422721293,4.77581194576703,39.5633564509169,889095.550769585,164.199375248461
57,6,UMi,4,8,37.9745783624677,23.7381559570284,SAT-1,Satellite,888522.88197481,158.826805135902,10.1483820583263,26.2823323222752,39.6005409368711,188.391482363219,1.7919973772985,4,2.1036974471522,3413.52511720372,152.232762978424,10.1483820583263,39.6005409368711,888522.88197481,158.826805135902
57,7,UMi,4,8,37.9980373899104,23.7715552376212,BS3,Terrestrial,1672.77291304,129.86367098755,24.4727894380262,50.992146,NaN,248.05866228095,2.43232224704713,2,24.4727894380262,1672.77291304,129.86367098755,5.82080330222459,39.7400991672631,886382.322341523,163.154383892004
57,8,UMi,4,8,37.9779485981831,23.7814680121462,BS3,Terrestrial,795.380722063468,137.980850275352,16.3556101502239,50.1799485955998,NaN,248.05866228095,2.47169107605166,2,16.3556101502239,795.380722063468,137.980850275352,10.6100837312405,39.7903393080156,885615.191151332,158.365103462988
58,1,UMi,4,7,37.9942536509166,23.6845336301713,SAT-1,Satellite,875903.661142911,160.870518474929,8.10466871929916,14.4992490214194,40.4266690726208,188.391482363219,2.16553149390601,6,6.19394382039994,2833.73449727826,148.142516605176,8.10466871929916,40.4266690726208,875903.661142911,160.870518474929
58,2,UMi,4,7,37.9760123410797,23.8182315930472,SAT-1,Satellite,879648.863969978,156.992182715335,11.9830044788932,20.3463757270119,40.1752108617128,188.391482363219,1.54320262316718,6,-6.70236305980075,3700.65828971001,161.038823485377,11.9830044788932,40.1752108617128,879648.863969978,156.992182715335
58,3,UMi,4,7,37.9145876581365,23.7127214053318,SAT-1,Satellite,882915.859046084,156.271709534107,12.7034776601213,21.4770680273252,39.9580164578923,188.391482363219,1.46195841787722,6,-5.69734879318474,4631.52425433969,160.033809218761,12.7034776601213,39.9580164578923,882915.859046084,156.271709534107
58,4,UMi,4,7,37.9901558638219,23.7779201158697,BS3,Terrestrial,1583.84579985702,146.731075889582,7.60538453599347,50.6249737003291,NaN,248.05866228095,4.89992673871429,1,7.60538453599347,1583.84579985702,146.731075889582,4.8906476529655,40.299265888271,877796.117786108,164.084539541263
58,5,UMi,4,7,37.9843679739135,23.6917057032898,SAT-1,Satellite,876831.04561761,156.013875352955,12.9613118412731,21.8841151414977,40.3641114584648,188.391482363219,1.43476581944729,6,10.0799603682657,2230.47487097902,144.25650005731,12.9613118412731,40.3641114584648,876831.04561761,156.013875352955
58,6,UMi,4,7,38.0014231905418,23.6858547824052,SAT-1,Satellite,875337.802550901,159.740875643466,9.23431155076202,16.1507165745941,40.4649322479788,188.391482363219,1.9440982849802,6,-9.13047830194952,4146.38434443573,163.466938727525,9.23431155076202,40.4649322479788,875337.802550901,159.740875643466
58,7,UMi,4,7,37.9619708824929,23.7661726178485,SAT-1,Satellite,879906.937287327,160.217771532124,8.75741566210363,15.4472853468486,40.1579380327781,188.391482363219,2.03262771994274,6,-12.1069119726911,3161.56207844872,166.443372398267,8.75741566210363,40.1579380327781,879906.937287327,160.217771532124
59,1,UMa,1,10,37.951656492935,23.7101431281302,SAT-1,Satellite,800125.441495173,155.462128752587,13.5130584416414,15.1726688304382,46.2498970225198,188.391482363219,1.37961140279116,9,-12.8435825547773,3913.29394839058,172.180042980353,13.5130584416414,46.2498970225198,800125.441495173,155.462128752587
59,2,UMa,1,10,38.0049707720397,23.7047551782857,SAT-1,Satellite,796288.833264908,159.796624169722,9.17856302450588,10.7120299512969,46.5894323848504,188.391482363219,1.95410085897979,9,-15.5502844831541,2397.63063914874,174.88674490873,9.17856302450588,46.5894323848504,796288.833264908,159.796624169722
59,3,UMa,1,10,38.0001457635446,23.7291311424737,SAT-1,Satellite,796242.550863808,158.178090220438,10.7970969737897,12.3402007818636,46.5935379034538,188.391482363219,1.69627604114926,9,-9.24311300767249,3449.81402671591,168.579573433248,10.7970969737897,46.5935379034538,796242.550863808,158.178090220438
59,4,UMa,1,10,38.0115634946147,23.7076932972561,SAT-1,Satellite,795756.83227722,160.434213339526,8.54097385470166,10.0873066131917,46.6369186183635,188.391482363219,2.07512150982623,9,4.6732533489531,3173.31206243318,154.663207076623,8.54097385470166,46.6369186183635,795756.83227722,160.434213339526
59,5,UMa,1,10,38.0094209668432,23.7386743458485,SAT-1,Satellite,795406.549428897,158.57150977243,10.4036774217982,11.9394725106418,46.6682136693318,188.391482363219,1.75320868745157,9,-18.0467603012822,4711.49393510394,177.383220726858,10.4036774217982,46.6682136693318,795406.549428897,158.57150977243
59,6,UMa,1,10,37.9525719318704,23.7175300207422,SAT-1,Satellite,799936.708936509,155.247546591051,13.7276406031768,15.4003831223422,46.2664732097707,188.391482363219,1.35921208991734,9,-10.3500418328732,4089.96558840412,169.686502258449,13.7276406031768,46.2664732097707,799936.708936509,155.247546591051
59,7,UMa,1,10,37.95583696874,23.6939126362612,BS1,Terrestrial,3216.73275446991,148.537125294343,10.7993351312326,67.9824279407803,NaN,503.334270320412,7.40388782170105,1,10.7993351312326,3216.73275446991,148.537125294343,7.47751828925527,46.2535032846598,800084.551692914,161.497668904973
59,8,UMa,1,10,37.9649217081414,23.65474616748,SAT-1,Satellite,800071.627389654,154.945332223351,14.0298549708771,15.721864704695,46.2546743808754,188.391482363219,1.33141884391077,9,0.286392391739582,4167.19089478896,159.050068033836,14.0298549708771,46.2546743808754,800071.627389654,154.945332223351
59,9,UMa,1,10,38.0120071601849,23.6904337517598,SAT-1,Satellite,796011.010987202,156.254848214803,12.7203389794253,14.335766947719,46.6142325751385,188.391482363219,1.46015117332646,9,-3.94975765995713,3045.7306247903,163.286218085533,12.7203389794253,46.6142325751385,796011.010987202,156.254848214803
59,10,UMa,1,10,38.0118464330914,23.6733280970139,SAT-1,Satellite,796309.742337154,160.254128514726,8.72105867950191,10.2626790560343,46.5875966638487,188.391482363219,2.03966106851393,9,-21.128723488007,3553.23726362282,180.465183913583,8.72105867950191,46.5875966638487,796309.742337154,160.254128514726
60,1,UMa,1,7,37.9547109724736,23.7380966789651,BS1,Terrestrial,1176.33734269068,147.634766358114,11.7016940674619,18.2753852791475,NaN,503.334270320412,6.88541257314457,4,11.7016940674619,1176.33734269068,147.634766358114,2.89312785121768,24.435208818931,1230985.7997001,166.08205934301
60,2,UMa,1,7,37.9475388570855,23.752725325697,SAT-1,Satellite,1231646.13117718,164.226993441911,4.74819375231732,19.9426879438809,24.4147178981215,188.391482363219,3.14888148300027,3,-7.82504871566476,1972.45579603917,167.161509141241,4.74819375231732,24.4147178981215,1231646.13117718,164.226993441911
60,3,UMa,1,7,37.954719097775,23.7709160246056,SAT-1,Satellite,1230844.39945529,162.85733508156,6.11785211266786,23.4783089636359,24.4395931155101,188.391482363219,2.67468840643516,3,-18.4386715613227,2548.12357116535,177.775131986899,6.11785211266786,24.4395931155101,1230844.39945529,162.85733508156
60,4,UMa,1,7,37.9884000768262,23.73788071698,SAT-1,Satellite,1227588.8788587,165.041703357438,3.93348383678992,17.9647636810433,24.5409517994157,188.391482363219,3.49557399711326,3,-4.7802828982276,2763.56571348119,164.116743323803,3.93348383678992,24.5409517994157,1227588.8788587,165.041703357438
60,5,UMa,1,7,37.9404308769261,23.7302269550547,BS1,Terrestrial,2903.29163889575,154.668567170574,4.6678932550019,9.06219952128074,NaN,503.334270320412,13.8855437120545,4,4.6678932550019,2903.29163889575,154.668567170574,3.58001671355072,24.38945111264,1232461.57016628,165.395170480677
60,6,UMa,1,7,37.9653714323498,23.7402644080592,BS1,Terrestrial,394.646429285088,135.859989202825,23.4764712227506,25.496073,NaN,503.334270320412,4.93540976212702,4,23.4764712227506,394.646429285088,135.859989202825,0.866080282337208,24.4689207017824,1229900.79101113,168.109106911891
60,7,UMa,1,7,37.9712648498305,23.7590441377921,BS1,Terrestrial,1514.15319711681,145.64546243141,13.6909979941656,21.1527373465822,NaN,503.334270320412,5.94880773671758,4,13.6909979941656,1514.15319711681,145.64546243141,5.0334034634478,24.4899366169183,1229225.25914992,163.94178373078
61,1,UMi,1,5,37.9296204252338,23.7088024262499,SAT-1,Satellite,640511.547108018,158.874276073483,10.1009111207455,26.1745357526193,68.5261471276685,188.391482363219,1.79937749559098,4,-19.8609367811261,3632.82040300893,174.197397206702,10.1009111207455,68.5261471276685,640511.547108018,158.874276073483
61,2,UMi,1,5,37.9789000252833,23.7625814714407,SAT-1,Satellite,643122.128270719,162.260616118049,6.71457107617934,18.8190528428277,67.8801347284471,188.391482363219,2.50266955431578,4,-18.1324224098832,4306.05724535312,172.468882835459,6.71457107617934,67.8801347284471,643122.128270719,162.260616118049
61,3,UMi,1,5,37.9251089238531,23.7751713041157,BS1,Terrestrial,3114.67791216341,142.200710896639,12.135749528937,75.588905954555,NaN,248.05866228095,3.28168081212984,1,12.135749528937,3114.67791216341,142.200710896639,11.766763902031,68.3156923311188,641352.021988726,157.208423292197
61,4,UMi,1,5,37.9284972188012,23.7830267193314,SAT-1,Satellite,641596.689799883,160.048763105588,8.92642408863972,23.5433746475747,68.2548726852336,188.391482363219,2.00047237474754,4,-3.3221671665807,3509.99839792557,157.658627592157,8.92642408863972,68.2548726852336,641596.689799883,160.048763105588
61,5,UMi,1,5,37.9669635970852,23.7420193203511,SAT-1,Satellite,642368.64815367,154.732788945963,14.2423982482647,35.8840620941045,68.064214614174,188.391482363219,1.31250108940544,4,5.59632008905336,2791.94437923096,148.740140336523,14.2423982482647,68.064214614174,642368.64815367,154.732788945963
62,1,UMa,1,3,37.9839776278975,23.6827270172633,SAT-1,Satellite,708877.615141244,155.459427811852,13.5157593823762,45.5265963961732,56.1651089172065,188.391482363219,1.37935109932835,3,-12.2252051369199,4641.42572999493,171.561665562496,13.5157593823762,56.1651089172065,708877.615141244,155.459427811852
62,2,UMa,1,3,37.9460418261704,23.7699976431772,SAT-1,Satellite,711243.818446779,158.405401409271,10.5697857849572,36.3249338204615,55.84410819567,188.391482363219,1.72876187739581,3,-13.8536571749313,4152.20056244429,173.190117600507,10.5697857849572,55.84410819567,711243.818446779,158.405401409271
62,3,UMa,1,3,37.9982625196345,23.7293488385747,SAT-1,Satellite,711282.374163151,156.389893296071,12.5852938981573,42.5817924026759,55.838798768285,188.391482363219,1.47474207271259,3,-5.71237682691935,4203.98561247477,165.048837252495,12.5852938981573,55.838798768285,711282.374163151,156.389893296071
63,1,UMa,3,3,37.979364559782,23.7177475852839,BS2,Terrestrial,1831.61596477145,147.036308783044,12.3001516425314,38.2674191704033,NaN,503.334270320412,6.57653796927205,2,12.3001516425314,1831.61596477145,147.036308783044,3.99589474069904,28.5083973184796,1112518.1180171,164.979292453529
63,2,UMa,3,3,38.0123690212935,23.7895037259964,SAT-1,Satellite,1113883.55785208,165.214995048319,3.7601921459088,52.6715662171502,28.4561991687704,188.391482363219,3.5767207222685,1,1.30474316810282,4976.68695050324,158.031717257473,3.7601921459088,28.4561991687704,1113883.55785208,165.214995048319
63,3,UMa,3,3,37.9870191508933,23.7089322851453,BS2,Terrestrial,2952.33599670996,147.057425627636,12.2790347979397,38.2066119098921,NaN,503.334270320412,6.58700477691524,2,12.2790347979397,2952.33599670996,147.057425627636,7.80908009517333,28.4732149658651,1113439.570466,161.166107099055
64,1,UMa,1,8,37.9600206763857,23.7945757880695,SAT-1,Satellite,1200025.40156211,164.668597770279,4.30658942394876,11.3149024816537,25.4166806940604,188.391482363219,3.32997094175016,5,-16.22168003277,2570.51916320193,175.558140458346,4.30658942394876,25.4166806940604,1200025.40156211,164.668597770279
64,2,UMa,1,8,37.9619121659512,23.7573696612041,BS1,Terrestrial,786.56036478569,137.92529422248,21.4111662030956,33.994764,NaN,503.334270320412,4.93540976212702,3,21.4111662030956,786.56036478569,137.92529422248,2.92142207826615,25.4248576006215,1199774.55486339,166.053765115962
64,3,UMa,1,8,38.0050678431211,23.7574850697932,SAT-1,Satellite,1204058.01177145,161.588112231218,7.38707496301052,16.174731379729,25.2853904763226,188.391482363219,2.32945423253607,5,-14.667285801136,4589.8772993717,174.003746226712,7.38707496301052,25.2853904763226,1204058.01177145,161.588112231218
64,4,UMa,1,8,37.9692855890962,23.752718621667,BS1,Terrestrial,1279.91884059959,141.375462224668,17.960998200908,33.994764,NaN,503.334270320412,4.93540976212702,3,17.960998200908,1279.91884059959,141.375462224668,6.52725162867176,25.4027380355409,1200451.79082275,162.447935565556
64,5,UMa,1,8,37.9894246107273,23.798903821625,SAT-1,Satellite,1202992.56114792,159.245601986109,9.7295852081196,20.2680192544179,25.3200076340335,188.391482363219,1.8590024017483,5,-21.7922960838196,4032.60160057334,181.128756509395,9.7295852081196,25.3200076340335,1202992.56114792,159.245601986109
64,6,UMa,1,8,38.0023613018073,23.7361056463603,SAT-1,Satellite,1203543.17836322,166.3627600467,2.61242714752777,8.98924570093919,25.3020900217601,188.391482363219,4.19148588504007,5,-5.83836943029695,4971.13583811245,165.174829855873,2.61242714752777,25.3020900217601,1203543.17836322,166.3627600467
64,7,UMa,1,8,37.9583849585904,23.7744854343616,BS1,Terrestrial,1002.03213119976,138.993380408927,20.3430800166488,33.994764,NaN,503.334270320412,4.93540976212702,3,20.3430800166488,1002.03213119976,138.993380408927,2.45165503027934,25.4297471273912,1199625.19606331,166.523532163949
64,8,UMa,1,8,37.9276018236142,23.7778739268436,SAT-1,Satellite,1196615.03340404,160.444148944942,8.53103824928601,18.1397819916932,25.5283864084021,188.391482363219,2.07710856116671,5,6.97088905752847,4203.19430926564,152.365571368047,8.53103824928601,25.5283864084021,1196615.03340404,160.444148944942
65,1,UMa,1,5,37.9458053585166,23.6687774267787,SAT-1,Satellite,760168.343498114,162.558298997771,6.41688819645711,14.5691212424997,50.0685812345235,188.391482363219,2.58617495492674,5,3.99898414144158,4918.73621553001,155.337476284134,6.41688819645711,50.0685812345235,760168.343498114,162.558298997771
65,2,UMa,1,5,37.9821662260089,23.6920377113226,SAT-1,Satellite,759218.786224159,161.880074186264,7.09511300796393,15.6852143877154,50.1676824176228,188.391482363219,2.40215374436662,5,3.80555374198013,1628.00972599937,155.530906683596,7.09511300796393,50.1676824176228,759218.786224159,161.880074186264
65,3,UMa,1,5,37.9834946735615,23.6652015759995,SAT-1,Satellite,758099.50940065,159.208343666125,9.76684352810329,20.3351654970201,50.2849341906641,188.391482363219,1.85286401913793,5,-5.88030912623566,3936.81255756756,165.216769551812,9.76684352810329,50.2849341906641,758099.50940065,159.208343666125
65,4,UMa,1,5,38.0152683302022,23.727137993312,SAT-1,Satellite,758929.52733055,159.302993634154,9.67219356007388,20.1646976092791,50.1980229827692,188.391482363219,1.86852772120448,5,-6.9502613272501,4583.40602189725,166.286721752826,9.67219356007388,50.1980229827692,758929.52733055,159.302993634154
65,5,UMa,1,5,37.9671226842058,23.7603442021595,SAT-1,Satellite,762688.386248095,159.382327921381,9.59285927284702,20.0220918441392,49.808020916527,188.391482363219,1.88183616207279,5,-11.1009329176138,4618.85661112969,170.43739334319,9.59285927284702,49.808020916527,762688.386248095,159.382327921381
66,1,UMi,4,6,37.9824668291629,23.7517279683029,SAT-1,Satellite,1094697.71228615,156.775825889841,12.1993613043868,31.0272356648898,29.203610637054,188.391482363219,1.5179525207945,4,7.93776722332666,1435.61283628802,146.398693202249,12.1993613043868,29.203610637054,1094697.71228615,156.775825889841
66,2,UMi,4,6,38.0087500997187,23.7557233485548,BS3,Terrestrial,2226.82273357867,142.071744537847,12.264715887729,76.3307782270521,NaN,248.05866228095,3.24978557853923,1,12.264715887729,2226.82273357867,142.071744537847,8.50652813689561,29.305326679623,1092134.10324584,160.468659057333
66,3,UMi,4,6,37.9908191971166,23.7226090861855,SAT-1,Satellite,1094169.00318386,157.909174520445,11.0660126737829,28.3854068884783,29.2245581186936,188.391482363219,1.65922830614494,4,0.199653966500847,2898.17964339046,154.136806459075,11.0660126737829,29.2245581186936,1094169.00318386,157.909174520445
66,4,UMi,4,6,37.9416806825029,23.7401233099007,SAT-1,Satellite,1098731.46513782,161.169319010276,7.80586818395255,21.1071948913413,29.044603921658,188.391482363219,2.23136569464876,4,1.51533120525977,4064.09144712953,152.821129220316,7.80586818395255,29.044603921658,1098731.46513782,161.169319010276
66,5,UMi,4,6,37.9665384915442,23.7070874343204,SAT-1,Satellite,1096652.25178084,161.302794685362,7.67239250886567,20.8225541400084,29.126422805786,188.391482363219,2.26186808179843,4,3.11363722273865,4141.84321980072,151.222823202837,7.67239250886567,29.126422805786,1096652.25178084,161.302794685362
66,6,UMi,4,6,37.9687148735395,23.753933710644,BS2,Terrestrial,991.169187327257,138.131960516586,16.2044999089898,99.4594729523415,NaN,248.05866228095,2.49406773349597,1,16.2044999089898,991.169187327257,138.131960516586,2.74827648571423,29.1521326811561,1096000.06403873,166.226910708514
67,1,UMa,1,9,37.9987830278453,23.7359580779348,SAT-1,Satellite,1076014.70812682,161.507994245739,7.4671929484889,10.1937274093579,29.9641930410996,188.391482363219,2.31013978986571,8,-4.95921634183071,3563.61288933037,164.295676767407,7.4671929484889,29.9641930410996,1076014.70812682,161.507994245739
67,2,UMa,1,9,38.009334207885,23.6616842346393,SAT-1,Satellite,1081157.76778406,156.159997313222,12.8151898810064,16.239962167075,29.7541207762469,188.391482363219,1.45006097016319,8,-19.8541755664987,4624.53986502552,179.190635992075,12.8151898810064,29.7541207762469,1081157.76778406,156.159997313222
67,3,UMa,1,9,38.0063960558836,23.7404910192637,SAT-1,Satellite,1076177.75273127,154.231578063883,14.7436091303456,18.5449626025269,29.9574814271942,188.391482363219,1.26982921454873,8,-5.45561773149868,4375.07742301358,164.792078157075,14.7436091303456,29.9574814271942,1076177.75273127,154.231578063883
67,4,UMa,1,9,37.9765095267687,23.697223526422,BS1,Terrestrial,709.308691779374,129.426830291657,29.9096301339191,101.984292,NaN,503.334270320412,4.93540976212702,1,29.9096301339191,709.308691779374,129.426830291657,-0.392096493626525,29.9197344012009,1077100.17615011,169.367283687855
67,5,UMa,1,9,38.0144872439942,23.7033155267133,SAT-1,Satellite,1078909.76953393,158.920520072939,10.0546671212892,13.0348130454153,29.8456481413752,188.391482363219,1.80661856931543,8,-12.689009787719,3612.4739396416,172.025470213295,10.0546671212892,29.8456481413752,1078909.76953393,158.920520072939
67,6,UMa,1,9,37.9461170756511,23.718406680303,SAT-1,Satellite,1074066.41970709,167.015923851459,1.95926334276885,5.10683440083619,30.0444692641686,188.391482363219,4.61125884394185,8,-5.03390793837264,4251.96424701686,164.370368363949,1.95926334276885,30.0444692641686,1074066.41970709,167.015923851459
67,7,UMa,1,9,37.9904121808459,23.6760217412289,SAT-1,Satellite,1079194.42117632,169.832739091392,-0.857551897163944,3.24218864208286,29.8340937360815,188.391482363219,7.26328350847404,8,-11.5803062503422,2417.58987554255,170.916766675918,-0.857551897163944,29.8340937360815,1079194.42117632,169.832739091392
67,8,UMa,1,9,37.9837077758492,23.7274632384522,SAT-1,Satellite,1075665.2053067,163.866392990498,5.10879420373061,7.81842460067584,29.9785844023983,188.391482363219,3.01197958644593,8,0.598921956830623,2298.50336992927,158.737538468745,5.10879420373061,29.9785844023983,1075665.2053067,163.866392990498
67,9,UMa,1,9,37.9464372859235,23.7276427262411,SAT-1,Satellite,1073519.51606338,164.840248299284,4.13493889494436,6.91668417735945,30.0670234513603,188.391482363219,3.40465672445846,8,-9.48934815843441,4569.80385350734,168.82580858401,4.13493889494436,30.0670234513603,1073519.51606338,164.840248299284
68,1,UMi,1,9,37.9803195897397,23.6847630732238,None,Outage,3040.05056095402,168.867174252293,-14.5307138267172,0,NaN,0,Inf,0,-14.5307138267172,3040.05056095402,168.867174252293,-Inf,19.9322085338038,1394726.59676789,Inf
68,2,UMi,1,9,38.0039728783413,23.7073450353661,BS1,Terrestrial,3174.87120909668,157.633834296688,-3.2973738711118,2.03380960314838,NaN,248.05866228095,24.3934989683351,5,-3.2973738711118,3174.87120909668,157.633834296688,-Inf,19.8566986954328,1397819.09373717,Inf
68,3,UMi,1,9,37.9374013723886,23.7241604091463,None,Outage,4409.3697549386,162.983799152005,-8.64733872642867,0,NaN,0,Inf,0,-8.64733872642867,4409.3697549386,162.983799152005,-Inf,19.9757118949968,1392954.66190864,Inf
68,4,UMi,1,9,38.0136699586521,23.7474397571442,None,Outage,4778.39403797929,167.906793854478,-13.5703334289021,0,NaN,0,Inf,0,-13.5703334289021,4778.39403797929,167.906793854478,-Inf,19.7901085272782,1400558.25014616,Inf
68,5,UMi,1,9,37.9874689946473,23.6690600221086,BS1,Terrestrial,4549.16595566666,160.039821822897,-5.70336139732078,1.26180866660278,NaN,248.05866228095,39.3179518965913,5,-5.70336139732078,4549.16595566666,160.039821822897,-Inf,19.9355156503698,1394590.29806591,Inf
68,6,UMi,1,9,38.0008002955792,23.6777595919633,BS1,Terrestrial,4495.60356684648,159.529119161288,-5.1926587357122,1.40009732517992,NaN,248.05866228095,35.4344884201636,5,-5.1926587357122,4495.60356684648,159.529119161288,-Inf,19.8975855485917,1396141.67862819,Inf
68,7,UMi,1,9,38.0189024689433,23.7362339929332,None,Outage,4896.52446573755,174.575803801122,-20.2393433755466,0,NaN,0,Inf,0,-20.2393433755466,4896.52446573755,174.575803801122,-Inf,19.7922487314447,1400469.28463951,Inf
68,8,UMi,1,9,37.9474587812906,23.6999458244205,BS1,Terrestrial,3678.1875688418,151.884414034859,2.45204639071707,5.37586617927016,NaN,248.05866228095,9.22860257338575,5,2.45204639071707,3678.1875688418,151.884414034859,-Inf,19.9831174261466,1392651.02637875,Inf
68,9,UMi,1,9,37.9826335488608,23.7172683213156,BS1,Terrestrial,653.842979568112,144.208281458662,10.1281789669141,12.8453622847522,NaN,248.05866228095,3.86222913425187,5,10.1281789669141,653.842979568112,144.208281458662,-Inf,19.8895648942947,1396473.06706811,Inf
69,1,UMa,4,7,38.0091365239761,23.7811962462972,SAT-1,Satellite,884668.639215552,154.647830514636,14.3273566795921,28.870498634557,39.8470080683851,188.391482363219,1.30507951904731,5,3.76795262651532,1508.15251125695,155.568507799061,14.3273566795921,39.8470080683851,884668.639215552,154.647830514636
69,2,UMa,4,7,38.0065971908744,23.6660366083866,SAT-1,Satellite,890171.659906253,159.138151559955,9.83703563427272,20.4618135047593,39.4882260161654,188.391482363219,1.84139575233055,5,-2.74736996498504,1797.79995135586,162.083830390561,9.83703563427272,39.4882260161654,890171.659906253,159.138151559955
69,3,UMa,4,7,37.9881553421336,23.7994518132359,SAT-1,Satellite,885138.72375937,156.954785178997,12.0204020152314,24.4857676796323,39.8160644687825,188.391482363219,1.53878354828896,5,-1.74474273490429,3956.25011164284,161.08120316048,12.0204020152314,39.8160644687825,885138.72375937,156.954785178997
69,4,UMa,4,7,37.9956215907803,23.6649958861014,BS4,Terrestrial,2422.94572449685,140.27005645568,19.0664039698961,101.984292,NaN,503.334270320412,4.93540976212702,1,19.0664039698961,2422.94572449685,140.27005645568,10.3228236116388,39.4410682760365,890901.243783341,158.652363582589
69,5,UMa,4,7,38.0370079902472,23.7297454171302,SAT-1,Satellite,885319.114392887,160.915583385648,8.05960380858022,17.3213663825939,39.804374713605,188.391482363219,2.1752496679769,5,4.27807692599589,4234.26638016349,155.05838349958,8.05960380858022,39.804374713605,885319.114392887,160.915583385648
69,6,UMa,4,7,37.9751958625335,23.7346455668728,BS3,Terrestrial,368.960206566021,128.263905872037,31.0725545535392,101.984292,NaN,503.334270320412,4.93540976212702,1,31.0725545535392,368.960206566021,128.263905872037,11.8370405712,39.5682989783034,888934.123360976,157.138146623028
69,7,UMa,4,7,38.0259294444909,23.7956598450935,SAT-1,Satellite,882958.817023511,162.538362739419,6.43682445480883,14.6014881983768,39.9597471165903,188.391482363219,2.58044220977642,5,-4.38262655151692,3275.68073040842,163.719086977093,6.43682445480883,39.9597471165903,882958.817023511,162.538362739419
70,1,UMa,1,4,37.956264171619,23.7823863314958,None,Outage,4954.11399154062,168.246381771911,-8.90992134633481,0,NaN,0,Inf,0,-8.90992134633481,4954.11399154062,168.246381771911,-Inf,18.8454076897221,1440735.66888799,Inf
70,2,UMa,1,4,37.9839798118425,23.7846235957562,BS1,Terrestrial,3695.61108702465,159.172039309709,0.164421115867043,6.28871752631426,NaN,503.334270320412,26.679221861176,3,0.164421115867043,3695.61108702465,159.172039309709,-Inf,18.7989451480228,1442750.39136201,Inf
70,3,UMa,1,4,38.0247290266834,23.7397232028932,BS1,Terrestrial,4074.16887889069,161.89295919713,-2.55649877155412,3.89833186179042,NaN,503.334270320412,43.0384318357512,3,-2.55649877155412,4074.16887889069,161.89295919713,-Inf,18.8008237722548,1442663.9345276,Inf
70,4,UMa,1,4,38.0232165113552,23.7578825179018,BS1,Terrestrial,4113.51858707715,157.619321345524,1.71713908005219,8.03691219633455,NaN,503.334270320412,20.8759391676972,3,1.71713908005219,4113.51858707715,157.619321345524,-Inf,18.7767440242032,1443711.81704701,Inf
71,1,UMi,4,8,37.9649167019735,23.7447605684062,BS1,Terrestrial,1101.46969248266,143.900524214908,10.4359362106681,32.9714937472074,NaN,248.05866228095,3.76171404581814,2,10.4359362106681,1101.46969248266,143.900524214908,1.51069657888763,20.8609207783496,1357690.11140488,167.46449061534
71,2,UMi,4,8,38.0128535396318,23.7763260871609,BS3,Terrestrial,1125.56527678718,150.033983779083,4.30247664649306,34.605307374,NaN,248.05866228095,7.16822594869722,1,4.30247664649306,1125.56527678718,150.033983779083,1.04732129655528,20.7923715617132,1360357.56908229,167.927865897673
71,3,UMi,4,8,37.9635277935459,23.7469669644734,BS4,Terrestrial,1951.12827680963,146.794053878783,7.54240654679265,50.2980269017692,NaN,248.05866228095,4.93177720003615,1,7.54240654679265,1951.12827680963,146.794053878783,0.883019629839509,20.866602110849,1357469.1227488,168.092167564389
71,4,UMi,4,8,38.0120791799783,23.7533775846515,BS2,Terrestrial,3953.28722889946,157.576539884822,-3.24007945924615,10.2809548270602,NaN,248.05866228095,24.1279790110585,1,-3.24007945924615,3953.28722889946,157.576539884822,-16.2217239478587,20.767146378662,1361344.09885268,185.196911142087
71,5,UMi,4,8,37.9640275489641,23.7884891889003,SAT-1,Satellite,1355599.95894094,170.294324637661,-1.31913744343333,7.97470250543346,20.914682441655,188.391482363219,7.87454588368074,3,-12.2354239481731,2747.46629365679,166.571884373749,-1.31913744343333,20.914682441655,1355599.95894094,170.294324637661
71,6,UMi,4,8,37.9716244693076,23.7163062568521,SAT-1,Satellite,1359580.66264463,167.176119448624,1.79906774560416,13.2954637059524,20.812405103203,188.391482363219,4.72320200156878,3,-2.87441446048948,2532.84434450246,157.210874886065,1.79906774560416,20.812405103203,1359580.66264463,167.176119448624
71,7,UMi,4,8,38.0365582064745,23.7337968501309,SAT-1,Satellite,1364349.9640113,164.787554006701,4.18763318752755,18.5710069846812,20.6904036249361,188.391482363219,3.38146234286269,3,-4.35592147037107,4937.09410410254,158.692381895947,4.18763318752755,20.6904036249361,1364349.9640113,164.787554006701
71,8,UMi,4,8,37.9565577559565,23.747916487827,BS1,Terrestrial,1152.19917585363,141.127255815085,13.2092046104905,40.8997768867748,NaN,248.05866228095,3.03251852653947,2,13.2092046104905,1152.19917585363,141.127255815085,-2.81907814854145,20.8831169291887,1356827.51374971,171.79426534277
72,1,UMi,3,5,37.9779986588623,23.7268872864541,BS1,Terrestrial,671.683156553267,125.470005044642,28.8664553809339,101.984292,NaN,248.05866228095,2.43232224704713,1,28.8664553809339,671.683156553267,125.470005044642,4.76294243003019,33.0416975539911,1006522.93236927,164.212244764198
72,2,UMi,3,5,37.9549059345204,23.6431830997853,SAT-1,Satellite,1010908.85753721,162.966974042613,6.00821315161539,17.3897789983483,32.833460946898,188.391482363219,2.70836510316078,4,-19.2550952231421,4371.52223644451,173.591555648718,6.00821315161539,32.833460946898,1010908.85753721,162.966974042613
72,3,UMi,3,5,37.9957574953308,23.6912970855621,SAT-1,Satellite,1009618.52819497,162.414874553751,6.56031264047672,18.5032299766366,32.8944380272513,188.391482363219,2.54538643524798,4,5.77175945685084,3541.24292439908,148.564700968725,6.56031264047672,32.8944380272513,1009618.52819497,162.414874553751
72,4,UMi,3,5,37.9213863917271,23.7081909898749,SAT-1,Satellite,1005206.82137001,174.985174478845,-6.0099872846173,2.41975404153784,33.1047228114997,188.391482363219,19.4639082246856,4,-19.090859447217,4933.53878753867,173.427319872793,-6.0099872846173,33.1047228114997,1005206.82137001,174.985174478845
72,5,UMi,3,5,37.9996991241353,23.7124148662859,SAT-1,Satellite,1008433.56412132,157.567921376679,11.4072658175489,29.1761290357664,32.9506621340167,188.391482363219,1.61426042958161,4,1.25059601520437,4377.81722415521,153.085864410371,11.4072658175489,32.9506621340167,1008433.56412132,157.567921376679
73,1,UMi,1,5,38.0067112680268,23.6944797207455,SAT-1,Satellite,679346.128787126,153.730933464267,15.2442537299615,38.2989482000932,60.6315684218188,188.391482363219,1.22974318628129,4,-12.58265011366,3612.54538459022,166.919110539236,15.2442537299615,60.6315684218188,679346.128787126,153.730933464267
73,2,UMi,1,5,38.0175995868148,23.6741190767098,SAT-1,Satellite,678292.097312153,153.816856501662,15.158330692566,38.0911492437021,60.8095997421692,188.391482363219,1.236451814291,4,-0.814280955271386,4815.64744618175,155.150741380847,15.158330692566,60.8095997421692,678292.097312153,153.816856501662
73,3,UMi,1,5,38.0038611370029,23.6718360283449,SAT-1,Satellite,678664.260873334,156.401955392846,12.5732318013816,31.9078647950599,60.7465419542823,188.391482363219,1.47605836032302,4,10.5070130354806,3396.41958350188,143.829447390095,12.5732318013816,60.7465419542823,678664.260873334,156.401955392846
73,4,UMi,1,5,37.9638068689577,23.6879991682139,BS1,Terrestrial,1278.54831068729,141.238733868271,13.0977265573051,81.1510184631961,NaN,248.05866228095,3.05675353160787,1,13.0977265573051,1278.54831068729,141.238733868271,12.5105519995224,60.430231518007,680548.47875212,156.464635194706
73,5,UMi,1,5,37.9452722605125,23.6956834371855,SAT-1,Satellite,681437.645088859,155.902297627198,13.07288956703,33.0909443998478,60.2825976676021,188.391482363219,1.42328577938746,4,-3.97186307288186,3439.59000457136,158.308323498458,13.07288956703,60.2825976676021,681437.645088859,155.902297627198
74,1,UMa,1,9,37.9936203966272,23.7598801869243,BS1,Terrestrial,3590.45334834547,146.987263177768,12.3491972478081,76.8174247040084,NaN,503.334270320412,6.55234502145641,1,12.3491972478081,3590.45334834547,146.987263177768,7.68254076812318,40.0603740704109,881366.195959496,161.292646426105
74,2,UMa,1,9,37.9801398798454,23.7482131469677,SAT-1,Satellite,882622.550010848,156.456435386509,12.5187518077196,15.8896426308737,39.9770720054859,188.391482363219,1.48203051776927,8,-3.91398133178902,2974.02153244071,163.250441757365,12.5187518077196,39.9770720054859,882622.550010848,156.456435386509
74,3,UMa,1,9,37.94551418868,23.7862951504968,SAT-1,Satellite,885131.511580862,160.61530516872,8.35988202550823,11.150832939169,39.8116302018361,188.391482363219,2.11185437212345,8,-2.7812137143504,2238.87878367278,162.117674139926,8.35988202550823,39.8116302018361,885131.511580862,160.61530516872
74,4,UMa,1,9,37.9667238611483,23.720368920377,SAT-1,Satellite,884052.447341778,152.137464419253,16.8377227749748,20.830125,39.8826564282356,188.391482363219,1.1305229947205,8,-7.81427003457767,4789.94069414265,167.150730460154,16.8377227749748,39.8826564282356,884052.447341778,152.137464419253
74,5,UMa,1,9,37.9195934529857,23.7869822634908,SAT-1,Satellite,887310.401685728,155.446579490661,13.5286077035675,17.0877980688656,39.6689816247475,188.391482363219,1.3781140905632,8,-15.5006989833978,4989.31649189244,174.837159408974,13.5286077035675,39.6689816247475,887310.401685728,155.446579490661
74,6,UMa,1,9,37.9421681558309,23.786130364885,SAT-1,Satellite,885415.145082902,158.884206847737,10.0909803464913,13.0759991341855,39.7930083351845,188.391482363219,1.80092817793454,8,-14.0622445335835,2569.58127981617,173.398704959159,10.0909803464913,39.7930083351845,885415.145082902,158.884206847737
74,7,UMa,1,9,37.9681338745807,23.7195773398766,SAT-1,Satellite,883942.673918216,169.200950875398,-0.225763681169923,3.61120777659626,39.8898918245757,188.391482363219,6.5210690583964,8,-12.1752249488616,4873.34617094702,171.511685374437,-0.225763681169923,39.8898918245757,883942.673918216,169.200950875398
74,8,UMa,1,9,37.9572810743822,23.7316365533647,SAT-1,Satellite,884723.024151774,159.506359504172,9.4688276900564,12.3747868044992,39.8385059169231,188.391482363219,1.90297705063011,8,-9.10251052133981,3848.59616131507,168.438970946916,9.4688276900564,39.8385059169231,884723.024151774,159.506359504172
74,9,UMa,1,9,37.9212177990129,23.7696250459577,SAT-1,Satellite,887354.739721816,158.949899906958,10.0252872872699,13.0015133700793,39.6660974328385,188.391482363219,1.81124570848775,8,2.29251675942299,4712.62684313455,157.043943666153,10.0252872872699,39.6660974328385,887354.739721816,158.949899906958
75,1,UMa,1,6,38.0148719001244,23.6688052194043,None,Outage,4793.27854139078,171.049535845879,-11.7130754203028,0,NaN,0,Inf,0,-11.7130754203028,4793.27854139078,171.049535845879,-Inf,17.0808297194518,1520881.05434878,Inf
75,2,UMa,1,6,37.9905832806367,23.6992234833476,BS1,Terrestrial,1145.65628411918,154.516388661731,4.82007176384499,12.3146033929798,NaN,503.334270320412,13.6243194159586,3,4.82007176384499,1145.65628411918,154.516388661731,-Inf,17.1570393429043,1517256.14768361,Inf
75,3,UMa,1,6,37.9480991177568,23.7092716544465,BS1,Terrestrial,4486.65762674317,156.871052195708,2.46540822986819,8.97710470378572,NaN,503.334270320412,18.6895547777281,3,2.46540822986819,4486.65762674317,156.871052195708,-Inf,17.2350898126135,1513561.50144973,Inf
75,4,UMa,1,6,37.9825181818031,23.6601255283201,None,Outage,4603.39460083822,179.957600547197,-20.6211401216208,0,NaN,0,Inf,0,-20.6211401216208,4603.39460083822,179.957600547197,-Inf,17.1189600117939,1519068.2614348,Inf
75,5,UMa,1,6,37.9911808834807,23.7342092491369,BS1,Terrestrial,1975.6351508441,153.255023028137,6.08143739743849,14.3092852183022,NaN,503.334270320412,11.7251202661199,3,6.08143739743849,1975.6351508441,153.255023028137,-Inf,17.2012051498596,1515160.24110615,Inf
75,6,UMa,1,6,38.0040069119481,23.758784765058,None,Outage,4458.23110152651,172.906201407611,-13.5697409820356,0,NaN,0,Inf,0,-13.5697409820356,4458.23110152651,172.906201407611,-Inf,17.2131142240594,1514594.23018265,Inf
76,1,UMi,2,3,38.003197177468,23.7625468916804,BS1,Terrestrial,284.353949167541,120.152491996338,34.1839684292383,101.984292,NaN,248.05866228095,2.43232224704713,1,34.1839684292383,284.353949167541,120.152491996338,8.5874054231063,37.8227264381909,916863.150017638,160.387781771122
76,2,UMi,2,3,37.9431601818639,23.7960495356547,SAT-1,Satellite,913515.227871698,158.091681414526,10.8835057797017,55.9286881474665,38.0243253076683,188.391482363219,1.68421152545621,2,-14.2847876342843,4232.56036292089,168.62124805986,10.8835057797017,38.0243253076683,913515.227871698,158.091681414526
76,3,UMi,2,3,38.0412824190712,23.7455749226459,SAT-1,Satellite,919163.054796441,156.042349643679,12.9328375505488,65.5173118078719,37.6853320529975,188.391482363219,1.43772292516879,2,-31.3291215216769,4360.02585925771,185.665581947253,12.9328375505488,37.6853320529975,919163.054796441,156.042349643679
77,1,UMa,2,3,37.9598028695058,23.7971648106537,SAT-1,Satellite,881549.996230075,159.716784991924,9.25840220230361,32.3729532405395,40.0558576691827,188.391482363219,1.93980327717216,3,1.0440007938177,4333.14847253758,158.292459631758,9.25840220230361,40.0558576691827,881549.996230075,159.716784991924
77,2,UMa,2,3,37.9652099095383,23.7282985886198,SAT-1,Satellite,885908.641056617,159.492460073786,9.48272712044164,33.040922930017,39.7684830715044,188.391482363219,1.90058736920722,3,9.07243712495563,2518.13105602434,150.26402330062,9.48272712044164,39.7684830715044,885908.641056617,159.492460073786
77,3,UMa,2,3,37.9381191215256,23.7246527511086,SAT-1,Satellite,885106.429729497,157.283218621503,11.6919685727251,39.7853941340615,39.8211390307536,188.391482363219,1.57839735296167,3,6.77904898552316,1715.41563743269,152.557411440053,11.6919685727251,39.8211390307536,885106.429729497,157.283218621503
78,1,UMi,1,8,37.9945962176521,23.788598307246,SAT-1,Satellite,632579.831625759,154.476023226233,14.4991639679952,18.2506090689978,70.6496257900962,188.391482363219,1.29030955659473,8,-23.947551523028,3843.88935197819,178.284011948604,14.4991639679952,70.6496257900962,632579.831625759,154.476023226233
78,2,UMi,1,8,37.9755775000256,23.7186226939059,SAT-1,Satellite,632079.244614966,158.550879759067,10.4243074351609,13.4554642785409,70.7928391521203,188.391482363219,1.75013918568078,8,-10.4486779521896,4354.48492801044,164.785138377765,10.4243074351609,70.7928391521203,632079.244614966,158.550879759067
78,3,UMi,1,8,37.9600727621914,23.819835191679,SAT-1,Satellite,634157.61516016,158.298424267836,10.6767629263925,13.7444894983783,70.205806625515,188.391482363219,1.71333648282687,8,-2.45065192936556,4735.84280401027,156.787112354941,10.6767629263925,70.205806625515,634157.61516016,158.298424267836
78,4,UMi,1,8,37.9988875230443,23.7335146529623,SAT-1,Satellite,631585.562333197,155.714189995647,13.2609971985815,16.7690200210542,70.9354543916954,188.391482363219,1.40431195536982,8,-8.11980425220503,4752.9679542663,162.456264677781,13.2609971985815,70.9354543916954,631585.562333197,155.714189995647
78,5,UMi,1,8,38.0003684880225,23.7942252184244,SAT-1,Satellite,632493.154916534,154.018417451828,14.9567697423998,18.8020846133279,70.6743663328377,188.391482363219,1.2524640634108,8,-7.04137529794789,4648.13655788576,161.377835723524,14.9567697423998,70.6743663328377,632493.154916534,154.018417451828
78,6,UMi,1,8,37.9759554748278,23.7953204939756,SAT-1,Satellite,633263.655191369,156.532484102482,12.4427030917462,15.799972026865,70.45581071499,188.391482363219,1.49044158150164,8,-7.10698635966884,2835.96640438268,161.443446785245,12.4427030917462,70.45581071499,633263.655191369,156.532484102482
78,7,UMi,1,8,37.964592444335,23.8031084125043,SAT-1,Satellite,633743.679354283,154.298665629783,14.6765215644448,18.4641229644573,70.3210950747924,188.391482363219,1.27538878184103,8,-25.6666361470111,3236.63732102293,180.003096572587,14.6765215644448,70.3210950747924,633743.679354283,154.298665629783
78,8,UMi,1,8,37.9600586117166,23.7863334769059,SAT-1,Satellite,633616.294002833,159.195627609083,9.77955958514559,12.7238092152476,70.356713105313,188.391482363219,1.85077714519504,8,-5.40440157758022,1839.77528355047,159.740862003156,9.77955958514559,70.356713105313,633616.294002833,159.195627609083
79,1,UMi,1,5,38.019137847587,23.7371580803338,SAT-1,Satellite,1193182.2903574,155.653115095178,13.3220720990498,33.6833928836253,25.6549004424805,188.391482363219,1.39825197400766,4,4.10069917616613,3871.99466786177,150.23576124941,13.3220720990498,25.6549004424805,1193182.2903574,155.653115095178
79,2,UMi,1,5,38.0027704507281,23.7095787142171,BS1,Terrestrial,1503.05437801569,146.802081744767,7.53437868080877,50.2564014808295,NaN,248.05866228095,4.9358619991042,1,7.53437868080877,1503.05437801569,146.802081744767,3.06818223272478,25.6248874332848,1194093.16866789,165.907004961503
79,3,UMi,1,5,37.994682014352,23.7517703956248,SAT-1,Satellite,1190863.39013089,160.806521989485,8.16866520474267,21.8870899694428,25.7316703365454,188.391482363219,2.1518562155389,4,4.24311283572703,3394.24383517656,150.093347589849,8.16866520474267,25.7316703365454,1190863.39013089,160.806521989485
79,4,UMi,1,5,38.0037049363827,23.7420203523236,SAT-1,Satellite,1192005.68939676,174.478382118953,-5.50319492472443,2.68485739343685,25.6938222984153,188.391482363219,17.5420380635246,4,-8.33276951563724,2940.76757209801,162.669229941213,-5.50319492472443,25.6938222984153,1192005.68939676,174.478382118953
79,5,UMi,1,5,38.0335368486882,23.7149953829799,SAT-1,Satellite,1195441.75596189,161.56835648202,7.40683071220786,20.2600523859836,25.5804104989563,188.391482363219,2.32466677249996,4,-12.2485325472744,4875.97043754821,166.58499297285,7.40683071220786,25.5804104989563,1195441.75596189,161.56835648202
80,1,UMi,2,8,37.9241688002721,23.7297730192013,SAT-1,Satellite,908365.962423382,156.640072010357,12.3351151838708,17.9122945700429,38.347828670175,188.391482363219,1.50249142028077,7,-27.6340412452296,2762.72607897738,181.970501670805,12.3351151838708,38.347828670175,908365.962423382,156.640072010357
80,2,UMi,2,8,37.9918111597071,23.7135599693463,SAT-1,Satellite,907449.558142714,161.218681115624,7.75650607860368,12.001018318522,38.4041042167457,188.391482363219,2.24256543859236,7,-6.46193954409893,3423.21505162868,160.798399969675,7.75650607860368,38.4041042167457,907449.558142714,161.218681115624
80,3,UMi,2,8,37.9648245755441,23.7294948220211,SAT-1,Satellite,908458.49967265,162.369393216848,6.60579397737968,10.6263648921953,38.3421478714195,188.391482363219,2.53266937302311,7,5.56171891714732,2804.80541906501,148.774741508429,6.60579397737968,38.3421478714195,908458.49967265,162.369393216848
80,4,UMi,2,8,37.9524840539229,23.7197991721138,SAT-1,Satellite,907754.233971294,162.557880137349,6.41730705687883,10.4070007058137,38.385380851384,188.391482363219,2.58605429842977,7,3.16089100834986,1198.12077328105,151.175569417226,6.41730705687883,38.385380851384,907754.233971294,162.557880137349
80,5,UMi,2,8,37.970521659677,23.6913787660172,SAT-1,Satellite,905853.896870038,156.441278402796,12.5339087914316,18.1800280442598,38.5024640322511,188.391482363219,1.48036454308599,7,-6.062374660599,3418.85765865327,160.398835086175,12.5339087914316,38.5024640322511,905853.896870038,156.441278402796
80,6,UMi,2,8,37.9093902390688,23.7329610706602,SAT-1,Satellite,908551.219820176,155.708649557545,13.2665376366831,19.1721268641668,38.3364697160461,188.391482363219,1.40376021396627,7,-6.06938316739141,4314.04286469415,160.405843592967,13.2665376366831,38.3364697160461,908551.219820176,155.708649557545
80,7,UMi,2,8,38.0024853608354,23.6438619530154,SAT-1,Satellite,902704.18991637,160.377167205644,8.59801998858407,13.0406977933986,38.6979308856029,188.391482363219,2.06377521628136,7,-1.16871410054469,2816.45609721893,155.505174526121,8.59801998858407,38.6979308856029,902704.18991637,160.377167205644
80,8,UMi,2,8,38.0001102162571,23.6693702063304,BS1,Terrestrial,567.141888446704,121.424014440507,32.9124459850691,101.984292,NaN,248.05866228095,2.43232224704713,1,32.9124459850691,567.141888446704,121.424014440507,7.11561531588561,38.5897548495076,904443.75186208,161.859571878343
81,1,UMa,1,9,38.0235449553898,23.7619242333899,SAT-1,Satellite,621934.369107526,156.851957197223,12.1232299970051,13.710413038474,74.0192613648079,188.391482363219,1.52675100819401,9,8.19589553311459,3423.31314838269,151.140564892461,12.1232299970051,74.0192613648079,621934.369107526,156.851957197223
81,2,UMa,1,9,37.9817062487708,23.7956678543024,SAT-1,Satellite,622417.270760458,156.088607909022,12.8865792852058,14.5106739493644,73.8492318474798,188.391482363219,1.44255098021573,9,-5.6822855514487,2279.59411893804,165.018745977025,12.8865792852058,73.8492318474798,622417.270760458,156.088607909022
81,3,UMa,1,9,37.9633312141289,23.7854878434176,SAT-1,Satellite,622050.396634312,155.918612862781,13.0565743314473,14.6898704626868,73.9782740830342,188.391482363219,1.42495381306568,9,-6.08104254535095,3583.87453543838,165.417502970927,13.0565743314473,73.9782740830342,622050.396634312,155.918612862781
81,4,UMa,1,9,37.9621885433984,23.8122278736643,SAT-1,Satellite,622680.652794673,154.735880279378,14.2393069148505,15.9451732227611,73.757325289598,188.391482363219,1.31277262634979,9,-19.0865991594443,4835.29108498157,178.42305958502,14.2393069148505,73.757325289598,622680.652794673,154.735880279378
81,5,UMa,1,9,38.0095701628547,23.7249424603892,SAT-1,Satellite,620970.698714786,155.186876947357,13.7883102468711,15.4648496245859,74.364825800159,188.391482363219,1.35354610212105,9,-23.5710957361209,4740.59199888544,182.907556161697,13.7883102468711,74.364825800159,620970.698714786,155.186876947357
81,6,UMa,1,9,37.9720843453357,23.7907278700245,SAT-1,Satellite,622233.389279434,158.277432000494,10.6977551937337,12.2387407172911,73.913765660069,188.391482363219,1.71033829482741,9,-2.75473844917843,2838.08964252671,162.091198874754,10.6977551937337,73.913765660069,622233.389279434,158.277432000494
81,7,UMa,1,9,38.0142722496163,23.7814982521568,SAT-1,Satellite,622321.26405978,154.599142117852,14.3760450763758,16.0911697551546,73.8828526563145,188.391482363219,1.30086173023817,9,-5.35837866889685,2242.01735869912,164.694839094473,14.3760450763758,73.8828526563145,622321.26405978,154.599142117852
81,8,UMa,1,9,38.0165643081953,23.784942525516,SAT-1,Satellite,622420.370922416,157.090176503758,11.8850106904703,13.4622739677452,73.8481116918605,188.391482363219,1.55489235915115,9,-7.94995413352427,2570.97817744905,167.2864145591,11.8850106904703,73.8481116918605,622420.370922416,157.090176503758
81,9,UMa,1,9,38.0187447316082,23.7345016849632,SAT-1,Satellite,621261.073114086,159.571116079146,9.40407111508233,10.9354345569982,74.2598082178389,188.391482363219,1.91417970819008,9,-11.7181147185205,4486.80135622254,171.054575144096,9.40407111508233,74.2598082178389,621261.073114086,159.571116079146
82,1,UMi,3,6,38.0005660378205,23.7603103314102,BS2,Terrestrial,2477.77988240893,150.756735438042,3.57972498753398,15.7325257308759,NaN,248.05866228095,7.88362487131111,2,3.57972498753398,2477.77988240893,150.756735438042,2.77697541596694,27.706238810624,1134114.29133098,166.198211778261
82,2,UMi,3,6,38.0039170939133,23.7707038101979,SAT-1,Satellite,1133807.4852578,156.620638353319,12.3545488409095,125.569068088297,27.7174806184209,188.391482363219,1.50030166848692,1,0.101657784951954,3437.13376655795,154.234802640624,12.3545488409095,27.7174806184209,1133807.4852578,156.620638353319
82,3,UMi,3,6,37.9918416888828,23.7314716397336,BS2,Terrestrial,799.087006197369,139.979115762392,14.3573446631834,44.2600668738084,NaN,248.05866228095,2.80228521782626,2,14.3573446631834,799.087006197369,139.979115762392,1.14600646716167,27.6733828913353,1135011.89049887,167.829180727066
82,4,UMi,3,6,38.001037442315,23.668963178595,BS1,Terrestrial,1448.62714286521,153.450588809285,0.885871616290899,21.1990161259177,NaN,248.05866228095,11.7014233494391,1,0.885871616290899,1448.62714286521,153.450588809285,-34.43445576439,27.5280633074789,1138995.87531432,203.409642958618
82,5,UMi,3,6,38.0182399848759,23.7134932726494,BS3,Terrestrial,505.330270589937,132.695643426042,21.6408169995339,50.992146,NaN,248.05866228095,2.43232224704713,2,21.6408169995339,505.330270589937,132.695643426042,10.1011575801045,27.5691234354422,1137865.56672243,158.874029614124
82,6,UMi,3,6,38.0214578673331,23.7488865357548,BS3,Terrestrial,3433.77745722062,142.286015669167,12.0504447564087,37.5494448402006,NaN,248.05866228095,3.30309360546627,2,12.0504447564087,3433.77745722062,142.286015669167,3.99874721913713,27.6289240600525,1136225.39106985,164.976439975091
83,1,UMi,1,7,37.9452451288075,23.7055313070879,BS1,Terrestrial,4388.52006846608,153.703212170296,0.633248255280336,20.361441431343,NaN,248.05866228095,12.1827653075242,1,0.633248255280336,4388.52006846608,153.703212170296,-3.69824608797273,23.4016275547801,1265510.50653995,172.673433282201
83,2,UMi,1,7,38.0174822823587,23.6903758504631,SAT-1,Satellite,1270782.90815207,164.093425089085,4.88176210514317,10.1381504577553,23.2472299685183,188.391482363219,3.097071850009,6,-2.04900380127984,4040.48276548223,156.385464226856,4.88176210514317,23.2472299685183,1270782.90815207,164.093425089085
83,3,UMi,1,7,37.968260613404,23.726782666727,SAT-1,Satellite,1265474.40093557,163.213036065927,5.76215112830135,11.2682891960121,23.4026322830106,188.391482363219,2.78645496647191,6,0.390095062198299,3939.15584256155,153.946365363378,5.76215112830135,23.4026322830106,1265474.40093557,163.213036065927
83,4,UMi,1,7,37.9934010919756,23.677124076928,SAT-1,Satellite,1270223.5426176,169.727359078208,-0.752171883980139,4.40234809831693,23.2635912514266,188.391482363219,7.1322348193851,6,-5.04977343099344,1512.7327739283,159.386233856569,-0.752171883980139,23.2635912514266,1270223.5426176,169.727359078208
83,5,UMi,1,7,37.9713028283648,23.7010129351968,SAT-1,Satellite,1267346.32261891,171.635206661925,-2.6600194676966,3.12400662603572,23.347723462742,188.391482363219,10.0507406521457,6,-4.77612347950159,1786.70522327394,159.112583905077,-2.6600194676966,23.347723462742,1267346.32261891,171.635206661925
83,6,UMi,1,7,38.0211095683816,23.6992069388355,SAT-1,Satellite,1270420.01773153,165.067188473109,3.90799872111896,8.9522632486658,23.2577961123348,188.391482363219,3.50733434905963,6,-20.4777255993614,4587.00728674509,174.814186024937,3.90799872111896,23.2577961123348,1270420.01773153,165.067188473109
83,7,UMi,1,7,38.023903440122,23.6881896910364,SAT-1,Satellite,1271308.12154959,164.178441771865,4.79674542236356,10.0318302425798,23.2319195599241,188.391482363219,3.12989550606622,6,-21.7923242003912,4734.31181086799,176.128784625967,4.79674542236356,23.2319195599241,1271308.12154959,164.178441771865
84,1,UMi,3,6,37.9984654945131,23.6554157965282,SAT-1,Satellite,662399.679014589,154.291896193191,14.6832910010369,24.629704254603,63.6945328055137,188.391482363219,1.27482571732471,6,-6.85408097770227,3484.23213298671,161.190541403278,14.6832910010369,63.6945328055137,662399.679014589,154.291896193191
84,2,UMi,3,6,38.0224873577934,23.7456790677518,SAT-1,Satellite,663507.500021132,154.904295679771,14.0708915144571,23.6483766096949,63.4793263775803,188.391482363219,1.32772667283206,6,-3.23700736314544,4894.56587155498,157.573467788721,14.0708915144571,63.4793263775803,663507.500021132,154.904295679771
84,3,UMi,3,6,37.9961246668273,23.6611910034508,SAT-1,Satellite,662276.467530458,160.597323059124,8.37786413510366,14.8938492328621,63.7186100088614,188.391482363219,2.10815752885367,6,0.607294082738264,2964.41344956348,153.729166342838,8.37786413510366,63.7186100088614,662276.467530458,160.597323059124
84,4,UMi,3,6,37.9779431657554,23.721395160242,SAT-1,Satellite,661326.817984437,155.98880782793,12.986379366298,21.9237528077086,63.9051646374526,188.391482363219,1.43217179418433,6,-6.8926256115775,3934.15869058013,161.229086037153,12.986379366298,63.9051646374526,661326.817984437,155.98880782793
84,5,UMi,3,6,37.9956683685212,23.6675884368269,SAT-1,Satellite,662245.491026633,155.115415936641,13.8597712575872,23.3112437526687,63.7246672485872,188.391482363219,1.34692857777163,6,9.71950323020289,2623.55416652515,144.616957195373,13.8597712575872,63.7246672485872,662245.491026633,155.115415936641
84,6,UMi,3,6,37.938370107372,23.6511990054611,SAT-1,Satellite,659482.304589713,157.556157733902,11.4190294603262,19.4689755396198,64.2725999489202,188.391482363219,1.61274949110563,6,-9.16027209856134,4816.60813705249,163.496732524137,11.4190294603262,64.2725999489202,659482.304589713,157.556157733902
85,1,UMi,4,4,37.9583745504896,23.755028518289,BS4,Terrestrial,4441.92745402384,155.243322666436,-0.906862240860221,7.86930148735902,NaN,248.05866228095,15.7611614372269,2,-0.906862240860221,4441.92745402384,155.243322666436,-9.72489135619284,27.7230711875749,1133857.24410206,178.700078550421
85,2,UMi,4,4,38.0566787043845,23.7006325142213,SAT-1,Satellite,1141514.90854883,162.336211318496,6.63897587573192,74.656129133713,27.4439264683022,188.391482363219,2.52345633974405,1,-9.5297343702583,4108.21043062981,163.866194795834,6.63897587573192,27.4439264683022,1141514.90854883,162.336211318496
85,3,UMi,4,4,37.9981537590318,23.7459592215263,BS2,Terrestrial,3130.44870817995,149.085737993784,5.2507224317915,38.9431314403643,NaN,248.05866228095,6.3697667112573,1,5.2507224317915,3130.44870817995,149.085737993784,4.32124573558664,27.6438596684,1136018.71183359,164.653941458641
85,4,UMi,4,4,37.9836787653336,23.7422055759454,BS4,Terrestrial,1476.08700836382,137.113825739323,17.2226346862527,50.992146,NaN,248.05866228095,2.43232224704713,2,17.2226346862527,1476.08700836382,137.113825739323,1.92579760271033,27.6541925554021,1135736.67425744,167.049389591518
86,1,UMa,3,3,37.9778181607748,23.7401516995259,SAT-1,Satellite,739720.847979193,158.299282696651,10.6759044975768,54.9740177379914,52.3049259141522,188.391482363219,1.71345928599489,2,4.59954185272656,3608.57590057232,154.736918572849,10.6759044975768,52.3049259141522,739720.847979193,158.299282696651
86,2,UMa,3,3,37.9810718602523,23.7138054738234,SAT-1,Satellite,741035.823992834,157.561990711293,11.4131964829354,58.3798180885602,52.1543259067175,188.391482363219,1.6134983675132,2,7.44674713827354,1117.3315356674,151.889713287302,11.4131964829354,52.1543259067175,741035.823992834,157.561990711293
86,3,UMa,3,3,37.9972050468756,23.7021252045449,BS3,Terrestrial,455.551967518473,129.155876417374,30.180584008202,101.984292,NaN,503.334270320412,4.93540976212702,1,30.180584008202,455.551967518473,129.155876417374,11.8872933130774,52.0265531025066,742158.16552979,157.087893881151
87,1,UMi,4,7,37.9885631821761,23.7088498151236,BS4,Terrestrial,937.879087341751,138.940945780901,15.3955146446752,94.6520448355398,NaN,248.05866228095,2.6207427711885,1,15.3955146446752,937.879087341751,138.940945780901,13.3196779526923,81.1970194082126,606526.107354332,155.655509241536
87,2,UMi,4,7,37.9884215979771,23.6960984948399,BS3,Terrestrial,2438.94832614315,137.774466530158,16.5619938954175,101.590821904322,NaN,248.05866228095,2.44174284281873,1,16.5619938954175,2438.94832614315,137.774466530158,14.8303602871848,81.0918932540301,606684.305933739,154.144826907043
87,3,UMi,4,7,38.0009364624751,23.7321323520618,SAT-1,Satellite,606324.584826063,154.631295324655,14.3438918695731,28.9022845499906,81.3328241297456,188.391482363219,1.30364422948898,5,7.90530748689929,1971.94461397823,146.431152938677,14.3438918695731,81.3328241297456,606324.584826063,154.631295324655
87,4,UMi,4,7,37.9476463325078,23.7248944087774,SAT-1,Satellite,606077.925603007,156.112621183318,12.8625660109106,26.0736988467859,81.5022083398226,188.391482363219,1.44506909794612,5,3.29913973644989,3187.84404567781,151.037320689126,12.8625660109106,81.5022083398226,606077.925603007,156.112621183318
87,5,UMi,4,7,38.041534093889,23.737180008012,SAT-1,Satellite,606560.955615639,153.899832429977,15.0753547642513,30.3124744560849,81.1736578107434,188.391482363219,1.24299639500662,5,-10.2224702049315,4106.76574597069,164.558930630507,15.0753547642513,81.1736578107434,606560.955615639,153.899832429977
87,6,UMi,4,7,37.9741065474547,23.7659260886391,SAT-1,Satellite,605748.05012195,153.744727990335,15.2304592038933,30.6124631886993,81.7341766442886,188.391482363219,1.23081557470203,5,5.93840761601589,1442.85598601772,148.39805280956,15.2304592038933,81.7341766442886,605748.05012195,153.744727990335
87,7,UMi,4,7,37.9840775147704,23.7567569852635,SAT-1,Satellite,605918.81464375,159.60933157831,9.36585561591821,19.6154818648223,81.6132321288956,188.391482363219,1.92084480678573,5,3.6710473753663,2525.05992111316,150.66541305021,9.36585561591821,81.6132321288956,605918.81464375,159.60933157831
88,1,UMa,3,9,38.0048905494792,23.7057781077102,SAT-1,Satellite,935429.450905385,166.208128690019,2.76705850420879,7.65799863954639,36.7385166764628,188.391482363219,4.10010263409104,6,-3.13559083857544,4232.72151440288,162.472051264151,2.76705850420879,36.7385166764628,935429.450905385,166.208128690019
88,2,UMa,3,9,37.9567996402708,23.7081744835008,BS3,Terrestrial,752.798688016832,133.493952002434,25.8425084231417,50.992146,NaN,503.334270320412,4.93540976212702,2,25.8425084231417,752.798688016832,133.493952002434,10.7966774107436,36.5075203255477,939506.856364686,158.178509783485
88,3,UMa,3,9,37.96517540919,23.7376140431052,BS1,Terrestrial,1564.48892638961,148.164989637298,11.1714707882777,70.0845243295973,NaN,503.334270320412,7.18181760003542,1,11.1714707882777,1564.48892638961,148.164989637298,0.0291188991949412,36.5063898628382,939527.517972238,168.946068295033
88,4,UMa,3,9,37.9562196507894,23.7171542190769,BS3,Terrestrial,1190.45537151503,133.898897303853,25.4375631217231,50.992146,NaN,503.334270320412,4.93540976212702,2,25.4375631217231,1190.45537151503,133.898897303853,2.79037907391469,36.4924425830306,939774.717475057,166.184808120313
88,5,UMa,3,9,37.9414022107225,23.7134689677436,SAT-1,Satellite,940925.968168136,159.492850753688,9.48233644054039,16.5198782601317,36.4277124713753,188.391482363219,1.90065446605896,6,2.32638012540781,3071.61836321478,157.010080300168,9.48233644054039,36.4277124713753,940925.968168136,159.492850753688
88,6,UMa,3,9,37.9155137079152,23.732935739361,SAT-1,Satellite,943573.822247133,153.534526931525,15.4406602627032,25.8495924187306,36.2796089307898,188.391482363219,1.2146644281756,6,0.0616809821096638,3926.30100017776,159.274779443466,15.4406602627032,36.2796089307898,943573.822247133,153.534526931525
88,7,UMa,3,9,37.9437893813856,23.8012227960949,SAT-1,Satellite,942896.618993837,158.859322068074,10.1158651261537,17.472321270603,36.317473935492,188.391482363219,1.79704687817854,6,0.309090992079348,4006.73323903815,159.027369433497,10.1158651261537,36.317473935492,942896.618993837,158.859322068074
88,8,UMa,3,9,37.9710203993216,23.739752025428,SAT-1,Satellite,939091.577215077,158.205689726718,10.7694974675099,18.4679920686075,36.5309694021049,188.391482363219,1.7001621116809,6,10.0494490352478,1729.23889974261,149.287011390328,10.7694974675099,36.5309694021049,939091.577215077,158.205689726718
88,9,UMa,3,9,37.9334473390048,23.7059311721824,SAT-1,Satellite,941409.398974962,162.943490989321,6.03169620490672,11.6243886728995,36.4005828637334,188.391482363219,2.70109519540333,6,-2.72607101660645,3342.21182524149,162.062531442182,6.03169620490672,36.4005828637334,941409.398974962,162.943490989321
89,1,UMa,2,5,37.9742062546337,23.7350409496441,SAT-1,Satellite,881993.08988705,154.919450526842,14.0557366673862,35.4362329009425,40.0184790989074,188.391482363219,1.32908796266411,4,-2.19959363641189,2835.49263482231,161.536054061988,14.0557366673862,40.0184790989074,881993.08988705,154.919450526842
89,2,UMa,2,5,38.0111903433061,23.7623342241502,SAT-1,Satellite,878857.452726088,160.353839186323,8.62134800790517,22.8723057070352,40.2273967062567,188.391482363219,2.05916583986187,4,-1.3793346088591,1926.47637112005,160.715795034435,8.62134800790517,40.2273967062567,878857.452726088,160.353839186323
89,3,UMa,2,5,37.9472355603095,23.6737802044196,SAT-1,Satellite,884304.560551611,162.897933621343,6.0772535728855,17.5275272610541,39.8657441595316,188.391482363219,2.6870801505159,4,-10.8806720653704,4342.60339927455,170.217132490946,6.0772535728855,39.8657441595316,884304.560551611,162.897933621343
89,4,UMa,2,5,37.9098090037941,23.7298882172247,SAT-1,Satellite,887481.706974905,157.183393468245,11.7917937259834,30.0721460104539,39.657536892246,188.391482363219,1.56616260689983,4,-8.83393875271031,4106.25507952395,168.170399178286,11.7917937259834,39.657536892246,887481.706974905,157.183393468245
89,5,UMa,2,5,37.9400187375909,23.715463496294,BS2,Terrestrial,982.196948178789,143.294701036967,16.0417593886088,98.4905675513819,NaN,503.334270320412,5.11048197643725,1,16.0417593886088,982.196948178789,143.294701036967,9.15053021564367,39.8262492851395,884904.895212949,159.824656978584
90,1,UMi,1,3,37.9398748285849,23.7236590958014,BS1,Terrestrial,916.457194191578,137.791077254588,16.5453831709874,33.8305679386249,NaN,248.05866228095,2.44412747992659,3,16.5453831709874,916.457194191578,137.791077254588,-1.85857026702152,29.2071887238337,1094958.38212484,170.83375746125
90,2,UMi,1,3,37.9725784265701,23.7326552272901,BS1,Terrestrial,3354.93305121025,161.829268683498,-7.49280825792218,1.44731729428298,NaN,248.05866228095,57.1306796974887,3,-7.49280825792218,3354.93305121025,161.829268683498,-9.62437691049271,29.2175424971376,1094696.08007791,178.599564104721
90,3,UMi,1,3,37.9642806856584,23.7033021809728,BS1,Terrestrial,2370.14552808245,147.993354111657,6.3431063139185,14.738566893039,NaN,248.05866228095,5.61019408198833,3,6.3431063139185,2370.14552808245,147.993354111657,3.62256668182911,29.1337308906342,1096819.65504065,165.352620512399
91,1,UMa,2,7,37.9894115761748,23.7756132091449,BS1,Terrestrial,2032.17207247056,141.850891220924,17.4855692046514,50.992146,NaN,503.334270320412,4.93540976212702,2,17.4855692046514,2032.17207247056,141.850891220924,11.0744631069734,38.7193225783068,902207.255171434,157.900724087255
91,2,UMa,2,7,37.9681984655859,23.8230641621629,SAT-1,Satellite,902330.436786928,155.84190114709,13.1332860471377,26.5875182946292,38.7117114353708,188.391482363219,1.41714228665919,5,-6.7197141601458,4331.12149847906,166.056174585722,13.1332860471377,38.7117114353708,902330.436786928,155.84190114709
91,3,UMa,2,7,38.0179539879449,23.8171994498089,SAT-1,Satellite,905803.369039817,155.54797074122,13.427216453008,27.1470715730171,38.4959368239838,188.391482363219,1.38793226264943,5,-10.9150884369225,4728.7666826311,170.251548862498,13.427216453008,38.4959368239838,905803.369039817,155.54797074122
91,4,UMa,2,7,37.9934521442226,23.7770238267151,BS1,Terrestrial,2490.17267177526,148.778452435782,10.5580079897942,33.3132721798909,NaN,503.334270320412,7.55456065081837,2,10.5580079897942,2490.17267177526,148.778452435782,6.7101774774421,38.6975004824187,902556.844801726,162.265009716786
91,5,UMa,2,7,37.9778398322417,23.7337195020767,SAT-1,Satellite,899871.801861534,163.698441878456,5.27674531577227,12.7664856857609,38.8656182278574,188.391482363219,2.95134443417487,5,3.86950860667372,3608.94995158775,155.466951818902,5.27674531577227,38.8656182278574,899871.801861534,163.698441878456
91,6,UMa,2,7,37.9933397660374,23.7950274866335,SAT-1,Satellite,903187.618555958,159.089462833456,9.88572436077251,20.5497761761441,38.6582082881526,188.391482363219,1.8335137156571,5,-2.54454111495266,2773.08424570416,161.881001540529,9.88572436077251,38.6582082881526,903187.618555958,159.089462833456
91,7,UMa,2,7,37.9956299288719,23.7272762253161,SAT-1,Satellite,900967.211221352,163.126308690361,5.8488785038673,13.658845642294,38.7968330538079,188.391482363219,2.75852714492757,5,-0.615278355986675,4916.28392886787,159.951738781563,5.8488785038673,38.7968330538079,900967.211221352,163.126308690361
92,1,UMi,2,9,37.9558327711711,23.6943834677971,SAT-1,Satellite,1365831.93818215,170.616938488772,-1.64175129454344,5.64697479901534,20.6568611449323,188.391482363219,8.34037201636123,4,-12.847896964908,4578.55069251375,167.184357390484,-1.64175129454344,20.6568611449323,1365831.93818215,170.616938488772
92,2,UMi,2,9,38.0094085132205,23.7492805344664,BS1,Terrestrial,585.002108630438,142.126929595822,12.2095308297534,15.2026351809931,NaN,248.05866228095,3.26336400667013,5,12.2095308297534,585.002108630438,142.126929595822,-11.9729434582328,20.837960888019,1358744.80572351,180.948130652461
92,3,UMi,2,9,37.9856560224937,23.7410162226299,BS1,Terrestrial,2834.17194434893,150.483027401703,3.85343302387238,6.52730954412109,NaN,248.05866228095,7.60064037423712,5,3.85343302387238,2834.17194434893,150.483027401703,3.83270493425178,20.7747799406247,1361208.84791001,165.142482259976
92,4,UMi,2,9,37.9863144222358,23.7627103282076,SAT-1,Satellite,1360238.47687313,170.889720756605,-1.91453356237665,5.37576731558185,20.7996049268229,188.391482363219,8.76114381928135,4,-14.5563077651439,3254.90366860072,168.89276819072,-1.91453356237665,20.7996049268229,1360238.47687313,170.889720756605
92,5,UMi,2,9,38.0166314536941,23.7628726704687,BS1,Terrestrial,1849.25476860774,148.934215907817,5.40224451775904,7.93153472032305,NaN,248.05866228095,6.25499782899133,5,5.40224451775904,1849.25476860774,148.934215907817,3.71132558539074,20.8691785658437,1357529.75132873,165.263861608837
92,6,UMi,2,9,38.0312361452034,23.7444566743374,BS1,Terrestrial,2234.11977069534,131.152178240001,23.1842821855748,20.3968584,NaN,248.05866228095,2.43232224704713,5,23.1842821855748,2234.11977069534,131.152178240001,-4.55527751433701,20.8827169538832,1357005.03298799,173.530464708565
92,7,UMi,2,9,38.0221264154384,23.6870437184746,SAT-1,Satellite,1360241.26621812,166.587095769954,2.38809142427391,10.8788080912159,20.7996615653415,188.391482363219,4.3293226790933,4,-9.45386900014199,2822.92192123392,163.790329425718,2.38809142427391,20.7996615653415,1360241.26621812,166.587095769954
92,8,UMi,2,9,37.9944711389345,23.769109098606,SAT-1,Satellite,1359242.53045738,168.633112297933,0.342074896295429,7.93451952359422,20.8251452207778,188.391482363219,5.93581885465825,4,-18.0612979152048,2947.26485636722,172.397758340781,0.342074896295429,20.8251452207778,1359242.53045738,168.633112297933
92,9,UMi,2,9,38.0517317601987,23.7534182893935,BS1,Terrestrial,4597.43257112797,154.690513654322,-0.354053228746267,3.46046063799238,NaN,248.05866228095,14.3367423144488,5,-0.354053228746267,4597.43257112797,154.690513654322,-2.52261000212042,20.939454508722,1354804.46302297,171.497797196349
93,1,UMi,2,8,37.9639195362363,23.7664818644742,SAT-1,Satellite,915736.602366998,159.119684668949,9.85550252527909,14.6394039546323,37.8978846459994,188.391482363219,1.83839922666491,7,4.62860108593165,2171.15946521443,149.707859339644,9.85550252527909,37.8978846459994,915736.602366998,159.119684668949
93,2,UMi,2,8,37.9627216757361,23.7037398111998,SAT-1,Satellite,912019.953481923,160.653390593002,8.32179660122623,12.6965170359061,38.1223213305049,188.391482363219,2.11972061573424,7,5.43121987023974,1261.3304669254,148.905240555336,8.32179660122623,38.1223213305049,912019.953481923,160.653390593002
93,3,UMi,2,8,37.9283420008236,23.7331146442791,SAT-1,Satellite,915285.172493228,158.919413232334,10.0557739618937,14.8983633790261,37.9249467038454,188.391482363219,1.80644465598949,7,9.29577657327945,4744.63965418192,145.040683852296,10.0557739618937,37.9249467038454,915285.172493228,158.919413232334
93,4,UMi,2,8,37.9959672505445,23.7544755789269,SAT-1,Satellite,913627.984325381,155.708606386448,13.2665808077804,19.1721855595346,38.0249975860753,188.391482363219,1.40375591637475,7,-2.48841642044638,3013.29275438586,156.824876846022,13.2665808077804,38.0249975860753,913627.984325381,155.708606386448
93,5,UMi,2,8,37.9535243627499,23.7921741247608,SAT-1,Satellite,917736.947630459,162.164763570343,6.81042362388467,10.866455049928,37.7780297440518,188.391482363219,2.47671101434405,7,-10.8648815878921,4695.70503659647,165.201342013468,6.81042362388467,37.7780297440518,917736.947630459,162.164763570343
93,6,UMi,2,8,37.9451129297242,23.7205598089444,SAT-1,Satellite,913796.882886027,161.614860172981,7.36032702124714,11.5211917544415,38.0146882841976,188.391482363219,2.3359622409423,7,-12.6228312262072,3432.55376014647,166.959291651783,7.36032702124714,38.0146882841976,913796.882886027,161.614860172981
93,7,UMi,2,8,37.9935506231904,23.749257292713,None,Outage,2631.26321836064,162.234703556953,-7.89824313137674,0,NaN,0,Inf,0,-7.89824313137674,2631.26321836064,162.234703556953,-8.99714946448771,38.0376949337519,913417.846023942,177.972336658716
93,8,UMi,2,8,38.0128711748116,23.7372805097172,SAT-1,Satellite,911866.691621341,159.247414431343,9.72777276288474,14.4748245066591,38.1317303455666,188.391482363219,1.85930191392994,7,-21.2343368503052,4748.40334005445,175.570797275881,9.72777276288474,38.1317303455666,911866.691621341,159.247414431343
94,1,UMi,2,3,37.9737841964302,23.6678498892423,SAT-1,Satellite,800939.529035379,159.932524487612,9.04266270661645,31.7339888351381,46.1837063837246,188.391482363219,1.97886124917918,3,-10.3918582787275,4907.85114006389,164.728318704303,9.04266270661645,46.1837063837246,800939.529035379,159.932524487612
94,2,UMi,2,3,37.9808149751575,23.7735041126963,SAT-1,Satellite,805798.608162614,157.9167947605,11.0583924337282,37.8237335162583,45.7624768188143,188.391482363219,1.66025812234391,3,0.166889285154468,3159.30573490019,154.169571140421,11.0583924337282,45.7624768188143,805798.608162614,157.9167947605
94,3,UMi,2,3,37.9595706718749,23.7075333956618,SAT-1,Satellite,803531.948726995,155.286074225656,13.6891129685716,46.0783899263693,45.9579417758703,188.391482363219,1.36283322590233,3,7.83955305520749,3478.85393765625,146.496907370368,13.6891129685716,45.9579417758703,803531.948726995,155.286074225656
95,1,UMi,1,10,37.9852924325556,23.6847170428736,SAT-1,Satellite,798759.578208173,154.473650973688,14.5015362205397,18.2534629860035,46.3741768263328,188.391482363219,1.29010781753902,8,-6.73878184081471,3658.76306416798,161.075242266391,14.5015362205397,46.3741768263328,798759.578208173,154.473650973688
95,2,UMi,1,10,37.9395573154067,23.7170651050063,SAT-1,Satellite,802624.311866626,155.990173118534,12.9850140756942,16.4411952591481,46.0355092193627,188.391482363219,1.4323128534283,8,10.3406473255824,2193.14034659296,143.995813099993,12.9850140756942,46.0355092193627,802624.311866626,155.990173118534
95,3,UMi,1,10,37.9987104773905,23.7042165520884,SAT-1,Satellite,798889.759998624,155.084114065286,13.8910731289417,17.5208916154854,46.3627288598739,188.391482363219,1.34404891099202,8,-9.99957854772359,4534.4498156711,164.336038973299,13.8910731289417,46.3627288598739,798889.759998624,155.084114065286
95,4,UMi,1,10,37.9610803112007,23.6962395591066,BS1,Terrestrial,1090.46672743198,139.054996100865,15.2814643247108,46.9881074017612,NaN,248.05866228095,2.63958984514933,2,15.2814643247108,1090.46672743198,139.054996100865,13.1981163286623,46.2158616268726,800558.846612833,155.777070865566
95,5,UMi,1,10,37.937830540741,23.7088334602136,SAT-1,Satellite,802359.998658624,156.67462263276,12.3005645614677,15.6326014543186,46.0584946299581,188.391482363219,1.50639900621894,8,-5.98752175374372,2236.42840350315,160.32398217932,12.3005645614677,46.0584946299581,802359.998658624,156.67462263276
95,6,UMi,1,10,37.9182789654379,23.7081286906101,SAT-1,Satellite,803389.658348274,158.130468031007,10.8447191632215,13.9375146719743,45.9690082387929,188.391482363219,1.68960792864705,8,-7.56984346459296,4405.38752857793,161.906303890169,10.8447191632215,45.9690082387929,803389.658348274,158.130468031007
95,7,UMi,1,10,37.9348607818454,23.6599207203269,SAT-1,Satellite,800406.498043971,156.96107705565,12.014110138578,15.2962303173753,46.2291403620006,188.391482363219,1.53952541291514,8,-25.5999369111868,4944.1043938857,179.936397336763,12.014110138578,46.2291403620006,800406.498043971,156.96107705565
95,8,UMi,1,10,37.9551319585388,23.6780525454105,SAT-1,Satellite,800091.868204112,163.435420219843,5.53976697438549,8.23346561684953,46.25680741647,188.391482363219,2.86014861678783,8,1.48533292237224,2651.45868162424,152.851127503204,5.53976697438549,46.25680741647,800091.868204112,163.435420219843
95,9,UMi,1,10,37.9395590606897,23.7036097351489,BS1,Terrestrial,2079.65655133994,140.897761494702,13.4386989308738,41.5685161500864,NaN,248.05866228095,2.98373246455701,2,13.4386989308738,2079.65655133994,140.897761494702,12.8219891334735,46.0863848633129,802039.776612446,156.153198060755
95,10,UMi,1,10,37.9844251690416,23.7385048917509,SAT-1,Satellite,801148.452683714,157.918422724361,11.0567644698673,14.1820194888764,46.1643161203873,188.391482363219,1.66047827771446,8,-2.63985821377008,3975.38969870064,156.976318639346,11.0567644698673,46.1643161203873,801148.452683714,157.918422724361
96,1,UMa,3,3,38.0241257093386,23.7398135329258,SAT-1,Satellite,704417.940734304,158.825263419121,10.1499237751069,35.0477799805388,56.7845918252403,188.391482363219,1.79175858849289,3,-4.19884183991826,2803.0263901969,163.535302265494,10.1499237751069,56.7845918252403,704417.940734304,158.825263419121
96,2,UMa,3,3,38.0496721044709,23.718404227302,SAT-1,Satellite,702858.915218103,156.935763607885,12.0394235863436,40.8690750277617,57.0049423081287,188.391482363219,1.53654470391323,3,-5.44468462453278,4377.70528091448,164.781145050109,12.0394235863436,57.0049423081287,702858.915218103,156.935763607885
96,3,UMa,3,3,37.9416918846025,23.6960330430399,SAT-1,Satellite,704574.757278059,156.052269954849,12.9229172393795,43.6468511854545,56.7624119407362,188.391482363219,1.4387558112936,3,-14.0239470820714,3091.85359774852,173.360407507647,12.9229172393795,56.7624119407362,704574.757278059,156.052269954849
97,1,UMa,1,6,38.0043971502187,23.721048612414,SAT-1,Satellite,1314510.82396815,174.466336612432,-5.49114941820369,3.58861229046009,22.00009518806,188.391482363219,17.4990095627434,3,-16.2466781962443,4784.88928950145,175.58313862182,-5.49114941820369,22.00009518806,1314510.82396815,174.466336612432
97,2,UMa,1,6,38.0362422195082,23.7768499684837,SAT-1,Satellite,1316415.56757677,173.565684281986,-4.59049708775748,4.3028140278895,21.948064813834,188.391482363219,14.5944399132075,3,-10.2269787935726,4964.87461678025,169.563439219148,-4.59049708775748,21.948064813834,1316415.56757677,173.565684281986
97,3,UMa,1,6,38.0101120847492,23.7448364216816,BS1,Terrestrial,3219.881397488,153.682813143993,5.65364728158286,13.6185103677388,NaN,503.334270320412,12.3198562527263,3,5.65364728158286,3219.881397488,153.682813143993,-0.576018806138052,21.999243300426,1314541.20570298,169.551206000366
97,4,UMa,1,6,37.9577776922534,23.7360877896488,SAT-1,Satellite,1309563.83621689,173.066665217639,-4.09147802341056,4.74886941250184,22.1357541768301,188.391482363219,13.2236023636321,3,-24.5523896481832,4966.37263434578,183.888850073759,-4.09147802341056,22.1357541768301,1309563.83621689,173.066665217639
97,5,UMa,1,6,37.9969844139567,23.7883116654146,BS1,Terrestrial,1465.51382249227,148.986507034784,10.3499533907917,21.8208229308117,NaN,503.334270320412,7.68889838109157,3,10.3499533907917,1465.51382249227,148.986507034784,-15.8340996035933,22.0612602848278,1312273.96888466,184.809286797821
97,6,UMa,1,6,37.9943482422713,23.7653569711736,BS1,Terrestrial,743.072970616309,134.532859248623,24.8036011769525,33.994764,NaN,503.334270320412,4.93540976212702,3,24.8036011769525,743.072970616309,134.532859248623,-12.4751645947316,22.0544568727681,1312522.92426913,181.45035178896
98,1,UMa,3,9,38.006637510014,23.6672542460401,SAT-1,Satellite,819108.850422611,161.786238129779,7.18894906444896,8.80109604669881,44.6501473970904,188.391482363219,2.37838410331836,9,0.999287356466397,4591.32181410233,158.337173069109,7.18894906444896,44.6501473970904,819108.850422611,161.786238129779
98,2,UMa,3,9,37.9361242207953,23.7033145257776,SAT-1,Satellite,822616.056944414,157.88487082594,11.0903163682877,12.6407005020404,44.3653263595038,188.391482363219,1.65595149777243,9,-1.49397395129805,4325.63069295079,160.830434376874,11.0903163682877,44.3653263595038,822616.056944414,157.88487082594
98,3,UMa,3,9,37.9956829116898,23.6780620719784,SAT-1,Satellite,819965.071609828,158.291152097693,10.6840350965346,12.2247422858228,44.5802836621791,188.391482363219,1.71229678629071,9,3.89205113425672,3260.2029658506,155.444409291319,10.6840350965346,44.5802836621791,819965.071609828,158.291152097693
98,4,UMa,3,9,37.920953674378,23.7415631979975,SAT-1,Satellite,825244.738543062,156.486172861765,12.4890143324633,14.0929498425553,44.1542468763847,188.391482363219,1.48530912002814,9,-19.7328535142129,4868.63102585646,179.069313939789,12.4890143324633,44.1542468763847,825244.738543062,156.486172861765
98,5,UMa,3,9,37.9820741762324,23.6913774734647,SAT-1,Satellite,821025.381680544,154.240533756271,14.7346534379569,16.4748166692503,44.4940691382681,188.391482363219,1.27056873223458,9,1.87789952361842,1521.05257982987,157.458560901957,14.7346534379569,44.4940691382681,821025.381680544,154.240533756271
98,6,UMa,3,9,37.9458746179094,23.7416973499746,SAT-1,Satellite,824775.443324574,163.122015247818,5.8531719464103,7.59202086515211,44.1918066128487,188.391482363219,2.75715613814071,9,1.44671760900661,4664.72643291,157.889742816569,5.8531719464103,44.1918066128487,824775.443324574,163.122015247818
98,7,UMa,3,9,38.0037644822822,23.6687214673129,SAT-1,Satellite,819249.986934293,169.113648826716,-0.138461632487605,3.25728439367526,44.6386152254367,188.391482363219,6.42633077108385,9,-7.17489613297977,4345.48441392851,166.511356558556,-0.138461632487605,44.6386152254367,819249.986934293,169.113648826716
98,8,UMa,3,9,37.9596687351215,23.6770072570436,SAT-1,Satellite,820566.899179943,155.521965997824,13.4532211964037,15.1092541566128,44.5312801305966,188.391482363219,1.385401735405,9,1.00770663494919,3427.89676446143,158.328753790627,13.4532211964037,44.5312801305966,820566.899179943,155.521965997824
98,9,UMa,3,9,37.9950776176481,23.7044478934121,SAT-1,Satellite,821584.458363999,155.627170033851,13.3480171603772,14.9978521826259,44.4487634972918,188.391482363219,1.39569230809564,9,10.8916852612903,1112.57208260319,148.444775164286,13.3480171603772,44.4487634972918,821584.458363999,155.627170033851
99,1,UMa,1,8,38.038399694187,23.7610955377031,None,Outage,3101.53827348496,172.070268813947,-12.7338083883707,0,NaN,0,Inf,0,-12.7338083883707,3101.53827348496,172.070268813947,-Inf,19.9371755504017,1394366.83047133,Inf
99,2,UMa,1,8,38.047601099761,23.7380941372605,BS1,Terrestrial,4918.74824731218,160.348762013388,-1.01230158781257,5.15081358907052,NaN,503.334270320412,32.5731240716634,3,-1.01230158781257,4918.74824731218,160.348762013388,-Inf,19.9350394380535,1394452.78164371,Inf
99,3,UMa,1,8,38.0519937172877,23.7691276960551,None,Outage,4499.22756815428,171.181526534527,-11.8450661089515,0,NaN,0,Inf,0,-11.8450661089515,4499.22756815428,171.181526534527,-Inf,19.8988813542789,1395932.64683654,Inf
99,4,UMa,1,8,37.9818302727752,23.7657744438446,SAT-1,Satellite,1389165.15389553,167.836324813171,1.13886238105735,36.045798778587,20.0649987761088,188.391482363219,5.22644770671949,1,-13.6277496079667,3317.04728560245,172.964210033543,1.13886238105735,20.0649987761088,1389165.15389553,167.836324813171
99,5,UMa,1,8,38.0125175331828,23.7774594783849,BS1,Terrestrial,619.11438992665,128.940807898062,30.395652527514,33.994764,NaN,503.334270320412,4.93540976212702,3,30.395652527514,619.11438992665,128.940807898062,-Inf,19.9835717527649,1392475.48059373,Inf
99,6,UMa,1,8,38.025800870439,23.8039373427782,None,Outage,3336.1526320726,170.620666872486,-11.2842064469097,0,NaN,0,Inf,0,-11.2842064469097,3336.1526320726,170.620666872486,-Inf,19.9303277567383,1394648.92171298,Inf
99,7,UMa,1,8,38.0441287801449,23.7949550704418,BS1,Terrestrial,4211.04339146379,163.08944502632,-3.75298460074367,3.1047953822126,NaN,503.334270320412,54.0383727275575,3,-3.75298460074367,4211.04339146379,163.08944502632,-Inf,19.8954257159091,1396075.51276845,Inf
99,8,UMa,1,8,38.0466594282069,23.7580201732177,None,Outage,4057.15558570827,179.346037677738,-20.0095772521621,0,NaN,0,Inf,0,-20.0095772521621,4057.15558570827,179.346037677738,-Inf,19.9205649874113,1395045.26137844,Inf
100,1,UMi,1,8,38.0071511362993,23.744537994018,SAT-1,Satellite,1071359.84903612,162.317012670132,6.65817452409658,10.6876325977609,30.1491390786428,188.391482363219,2.5181506440135,7,-24.8559309293358,4904.27222786835,179.192391354912,6.65817452409658,30.1491390786428,1071359.84903612,162.317012670132
100,2,UMi,1,8,37.9282321748842,23.7858219476059,SAT-1,Satellite,1078370.83744645,161.259888829584,7.71529836464413,11.9508082871926,29.8603695641408,188.391482363219,2.25198733527282,7,-23.9710094043012,4616.07059856436,178.307469829877,7.71529836464413,29.8603695641408,1078370.83744645,161.259888829584
100,3,UMi,1,8,37.9519522785224,23.7804190583914,SAT-1,Satellite,1076177.64619563,161.056960747862,7.91822644636562,12.1987254595531,29.9502559114698,188.391482363219,2.20621973978068,7,-8.04692746239832,1986.29436849601,162.383387887974,7.91822644636562,29.9502559114698,1076177.64619563,161.056960747862
100,4,UMi,1,8,37.961605740981,23.7732960678472,SAT-1,Satellite,1075343.2007426,164.348765926744,4.62642126748366,8.41747372591258,29.984563069107,188.391482363219,3.19728576356363,7,-0.897817941850661,752.824595662262,155.234278367427,4.62642126748366,29.984563069107,1075343.2007426,164.348765926744
100,5,UMi,1,8,37.9433434116762,23.7350824649772,SAT-1,Satellite,1077529.04632667,164.970611819366,4.00457537486162,7.77142916457676,29.8948471923167,188.391482363219,3.46307845559536,7,-25.1413377057715,4133.44930822575,179.477798131347,4.00457537486162,29.8948471923167,1077529.04632667,164.970611819366
100,6,UMi,1,8,37.9622889886907,23.7676716417744,BS1,Terrestrial,673.897601330909,136.768902077491,17.5675583480851,101.984292,NaN,248.05866228095,2.43232224704713,1,17.5675583480851,673.897601330909,136.768902077491,10.2834150128828,29.9845324052425,1075344.01533374,158.691772181345
100,7,UMi,1,8,37.9530776715552,23.8078369907321,SAT-1,Satellite,1075754.94572616,161.406731849329,7.56845534489912,11.7724491673174,29.9676118869961,188.391482363219,2.28610618967438,7,-3.66824438948615,3685.62334821772,158.004704815062,7.56845534489912,29.9676118869961,1075754.94572616,161.406731849329
100,8,UMi,1,8,37.9260919176902,23.7801609627427,SAT-1,Satellite,1078639.9785299,164.709095328478,4.2660918657503,8.04007171330998,29.849369735927,188.391482363219,3.34736677341793,7,-13.5512023515448,4728.13695580075,167.887662777121,4.2660918657503,29.849369735927,1078639.9785299,164.709095328478
101,1,UMa,2,8,38.0101527651529,23.726417096295,BS2,Terrestrial,1630.87894337021,144.372166133193,14.9642942923827,46.0497398673387,NaN,503.334270320412,5.46511524028617,2,14.9642942923827,1630.87894337021,144.372166133193,8.8516314078289,37.5828194794012,920870.816335381,160.123555786399
101,2,UMa,2,8,38.0447707599322,23.7401018580769,SAT-1,Satellite,917945.131706476,161.898910372389,7.07627682183917,15.6538137535239,37.7568859854623,188.391482363219,2.40697232418277,5,-0.986941301346604,4908.94004801298,160.323401726922,7.07627682183917,37.7568859854623,917945.131706476,161.898910372389
101,3,UMa,2,8,38.0279255135565,23.6951925320832,SAT-1,Satellite,919096.25558252,160.524714026497,8.45047316773068,17.9991153869178,37.6882170919111,188.391482363219,2.09334157055459,5,6.69360340330235,2014.69225665417,152.642857022274,8.45047316773068,37.6882170919111,919096.25558252,160.524714026497
101,4,UMa,2,8,38.0283646816545,23.6628370395354,SAT-1,Satellite,918837.870359232,165.82876861134,3.1464185828886,9.69158702549682,37.7035978324995,188.391482363219,3.88773235730318,5,-3.78547428001991,3551.85686047523,163.121934705596,3.1464185828886,37.7035978324995,918837.870359232,165.82876861134
101,5,UMa,2,8,38.0038402974066,23.7394500392442,BS2,Terrestrial,2815.9516233516,141.712998774043,17.6234616515329,50.992146,NaN,503.334270320412,4.93540976212702,2,17.6234616515329,2815.9516233516,141.712998774043,14.8898434362056,37.5445387238204,921517.512727771,154.085343758023
101,6,UMa,2,8,37.9992704004184,23.6799687987374,BS1,Terrestrial,1812.89841684714,143.86576800431,15.4706924212661,95.0978003432156,NaN,503.334270320412,5.2928066527705,1,15.4706924212661,1812.89841684714,143.86576800431,8.9002447315994,37.5456203433691,921498.891456748,160.074942462629
101,7,UMa,2,8,38.0293621448619,23.7137737498628,SAT-1,Satellite,919100.999087242,157.852159155224,11.1230280390042,22.81377055167,37.6879408164984,188.391482363219,1.65155936793997,5,-5.46744621504038,2687.85918869174,164.803906640616,11.1230280390042,37.6879408164984,919100.999087242,157.852159155224
101,8,UMa,2,8,38.0185878595362,23.6671903582927,SAT-1,Satellite,919721.870752999,163.017354034629,5.95783315959943,13.8316304451544,37.6509877639139,188.391482363219,2.7240676088077,5,-7.70117946038889,2693.11940244994,167.037639885965,5.95783315959943,37.6509877639139,919721.870752999,163.017354034629
102,1,UMi,4,7,37.9714391433277,23.7163816221223,BS3,Terrestrial,2527.45762614271,147.974856906739,6.36160351883723,22.1536502277071,NaN,248.05866228095,5.59859571066776,2,6.36160351883723,2527.45762614271,147.974856906739,4.98417245738759,22.0443204239761,1313178.31300503,163.991014736841
102,2,UMi,4,7,37.9835882748045,23.6717215355477,BS4,Terrestrial,784.369768099472,126.097049779211,28.2394106463653,101.984292,NaN,248.05866228095,2.43232224704713,1,28.2394106463653,784.369768099472,126.097049779211,3.27753660954775,22.0827537645433,1311772.93027149,165.69765058468
102,3,UMi,4,7,37.9614157294352,23.7208554034103,BS3,Terrestrial,2206.73519005289,154.776511860371,-0.440051434795521,8.5260144445893,NaN,248.05866228095,14.5471640878096,2,-0.440051434795521,2206.73519005289,154.776511860371,-11.8407860703348,22.059310265503,1312631.55433159,180.815973264563
102,4,UMi,4,7,38.0018497152904,23.6923244370104,BS2,Terrestrial,1960.18397520576,146.562528340525,7.77393208505055,51.5034126584371,NaN,248.05866228095,4.81635389728517,1,7.77393208505055,1960.18397520576,146.562528340525,7.57999190673689,22.0138277181284,1314290.71382671,161.395195287491
102,5,UMi,4,7,37.9131168558061,23.703352961988,SAT-1,Satellite,1307934.18557218,174.589203472647,-5.61401627841906,3.49971458551379,22.1884629499774,188.391482363219,17.9435091786264,3,-10.6299125976181,3854.58683371087,164.966373023194,-5.61401627841906,22.1884629499774,1307934.18557218,174.589203472647
102,6,UMi,4,7,38.0124084430053,23.7080627305431,SAT-1,Satellite,1315948.56087732,169.5091275357,-0.533940341471606,9.14038560432488,21.968584425546,188.391482363219,6.87029667085668,3,-9.70754939329808,4872.39468302851,164.044009818874,-0.533940341471606,21.968584425546,1315948.56087732,169.5091275357
102,7,UMi,4,7,37.9865373870184,23.7774085404384,SAT-1,Satellite,1317594.22856378,172.73174489379,-3.75655769956165,5.06967709426623,21.9238954689693,188.391482363219,12.3868166788695,3,-4.35706524394388,3559.62203392885,158.69352566952,-3.75655769956165,21.9238954689693,1317594.22856378,172.73174489379
103,1,UMi,3,7,37.9906787334505,23.7022144996156,SAT-1,Satellite,1050081.41701216,159.449311949332,9.52587524489564,24.8773580378738,31.0517854096662,188.391482363219,1.89320226525268,4,2.62904348964221,2465.51066952268,151.707416935934,9.52587524489564,31.0517854096662,1050081.41701216,159.449311949332
103,2,UMi,3,7,38.0098800091006,23.7073792409186,BS2,Terrestrial,474.812440646715,109.03250170949,45.3039587160858,101.984292,NaN,248.05866228095,2.43232224704713,1,45.3039587160858,474.812440646715,109.03250170949,7.34051883844987,31.132856937802,1048215.67053537,161.634668355778
103,3,UMi,3,7,38.0428862265639,23.7170750391644,None,Outage,1044998.59546692,177.76673754321,-8.7915503489821,0,31.2734083318008,0,Inf,0,-22.8513771122078,3324.95201090996,177.187837537784,-8.7915503489821,31.2734083318008,1044998.59546692,177.76673754321
103,4,UMi,3,7,38.0053213761001,23.7289501915397,SAT-1,Satellite,1048277.4164561,159.327667500631,9.6475196935975,25.1503977801807,31.1301528140874,188.391482363219,1.87264913272741,4,-5.04327627548764,2194.65410073069,159.379736701064,9.6475196935975,31.1301528140874,1048277.4164561,159.327667500631
103,5,UMi,3,7,37.9971104951705,23.7497224061965,SAT-1,Satellite,1048694.49911856,161.136116379593,7.83907081463502,21.178195133369,31.1119879431372,188.391482363219,2.223885005035,4,-5.42352306842361,3479.34348120416,159.759983493999,7.83907081463502,31.1119879431372,1048694.49911856,161.136116379593
103,6,UMi,3,7,37.9642928682894,23.7207631364183,BS1,Terrestrial,1274.02352320457,146.850812297946,7.4856481276303,50.0039760027321,NaN,248.05866228095,4.96077876422061,1,7.4856481276303,1274.02352320457,146.850812297946,2.81286482668148,30.959286359732,1052218.82617283,166.162322367547
103,7,UMi,3,7,38.027268032472,23.6695710442566,SAT-1,Satellite,1047246.70219032,157.75612713572,11.2190600585086,28.7394967574457,31.1751187686089,188.391482363219,1.63878550095358,4,-6.00855174009018,3561.56093993035,160.345012165666,11.2190600585086,31.1751187686089,1047246.70219032,157.75612713572
104,1,UMi,2,9,37.9948715861097,23.7465957335721,SAT-1,Satellite,688626.832858364,155.499153190546,13.476034003682,17.0251047280228,59.1267712262635,188.391482363219,1.38318886559572,8,-8.58594784916906,3803.07879486657,162.922408274745,13.476034003682,59.1267712262635,688626.832858364,155.499153190546
104,2,UMi,2,9,38.0170256029147,23.7046332755669,BS2,Terrestrial,366.320760822261,115.464844146767,38.8716162788091,101.984292,NaN,248.05866228095,2.43232224704713,1,38.8716162788091,366.320760822261,115.464844146767,12.3542114378685,59.477415228094,686406.966766104,156.62097575636
104,3,UMi,2,9,37.9843920953946,23.6782421677249,SAT-1,Satellite,686040.439970743,158.428282512999,10.5469046812294,13.5956505511832,59.5358096948046,188.391482363219,1.73209330489543,8,-2.97590951865521,2846.8044566894,157.312369944231,10.5469046812294,59.5358096948046,686040.439970743,158.428282512999
104,4,UMi,2,9,38.0413664612616,23.6708088904482,SAT-1,Satellite,684497.83041365,160.119842727431,8.85534446679705,11.6932657693507,59.7836645473354,188.391482363219,2.01388865693334,8,-9.06715819267455,3910.7935426894,163.40361861825,8.85534446679705,59.7836645473354,684497.83041365,160.119842727431
104,5,UMi,2,9,37.9691169287881,23.7163779555955,SAT-1,Satellite,687949.316549237,154.592955582941,14.3822316112869,18.1100014189914,59.2331283910334,188.391482363219,1.30032763391764,8,12.1635063369191,3616.81235934303,142.172954088657,14.3822316112869,59.2331283910334,687949.316549237,154.592955582941
104,6,UMi,2,9,37.9823413302163,23.6676864934618,SAT-1,Satellite,685654.976007735,156.242399378356,12.7327878158718,16.1424598208279,59.5974469144167,188.391482363219,1.4588195081036,8,-4.65524589531125,3738.71376110374,158.991706320887,12.7327878158718,59.5974469144167,685654.976007735,156.242399378356
104,7,UMi,2,9,37.9850887505609,23.6850799029747,SAT-1,Satellite,686304.829527844,154.157343461623,14.8178437326051,18.6344615525755,59.4936344151425,188.391482363219,1.26373038625028,8,-0.522203646808919,2345.65910121899,154.858664072385,14.8178437326051,59.4936344151425,686304.829527844,154.157343461623
104,8,UMi,2,9,37.9874660550015,23.6927330173376,SAT-1,Satellite,686565.797636039,156.606538858748,12.3686483354805,15.7127338424609,59.4520893400475,188.391482363219,1.49871661618587,8,11.613645854989,1711.40496496524,142.722814570587,12.3686483354805,59.4520893400475,686565.797636039,156.606538858748
104,9,UMi,2,9,37.9886140802977,23.7106999741369,SAT-1,Satellite,687279.319532572,157.169490643866,11.805696550362,15.0523184381313,59.3389019180053,188.391482363219,1.56447230319995,8,3.92958574292248,3511.49725380353,150.406874682653,11.805696550362,59.3389019180053,687279.319532572,157.169490643866
105,1,UMi,1,10,37.9520405778215,23.7976126149876,SAT-1,Satellite,904403.466726933,160.698277852414,8.27690934181459,9.83177005317569,38.592295399703,188.391482363219,2.1290557871098,9,-1.96217663660727,3411.4383087771,156.298637062183,8.27690934181459,38.592295399703,904403.466726933,160.698277852414
105,2,UMi,1,10,37.9580385460946,23.766135231794,BS1,Terrestrial,875.364892157621,129.638190784424,24.6982696411521,101.984292,NaN,248.05866228095,2.43232224704713,1,24.6982696411521,875.364892157621,129.638190784424,-2.17111623209826,38.4618736314381,906512.151818778,171.146303426326
105,3,UMi,1,10,37.9180086274245,23.7818143929887,SAT-1,Satellite,905760.254945752,160.360401501863,8.61478569236471,10.1590808650176,38.5082733268301,188.391482363219,2.06046070578356,9,-11.1328712984018,4349.32752739601,165.469331723978,8.61478569236471,38.5082733268301,905760.254945752,160.360401501863
105,4,UMi,1,10,37.9511058627249,23.7242158920296,SAT-1,Satellite,909443.042200085,155.42518589707,13.5500012971583,15.2118389855839,38.2818917782129,188.391482363219,1.37605893337971,9,-22.0354545481288,3045.3015679653,176.371914973705,13.5500012971583,38.2818917782129,909443.042200085,155.42518589707
105,5,UMi,1,10,37.9459335392025,23.7097759649667,SAT-1,Satellite,910476.576044853,157.226470633744,11.7487165604839,13.3206737156473,38.2187793617191,188.391482363219,1.57142103891171,9,-22.9166495266018,4374.36303012833,177.253109952178,11.7487165604839,38.2187793617191,910476.576044853,157.226470633744
105,6,UMi,1,10,37.9268808283507,23.7650431588996,SAT-1,Satellite,906835.95818535,156.433219368308,12.5419678259206,14.1484744632032,38.441903553328,188.391482363219,1.47948013644062,9,-1.38825068551103,2917.61494713041,155.724711111087,12.5419678259206,38.441903553328,906835.95818535,156.433219368308
105,7,UMi,1,10,37.9339106851656,23.8022737222835,SAT-1,Satellite,904229.129441229,163.781621638598,5.19356555563027,7.02161765826979,38.6031066831102,188.391482363219,2.98113454021427,9,-13.5543346264978,4352.82633951451,167.890795052074,5.19356555563027,38.6031066831102,904229.129441229,163.781621638598
105,8,UMi,1,10,37.9810357514247,23.7542773991628,SAT-1,Satellite,907150.490293175,161.421960770033,7.55322642419475,9.14200207974792,38.4225550397914,188.391482363219,2.28969395835269,9,-0.181339119859047,3170.4161752528,154.517799545435,7.55322642419475,38.4225550397914,907150.490293175,161.421960770033
105,9,UMi,1,10,37.9204104486808,23.7770257435611,SAT-1,Satellite,906068.265308247,164.97684973205,3.99833746217831,6.03950396939274,38.4892485025262,188.391482363219,3.46591161051116,9,-3.90849232528964,3925.42719390745,158.244952750866,3.99833746217831,38.4892485025262,906068.265308247,164.97684973205
105,10,UMi,1,10,37.9433476700384,23.720803094357,SAT-1,Satellite,909739.114694698,155.943593945911,13.0315932483175,14.6635161803857,38.2637909294508,188.391482363219,1.42751483830639,9,-13.2266703118946,3497.82279439334,167.56313073747,13.0315932483175,38.2637909294508,909739.114694698,155.943593945911
106,1,UMa,4,4,38.0200097894229,23.75436177463,BS2,Terrestrial,1532.46431399756,143.127034233389,16.2094261921869,99.4888158886396,NaN,503.334270320412,5.05920455304049,1,16.2094261921869,1532.46431399756,143.127034233389,-2.44358123799935,26.2308645511775,1175951.47009916,171.418768432227
106,2,UMa,4,4,38.0465742193212,23.7618886117279,SAT-1,Satellite,1173583.07925307,162.723188002945,6.25199919128272,35.7562140776017,26.31166043691,188.391482363219,2.63438799692765,2,-13.3531409921812,3201.88827076973,172.689601417757,6.25199919128272,26.31166043691,1173583.07925307,162.723188002945
106,3,UMa,4,4,37.9750419191668,23.6960912823847,SAT-1,Satellite,1182354.08069878,167.955291428805,1.0198957654236,17.6898565492169,26.0141856285012,188.391482363219,5.32484482955172,2,-19.8502435781494,4195.47694985459,179.186704003725,1.0198957654236,26.0141856285012,1182354.08069878,167.955291428805
106,4,UMa,4,4,37.982259353788,23.7429205302581,BS3,Terrestrial,44.5330552320368,67.726653872335,91.6098065532408,101.984292,NaN,503.334270320412,4.93540976212702,1,91.6098065532408,44.5330552320368,67.726653872335,2.28780228460667,26.11507638983,1179362.75803406,166.687384909621
107,1,UMa,3,8,37.9857650159762,23.7906051579403,BS2,Terrestrial,2496.77258014168,143.422104856549,15.9143555690268,97.7326589016517,NaN,503.334270320412,5.15011333956357,1,15.9143555690268,2496.77258014168,143.422104856549,14.6995655637128,44.9787166066946,815062.418621988,154.275621630515
107,2,UMa,3,8,38.0092670191571,23.7683784468978,SAT-1,Satellite,815291.073293894,155.507288501761,13.4678986924673,19.4461787399025,44.9596967908659,188.391482363219,1.38397724658403,7,1.40503977202792,1818.31928731119,157.931420653548,13.4678986924673,44.9596967908659,815291.073293894,155.507288501761
107,3,UMa,3,8,37.9679494989663,23.7676792003599,SAT-1,Satellite,813070.01939638,155.640158185368,13.3350290088597,19.265280519408,45.1446049254012,188.391482363219,1.39697259439948,7,4.48756083838484,2832.98574404242,154.848899587191,13.3350290088597,45.1446049254012,813070.01939638,155.640158185368
107,4,UMa,3,8,37.9809473784048,23.7263416785182,SAT-1,Satellite,811871.040489338,164.190698320888,4.7844888733398,8.58560995018232,45.2449622476225,188.391482363219,3.13467174320675,7,0.094944956333137,3115.76653430357,159.241515469243,4.7844888733398,45.2449622476225,811871.040489338,164.190698320888
107,5,UMa,3,8,38.0324044441347,23.7780608924601,SAT-1,Satellite,816968.481852203,153.504112707888,15.4710744863404,22.198895025306,44.8210776524798,188.391482363219,1.21236074490875,7,-4.63210815221203,4593.8485479811,163.968568577788,15.4710744863404,44.8210776524798,816968.481852203,153.504112707888
107,6,UMa,3,8,37.955195920693,23.7551329873326,SAT-1,Satellite,811823.984551184,158.102163393017,10.8730238012111,15.9658291738707,45.2489841771583,188.391482363219,1.68566684610884,7,-7.73336058180516,2652.1749779849,167.069821007381,10.8730238012111,45.2489841771583,811823.984551184,158.102163393017
107,7,UMa,3,8,37.9157184980054,23.7268522255385,SAT-1,Satellite,808463.174255865,157.594972694978,11.3802144992498,16.6361662435867,45.5329833011137,188.391482363219,1.61774464831441,7,-5.85556943020521,2793.41373838074,165.192029855781,11.3802144992498,45.5329833011137,808463.174255865,157.594972694978
107,8,UMa,3,8,37.9879665408507,23.7292821752875,SAT-1,Satellite,812377.161358809,160.210809144018,8.76437805021047,13.2492788229399,45.2025084563798,188.391482363219,2.0312855717425,7,-3.98666630174927,3091.06890660862,163.323126727325,8.76437805021047,45.2025084563798,812377.161358809,160.210809144018
108,1,UMi,4,8,37.9665756216305,23.7665796535885,BS1,Terrestrial,2414.59816576724,142.145700713453,12.1907597121224,25.3017319849525,NaN,248.05866228095,3.26800634871525,3,12.1907597121224,2414.59816576724,142.145700713453,8.08002783868676,43.7873489184935,829774.957534845,160.895159355541
108,2,UMi,4,8,37.9853795754264,23.7770638298655,SAT-1,Satellite,828626.005595114,158.425180551265,10.5500066429628,27.1984034946968,43.8779303709731,188.391482363219,1.73164099870744,4,2.61682075143173,2297.47918671965,151.719639674144,10.5500066429628,43.8779303709731,828626.005595114,158.425180551265
108,3,UMi,4,8,37.9160223027981,23.7783172862266,SAT-1,Satellite,833823.857970309,159.58466642972,9.39052076450827,24.5744466839991,43.4711074910448,188.391482363219,1.91653839439124,4,-18.6225439075494,4182.36553496967,172.959004333125,9.39052076450827,43.4711074910448,833823.857970309,159.58466642972
108,4,UMi,4,8,38.0188421555104,23.6803878952575,SAT-1,Satellite,823892.257007576,156.106289378568,12.86889781566,32.6071235240652,44.2548937882124,188.391482363219,1.44440433563681,4,-2.80381499467805,2739.79249761891,157.140275420254,12.86889781566,44.2548937882124,823892.257007576,156.106289378568
108,5,UMi,4,8,37.9550199048286,23.782454011681,BS1,Terrestrial,2733.06728012285,141.660902412338,12.6755580132382,26.2340696020662,NaN,248.05866228095,3.15186404604966,3,12.6755580132382,2733.06728012285,141.660902412338,6.85120521993528,43.6903958382032,831010.345840962,162.123981974293
108,6,UMi,4,8,37.988377592802,23.6917083007232,BS4,Terrestrial,1362.71810040836,141.584570867058,12.7518895585183,79.1441029572925,NaN,248.05866228095,3.13426588983903,1,12.7518895585183,1362.71810040836,141.584570867058,7.4361870098214,44.0534289199173,826411.582408112,161.539000184407
108,7,UMi,4,8,37.9501871429427,23.740227738752,BS1,Terrestrial,1130.63201913278,134.817973729359,19.5184866962172,33.994764,NaN,248.05866228095,2.43232224704713,3,19.5184866962172,1130.63201913278,134.817973729359,13.1934104006874,43.7399561720727,830377.638200006,155.781776793541
108,8,UMi,4,8,37.9983643410034,23.7347849392914,SAT-1,Satellite,826667.950546867,157.748637140874,11.2265500533543,28.7568483186114,44.0330801987047,188.391482363219,1.63779667608161,4,-0.452489723683726,2585.28615912444,154.78895014926,11.2265500533543,44.0330801987047,826667.950546867,157.748637140874
109,1,UMi,4,9,37.9667353650516,23.7112204828048,BS3,Terrestrial,376.05613630857,125.697817970978,28.6386424545975,33.994764,NaN,248.05866228095,2.43232224704713,3,28.6386424545975,376.05613630857,125.697817970978,6.31221586065743,25.0070363525589,1212776.46648567,162.662971333571
109,2,UMi,4,9,37.9486115328451,23.7797307072486,SAT-1,Satellite,1209012.13132097,167.003164750823,1.97202244340494,8.18647989182232,25.1277031012105,188.391482363219,4.60250278148017,5,-18.0366487420315,3025.33778841278,172.373109167607,1.97202244340494,25.1277031012105,1209012.13132097,167.003164750823
109,3,UMi,4,9,37.9873566826136,23.8103832617996,BS1,Terrestrial,2956.56840437342,156.815932019491,-2.47947159391478,11.8636431104249,NaN,248.05866228095,20.9091473817999,1,-2.47947159391478,2956.56840437342,156.815932019491,-4.90863373800454,25.0413402581491,1211700.81513995,173.883820932233
109,4,UMi,4,9,37.9346155008452,23.7084234208728,BS3,Terrestrial,3419.87604508644,154.897680447667,-0.561220022091334,5.56793178083926,NaN,248.05866228095,14.8504371129083,3,-0.561220022091334,3419.87604508644,154.897680447667,-18.8293177853778,25.0998594497558,1209880.84466569,187.804504979606
109,5,UMi,4,9,38.0047245591519,23.7938889190886,SAT-1,Satellite,1213812.82549142,159.947065628108,9.02812156611967,19.014627876718,24.9738201898042,188.391482363219,1.98154266898791,5,-5.42330013207456,3426.91390987636,159.75976055765,9.02812156611967,24.9738201898042,1213812.82549142,159.947065628108
109,6,UMi,4,9,37.9290675472066,23.6901932199947,SAT-1,Satellite,1209927.0270856,164.123942827113,4.85124436711462,12.1199117145062,25.0983988501272,188.391482363219,3.10879298135043,5,-0.954105731341343,4304.72992651051,155.290566156917,4.85124436711462,25.0983988501272,1209927.0270856,164.123942827113
109,7,UMi,4,9,37.989416888898,23.7051957465105,BS3,Terrestrial,2670.63744699741,143.285982920966,11.0504775046101,23.133204139328,NaN,248.05866228095,3.57435227140647,3,11.0504775046101,2670.63744699741,143.285982920966,-0.565890710986707,24.9338988508945,1215068.13190816,169.541077905215
109,8,UMi,4,9,37.9674755727759,23.8232130416175,SAT-1,Satellite,1209465.1805722,165.585335387705,3.38985180652335,10.021385838902,25.1130760953572,188.391482363219,3.75978902302917,5,-13.6653191043562,3907.64384901955,168.001779529932,3.38985180652335,25.1130760953572,1209465.1805722,165.585335387705
109,9,UMi,4,9,37.9431841122149,23.7715447617585,SAT-1,Satellite,1208754.55816768,167.673836133816,1.30135106041183,7.39369006710087,25.1360034380619,188.391482363219,5.09600701824085,5,-4.70189902451028,3703.35713387366,159.038359450086,1.30135106041183,25.1360034380619,1208754.55816768,167.673836133816
110,1,UMa,1,6,38.0082171932224,23.7259673822899,SAT-1,Satellite,1182375.6922654,171.115054869665,-2.1398676754371,4.12752747330496,26.0025452016499,188.391482363219,9.12853923234441,5,-3.35870439025862,4047.85999211752,162.695164815834,-2.1398676754371,26.0025452016499,1182375.6922654,171.115054869665
110,2,UMa,1,6,38.0115313499439,23.8100123093747,SAT-1,Satellite,1184185.90300773,167.652510115874,1.3226770783543,7.41812921855073,25.9417683158468,188.391482363219,5.07921813742749,5,-1.96512052987316,3517.53994782277,161.301580955449,1.3226770783543,25.9417683158468,1184185.90300773,167.652510115874
110,3,UMa,1,6,38.0036256693898,23.8192007419538,SAT-1,Satellite,1183583.7665179,164.613594621191,4.3615925730374,11.3950043335038,25.9619912885452,188.391482363219,3.30656271554557,5,-8.0426276843767,4187.79081614224,167.379088109953,4.3615925730374,25.9619912885452,1183583.7665179,164.613594621191
110,4,UMa,1,6,38.0172619392669,23.76953413918,BS1,Terrestrial,1621.65077971154,149.128697898069,10.207762527507,64.6695971255396,NaN,503.334270320412,7.78316693922364,1,10.207762527507,1621.65077971154,149.128697898069,-9.24125097358342,25.9473050473621,1184020.02970351,178.216438167812
110,5,UMa,1,6,38.0375004320273,23.7537849898281,SAT-1,Satellite,1185711.90904238,163.660657859213,5.31452933501538,12.8246209553887,25.8905865001049,188.391482363219,2.93796569923667,5,-17.8075964343363,4161.28081730166,177.144056859912,5.31452933501538,25.8905865001049,1185711.90904238,163.660657859213
110,6,UMa,1,6,37.9842943416105,23.78037662756,SAT-1,Satellite,1181008.15722432,164.96002872977,4.01515846445844,10.8950979537862,26.048672675208,188.391482363219,3.45827973575493,5,0.969407252085261,2189.87968167438,158.367053173491,4.01515846445844,26.048672675208,1181008.15722432,164.96002872977
111,1,UMa,3,6,38.0210830495525,23.7588761217878,BS2,Terrestrial,775.907994713115,136.812854480498,22.5236059450777,101.984292,NaN,503.334270320412,4.93540976212702,1,22.5236059450777,775.907994713115,136.812854480498,12.0280354315833,44.1606883318489,825168.010469938,156.947151762645
111,2,UMa,3,6,37.9364290168081,23.7761590191224,SAT-1,Satellite,825204.958033185,156.386891424215,12.5882957700133,31.9434325873792,44.1576768776553,188.391482363219,1.47441482570702,4,-3.03461413458515,3734.82251827598,162.371074560161,12.5882957700133,44.1576768776553,825204.958033185,156.386891424215
111,3,UMa,3,6,37.9404724883497,23.7310273116534,SAT-1,Satellite,827958.005173592,158.055099354146,10.9200878400822,28.0486374947868,43.9387208450171,188.391482363219,1.67915003356432,4,8.53344642735226,2737.21353810693,150.803013998224,10.9200878400822,43.9387208450171,827958.005173592,158.055099354146
111,4,UMa,3,6,37.9272662585985,23.7842693361764,SAT-1,Satellite,824828.608477416,161.693046333004,7.28214086122381,19.9977421674723,44.1877705161708,188.391482363219,2.35515940731612,4,-13.7231400682038,4934.57589299588,173.05960049378,7.28214086122381,44.1877705161708,824828.608477416,161.693046333004
111,5,UMa,3,6,37.9864903984161,23.7739854334524,BS3,Terrestrial,2212.84624946252,152.60307209053,6.73338833504621,46.1636857465107,NaN,503.334270320412,10.9032513799758,1,6.73338833504621,2212.84624946252,152.60307209053,6.17680176095976,44.20060597165,824668.801896094,162.798385433268
111,6,UMa,3,6,38.0228971234399,23.7233524067362,SAT-1,Satellite,827359.058069648,157.679717720323,11.2954694739047,28.9166073272182,43.9862303956905,188.391482363219,1.62874814662207,4,-0.96145808631303,2406.02157336129,160.297918511889,11.2954694739047,43.9862303956905,827359.058069648,157.679717720323
112,1,UMa,4,5,37.9829703511887,23.7119552534703,SAT-1,Satellite,609627.660979137,154.33003653081,14.6451506634183,29.4821368276374,79.328599464686,188.391482363219,1.27800426044163,5,10.8803592702206,1923.66454116523,148.456101155355,14.6451506634183,79.328599464686,609627.660979137,154.33003653081
112,2,UMa,4,5,37.9753219774173,23.7681918399689,SAT-1,Satellite,608929.373009457,153.704514334042,15.2706728601858,30.6902921171692,79.7181880469026,188.391482363219,1.22769429267065,5,5.36032966188952,4708.89177316896,153.976130763686,15.2706728601858,79.7181880469026,608929.373009457,153.704514334042
112,3,UMa,4,5,38.0453388465151,23.7216722207361,SAT-1,Satellite,610531.679430285,152.413465052569,16.5617221416587,33.1990850498941,78.8452180775968,188.391482363219,1.13491972492669,5,-6.10126079779346,4378.10913801831,165.437721223369,16.5617221416587,78.8452180775968,610531.679430285,152.413465052569
112,4,UMa,4,5,37.9665176824492,23.7301168331021,SAT-1,Satellite,609183.699877374,154.503552824155,14.4716343700735,29.1479899988838,79.5745645810192,188.391482363219,1.29265505011105,5,12.3385306534504,1248.41552911771,146.997929772125,14.4716343700735,79.5745645810192,609183.699877374,154.503552824155
112,5,UMa,4,5,37.995454467412,23.6522036965154,SAT-1,Satellite,610486.664445182,157.187153996819,11.7880331974087,24.0506870186165,78.8689134420356,188.391482363219,1.56662038150839,5,-14.4456252829316,3250.33072591118,173.782085708507,11.7880331974087,78.8689134420356,610486.664445182,157.187153996819
113,1,UMi,4,9,37.9976398484821,23.7855544455554,SAT-1,Satellite,783808.262241618,165.143087981417,3.83209921281076,7.59674337617297,47.7353039580834,188.391482363219,3.54271134042036,7,-9.83087462528528,4948.95651861949,164.167335050861,3.83209921281076,47.7353039580834,783808.262241618,165.143087981417
113,2,UMi,4,9,37.9140246799499,23.7724538705225,SAT-1,Satellite,780926.089038219,165.971627661522,3.00355953270628,6.78630060005333,48.0074133885852,188.391482363219,3.96579380949021,7,-11.4414517045997,4662.5289062211,165.777912130176,3.00355953270628,48.0074133885852,780926.089038219,165.971627661522
113,3,UMi,4,9,37.9610435711815,23.7346717746721,BS3,Terrestrial,2839.17608864442,145.546597594522,8.78986283105343,56.8971556595367,NaN,248.05866228095,4.35977263547747,1,8.78986283105343,2839.17608864442,145.546597594522,6.06076438176478,47.6485968186789,784735.609464017,162.914422812463
113,4,UMi,4,9,37.9364557584488,23.690454435797,SAT-1,Satellite,785883.599093561,160.202862063191,8.77232513103752,13.2592666662992,47.5416715359781,188.391482363219,2.02975545981254,7,0.850473134297715,4624.54085419611,153.485987291278,8.77232513103752,47.5416715359781,785883.599093561,160.202862063191
113,5,UMi,4,9,37.9348072648942,23.6785721511866,SAT-1,Satellite,786402.849723572,158.2340429147,10.7411442795284,15.792470770119,47.4934524425148,188.391482363219,1.70417088629054,7,-14.3045840298803,4496.3917116146,168.641044455456,10.7411442795284,47.4934524425148,786402.849723572,158.2340429147
113,6,UMi,4,9,37.9873212864305,23.7328182759109,BS2,Terrestrial,1872.49620037686,124.100164644413,30.2362957811631,101.984292,NaN,248.05866228095,2.43232224704713,1,30.2362957811631,1872.49620037686,124.100164644413,9.82221029066488,47.5367200532021,785935.585729009,159.152976903563
113,7,UMi,4,9,37.944800175211,23.7496526621294,SAT-1,Satellite,783321.506186524,158.655078664139,10.3201085300895,15.2417989119376,47.7811205311658,188.391482363219,1.76574097746117,7,8.27923351750246,1900.28675783409,146.057226908073,10.3201085300895,47.7811205311658,783321.506186524,158.655078664139
113,8,UMi,4,9,37.9615355535795,23.7945867098832,SAT-1,Satellite,781836.866347279,156.833344028772,12.1418431654564,17.652644955494,47.921020485615,188.391482363219,1.52459129931433,7,-1.67861245061076,2569.53337222044,156.015072876187,12.1418431654564,47.921020485615,781836.866347279,156.833344028772
113,9,UMi,4,9,37.968339678951,23.7723490219576,SAT-1,Satellite,783204.189070154,155.962108615908,13.0130785783198,18.8279850861974,47.7920916145673,188.391482363219,1.42941843143699,7,9.02780044122761,3015.25328544583,145.308659984348,13.0130785783198,47.7920916145673,783204.189070154,155.962108615908
114,1,UMi,3,5,37.9515006678565,23.7646429039026,SAT-1,Satellite,1323494.81125051,173.250661379413,-4.27547418518444,3.43502437041286,21.7684962161978,188.391482363219,13.7110732012489,4,-18.299506493729,4998.93257950836,172.635966919305,-4.27547418518444,21.7684962161978,1323494.81125051,173.250661379413
114,2,UMi,3,5,37.9971147746583,23.7022727287539,BS3,Terrestrial,1769.01122584644,126.912685952671,27.4237744729049,101.984292,NaN,248.05866228095,2.43232224704713,1,27.4237744729049,1769.01122584644,126.912685952671,5.71407499565356,21.9549548490771,1316615.0661925,163.261112198575
114,3,UMi,3,5,37.9519401042007,23.7512571140555,SAT-1,Satellite,1322747.43034436,163.523281828186,5.45190536604247,16.2961953127096,21.7886490399059,188.391482363219,2.89011451366641,4,-12.6516284091304,3851.84696292152,166.988088834706,5.45190536604247,21.7886490399059,1322747.43034436,163.523281828186
114,4,UMi,3,5,37.9306487547448,23.7386754426904,SAT-1,Satellite,1323742.62100891,161.906269073077,7.06891812115131,19.5519407247181,21.7617533420035,188.391482363219,2.4088591129607,4,0.0686434041776351,3062.33599628495,154.267817021398,7.06891812115131,21.7617533420035,1323742.62100891,161.906269073077
114,5,UMi,3,5,37.9095473089441,23.7149744118701,SAT-1,Satellite,1324137.47096293,164.212032725971,4.76315446825751,14.9849462914635,21.7510526098896,188.391482363219,3.14301230546519,4,-16.3114347921195,3911.02610813052,170.647895217695,4.76315446825751,21.7510526098896,1324137.47096293,164.212032725971
115,1,UMa,2,5,37.9347052698403,23.7083403586263,SAT-1,Satellite,678787.737982725,155.176419138459,13.798768055769,27.8567380339471,60.726571216283,188.391482363219,1.35257388811022,5,-2.55205974164949,4352.93873054126,161.888520167225,13.798768055769,60.726571216283,678787.737982725,155.176419138459
115,2,UMa,2,5,37.9893453910435,23.6578593118203,SAT-1,Satellite,679435.165078624,154.682244170671,14.292943023557,28.8043584312509,60.617587172802,188.391482363219,1.30807622612296,5,-3.95593261789355,4845.5127284161,163.292393043469,14.292943023557,60.617587172802,679435.165078624,154.682244170671
115,3,UMa,2,5,37.9986895832981,23.706092297524,SAT-1,Satellite,677350.900006693,153.114866119695,15.8603210745327,31.83378481712,60.9708249833076,188.391482363219,1.18359462090667,5,6.43661381032177,2766.09284323069,152.899846615254,15.8603210745327,60.9708249833076,677350.900006693,153.114866119695
115,4,UMa,2,5,37.9691097382321,23.7797948670386,SAT-1,Satellite,675239.484913357,158.669453022788,10.30573417144,21.3123070514456,61.3347783068827,188.391482363219,1.7679126141385,5,9.33912887645192,2258.9151755886,149.997331549124,10.30573417144,61.3347783068827,675239.484913357,158.669453022788
115,5,UMa,2,5,37.9501357222085,23.7409377847751,SAT-1,Satellite,677166.732812529,154.458680336578,14.5165068576498,29.2343592104168,61.0022349592718,188.391482363219,1.28883606449011,5,5.79002374193632,3823.81307404335,153.54643668364,14.5165068576498,61.0022349592718,677166.732812529,154.458680336578
116,1,UMi,1,10,37.9555292768578,23.6825963092801,SAT-1,Satellite,1003127.86039778,160.291634321495,8.68355287273289,10.2260826373601,33.1990803602319,188.391482363219,2.04696047074487,9,-18.9093950736965,4614.87199178327,173.245855499272,8.68355287273289,33.1990803602319,1003127.86039778,160.291634321495
116,2,UMi,1,10,37.9940710221284,23.7700734970345,SAT-1,Satellite,1010048.15099656,161.934367764202,7.04081943002612,8.66375863047598,32.8687613538206,188.391482363219,2.41608611482018,9,-8.16681592731504,4990.03303271268,162.503276352891,7.04081943002612,32.8687613538206,1010048.15099656,161.934367764202
116,3,UMi,1,10,38.0188206166872,23.7231051878561,BS1,Terrestrial,3404.76925457123,150.718523293338,3.61793713223835,31.6272766214495,NaN,248.05866228095,7.84318755136564,1,3.61793713223835,3404.76925457123,150.718523293338,-3.58922392687896,32.8926019384348,1009543.13714963,172.564411121107
116,4,UMi,1,10,37.9798292481801,23.697764171121,SAT-1,Satellite,1005569.70958379,162.369230731873,6.60595646235532,8.26509813196983,33.0818896129539,188.391482363219,2.53262412557196,9,0.923489239125814,1730.32453900481,153.41297118645,6.60595646235532,33.0818896129539,1005569.70958379,162.369230731873
116,5,UMi,1,10,38.0220466684344,23.7220479621765,SAT-1,Satellite,1009721.48918054,165.625337455176,3.34984973905171,5.53710343793155,32.8841413170677,188.391482363219,3.78038574931626,9,-5.46962640870058,3733.46519465372,159.806086834276,3.34984973905171,32.8841413170677,1009721.48918054,165.625337455176
116,6,UMi,1,10,37.9542927131208,23.7464961771782,SAT-1,Satellite,1006109.45464847,157.230260838341,11.744926355887,13.3167398937004,33.0561727430553,188.391482363219,1.57188524341072,9,-14.7469958420761,4822.2190662212,169.083456267652,11.744926355887,33.0561727430553,1006109.45464847,157.230260838341
116,7,UMi,1,10,37.9975262615956,23.6644307870478,SAT-1,Satellite,1005234.81893366,167.756847923277,1.21833927095145,4.05502588413446,33.0978559460073,188.391482363219,5.1620846641561,9,-2.33115139384589,4421.23041821267,156.667611819422,1.21833927095145,33.0978559460073,1005234.81893366,167.756847923277
116,8,UMi,1,10,37.9565766822219,23.7469129312511,SAT-1,Satellite,1006290.15477925,156.330352429192,12.6448347650361,14.2564378148208,33.0475359766168,188.391482363219,1.46827610102473,9,-1.36543169598772,4644.67888592169,155.701892121564,12.6448347650361,33.0475359766168,1006290.15477925,156.330352429192
116,9,UMi,1,10,37.9848963007773,23.7410491617379,SAT-1,Satellite,1008003.02719441,166.777321612526,2.19786558170216,4.70253260134259,32.9658245662446,188.391482363219,4.45130075722819,9,-11.0856188438466,2454.07153826248,165.422079269422,2.19786558170216,32.9658245662446,1008003.02719441,166.777321612526
116,10,UMi,1,10,37.9541003900118,23.7389270777711,SAT-1,Satellite,1005730.99702821,167.966586382862,1.00860081136602,3.92409881044661,33.0742587417641,188.391482363219,5.33431698343604,9,-24.7691706274803,4474.24395393733,179.105631053056,1.00860081136602,33.0742587417641,1005730.99702821,167.966586382862
117,1,UMi,1,5,37.9650806007175,23.6775929884324,BS1,Terrestrial,4485.60776087533,147.572186480944,6.76427394463161,46.3191853662683,NaN,248.05866228095,5.35541936498731,1,6.76427394463161,4485.60776087533,147.572186480944,-Inf,17.2745709321333,1511707.48332209,Inf
117,2,UMi,1,5,38.0132047941569,23.6736535074327,None,Outage,2889.14479935102,162.243174704053,-7.9067142784767,0,NaN,0,Inf,0,-7.9067142784767,2889.14479935102,162.243174704053,-Inf,17.3695507675245,1507242.92877218,Inf
117,3,UMi,1,5,38.0079299082606,23.7433697060901,None,Outage,3699.91719356559,168.651484916839,-14.3150244912635,0,NaN,0,Inf,0,-14.3150244912635,3699.91719356559,168.651484916839,-Inf,17.2920191181728,1510891.22399469,Inf
117,4,UMi,1,5,37.9977651298355,23.734295443351,None,Outage,2824.0779834401,163.343150465909,-9.00669004033287,0,NaN,0,Inf,0,-9.00669004033287,2824.0779834401,163.343150465909,-Inf,17.2816233839581,1511380.00462882,Inf
117,5,UMi,1,5,38.0046413481568,23.6801399484025,None,Outage,2003.25812014847,176.022926928161,-21.6864665025852,0,NaN,0,Inf,0,-21.6864665025852,2003.25812014847,176.022926928161,-Inf,17.3470284108957,1508299.99971535,Inf
118,1,UMa,1,6,37.9892655927419,23.7321861746668,SAT-1,Satellite,922312.397580698,155.791400501342,13.1837866928857,26.6835342792248,37.5070939710601,188.391482363219,1.41204295047149,5,12.4632794308056,3300.0917297486,146.87318099477,13.1837866928857,37.5070939710601,922312.397580698,155.791400501342
118,2,UMa,1,6,37.9166950544598,23.7438290604217,SAT-1,Satellite,925820.244007453,156.155092630984,12.8200945632446,25.9932296872335,37.3010285067091,188.391482363219,1.44954270500481,5,-10.7541316912009,4819.83008245203,170.090592116777,12.8200945632446,37.3010285067091,925820.244007453,156.155092630984
118,3,UMa,1,6,37.9334308614629,23.7769506155822,SAT-1,Satellite,927260.060314264,168.796976427768,0.178210766460467,6.17942282189489,37.2171020639686,188.391482363219,6.09738118892629,5,-21.1360948775975,4566.7737088377,180.472555303173,0.178210766460467,37.2171020639686,927260.060314264,168.796976427768
118,4,UMa,1,6,37.9393583818204,23.7628746870474,SAT-1,Satellite,926145.363490368,157.150070977374,11.8251162168541,24.1200250900082,37.2820830024741,188.391482363219,1.56211680261693,5,0.0820799755775852,3208.1093750077,159.254380449998,11.8251162168541,37.2820830024741,926145.363490368,157.150070977374
118,5,UMa,1,6,37.9916713305941,23.769862238767,BS1,Terrestrial,4564.67646348692,153.346314374551,5.99014605102502,42.4821122187644,NaN,503.334270320412,11.8481460556495,1,5.99014605102502,4564.67646348692,153.346314374551,5.65707126056634,37.3727921997385,924596.314402549,163.318115933662
118,6,UMa,1,6,37.983860583315,23.7587009662862,SAT-1,Satellite,924187.067794089,165.256535301013,3.71865189321483,10.4761177319444,37.3967822550764,188.391482363219,3.59658963718523,5,-9.56834330303232,3280.16581587062,168.904803728608,3.71865189321483,37.3967822550764,924187.067794089,165.256535301013
119,1,UMa,2,6,37.9656980317416,23.7825343103564,SAT-1,Satellite,1338803.31619103,169.127512106257,-0.152324912029172,4.874606087774,21.3593103262113,188.391482363219,6.44125490931883,6,-8.39502239474453,4773.27014548355,167.73148282032,-0.152324912029172,21.3593103262113,1338803.31619103,169.127512106257
119,2,UMa,2,6,37.9699738637702,23.7579830132638,SAT-1,Satellite,1339700.38103013,160.349008396926,8.626178797302,15.2552589985914,21.3356835247842,188.391482363219,2.05821352471098,6,-4.90936682802808,3911.26556392349,164.245827253604,8.626178797302,21.3356835247842,1339700.38103013,160.349008396926
119,3,UMa,2,6,38.0003288122274,23.7249711473852,SAT-1,Satellite,1338918.62162248,163.51519716667,5.45999002755772,10.874582617718,21.3563831836316,188.391482363219,2.88733659926514,6,-4.80473518946053,3808.92983106134,164.141195615036,5.45999002755772,21.3563831836316,1338918.62162248,163.51519716667
119,4,UMa,2,6,37.9754860597148,23.7855687055746,SAT-1,Satellite,1337854.91439671,173.311261453199,-4.3360742589706,2.26277628374851,21.3843684498209,188.391482363219,13.8761311135252,6,-7.15005262258703,3941.77124515547,166.486513048163,-4.3360742589706,21.3843684498209,1337854.91439671,173.311261453199
119,5,UMa,2,6,37.9844464904958,23.800505384027,SAT-1,Satellite,1336371.43621762,163.091922649566,5.88326454466258,11.4277339110631,21.4236101117878,188.391482363219,2.74757713455973,6,-3.09977343477706,4170.47881837388,162.436233860353,5.88326454466258,21.4236101117878,1336371.43621762,163.091922649566
119,6,UMa,2,6,38.0394046470226,23.7341622768045,SAT-1,Satellite,1335292.22055219,162.290435258067,6.68475193616112,12.5052311561175,21.4523675654783,188.391482363219,2.51083566564139,6,-1.84864961290174,3990.72038332872,161.185110038478,6.68475193616112,21.4523675654783,1335292.22055219,162.290435258067
120,1,UMi,4,3,37.9389500353411,23.7041467431207,SAT-1,Satellite,731532.870966459,158.19678791618,10.7783992780484,55.4449079305713,53.2615693358822,188.391482363219,1.69890698167562,2,-0.608318646232675,3065.98908601633,154.944779071809,10.7783992780484,53.2615693358822,731532.870966459,158.19678791618
120,2,UMi,4,3,38.0007258749483,23.7184293816032,BS1,Terrestrial,1779.3587137171,138.623180234048,15.7132801915277,96.5376235514833,NaN,248.05866228095,2.56955426449524,1,15.7132801915277,1779.3587137171,138.623180234048,14.2615859335619,53.7450507481293,727546.951011058,154.713601260666
120,3,UMi,4,3,37.9180109639923,23.7652268757171,SAT-1,Satellite,733245.593827399,157.666709739757,11.3084774544709,57.8935605466808,53.057013646505,188.391482363219,1.62705040581599,2,1.85090261520693,4191.42242566631,152.485557810369,11.3084774544709,53.057013646505,733245.593827399,157.666709739757
121,1,UMi,1,3,37.9885326776394,23.75763397218,SAT-1,Satellite,734730.15832128,154.502174935395,14.4730122588336,48.5844027688092,52.8865701237224,188.391482363219,1.29253746488482,3,11.5423295988354,2840.18446250676,142.794130826741,14.4730122588336,52.8865701237224,734730.15832128,154.502174935395
121,2,UMi,1,3,38.0021916741837,23.7463652098218,SAT-1,Satellite,733750.946205887,158.178659703807,10.7965274904207,37.0188559299736,53.0023761485391,188.391482363219,1.69635606531248,3,-4.24458131091143,2431.84286790477,158.581041736487,10.7965274904207,53.0023761485391,733750.946205887,158.178659703807
121,3,UMi,1,3,37.9698089010884,23.7211496478224,SAT-1,Satellite,733718.887882181,155.883143619151,13.0920435750769,44.1819051107688,53.0061073296988,188.391482363219,1.42133211843854,3,-0.924847016003525,2048.16848669145,155.261307441579,13.0920435750769,53.0061073296988,733718.887882181,155.883143619151
122,1,UMi,3,8,37.9605857567731,23.6978171506134,SAT-1,Satellite,779185.345747753,154.48009309752,14.4950940967077,18.2457129715598,48.1750060059979,188.391482363219,1.29065580128925,8,12.2242835911667,4028.68593526255,142.112176834409,14.4950940967077,48.1750060059979,779185.345747753,154.48009309752
122,2,UMi,3,8,37.9845529918832,23.7103955054381,SAT-1,Satellite,777776.309647208,153.60173358142,15.3734536128076,19.3058166122338,48.3101902945067,188.391482363219,1.21978447057659,8,0.527735410022984,1166.90698565502,153.808725015553,15.3734536128076,48.3101902945067,777776.309647208,153.60173358142
122,3,UMi,3,8,37.9713946270599,23.7204074868819,SAT-1,Satellite,777650.284377023,158.191744154074,10.7834430401538,13.8670256754978,48.3222942874858,188.391482363219,1.69819655970003,8,-1.19350446496733,2746.38496625491,155.529964890543,10.7834430401538,48.3222942874858,777650.284377023,158.191744154074
122,4,UMi,3,8,37.9742522631313,23.7268781772272,SAT-1,Satellite,777218.825213194,159.129711061301,9.84547613292702,12.7981598569539,48.3638664127774,188.391482363219,1.84002509412374,8,2.20995623897966,3470.35009311224,152.126504186596,9.84547613292702,48.3638664127774,777218.825213194,159.129711061301
122,5,UMi,3,8,37.9536779061741,23.6541601429945,SAT-1,Satellite,781728.60087029,165.043515604637,3.93167158959076,6.73517881756286,47.9331038224103,188.391482363219,3.49640832608563,8,-14.780373529881,4300.65651974216,169.116833955457,3.93167158959076,47.9331038224103,781728.60087029,165.043515604637
122,6,UMi,3,8,38.0208720613951,23.7073785788514,SAT-1,Satellite,776832.189092697,161.231794512008,7.74339268221971,10.4869036102011,48.4012610670422,188.391482363219,2.24555656948111,8,-15.4524240650145,3211.00342748819,169.78888449059,7.74339268221971,48.4012610670422,776832.189092697,161.231794512008
122,7,UMi,3,8,38.0064722821411,23.7441045686984,SAT-1,Satellite,775318.916775038,156.814618644664,12.160568549564,15.4680511708279,48.547880467893,188.391482363219,1.52242419134316,8,-14.4905629738629,2727.92427882993,168.827023399439,12.160568549564,48.547880467893,775318.916775038,156.814618644664
122,8,UMi,3,8,37.923986026394,23.68626390588,SAT-1,Satellite,780947.690051178,156.188891309497,12.7862958847313,16.20576275688,48.0070477920132,188.391482363219,1.45312106863991,8,-6.69769797594404,3180.29484791102,161.03415840152,12.7862958847313,48.0070477920132,780947.690051178,156.188891309497
123,1,UMa,4,9,38.0427502496466,23.6653128426409,SAT-1,Satellite,1092722.06641446,160.889565183962,8.08562201026621,21.7077899047454,29.2892712556027,188.391482363219,2.16962992536191,4,2.83027135305599,4734.82862475047,156.50618907252,8.08562201026621,29.2892712556027,1092722.06641446,160.889565183962
123,2,UMa,4,9,37.9706962221063,23.6614672743955,SAT-1,Satellite,1097922.76054723,163.539124072278,5.43606312195058,16.2654911620474,29.0836549409564,188.391482363219,2.89557014427569,4,-2.57337888168306,4610.37517349711,161.909839307259,5.43606312195058,29.0836549409564,1097922.76054723,163.539124072278
123,3,UMa,4,9,37.9733385482948,23.7370207186804,SAT-1,Satellite,1093709.57708575,170.486848103374,-1.51166090914541,5.77993350351241,29.2498997211121,188.391482363219,8.14851426269588,4,-1.5360334772945,3244.29615090741,160.87249390287,-1.51166090914541,29.2498997211121,1093709.57708575,170.486848103374
123,4,UMa,4,9,37.9747760994001,23.7242761807745,SAT-1,Satellite,1094287.22375912,172.609522256007,-3.63433506177864,3.89338130962055,29.2270303596271,188.391482363219,12.0969067361642,4,-3.86115981050122,3351.19621102074,163.197620236077,-3.63433506177864,29.2270303596271,1094287.22375912,172.609522256007
123,5,UMa,4,9,38.0204425242537,23.705790996714,BS2,Terrestrial,1098.25730121457,142.133214433274,17.2032459923016,33.994764,NaN,503.334270320412,4.93540976212702,3,17.2032459923016,1098.25730121457,142.133214433274,6.69662260076936,29.3139984823675,1092097.90344589,162.278564593459
123,6,UMa,4,9,38.0353922606111,23.7477879599185,BS2,Terrestrial,3845.77128005102,159.833942938795,-0.49748251321958,5.6287779560399,NaN,503.334270320412,29.8071964140585,3,-0.49748251321958,3845.77128005102,159.833942938795,-10.3635610207467,29.444722496404,1088820.86446929,179.338748214975
123,7,UMa,4,9,38.0044234271541,23.6738462064289,BS4,Terrestrial,956.762180474224,138.527671861522,20.8087885640541,101.984292,NaN,503.334270320412,4.93540976212702,1,20.8087885640541,956.762180474224,138.527671861522,3.00977949357608,29.2022089577977,1094917.04875052,165.965407700652
123,8,UMa,4,9,38.0201255350989,23.7539792401049,BS3,Terrestrial,2339.54904882614,145.055655916739,14.2808045088367,88.0699630830235,NaN,503.334270320412,5.7151638617802,1,14.2808045088367,2339.54904882614,145.055655916739,3.13231155247743,29.4155062523493,1089550.52341431,165.842875641751
123,9,UMa,4,9,38.0299181701013,23.7030693548096,BS2,Terrestrial,2104.54677867547,143.642794191986,15.6936662335895,32.1403766036909,NaN,503.334270320412,5.22016565566742,3,15.6936662335895,2104.54677867547,143.642794191986,-2.43843533979413,29.3343498890183,1091586.85690115,171.413622534022
124,1,UMa,4,3,37.9820613245838,23.6982011599161,BS4,Terrestrial,825.49884547218,144.395104266019,14.9413561595573,91.9639125240754,NaN,503.334270320412,5.47317155725234,1,14.9413561595573,825.49884547218,144.395104266019,4.94209986483528,37.3288931246511,925152.377036492,164.033087329393
124,2,UMa,4,3,38.0102233840709,23.6987137908811,SAT-1,Satellite,927600.544925744,160.489402469566,8.48578472466212,45.1518237752953,37.1860102517075,188.391482363219,2.08620014222212,2,-5.19550400453141,4571.07445098326,164.531964430107,8.48578472466212,37.1860102517075,927600.544925744,160.489402469566
124,3,UMa,4,3,37.9672468815219,23.6927410231918,SAT-1,Satellite,923796.507757675,173.294809339105,-4.31962214487714,6.81043250747477,37.4084345572187,188.391482363219,13.8310953200439,2,-13.4006491153071,4723.83346925913,172.737109540883,-4.31962214487714,37.4084345572187,923796.507757675,173.294809339105
125,1,UMi,4,5,38.0522920324975,23.7768818036058,SAT-1,Satellite,1182796.44796977,172.380042309907,-3.4048551156786,8.1387367021725,25.9925537699011,188.391482363219,11.5737545799295,2,-10.5421521669287,4941.2583127113,164.878612592505,-3.4048551156786,25.9925537699011,1182796.44796977,172.380042309907
125,2,UMi,4,5,37.9467191637969,23.7570747715613,BS3,Terrestrial,2147.22209000194,153.079543673845,1.2569167517313,22.4693758464537,NaN,248.05866228095,11.0398554893593,1,1.2569167517313,2147.22209000194,153.079543673845,-5.95701589349622,25.6582396068275,1192819.34907655,174.932203087724
125,3,UMi,4,5,37.9784013203709,23.7404299329759,BS4,Terrestrial,1597.00401143747,139.705404783236,14.6310556423395,45.0661144331194,NaN,248.05866228095,2.75216385305508,2,14.6310556423395,1597.00401143747,139.705404783236,0.355956841781648,25.7698650317059,1189453.15597373,168.619230352446
125,4,UMi,4,5,37.9373514699242,23.7469377625474,SAT-1,Satellite,1193579.80332175,157.764244432519,11.2109427617094,57.4413886825405,25.6331017753553,188.391482363219,1.63985835548298,2,-7.08395742617952,3513.62241268173,161.420417851755,11.2109427617094,25.6331017753553,1193579.80332175,157.764244432519
125,5,UMi,4,5,37.9786853348623,23.7204427209012,BS4,Terrestrial,1214.60908241374,149.878259024202,4.45820140137405,17.6506241429585,NaN,248.05866228095,7.0269090846827,2,4.45820140137405,1214.60908241374,149.878259024202,-9.74645893247811,25.7811133050442,1189114.66422658,178.721646126706
126,1,UMa,2,5,37.9938157222676,23.758224962686,SAT-1,Satellite,1232988.17655393,164.055735380771,4.91945181345662,15.2781727229264,24.3777576849737,188.391482363219,3.08269002091655,4,-5.50706311090013,3014.38140307914,164.843523536476,4.91945181345662,24.3777576849737,1232988.17655393,164.055735380771
126,2,UMa,2,5,38.0277201742505,23.7328194571163,BS1,Terrestrial,1425.48026862078,149.197412964063,10.1390474615132,64.2872393132266,NaN,503.334270320412,7.82945846947973,1,10.1390474615132,1425.48026862078,149.197412964063,8.54402655481746,24.5013773870407,1229005.25790614,160.431160639411
126,3,UMa,2,5,37.982823539941,23.7470146149774,SAT-1,Satellite,1233492.08161506,160.793916602875,8.18127059135264,21.914346343228,24.3621500560576,188.391482363219,2.14917980455113,4,3.88514757795679,3981.93015349154,155.451312847619,8.18127059135264,24.3621500560576,1233492.08161506,160.793916602875
126,4,UMa,2,5,37.9746889744354,23.8299114584256,SAT-1,Satellite,1237572.82835804,169.373604386136,-0.398417191908209,7.01506144769597,24.2365091160823,188.391482363219,6.7138215312816,4,-10.7333799390618,4625.99076706473,170.069840364638,-0.398417191908209,24.2365091160823,1237572.82835804,169.373604386136
126,5,UMa,2,5,37.9721511316676,23.8131527068837,SAT-1,Satellite,1237109.78471767,162.585975045266,6.38921214896249,18.1552929101164,24.2507119527632,188.391482363219,2.59416748735356,4,-11.7229198592843,3491.49826776505,171.05938028486,6.38921214896249,24.2507119527632,1237109.78471767,162.585975045266
127,1,UMi,4,5,37.9207990348112,23.744740029871,SAT-1,Satellite,1251648.99249111,162.676451337388,6.29873585683961,23.9631122779343,23.8072649631535,188.391482363219,2.620576161368,3,-18.7933990294364,3403.99892498298,173.129859455012,6.29873585683961,23.8072649631535,1251648.99249111,162.676451337388
127,2,UMi,4,5,37.9780717160002,23.6453658206366,BS1,Terrestrial,3430.94833800675,142.222584760354,12.1138756652222,75.4632026041683,NaN,248.05866228095,3.28714729458419,1,12.1138756652222,3430.94833800675,142.222584760354,10.4074151651336,23.8696358483397,1249580.80788314,158.567772029094
127,3,UMi,4,5,37.9865787457174,23.6798860655254,BS3,Terrestrial,1808.73186585152,146.523153542578,7.81330688299744,51.7093366993255,NaN,248.05866228095,4.79717354959198,1,7.81330688299744,1808.73186585152,146.523153542578,6.93707374229459,23.9276332126008,1247658.0140755,162.038113451934
127,4,UMi,4,5,37.960483464332,23.7140690630429,SAT-1,Satellite,1248959.11348166,159.964159363893,9.01102783033537,31.6405862938364,23.8882914017235,188.391482363219,1.98470281822725,3,2.38986524889347,4273.15857113538,151.946595176682,9.01102783033537,23.8882914017235,1248959.11348166,159.964159363893
127,5,UMi,4,5,37.9905005820571,23.7654881994846,SAT-1,Satellite,1244504.39750748,161.92893625851,7.04625093571764,26.0063427200431,24.0230992968391,188.391482363219,2.41468635031644,3,2.02828520985508,4645.3847673872,152.308175215721,7.04625093571764,24.0230992968391,1244504.39750748,161.92893625851
128,1,UMi,4,5,37.9995082465729,23.7375209709105,SAT-1,Satellite,892077.210391845,153.564349049535,15.4108381446928,30.9617273898868,39.3704489614803,188.391482363219,1.21693134230459,5,5.90417198054831,2792.64264193036,148.432288445028,15.4108381446928,39.3704489614803,892077.210391845,153.564349049535
128,2,UMi,4,5,38.0049058107831,23.6910118811891,SAT-1,Satellite,895273.513804811,158.854062381526,10.1211248127017,20.9763392471729,39.1658678377834,188.391482363219,1.79622840900238,5,9.30277308347658,2544.86814059862,145.033687342099,10.1211248127017,39.1658678377834,895273.513804811,158.854062381526
128,3,UMi,4,5,37.9860798960869,23.8148635924481,SAT-1,Satellite,886725.475878145,160.713279999803,8.26190719442462,17.6711610598993,39.7173648642288,188.391482363219,2.13219133394387,5,-8.93008942864213,4324.84810022478,163.266549854218,8.26190719442462,39.7173648642288,886725.475878145,160.713279999803
128,4,UMi,4,5,38.0109135793836,23.7727843070911,SAT-1,Satellite,889859.615917992,162.424706835594,6.55048035863408,14.7865342487536,39.5135186809407,188.391482363219,2.54814927141022,5,-3.7505356357006,3621.56778794172,158.086996061276,6.55048035863408,39.5135186809407,889859.615917992,162.424706835594
128,5,UMi,4,5,37.927439378784,23.7224799415142,SAT-1,Satellite,892208.031694546,158.383939434466,10.5912477597624,21.8342959728745,39.3620806649918,188.391482363219,1.72564741814679,5,-22.9159994333503,4584.09345981798,177.252459858926,10.5912477597624,39.3620806649918,892208.031694546,158.383939434466
129,1,UMi,3,10,38.0417850547531,23.7945981140044,SAT-1,Satellite,1017812.24438634,161.142156538812,7.83303065541585,12.0944418196569,32.5133415934177,188.391482363219,2.22524274458784,7,-23.293226754639,3905.35009389106,177.629687180215,7.83303065541585,32.5133415934177,1017812.24438634,161.142156538812
129,2,UMi,3,10,37.9920963995085,23.7215740535753,SAT-1,Satellite,1011875.02808501,164.268297164789,4.70689002943894,8.50287485904435,32.7914354158373,188.391482363219,3.16517288037049,7,-9.94106741342398,4590.39292694031,164.277527839,4.70689002943894,32.7914354158373,1011875.02808501,164.268297164789
129,3,UMi,3,10,37.9481595299145,23.7352520607882,SAT-1,Satellite,1012389.41525841,162.433356087,6.54183110722778,10.5517293418082,32.7672172392218,188.391482363219,2.5505837040755,7,-4.48370214535882,4578.37263189784,158.820162570935,6.54183110722778,32.7672172392218,1012389.41525841,162.433356087
129,4,UMi,3,10,38.027967736207,23.8128264688172,SAT-1,Satellite,1018987.77248931,165.655318438805,3.31986875542319,7.08997756635585,32.4587353550387,188.391482363219,3.79593146200379,7,-24.2561108474653,4856.82828548935,178.592571273041,3.31986875542319,32.4587353550387,1018987.77248931,165.655318438805
129,5,UMi,3,10,38.0228720469991,23.7137073147851,SAT-1,Satellite,1011656.90302741,160.98836665498,7.98682053924767,12.2828950260139,32.8017069539696,188.391482363219,2.19110143431431,7,-4.51148665636617,3898.70067543681,158.847947081942,7.98682053924767,32.8017069539696,1011656.90302741,160.98836665498
129,6,UMi,3,10,37.9833139656393,23.7192711687532,BS3,Terrestrial,4790.19029474624,153.082780675113,1.25367975046285,7.48602924793582,NaN,248.05866228095,11.0454044489763,3,1.25367975046285,4790.19029474624,153.082780675113,-0.456453499275568,32.8041113117204,1011606.37310635,169.431640693504
129,7,UMi,3,10,37.9620968897929,23.6951595800489,SAT-1,Satellite,1009601.88645974,158.870028483825,10.1051587104033,14.962386790899,32.8989121090837,188.391482363219,1.79871495672076,7,2.19839829577754,789.780584449107,152.138062129798,10.1051587104033,32.8989121090837,1009601.88645974,158.870028483825
129,8,UMi,3,10,37.9472109509386,23.6484467488169,SAT-1,Satellite,1006018.27289389,161.840942343604,7.13424485062441,11.25037121681,33.0694756108958,188.391482363219,2.39219385657412,7,-17.4772112179098,4222.99961835454,171.813671643486,7.13424485062441,33.0694756108958,1006018.27289389,161.840942343604
129,9,UMi,3,10,37.9677300147142,23.741282263585,BS3,Terrestrial,2940.22829723728,148.291770366673,6.04469005890252,14.2494022480964,NaN,248.05866228095,5.80278522008621,3,6.04469005890252,2940.22829723728,148.291770366673,-2.03272870062196,32.7362926175471,1013046.32666691,171.00791589485
129,10,UMi,3,10,37.9883099535672,23.7780774474293,BS3,Terrestrial,1425.42878816628,150.313041909816,4.02341851575969,11.1250262198584,NaN,248.05866228095,7.43245176471762,3,4.02341851575969,1425.42878816628,150.313041909816,-8.43109652993004,32.5988687792991,1015978.15653719,177.406283724158
130,1,UMi,4,10,37.9809469801149,23.7467059744873,SAT-1,Satellite,1122371.72580954,161.683788517056,7.29139867717237,10.0085887273266,28.1440233629002,188.391482363219,2.35287271132507,8,-3.74425985453757,4712.33097363064,158.080720280113,7.29139867717237,28.1440233629002,1122371.72580954,161.683788517056
130,2,UMi,4,10,37.9908538695689,23.7488487182668,SAT-1,Satellite,1121743.47963303,164.659718586745,4.3154686074833,7.07988428341316,28.167617120303,188.391482363219,3.3261751679435,8,0.253148176066645,1931.59183395305,154.083312249509,4.3154686074833,28.167617120303,1121743.47963303,164.659718586745
130,3,UMi,4,10,38.017458730885,23.7214757230789,SAT-1,Satellite,1118389.63564007,157.486422392117,11.4887648021116,14.682801935147,28.2939630866166,188.391482363219,1.6038447838101,8,-3.84303533827625,1008.46638220075,158.179495763852,11.4887648021116,28.2939630866166,1118389.63564007,157.486422392117
130,4,UMi,4,10,37.9361311314217,23.6971205647151,BS1,Terrestrial,4063.49469931457,145.687551480619,8.64890894495642,56.1392554403459,NaN,248.05866228095,4.41863114028186,1,8.64890894495642,4063.49469931457,145.687551480619,7.54112312684325,28.1119459597018,1123224.40477068,161.434064067385
130,5,UMi,4,10,38.0214019852609,23.6977779683205,SAT-1,Satellite,1116904.89530073,156.866184256269,12.109002937959,15.4075174237499,28.350128955696,188.391482363219,1.52840555994458,8,8.13417609034985,2115.6574224919,146.202284335226,12.109002937959,28.350128955696,1116904.89530073,156.866184256269
130,6,UMi,4,10,38.0230793434095,23.7479245945969,BS4,Terrestrial,2321.51769969587,145.573188873595,8.76327155198121,56.7539537025024,NaN,248.05866228095,4.37077324306329,1,8.76327155198121,2321.51769969587,145.573188873595,6.13750662321615,28.2593720725538,1119306.81200294,162.837680571012
130,7,UMi,4,10,37.9817651709774,23.7567330061962,SAT-1,Satellite,1122816.27232855,163.094869568147,5.88031762608139,8.56788255131571,28.1273701260449,188.391482363219,2.74851285067932,8,-5.71090904250633,3154.18181745203,160.047369468082,5.88031762608139,28.1273701260449,1122816.27232855,163.094869568147
130,8,UMi,4,10,38.0316275282095,23.7792299988008,SAT-1,Satellite,1120257.70669642,159.525955837157,9.44923135707145,12.3528588770114,28.223581482546,188.391482363219,1.90635508183671,8,-1.03500099401543,4874.21744875158,155.371461419591,9.44923135707145,28.223581482546,1120257.70669642,159.525955837157
130,9,UMi,4,10,37.9172877540955,23.7728575924203,SAT-1,Satellite,1128433.52261378,164.545682422274,4.42950477195458,7.18392593863095,27.9179016820599,188.391482363219,3.27800362873591,8,-1.63617024480385,4657.51542988597,155.97263067038,4.42950477195458,27.9179016820599,1128433.52261378,164.545682422274
130,10,UMi,4,10,37.9307582990732,23.7226871325974,SAT-1,Satellite,1124906.61457354,167.863074100638,1.11211309359015,4.48691686091301,28.0490764763377,188.391482363219,5.24835561374999,8,0.617211509407838,2847.06836502101,153.719248916168,1.11211309359015,28.0490764763377,1124906.61457354,167.863074100638
131,1,UMi,3,4,37.9359534569082,23.7094083444937,SAT-1,Satellite,1017178.64485203,162.892653792088,6.08253340214054,17.5380794064311,32.5429868069756,188.391482363219,2.68546341360127,4,-10.6578649976001,2431.48076424183,164.994325423176,6.08253340214054,32.5429868069756,1017178.64485203,162.892653792088
131,2,UMi,3,4,37.9530181774088,23.6601321864434,SAT-1,Satellite,1013297.89664425,163.62686455457,5.34832263965791,16.0958919086154,32.7245907345283,188.391482363219,2.92608019848811,4,1.01643953601265,3169.86233164145,153.320020889563,5.34832263965791,32.7245907345283,1013297.89664425,163.62686455457
131,3,UMi,3,4,37.9391383456554,23.7492779843127,SAT-1,Satellite,1020027.68504291,159.466355033202,9.50883216102616,24.8391644204942,32.4106860670068,188.391482363219,1.89611332303696,4,0.812652227040672,4855.9007072783,153.523808198535,9.50883216102616,32.4106860670068,1020027.68504291,159.466355033202
131,4,UMi,3,4,37.9125729842281,23.6817005991277,SAT-1,Satellite,1015575.70417567,158.387120712872,10.5880664813561,27.285580391732,32.6177805539916,188.391482363219,1.72610843949928,4,-1.25603059339471,4451.61200802858,155.592491018971,10.5880664813561,32.6177805539916,1015575.70417567,158.387120712872
132,1,UMa,3,9,37.9755739525792,23.7954676562485,SAT-1,Satellite,1042813.78896293,165.926463700798,3.04872349342983,6.82921878989638,31.3673989181531,188.391482363219,3.94087079899216,7,-18.6489823287941,4889.5018889888,177.98544275437,3.04872349342983,31.3673989181531,1042813.78896293,165.926463700798
132,2,UMa,3,9,37.9966100477342,23.6673682452386,SAT-1,Satellite,1047992.22413188,158.618215656263,10.3569715379646,15.2898366238203,31.1407185324798,188.391482363219,1.76019336054271,7,-10.5949199008544,4514.56643446577,169.93138032643,10.3569715379646,31.1407185324798,1047992.22413188,158.618215656263
132,3,UMa,3,9,37.9786645100164,23.7122752563976,SAT-1,Satellite,1045221.55850213,161.121459963553,7.8537272306755,12.1197489864238,31.2617139896667,188.391482363219,2.22059623010167,7,5.54103081464515,3766.15685358106,153.795429610931,7.8537272306755,31.2617139896667,1045221.55850213,161.121459963553
132,4,UMa,3,9,38.0233442006943,23.6975051821441,BS3,Terrestrial,1752.324666624,142.533911309931,16.8025491156453,101.984292,NaN,503.334270320412,4.93540976212702,1,16.8025491156453,1752.324666624,142.533911309931,0.348590046433344,31.071324285456,1049587.24258468,168.626597147795
132,5,UMa,3,9,37.9724168772886,23.7241575950868,BS2,Terrestrial,2524.58522246723,160.49197554895,-1.1555151233745,15.0699242794233,NaN,503.334270320412,33.3999203305669,1,-1.1555151233745,2524.58522246723,160.49197554895,-1.76679539963305,31.2996067266511,1044357.28958185,170.741982593861
132,6,UMa,3,9,37.9534299400629,23.7961374819882,SAT-1,Satellite,1040822.32007115,162.727120726422,6.2480664678065,10.2115354255069,31.4553036835114,188.391482363219,2.63555555433969,7,-7.30703369301483,4501.38609590068,166.643494118591,6.2480664678065,31.4553036835114,1040822.32007115,162.727120726422
132,7,UMa,3,9,37.9691061227088,23.7571308042234,SAT-1,Satellite,1043213.20010559,161.358941218757,7.61624597547143,11.8303994960527,31.3498568913108,188.391482363219,2.27490786917306,7,4.00122187051971,1722.95470594164,155.335238555056,7.61624597547143,31.3498568913108,1043213.20010559,161.358941218757
132,8,UMa,3,9,37.9918780615433,23.7241237128386,SAT-1,Satellite,1046091.71481948,158.516730779716,10.4584564145119,15.4222627620244,31.2236070387478,188.391482363219,1.74507913166294,7,9.52855010218974,2636.54225165476,149.807910323386,10.4584564145119,31.2236070387478,1046091.71481948,158.516730779716
132,9,UMa,3,9,37.9481419029848,23.7036210006915,SAT-1,Satellite,1042732.30854147,159.196578842957,9.77860835127146,14.5402709171676,31.3710920709826,188.391482363219,1.85093311275618,7,-8.71661161290524,2680.70756263952,168.053072038481,9.77860835127146,31.3710920709826,1042732.30854147,159.196578842957
133,1,UMi,3,9,37.9617169202538,23.7133430639582,SAT-1,Satellite,1129205.89506792,166.468536130169,2.50665106405893,8.85363761886546,27.8806320867685,188.391482363219,4.25568541368333,5,-6.18514857066009,4108.99549791036,160.521608996236,2.50665106405893,27.8806320867685,1129205.89506792,166.468536130169
133,2,UMi,3,9,37.9964759504862,23.7718883546721,BS1,Terrestrial,3731.37951874501,151.387642523635,2.94881790194043,9.61683792763036,NaN,248.05866228095,8.59806740870085,3,2.94881790194043,3731.37951874501,151.387642523635,-9.27113196386466,27.7069341210181,1133918.23502521,178.246319158093
133,3,UMi,3,9,37.9761380645577,23.7746282551622,SAT-1,Satellite,1132101.89970066,165.978608577553,2.99657861667512,9.49155208660964,27.7737315085364,188.391482363219,3.96966651279288,5,-0.480731552373754,3549.22867165901,154.81719197795,2.99657861667512,27.7737315085364,1132101.89970066,165.978608577553
133,4,UMi,3,9,38.0543974783165,23.7539800472853,BS3,Terrestrial,3417.21376825226,146.759485779956,7.57697464561943,50.4773979686859,NaN,248.05866228095,4.91425216558975,1,7.57697464561943,3417.21376825226,146.759485779956,-1.62959438188864,27.5268164108958,1138846.33051364,170.604781576117
133,5,UMi,3,9,38.0108996566642,23.7130900502937,BS1,Terrestrial,3877.37254834883,153.526295018049,0.810165407526938,6.98189305957954,NaN,248.05866228095,11.8429514824589,3,0.810165407526938,3877.37254834883,153.526295018049,-6.39385424295457,27.7123587235247,1133768.77503522,175.369041437183
133,6,UMi,3,9,37.9851304386764,23.6919567674885,BS1,Terrestrial,3782.24097403612,136.33007152093,18.0063889046455,33.994764,NaN,248.05866228095,2.43232224704713,3,18.0063889046455,3782.24097403612,136.33007152093,-14.6410589938488,27.8200488837677,1130843.58020692,183.616246188077
133,7,UMi,3,9,38.0139332560337,23.7650505836466,SAT-1,Satellite,1135364.58394967,156.349962686598,12.62522450763,25.6245223011051,27.653899174505,188.391482363219,1.47039995633475,5,-2.7627841126893,4584.74018284146,157.099244538265,12.62522450763,27.653899174505,1135364.58394967,156.349962686598
133,8,UMi,3,9,38.0210824078363,23.7171709177833,SAT-1,Satellite,1134818.40964167,167.277812347638,1.69737484658964,7.85580670239656,27.6738555447866,188.391482363219,4.79623517991465,5,-6.88318273876101,2064.80566398102,161.219643164337,1.69737484658964,27.6738555447866,1134818.40964167,167.277812347638
133,9,UMi,3,9,37.9639728429881,23.7351740474777,SAT-1,Satellite,1129967.35695001,162.977498648627,5.99768854560068,13.8950551029821,27.8524741927163,188.391482363219,2.71163346912941,5,0.714498701973923,2695.3620864315,153.621961723602,5.99768854560068,27.8524741927163,1129967.35695001,162.977498648627
134,1,UMi,1,4,38.0120664162652,23.7549269267776,SAT-1,Satellite,824053.638148865,160.813539838069,8.16164735615919,21.8719199494422,44.2497093655508,188.391482363219,2.15334870919761,4,-18.2096192337753,2790.86895868387,172.546079659351,8.16164735615919,44.2497093655508,824053.638148865,160.813539838069
134,2,UMi,1,4,37.9972718219789,23.7333602296356,SAT-1,Satellite,825203.967104028,154.388818377763,14.586368816465,36.7111099332227,44.1575884847724,188.391482363219,1.28293235144553,4,6.60438279252435,3307.40888578442,147.732077633052,14.586368816465,44.1575884847724,825203.967104028,154.388818377763
134,3,UMi,1,4,37.9768375768197,23.7957930392149,SAT-1,Satellite,821072.777261901,151.965305006679,17.0098821875495,41.66025,44.490260264721,188.391482363219,1.1305229947205,4,-15.0188115845274,2700.39075166065,169.355272010103,17.0098821875495,44.490260264721,821072.777261901,151.965305006679
134,4,UMi,1,4,38.0075731740058,23.7758839438915,SAT-1,Satellite,822695.968109788,157.18536453224,11.7898226619877,30.0675401610055,44.358941775425,188.391482363219,1.56640251708671,4,4.68665819725962,2036.83554757369,149.649802228316,11.7898226619877,44.358941775425,822695.968109788,157.18536453224
135,1,UMi,4,3,37.9795468052469,23.7144151378272,BS3,Terrestrial,627.267013694098,119.52542062481,34.8110398007658,101.984292,NaN,248.05866228095,2.43232224704713,1,34.8110398007658,627.267013694098,119.52542062481,9.82187653529041,46.7840376261597,794205.395146305,159.153310658938
135,2,UMi,4,3,38.0338993559239,23.6716496264079,SAT-1,Satellite,791709.286520521,155.878192373587,13.0969948206409,66.2963758626783,47.0095202398299,188.391482363219,1.420827910363,2,-24.1012952656101,4377.14189396833,178.437755691186,13.0969948206409,47.0095202398299,791709.286520521,155.878192373587
135,3,UMi,4,3,38.0203494474917,23.7018928863481,SAT-1,Satellite,793500.04255083,161.767824191168,7.20736300306041,39.6819963646587,46.8475239776308,188.391482363219,2.37376517844503,2,-3.45796495573475,1924.42339238666,157.794425381311,7.20736300306041,46.8475239776308,793500.04255083,161.767824191168
136,1,UMa,1,3,37.9822147886133,23.7151536816725,SAT-1,Satellite,1330101.24910704,167.582664740709,1.39252245351958,18.7463181529074,21.5860879776471,188.391482363219,5.02475955082412,2,-7.80950626426988,1394.72848786,167.145966689846,1.39252245351958,21.5860879776471,1330101.24910704,167.582664740709
136,2,UMa,1,3,37.9807542692836,23.6779336011463,BS1,Terrestrial,2157.27046136349,147.990361859724,11.3460985658518,71.0754281674248,NaN,503.334270320412,7.08169170834626,1,11.3460985658518,2157.27046136349,147.990361859724,7.7449500536226,21.640479897224,1328066.55915873,161.230237140606
136,3,UMa,1,3,37.961891274164,23.703333599198,SAT-1,Satellite,1327865.75013844,168.617805362494,0.357381831734585,15.9087101445771,21.64591707362,188.391482363219,5.92101687223952,2,-7.26017714340887,1534.33612131179,166.596637568985,0.357381831734585,21.64591707362,1327865.75013844,168.617805362494
137,1,UMa,4,3,37.9392630667043,23.7830876120243,SAT-1,Satellite,1004375.28313849,161.053185959738,7.92200123448973,85.423468177044,33.1422420633672,188.391482363219,2.20538320889488,1,-5.48292234765418,4122.53239498294,164.81938277323,7.92200123448973,33.1422420633672,1004375.28313849,161.053185959738
137,2,UMa,4,3,38.0135171152335,23.7545688856079,BS1,Terrestrial,308.185176468738,122.245983963262,37.0904764623141,101.984292,NaN,503.334270320412,4.93540976212702,1,37.0904764623141,308.185176468738,122.245983963262,11.6349415565371,33.017269460995,1006984.77678598,157.340245637691
137,3,UMa,4,3,37.9922645696963,23.7362878701689,BS3,Terrestrial,2816.52137301185,160.953226336912,-1.6167659113359,13.8858612328062,NaN,503.334270320412,36.2479692027495,1,-1.6167659113359,2816.52137301185,160.953226336912,-8.76735921963498,33.1264089976126,1004702.67634161,177.742546413863
138,1,UMa,4,10,37.9178880547873,23.7126093054793,SAT-1,Satellite,1040828.09486984,160.840400176105,8.13478701812355,14.5425918400852,31.4675511544049,188.391482363219,2.15907733223473,6,-3.30225098729329,4699.13208860859,162.638711412869,8.13478701812355,31.4675511544049,1040828.09486984,160.840400176105
138,2,UMa,4,10,37.9446890255444,23.694993511599,SAT-1,Satellite,1040865.11664898,161.22951359824,7.74567359598797,13.985781484112,31.4659648904391,188.391482363219,2.2450358193812,6,6.62924913002956,3213.75526304698,152.707211295546,7.74567359598797,31.4659648904391,1040865.11664898,161.22951359824
138,3,UMa,4,10,37.9613755158697,23.7485688303696,BS2,Terrestrial,1259.27280048753,138.402965533741,20.9334948918346,101.984292,NaN,503.334270320412,4.93540976212702,1,20.9334948918346,1259.27280048753,138.402965533741,7.47380257456882,31.6566950703842,1036571.31732206,161.501384619659
138,4,UMa,4,10,37.9804689263578,23.6564200089587,SAT-1,Satellite,1041942.73943675,169.154842789313,-0.179655595084512,4.85234215315071,31.4184495366162,188.391482363219,6.47080923044186,6,-13.4479501063599,3371.01530941018,172.784410531936,-0.179655595084512,31.4184495366162,1041942.73943675,169.154842789313
138,5,UMa,4,10,38.0120369657033,23.7097204856008,SAT-1,Satellite,1037042.38252261,157.18721112433,11.787976069898,20.042150191272,31.6357806914426,188.391482363219,1.5666273375969,6,2.65199108076351,3294.26821832828,156.684469344812,11.787976069898,31.6357806914426,1037042.38252261,157.18721112433
138,6,UMa,4,10,37.9818202373209,23.7168133678425,BS1,Terrestrial,362.128883428892,141.231644721827,18.1048157037489,50.992146,NaN,503.334270320412,4.93540976212702,2,18.1048157037489,362.128883428892,141.231644721827,-14.2591697073611,31.6004992469803,1037833.32305066,183.234356901589
138,7,UMa,4,10,37.9532135590052,23.6953851313066,BS4,Terrestrial,3524.824479691,127.100706305738,32.2357541198374,101.984292,NaN,503.334270320412,4.93540976212702,1,32.2357541198374,3524.824479691,127.100706305738,4.11007526465326,31.4831316798902,1040477.30380545,164.865111929575
138,8,UMa,4,10,37.9706967650023,23.6892793124919,BS1,Terrestrial,2573.04361845603,148.335111721697,11.0013487038789,34.5609505867039,NaN,503.334270320412,7.2818348710879,2,11.0013487038789,2573.04361845603,148.335111721697,-0.0474512334517385,31.4977492314462,1040147.76640911,169.02263842768
138,9,UMa,4,10,37.9369826371015,23.7333795215004,SAT-1,Satellite,1038623.49638992,159.742376186255,9.23281100797311,16.1484898744012,31.5652845938631,188.391482363219,1.94436635487775,6,0.224830725411636,1766.05414014544,159.111629700164,9.23281100797311,31.5652845938631,1038623.49638992,159.742376186255
138,10,UMa,4,10,37.9495153389121,23.6702847524639,SAT-1,Satellite,1042317.27302637,166.308574653792,2.66661254043603,7.54930695187923,31.4018806332496,188.391482363219,4.15913415549407,6,-10.9538441208317,4467.24748655128,170.290304546408,2.66661254043603,31.4018806332496,1042317.27302637,166.308574653792
139,1,UMi,3,7,38.0255736242135,23.7610442447834,SAT-1,Satellite,686446.742374916,158.89840081779,10.076786376438,14.9255963529792,59.4718412887219,188.391482363219,1.8031486496457,7,-1.12659390251798,4496.41381211509,155.463054328094,10.076786376438,59.4718412887219,686446.742374916,158.89840081779
139,2,UMi,3,7,37.9440788236369,23.7497815365896,SAT-1,Satellite,686753.395549443,156.42090339698,12.5542837972476,18.2075060121585,59.423091618162,188.391482363219,1.47813044197593,7,0.494549200707098,4128.8692479193,153.841911224869,12.5542837972476,59.423091618162,686753.395549443,156.42090339698
139,3,UMi,3,7,37.9720861006961,23.7475209695411,SAT-1,Satellite,686906.901714286,162.776077315805,6.19910987842337,10.1552625789165,59.3987188972009,188.391482363219,2.6501598259907,7,3.46321572170825,1808.25903753053,150.873244703868,6.19910987842337,59.3987188972009,686906.901714286,162.776077315805
139,4,UMi,3,7,37.9630597662699,23.7029265572407,SAT-1,Satellite,688891.152116807,156.126651619034,12.8485355751938,18.6050796958126,59.0861995989067,188.391482363219,1.44654413466923,7,12.4793485427666,562.861872868198,141.857111882809,12.8485355751938,59.0861995989067,688891.152116807,156.126651619034
139,5,UMi,3,7,38.0071018566754,23.7511769602561,SAT-1,Satellite,686830.842215728,158.425035466455,10.5501517277732,15.5421346842966,59.4107832953157,188.391482363219,1.73161984860571,7,-1.30569598092973,4294.38643879887,155.642156406506,10.5501517277732,59.4107832953157,686830.842215728,158.425035466455
139,6,UMi,3,7,38.0363905105828,23.715422176405,SAT-1,Satellite,688523.377980335,154.148162825644,14.8270243685843,21.3091809708887,59.143766362331,188.391482363219,1.26297997777569,7,-7.18604295080777,3580.85077360883,161.522503376384,14.8270243685843,59.143766362331,688523.377980335,154.148162825644
139,7,UMi,3,7,37.9370482571317,23.7839846918037,SAT-1,Satellite,685219.233740886,154.328441199285,14.6467459949436,21.0608650708054,59.6681803893998,188.391482363219,1.27787100950275,7,-13.5835425293702,3998.48805510394,167.920002954946,14.6467459949436,59.6681803893998,685219.233740886,154.328441199285
140,1,UMi,2,5,38.0022725805755,23.7728892043745,SAT-1,Satellite,798383.590155977,160.034912880085,8.94027431414349,23.5739703914602,46.4015772011335,188.391482363219,1.99787603906833,4,1.21494726629044,3215.08444747919,153.121513159285,8.94027431414349,46.4015772011335,798383.590155977,160.034912880085
140,2,UMi,2,5,37.9911388852155,23.7573303523319,SAT-1,Satellite,797543.299073613,156.455055456267,12.5201317379611,31.7825410167384,46.4760072740802,188.391482363219,1.4818787008251,4,4.5964479183738,2538.88682243358,149.740012507202,12.5201317379611,46.4760072740802,797543.299073613,156.455055456267
140,3,UMi,2,5,38.0022502676206,23.8004929417106,SAT-1,Satellite,798368.558603985,156.905597938338,12.0695892558898,30.7225541845648,46.4029057411406,188.391482363219,1.53300634797047,4,-15.9504273452933,3881.71499235787,170.286887770869,12.0695892558898,46.4029057411406,798368.558603985,156.905597938338
140,4,UMi,2,5,37.9362113111183,23.7460281167428,BS1,Terrestrial,4873.92405610916,148.081383208985,6.25507721659133,43.780782997037,NaN,248.05866228095,5.66592567103558,1,6.25507721659133,4873.92405610916,148.081383208985,5.45777282104584,46.8494062810661,793369.516161111,163.517414373182
140,5,UMi,2,5,38.003632536792,23.7514984947466,SAT-1,Satellite,798503.873210536,161.127066362834,7.84812083139371,21.197560938894,46.3909440846852,188.391482363219,2.22185329371493,4,-3.44657439284907,2149.24773114831,157.783034818425,7.84812083139371,46.3909440846852,798503.873210536,161.127066362834
141,1,UMa,4,5,37.9591465329008,23.7243373592887,BS3,Terrestrial,1123.8631917524,141.65451170594,17.6819487196363,101.984292,NaN,503.334270320412,4.93540976212702,1,17.6819487196363,1123.8631917524,141.65451170594,10.4726323723807,47.7589186893753,783501.541054565,158.502554821847
141,2,UMa,4,5,37.9663738695774,23.809003919194,SAT-1,Satellite,782530.230299747,161.028089957724,7.94709723650442,28.5463021189734,47.8503193837521,188.391482363219,2.1998352194977,3,-14.1468663315452,3421.44008578225,173.483326757121,7.94709723650442,47.8503193837521,782530.230299747,161.028089957724
141,3,UMa,4,5,38.0292504968798,23.6929352732969,SAT-1,Satellite,778499.311795365,157.752985224302,11.2222019699262,38.3290335387572,48.2337862789512,188.391482363219,1.6383705768172,3,-5.76985411394327,4601.34541520207,165.106314539519,11.2222019699262,48.2337862789512,778499.311795365,157.752985224302
141,4,UMa,4,5,37.9838596223747,23.7105818939317,SAT-1,Satellite,781746.357654548,156.656112134158,12.3190750600706,41.745015571217,47.9244022911002,188.391482363219,1.50430320670518,3,-3.89922748576583,2678.12540469627,163.235687911342,12.3190750600706,47.9244022911002,781746.357654548,156.656112134158
141,5,UMa,4,5,37.9991055808946,23.789597236916,BS1,Terrestrial,2062.30407074267,149.04269991925,10.2937605063255,65.148865432305,NaN,503.334270320412,7.72590999061092,1,10.2937605063255,2062.30407074267,149.04269991925,8.28470481564494,48.0712914385494,780198.884020696,160.690482378583
142,1,UMi,4,3,37.9995514861765,23.8114433615485,SAT-1,Satellite,1163469.08282573,164.661768167412,4.31341902681632,56.624168294489,26.6563949933866,188.391482363219,3.32705076361455,1,-7.69997382512767,4784.25259608231,162.036434250704,4.31341902681632,26.6563949933866,1163469.08282573,164.661768167412
142,2,UMi,4,3,37.9798279813556,23.7700079609826,BS1,Terrestrial,391.820114881058,119.505167118978,34.831293306598,50.992146,NaN,248.05866228095,2.43232224704713,2,34.831293306598,391.820114881058,119.505167118978,5.61725303850494,26.5444717946026,1166696.09933496,163.357934155723
142,3,UMi,4,3,37.9813968476786,23.7474079426082,BS1,Terrestrial,2016.52455669421,145.522469551428,8.81399087414786,28.5135904778155,NaN,248.05866228095,4.34983209978323,2,8.81399087414786,2016.52455669421,145.522469551428,3.00251089416247,26.5211639326148,1167371.05582695,165.972676300066
143,1,UMa,1,5,37.9993372030254,23.6849713875417,None,Outage,3686.11186730934,176.692456135044,-17.3559957094679,0,NaN,0,Inf,0,-17.3559957094679,3686.11186730934,176.692456135044,-Inf,19.6305263930027,1407250.96069984,Inf
143,2,UMa,1,5,38.0364952567772,23.7320472545636,None,Outage,4507.96287871948,181.881751737092,-22.5452913115163,0,NaN,0,Inf,0,-22.5452913115163,4507.96287871948,181.881751737092,-Inf,19.6759446467918,1405370.40863202,Inf
143,3,UMa,1,5,37.9701013942841,23.7591958711676,BS1,Terrestrial,4057.07555826599,166.312624661907,-6.97616423633087,1.61436295166606,NaN,503.334270320412,103.928357581332,3,-6.97616423633087,4057.07555826599,166.312624661907,-Inf,19.5019411338746,1412611.91857849,Inf
143,4,UMa,1,5,38.0316199998827,23.7142009907711,BS1,Terrestrial,4093.45335966377,158.114791414631,1.22166901094528,7.4488845460773,NaN,503.334270320412,22.5239214098383,3,1.22166901094528,4093.45335966377,158.114791414631,-Inf,19.6798362168194,1405208.22825298,Inf
143,5,UMa,1,5,37.9778820858229,23.7744786167779,BS1,Terrestrial,4656.10828258692,140.634784841302,18.7016755842742,33.994764,NaN,503.334270320412,4.93540976212702,3,18.7016755842742,4656.10828258692,140.634784841302,-Inf,19.5068023456028,1412409.62863422,Inf
144,1,UMa,3,4,37.9850142940274,23.7059032853802,SAT-1,Satellite,1031241.90474054,157.938454301802,11.0367328924265,28.3177675074672,31.8847489674354,188.391482363219,1.66319151318638,4,-6.23966883616342,2533.86970654535,165.576129261739,11.0367328924265,31.8847489674354,1031241.90474054,157.938454301802
144,2,UMa,3,4,38.0461139453072,23.73032543731,SAT-1,Satellite,1025540.34523607,160.256633954402,8.71855323982601,23.0855246898312,32.1439354522796,188.391482363219,2.04014728812079,4,-15.7973874273072,3275.5984769927,175.133847852883,8.71855323982601,32.1439354522796,1025540.34523607,160.256633954402
144,3,UMa,3,4,38.0367484152027,23.7598571426716,SAT-1,Satellite,1026483.16343337,155.85523888378,13.1199483104476,33.2027101324971,32.1008528480912,188.391482363219,1.41849476753127,4,3.96805300796029,2540.91597575248,155.368407417616,13.1199483104476,32.1008528480912,1026483.16343337,155.85523888378
144,4,UMa,3,4,37.9755194366377,23.7164849261356,SAT-1,Satellite,1032156.45898444,160.923811414521,8.05137577970669,21.6339819995551,31.8434784052677,188.391482363219,2.17703197644212,4,-5.53064346714294,4132.49859973555,164.867103892719,8.05137577970669,31.8434784052677,1032156.45898444,160.923811414521
145,1,UMa,1,8,37.92170969526,23.7196699757778,SAT-1,Satellite,887103.934643298,160.683191933805,8.2919952604235,11.0771051198861,39.6875877442594,188.391482363219,2.12591060936365,8,-14.518644425674,3462.20827171354,173.85510485125,8.2919952604235,39.6875877442594,887103.934643298,160.683191933805
145,2,UMa,1,8,37.9133281631236,23.7280778909595,SAT-1,Satellite,887079.109920242,157.178614172978,11.7965730212503,15.0416572420768,39.6892302983358,188.391482363219,1.56558116678312,8,-8.59775319665397,4545.9323427246,167.93421362223,11.7965730212503,39.6892302983358,887079.109920242,157.178614172978
145,3,UMa,1,8,37.9809251169977,23.6723348270902,SAT-1,Satellite,887949.798747287,158.655989149438,10.3191980447902,13.3355362509811,39.6322992717438,188.391482363219,1.76587839080486,8,-16.8828570201451,4742.50317412979,176.219317445721,10.3191980447902,39.6322992717438,887949.798747287,158.655989149438
145,4,UMa,1,8,37.9753101272411,23.7189448221488,SAT-1,Satellite,890031.492871056,161.368869224824,7.60631796940419,10.3410590003694,39.497235070123,188.391482363219,2.27722666455739,8,-7.35754961383526,2607.7970356678,166.694010039411,7.60631796940419,39.497235070123,890031.492871056,161.368869224824
145,5,UMa,1,8,37.9724832642226,23.6962760745867,SAT-1,Satellite,888707.202532591,161.341569430442,7.63361776378571,10.3700517303124,39.5830777568525,188.391482363219,2.27085996365546,8,0.548013635585846,2647.76323227731,158.78844678999,7.63361776378571,39.5830777568525,888707.202532591,161.341569430442
145,6,UMa,1,8,37.9609035438161,23.7247303356654,SAT-1,Satellite,889529.946180934,159.581748541416,9.39343865281194,12.290483243992,39.529742391422,188.391482363219,1.91603005576805,8,7.66115433455369,1432.76583733009,151.675306091022,9.39343865281194,39.529742391422,889529.946180934,159.581748541416
145,7,UMa,1,8,37.949093032902,23.6674539400262,SAT-1,Satellite,885926.510143284,159.925844774483,9.04934241974559,11.9076451761027,39.7644842377159,188.391482363219,1.97763159274031,8,6.8448176988384,3975.21924854715,152.491642726737,9.04934241974559,39.7644842377159,885926.510143284,159.925844774483
145,8,UMa,1,8,37.9654835641696,23.7652123131736,SAT-1,Satellite,891879.735410568,160.09367077442,8.88151641980846,11.7221239882671,39.3780299458718,188.391482363219,2.00893074659275,8,-22.1840155913573,4856.21980209314,181.520476016933,8.88151641980846,39.3780299458718,891879.735410568,160.09367077442
146,1,UMi,1,7,37.9758362361857,23.747570717215,SAT-1,Satellite,965544.488062843,174.788141489445,-5.81295429521725,1.67995068162667,35.096048677721,188.391482363219,18.6901798590105,6,-9.60936029219431,3278.23555047517,163.94582071777,-5.81295429521725,35.096048677721,965544.488062843,174.788141489445
146,2,UMi,1,7,38.0133339436199,23.7301928077325,BS1,Terrestrial,3593.69595299577,146.178449449278,8.15801097629742,53.5232206034597,NaN,248.05866228095,4.63459895507327,1,8.15801097629742,3593.69595299577,146.178449449278,5.36726559839934,35.0639168729772,966153.601388003,163.607921595829
146,3,UMi,1,7,38.0213390430879,23.8041298469193,SAT-1,Satellite,971132.205490911,162.128826646982,6.84636054724587,12.7269607450068,34.8037209132106,188.391482363219,2.46709179221665,6,-17.7546626782573,3929.36618423313,172.091123103833,6.84636054724587,34.8037209132106,971132.205490911,162.128826646982
146,4,UMi,1,7,38.0291593678243,23.8096441813377,SAT-1,Satellite,971831.29714634,160.643614592231,8.33157260199667,14.8267597189435,34.7674271463332,188.391482363219,2.11769671789805,6,6.58127536647763,4847.96780097706,147.755185059098,8.33157260199667,34.7674271463332,971831.29714634,160.643614592231
146,5,UMi,1,7,38.0012911406875,23.7388440150722,SAT-1,Satellite,966146.865939283,158.916607729171,10.058579465057,17.3856652031859,35.0642960825316,188.391482363219,1.80600397091024,6,-3.83128620650325,2547.3005217112,158.167746632079,10.058579465057,35.0642960825316,966146.865939283,158.916607729171
146,6,UMi,1,7,38.0127908425091,23.7528998551205,SAT-1,Satellite,967544.013984464,165.518804583449,3.45638261077863,8.42712108844421,34.9909311357417,188.391482363219,3.72589643181055,6,2.34427065932297,1881.53749973849,151.992189766253,3.45638261077863,34.9909311357417,967544.013984464,165.518804583449
146,7,UMi,1,7,37.9617279208233,23.7814240918754,SAT-1,Satellite,967032.332209802,166.090708986123,2.88447820810489,7.78616378914978,35.0178667095981,188.391482363219,4.03261236780358,6,-21.2984289752599,4480.79467308224,175.634889400836,2.88447820810489,35.0178667095981,967032.332209802,166.090708986123
147,1,UMa,1,7,38.0192949505058,23.6651276828128,BS1,Terrestrial,3974.64529183771,161.525482589982,-2.18902216440642,3.12923367543844,NaN,503.334270320412,40.2122630111579,4,-2.18902216440642,3974.64529183771,161.525482589982,-Inf,16.4076750219087,1553478.02001624,Inf
147,2,UMa,1,7,37.9809337538404,23.6495403843828,None,Outage,3000.82769829453,179.729459107121,-20.3929986815446,0,NaN,0,Inf,0,-20.3929986815446,3000.82769829453,179.729459107121,-Inf,16.4485755219605,1551462.45136058,Inf
147,3,UMa,1,7,37.9727879774163,23.6998964332605,None,Outage,2118.31362462658,172.524540438084,-13.1880800125084,0,NaN,0,Inf,0,-13.1880800125084,2118.31362462658,172.524540438084,-Inf,16.5212244596547,1547884.46338046,Inf
147,4,UMa,1,7,37.9991502278907,23.7162138958641,BS1,Terrestrial,3243.55152781686,165.186387433675,-5.84992700809943,1.53052176320752,NaN,503.334270320412,82.2161243342227,4,-5.84992700809943,3243.55152781686,165.186387433675,-Inf,16.4995682791929,1548946.03760914,Inf
147,5,UMa,1,7,37.9471851425581,23.688808277066,BS1,Terrestrial,4382.12802106256,163.223236021292,-3.88677559571596,2.26876902303769,NaN,503.334270320412,55.4633663904766,4,-3.88677559571596,4382.12802106256,163.223236021292,-Inf,16.5478309284889,1546580.92441387,Inf
147,6,UMa,1,7,38.0144837026301,23.7237475915997,None,Outage,4746.99740788945,178.715468782916,-19.3790083573396,0,NaN,0,Inf,0,-19.3790083573396,4746.99740788945,178.715468782916,-Inf,16.4845945847824,1549681.19161195,Inf
147,7,UMa,1,7,37.9964920415419,23.6429855013186,BS1,Terrestrial,3688.79204135912,163.518527606829,-4.18206718125336,2.14127942382729,NaN,503.334270320412,58.7655988190417,4,-4.18206718125336,3688.79204135912,163.518527606829,-Inf,16.4167074406,1553034.64012793,Inf
148,1,UMi,3,5,38.0051754243925,23.761730609572,SAT-1,Satellite,732897.89997571,156.248257359542,12.7269298346866,25.8168510414472,53.103871544177,188.391482363219,1.45944586394962,5,-3.77385344316167,4523.61114880398,158.110313868738,12.7269298346866,53.103871544177,732897.89997571,156.248257359542
148,2,UMi,3,5,37.9724618828727,23.7152577640301,SAT-1,Satellite,729751.307042319,156.953045529465,12.0221416647629,24.489030227007,53.481806638352,188.391482363219,1.5385785440818,5,-2.30874273787879,1907.04073024102,156.645203163455,12.0221416647629,53.481806638352,729751.307042319,156.953045529465
148,3,UMi,3,5,38.0247002650205,23.6902106565461,SAT-1,Satellite,730118.619416537,158.310360927041,10.664826267187,21.9692693222059,53.437267979505,188.391482363219,1.71504549924014,5,1.51499387693889,4643.97061722867,152.821466548637,10.664826267187,53.437267979505,730118.619416537,158.310360927041
148,4,UMi,3,5,38.0282579276748,23.7605161580267,SAT-1,Satellite,733524.597991443,154.314297598845,14.6608895953835,29.5124680533021,53.0293256488763,188.391482363219,1.27669080080302,5,-0.840017429435107,4012.38300079703,155.176477855011,14.6608895953835,53.0293256488763,733524.597991443,154.314297598845
148,5,UMi,3,5,37.9724521460117,23.7461651982856,SAT-1,Satellite,731207.270938674,158.804176597566,10.1710105966618,21.0670028960786,53.3061646447533,188.391482363219,1.78849818640587,5,-0.0669686151965152,2088.25908931196,154.403429040772,10.1710105966618,53.3061646447533,731207.270938674,158.804176597566
149,1,UMi,4,9,37.9942135548826,23.8162693745319,SAT-1,Satellite,616580.602531973,154.703035322315,14.2721518719129,20.546006184031,76.0566036285703,188.391482363219,1.30989296255293,7,-18.0962077355154,4713.53273246682,172.432668161091,14.2721518719129,76.0566036285703,616580.602531973,154.703035322315
149,2,UMi,4,9,38.0272534733238,23.7234838502643,SAT-1,Satellite,617904.646233053,154.186061126686,14.7891260675424,21.2569520409703,75.522735182922,188.391482363219,1.26608315515599,7,7.20826716895974,2970.20783960856,147.128193256616,14.7891260675424,75.522735182922,617904.646233053,154.186061126686
149,3,UMi,4,9,37.9822635501349,23.6883956662493,SAT-1,Satellite,616916.670379267,156.086363444186,12.8888237500426,18.6596198937287,75.9190934393063,188.391482363219,1.44231603121114,7,4.43760445352362,3754.97604221734,149.898855972052,12.8888237500426,75.9190934393063,616916.670379267,156.086363444186
149,4,UMi,4,9,37.9755691918545,23.6753457062587,SAT-1,Satellite,616822.408213308,156.154144396229,12.8210427979986,18.5678756066423,75.9575558340513,188.391482363219,1.44944254685784,7,-15.1725383103347,4734.16223169078,169.508998735911,12.8210427979986,75.9575558340513,616822.408213308,156.154144396229
149,5,UMi,4,9,38.0494715424489,23.7308892668817,SAT-1,Satellite,618466.979373803,154.62523692147,14.3499502727586,20.6528084365275,75.3023459965638,188.391482363219,1.30311908870619,7,NaN,NaN,NaN,14.3499502727586,75.3023459965638,618466.979373803,154.62523692147
149,6,UMi,4,9,37.9915913574343,23.7190111937131,SAT-1,Satellite,616983.821896269,154.360364780202,14.6148224140259,21.016928675841,75.8917442519581,188.391482363219,1.28054242958762,7,1.92450953289085,3544.87566564832,152.411950892685,14.6148224140259,75.8917442519581,616983.821896269,154.360364780202
149,7,UMi,4,9,37.9583360528728,23.727678805844,BS3,Terrestrial,1187.42973396788,130.547260112047,23.7892003135286,50.992146,NaN,248.05866228095,2.43232224704713,2,23.7892003135286,1187.42973396788,130.547260112047,14.1292427972905,76.2650261531409,616078.57329295,154.845944396938
149,8,UMi,4,9,37.9972122111645,23.7046003135572,SAT-1,Satellite,617212.124164153,151.749118496712,17.2260686975165,23.8058571428571,75.7992942452791,188.391482363219,1.1305229947205,7,9.68212950103293,2317.84111270849,144.654330924543,17.2260686975165,75.7992942452791,617212.124164153,151.749118496712
149,9,UMi,4,9,37.9972749295362,23.7218472201343,BS3,Terrestrial,3185.32728577153,135.947615991557,18.3888444340188,50.992146,NaN,248.05866228095,2.43232224704713,2,18.3888444340188,3185.32728577153,135.947615991557,14.525650981665,75.8376805636661,617117.109616577,154.449536212563
150,1,UMi,3,6,38.0148489683154,23.7187369962895,SAT-1,Satellite,680654.406897772,159.845272578297,9.12991461593089,15.9959956848755,60.4128829429551,188.391482363219,1.96290252963481,6,-1.90445457491916,893.557951309636,156.240915000495,9.12991461593089,60.4128829429551,680654.406897772,159.845272578297
150,2,UMi,3,6,37.9909940345617,23.7194731289594,SAT-1,Satellite,679936.071929884,156.042789717083,12.9323974771454,21.8384083945806,60.5328268739449,188.391482363219,1.43776871585851,6,-2.69831504195832,2767.6150730781,157.034775467534,12.9323974771454,60.5328268739449,679936.071929884,156.042789717083
150,3,UMi,3,6,37.9775617139071,23.6825807667071,SAT-1,Satellite,680914.860053124,154.416430567714,14.5587566265141,24.4297567913014,60.3696624454157,188.391482363219,1.28525963897642,6,7.10919361526607,3442.66322665564,147.22726681031,14.5587566265141,60.3696624454157,680914.860053124,154.416430567714
150,4,UMi,3,6,37.9861682166898,23.7427989686926,SAT-1,Satellite,678943.358902536,154.795590685838,14.1795965083897,23.8222079075803,60.6996553574694,188.391482363219,1.31803821525202,6,4.80860948300298,3678.16377161334,149.527850942573,14.1795965083897,60.6996553574694,678943.358902536,154.795590685838
150,5,UMi,3,6,37.9268786527029,23.7006144947075,SAT-1,Satellite,678827.575855461,155.871475683344,13.1037115108845,22.1094272817337,60.7193264839453,188.391482363219,1.42014444760451,6,6.82244021656732,4564.18209194636,147.514020209009,13.1037115108845,60.7193264839453,678827.575855461,155.871475683344
150,6,UMi,3,6,37.9874162142322,23.6308266825777,SAT-1,Satellite,683131.848685417,156.78899176678,12.1861954274482,20.6642004737453,60.0046007125621,188.391482363219,1.51946746905417,6,-7.11659640244446,4891.72875822812,161.45305682802,12.1861954274482,60.0046007125621,683131.848685417,156.78899176678
151,1,UMi,3,6,37.9468188576857,23.7591427258001,SAT-1,Satellite,676755.637836157,155.89218748269,13.0829997115385,44.1532686361763,61.0697767182423,188.391482363219,1.42225395146142,3,-6.82977064615187,3484.30884949284,161.166231071728,13.0829997115385,61.0697767182423,676755.637836157,155.89218748269
151,2,UMi,3,6,37.9748031128308,23.7768520555072,BS3,Terrestrial,3769.37236097508,143.786210685152,10.5502497404242,22.1943514571326,NaN,248.05866228095,3.72555246410429,3,10.5502497404242,3769.37236097508,143.786210685152,9.25773887977849,61.2250606048003,675855.293945867,159.71744831445
151,3,UMi,3,6,37.9713340739079,23.7279950552696,BS3,Terrestrial,544.77757462902,135.716850571681,18.6196098538951,33.994764,NaN,248.05866228095,2.43232224704713,3,18.6196098538951,544.77757462902,135.716850571681,6.27508501947452,61.3808809077557,674957.904623692,162.700102174754
151,4,UMi,3,6,37.9772265369946,23.725767583827,BS3,Terrestrial,996.619130357569,137.742374630537,16.5940857950386,33.9274470307435,NaN,248.05866228095,2.43714832670405,3,16.5940857950386,996.619130357569,137.742374630537,14.8881082602457,61.4362739380608,674640.650953255,154.087078933982
151,5,UMi,3,6,37.9945309750404,23.7362629719139,SAT-1,Satellite,674076.422099993,153.075531980544,15.8996552136841,53.1836840115125,61.5351798333468,188.391482363219,1.18075988820455,3,9.58408499869034,3712.92470942876,144.752375426886,15.8996552136841,61.5351798333468,674076.422099993,153.075531980544
151,6,UMi,3,6,38.0195686986767,23.8197422178532,SAT-1,Satellite,674777.861149607,154.105861006511,14.8693261877174,49.8574899301629,61.4124584140299,188.391482363219,1.25953313886643,3,-0.191275253192003,4093.96867524436,154.527735678768,14.8693261877174,61.4124584140299,674777.861149607,154.105861006511
152,1,UMa,2,4,37.9620127566081,23.6879522800819,SAT-1,Satellite,940427.516809857,163.889091775789,5.08609541843882,20.7915375049405,36.4626163925861,188.391482363219,3.02032308927695,3,-5.47062133272848,3970.22033870794,164.807081758304,5.08609541843882,36.4626163925861,940427.516809857,163.889091775789
152,2,UMa,2,4,37.9345265088985,23.6666408978392,SAT-1,Satellite,943059.081736231,160.979497113007,7.99569008122106,28.6855144876602,36.3152313913291,188.391482363219,2.1891592990167,3,-14.8562622529378,4633.01882045882,174.192722678514,7.99569008122106,36.3152313913291,943059.081736231,160.979497113007
152,3,UMa,2,4,37.9711135547012,23.7025456069725,SAT-1,Satellite,939118.325784528,157.866252325599,11.1089348686294,37.9794952645485,36.5363107446296,188.391482363219,1.65344906114002,3,-0.403601312326117,3763.94474273361,159.740061737902,11.1089348686294,36.5363107446296,939118.325784528,157.866252325599
152,4,UMa,2,4,37.9415361450542,23.7493018622267,BS2,Terrestrial,2051.7736768713,151.086637783919,8.24982264165681,54.0096298033831,NaN,503.334270320412,9.31934309034801,1,8.24982264165681,2051.7736768713,151.086637783919,-0.557709680183336,36.6054796166364,937892.053331653,169.532896874411
153,1,UMa,2,3,38.0200379229733,23.6894140048788,SAT-1,Satellite,750797.747169305,157.016504822863,11.9586823713654,40.6167808758071,51.0672050158365,188.391482363219,1.54608906549618,3,-14.4819709742865,4914.16410513452,173.818431399862,11.9586823713654,51.0672050158365,750797.747169305,157.016504822863
153,2,UMa,2,3,38.0048713948019,23.639443334232,SAT-1,Satellite,753705.976520021,155.020786853757,13.954400340471,46.9245528066243,50.7531282597077,188.391482363219,1.33825805536232,3,-4.87604843027628,4906.84065172648,164.212508855852,13.954400340471,50.7531282597077,753705.976520021,155.020786853757
153,3,UMa,2,3,37.9780605827364,23.8000913118168,SAT-1,Satellite,747254.072866929,158.13041261204,10.8447745821879,37.1668758868926,51.4557993865036,188.391482363219,1.6896001961221,3,2.10535677371934,2863.54990871972,157.231103651857,10.8447745821879,51.4557993865036,747254.072866929,158.13041261204
154,1,UMa,4,8,37.9054783565522,23.7115424619892,SAT-1,Satellite,737889.31319935,155.467600684211,13.5075865100167,22.7503022983444,52.5107487589139,188.391482363219,1.38013904088452,6,-11.919191912491,4845.12565650102,171.255652338067,13.5075865100167,52.5107487589139,737889.31319935,155.467600684211
154,2,UMa,4,8,37.9753523192472,23.7571200588942,SAT-1,Satellite,742529.486056834,159.46046913647,9.51471805775822,16.5682353563947,51.9786804528245,188.391482363219,1.89510709610671,6,4.13184224617322,2824.28271285567,155.204618179403,9.51471805775822,51.9786804528245,742529.486056834,159.46046913647
154,3,UMa,4,8,37.9784101145399,23.7172098586042,BS1,Terrestrial,1185.02853862093,144.602330825786,14.7341295997902,90.7401992047501,NaN,503.334270320412,5.54698220558969,1,14.7341295997902,1185.02853862093,144.602330825786,12.1839433564206,51.9448831985245,742828.018322633,156.791243837808
154,4,UMa,4,8,37.9939229242042,23.7000608542295,SAT-1,Satellite,743933.9558345,159.632157229714,9.34302996451436,16.3122638337112,51.8201026744012,188.391482363219,1.92484505608479,6,2.84108562273062,3472.12354882123,156.495374802845,9.34302996451436,51.8201026744012,743933.9558345,159.632157229714
154,5,UMa,4,8,37.9331253623506,23.7327197085131,BS4,Terrestrial,2297.58471966988,142.862103571632,16.4743568539437,101.067974727279,NaN,503.334270320412,4.9801558968467,1,16.4743568539437,2297.58471966988,142.862103571632,8.53981067145727,52.3007197617727,739707.831177017,160.435376522771
154,6,UMa,4,8,37.9365896338177,23.6608051169605,SAT-1,Satellite,740139.697536992,158.872461341365,10.1027258528634,17.452436472413,52.2511421751272,188.391482363219,1.79909438109122,6,-6.13636678867616,3351.39326411366,165.472827214252,10.1027258528634,52.2511421751272,740139.697536992,158.872461341365
154,7,UMa,4,8,37.9610477142253,23.7640281114417,SAT-1,Satellite,741539.787320979,157.808260845786,11.1669263484425,19.0791870174882,52.0911085159426,188.391482363219,1.64569802503059,6,7.70566478024341,3744.56761270641,151.630795645332,11.1669263484425,52.0911085159426,741539.787320979,157.808260845786
154,8,UMa,4,8,37.9816450911318,23.7724524641567,SAT-1,Satellite,742930.302006278,160.013790143477,8.96139705075112,15.7471017902594,51.9333061039604,188.391482363219,1.99392756915382,6,-7.90162941390443,4305.56991121021,167.23808983948,8.96139705075112,51.9333061039604,742930.302006278,160.013790143477
155,1,UMa,1,10,37.9631565425989,23.7209979654089,SAT-1,Satellite,631997.813524226,158.676242421436,10.298944772792,11.8332940311402,70.8155708462374,188.391482363219,1.76893998189865,9,2.51474269814091,2898.08351160463,156.821717727435,10.298944772792,70.8155708462374,631997.813524226,158.676242421436
155,2,UMa,1,10,37.9369674601251,23.7794941373223,SAT-1,Satellite,632484.037900834,153.278873892664,15.6963133015636,17.5085059572901,70.6760883051184,188.391482363219,1.19555529068606,9,6.70187754702428,3308.89334866895,152.634582878552,15.6963133015636,70.6760883051184,632484.037900834,153.278873892664
155,3,UMa,1,10,37.9598256664476,23.6990404650142,BS1,Terrestrial,4783.34582708242,130.498149367185,28.8383110583909,101.984292,NaN,503.334270320412,4.93540976212702,1,28.8383110583909,4783.34582708242,130.498149367185,11.3608380329925,70.731297550454,632291.26830718,157.614349161236
155,4,UMa,1,10,37.9260654978658,23.7882917667475,SAT-1,Satellite,632811.202109015,156.430872029699,12.5443151645289,14.1509366053718,70.5829179661383,188.391482363219,1.47922271952659,9,-0.122402193417997,4725.90638498858,159.458862618994,12.5443151645289,70.5829179661383,632811.202109015,156.430872029699
155,5,UMa,1,10,37.9740513964854,23.8015440422209,SAT-1,Satellite,631022.520680671,156.856711265972,12.1184759282559,13.7054531716388,71.098793564452,188.391482363219,1.52730352415947,9,-8.61710235402083,4566.22649061084,167.953562779597,12.1184759282559,71.098793564452,631022.520680671,156.856711265972
155,6,UMa,1,10,37.9858501377604,23.7261240341566,SAT-1,Satellite,631166.2766409,154.748920845358,14.2262663488699,15.9312583326589,71.0567922854022,188.391482363219,1.31391924555861,9,-17.0810498377222,3871.31377371572,176.417510263298,14.2262663488699,71.0567922854022,631166.2766409,154.748920845358
155,7,UMa,1,10,37.9730732329969,23.7213881296245,SAT-1,Satellite,631647.766693533,156.564715238311,12.4104719559175,14.0106605195085,70.9166864581458,188.391482363219,1.49403284021479,9,-10.0851861699107,3249.00113953453,169.421646595487,12.4104719559175,70.9166864581458,631647.766693533,156.564715238311
155,8,UMa,1,10,37.9736073715685,23.7523127270777,SAT-1,Satellite,631391.190885763,155.790163607406,13.1850235868219,14.82549256016,70.9911716072719,188.391482363219,1.41191848057024,9,9.85844418225619,1681.38825022962,149.47801624332,13.1850235868219,70.9911716072719,631391.190885763,155.790163607406
155,9,UMa,1,10,37.9768581799911,23.8047284196782,SAT-1,Satellite,630902.884971759,154.176430689532,14.7987565046958,16.5435065359937,71.1338812848154,188.391482363219,1.26529323657617,9,-17.9541922221439,4946.4010176387,177.29065264772,14.7987565046958,71.1338812848154,630902.884971759,154.176430689532
155,10,UMa,1,10,37.9370034232825,23.7120829849385,SAT-1,Satellite,632992.821515255,155.873769279331,13.1014179148973,14.7371969829828,70.5314890399366,188.391482363219,1.42037776609876,9,-0.742268621718665,4347.71272454632,160.078729047295,13.1014179148973,70.5314890399366,632992.821515255,155.873769279331
156,1,UMi,2,6,37.9959396058265,23.6707105332508,SAT-1,Satellite,652450.55702848,155.094143568538,13.8810436256899,46.6903685336089,65.7411919625552,188.391482363219,1.34497033885129,3,10.5805241188003,3726.21941021411,143.755936306776,13.8810436256899,65.7411919625552,652450.55702848,155.094143568538
156,2,UMi,2,6,37.9658884624742,23.7111173614709,BS2,Terrestrial,1178.75926902306,126.137288860611,28.1991715649646,33.994764,NaN,248.05866228095,2.43232224704713,3,28.1991715649646,1178.75926902306,126.137288860611,10.1821480979384,65.8359757056053,652014.740391796,158.79303909629
156,3,UMi,2,6,37.9814789135641,23.6784089074823,SAT-1,Satellite,652021.264591604,156.077040519902,12.8981466743264,43.5685701615832,65.8344990833788,188.391482363219,1.44134086922851,3,10.0552961219389,2329.68391779222,144.281164303637,12.8981466743264,65.8344990833788,652021.264591604,156.077040519902
156,4,UMi,2,6,37.9928698561793,23.6943773347362,BS2,Terrestrial,2178.28810568121,141.602991078593,12.7334693469825,26.3458098864754,NaN,248.05866228095,3.13849606888584,3,12.7334693469825,2178.28810568121,141.602991078593,8.99486336142473,65.6740918424351,652760.793474216,159.980323832803
156,5,UMi,2,6,38.021625849456,23.7350833965365,SAT-1,Satellite,654657.895157651,154.320966318708,14.6542208755205,49.1660266826322,65.2686164499211,188.391482363219,1.27724701434787,3,-6.64504952755951,3599.58328933004,160.981509953135,14.6542208755205,65.2686164499211,654657.895157651,154.320966318708
156,6,UMi,2,6,37.9588597050542,23.7038509264896,BS2,Terrestrial,1748.65597178767,134.825691184652,19.5107692409234,33.994764,NaN,248.05866228095,2.43232224704713,3,19.5107692409234,1748.65597178767,134.825691184652,14.3067953925106,65.9250248213456,651606.905028853,154.668391801718
157,1,UMa,2,6,37.9818196235798,23.7020436866062,SAT-1,Satellite,739084.755045596,159.080533084789,9.89465410943896,20.565918951019,52.373546354072,188.391482363219,1.83207453857912,5,-10.4404143321601,1898.59304772356,169.776874757736,9.89465410943896,52.373546354072,739084.755045596,159.080533084789
157,2,UMa,2,6,38.0031317957441,23.7267586231135,SAT-1,Satellite,737939.697495361,155.00991924085,13.9652679533778,28.1755558145717,52.5060083466334,188.391482363219,1.33726896891089,5,10.991471797497,1469.16649754178,148.344988628079,13.9652679533778,52.5060083466334,737939.697495361,155.00991924085
157,3,UMa,2,6,37.9775216925198,23.6790480287594,BS1,Terrestrial,3921.01970105258,129.995405895631,29.3410545299448,101.984292,NaN,503.334270320412,4.93540976212702,1,29.3410545299448,3921.01970105258,129.995405895631,13.4908651460699,52.3685728016051,739127.756382857,155.484322048158
157,4,UMa,2,6,37.9835548445775,23.7481656993881,SAT-1,Satellite,739473.23022221,157.169745965624,11.8054412286042,24.0832321054882,52.328820683949,188.391482363219,1.56450331531943,5,-7.21864351774312,2576.19750750761,166.555103943319,11.8054412286042,52.328820683949,739473.23022221,157.169745965624
157,5,UMa,2,6,37.9751143729142,23.7494592768982,SAT-1,Satellite,740048.131575789,155.171963766959,13.8032234272687,27.8652629903279,52.262750028411,188.391482363219,1.35216008855621,5,0.0100320404586398,3100.41514924905,159.326428385117,13.8032234272687,52.262750028411,740048.131575789,155.171963766959
157,6,UMa,2,6,37.9666784959192,23.7735886375498,SAT-1,Satellite,740881.675953273,159.413030534728,9.5621566595004,19.9669718941304,52.1673145529115,188.391482363219,1.88703107674128,5,-17.2171375315858,4023.9890271408,176.553597957162,9.5621566595004,52.1673145529115,740881.675953273,159.413030534728
158,1,UMi,1,10,38.0065590299158,23.7757923844101,SAT-1,Satellite,751464.005465502,157.05735761826,11.9178295759685,15.1834626614774,50.9919633690815,188.391482363219,1.55095947613777,8,-11.8446116672015,1749.62620447032,166.181072092777,11.9178295759685,50.9919633690815,751464.005465502,157.05735761826
158,2,UMi,1,10,38.0084680628806,23.7159199959629,SAT-1,Satellite,753318.549832985,159.334843062657,9.64034413157137,12.5671353753897,50.7918634866988,188.391482363219,1.87385069007201,8,3.95944645546695,3736.31801959704,150.377013970109,9.64034413157137,50.7918634866988,753318.549832985,159.334843062657
158,3,UMi,1,10,37.9878492465356,23.7609730587714,BS1,Terrestrial,1460.34263998224,138.142230696612,16.1942297289639,49.6991510548017,NaN,248.05866228095,2.49560261107301,2,16.1942297289639,1460.34263998224,138.142230696612,13.1582896653422,50.8254076118388,753005.872546098,155.816897528886
158,4,UMi,1,10,38.0046811916827,23.7836663629279,SAT-1,Satellite,751314.620579015,155.353996780679,13.6211904135493,17.1982797447027,51.0081535266733,188.391482363219,1.36926109151444,8,8.33083456443012,2357.22372214966,146.005625861146,13.6211904135493,51.0081535266733,751314.620579015,155.353996780679
158,5,UMi,1,10,38.0447726512052,23.7539746203159,SAT-1,Satellite,750027.019716234,155.360787651142,13.614399543086,17.1901726417764,51.1483777516919,188.391482363219,1.36990685237055,8,-23.9551701124225,4902.67725446232,178.291630537998,13.614399543086,51.1483777516919,750027.019716234,155.360787651142
158,6,UMi,1,10,38.0053234018065,23.7813324516335,SAT-1,Satellite,751353.987301533,159.445206623184,9.52998057104446,12.4432801698633,51.0038863732439,188.391482363219,1.89250221597004,8,0.861478707953864,2172.0385774679,153.474981717622,9.52998057104446,51.0038863732439,751353.987301533,159.445206623184
158,7,UMi,1,10,38.0252413322422,23.7486353344621,BS1,Terrestrial,2830.41003199851,143.832324435659,10.5041359899169,33.1623435994965,NaN,248.05866228095,3.74006531740894,2,10.5041359899169,2830.41003199851,143.832324435659,9.19149779730816,51.0100925998078,751297.38069628,159.78368939692
158,8,UMi,1,10,38.0157486557217,23.801934780912,SAT-1,Satellite,750098.408195976,152.647252876378,16.3279343178496,20.4646509001786,51.1404903133666,188.391482363219,1.15071277835464,8,-25.9736490839557,4261.13576693331,180.310109509532,16.3279343178496,51.1404903133666,750098.408195976,152.647252876378
158,9,UMi,1,10,38.0219270496842,23.8017209806059,SAT-1,Satellite,749756.824133129,163.678805377043,5.29638181718474,7.99792775997827,51.1778091895873,188.391482363219,2.94437959457967,8,-14.5683766776324,4557.76299098884,168.904837103208,5.29638181718474,51.1778091895873,749756.824133129,163.678805377043
158,10,UMi,1,10,38.0212951473696,23.7717779645218,SAT-1,Satellite,750763.249570447,158.124697390305,10.8504898039234,13.9441568430282,51.0680910955443,188.391482363219,1.688803099427,8,-5.78647375043673,2617.20444906225,160.122934176013,10.8504898039234,51.0680910955443,750763.249570447,158.124697390305
159,1,UMi,2,6,37.9927635951553,23.7892593201499,SAT-1,Satellite,727710.82986849,156.161070405692,12.8141167885366,21.6515891126729,53.7318949651939,188.391482363219,1.45017440662089,6,-0.953409184671671,3874.61535794382,155.289869610248,12.8141167885366,53.7318949651939,727710.82986849,156.161070405692
159,2,UMi,2,6,38.0029236523467,23.7485734174126,SAT-1,Satellite,725552.878060358,159.093699465062,9.88148772916566,17.1184320629621,53.9977730020964,188.391482363219,1.83419721376261,6,-3.68157817236866,2284.66627445523,158.018038597945,9.88148772916566,53.9977730020964,725552.878060358,159.093699465062
159,3,UMi,2,6,38.0095315033486,23.7724846656224,SAT-1,Satellite,726747.629525329,156.860886680583,12.1143005136447,20.5516459008591,53.8501822071338,188.391482363219,1.527789090243,6,5.6767890785475,3164.19741320418,148.659671347028,12.1143005136447,53.8501822071338,726747.629525329,156.860886680583
159,4,UMi,2,6,37.970261418052,23.7574788655731,SAT-1,Satellite,726207.139715975,156.397553422466,12.5776337717624,21.2788384630646,53.9168154800695,188.391482363219,1.47557774116152,6,1.33445254064355,2532.10088157015,153.002007884932,12.5776337717624,53.9168154800695,726207.139715975,156.397553422466
159,5,UMi,2,6,38.0277272228859,23.6740912517635,SAT-1,Satellite,721609.328815126,158.812371862032,10.162815332196,17.5434186039843,54.4920101081898,188.391482363219,1.78976407635503,6,-12.8735825417814,4915.25676076081,167.210042967357,10.162815332196,54.4920101081898,721609.328815126,158.812371862032
159,6,UMi,2,6,38.0178173519678,23.7804959399569,SAT-1,Satellite,727115.784550444,152.764265847535,16.2109213466928,27.0963294629332,53.804901505474,188.391482363219,1.15877615220253,6,-17.7384853201808,4304.17411226487,172.074945745757,16.2109213466928,53.804901505474,727115.784550444,152.764265847535
160,1,UMa,3,7,38.0171689329597,23.6844971461444,BS3,Terrestrial,1683.24203191284,151.07802601125,8.25843441432565,54.0553232068444,NaN,503.334270320412,9.31146537399079,1,8.25843441432565,1683.24203191284,151.07802601125,3.45709083985275,22.6781536035438,1290577.55504043,165.518096354375
160,2,UMa,3,7,38.0206257103615,23.8188816363838,None,Outage,4632.30518592584,174.039148510741,-14.7026880851649,0,NaN,0,Inf,0,-14.7026880851649,4632.30518592584,174.039148510741,-15.8031478301039,22.4277625198764,1299491.61603171,184.778335024332
160,3,UMa,3,7,37.9877332766152,23.6791095160054,BS2,Terrestrial,2000.00625028783,120.264104711332,39.072355714244,50.992146,NaN,503.334270320412,4.93540976212702,2,39.072355714244,2000.00625028783,120.264104711332,4.40586689169021,22.7396632141711,1288408.25842169,164.569320302538
160,4,UMa,3,7,38.0018349016093,23.6501649510728,SAT-1,Satellite,1287413.66008603,158.556391487535,10.4187957066931,53.7966777808909,22.7678617684578,188.391482363219,1.75095833176279,2,-4.24456186785736,4579.12050307592,163.581022293433,10.4187957066931,22.7678617684578,1287413.66008603,158.556391487535
160,5,UMa,3,7,38.0371191807011,23.6672626920559,SAT-1,Satellite,1290705.77482054,162.376743393685,6.59844380054321,37.1622237411675,22.6744782198037,188.391482363219,2.53471756258927,2,-0.359021407849241,4304.99130128971,159.695481833425,6.59844380054321,22.6744782198037,1290705.77482054,162.376743393685
160,6,UMa,3,7,38.0106578079168,23.7080159474921,BS2,Terrestrial,2088.03174500347,139.938299547307,19.3981608782692,50.992146,NaN,503.334270320412,4.93540976212702,2,19.3981608782692,2088.03174500347,139.938299547307,-13.2962780840685,22.6466628234662,1291692.80608561,182.271465278297
160,7,UMa,3,7,37.9996053806824,23.7588310215693,BS1,Terrestrial,1898.88581111158,140.488187990884,18.8482724346923,101.984292,NaN,503.334270320412,4.93540976212702,1,18.8482724346923,1898.88581111158,140.488187990884,4.2295262308734,22.57322992473,1294300.2724107,164.745660963355
161,1,UMa,4,6,38.0235102395803,23.6843604549197,SAT-1,Satellite,759570.521261134,156.936775624612,12.0384115696159,24.5195466206927,50.1297960148544,188.391482363219,1.53666366901116,5,8.84663510661576,3551.47310284228,150.48982531896,12.0384115696159,50.1297960148544,759570.521261134,156.936775624612
161,2,UMa,4,6,37.9495565774474,23.8170682139329,SAT-1,Satellite,750797.447507036,159.782582577396,9.19260461683237,19.3066284267605,51.0642552515016,188.391482363219,1.95157308877498,5,-13.4438787610175,4780.38712633061,172.780339186593,9.19260461683237,51.0642552515016,750797.447507036,159.782582577396
161,3,UMa,4,6,37.9567060878261,23.7910677057729,SAT-1,Satellite,752110.502911356,159.822536634887,9.15265055934088,19.2355886119236,50.9219136994983,188.391482363219,1.95878053085872,5,2.31434659884405,2579.91615073071,157.022113826732,9.15265055934088,50.9219136994983,752110.502911356,159.822536634887
161,4,UMa,4,6,37.956869179143,23.7609920815967,BS4,Terrestrial,697.733490179409,141.677062642464,17.6593977831115,101.984292,NaN,503.334270320412,4.93540976212702,1,17.6593977831115,697.733490179409,141.677062642464,10.958372362078,50.8038265462502,753206.316757067,158.01681483215
161,5,UMa,4,6,38.0122652645964,23.8003321444799,SAT-1,Satellite,754755.63723926,153.878005566467,15.0971816277611,30.3546706993227,50.637745118617,188.391482363219,1.24126849689344,5,-27.1013942278671,4532.44483510945,186.437854653443,15.0971816277611,50.637745118617,754755.63723926,153.878005566467
161,6,UMa,4,6,37.9578995886688,23.7000083441561,SAT-1,Satellite,755492.642672025,160.677704876493,8.29748231773547,17.7328940692106,50.5594241224117,188.391482363219,2.12476859815365,5,-1.56619229319014,2335.39969832,160.902652718766,8.29748231773547,50.5594241224117,755492.642672025,160.677704876493
162,1,UMa,3,3,38.0159300003305,23.7669609340354,SAT-1,Satellite,843409.339276159,161.376675576784,7.59851161744399,27.5540626725981,42.7427548425083,188.391482363219,2.27905269483871,3,-3.96821359806052,2979.78075000266,163.304674023636,7.59851161744399,42.7427548425083,843409.339276159,161.376675576784
162,2,UMa,3,3,38.0288842940633,23.7556771612851,SAT-1,Satellite,843059.428117342,156.270563365959,12.7046238282688,42.9577496615604,42.7690544518313,188.391482363219,1.46183543790079,3,-0.744479287290943,4119.887138426,160.080939712867,12.7046238282688,42.7690544518313,843059.428117342,156.270563365959
162,3,UMa,3,3,38.0523949319883,23.7114495354739,SAT-1,Satellite,843417.791813985,159.018332409329,9.95685478489878,34.4640794544752,42.7422375519838,188.391482363219,1.82210468933866,3,-4.90691413378676,3253.05083325523,164.243374559363,9.95685478489878,42.7422375519838,843417.791813985,159.018332409329
163,1,UMa,2,3,37.9503552189246,23.7222565615588,BS1,Terrestrial,1232.68559305088,136.144734167925,23.191726257651,50.992146,NaN,503.334270320412,4.93540976212702,2,23.191726257651,1232.68559305088,136.144734167925,12.2291029503343,52.3794422285925,739059.078393265,156.746084243894
163,2,UMa,2,3,37.9626548796554,23.7397557237555,BS1,Terrestrial,974.66009054259,143.012975736656,16.3234846889198,50.0842051428841,NaN,503.334270320412,5.02488028795167,2,16.3234846889198,974.66009054259,143.012975736656,6.22773838040024,52.5232320926328,737816.220228348,162.747448813828
163,3,UMa,2,3,37.9391846913574,23.7693343745685,SAT-1,Satellite,737984.310470147,153.57188825631,15.4032989379182,154.735605661327,52.5036622819579,188.391482363219,1.21750570308656,1,7.40554948036453,3438.18024202593,151.930910945211,15.4032989379182,52.5036622819579,737984.310470147,153.57188825631
164,1,UMa,3,3,37.9468162727596,23.8249323422764,SAT-1,Satellite,1344404.87646369,164.107908311951,4.86727888227716,30.3600051587194,21.2065689055614,188.391482363219,3.10262599394046,2,-16.1688584967492,4931.04081806274,175.505318922325,4.86727888227716,21.2065689055614,1344404.87646369,164.107908311951
164,2,UMa,3,3,37.9867190616324,23.785019408166,SAT-1,Satellite,1345798.85251327,162.123541960393,6.85164523383509,38.2027066514347,21.1700044478406,188.391482363219,2.46568239368641,2,5.40963577826355,3251.82839463957,153.926824647312,6.85164523383509,21.1700044478406,1345798.85251327,162.123541960393
164,3,UMa,3,3,37.9927273012337,23.8010523054953,BS2,Terrestrial,4522.32054422211,156.269577178278,3.0668832472978,29.3304802987055,NaN,503.334270320412,17.160791954117,1,3.0668832472978,4522.32054422211,156.269577178278,1.13972740799312,21.136669314076,1347075.99223661,167.835459786235
165,1,UMi,2,7,37.9467654204879,23.7054158680306,SAT-1,Satellite,1302395.62040046,166.823180595195,2.15200659903277,10.5095577670929,22.3410874477769,188.391482363219,4.48143220053232,4,-14.2837759564374,1595.81985443681,168.620236382013,2.15200659903277,22.3410874477769,1302395.62040046,166.823180595195
165,2,UMi,2,7,37.9893350616301,23.6994778946204,BS2,Terrestrial,2470.93876919961,154.56559975281,-0.22913932723381,8.83522432210432,NaN,248.05866228095,14.0380511709446,2,-0.22913932723381,2470.93876919961,154.56559975281,-5.7056982978298,22.2378838265943,1306115.858287,174.680885492058
165,3,UMi,2,7,37.9820280794464,23.7822626365854,SAT-1,Satellite,1301354.78303781,161.480066243192,7.49512095103594,20.4464918375128,22.3699080288017,188.391482363219,2.30346951276967,4,-0.347775533122189,4851.87871817185,154.684235958698,7.49512095103594,22.3699080288017,1301354.78303781,161.480066243192
165,4,UMi,2,7,37.994586855268,23.7051596682827,SAT-1,Satellite,1306251.01471176,160.414686709074,8.56050048515428,22.7391294042124,22.2341328922149,188.391482363219,2.07122576038816,4,-2.24916461914358,2097.61382648548,156.585625044719,8.56050048515428,22.2341328922149,1306251.01471176,160.414686709074
165,5,UMi,2,7,37.9499178499016,23.7489345005774,BS1,Terrestrial,2295.19379082719,142.605053700016,11.7314067255598,73.2713252274103,NaN,248.05866228095,3.38548076633058,1,11.7314067255598,2295.19379082719,142.605053700016,6.11819540037507,22.3953082114939,1300446.20932032,162.856991793853
165,6,UMi,2,7,38.0017118365731,23.7320116593353,BS2,Terrestrial,1567.64304262644,135.213511159078,19.1229492664984,50.992146,NaN,248.05866228095,2.43232224704713,2,19.1229492664984,1567.64304262644,135.213511159078,-3.6248508081668,22.2557030176464,1305469.74113867,172.600038002395
165,7,UMi,2,7,38.0175153213855,23.7265185856929,SAT-1,Satellite,1307020.8772719,161.051550221364,7.92363697286447,21.3593762536086,22.2128040487595,188.391482363219,2.20502087849348,4,5.40496686510772,3273.4371021365,148.931493560468,7.92363697286447,22.2128040487595,1307020.8772719,161.051550221364
166,1,UMa,1,10,38.0354387631824,23.7269671520192,SAT-1,Satellite,851735.183247448,158.950919377721,10.0242678165068,11.5558739973531,42.1235890293918,188.391482363219,1.81140664341279,9,-21.878169712408,3830.2567399467,181.214630137984,10.0242678165068,42.1235890293918,851735.183247448,158.950919377721
166,2,UMa,1,10,37.9809973652212,23.7569248480862,SAT-1,Satellite,848748.939299396,157.446300548901,11.528886645327,13.0928750829879,42.342654119683,188.391482363219,1.59876167736793,9,-13.269894187494,3213.15194799857,172.60635461307,11.528886645327,42.342654119683,848748.939299396,157.446300548901
166,3,UMa,1,10,38.0124632726384,23.7475162241957,SAT-1,Satellite,850716.396974074,158.314492977063,10.6606942171652,12.2009359003084,42.1980976669067,188.391482363219,1.71563780846659,9,-11.9290716135731,1956.6009515078,171.265532039149,10.6606942171652,42.1980976669067,850716.396974074,158.314492977063
166,4,UMa,1,10,38.0019578236153,23.7497634521754,SAT-1,Satellite,850030.121261407,157.82933336815,11.1458538260779,12.6977848791634,42.2484119241844,188.391482363219,1.64850697412553,9,-3.99001212164478,1691.37759748502,163.326472547221,11.1458538260779,42.2484119241844,850030.121261407,157.82933336815
166,5,UMa,1,10,37.9619879202757,23.7040864987814,SAT-1,Satellite,845732.860299446,154.411469734202,14.5637174600259,16.2918120245348,42.5660003535076,188.391482363219,1.28484093099793,9,-11.3163474011662,4919.27252697817,170.652807826742,14.5637174600259,42.5660003535076,845732.860299446,154.411469734202
166,6,UMa,1,10,37.9744230179242,23.7396950712958,SAT-1,Satellite,847735.905624605,159.888488733739,9.08669846048949,10.6213769001565,42.4174204858178,188.391482363219,1.9707790360907,9,4.18707098154968,3062.75633085447,155.149389444026,9.08669846048949,42.4174204858178,847735.905624605,159.888488733739
166,7,UMa,1,10,38.0130755692676,23.7496298928499,BS1,Terrestrial,2143.13297648419,142.375843147577,16.9606172779991,101.984292,NaN,503.334270320412,4.93540976212702,1,16.9606172779991,2143.13297648419,142.375843147577,4.56728567963347,42.1900237090114,850826.723265337,164.407901514595
166,8,UMa,1,10,38.0441906544334,23.746308642657,SAT-1,Satellite,852970.571410353,159.082964369699,9.89222282452869,11.4230686022043,42.0336447089383,188.391482363219,1.83246618384198,9,-4.49958718787045,4984.87276970223,163.836047613446,9.89222282452869,42.0336447089383,852970.571410353,159.082964369699
166,9,UMa,1,10,38.0125082061706,23.7647084455884,SAT-1,Satellite,851259.241699288,160.63435431512,8.34083287910772,9.89344878641692,42.1584101824626,188.391482363219,2.11578261343864,9,-8.29919813172251,3259.19892617548,167.635658557298,8.34083287910772,42.1584101824626,851259.241699288,160.63435431512
166,10,UMa,1,10,37.9854032402772,23.7360691588209,SAT-1,Satellite,848410.685897874,156.093186908193,12.8820002860351,14.5058517870376,42.3675665067517,188.391482363219,1.44303052564977,9,-0.230951909630903,1803.21867130803,159.567412335207,12.8820002860351,42.3675665067517,848410.685897874,156.093186908193
167,1,UMi,2,9,38.0013728684664,23.7206377917364,BS2,Terrestrial,727.721848951968,124.294486006721,30.0419744188546,101.984292,NaN,248.05866228095,2.43232224704713,1,30.0419744188546,727.721848951968,124.294486006721,13.6318255434021,36.0318984650465,948107.940887221,155.343361650826
167,2,UMi,2,9,37.9921098332463,23.6937893735085,SAT-1,Satellite,949957.354171089,169.341642152888,-0.366454958659745,4.70208372408138,35.9302986865184,188.391482363219,6.67758854081313,6,-12.8366292258712,3270.14314839329,167.173089651447,-0.366454958659745,35.9302986865184,949957.354171089,169.341642152888
167,3,UMi,2,9,37.9554516172656,23.7630984773607,BS1,Terrestrial,4055.82354251988,139.641884597683,14.694575827893,45.2534197843722,NaN,248.05866228095,2.74077255887979,2,14.694575827893,4055.82354251988,139.641884597683,-7.52967054699894,35.9592376527894,949427.351502453,176.504857741227
167,4,UMi,2,9,37.9930987025104,23.7536176689729,SAT-1,Satellite,947212.450202227,156.706623612022,12.2685635822064,20.7932818719313,36.0812273922006,188.391482363219,1.51003485583747,6,-3.23126080149541,2377.51551444091,157.567721227071,12.2685635822064,36.0812273922006,947212.450202227,156.706623612022
167,5,UMi,2,9,37.9756135490612,23.7468166953027,SAT-1,Satellite,948737.915299893,151.59213117861,17.3830560156179,27.7735,35.9971620745232,188.391482363219,1.1305229947205,6,10.4456024581214,2961.38453663891,143.890857967455,17.3830560156179,35.9971620745232,948737.915299893,151.59213117861
167,6,UMi,2,9,37.9665882869461,23.7160341117895,SAT-1,Satellite,950743.129161675,156.860350160353,12.1148370338753,20.5524854489218,35.8872082036513,188.391482363219,1.52772668161733,6,11.4831087016669,1188.9426053971,142.853351723909,12.1148370338753,35.8872082036513,950743.129161675,156.860350160353
167,7,UMi,2,9,38.0178689143763,23.77400497356,SAT-1,Satellite,944576.829084048,166.405103394484,2.57008379974442,7.44568238286997,36.227242063296,188.391482363219,4.21701850539682,6,-26.5208129855924,4716.60329356139,180.857273411168,2.57008379974442,36.227242063296,944576.829084048,166.405103394484
167,8,UMi,2,9,37.9441396282824,23.7645647300215,SAT-1,Satellite,950157.127650578,164.602832761958,4.37235443227036,9.5089240809608,35.9192003775535,188.391482363219,3.302011891833,6,-20.8435149495085,4940.57069360093,175.179975375084,4.37235443227036,35.9192003775535,950157.127650578,164.602832761958
167,9,UMi,2,9,37.9901615343058,23.7407656095307,BS1,Terrestrial,2214.03900719688,145.905922445034,8.43053798054223,27.4854687659636,NaN,248.05866228095,4.51254196159339,2,8.43053798054223,2214.03900719688,145.905922445034,2.97788448349448,36.0383265003261,947990.535594546,165.997302710734
168,1,UMi,2,5,37.9751510495566,23.6694997465096,BS1,Terrestrial,4370.18675036975,158.345107395242,-4.00864696966639,8.86159372275622,NaN,248.05866228095,27.9925564228865,1,-4.00864696966639,4370.18675036975,158.345107395242,-Inf,18.8621792570748,1439877.45878589,Inf
168,2,UMi,2,5,37.9229615961381,23.7098780512411,None,Outage,3202.36267962847,166.66854689385,-12.3320864682746,0,NaN,0,Inf,0,-12.3320864682746,3202.36267962847,166.66854689385,-Inf,18.7868178185023,1443141.6014808,Inf
168,3,UMi,2,5,38.0062928370084,23.7825473573536,None,Outage,4075.21216686936,177.544198983999,-23.2077385584232,0,NaN,0,Inf,0,-23.2077385584232,4075.21216686936,177.544198983999,-Inf,19.0314032712346,1432582.15195732,Inf
168,4,UMi,2,5,37.9597843793389,23.7733971819604,BS2,Terrestrial,1249.39331975712,136.75088443727,17.5855759883061,50.992146,NaN,248.05866228095,2.43232224704713,2,17.5855759883061,1249.39331975712,136.75088443727,-Inf,18.922752903509,1437254.2560396,Inf
168,5,UMi,2,5,37.9888126767715,23.801423495363,BS2,Terrestrial,3365.64010858303,153.946241457997,0.390218967579216,9.78835292584103,NaN,248.05866228095,12.6711135244256,2,0.390218967579216,3365.64010858303,153.946241457997,-Inf,19.0106057440906,1433473.00428171,Inf
169,1,UMa,2,9,38.032167173078,23.6993258094023,SAT-1,Satellite,842684.665399912,159.844481295611,9.13070589861667,13.7118573338182,42.8004633854282,188.391482363219,1.96275881916115,7,-17.2884813240185,4994.97391943568,176.624941749594,9.13070589861667,42.8004633854282,842684.665399912,159.844481295611
169,2,UMa,2,9,38.0292168752104,23.7167433649863,SAT-1,Satellite,841575.253645528,159.263835311774,9.71135188245376,14.4536997564667,42.8840429984626,188.391482363219,1.86201936960743,7,-5.7571110980227,3487.69600919611,165.093571523599,9.71135188245376,42.8840429984626,841575.253645528,159.263835311774
169,3,UMa,2,9,37.9773844730303,23.7852209739612,SAT-1,Satellite,835766.503064361,156.476214521636,12.4989726725921,18.1329286610949,43.3269449447831,188.391482363219,1.48420971659005,7,0.15865961252922,2866.0509615877,159.177800813047,12.4989726725921,43.3269449447831,835766.503064361,156.476214521636
169,4,UMa,2,9,38.0127875172439,23.7734098371691,SAT-1,Satellite,837727.713152887,158.490669189629,10.4845180045996,15.4563116170929,43.1763833818625,188.391482363219,1.74123488033642,7,5.05130824003535,1214.59294134833,154.285152185541,10.4845180045996,43.1763833818625,837727.713152887,158.490669189629
169,5,UMa,2,9,38.0053390380151,23.7492010938711,BS2,Terrestrial,884.013507257975,141.205646117701,18.1308143078749,50.992146,NaN,503.334270320412,4.93540976212702,2,18.1308143078749,884.013507257975,141.205646117701,15.5656179377333,43.0913923971482,838841.368144764,153.409569256495
169,6,UMa,2,9,37.9860625026445,23.7139972503636,SAT-1,Satellite,840166.63041947,159.5570434239,9.41814377032796,14.0778207506361,42.9906940969632,188.391482363219,1.91173544440926,7,-3.66160526906876,4424.04761916208,162.998065694645,9.41814377032796,42.9906940969632,840166.63041947,159.5570434239
169,7,UMa,2,9,37.9837278493413,23.781301439494,BS2,Terrestrial,4221.40867739806,151.325190757954,8.01126966762189,26.3743174555338,NaN,503.334270320412,9.54212883743847,2,8.01126966762189,4221.40867739806,151.325190757954,6.93993904768638,43.292058168749,836219.799362464,162.035248146542
169,8,UMa,2,9,38.0011998323847,23.7064905459803,SAT-1,Satellite,841145.228233013,165.976597838807,2.99858935542147,6.78158663535416,42.9165749008157,188.391482363219,3.96855048178939,7,-0.367183067253023,4121.25568784759,159.703643492829,2.99858935542147,42.9165749008157,841145.228233013,165.976597838807
169,9,UMa,2,9,38.0126471840848,23.8045372684332,SAT-1,Satellite,835947.265468456,157.760692926792,11.2144942674366,16.4165260175759,43.312964984665,188.391482363219,1.63938880127364,7,-9.6452046000388,2522.08433105593,168.981665025615,11.2144942674366,43.312964984665,835947.265468456,157.760692926792
170,1,UMi,2,4,37.9230814394492,23.6977991139308,BS2,Terrestrial,3569.66135768273,159.174638652839,-4.83817822726317,7.51857045414744,NaN,248.05866228095,32.992796143064,1,-4.83817822726317,3569.66135768273,159.174638652839,-7.65427509195408,20.8557760606983,1358055.33758525,176.629462286182
170,2,UMi,2,4,38.0507764482751,23.7419798522154,SAT-1,Satellite,1344883.29410877,164.282225223815,4.69296197041308,29.7082249705426,21.1974955512145,188.391482363219,3.17069570043346,2,-3.18612642603821,2601.917139944,157.522586851614,4.69296197041308,21.1974955512145,1344883.29410877,164.282225223815
170,3,UMi,2,4,38.01891311218,23.7277045498002,BS1,Terrestrial,1150.82259184436,136.815395832806,17.5210645927701,101.984292,NaN,248.05866228095,2.43232224704713,1,17.5210645927701,1150.82259184436,136.815395832806,-4.83326630594371,21.1081339795843,1348304.99024227,173.808453500172
170,4,UMi,2,4,38.0507191411486,23.7629063162508,SAT-1,Satellite,1343991.09824194,169.427774945198,-0.452587750969855,13.9017661031335,21.2208364618005,188.391482363219,6.77581110794097,2,-14.7765419001084,3660.88061050415,169.113002325684,-0.452587750969855,21.2208364618005,1343991.09824194,169.427774945198
171,1,UMa,1,10,37.9680480074918,23.6858182989414,SAT-1,Satellite,636104.097897671,157.971177532606,11.004009661622,12.5520945750009,69.6735221886014,188.391482363219,1.66764095061362,9,-11.8484520530006,3320.30210366229,171.184912478576,11.004009661622,69.6735221886014,636104.097897671,157.971177532606
171,2,UMa,1,10,37.9581380890549,23.679363282702,SAT-1,Satellite,636356.554442899,156.998304876782,11.9768823174464,13.5578754569643,69.6057131250133,188.391482363219,1.54392825009277,9,-5.58314658361485,3909.5805591557,164.919607009191,11.9768823174464,69.6057131250133,636356.554442899,156.998304876782
171,3,UMa,1,10,37.9894441016474,23.6946204674207,SAT-1,Satellite,635495.68129691,155.83592964564,13.1392575485878,14.7771495100914,69.8380408952269,188.391482363219,1.41653753418084,9,-17.1361535263719,3786.99412368376,176.472613951948,13.1392575485878,69.8380408952269,635495.68129691,155.83592964564
171,4,UMa,1,10,37.9896822910197,23.7070299830011,SAT-1,Satellite,635661.866532386,154.536622689423,14.4385645048051,16.1579765525166,69.7929690207553,188.391482363219,1.29548318511368,9,-9.36084720247629,3193.20613652129,168.697307628052,14.4385645048051,69.7929690207553,635661.866532386,154.536622689423
171,5,UMa,1,10,37.9943566579028,23.7187787444535,SAT-1,Satellite,635670.277999342,158.444592563707,10.5305946305206,12.0684282835841,69.7907080392596,188.391482363219,1.73447498194271,9,-5.44499676759654,3399.36725223149,164.781457193172,10.5305946305206,69.7907080392596,635670.277999342,158.444592563707
171,6,UMa,1,10,37.9712668409079,23.7119965402359,BS1,Terrestrial,1280.39738558752,131.624881104469,27.7115793211071,101.984292,NaN,503.334270320412,4.93540976212702,1,27.7115793211071,1280.39738558752,131.624881104469,12.67583686155,69.6047572824069,636360.304076714,156.299350332678
171,7,UMa,1,10,37.9329908845519,23.7197543317677,SAT-1,Satellite,637796.994424098,156.47708737913,12.4980998150986,14.1024739096824,69.2239408657315,188.391482363219,1.4843060205823,9,-14.1076969027902,3448.51559818913,173.444157328366,12.4980998150986,69.2239408657315,637796.994424098,156.47708737913
171,8,UMa,1,10,37.96024267265,23.7719825845888,SAT-1,Satellite,637612.090616628,159.817944543717,9.15724265051099,10.690972184176,69.2725686400828,188.391482363219,1.95794980742997,9,-10.0651723087236,4302.68078964033,169.401632734299,9.15724265051099,69.2725686400828,637612.090616628,159.817944543717
171,9,UMa,1,10,37.9837338716488,23.6926696535281,SAT-1,Satellite,635662.623270166,153.402806693832,15.5723805003966,17.3749242855708,69.7927420607698,188.391482363219,1.20474694365316,9,-11.2112328372469,3470.74029425283,170.547693262823,15.5723805003966,69.7927420607698,635662.623270166,153.402806693832
171,10,UMa,1,10,37.9960862181852,23.6849965998117,SAT-1,Satellite,635136.797620215,155.471699866721,13.5034873275071,15.1625229821279,69.9358100249322,188.391482363219,1.38053455575431,9,-22.1540414258329,4901.68027351535,181.490501851409,13.5034873275071,69.9358100249322,635136.797620215,155.471699866721
172,1,UMi,3,8,37.9428993274861,23.8024957606135,SAT-1,Satellite,1191285.0633597,166.06662322542,2.90856396880838,6.6965145062733,25.7097354871378,188.391482363219,4.01896671526942,7,-3.96022669038115,4123.51609058652,158.296687115957,2.90856396880838,25.7097354871378,1191285.0633597,166.06662322542
172,2,UMi,3,8,37.9849169024589,23.8132527189592,SAT-1,Satellite,1187016.41370863,163.986728580856,4.98845861337171,8.8048341227221,25.8517749152022,188.391482363219,3.0566241832516,7,2.77480333631917,3244.91303918304,151.561657089257,4.98845861337171,25.8517749152022,1187016.41370863,163.986728580856
172,3,UMi,3,8,38.0062804567702,23.7224805432674,BS2,Terrestrial,3103.78812009952,141.062991560216,13.2734688653599,82.1737640123333,NaN,248.05866228095,3.0187087723488,1,13.2734688653599,3103.78812009952,141.062991560216,2.53406566779955,25.8513185267843,1187032.6526914,166.441121526429
172,4,UMi,3,8,38.0144262129404,23.6867672414836,SAT-1,Satellite,1187078.92426674,159.962487900886,9.01269929334222,13.5623654672939,25.8498075896021,188.391482363219,1.98439342856031,7,-12.0218888106414,3910.27943598148,166.358349236217,9.01269929334222,25.8498075896021,1187078.92426674,159.962487900886
172,5,UMi,3,8,38.016150229414,23.6905243763373,SAT-1,Satellite,1186827.18593366,164.454177128624,4.52101006560417,8.30621402644256,25.8582127086263,188.391482363219,3.24011262211091,7,-3.56320239238585,4157.26913814555,157.899662817962,4.52101006560417,25.8582127086263,1186827.18593366,164.454177128624
172,6,UMi,3,8,37.9617723520195,23.6682845993796,SAT-1,Satellite,1192539.94728877,158.369139782072,10.6060474121556,15.6153071359873,25.6683003430316,188.391482363219,1.72350557530866,7,-21.6695530478189,2244.88913095142,176.006013473395,10.6060474121556,25.6683003430316,1192539.94728877,158.369139782072
172,7,UMi,3,8,38.0308653132304,23.7341316702521,SAT-1,Satellite,1184416.26795325,158.666615362726,10.3085718315024,15.226772068834,25.9388863118919,188.391482363219,1.76748353409168,7,4.13714613049871,3248.57715906928,150.199314295077,10.3085718315024,25.9388863118919,1184416.26795325,158.666615362726
172,8,UMi,3,8,38.0200444971533,23.7525784874802,SAT-1,Satellite,1185027.92399204,158.091823323177,10.8833638710514,15.9794383930338,25.9183593063816,188.391482363219,1.68423121307968,7,1.69029934592302,1377.3601013577,152.646161079653,10.8833638710514,25.9183593063816,1185027.92399204,158.091823323177
173,1,UMi,2,7,37.9953467210083,23.7772719783897,SAT-1,Satellite,913105.647069131,158.176709269509,10.7984779247192,15.8677874291672,38.0497100922992,188.391482363219,1.69608201705307,7,-14.7803092399148,2891.06317656526,169.116769665491,10.7984779247192,38.0497100922992,913105.647069131,158.176709269509
173,2,UMi,2,7,37.9432122385285,23.6951307662476,SAT-1,Satellite,919609.082461704,160.577754898446,8.39743229578232,12.7904883137125,37.6595782784805,188.391482363219,2.1041471012626,7,NaN,NaN,NaN,8.39743229578232,37.6595782784805,919609.082461704,160.577754898446
173,3,UMi,2,7,38.0350739650249,23.7659450831344,SAT-1,Satellite,910261.105577275,168.939394345268,0.035792848960341,4.31124562591737,38.2226620848762,188.391482363219,6.24252739097984,7,-2.61296293906463,2025.09647889543,156.94942336464,0.035792848960341,38.2226620848762,910261.105577275,168.939394345268
173,4,UMi,2,7,37.9976451925263,23.7330255471489,SAT-1,Satellite,914176.677761716,157.974611505795,11.0005756884331,16.1338780054851,37.9850133872485,188.391482363219,1.66810911176355,7,-1.66543511840251,3226.44605238075,156.001895543978,11.0005756884331,37.9850133872485,914176.677761716,157.974611505795
173,5,UMi,2,7,37.9861584870091,23.741603462242,SAT-1,Satellite,914848.685948834,157.319707208422,11.6554799858066,17.0022434196853,37.9444700496642,188.391482363219,1.58291281007488,7,1.74575928005405,3828.6713136782,152.590701145522,11.6554799858066,37.9444700496642,914848.685948834,157.319707208422
173,6,UMi,2,7,37.9857940945995,23.8002012973664,SAT-1,Satellite,913224.890401475,161.774439252496,7.2007479417322,11.329801616685,38.0424600854332,188.391482363219,2.37542278493185,7,-9.96594916385541,4989.27572359923,164.302409589431,7.2007479417322,38.0424600854332,913224.890401475,161.774439252496
173,7,UMi,2,7,37.9965666938346,23.6556903727768,SAT-1,Satellite,916490.869453673,161.525957670522,7.44922952370644,11.6282927887583,37.8458603056715,188.391482363219,2.31444713320682,7,-9.48510122857607,3368.97010858332,163.821561654152,7.44922952370644,37.8458603056715,916490.869453673,161.525957670522
174,1,UMi,1,4,37.9320426144208,23.733589803224,SAT-1,Satellite,860746.459113013,158.658814428667,10.316372765561,35.5528427609539,41.47340978732,188.391482363219,1.76630491153598,3,6.83566075923653,3344.63255305584,147.500799666339,10.316372765561,41.47340978732,860746.459113013,158.658814428667
174,2,UMi,1,4,37.9573779683209,23.6511271406839,SAT-1,Satellite,861782.742308074,155.165486937189,13.8097002570392,46.4627607511279,41.4000479866719,188.391482363219,1.3515589640509,3,-14.3230250943618,4670.57644619138,168.659485519938,13.8097002570392,41.4000479866719,861782.742308074,155.165486937189
174,3,UMi,1,4,37.9085563547094,23.7130503409575,SAT-1,Satellite,858568.703066976,163.140869814285,5.83431737994317,22.7263688725681,41.6282583594511,188.391482363219,2.76318496544069,3,-4.83635333594506,4735.45575261512,159.172813761521,5.83431737994317,41.6282583594511,858568.703066976,163.140869814285
174,4,UMi,1,4,37.942468318597,23.6848407798642,BS1,Terrestrial,1874.6661849992,143.526068729436,10.81039169614,68.0446896821719,NaN,248.05866228095,3.64552566026241,1,10.81039169614,1874.6661849992,143.526068729436,9.37927191670479,41.4570167996359,860977.445382621,159.595915277523
175,1,UMa,3,5,37.9964074330923,23.7154235606414,None,Outage,4106.51308421068,175.094296431218,-15.7578360056417,0,NaN,0,Inf,0,-15.7578360056417,4106.51308421068,175.094296431218,-Inf,19.9026587476659,1396213.58421899,Inf
175,2,UMa,3,5,37.9641525074075,23.7202471036977,BS2,Terrestrial,1203.08901674287,142.141063215793,17.1953972097825,50.992146,NaN,503.334270320412,4.93540976212702,2,17.1953972097825,1203.08901674287,142.141063215793,-Inf,19.8327266201518,1399080.87194819,Inf
175,3,UMa,3,5,37.9911088404849,23.6720351280983,None,Outage,4665.48745298649,175.563387117257,-16.2269266916807,0,NaN,0,Inf,0,-16.2269266916807,4665.48745298649,175.563387117257,-Inf,19.9472137914102,1394388.94401363,Inf
175,4,UMa,3,5,37.9235698701513,23.7212904728316,BS2,Terrestrial,4210.13285526643,164.552348602467,-5.21588817689141,3.48382478375421,NaN,503.334270320412,72.2387464300105,2,-5.21588817689141,4210.13285526643,164.552348602467,-Inf,19.7512721861736,1402433.72936199,Inf
175,5,UMa,3,5,37.947519128279,23.6898618401447,BS1,Terrestrial,4380.09971359866,157.812607312549,1.52385311302726,23.4125997919513,NaN,503.334270320412,21.4984356625549,1,1.52385311302726,4380.09971359866,157.812607312549,-Inf,19.8381567402611,1398855.2915285,Inf
176,1,UMa,4,8,37.985505181261,23.6882927160386,BS2,Terrestrial,772.891677244265,125.674409446821,33.6620509787544,101.984292,NaN,503.334270320412,4.93540976212702,1,33.6620509787544,772.891677244265,125.674409446821,7.0485413803458,44.43126043409,821738.464245665,161.926645813882
176,2,UMa,4,8,37.9987421632874,23.7469150408269,SAT-1,Satellite,825109.110735675,159.166888650622,9.80829854360582,17.0082829784771,44.1601305053071,188.391482363219,1.84607584631574,6,6.85990444531632,2494.83443138773,152.47655598026,9.80829854360582,44.1601305053071,825109.110735675,159.166888650622
176,3,UMa,4,8,37.9622254395545,23.6914290501796,SAT-1,Satellite,820589.066101975,155.375716781244,13.5994704129838,22.8964689997353,44.5245303171541,188.391482363219,1.37132849585815,6,-4.21166332716743,2897.52498211388,163.548123752743,13.5994704129838,44.5245303171541,820589.066101975,155.375716781244
176,4,UMa,4,8,37.986616794922,23.7652869738297,SAT-1,Satellite,825269.037350321,160.636687214485,8.33849997974301,14.8367936429672,44.1473848372727,188.391482363219,2.11626454808536,6,-9.05857692779108,3364.62102538872,168.395037353367,8.33849997974301,44.1473848372727,825269.037350321,160.636687214485
176,5,UMa,4,8,38.003831312219,23.6862677918451,BS4,Terrestrial,358.851193366305,103.498665738745,55.8377946868312,101.984292,NaN,503.334270320412,4.93540976212702,1,55.8377946868312,358.851193366305,103.498665738745,12.0181071452859,44.3560887546044,822668.350778202,156.957080048942
176,6,UMa,4,8,38.0293640131422,23.6849586645249,SAT-1,Satellite,824038.7963802,155.430594027751,13.5445931664775,22.8091558700135,44.2457662752875,188.391482363219,1.37657792216452,6,10.1589896740695,2587.34880323712,149.177470751506,13.5445931664775,44.2457662752875,824038.7963802,155.430594027751
176,7,UMa,4,8,38.0215369460815,23.7085526494418,SAT-1,Satellite,824654.041696074,155.545860441077,13.4293267531514,22.6259125154806,44.1964718160449,188.391482363219,1.38772658881214,6,4.87819962718316,1649.67084322198,154.458260798393,13.4293267531514,44.1964718160449,824654.041696074,155.545860441077
176,8,UMa,4,8,37.9767879711913,23.6254093041992,SAT-1,Satellite,818455.659184589,159.823859805784,9.15132738844397,16.0276976438296,44.6985197602894,188.391482363219,1.9590200097116,6,-19.0638079281275,4884.39694465452,178.400268353703,9.15132738844397,44.6985197602894,818455.659184589,159.823859805784
177,1,UMa,3,4,37.9616351321694,23.7293263909926,BS3,Terrestrial,612.397375854308,126.714374703326,32.6220857222503,101.984292,NaN,503.334270320412,4.93540976212702,1,32.6220857222503,612.397375854308,126.714374703326,-4.90010963038071,26.0086017841386,1182650.25663329,173.875296824609
177,2,UMa,3,4,37.9814856146178,23.6855779195031,BS2,Terrestrial,735.241029737172,137.405600855807,21.9308595697691,50.992146,NaN,503.334270320412,4.93540976212702,2,21.9308595697691,735.241029737172,137.405600855807,1.25753845379464,25.946951390099,1184488.18923196,167.717648740433
177,3,UMa,3,4,37.9266957331386,23.7219032097748,SAT-1,Satellite,1185036.01869312,171.312761506409,-2.33757431218049,19.9009143787851,25.9284760096789,188.391482363219,9.46647368947273,1,-14.5353737893941,3363.34961947659,173.87183421497,-2.33757431218049,25.9284760096789,1185036.01869312,171.312761506409
177,4,UMa,3,4,37.9853823538543,23.7004261618632,BS2,Terrestrial,647.915459483949,142.155929621044,17.1805308045315,50.992146,NaN,503.334270320412,4.93540976212702,2,17.1805308045315,647.915459483949,142.155929621044,-2.46853583773279,25.9871346415973,1183290.70771956,171.443723031961
178,1,UMi,2,3,37.9835765028583,23.7703324669776,BS2,Terrestrial,553.102296704994,117.370132098989,36.9663283265871,101.984292,NaN,248.05866228095,2.43232224704713,1,36.9663283265871,553.102296704994,117.370132098989,11.1464717554253,53.5401812109666,729262.745884118,157.828715438803
178,2,UMi,2,3,37.9567126855662,23.8069317334003,SAT-1,Satellite,729889.737493339,157.046309835775,11.9288773584533,60.7855786259775,53.4642364648965,188.391482363219,1.54963962358916,2,-12.3155254602144,4224.05449883548,166.65198588579,11.9288773584533,53.4642364648965,729889.737493339,157.046309835775
178,3,UMi,2,3,38.0198928992221,23.7503803172402,SAT-1,Satellite,729734.389857789,155.462863739309,13.5123234549193,68.2735035366302,53.4828984905708,188.391482363219,1.37968225302912,2,0.784924689150955,3878.20252334782,153.551535736425,13.5123234549193,53.4828984905708,729734.389857789,155.462863739309
179,1,UMa,2,10,37.9820587823051,23.7449672475406,SAT-1,Satellite,650787.244994877,155.995804616073,12.9793825781554,13.1476128791208,66.1070929908708,188.391482363219,1.43289496044103,10,-11.3689710302414,3025.53417586974,170.705431455817,12.9793825781554,66.1070929908708,650787.244994877,155.995804616073
179,2,UMa,2,10,37.9926537974319,23.6699951200443,SAT-1,Satellite,652641.809923781,163.338201883569,5.63698531065958,6.66269194768675,65.7017985116542,188.391482363219,2.82755804774416,10,-6.0288925538365,4147.68247405392,165.365352979412,5.63698531065958,65.7017985116542,652641.809923781,163.338201883569
179,3,UMa,2,10,37.9871421967828,23.8269160533166,SAT-1,Satellite,648378.142177118,156.689200854974,12.2859863392546,12.4923619226307,66.6468847458837,188.391482363219,1.50805334915838,10,-11.4372885946838,4602.42532033279,170.77374902026,12.2859863392546,66.6468847458837,648378.142177118,156.689200854974
179,4,UMa,2,10,38.0171764496287,23.6744968218991,SAT-1,Satellite,651849.852114508,157.045725708012,11.9294614862163,12.1576627705429,65.8738932858472,188.391482363219,1.54956989611257,10,1.32932926176437,2506.25681209527,158.007131163811,11.9294614862163,65.8738932858472,651849.852114508,157.045725708012
179,5,UMa,2,10,37.963870222836,23.807420756749,SAT-1,Satellite,649554.545712149,157.851609432427,11.1235777618009,11.4073938509766,66.3813135448566,188.391482363219,1.6514857365698,10,1.58209142264928,2823.42899750586,157.754369002927,11.1235777618009,66.3813135448566,649554.545712149,157.851609432427
179,6,UMa,2,10,38.0444862294997,23.6743472667272,SAT-1,Satellite,651131.501718631,154.714673621069,14.2605135731594,14.3710244556774,66.0313556239593,188.391482363219,1.31091198782835,10,-6.67952324546806,3740.77838129547,166.015983671044,14.2605135731594,66.0313556239593,651131.501718631,154.714673621069
179,7,UMa,2,10,37.9739511884308,23.7301669130382,SAT-1,Satellite,651428.656597924,155.416797037034,13.5583901571938,13.6986620227209,65.96591425184,188.391482363219,1.37525462012821,10,-3.66700357274925,4164.61998839474,163.003463998325,13.5583901571938,65.96591425184,651428.656597924,155.416797037034
179,8,UMa,2,10,37.944801075632,23.7814422910973,SAT-1,Satellite,650805.806912546,159.538246929816,9.43694026441182,9.87128841589823,66.1028969699132,188.391482363219,1.90847916123901,10,-15.9235294096171,3176.68543900715,175.259989835193,9.43694026441182,66.1028969699132,650805.806912546,159.538246929816
179,9,UMa,2,10,37.9632725064155,23.7477648301625,SAT-1,Satellite,651228.103239942,156.93568934616,12.0394978480685,12.2607921609304,66.0099111247677,188.391482363219,1.53653597492286,10,-7.71372958810926,2842.70633766407,167.050190013685,12.0394978480685,66.0099111247677,651228.103239942,156.93568934616
179,10,UMa,2,10,38.0082117170062,23.7585096577886,SAT-1,Satellite,649694.766544252,155.830532700034,13.1446544941938,13.3045642144553,66.3500281431286,188.391482363219,1.41599137954877,10,-4.25286614100867,4225.56949272889,163.589326566585,13.1446544941938,66.3500281431286,649694.766544252,155.830532700034
180,1,UMi,1,3,37.9442554771457,23.6286605828796,SAT-1,Satellite,1130048.40000038,163.542841980016,5.43234521421232,32.5165780418269,27.8593308195679,188.391482363219,2.89685283182144,2,-4.85266624478555,4854.10245181711,159.189126670361,5.43234521421232,27.8593308195679,1130048.40000038,163.542841980016
180,2,UMi,1,3,37.9383741795137,23.7101048326192,SAT-1,Satellite,1126019.85198742,159.804901187475,9.17028600675297,48.1673410064972,28.0087195606598,188.391482363219,1.95559354561223,2,-14.7086887874875,4387.4655617924,169.045149213063,9.17028600675297,28.0087195606598,1126019.85198742,159.804901187475
180,3,UMi,1,3,37.9619837447242,23.6995066702009,BS1,Terrestrial,2160.35993264888,138.151904887662,16.1845555379142,99.3406841762949,NaN,248.05866228095,2.49705006904053,1,16.1845555379142,2160.35993264888,138.151904887662,7.72574598563924,28.0487903705969,1124946.43751955,161.249441208589
181,1,UMi,3,7,38.0055459794511,23.7188906981299,SAT-1,Satellite,976803.925867632,160.437911688495,8.53727550573294,12.9647754989094,34.5109220928785,188.391482363219,2.07586077454987,7,-5.91582337602861,2477.71395858775,160.252283801604,8.53727550573294,34.5109220928785,976803.925867632,160.437911688495
181,2,UMi,3,7,37.9540615966698,23.7216655179314,SAT-1,Satellite,974597.997506993,164.966478917596,4.00870827663221,7.77563950373472,34.6243190102831,188.391482363219,3.46120327416216,7,-3.24832968152171,3509.83665662409,157.584790107098,4.00870827663221,34.6243190102831,974597.997506993,164.966478917596
181,3,UMi,3,7,37.9681999935103,23.7740521908846,SAT-1,Satellite,978527.611390217,161.59906512558,7.37612206864807,11.5401954099778,34.4229029054753,188.391482363219,2.33211552776324,7,6.3163007825261,1254.98434046776,148.02015964305,7.37612206864807,34.4229029054753,978527.611390217,161.59906512558
181,4,UMi,3,7,37.9996769648036,23.6512657551958,SAT-1,Satellite,972327.170784899,164.226711717969,4.74847547625899,8.54716667927045,34.7414866400658,188.391482363219,3.14877080545344,7,-14.6405815200633,4805.93625299558,168.977041945639,4.74847547625899,34.7414866400658,972327.170784899,164.226711717969
181,5,UMi,3,7,37.922686703502,23.6750184099264,SAT-1,Satellite,970246.736977266,158.161636959342,10.813550234886,15.8875999722141,34.8496600214373,188.391482363219,1.69396692742136,7,-6.93383716043473,4781.58352739651,161.270297586011,10.813550234886,34.8496600214373,970246.736977266,158.161636959342
181,6,UMi,3,7,37.9839217324739,23.8120318598066,SAT-1,Satellite,981633.979183634,153.753022331991,15.2221648622376,21.8545807455018,34.2650332636704,188.391482363219,1.2314612310543,7,-2.3428460440737,4472.65407041868,156.67930646965,15.2221648622376,34.2650332636704,981633.979183634,153.753022331991
181,7,UMi,3,7,37.953048855888,23.7598609986648,SAT-1,Satellite,976943.388301371,158.453096860646,10.5220903335818,15.5054284924583,34.50389076067,188.391482363219,1.7357191336003,7,-20.0085183931023,2424.01169256799,174.344978818678,10.5220903335818,34.50389076067,976943.388301371,158.453096860646
182,1,UMa,4,10,37.9737667384918,23.7639689478021,SAT-1,Satellite,1042344.64661495,160.689565285806,8.28562190842206,22.1403820009904,31.4015199830099,188.391482363219,2.12723839131131,4,-3.26861650229029,3247.07216707898,162.605076927866,8.28562190842206,31.4015199830099,1042344.64661495,160.689565285806
182,2,UMa,4,10,37.9540060454767,23.7292230868447,BS1,Terrestrial,578.822379439289,143.260450299357,16.0760101262188,32.8981378074867,NaN,503.334270320412,5.09992666115656,3,16.0760101262188,578.822379439289,143.260450299357,12.1700529767119,31.4774708010272,1040623.58486085,156.805134217516
182,3,UMa,4,10,37.9708680118835,23.6842757560415,BS2,Terrestrial,983.836111322433,148.663874025839,10.6725863997365,33.6347782476706,NaN,503.334270320412,7.48234857703083,2,10.6725863997365,983.836111322433,148.663874025839,5.07778728262247,31.6425988212236,1036905.85232056,163.897399911606
182,4,UMa,4,10,38.024204568609,23.7715587382182,SAT-1,Satellite,1041117.45520392,160.013276800955,8.9619103932734,23.6217875167584,31.4557464821794,188.391482363219,1.99383177743814,4,5.70131157001057,2214.04712810197,153.635148855565,8.9619103932734,31.4557464821794,1041117.45520392,160.013276800955
182,5,UMa,4,10,37.9582625543599,23.7082852688463,BS1,Terrestrial,2437.64002805501,151.850738694756,7.48572173081988,16.6681189822785,NaN,503.334270320412,10.0658082825774,3,7.48572173081988,2437.64002805501,151.850738694756,1.10227578704951,31.5486145725221,1039018.04720663,167.872911407179
182,6,UMa,4,10,37.9544662527098,23.7843359785721,SAT-1,Satellite,1044443.30776814,162.113759938527,6.86142725570096,19.1215579565186,31.3092194977345,188.391482363219,2.46307705145693,4,-11.3646197439519,4274.85640383541,170.701080169528,6.86142725570096,31.3092194977345,1044443.30776814,162.113759938527
182,7,UMa,4,10,37.965717570615,23.7332828529903,BS1,Terrestrial,1216.37916230123,144.434812854003,14.9016475715732,30.5764274903801,NaN,503.334270320412,5.48717112748343,3,14.9016475715732,1216.37916230123,144.434812854003,0.371996165297986,31.483303618931,1040492.1420156,168.60319102893
182,8,UMa,4,10,37.9834115540769,23.6966932512842,SAT-1,Satellite,1037326.67250097,158.745633082994,10.229554111234,26.4668972579274,31.6238628953978,188.391482363219,1.7795010171318,4,1.13172638247408,2751.18379404599,158.204734043102,10.229554111234,31.6238628953978,1037326.67250097,158.745633082994
182,9,UMa,4,10,37.9548117087996,23.6438459221634,BS2,Terrestrial,3081.96196148228,163.164459581403,-3.82799915582694,4.58978358295569,NaN,503.334270320412,54.8320265240348,2,-3.82799915582694,3081.96196148228,163.164459581403,-4.08492008365752,31.742457205654,1034671.22515751,173.060107277886
182,10,UMa,4,10,38.0444705830276,23.7602737431251,BS3,Terrestrial,4281.40030187391,153.348520932714,5.98793949286147,42.4713615547144,NaN,503.334270320412,11.8511451456997,1,5.98793949286147,4281.40030187391,153.348520932714,5.85285489639097,31.5214662249893,1039633.09893753,163.122332297837
183,1,UMi,1,10,38.0235707175362,23.7043973805962,BS1,Terrestrial,914.570651404554,121.826391181565,32.5100692440107,25.496073,NaN,248.05866228095,2.43232224704713,4,32.5100692440107,914.570651404554,121.826391181565,6.40996054391255,26.4637490404456,1169134.15775254,162.565226650316
183,2,UMi,1,10,38.0146674144195,23.7517045981777,SAT-1,Satellite,1167429.03359499,164.564547676111,4.41063951811708,11.4666619191885,26.5224943339759,188.391482363219,3.2858993086377,5,2.66105587548873,4136.37747190849,151.675404550087,4.41063951811708,26.5224943339759,1167429.03359499,164.564547676111
183,3,UMi,1,10,37.9818464837719,23.7224120082501,SAT-1,Satellite,1171409.53369743,165.629531045125,3.34565614910269,9.96107145670604,26.385460232781,188.391482363219,3.78255458124214,5,-3.94205838427729,4032.45826667606,158.278518809853,3.34565614910269,26.385460232781,1171409.53369743,165.629531045125
183,4,UMi,1,10,38.0011068564323,23.7322730941279,SAT-1,Satellite,1169441.67751143,157.230441796645,11.7447453975828,23.9697937511275,26.4530961476987,188.391482363219,1.57190741246455,5,-16.0204788377112,2897.6400056718,170.356939263287,11.7447453975828,26.4530961476987,1169441.67751143,157.230441796645
183,5,UMi,1,10,37.9762862858702,23.7177282563743,SAT-1,Satellite,1172070.39778581,164.436274761898,4.53891243233019,11.6550845138677,26.3628013439341,188.391482363219,3.23277762832286,5,-3.76042982481104,4484.65982933072,158.096890250387,4.53891243233019,26.3628013439341,1172070.39778581,164.436274761898
183,6,UMi,1,10,38.0377584726198,23.7474641357667,SAT-1,Satellite,1165881.88058367,171.299449856189,-2.32426266196072,3.98997199682602,26.5760501387534,188.391482363219,9.44324834926571,5,-4.77263841716052,4511.5563746017,159.109098842736,-2.32426266196072,26.5760501387534,1165881.88058367,171.299449856189
183,7,UMi,1,10,38.0353164087138,23.6810530343965,BS1,Terrestrial,3032.74745781996,149.198306918109,5.13815350746725,9.60399315993105,NaN,248.05866228095,6.45717510805503,4,5.13815350746725,3032.74745781996,149.198306918109,-0.480405033971579,26.4539119636833,1169421.13701886,169.4555922282
183,8,UMi,1,10,37.999534934109,23.7053630521217,BS1,Terrestrial,1754.82130919514,132.112853671989,22.2236067535865,25.496073,NaN,248.05866228095,2.43232224704713,4,22.2236067535865,1754.82130919514,132.112853671989,-7.70584826295564,26.4023933314426,1170917.42967219,176.681035457184
183,9,UMi,1,10,37.9827943211956,23.717473374227,None,Outage,1171585.63598469,177.018516171234,-8.04332897700539,0,26.3794274779702,0,Inf,0,-12.3725036027822,3784.33785804906,166.708964028358,-8.04332897700539,26.3794274779702,1171585.63598469,177.018516171234
183,10,UMi,1,10,38.024901202325,23.7193879334076,BS1,Terrestrial,1676.93326623694,147.385440995459,6.95101943011676,11.8158653919742,NaN,248.05866228095,5.2484234978134,4,6.95101943011676,1676.93326623694,147.385440995459,0.816210961716678,26.4933039388413,1168276.20404115,168.158976232511
184,1,UMi,1,7,38.0068313704611,23.7408031704057,SAT-1,Satellite,828317.680724669,156.560787949178,12.4143992450503,25.2265918624123,43.9002389838384,188.391482363219,1.49359440538555,5,-24.2936538781352,4135.12683070676,178.630114303711,12.4143992450503,43.9002389838384,828317.680724669,156.560787949178
184,2,UMi,1,7,37.9724793619366,23.7841530139509,BS1,Terrestrial,1339.83538288553,135.217773782456,19.1186866431199,50.992146,NaN,248.05866228095,2.43232224704713,2,19.1186866431199,1339.83538288553,135.217773782456,3.30000829563954,44.1663917592496,824971.174825303,165.675178898589
184,3,UMi,1,7,37.9821524688185,23.7994281503479,BS1,Terrestrial,2576.9977950433,148.517217400744,5.81924302483159,20.8263635177196,NaN,248.05866228095,5.95540028075223,2,5.81924302483159,2576.9977950433,148.517217400744,-3.35036760947941,44.1259665739228,825476.667594697,172.325554803708
184,4,UMi,1,7,37.9929297518907,23.7622722381911,SAT-1,Satellite,826897.340071147,159.329280038253,9.64590715597478,20.1174187080134,44.0128098888421,188.391482363219,1.87291903695554,5,8.3429924121138,1813.26204940338,145.993468013462,9.64590715597478,44.0128098888421,826897.340071147,159.329280038253
184,5,UMi,1,7,37.9784534158759,23.7963303905982,SAT-1,Satellite,825239.811335647,159.119944062136,9.85524313209169,20.4946969686401,44.1448959161354,188.391482363219,1.8384412577701,5,-7.14188770579841,2263.44145567766,161.478348131374,9.85524313209169,44.1448959161354,825239.811335647,159.119944062136
184,6,UMi,1,7,37.9876776999788,23.7225732571103,SAT-1,Satellite,827136.967706545,156.395601891898,12.5795853023306,25.5382922936812,43.9938085458847,188.391482363219,1.47536475968545,5,0.355526375720359,4352.5097058423,153.980934049856,12.5795853023306,43.9938085458847,827136.967706545,156.395601891898
184,7,UMi,1,7,37.943312596516,23.7989947752158,SAT-1,Satellite,822492.709361468,161.386535599192,7.5886515950362,16.5156982936835,44.3655925511358,188.391482363219,2.28136260439281,5,-17.9023437099713,4586.80456681324,172.238804135547,7.5886515950362,44.3655925511358,822492.709361468,161.386535599192
185,1,UMi,2,6,37.8992854801933,23.7343310625446,SAT-1,Satellite,1249179.98486411,164.49200207959,4.48318511463822,9.64420483195911,23.8787699888144,188.391482363219,3.25569406093706,6,2.05559324098533,4642.17470962418,152.280867184591,4.48318511463822,23.8787699888144,1249179.98486411,164.49200207959
185,2,UMi,2,6,37.9505179381186,23.7437182670723,SAT-1,Satellite,1243933.26098357,165.743575039806,3.23161215442227,8.17194298559164,24.0376523386268,188.391482363219,3.84224173482734,6,-2.85829231577441,2111.41122402195,157.19475274135,3.23161215442227,24.0376523386268,1243933.26098357,165.743575039806
185,3,UMi,2,6,37.9731291388809,23.6902838135762,SAT-1,Satellite,1242105.86269744,162.936124873183,6.03906232104541,11.634183210991,24.0933198263577,188.391482363219,2.69882120854061,6,-27.14871375284,4676.80908170212,181.485174178416,6.03906232104541,24.0933198263577,1242105.86269744,162.936124873183
185,4,UMi,2,6,37.9241800084913,23.7595226006437,SAT-1,Satellite,1246459.70141499,159.754470110168,9.22071708406025,16.1305463361895,23.9609750860553,188.391482363219,1.94652925818302,6,3.96114661221517,3631.63878410038,150.375313813361,9.22071708406025,23.9609750860553,1246459.70141499,159.754470110168
185,5,UMi,2,6,37.9392886121159,23.6913392337969,SAT-1,Satellite,1245507.35898808,159.98263503603,8.99255215819838,15.7930358038948,23.989864174925,188.391482363219,1.98812823473283,6,2.24512602880881,2830.70525508624,152.091334396767,8.99255215819838,23.989864174925,1245507.35898808,159.98263503603
185,6,UMi,2,6,37.9125582762917,23.7510831050123,SAT-1,Satellite,1247701.73177203,169.647990187273,-0.672802993044598,4.46286782787685,23.9233970292755,188.391482363219,7.03551653440008,6,-8.33066744614035,3911.69081763636,162.667127871716,-0.672802993044598,23.9233970292755,1247701.73177203,169.647990187273
186,1,UMa,3,10,37.9614951211438,23.7220002176324,SAT-1,Satellite,1036430.16481865,157.288695696353,11.686491497875,19.8841772810783,31.6583069502605,188.391482363219,1.57907364986876,6,10.1950277815067,1849.05333181634,149.141432644069,11.686491497875,31.6583069502605,1036430.16481865,157.288695696353
186,2,UMa,3,10,38.0149449629966,23.6882598469942,SAT-1,Satellite,1034456.2622334,161.232966494365,7.74222069986325,13.9808717461586,31.7467506139639,188.391482363219,2.24582422068901,6,0.334794811915572,3129.88884699928,159.00166561366,7.74222069986325,31.7467506139639,1034456.2622334,161.232966494365
186,3,UMa,3,10,37.9566339297722,23.7336178095058,SAT-1,Satellite,1036177.83788147,155.627513856779,13.3476733374491,22.4962324469459,31.6695558573376,188.391482363219,1.39572617183427,6,11.462033646068,1792.08734010534,147.874426779508,13.3476733374491,31.6695558573376,1036177.83788147,155.627513856779
186,4,UMa,3,10,37.9829468390443,23.6725718671269,BS3,Terrestrial,917.725402107451,132.301727792152,27.0347326334239,33.994764,NaN,503.334270320412,4.93540976212702,3,27.0347326334239,917.725402107451,132.301727792152,8.96322244505188,31.6122983474801,1037463.74456412,160.011964749176
186,5,UMa,3,10,38.0038957795911,23.6989290211541,SAT-1,Satellite,1034672.56962829,165.690911450464,3.28427574376411,8.23135551307545,31.7370242865507,188.391482363219,3.8145090858964,6,-0.871307377933562,2261.30727009769,160.207767803509,3.28427574376411,31.7370242865507,1034672.56962829,165.690911450464
186,6,UMa,3,10,37.9658322781123,23.671894877923,BS1,Terrestrial,2596.04553053828,145.204209438947,14.1322509866292,87.1970645693105,NaN,503.334270320412,5.77237631572248,1,14.1322509866292,2596.04553053828,145.204209438947,11.6515770797315,31.5581068443913,1038681.23133087,157.323610114497
186,7,UMa,3,10,38.0155835386784,23.6450245975484,BS3,Terrestrial,4690.12006408365,166.130522700743,-6.79406227516694,1.67731653111586,NaN,503.334270320412,100.027685290377,3,-6.79406227516694,4690.12006408365,166.130522700743,-12.1329287934635,31.6497080410528,1036626.57999156,181.108115987692
186,8,UMa,3,10,38.0075271407704,23.6983125760532,SAT-1,Satellite,1034453.72080933,156.401780406972,12.5734067872559,21.2721852800765,31.7468419739941,188.391482363219,1.47603924939849,6,0.139311999853447,2581.93219461022,159.197148425722,12.5734067872559,31.7468419739941,1034453.72080933,156.401780406972
186,9,UMa,3,10,37.9742914966334,23.6772569177575,BS3,Terrestrial,1326.02818091778,144.621635179791,14.7148252457847,30.2087661867497,NaN,503.334270320412,5.55395374539976,3,14.7148252457847,1326.02818091778,144.621635179791,10.6179588058936,31.5963058287608,1037822.45624208,158.357228388335
186,10,UMa,3,10,38.0091565854771,23.6831303034627,SAT-1,Satellite,1035116.91138,157.324315798543,11.6508713956854,19.8287856207551,31.7171437282636,188.391482363219,1.58348478794407,6,0.444922788579845,2476.53980146519,158.891537636996,11.6508713956854,31.7171437282636,1035116.91138,157.324315798543
187,1,UMi,4,7,37.9658114285205,23.7710057980723,SAT-1,Satellite,1276392.55059817,165.797016613135,3.17817058109353,8.11188954607086,23.0809682881061,188.391482363219,3.87068638145821,6,-4.04392092852115,2701.65161341525,158.380381354097,3.17817058109353,23.0809682881061,1276392.55059817,165.797016613135
187,2,UMi,4,7,38.0154472541268,23.7702862190789,SAT-1,Satellite,1280000.39691327,163.529341636598,5.44584555763052,10.856298497893,22.9769071857432,188.391482363219,2.89219943611201,6,0.347667135407619,4164.12157541813,153.988793290168,5.44584555763052,22.9769071857432,1280000.39691327,163.529341636598
187,3,UMi,4,7,37.9478495912903,23.7351123058999,SAT-1,Satellite,1277177.33260823,163.766536346685,5.20865084754351,10.5516720340673,23.0583685717582,188.391482363219,2.97569714946557,6,0.639045443577629,3539.4478928141,153.697414981998,5.20865084754351,23.0583685717582,1277177.33260823,163.766536346685
187,4,UMi,4,7,38.0155403958146,23.712053223954,SAT-1,Satellite,1283355.26568616,168.292384300451,0.682802893776966,5.58932089559517,22.8807847789232,188.391482363219,5.61760202721843,6,-13.1331830320703,4355.00406930622,167.469643457646,0.682802893776966,22.8807847789232,1283355.26568616,168.292384300451
187,5,UMi,4,7,38.004742591047,23.7238031328597,SAT-1,Satellite,1281903.28842951,164.785356681053,4.18983051317494,9.28814593324486,22.9223581314105,188.391482363219,3.38050033015583,6,-2.70634890951698,4270.43515147987,157.042809335093,4.18983051317494,22.9223581314105,1281903.28842951,164.785356681053
187,6,UMi,4,7,38.0161445440416,23.7562758612539,SAT-1,Satellite,1280854.71414944,164.232571462799,4.74261573142897,9.96440564127381,22.9523814956323,188.391482363219,3.15107408552427,6,3.78955272979871,3452.50312956484,150.546907695777,4.74261573142897,22.9523814956323,1280854.71414944,164.232571462799
187,7,UMi,4,7,37.9987971000773,23.7728519796613,BS3,Terrestrial,1073.03509535838,143.942801178886,10.3936592466902,65.7066213488951,NaN,248.05866228095,3.77524604352711,1,10.3936592466902,1073.03509535838,143.942801178886,2.53117890696694,23.0156416868009,1278654.96415269,166.444008287261
188,1,UMi,2,6,37.9876372671713,23.716853033112,SAT-1,Satellite,1186945.86499272,161.522924685608,7.45226250861967,20.3559169899477,25.8536714739043,188.391482363219,2.31371893558334,4,6.08299125649486,3281.97745923056,148.253469169081,7.45226250861967,25.8536714739043,1186945.86499272,161.522924685608
188,2,UMi,2,6,38.051916758563,23.7104738508044,BS1,Terrestrial,3865.27103307593,155.797990128854,-1.46152970327847,14.2762414968589,NaN,248.05866228095,17.3756280555726,1,-1.46152970327847,3865.27103307593,155.797990128854,-3.67380399366471,26.0592516381812,1180823.72568269,172.648991187893
188,3,UMi,2,6,37.9979783377443,23.6986784712392,SAT-1,Satellite,1186274.96892158,162.977335651727,5.99785154250063,17.3691434150154,25.8761079439577,188.391482363219,2.71158280321925,4,-15.8207198880884,4902.13912713832,170.157180313664,5.99785154250063,25.8761079439577,1186274.96892158,162.977335651727
188,4,UMi,2,6,37.9986129519657,23.780005751617,BS2,Terrestrial,2425.05909163399,159.327724412652,-4.99126398707614,7.2908830201905,NaN,248.05866228095,34.0231302016513,1,-4.99126398707614,2425.05909163399,159.327724412652,-11.7308079792344,25.9276201087873,1184734.77292675,180.705995173462
188,5,UMi,2,6,38.0610504034052,23.7214293591667,SAT-1,Satellite,1179736.75827573,160.268894233012,8.70629296121584,23.0586004705097,26.0959700573174,188.391482363219,2.04252945234206,4,-13.3770156632231,4218.08357583476,167.713476088799,8.70629296121584,26.0959700573174,1179736.75827573,160.268894233012
188,6,UMi,2,6,38.0251274778289,23.6942887890801,SAT-1,Satellite,1183720.59583294,171.220787425528,-2.24560023129942,5.06025746266648,25.9617199157893,188.391482363219,9.30740598443515,4,-9.98643564387785,3995.53763517481,164.322896069454,-2.24560023129942,25.9617199157893,1183720.59583294,171.220787425528
189,1,UMa,2,6,37.9169934130979,23.7108239802568,SAT-1,Satellite,765860.35978379,158.25210088657,10.7230863076579,18.3968922398282,49.4832294521671,188.391482363219,1.7067328538183,6,-3.04169658122686,3292.17210052223,162.378157006803,10.7230863076579,49.4832294521671,765860.35978379,158.25210088657
189,2,UMa,2,6,37.9484590495279,23.7539127334222,SAT-1,Satellite,765842.128931848,157.296122049168,11.6790651450601,19.8726264135186,49.4849811569582,188.391482363219,1.57999147875645,6,-9.42038004659625,4738.69343243731,168.756840472172,11.6790651450601,49.4849811569582,765842.128931848,157.296122049168
189,3,UMa,2,6,38.052416781461,23.7198082688564,SAT-1,Satellite,772743.572135748,157.385049614193,11.5901375800348,19.7344075922902,48.7957874150657,188.391482363219,1.59105766144896,6,-12.9193618176198,3532.45532340665,172.255822243196,11.5901375800348,48.7957874150657,772743.572135748,157.385049614193
189,4,UMa,2,6,38.0171234663025,23.6989018603137,SAT-1,Satellite,771646.714964196,155.719556179157,13.2556310150707,22.3501822573106,48.9039799785246,188.391482363219,1.40484672708203,6,-5.14679359887205,4043.50451299751,164.483254024448,13.2556310150707,48.9039799785246,771646.714964196,155.719556179157
189,5,UMa,2,6,37.9176434059893,23.7247411059163,SAT-1,Satellite,765349.905617538,160.519358282147,8.45582891208159,15.0070470450535,49.5350224816999,188.391482363219,2.09225574489147,6,-7.75013726120181,3766.19997534459,167.086597686778,8.45582891208159,49.5350224816999,765349.905617538,160.519358282147
189,6,UMa,2,6,37.9406725013754,23.6560079277261,SAT-1,Satellite,769264.998083847,155.494610831468,13.4805763627598,22.7073601871542,49.1407104917407,188.391482363219,1.38274903533843,6,-7.48399030205471,3914.70035991708,166.820450727631,13.4805763627598,49.1407104917407,769264.998083847,155.494610831468
190,1,UMa,3,4,38.0101798046695,23.7299594408852,SAT-1,Satellite,715599.321936762,163.949185034707,5.02600215952069,20.6394041275332,55.2634185036214,188.391482363219,3.04258593899847,3,3.45321652179709,4805.81101186789,155.883243903779,5.02600215952069,55.2634185036214,715599.321936762,163.949185034707
190,2,UMa,3,4,37.9929108831565,23.7764667598822,BS2,Terrestrial,678.247415078215,136.261673711899,23.0747867136773,101.984292,NaN,503.334270320412,4.93540976212702,1,23.0747867136773,678.247415078215,136.261673711899,9.58107643049362,55.5830271416327,713181.529496292,159.394110763734
190,3,UMa,3,4,37.963644424989,23.806183455909,SAT-1,Satellite,710851.531961761,159.750533394754,9.22465379947363,32.2727731695273,55.8955059945254,188.391482363219,1.94582475010341,3,0.35621407156566,3692.86116977153,158.98024635401,9.22465379947363,55.8955059945254,710851.531961761,159.750533394754
190,4,UMa,3,4,37.951522501776,23.7184841311311,SAT-1,Satellite,713452.671035529,156.266606770421,12.7085804238068,42.9702242784702,55.5470792928622,188.391482363219,1.46141105479878,3,7.689047078372,995.13702629605,151.647413347204,12.7085804238068,55.5470792928622,713452.671035529,156.266606770421
191,1,UMi,1,9,37.9396229341065,23.6792087040938,BS1,Terrestrial,3319.25551967323,160.018489402373,-5.68202897679734,3.16833614711112,NaN,248.05866228095,39.1465189871234,2,-5.68202897679734,3319.25551967323,160.018489402373,-13.7006704301491,21.4245299003247,1336356.06920667,182.675857624377
191,2,UMi,1,9,37.9523904111327,23.657534615224,SAT-1,Satellite,1338565.17005021,168.741726524153,0.233460670075345,4.45413446565405,21.3661313625569,188.391482363219,6.04226682345551,7,-24.6015454039588,4908.44438220604,178.938005829535,0.233460670075345,21.3661313625569,1338565.17005021,168.741726524153
191,3,UMi,1,9,37.9658453683031,23.7405347211012,SAT-1,Satellite,1334163.89482885,164.196371985075,4.77881520915281,8.57954818538536,21.4825582674533,188.391482363219,3.13688650351958,7,-1.90287239321498,2817.54171934938,156.239332818791,4.77881520915281,21.4825582674533,1334163.89482885,164.196371985075
191,4,UMi,1,9,37.9278016083134,23.6788785824483,SAT-1,Satellite,1335611.2745403,163.225637963023,5.74954923120538,9.64435890381144,21.4442794271702,188.391482363219,2.79055032868957,7,-11.2096390758673,4077.01258183249,165.546099501443,5.74954923120538,21.4442794271702,1335611.2745403,163.225637963023
191,5,UMi,1,9,37.9661550131634,23.6723051092353,SAT-1,Satellite,1338517.6807998,161.511588217914,7.46359897631436,11.6456352577741,21.3673480819602,188.391482363219,2.31100050047207,7,-2.84534402656806,3921.80167882976,157.181804452144,7.46359897631436,21.3673480819602,1338517.6807998,161.511588217914
191,6,UMi,1,9,37.9539781784683,23.6752003049234,SAT-1,Satellite,1337542.57620294,163.421593044298,5.55359414992998,9.42506843226224,21.3931219301106,188.391482363219,2.85547729466951,7,-11.4876628158544,3360.66427002395,165.82412324143,5.55359414992998,21.3931219301106,1337542.57620294,163.421593044298
191,7,UMi,1,9,37.9160496549832,23.7085739669471,SAT-1,Satellite,1332957.48494691,165.458937202775,3.51624999145304,7.2821048199176,21.5147381838579,188.391482363219,3.695781587134,7,-11.3772659672367,4050.98930804418,165.713726392813,3.51624999145304,21.5147381838579,1332957.48494691,165.458937202775
191,8,UMi,1,9,37.9417954934562,23.7141312697481,BS1,Terrestrial,1173.07901357106,143.41776289476,10.9186975308157,34.3276099068984,NaN,248.05866228095,3.61310710174292,2,10.9186975308157,1173.07901357106,143.41776289476,-3.34878843506567,21.4796944348039,1334274.18081607,172.323975629294
191,9,UMi,1,9,37.938937008949,23.7286497698773,SAT-1,Satellite,1333165.5825622,164.596145573452,4.37904162077612,8.15748044634271,21.5091459696789,188.391482363219,3.29918889613733,7,-5.06508786238663,2004.11030078829,159.401548287962,4.37904162077612,21.5091459696789,1333165.5825622,164.596145573452
192,1,UMi,2,4,37.9482442622315,23.7369772362875,BS2,Terrestrial,1382.35304847722,118.964826104406,35.3716343211703,101.984292,NaN,248.05866228095,2.43232224704713,1,35.3716343211703,1382.35304847722,118.964826104406,8.83009717142852,29.9028764448059,1077305.14700079,160.1450900228
192,2,UMi,2,4,37.9464347369358,23.7686091397286,SAT-1,Satellite,1078093.0886385,165.151020108461,3.8241670857667,17.7071018395355,29.8706543960987,188.391482363219,3.54643923984948,3,-12.2958409709839,4032.20719218619,166.63230139656,3.8241670857667,29.8706543960987,1078093.0886385,165.151020108461
192,3,UMi,2,4,37.9237232736319,23.7245912888564,SAT-1,Satellite,1074765.91378896,157.295018169731,11.6801690244973,39.7486865920233,30.007184717816,188.391482363219,1.57985498822347,3,-9.6983705448628,3525.14093746366,164.034830970439,11.6801690244973,30.007184717816,1074765.91378896,157.295018169731
192,4,UMi,2,4,37.9277437234605,23.7672162221795,SAT-1,Satellite,1076399.17204333,160.755369826032,8.2198173681966,29.3303465993127,29.9400759021101,188.391482363219,2.14103030031057,3,-14.8153641014932,4877.63254711642,169.151824527069,8.2198173681966,29.9400759021101,1076399.17204333,160.755369826032
193,1,UMa,4,5,37.9868711866684,23.730037909837,SAT-1,Satellite,747922.150011055,153.470169177077,15.5050180171507,38.9303104218721,51.384106266688,188.391482363219,1.20979951303814,4,-2.92242297891997,4197.1865076794,162.258883404496,15.5050180171507,51.384106266688,747922.150011055,153.470169177077
193,2,UMa,4,5,37.9828606662343,23.7521268157344,SAT-1,Satellite,746695.977686021,156.14375603006,12.831431164168,32.5183811743504,51.5197439383839,188.391482363219,1.44834610118766,4,8.57834171518221,4096.54704016849,150.758118710394,12.831431164168,51.5197439383839,746695.977686021,156.14375603006
193,3,UMa,4,5,38.0082148933467,23.7832546585051,SAT-1,Satellite,745135.213690233,158.709509088469,10.2656781057593,26.549130630142,51.6935777424914,188.391482363219,1.77398918431374,4,8.62360976757941,1181.2206321153,150.712850657996,10.2656781057593,51.6935777424914,745135.213690233,158.709509088469
193,4,UMa,4,5,38.0027540628064,23.7941983297487,BS4,Terrestrial,1912.85649811845,154.790656799582,4.54580362599353,35.6956602463836,NaN,503.334270320412,14.1007132756819,1,4.54580362599353,1912.85649811845,154.790656799582,4.28030560668077,51.763358983926,744512.120056222,164.694881587547
193,5,UMa,4,5,37.9667913225262,23.7377123135779,SAT-1,Satellite,747405.253697333,158.130325503008,10.8448616912205,27.8753574353202,51.441190228171,188.391482363219,1.68958804205782,4,6.29640619736526,2234.52507832209,153.040054228211,10.8448616912205,51.441190228171,747405.253697333,158.130325503008
194,1,UMa,2,6,38.0019474767283,23.7459405521095,SAT-1,Satellite,1242250.55530713,161.331855905134,7.64333128909414,41.5214963708823,24.0888705423863,188.391482363219,2.26860179460357,2,-8.73964664102803,4702.59798652649,168.076107066604,7.64333128909414,24.0888705423863,1242250.55530713,161.331855905134
194,2,UMa,2,6,37.9703780970309,23.7584247442614,BS2,Terrestrial,1036.02907772565,145.542639581334,13.7938208442415,42.606326765407,NaN,503.334270320412,5.90680197675572,2,13.7938208442415,1036.02907772565,145.542639581334,-2.21322102705889,23.9891984791679,1245528.22579259,171.188408221287
194,3,UMa,2,6,37.977001437925,23.7870465345121,BS2,Terrestrial,2904.37440675436,144.542707268555,14.7937531570204,45.5460485912383,NaN,503.334270320412,5.52555365271839,2,14.7937531570204,2904.37440675436,144.542707268555,-0.991186145278164,24.0030971878039,1245070.45489802,169.966373339506
194,4,UMa,2,6,37.9696619750397,23.7355262975028,BS1,Terrestrial,2055.36008025112,149.132698571121,10.2037618544546,32.3236606430892,NaN,503.334270320412,7.78584882260272,2,10.2037618544546,2055.36008025112,149.132698571121,8.23642974955513,23.9920139038565,1245435.187435,160.738757444673
194,5,UMa,2,6,37.9509358319819,23.7208439765139,BS1,Terrestrial,719.618585790375,143.14151585053,16.194944575046,49.7012798689857,NaN,503.334270320412,5.06359465638731,2,16.194944575046,719.618585790375,143.14151585053,4.79704580204077,23.9378593611623,1247222.70965277,164.178141392187
194,6,UMa,2,6,37.9909930482754,23.7265971110294,SAT-1,Satellite,1243217.5081162,169.185210456818,-0.210023262590227,14.483063937696,24.0594054387466,188.391482363219,6.50385454257643,2,-3.64904157845439,4344.56001298602,162.98550200403,-0.210023262590227,24.0594054387466,1243217.5081162,169.185210456818
195,1,UMi,2,4,38.0171722369562,23.7461555261835,SAT-1,Satellite,1251374.06373438,168.87342283869,0.101764355538279,10.1700170775966,23.8127680196606,188.391482363219,6.17473503816179,3,-0.360379544040512,3953.00585267644,154.696839969616,0.101764355538279,23.8127680196606,1251374.06373438,168.87342283869
195,2,UMi,2,4,38.0133329749802,23.727515703806,BS1,Terrestrial,2386.8781506843,146.144765790303,8.19169463527271,53.7015163447492,NaN,248.05866228095,4.61921150770643,1,8.19169463527271,2386.8781506843,146.144765790303,4.68336790779193,23.7972316154077,1251891.3998317,164.291819286436
195,3,UMi,2,4,37.9856516588744,23.6704318048857,SAT-1,Satellite,1255099.3859789,161.240657445355,7.73452974887317,27.9398757171674,23.701155012351,188.391482363219,2.24758196576924,3,-5.89863131642051,4512.5980791237,160.235091741996,7.73452974887317,23.701155012351,1255099.3859789,161.240657445355
195,4,UMi,2,4,37.9574374434672,23.7402198630121,SAT-1,Satellite,1257462.80387851,173.112369849352,-4.13718265512418,4.70644629569071,23.6306470416385,188.391482363219,13.3427976954156,3,-15.9395027314097,3684.60886813163,170.275963156986,-4.13718265512418,23.6306470416385,1257462.80387851,173.112369849352
196,1,UMa,4,7,37.9768740402047,23.7638574185859,BS3,Terrestrial,947.483466807683,145.751010728613,13.5854496969629,27.997967864726,NaN,503.334270320412,5.99250956060222,3,13.5854496969629,947.483466807683,145.751010728613,9.68046290218894,35.433172032513,959108.946140455,159.294724292039
196,2,UMa,4,7,37.9803410501346,23.7510930519901,BS3,Terrestrial,479.290450538447,135.753210210981,23.5832502145948,33.994764,NaN,503.334270320412,4.93540976212702,3,23.5832502145948,479.290450538447,135.753210210981,9.62754479644028,35.4208526577495,959339.435525811,159.347642397788
196,3,UMa,4,7,37.9802430170574,23.74866610446,BS3,Terrestrial,675.598795984968,134.670842129949,24.6656182956274,33.994764,NaN,503.334270320412,4.93540976212702,3,24.6656182956274,675.598795984968,134.670842129949,9.17365410110838,35.4154210727772,959440.99385754,159.80153309312
196,4,UMa,4,7,38.0044837519178,23.7620661942611,SAT-1,Satellite,957080.135765254,166.736435423771,2.23875177045741,10.6443634318967,35.5421252391704,188.391482363219,4.4246770501721,4,-7.72223965885678,2498.34214494466,167.058700084433,2.23875177045741,35.5421252391704,957080.135765254,166.736435423771
196,5,UMa,4,7,38.026701317662,23.7481226526346,SAT-1,Satellite,955938.03262997,158.076686669316,10.8985005249118,27.9988889367987,35.6037306461755,188.391482363219,1.68213355526777,4,4.74973706036411,3084.72261381015,154.586723365212,10.8985005249118,35.6037306461755,955938.03262997,158.076686669316
196,6,UMa,4,7,37.9715344471064,23.7561829155062,SAT-1,Satellite,959812.325441219,159.120305665693,9.85488152853526,25.6175547154547,35.3955439753533,188.391482363219,1.83849985347708,4,4.94886265032503,2020.20250629665,154.387597775251,9.85488152853526,35.3955439753533,959812.325441219,159.120305665693
196,7,UMa,4,7,37.9080480898911,23.6883339027177,SAT-1,Satellite,967291.790907083,162.14493091423,6.83025627999783,19.0572018795172,34.9994952040102,188.391482363219,2.4713948505434,4,-6.28765308188324,4787.99630141217,165.624113507459,6.83025627999783,34.9994952040102,967291.790907083,162.14493091423
197,1,UMa,3,3,37.9378289593842,23.6539985470593,SAT-1,Satellite,731142.600227595,156.16910638913,12.8060808050986,43.277811442031,53.3124100541309,188.391482363219,1.45102440939866,3,-0.987776018599845,4522.57273396803,160.324236444176,12.8060808050986,53.3124100541309,731142.600227595,156.16910638913
197,2,UMa,3,3,37.9851748821675,23.6873809646008,SAT-1,Satellite,730373.264371586,159.415579949612,9.55960724461636,33.2706611808255,53.4052062730291,188.391482363219,1.88746356576558,3,7.81045239262187,1624.76599527517,151.526008032954,9.55960724461636,53.4052062730291,730373.264371586,159.415579949612
197,3,UMa,3,3,37.9877334690073,23.6874016406744,SAT-1,Satellite,730262.775025972,156.754249186535,12.2209380076928,41.4372593054689,53.4185532053662,188.391482363219,1.51547572982105,3,-0.541398174028103,4901.78725799203,159.877858599604,12.2209380076928,53.4185532053662,730262.775025972,156.754249186535
198,1,UMi,4,8,37.9587747252841,23.7843274056014,SAT-1,Satellite,685601.394232999,154.84150117636,14.1336860178685,23.7487722066866,59.6041633018189,188.391482363219,1.32211383900635,6,-4.12218272287222,4327.51367216977,158.458643148448,14.1336860178685,59.6041633018189,685601.394232999,154.84150117636
198,2,UMi,4,8,37.9603113678565,23.73260132339,SAT-1,Satellite,687210.34142389,153.837175180057,15.1380120141713,25.3613517417341,59.3479644484891,188.391482363219,1.23804837824164,6,1.2511181030188,2063.54217060452,153.085342322557,15.1380120141713,59.3479644484891,687210.34142389,153.837175180057
198,3,UMi,4,8,38.0285203432525,23.7405298214008,SAT-1,Satellite,684338.772159758,160.0400229583,8.93516423592777,15.7084538143317,59.8075993302123,188.391482363219,1.99883328843116,6,-15.7262424217099,3795.66324981581,170.062702847286,8.93516423592777,59.8075993302123,684338.772159758,160.0400229583
198,4,UMi,4,8,38.0182898591227,23.6719255398026,SAT-1,Satellite,686981.862262157,156.10907527172,12.8661119225083,21.7336824306037,59.3843238513614,188.391482363219,1.44469675095909,6,-11.626106803578,3206.84104139537,165.962567229154,12.8661119225083,59.3843238513614,686981.862262157,156.10907527172
198,5,UMi,4,8,37.9645833143454,23.7254846707224,BS4,Terrestrial,2367.50336203246,141.150533814575,13.1859266110008,40.8320341232288,NaN,248.05866228095,3.0375496544248,2,13.1859266110008,2367.50336203246,141.150533814575,12.1817424519365,59.3375665766699,687276.125773433,156.793444742292
198,6,UMi,4,8,38.0001219248603,23.6746971242884,SAT-1,Satellite,687579.671094754,156.24567758582,12.7295096084079,21.5181104033469,59.2896978887698,188.391482363219,1.45916996452375,6,-4.99253116399842,4988.27176959179,159.328991589574,12.7295096084079,59.2896978887698,687579.671094754,156.24567758582
198,7,UMi,4,8,37.9665117675124,23.709751276626,SAT-1,Satellite,687715.737406495,158.704457732481,10.2707294617469,17.7070895560326,59.2681351679956,188.391482363219,1.77322085001669,6,2.92812190306833,1910.52305330678,151.408338522508,10.2707294617469,59.2681351679956,687715.737406495,158.704457732481
198,8,UMi,4,8,37.9910599392287,23.7426383322706,BS4,Terrestrial,1174.74242711994,136.331334753213,18.0051256723624,50.992146,NaN,248.05866228095,2.43232224704713,2,18.0051256723624,1174.74242711994,136.331334753213,13.3061170753409,59.5891383645206,685695.796746436,155.669070118887
199,1,UMa,3,4,38.0065472710026,23.7266763470779,BS3,Terrestrial,3525.61477754074,155.209291204239,4.12716922133708,16.9149511038581,NaN,503.334270320412,14.8783838401285,2,4.12716922133708,3525.61477754074,155.209291204239,-Inf,16.390727741775,1554269.40801264,Inf
199,2,UMa,3,4,38.0276793181593,23.7478823750146,BS1,Terrestrial,3126.80566468844,154.194655082751,5.14180534282508,38.4330242401122,NaN,503.334270320412,13.0964003034423,1,5.14180534282508,3126.80566468844,154.194655082751,-Inf,16.3811681479433,1554739.66531157,Inf
199,3,UMa,3,4,37.9907166698259,23.7325756588496,BS3,Terrestrial,2343.54488211577,153.965685453064,5.37077497251184,19.7544031804525,NaN,503.334270320412,12.7397994695804,2,5.37077497251184,2343.54488211577,153.965685453064,-Inf,16.4227598956146,1552687.04284644,Inf
199,4,UMa,3,4,37.9782820993706,23.681987183888,None,Outage,3765.49001814039,167.585945036265,-8.24948461068922,0,NaN,0,Inf,0,-8.24948461068922,3765.49001814039,167.585945036265,-Inf,16.3845562465345,1554579.37145789,Inf
200,1,UMa,3,7,38.019853532057,23.6606219583721,SAT-1,Satellite,793400.411210761,159.346610909218,9.62857628501041,16.7385521632145,46.8477847220813,188.391482363219,1.87582415060204,6,-1.35461325392657,4741.19499982325,160.691073679502,9.62857628501041,46.8477847220813,793400.411210761,159.346610909218
200,2,UMa,3,7,38.0010695865841,23.6644636295875,SAT-1,Satellite,794826.638049797,153.875290864449,15.099896329779,25.2999327293229,46.7195018690885,188.391482363219,1.24105390831646,6,-1.25464824312277,2519.71793303919,160.591108668699,15.099896329779,46.7195018690885,794826.638049797,153.875290864449
200,3,UMa,3,7,38.02583124373,23.7080969479826,SAT-1,Satellite,792939.405867751,159.639459127239,9.33572806698913,16.3014004591141,46.8894068788159,188.391482363219,1.92612778715676,6,3.18917301675251,3711.99253952634,156.147287408823,9.33572806698913,46.8894068788159,792939.405867751,159.639459127239
200,4,UMa,3,7,37.9854538754121,23.7324037392077,SAT-1,Satellite,796015.031346846,158.28666294993,10.6885242442985,18.3439831808642,46.6131679701243,188.391482363219,1.71165553763828,6,4.89826577579885,2662.59412106583,154.438194649777,10.6885242442985,46.6131679701243,796015.031346846,158.28666294993
200,5,UMa,3,7,37.9874709963489,23.7137734360049,BS3,Terrestrial,1500.33946438046,142.815132028219,16.5213283973565,101.348180809049,NaN,503.334270320412,4.96638682907143,1,16.5213283973565,1500.33946438046,142.815132028219,10.5504108890058,46.6272803024851,795856.984388712,158.424776305222
200,6,UMa,3,7,37.9186062140282,23.6888392824632,SAT-1,Satellite,801128.468663334,155.20369877859,13.7714884156383,23.1704570995009,46.1612939844259,188.391482363219,1.35511268763645,6,-5.09569047908025,3832.89323498561,164.432150904656,13.7714884156383,46.1612939844259,801128.468663334,155.20369877859
200,7,UMa,3,7,37.9682599250123,23.706269844843,SAT-1,Satellite,797322.376239025,156.651440002596,12.3237471916323,20.8798384873249,46.496769251252,188.391482363219,1.5037750609484,6,2.82068958233862,2427.58574921222,156.515770843237,12.3237471916323,46.496769251252,797322.376239025,156.651440002596
