Step,Time_s,UserID,ServingNode,ServingType,Distance_m,PathLoss_dB,SNR_dB,Capacity_Mbps,NodePower_W,EnergyPerBit_uJ,SatElevation_deg,CandSat_SNR_dB,CandSat_PathLoss_dB,CandBS_SNR_dB
1,0,1,BS2,Terrestrial,295.272687326099,93.1813973038825,66.1550631216934,33.994764,893.334270320412,8.75952808811392,-4.36747097016584,-Inf,Inf,66.1550631216934
1,0,2,BS2,Terrestrial,144.900842099444,110.387747013105,48.9487134124704,33.994764,893.334270320412,8.75952808811392,-4.37075367088268,-Inf,Inf,48.9487134124704
1,0,3,BS1,Terrestrial,158.603762337124,105.334972542014,54.0014878835623,50.992146,893.334270320412,8.75952808811392,-4.36531712757471,-Inf,Inf,54.0014878835623
1,0,4,BS2,Terrestrial,1289.96390375941,158.400751539554,0.935708886021956,7.1222915383519,893.334270320412,41.8093093358139,-4.37865930011216,-Inf,Inf,0.935708886021956
1,0,5,BS1,Terrestrial,2496.53115061175,140.889366839954,18.4470935856215,50.992146,893.334270320412,8.75952808811392,-4.38560531607194,-Inf,Inf,18.4470935856215
1,0,6,None,Outage,4576.26928829528,169.787310693034,-10.4508502674581,NaN,NaN,Inf,-4.33763934041786,-Inf,Inf,-10.4508502674581
2,5,1,BS2,Terrestrial,295.272687326099,91.010015787627,68.3264446379489,33.994764,893.334270320412,8.75952808811392,-4.11011487525849,-Inf,Inf,68.3264446379489
2,5,2,BS2,Terrestrial,144.900842099444,109.372231330573,49.9642290950029,33.994764,893.334270320412,8.75952808811392,-4.11342503662435,-Inf,Inf,49.9642290950029
2,5,3,BS1,Terrestrial,158.603762337124,107.521410577875,51.8150498477011,50.992146,893.334270320412,8.75952808811392,-4.10794310632325,-Inf,Inf,51.8150498477011
2,5,4,BS2,Terrestrial,1289.96390375941,146.461144383769,12.8753160418067,26.6198207227832,893.334270320412,11.1863296604377,-4.12139756974855,-Inf,Inf,12.8753160418067
2,5,5,BS1,Terrestrial,2496.53115061175,142.504936081095,16.8315243444811,50.992146,893.334270320412,8.75952808811392,-4.12840045706148,-Inf,Inf,16.8315243444811
2,5,6,None,Outage,4576.26928829528,171.902359284096,-12.5658988585201,NaN,NaN,Inf,-4.0800369441235,-Inf,Inf,-12.5658988585201
3,10,1,BS2,Terrestrial,295.272687326099,89.9898684157464,69.3465920098294,33.994764,893.334270320412,8.75952808811392,-3.85058516485966,-Inf,Inf,69.3465920098294
3,10,2,BS2,Terrestrial,144.900842099444,116.038818724036,43.2976417015401,33.994764,893.334270320412,8.75952808811392,-3.85392362857878,-Inf,Inf,43.2976417015401
3,10,3,BS1,Terrestrial,158.603762337124,104.141911093779,55.1945493317972,50.992146,893.334270320412,8.75952808811392,-3.84839491963658,-Inf,Inf,55.1945493317972
3,10,4,BS2,Terrestrial,1289.96390375941,151.768406982622,7.56805344295435,16.8103620607729,893.334270320412,17.7139605340013,-3.86196511232252,-Inf,Inf,7.56805344295435
3,10,5,BS1,Terrestrial,2496.53115061175,144.222417767744,15.1140426578323,46.4925249741126,893.334270320412,9.60728924507572,-3.86902661845661,-Inf,Inf,15.1140426578323
3,10,6,None,Outage,4576.26928829528,169.251398123982,-9.91493769840613,NaN,NaN,Inf,-3.82025336286064,-Inf,Inf,-9.91493769840613
4,15,1,BS2,Terrestrial,295.272687326099,91.5182042452866,67.8182561802893,33.994764,893.334270320412,8.75952808811392,-3.58881502040345,-Inf,Inf,67.8182561802893
4,15,2,BS2,Terrestrial,144.900842099444,120.711212741532,38.6252476840442,33.994764,893.334270320412,8.75952808811392,-3.59218266245819,-Inf,Inf,38.6252476840442
4,15,3,BS1,Terrestrial,158.603762337124,104.232759515128,55.1037009104476,50.992146,893.334270320412,8.75952808811392,-3.58660572656066,-Inf,Inf,55.1037009104476
4,15,4,BS2,Terrestrial,1289.96390375941,147.165605137512,12.1708552880636,25.2635752484591,893.334270320412,11.7868546782572,-3.60029522696844,-Inf,Inf,12.1708552880636
4,15,5,BS1,Terrestrial,2496.53115061175,143.484711440023,15.8517489855525,48.6802115093185,893.334270320412,9.17553809466715,-3.60741717039457,-Inf,Inf,15.8517489855525
4,15,6,None,Outage,4576.26928829528,167.441981162426,-8.10552073685056,NaN,NaN,Inf,-3.55822147002034,-Inf,Inf,-8.10552073685056
5,20,1,BS2,Terrestrial,295.272687326099,89.9595500979851,69.3769103275908,20.3968584,893.334270320412,8.75952808811392,-3.3247348921811,-Inf,Inf,69.3769103275908
5,20,2,BS2,Terrestrial,144.900842099444,113.26708447607,46.0693759495057,20.3968584,893.334270320412,8.75952808811392,-3.32813262457096,-Inf,Inf,46.0693759495057
5,20,3,BS1,Terrestrial,158.603762337124,100.23279488127,59.1036655443055,101.984292,893.334270320412,8.75952808811392,-3.32250595386342,-Inf,Inf,59.1036655443055
5,20,4,BS2,Terrestrial,1289.96390375941,149.127760463786,10.20869996179,12.9349634078932,893.334270320412,13.8127065713272,-3.33631848765632,-Inf,Inf,10.20869996179
5,20,5,BS2,Terrestrial,2067.2298489109,156.697791570778,2.63866885479766,5.52211912545442,893.334270320412,32.3547627287703,-3.3435027614376,-Inf,Inf,2.63866885479766
5,20,6,BS2,Terrestrial,4576.26928829528,157.471139123962,1.86532130161368,4.93090218719567,893.334270320412,36.2341103678828,-3.29387139224855,-Inf,Inf,1.86532130161368
6,25,1,BS2,Terrestrial,295.272687326099,90.395247232201,68.9412131933749,33.994764,893.334270320412,8.75952808811392,-3.05827236024857,-Inf,Inf,68.9412131933749
6,25,2,BS2,Terrestrial,144.900842099444,114.214324984968,45.1221354406078,33.994764,893.334270320412,8.75952808811392,-3.06170113283482,-Inf,Inf,45.1221354406078
6,25,3,BS1,Terrestrial,158.603762337124,121.43037747123,37.9060829543462,50.992146,893.334270320412,8.75952808811392,-3.05602315687376,-Inf,Inf,37.9060829543462
6,25,4,BS2,Terrestrial,1289.96390375941,154.242711018036,5.09374940753952,12.7363016499201,893.334270320412,23.3802636190446,-3.06996260446235,-Inf,Inf,5.09374940753952
6,25,5,BS1,Terrestrial,2496.53115061175,159.636110319354,-0.299649893778195,8.7309838687862,893.334270320412,51.1588547033134,-3.07721118006013,-Inf,Inf,-0.299649893778195
6,25,6,None,Outage,4576.26928829528,177.431917105296,-18.0954566797204,NaN,NaN,Inf,-3.02713036940983,-Inf,Inf,-18.0954566797204
7,30,1,BS2,Terrestrial,295.272687326099,90.5205943836653,68.8158660419106,33.994764,893.334270320412,8.75952808811392,-2.78935198687129,-Inf,Inf,68.8158660419106
7,30,2,BS2,Terrestrial,144.900842099444,112.548897701826,46.7875627237499,33.994764,893.334270320412,8.75952808811392,-2.79281278933424,-Inf,Inf,46.7875627237499
7,30,3,BS1,Terrestrial,158.603762337124,111.587049797017,47.7494106285592,50.992146,893.334270320412,8.75952808811392,-2.78708187185261,-Inf,Inf,47.7494106285592
7,30,4,BS2,Terrestrial,1289.96390375941,159.815167903804,-0.478707478228216,5.64679163131423,893.334270320412,52.7340319156596,-2.80115227640179,-Inf,Inf,-0.478707478228216
7,30,5,BS1,Terrestrial,2496.53115061175,151.417682411715,7.91877801386065,26.1311180909439,893.334270320412,17.0933036085817,-2.80846720771362,-Inf,Inf,7.91877801386065
7,30,6,None,Outage,4576.26928829528,171.339310113054,-12.0028496874786,NaN,NaN,Inf,-2.75792260602187,-Inf,Inf,-12.0028496874786
8,35,1,BS2,Terrestrial,295.272687326099,95.4665662656953,63.8698941598806,25.496073,893.334270320412,8.75952808811392,-2.51789515990953,-Inf,Inf,63.8698941598806
8,35,2,BS2,Terrestrial,144.900842099444,118.028920617688,41.3075398078877,25.496073,893.334270320412,8.75952808811392,-2.52138902382673,-Inf,Inf,41.3075398078877
8,35,3,BS1,Terrestrial,158.603762337124,102.043181413753,57.2932790118224,50.992146,893.334270320412,8.75952808811392,-2.51560345929963,-Inf,Inf,57.2932790118224
8,35,4,BS2,Terrestrial,1289.96390375941,145.37897989127,13.957480534306,21.5428847320243,893.334270320412,10.3669295156237,-2.52980903523025,-Inf,Inf,13.957480534306
8,35,5,BS1,Terrestrial,2496.53115061175,155.59834808863,3.73811233694576,16.070140960616,893.334270320412,27.7948486111527,-2.53719246287616,-Inf,Inf,3.73811233694576
8,35,6,BS2,Terrestrial,4576.26928829528,166.307270076042,-6.97080965046644,1.21213719987263,893.334270320412,184.247763044951,-2.48616911355942,-Inf,Inf,-6.97080965046644
9,40,1,BS2,Terrestrial,295.272687326099,94.3105521418741,65.0259082837018,33.994764,893.334270320412,8.75952808811392,-2.24381992649952,-Inf,Inf,65.0259082837018
9,40,2,BS2,Terrestrial,144.900842099444,125.380798092334,33.955662333242,33.994764,893.334270320412,8.75952808811392,-2.24734792755334,-Inf,Inf,33.955662333242
9,40,3,BS1,Terrestrial,158.603762337124,103.892380235698,55.444080189878,50.992146,893.334270320412,8.75952808811392,-2.24150593754981,-Inf,Inf,55.444080189878
9,40,4,BS2,Terrestrial,1289.96390375941,161.728825604167,-2.39236517859163,4.01889167608871,893.334270320412,74.0945798261996,-2.25585107957039,-Inf,Inf,-2.39236517859163
9,40,5,BS1,Terrestrial,2496.53115061175,143.508776973523,15.8276834520532,48.6086871030824,893.334270320412,9.18903928042693,-2.26330523544509,-Inf,Inf,15.8276834520532
9,40,6,None,Outage,4185.25875071361,171.318711999168,-11.9822515735922,NaN,NaN,Inf,-2.21178754297649,-Inf,Inf,-11.9822515735922
10,45,1,BS2,Terrestrial,295.272687326099,90.8750798137198,68.461380611856,25.496073,893.334270320412,8.75952808811392,-1.96704081633423,-Inf,Inf,68.461380611856
10,45,2,BS2,Terrestrial,144.900842099444,104.9639005524,54.3725598731759,25.496073,893.334270320412,8.75952808811392,-1.97060407665821,-Inf,Inf,54.3725598731759
10,45,3,BS1,Terrestrial,158.603762337124,104.449771383535,54.8866890420404,50.992146,893.334270320412,8.75952808811392,-1.96470380596385,-Inf,Inf,54.8866890420404
10,45,4,BS2,Terrestrial,1289.96390375941,150.483403466679,8.85305695889662,14.3094711747149,893.334270320412,15.6073949102143,-1.97919309867052,-Inf,Inf,8.85305695889662
10,45,5,BS1,Terrestrial,2496.53115061175,147.755929571729,11.5805308538465,36.2049779777871,893.334270320412,12.3371746126803,-1.98672031078068,-Inf,Inf,11.5805308538465
10,45,6,BS2,Terrestrial,4576.26928829528,162.172908479567,-2.83644805399129,2.77452322546142,893.334270320412,80.4943946875635,-1.93469200674505,-Inf,Inf,-2.83644805399129
11,50,1,BS2,Terrestrial,295.272687326099,89.3837510540079,69.9527093715679,33.994764,893.334270320412,8.75952808811392,-1.68746865379003,-Inf,Inf,69.9527093715679
11,50,2,BS2,Terrestrial,144.900842099444,121.896415468376,37.4400449571997,33.994764,893.334270320412,8.75952808811392,-1.69106834446412,-Inf,Inf,37.4400449571997
11,50,3,BS1,Terrestrial,158.603762337124,104.741329423054,54.5951310025215,50.992146,893.334270320412,8.75952808811392,-1.68510785695769,-Inf,Inf,54.5951310025215
11,50,4,BS2,Terrestrial,1289.96390375941,146.19571100249,13.1407494230862,27.1337391350946,893.334270320412,10.974458353278,-1.69974608504385,-Inf,Inf,13.1407494230862
11,50,5,BS1,Terrestrial,2496.53115061175,148.909360665172,10.4270997604037,32.9467839886931,893.334270320412,13.5572302083717,-1.70734878265117,-Inf,Inf,10.4270997604037
11,50,6,None,Outage,4185.25875071361,176.529928110907,-17.1934676853312,NaN,NaN,Inf,-1.65479288964929,-Inf,Inf,-17.1934676853312
12,55,1,BS2,Terrestrial,295.272687326099,89.6281260495893,69.7083343759866,33.994764,893.334270320412,8.75952808811392,-1.40501035808462,-Inf,Inf,69.7083343759866
12,55,2,BS2,Terrestrial,144.900842099444,124.806256344612,34.5302040809639,33.994764,893.334270320412,8.75952808811392,-1.40864770179027,-Inf,Inf,34.5302040809639
12,55,3,BS1,Terrestrial,158.603762337124,103.614302503688,55.722157921888,50.992146,893.334270320412,8.75952808811392,-1.40262497605627,-Inf,Inf,55.722157921888
12,55,4,BS2,Terrestrial,1289.96390375941,153.6024509463,5.7340094792763,13.7472011960079,893.334270320412,21.6609974540327,-1.4174171351768,-Inf,Inf,5.7340094792763
12,55,5,BS1,Terrestrial,2496.53115061175,145.066789588187,14.2696708373886,44.002252046095,893.334270320412,10.1510062415055,-1.42509785426912,-Inf,Inf,14.2696708373886
12,55,6,None,Outage,4576.26928829528,172.699731865759,-13.3632714401828,NaN,NaN,Inf,-1.37199664751355,-Inf,Inf,-13.3632714401828
13,60,1,BS2,Terrestrial,295.272687326099,91.0876873047473,68.2487731208285,25.496073,893.334270320412,8.75952808811392,-1.11956873058416,-Inf,Inf,68.2487731208285
13,60,2,BS2,Terrestrial,144.900842099444,107.863755803835,51.4727046217406,25.496073,893.334270320412,8.75952808811392,-1.12324500443096,-Inf,Inf,51.4727046217406
13,60,3,BS1,Terrestrial,158.603762337124,105.488592119161,53.8478683064147,50.992146,893.334270320412,8.75952808811392,-1.11715792908873,-Inf,Inf,53.8478683064147
13,60,4,BS2,Terrestrial,1289.96390375941,144.232746970543,15.1037134550333,23.2309840644929,893.334270320412,9.61360771287578,-1.13210923742718,-Inf,Inf,15.1037134550333
13,60,5,BS1,Terrestrial,2496.53115061175,154.698809668338,4.63765075723754,18.0557048083184,893.334270320412,24.7382829915575,-1.13987062654187,-Inf,Inf,4.63765075723754
13,60,6,BS2,Terrestrial,4576.26928829528,154.999435130428,4.33702529514832,8.68978256963399,893.334270320412,25.7007083653084,-1.08620559297378,-Inf,Inf,4.33702529514832
14,65,1,BS2,Terrestrial,295.272687326099,88.8426296285005,70.4938307970754,25.496073,893.334270320412,8.75952808811392,-0.831042228304013,-Inf,Inf,70.4938307970754
14,65,2,BS2,Terrestrial,144.900842099444,114.483054981982,44.8534054435934,25.496073,893.334270320412,8.75952808811392,-0.834758766840953,-Inf,Inf,44.8534054435934
14,65,3,BS1,Terrestrial,158.603762337124,99.420456141974,59.9160042836019,50.992146,893.334270320412,8.75952808811392,-0.828605135568964,-Inf,Inf,59.9160042836019
14,65,4,BS2,Terrestrial,1289.96390375941,153.626590443315,5.70986998226101,10.2813686082714,893.334270320412,21.7221632731299,-0.843721046160422,-Inf,Inf,5.70986998226101
14,65,5,BS1,Terrestrial,2496.53115061175,149.765326218715,9.57113420686136,30.5741202783182,893.334270320412,14.609320925481,-0.851565872586329,-Inf,Inf,9.57113420686136
14,65,6,BS2,Terrestrial,4576.26928829528,166.014449935278,-6.67798950970263,1.28894905585716,893.334270320412,173.267955444201,-0.79731766732823,-Inf,Inf,-6.67798950970263
15,70,1,BS2,Terrestrial,295.272687326099,90.4507092798625,68.8857511457134,25.496073,893.334270320412,8.75952808811392,-0.539324722566721,-Inf,Inf,68.8857511457134
15,70,2,BS2,Terrestrial,144.900842099444,117.188509989316,42.1479504362602,25.496073,893.334270320412,8.75952808811392,-0.543082920991707,-Inf,Inf,42.1479504362602
15,70,3,BS1,Terrestrial,158.603762337124,99.4274271771609,59.909033248415,50.992146,893.334270320412,8.75952808811392,-0.536860427224211,-Inf,Inf,59.909033248415
15,70,4,BS2,Terrestrial,1289.96390375941,162.08191577834,-2.7454553527644,2.82234099045794,893.334270320412,79.1306111965818,-0.552146641090863,-Inf,Inf,-2.7454553527644
15,70,5,BS1,Terrestrial,2496.53115061175,143.086942732796,16.2495176927797,49.8638229746902,893.334270320412,8.95773946949324,-0.560077797477065,-Inf,Inf,16.2495176927797
15,70,6,BS2,Terrestrial,4576.26928829528,165.958997007352,-6.62253658177659,1.30398312954838,893.334270320412,171.270289100636,-0.505226197420984,-Inf,Inf,-6.62253658177659
16,75,1,BS2,Terrestrial,295.272687326099,91.7033574950368,67.633102930539,33.994764,893.334270320412,8.75952808811392,-0.244305241694949,-Inf,Inf,67.633102930539
16,75,2,BS2,Terrestrial,144.900842099444,117.277927297894,42.0585331276816,33.994764,893.334270320412,8.75952808811392,-0.248106559277842,-Inf,Inf,42.0585331276816
16,75,3,BS1,Terrestrial,158.603762337124,100.46855848088,58.8679019446962,50.992146,893.334270320412,8.75952808811392,-0.241812790548851,-Inf,Inf,58.8679019446962
16,75,4,BS2,Terrestrial,1289.96390375941,148.973000776304,10.3634596492714,21.8459654278347,893.334270320412,13.6308047859215,-0.257275270710141,-Inf,Inf,10.3634596492714
16,75,5,BS1,Terrestrial,2496.53115061175,148.144184521531,11.1922759040453,35.1012170919448,893.334270320412,12.7251181630027,-0.265295782112485,-Inf,Inf,11.1922759040453
16,75,6,None,Outage,4576.26928829528,169.37181803098,-10.0353576054037,NaN,NaN,Inf,-0.209819636426136,-Inf,Inf,-10.0353576054037
17,80,1,BS2,Terrestrial,295.272687326099,90.1769979438121,69.1594624817638,25.496073,893.334270320412,8.75952808811392,0.0541323034816701,-Inf,Inf,69.1594624817638
17,80,2,BS2,Terrestrial,144.900842099444,120.747161562356,38.5892988632195,25.496073,893.334270320412,8.75952808811392,0.0502863397461192,-Inf,Inf,38.5892988632195
17,80,3,BS1,Terrestrial,158.603762337124,105.048204335021,54.2882560905549,50.992146,893.334270320412,8.75952808811392,0.0566539078385343,-Inf,Inf,54.2882560905549
17,80,4,BS2,Terrestrial,1289.96390375941,146.729779339308,12.6066810862683,19.575952933956,893.334270320412,11.4085668439013,0.0410089214139803,-Inf,Inf,12.6066810862683
17,80,5,BS1,Terrestrial,2496.53115061175,150.797207079144,8.53925334643222,27.7758398264559,893.334270320412,16.0811387864775,0.0328958900151629,-Inf,Inf,8.53925334643222
17,80,6,BS2,Terrestrial,4576.26928829528,162.250830725008,-2.91437029943233,2.7340944718644,893.334270320412,81.6846564295236,0.0890187127005205,-Inf,Inf,-2.91437029943233
18,85,1,BS2,Terrestrial,295.272687326099,90.2936862067299,69.042774218846,33.994764,893.334270320412,8.75952808811392,0.356109412628647,-Inf,Inf,69.042774218846
18,85,2,BS2,Terrestrial,144.900842099444,117.533368985724,41.8030914398516,33.994764,893.334270320412,8.75952808811392,0.352217204120244,-Inf,Inf,41.8030914398516
18,85,3,BS1,Terrestrial,158.603762337124,100.519629382253,58.816831043323,50.992146,893.334270320412,8.75952808811392,0.358661214358699,-Inf,Inf,58.816831043323
18,85,4,BS2,Terrestrial,1289.96390375941,147.503062101788,11.8333983237878,24.6182263444343,893.334270320412,12.0958385035779,0.342827188786262,-Inf,Inf,11.8333983237878
18,85,5,BS1,Terrestrial,2496.53115061175,149.917954676753,9.41850574882238,30.1556826542051,893.334270320412,14.8120385892813,0.334618324461036,-Inf,Inf,9.41850574882238
18,85,6,None,Outage,4576.26928829528,170.270878939361,-10.9344185137855,NaN,NaN,Inf,0.391410992437376,-Inf,Inf,-10.9344185137855
19,90,1,BS2,Terrestrial,295.272687326099,91.7403551882316,67.5961052373443,33.994764,893.334270320412,8.75952808811392,0.661753308857126,-Inf,Inf,67.5961052373443
19,90,2,BS2,Terrestrial,144.900842099444,114.570353140297,44.7661072852789,33.994764,893.334270320412,8.75952808811392,0.65781318116262,-Inf,Inf,44.7661072852789
19,90,3,BS1,Terrestrial,158.603762337124,102.940659820685,56.3958006048905,50.992146,893.334270320412,8.75952808811392,0.664336401596215,-Inf,Inf,56.3958006048905
19,90,4,BS2,Terrestrial,1289.96390375941,152.740502691134,6.59595773444141,15.1580408013002,893.334270320412,19.6448930313779,0.648306494014262,-Inf,Inf,6.59595773444141
19,90,5,BS1,Terrestrial,2496.53115061175,151.412570836155,7.92388958942124,26.1445398982343,893.334270320412,17.0845284292179,0.639998327311023,-Inf,Inf,7.92388958942124
19,90,6,None,Outage,4576.26928829528,167.669028699777,-8.33256827420115,NaN,NaN,Inf,0.697485106033778,-Inf,Inf,-8.33256827420115
20,95,1,BS2,Terrestrial,295.272687326099,88.5859194795678,70.750540946008,25.496073,893.334270320412,8.75952808811392,0.97119727318838,-Inf,Inf,70.750540946008
20,95,2,BS2,Terrestrial,144.900842099444,118.50978412149,40.8266763040854,25.496073,893.334270320412,8.75952808811392,0.967207471645772,-Inf,Inf,40.8266763040854
20,95,3,BS1,Terrestrial,158.603762337124,96.1602186657759,63.1762417598,50.992146,893.334270320412,8.75952808811392,0.973812802951702,-Inf,Inf,63.1762417598
20,95,4,BS2,Terrestrial,1289.96390375941,152.9766468808,6.35981354477599,11.0746082855243,893.334270320412,20.1662724154338,0.95757984227991,-Inf,Inf,6.35981354477599
20,95,5,BS1,Terrestrial,2496.53115061175,147.564510652687,11.7719497728888,36.7515570840536,893.334270320412,12.1536928119438,0.949168738063445,-Inf,Inf,11.7719497728888
20,95,6,BS2,Terrestrial,4576.26928829528,164.29189904828,-4.95543862270455,1.83590593607855,893.334270320412,121.647609058413,1.00737505454848,-Inf,Inf,-4.95543862270455
21,100,1,BS2,Terrestrial,295.272687326099,92.3581434455267,66.9783169800491,33.994764,893.334270320412,8.75952808811392,1.28458100223402,-Inf,Inf,66.9783169800491
21,100,2,BS2,Terrestrial,144.900842099444,109.350625620304,49.9858348052715,33.994764,893.334270320412,8.75952808811392,1.28053968716594,-Inf,Inf,49.9858348052715
21,100,3,BS1,Terrestrial,158.603762337124,109.69391199376,49.6425484318163,50.992146,893.334270320412,8.75952808811392,1.28723017052467,-Inf,Inf,49.6425484318163
21,100,4,BS2,Terrestrial,1289.96390375941,160.021919864799,-0.685459439223621,5.4506886907853,893.334270320412,54.6312781741168,1.27078663794768,-Inf,Inf,-0.685459439223621
21,100,5,BS1,Terrestrial,2496.53115061175,143.482733954166,15.8537264714103,48.6860891792613,893.334270320412,9.17443036994789,1.26226878560082,-Inf,Inf,15.8537264714103
21,100,6,None,Outage,4185.25875071361,171.747779137037,-12.4113187114612,NaN,NaN,Inf,1.32122129730793,-Inf,Inf,-12.4113187114612
22,105,1,BS2,Terrestrial,295.272687326099,92.5453826700263,66.7910777555496,33.994764,893.334270320412,8.75952808811392,1.60205099094637,-Inf,Inf,66.7910777555496
22,105,2,BS2,Terrestrial,144.900842099444,119.253227309101,40.083233116475,33.994764,893.334270320412,8.75952808811392,1.59795623255742,-Inf,Inf,40.083233116475
22,105,3,BS1,Terrestrial,158.603762337124,94.2836263284608,65.0528340971151,50.992146,893.334270320412,8.75952808811392,1.60473505808276,-Inf,Inf,65.0528340971151
22,105,4,BS2,Terrestrial,1289.96390375941,150.312170565512,9.02428986006427,19.3879968795305,893.334270320412,15.3588889020914,1.58807306615672,-Inf,Inf,9.02428986006427
22,105,5,BS1,Terrestrial,2496.53115061175,142.593731492218,16.7427289333577,50.992146,893.334270320412,8.75952808811392,1.57944446909455,-Inf,Inf,16.7427289333577
22,105,6,None,Outage,4576.26928829528,167.234390033639,-7.89792960806318,NaN,NaN,Inf,1.63917113765697,-Inf,Inf,-7.89792960806318
23,110,1,BS2,Terrestrial,295.272687326099,89.8949674840999,69.441492941476,25.496073,893.334270320412,8.75952808811392,1.92376094245907,-Inf,Inf,69.441492941476
23,110,2,BS2,Terrestrial,144.900842099444,121.522999274497,37.8134611510793,25.496073,893.334270320412,8.75952808811392,1.91961071537004,-Inf,Inf,37.8134611510793
23,110,3,BS1,Terrestrial,158.603762337124,117.966789227577,41.3696711979992,50.992146,893.334270320412,8.75952808811392,1.92648123113888,-Inf,Inf,41.3696711979992
23,110,4,BS2,Terrestrial,1289.96390375941,150.241020536424,9.09543988915206,14.6375017976408,893.334270320412,15.2576287038337,1.90959250140915,-Inf,Inf,9.09543988915206
23,110,5,BS1,Terrestrial,2496.53115061175,146.718557273953,12.6179031516232,39.1843499942078,893.334270320412,11.3991207006428,1.90084896585069,-Inf,Inf,12.6179031516232
23,110,6,BS2,Terrestrial,4576.26928829528,162.939985481796,-3.60352505621995,2.3969813595234,893.334270320412,93.1728428728829,1.96137913604198,-Inf,Inf,-3.60352505621995
24,115,1,BS2,Terrestrial,295.272687326099,88.3641449683792,70.9723154571967,50.992146,893.334270320412,8.75952808811392,2.24987220721894,-Inf,Inf,70.9723154571967
24,115,2,BS2,Terrestrial,144.900842099444,117.041964774779,42.294495650797,50.992146,893.334270320412,8.75952808811392,2.24566438460823,-Inf,Inf,42.294495650797
24,115,3,BS1,Terrestrial,158.603762337124,99.9006651701694,59.4357952554064,33.994764,893.334270320412,8.75952808811392,2.25263010633904,-Inf,Inf,59.4357952554064
24,115,4,BS1,Terrestrial,1684.50527938871,156.828938651642,2.50752177393417,9.03184406076102,893.334270320412,32.9697997555677,2.2355059453473,-Inf,Inf,2.50752177393417
24,115,5,BS1,Terrestrial,2496.53115061175,149.53632370253,9.80013672304565,20.8031166602735,893.334270320412,14.3141095139582,2.22664306828409,-Inf,Inf,9.80013672304565
24,115,6,None,Outage,4576.26928829528,173.442174126856,-14.1057137012797,NaN,NaN,Inf,2.28800755264937,-Inf,Inf,-14.1057137012797
25,120,1,BS2,Terrestrial,295.272687326099,92.6240514177409,66.712409007835,33.994764,893.334270320412,8.75952808811392,2.58055425381268,-Inf,Inf,66.712409007835
25,120,2,BS2,Terrestrial,144.900842099444,113.336020181726,46.00044024385,33.994764,893.334270320412,8.75952808811392,2.57628660113246,-Inf,Inf,46.00044024385
25,120,3,BS1,Terrestrial,158.603762337124,103.207077966828,56.1293824587479,50.992146,893.334270320412,8.75952808811392,2.58335122256585,-Inf,Inf,56.1293824587479
25,120,4,BS2,Terrestrial,1289.96390375941,151.376097305062,7.9603631205139,17.4935829845828,893.334270320412,17.022132651112,2.5659824961137,-Inf,Inf,7.9603631205139
25,120,5,BS1,Terrestrial,2496.53115061175,150.831862775969,8.50459764960684,27.6831790378192,893.334270320412,16.134965371932,2.55699565240967,-Inf,Inf,8.50459764960684
25,120,6,None,Outage,4576.26928829528,167.897841474574,-8.5613810489985,NaN,NaN,Inf,2.61922682202676,-Inf,Inf,-8.5613810489985
26,125,1,BS2,Terrestrial,295.272687326099,91.9369981639462,67.3994622616297,33.994764,893.334270320412,8.75952808811392,2.91598517410858,-Inf,Inf,67.3994622616297
26,125,2,BS2,Terrestrial,144.900842099444,111.380163268936,47.95629715664,33.994764,893.334270320412,8.75952808811392,2.91165534234051,-Inf,Inf,47.95629715664
26,125,3,BS1,Terrestrial,158.603762337124,100.468947795872,58.8675126297037,33.994764,893.334270320412,8.75952808811392,2.91882274638039,-Inf,Inf,58.8675126297037
26,125,4,BS1,Terrestrial,1684.50527938871,159.621901291703,-0.285440866126692,5.83461324639769,893.334270320412,51.0364744896594,2.90119985190402,-Inf,Inf,-0.285440866126692
26,125,5,BS1,Terrestrial,2496.53115061175,145.132947819156,14.2035126064197,29.205220195715,893.334270320412,10.1960570100579,2.89208418045474,-Inf,Inf,14.2035126064197
26,125,6,BS2,Terrestrial,4576.26928829528,164.456098259839,-5.11963783426299,2.36819683374038,893.334270320412,125.740430805528,2.95521606233376,-Inf,Inf,-5.11963783426299
27,130,1,BS2,Terrestrial,295.272687326099,86.5115085686312,72.8249518569447,25.496073,893.334270320412,8.75952808811392,3.25635222557756,-Inf,Inf,72.8249518569447
27,130,2,BS2,Terrestrial,144.900842099444,117.790707326932,41.5457530986437,25.496073,893.334270320412,8.75952808811392,3.25195774398915,-Inf,Inf,41.5457530986437
27,130,3,BS1,Terrestrial,158.603762337124,101.412896794587,57.9235636309893,50.992146,893.334270320412,8.75952808811392,3.25923201466807,-Inf,Inf,57.9235636309893
27,130,4,BS2,Terrestrial,1289.96390375941,147.276323223118,12.0601372024582,18.7886344379046,893.334270320412,11.8866311608865,3.24134485156575,-Inf,Inf,12.0601372024582
27,130,5,BS1,Terrestrial,2496.53115061175,147.761436067755,11.5750243578207,36.1892775308623,893.334270320412,12.3425270034553,3.2320952404387,-Inf,Inf,11.5750243578207
27,130,6,BS2,Terrestrial,4576.26928829528,161.430533233896,-2.09407280831982,3.18412709125616,893.334270320412,70.1396524634311,3.29616362211516,-Inf,Inf,-2.09407280831982
28,135,1,BS2,Terrestrial,295.272687326099,90.4420082499789,68.894452175597,33.994764,893.334270320412,8.75952808811392,3.60185241392316,-Inf,Inf,68.894452175597
28,135,2,BS2,Terrestrial,144.900842099444,110.784027032154,48.5524333934221,33.994764,893.334270320412,8.75952808811392,3.59739068228289,-Inf,Inf,48.5524333934221
28,135,3,BS1,Terrestrial,158.603762337124,112.241153196438,47.0953072291382,50.992146,893.334270320412,8.75952808811392,3.60477611762124,-Inf,Inf,47.0953072291382
28,135,4,BS2,Terrestrial,1289.96390375941,156.926868335906,2.40959208967013,8.90485014212114,893.334270320412,33.4399889222474,3.58661405535973,-Inf,Inf,2.40959208967013
28,135,5,BS1,Terrestrial,2496.53115061175,142.202225290365,17.1342351352108,50.992146,893.334270320412,8.75952808811392,3.57722512583002,-Inf,Inf,17.1342351352108
28,135,6,None,Outage,4576.26928829528,171.267258257799,-11.9307978322227,NaN,NaN,Inf,3.64226766775834,-Inf,Inf,-11.9307978322227
29,140,1,BS2,Terrestrial,295.272687326099,90.2019027187064,69.1345577068694,25.496073,893.334270320412,8.75952808811392,3.95269311944138,-Inf,Inf,69.1345577068694
29,140,2,BS2,Terrestrial,144.900842099444,107.860218260627,51.4762421649491,25.496073,893.334270320412,8.75952808811392,3.94816139964613,-Inf,Inf,51.4762421649491
29,140,3,BS1,Terrestrial,158.603762337124,100.008510452441,59.3279499731347,50.992146,893.334270320412,8.75952808811392,3.95566252548161,-Inf,Inf,59.3279499731347
29,140,4,BS2,Terrestrial,1289.96390375941,154.697939960271,4.63852046530457,9.0288392993866,893.334270320412,24.735578979158,3.9372143692919,-Inf,Inf,4.63852046530457
29,140,5,BS1,Terrestrial,2496.53115061175,146.831043088893,12.5054173366831,38.859340548576,893.334270320412,11.4944599896607,3.92768045867972,-Inf,Inf,12.5054173366831
29,140,6,BS2,Terrestrial,4576.26928829528,166.252181872448,-6.91572144687228,1.22626185868119,893.334270320412,182.12551095758,3.99373681509078,-Inf,Inf,-6.91572144687228
30,145,1,BS2,Terrestrial,295.272687326099,89.9782555003595,69.3582049252164,25.496073,893.334270320412,8.75952808811392,4.30909277085485,-Inf,Inf,69.3582049252164
30,145,2,BS2,Terrestrial,144.900842099444,114.216108784714,45.1203516408614,25.496073,893.334270320412,8.75952808811392,4.30448817791925,-Inf,Inf,45.1203516408614
30,145,3,BS1,Terrestrial,158.603762337124,97.5307669028565,61.8056935227194,50.992146,893.334270320412,8.75952808811392,4.31210976278974,-Inf,Inf,61.8056935227194
30,145,4,BS2,Terrestrial,1289.96390375941,159.494426037784,-0.157965612208187,4.47066482150384,893.334270320412,49.9553369570162,4.29336371674437,-Inf,Inf,-0.157965612208187
30,145,5,BS1,Terrestrial,2496.53115061175,146.099391146639,13.2370692789373,40.980889363459,893.334270320412,10.8994007230717,4.2836788599518,-Inf,Inf,13.2370692789373
30,145,6,BS2,Terrestrial,4576.26928829528,165.155081101383,-5.81862067580673,1.54040062981638,893.334270320412,144.984079633053,4.35079080890036,-Inf,Inf,-5.81862067580673
31,150,1,BS2,Terrestrial,295.272687326099,90.9653114482239,68.371148977352,33.994764,893.334270320412,8.75952808811392,4.67128157071842,-Inf,Inf,68.371148977352
31,150,2,BS2,Terrestrial,144.900842099444,116.345622888257,42.9908375373185,33.994764,893.334270320412,8.75952808811392,4.66660106307071,-Inf,Inf,42.9908375373185
31,150,3,BS1,Terrestrial,158.603762337124,99.2089204359927,60.1275399895831,50.992146,893.334270320412,8.75952808811392,4.67434813424205,-Inf,Inf,60.1275399895831
31,150,4,BS2,Terrestrial,1289.96390375941,151.280648236941,8.05581218863512,17.6611278011704,893.334270320412,16.8606497534699,4.65529176148635,-Inf,Inf,8.05581218863512
31,150,5,BS1,Terrestrial,2496.53115061175,161.872329308675,-2.53586888309957,5.86998793616884,893.334270320412,76.0933651001218,4.64544967112161,-Inf,Inf,-2.53586888309957
31,150,6,None,Outage,4576.26928829528,167.417049507876,-8.08058908229989,NaN,NaN,Inf,4.71366125451834,-Inf,Inf,-8.08058908229989
32,155,1,BS2,Terrestrial,295.272687326099,88.8446910022451,70.4917694233307,33.994764,893.334270320412,8.75952808811392,5.03950227688527,-Inf,Inf,70.4917694233307
32,155,2,BS2,Terrestrial,144.900842099444,116.252514450667,43.083945974909,33.994764,893.334270320412,8.75952808811392,5.03474264590894,-Inf,Inf,43.083945974909
32,155,3,BS1,Terrestrial,158.603762337124,105.895346427309,53.441113998267,50.992146,893.334270320412,8.75952808811392,5.04262050664768,-Inf,Inf,53.441113998267
32,155,4,BS2,Terrestrial,1289.96390375941,150.606301170583,8.73015925499249,18.8585926518353,893.334270320412,15.790048367041,5.02324068653554,-Inf,Inf,8.73015925499249
32,155,5,BS1,Terrestrial,2496.53115061175,152.781276109637,6.55518431593882,22.6351442624863,893.334270320412,19.7333460737194,5.01323473150204,-Inf,Inf,6.55518431593882
32,155,6,None,Outage,4576.26928829528,169.935213273087,-10.5987528475115,NaN,NaN,Inf,5.08259240600039,-Inf,Inf,-10.5987528475115
33,160,1,BS2,Terrestrial,295.272687326099,91.4850546597472,67.8514057658287,33.994764,893.334270320412,8.75952808811392,5.41401104495059,-Inf,Inf,67.8514057658287
33,160,2,BS2,Terrestrial,144.900842099444,108.361275569229,50.9751848563464,33.994764,893.334270320412,8.75952808811392,5.40916890370546,-Inf,Inf,50.9751848563464
33,160,3,BS1,Terrestrial,158.603762337124,119.05471035672,40.2817500688563,50.992146,893.334270320412,8.75952808811392,5.41718315190613,-Inf,Inf,40.2817500688563
33,160,4,BS2,Terrestrial,1289.96390375941,147.553793199704,11.7826672258714,24.5214698641107,893.334270320412,12.1435660976681,5.39746603376693,-Inf,Inf,11.7826672258714
33,160,5,BS1,Terrestrial,2496.53115061175,141.393954315399,17.9425061101767,50.992146,893.334270320412,8.75952808811392,5.38728921618275,-Inf,Inf,17.9425061101767
33,160,6,None,Outage,4576.26928829528,167.853470829863,-8.51701040428716,NaN,NaN,Inf,5.45784201587417,-Inf,Inf,-8.51701040428716
34,165,1,BS2,Terrestrial,295.272687326099,87.478287858597,71.8581725669789,50.992146,893.334270320412,8.75952808811392,5.79507833706474,-Inf,Inf,71.8581725669789
34,165,2,BS2,Terrestrial,144.900842099444,120.933762458352,38.402697967224,50.992146,893.334270320412,8.75952808811392,5.79015010811459,-Inf,Inf,38.402697967224
34,165,3,BS1,Terrestrial,158.603762337124,108.55328426005,50.7831761655254,33.994764,893.334270320412,8.75952808811392,5.79830665640178,-Inf,Inf,50.7831761655254
34,165,4,BS1,Terrestrial,1684.50527938871,158.814401090546,0.522059335029809,6.66661697166987,893.334270320412,44.6670464753303,5.77823760963864,-Inf,Inf,0.522059335029809
34,165,5,BS1,Terrestrial,2496.53115061175,143.322315800303,16.0141446252731,32.7754148618399,893.334270320412,9.08541024917749,5.7678825399394,-Inf,Inf,16.0141446252731
34,165,6,None,Outage,4576.26928829528,172.590149461401,-13.2536890358253,NaN,NaN,Inf,5.83968225190205,-Inf,Inf,-13.2536890358253
35,170,1,BS2,Terrestrial,295.272687326099,93.7743747530496,65.5620856725263,50.992146,893.334270320412,8.75952808811392,6.18298990302743,-Inf,Inf,65.5620856725263
35,170,2,BS2,Terrestrial,144.900842099444,122.782379464855,36.5540809607212,50.992146,893.334270320412,8.75952808811392,6.17797180529409,-Inf,Inf,36.5540809607212
35,170,3,BS1,Terrestrial,158.603762337124,120.940592021997,38.3958684035792,33.994764,893.334270320412,8.75952808811392,6.18627690273124,-Inf,Inf,38.3958684035792
35,170,4,BS1,Terrestrial,1684.50527938871,153.31252264014,6.02393778543575,14.2156291265521,893.334270320412,20.9472326167127,6.16584046292135,-Inf,Inf,6.02393778543575
35,170,5,BS1,Terrestrial,2496.53115061175,142.068005618817,17.2684548067593,33.994764,893.334270320412,8.75952808811392,6.1552993329853,-Inf,Inf,17.2684548067593
35,170,6,None,Outage,4576.26928829528,174.09972311564,-14.7632626900639,NaN,NaN,Inf,6.22840068683198,-Inf,Inf,-14.7632626900639
36,175,1,BS2,Terrestrial,295.272687326099,92.0682861037364,67.2681743218394,33.994764,893.334270320412,8.75952808811392,6.57804784014914,-Inf,Inf,67.2681743218394
36,175,2,BS2,Terrestrial,144.900842099444,114.630559091176,44.7059013344,33.994764,893.334270320412,8.75952808811392,6.57293587470538,-Inf,Inf,44.7059013344
36,175,3,BS1,Terrestrial,158.603762337124,93.5380962404278,65.798364185148,50.992146,893.334270320412,8.75952808811392,6.58139613025491,-Inf,Inf,65.798364185148
36,175,4,BS2,Terrestrial,1289.96390375941,152.41889706702,6.91756335855607,15.6979275244121,893.334270320412,18.9692613654716,6.56057594089093,-Inf,Inf,6.91756335855607
36,175,5,BS1,Terrestrial,2496.53115061175,144.139602696379,15.1968577291968,46.7375946166688,893.334270320412,9.55691320496208,6.54984049500941,-Inf,Inf,15.1968577291968
36,175,6,None,Outage,4185.25875071361,175.489887171454,-16.1534267458786,NaN,NaN,Inf,6.62430136769175,-Inf,Inf,-16.1534267458786
37,180,1,BS2,Terrestrial,295.272687326099,89.7426457002563,69.5938147253196,50.992146,893.334270320412,8.75952808811392,6.98057173899924,-Inf,Inf,69.5938147253196
37,180,2,BS2,Terrestrial,144.900842099444,113.293320910523,46.0431395150526,50.992146,893.334270320412,8.75952808811392,6.9753616737042,-Inf,Inf,46.0431395150526
37,180,3,BS1,Terrestrial,158.603762337124,99.243192226343,60.0932681992329,33.994764,893.334270320412,8.75952808811392,6.98398408159787,-Inf,Inf,60.0932681992329
37,180,4,BS1,Terrestrial,1684.50527938871,154.544224530704,4.79223589487199,12.2720750458721,893.334270320412,24.2646894672443,6.96276283107353,-Inf,Inf,4.79223589487199
37,180,5,BS1,Terrestrial,2496.53115061175,147.32230977406,12.0141506515164,24.9635253681517,893.334270320412,11.9285271497233,6.95182433457317,-Inf,Inf,12.0141506515164
37,180,6,None,Outage,4576.26928829528,169.048878959968,-9.71241853439173,NaN,NaN,Inf,7.02770597182075,-Inf,Inf,-9.71241853439173
38,185,1,BS2,Terrestrial,295.272687326099,89.9353922823836,69.4010681431923,25.496073,893.334270320412,8.75952808811392,7.39089992285146,-Inf,Inf,69.4010681431923
38,185,2,BS2,Terrestrial,144.900842099444,113.777990861064,45.5584695645123,25.496073,893.334270320412,8.75952808811392,7.38558727572273,-Inf,Inf,45.5584695645123
38,185,3,BS1,Terrestrial,158.603762337124,103.750577733819,55.5858826917567,50.992146,893.334270320412,8.75952808811392,7.39437924291657,-Inf,Inf,55.5858826917567
38,185,4,BS2,Terrestrial,1289.96390375941,153.335008344091,6.00145208148513,10.6343035075647,893.334270320412,21.0012406944409,7.37273859632101,-Inf,Inf,6.00145208148513
38,185,5,BS1,Terrestrial,2496.53115061175,146.958060618787,12.3783998067891,38.4928823999988,893.334270320412,11.6038890130041,7.36158780162517,-Inf,Inf,12.3783998067891
38,185,6,BS2,Terrestrial,4576.26928829528,166.076989590803,-6.74052916522709,1.27218219956765,893.334270320412,175.551558303522,7.43895505753237,-Inf,Inf,-6.74052916522709
39,190,1,BS2,Terrestrial,295.272687326099,90.5536552923574,68.7828051332184,33.994764,893.334270320412,8.75952808811392,7.80939078940619,-Inf,Inf,68.7828051332184
39,190,2,BS2,Terrestrial,144.900842099444,123.160536162863,36.175924262713,33.994764,893.334270320412,8.75952808811392,7.80397081061259,-Inf,Inf,36.175924262713
39,190,3,BS1,Terrestrial,158.603762337124,113.930821330442,45.4056390951339,50.992146,893.334270320412,8.75952808811392,7.8129401865178,-Inf,Inf,45.4056390951339
39,190,4,BS2,Terrestrial,1289.96390375941,151.014689443258,8.32177098231767,18.1305809253567,893.334270320412,16.4240788164898,7.79086071176006,-Inf,Inf,8.32177098231767
39,190,5,BS1,Terrestrial,2496.53115061175,143.325473719897,16.0109867056791,49.1537274287572,893.334270320412,9.08714676435474,7.77948782165636,-Inf,Inf,16.0109867056791
39,190,6,None,Outage,4576.26928829528,169.53695647878,-10.2004960532045,NaN,NaN,Inf,7.85840941807725,-Inf,Inf,-10.2004960532045
40,195,1,BS2,Terrestrial,295.272687326099,91.469163762935,67.8672966626409,33.994764,893.334270320412,8.75952808811392,8.23642426420617,-Inf,Inf,67.8672966626409
40,195,2,BS2,Terrestrial,144.900842099444,119.25950533192,40.0769550936557,33.994764,893.334270320412,8.75952808811392,8.23089191655358,-Inf,Inf,40.0769550936557
40,195,3,BS1,Terrestrial,158.603762337124,111.325892934668,48.0105674909078,50.992146,893.334270320412,8.75952808811392,8.24004702525358,-Inf,Inf,48.0105674909078
40,195,4,BS2,Terrestrial,1289.96390375941,156.996299957588,2.34016046798823,8.81544195079489,893.334270320412,33.7791447971538,8.21750811299151,-Inf,Inf,2.34016046798823
40,195,5,BS1,Terrestrial,2496.53115061175,153.439030952232,5.89742947334381,21.0156674063582,893.334270320412,21.2540066667151,8.20590274085032,-Inf,Inf,5.89742947334381
40,195,6,None,Outage,4576.26928829528,167.760441594452,-8.42398116887628,NaN,NaN,Inf,8.28645154842284,-Inf,Inf,-8.42398116887628
41,200,1,BS2,Terrestrial,295.272687326099,89.4490644718294,69.8873959537465,33.994764,893.334270320412,8.75952808811392,8.67240337608396,-Inf,Inf,69.8873959537465
41,200,2,BS2,Terrestrial,144.900842099444,110.140302774789,49.1961576507868,33.994764,893.334270320412,8.75952808811392,8.66675331385439,-Inf,Inf,49.1961576507868
41,200,3,BS1,Terrestrial,158.603762337124,97.0943636978879,62.242096727688,50.992146,893.334270320412,8.75952808811392,8.67610298903859,-Inf,Inf,62.242096727688
41,200,4,BS2,Terrestrial,1289.96390375941,147.960978474923,11.3754819506533,23.7474770514145,893.334270320412,12.5393568951388,8.65308276583499,-Inf,Inf,11.3754819506533
41,200,5,BS1,Terrestrial,2496.53115061175,148.686463118361,10.6499973072144,33.5713399523216,893.334270320412,13.3050136156188,8.64123389249834,-Inf,Inf,10.6499973072144
41,200,6,None,Outage,4576.26928829528,171.801497956094,-12.4650375305178,NaN,NaN,Inf,8.72348723529668,-Inf,Inf,-12.4650375305178
42,205,1,BS2,Terrestrial,295.272687326099,91.3591420194286,67.9773184061472,25.496073,893.334270320412,8.75952808811392,9.11775596599185,-Inf,Inf,67.9773184061472
42,205,2,BS2,Terrestrial,144.900842099444,119.760888530573,39.5755718950032,25.496073,893.334270320412,8.75952808811392,9.11198251198183,-Inf,Inf,39.5755718950032
42,205,3,BS1,Terrestrial,158.603762337124,100.597965596985,58.7384948285913,50.992146,893.334270320412,8.75952808811392,9.12153613484962,-Inf,Inf,58.7384948285913
42,205,4,BS2,Terrestrial,1289.96390375941,155.769267726846,3.56719269872985,7.85298541629281,893.334270320412,28.4393203019003,9.0980113689211,-Inf,Inf,3.56719269872985
42,205,5,BS1,Terrestrial,2496.53115061175,148.80898492528,10.5274755002959,33.2277132217326,893.334270320412,13.4426083486258,9.0859072959555,-Inf,Inf,10.5274755002959
42,205,6,BS2,Terrestrial,4576.26928829528,161.874537854179,-2.53807742860306,2.93378847922807,893.334270320412,76.1246317385723,9.16994728196224,-Inf,Inf,-2.53807742860306
43,210,1,BS2,Terrestrial,295.272687326099,89.6848738974999,69.6515865280759,25.496073,893.334270320412,8.75952808811392,9.57293654166637,-Inf,Inf,69.6515865280759
43,210,2,BS2,Terrestrial,144.900842099444,111.03138071606,48.3050797095155,25.496073,893.334270320412,8.75952808811392,9.5670336622563,-Inf,Inf,48.3050797095155
43,210,3,BS1,Terrestrial,158.603762337124,99.564963474846,59.7714969507299,101.984292,893.334270320412,8.75952808811392,9.57680120266886,-Inf,Inf,59.7714969507299
43,210,4,BS2,Terrestrial,1289.96390375941,150.530685738628,8.80577468694739,14.2457236823493,893.334270320412,15.6772356785789,9.55274720153129,-Inf,Inf,8.80577468694739
43,210,5,BS2,Terrestrial,2067.2298489109,155.179366097551,4.15709432802501,8.49041361598456,893.334270320412,26.304203503071,9.54037550050793,-Inf,Inf,4.15709432802501
43,210,6,None,Outage,4576.26928829528,175.803038550289,-16.4665781247132,NaN,NaN,Inf,9.62628938030953,-Inf,Inf,-16.4665781247132
44,215,1,BS2,Terrestrial,295.272687326099,90.1554852614071,69.1809751641688,33.994764,893.334270320412,8.75952808811392,10.0384282917899,-Inf,Inf,69.1809751641688
44,215,2,BS2,Terrestrial,144.900842099444,113.103306839912,46.2331535856639,33.994764,893.334270320412,8.75952808811392,10.0323895698592,-Inf,Inf,46.2331535856639
44,215,3,BS1,Terrestrial,158.603762337124,114.972413331693,44.364047093883,50.992146,893.334270320412,8.75952808811392,10.0423816310437,-Inf,Inf,44.364047093883
44,215,4,BS2,Terrestrial,1289.96390375941,148.291538149487,11.044922276089,23.1227329216362,893.334270320412,12.8781529032915,10.0177721302902,-Inf,Inf,11.044922276089
44,215,5,BS1,Terrestrial,2496.53115061175,143.199994574467,16.1364658511087,49.5271573005279,893.334270320412,9.01863057574365,10.0051195877247,-Inf,Inf,16.1364658511087
44,215,6,None,Outage,4576.26928829528,172.178466809128,-12.842006383552,NaN,NaN,Inf,10.0930001440628,-Inf,Inf,-12.842006383552
45,220,1,BS2,Terrestrial,295.272687326099,90.0743813179263,69.2620791076495,33.994764,893.334270320412,8.75952808811392,10.5147452746215,-Inf,Inf,69.2620791076495
45,220,2,BS1,Terrestrial,565.376556244471,131.945061499268,27.3913989263078,33.994764,893.334270320412,8.75952808811392,10.5085638801071,-Inf,Inf,27.3913989263078
45,220,3,BS1,Terrestrial,158.603762337124,100.337482563696,58.9989778618799,33.994764,893.334270320412,8.75952808811392,10.5187917472477,-Inf,Inf,58.9989778618799
45,220,4,BS2,Terrestrial,1289.96390375941,148.095002197148,11.2414582284281,23.4937753123377,893.334270320412,12.6747653856393,10.4935987896208,-Inf,Inf,11.2414582284281
45,220,5,BS1,Terrestrial,2496.53115061175,141.854824173599,17.4816362519765,33.994764,893.334270320412,8.75952808811392,10.4806513471698,-Inf,Inf,17.4816362519765
45,220,6,BS2,Terrestrial,4576.26928829528,166.611836580494,-7.27537615491846,1.51558743972263,893.334270320412,196.477011027025,10.5705973182311,-Inf,Inf,-7.27537615491846
46,225,1,BS2,Terrestrial,295.272687326099,87.5388992574032,71.7975611681727,25.496073,893.334270320412,8.75952808811392,11.002434797497,-Inf,Inf,71.7975611681727
46,225,2,BS2,Terrestrial,144.900842099444,113.087748517114,46.2487119084622,25.496073,893.334270320412,8.75952808811392,10.9961034553727,-Inf,Inf,46.2487119084622
46,225,3,BS1,Terrestrial,158.603762337124,100.829924322586,58.5065361029897,50.992146,893.334270320412,8.75952808811392,11.0065791484523,-Inf,Inf,58.5065361029897
46,225,4,BS2,Terrestrial,1289.96390375941,148.34068195018,10.9957784753957,17.2726071959198,893.334270320412,12.9299280095283,10.980772952293,-Inf,Inf,10.9957784753957
46,225,5,BS1,Terrestrial,2496.53115061175,145.28285516162,14.0536052639557,43.3676951505768,893.334270320412,10.299535947422,10.9675156417685,-Inf,Inf,14.0536052639557
46,225,6,BS2,Terrestrial,4576.26928829528,161.726136151418,-2.3896757258423,3.01566856186215,893.334270320412,74.0577298196844,11.059632181364,-Inf,Inf,-2.3896757258423
47,230,1,BS2,Terrestrial,295.272687326099,87.7446629513763,71.5917974741996,50.992146,893.334270320412,8.75952808811392,11.5020800051334,-Inf,Inf,71.5917974741996
47,230,2,BS2,Terrestrial,144.900842099444,108.74839358693,50.5880668386463,50.992146,893.334270320412,8.75952808811392,11.4955909605687,-Inf,Inf,50.5880668386463
47,230,3,BS1,Terrestrial,158.603762337124,100.81257848319,58.5238819423861,33.994764,893.334270320412,8.75952808811392,11.5063272918626,-Inf,Inf,58.5238819423861
47,230,4,BS1,Terrestrial,1684.50527938871,154.418638872715,4.91782155286083,12.4644822618991,893.334270320412,23.8901290763627,11.4798761079301,-Inf,Inf,4.91782155286083
47,230,5,BS1,Terrestrial,2496.53115061175,157.740621597849,1.59583882772677,7.89037549793179,893.334270320412,37.7394067221334,11.4662929806521,-Inf,Inf,1.59583882772677
47,230,6,None,Outage,4576.26928829528,170.850860523769,-11.5144000981929,NaN,NaN,Inf,11.5606921587267,-Inf,Inf,-11.5144000981929
48,235,1,BS2,Terrestrial,295.272687326099,91.4125133431422,67.9239470824337,25.496073,893.334270320412,8.75952808811392,12.0143026963307,-Inf,Inf,67.9239470824337
48,235,2,BS2,Terrestrial,144.900842099444,113.311035031057,46.0254253945185,25.496073,893.334270320412,8.75952808811392,12.0076476767624,-Inf,Inf,46.0254253945185
48,235,3,BS1,Terrestrial,158.603762337124,104.168233198735,55.1682272268406,50.992146,893.334270320412,8.75952808811392,12.0186583134184,-Inf,Inf,55.1682272268406
48,235,4,BS2,Terrestrial,1289.96390375941,151.776024290741,7.56043613483442,12.5978885984361,893.334270320412,17.7278570004046,11.9915282689845,-Inf,Inf,7.56043613483442
48,235,5,BS1,Terrestrial,2496.53115061175,148.568055274281,10.7684051512953,33.9041598694385,893.334270320412,13.1744050547271,11.9776023189501,-Inf,Inf,10.7684051512953
48,235,6,BS2,Terrestrial,4576.26928829528,162.79140313144,-3.45494270586454,2.46660863233171,893.334270320412,90.54276574431,12.0744036661725,-Inf,Inf,-3.45494270586454
49,240,1,BS2,Terrestrial,295.272687326099,90.5449406725486,68.7915197530272,33.994764,893.334270320412,8.75952808811392,12.539766390425,-Inf,Inf,68.7915197530272
49,240,2,BS2,Terrestrial,144.900842099444,113.277957222989,46.0585032025865,33.994764,893.334270320412,8.75952808811392,12.532936564255,-Inf,Inf,46.0585032025865
49,240,3,BS1,Terrestrial,158.603762337124,99.6698886244954,59.6665718010805,50.992146,893.334270320412,8.75952808811392,12.5442360964344,-Inf,Inf,59.6665718010805
49,240,4,BS2,Terrestrial,1289.96390375941,149.455289762408,9.88117066316775,20.9523763157322,893.334270320412,14.2121392638035,12.5163910254549,-Inf,Inf,9.88117066316775
49,240,5,BS1,Terrestrial,2496.53115061175,144.604147143506,14.73231328207,45.3647408804954,893.334270320412,9.84612997871771,12.5021041057582,-Inf,Inf,14.73231328207
49,240,6,None,Outage,4576.26928829528,173.589470128207,-14.253009702631,NaN,NaN,Inf,12.6014352062671,-Inf,Inf,-14.253009702631
50,245,1,BS2,Terrestrial,295.272687326099,86.005198510726,73.3312619148498,33.994764,893.334270320412,8.75952808811392,13.0791796667149,-Inf,Inf,73.3312619148498
50,245,2,BS2,Terrestrial,144.900842099444,127.967381626521,31.369078799055,33.994764,893.334270320412,8.75952808811392,13.0721655983197,-Inf,Inf,31.369078799055
50,245,3,BS1,Terrestrial,158.603762337124,100.709852433239,58.6266079923369,50.992146,893.334270320412,8.75952808811392,13.0837696134152,-Inf,Inf,58.6266079923369
50,245,4,BS2,Terrestrial,1289.96390375941,144.904182453006,14.4322779725703,29.6537085732242,893.334270320412,10.0418498877298,13.0551708714762,-Inf,Inf,14.4322779725703
50,245,5,BS1,Terrestrial,2496.53115061175,143.653999362243,15.682461063333,48.1772924085867,893.334270320412,9.27132084078258,13.0405036033663,-Inf,Inf,15.682461063333
50,245,6,None,Outage,4576.26928829528,169.19700533313,-9.86054490755456,NaN,NaN,Inf,13.1425007400917,-Inf,Inf,-9.86054490755456
51,250,1,BS2,Terrestrial,295.272687326099,87.7491808176294,71.5872796079465,25.496073,893.334270320412,8.75952808811392,13.6332998020383,-Inf,Inf,71.5872796079465
51,250,2,BS2,Terrestrial,144.900842099444,116.001772104065,43.3346883215108,25.496073,893.334270320412,8.75952808811392,13.6260914027509,-Inf,Inf,43.3346883215108
51,250,3,BS1,Terrestrial,158.603762337124,96.5211867183208,62.8152737072551,50.992146,893.334270320412,8.75952808811392,13.6380165662384,-Inf,Inf,62.8152737072551
51,250,4,BS2,Terrestrial,1289.96390375941,152.27533412473,7.06112630084542,11.9558586912724,893.334270320412,18.6798433594011,13.6086228288669,-Inf,Inf,7.06112630084542
51,250,5,BS1,Terrestrial,2496.53115061175,154.541998529505,4.79446189607049,18.4132102411499,893.334270320412,24.257971820796,13.5935545027834,-Inf,Inf,4.79446189607049
51,250,6,BS2,Terrestrial,4576.26928829528,159.566247646159,-0.229787220582807,4.41713126441016,893.334270320412,50.560772187042,13.6983633601164,-Inf,Inf,-0.229787220582807
52,255,1,BS2,Terrestrial,295.272687326099,89.1111889598573,70.2252714657186,33.994764,893.334270320412,8.75952808811392,14.2029367336858,-Inf,Inf,70.2252714657186
52,255,2,BS2,Terrestrial,144.900842099444,118.114326503226,41.2221339223503,33.994764,893.334270320412,8.75952808811392,14.1955232083852,-Inf,Inf,41.2221339223503
52,255,3,BS1,Terrestrial,158.603762337124,102.008672425606,57.3277879999701,33.994764,893.334270320412,8.75952808811392,14.2077873519102,-Inf,Inf,57.3277879999701
52,255,4,BS1,Terrestrial,1684.50527938871,153.844200362805,5.49226006277075,13.361608042714,893.334270320412,22.2860967897633,14.177554394724,-Inf,Inf,5.49226006277075
52,255,5,BS1,Terrestrial,2496.53115061175,152.72313586408,6.61332456149543,15.1870156661443,893.334270320412,19.6074131121513,14.1620628626033,-Inf,Inf,6.61332456149543
52,255,6,BS2,Terrestrial,4576.26928829528,166.330194402958,-6.99373397738208,1.60840424783614,893.334270320412,185.13883590361,14.2698392915429,-Inf,Inf,-6.99373397738208
53,260,1,BS2,Terrestrial,295.272687326099,90.2331536081921,69.1033068173838,25.496073,893.334270320412,8.75952808811392,14.7889573768767,-Inf,Inf,69.1033068173838
53,260,2,BS2,Terrestrial,144.900842099444,107.559944083549,51.7765163420271,25.496073,893.334270320412,8.75952808811392,14.7813271657914,-Inf,Inf,51.7765163420271
53,260,3,BS1,Terrestrial,158.603762337124,103.676656386358,55.6598040392174,50.992146,893.334270320412,8.75952808811392,14.7939493831342,-Inf,Inf,55.6598040392174
53,260,4,BS2,Terrestrial,1289.96390375941,146.478791607538,12.8576688180375,19.9392800196545,893.334270320412,11.2006836435398,14.7628298421937,-Inf,Inf,12.8576688180375
53,260,5,BS1,Terrestrial,2496.53115061175,154.282447314212,5.05401311136393,19.0120140282175,893.334270320412,23.49394096266,14.7468914002903,-Inf,Inf,5.05401311136393
53,260,6,BS2,Terrestrial,4576.26928829528,164.786079070135,-5.44961864455945,1.6611704972045,893.334270320412,134.443495087313,14.8578022515521,-Inf,Inf,-5.44961864455945
54,265,1,BS2,Terrestrial,295.272687326099,88.8812922759787,70.4551681495972,25.496073,893.334270320412,8.75952808811392,15.3922903280141,-Inf,Inf,70.4551681495972
54,265,2,BS2,Terrestrial,144.900842099444,118.160066755786,41.1763936697899,25.496073,893.334270320412,8.75952808811392,15.3844310433227,-Inf,Inf,41.1763936697899
54,265,3,BS1,Terrestrial,158.603762337124,100.847265199513,58.4891952260632,50.992146,893.334270320412,8.75952808811392,15.3974317949276,-Inf,Inf,58.4891952260632
54,265,4,BS2,Terrestrial,1289.96390375941,150.868406283843,8.46805414173306,13.7927848546947,893.334270320412,16.1920576542659,15.3653749055404,-Inf,Inf,8.46805414173306
54,265,5,BS1,Terrestrial,2496.53115061175,154.088764023406,5.24769640217016,19.4644595900735,893.334270320412,22.9478313072713,15.3489641669666,-Inf,Inf,5.24769640217016
54,265,6,BS2,Terrestrial,4576.26928829528,166.405009768685,-7.06854934310874,1.18744111998643,893.334270320412,188.07969828656,15.4631881978682,-Inf,Inf,-7.06854934310874
55,270,1,BS2,Terrestrial,295.272687326099,92.0407306408517,67.2957297847242,33.994764,893.334270320412,8.75952808811392,16.0139309868172,-Inf,Inf,67.2957297847242
55,270,2,BS2,Terrestrial,144.900842099444,105.678116998226,53.6583434273499,33.994764,893.334270320412,8.75952808811392,16.0058293436037,-Inf,Inf,53.6583434273499
55,270,3,BS1,Terrestrial,158.603762337124,111.062059105595,48.2744013199812,50.992146,893.334270320412,8.75952808811392,16.0192305703958,-Inf,Inf,48.2744013199812
55,270,4,BS2,Terrestrial,1289.96390375941,150.336784800529,8.99967562504719,19.343537354142,893.334270320412,15.3941900416183,15.9861818825212,-Inf,Inf,8.99967562504719
55,270,5,BS1,Terrestrial,2496.53115061175,146.408531130454,12.9279292951215,40.0823523058234,893.334270320412,11.1437355710112,15.9692716386703,-Inf,Inf,12.9279292951215
55,270,6,None,Outage,4185.25875071361,167.640347736914,-8.30388731133789,NaN,NaN,Inf,16.087000499906,-Inf,Inf,-8.30388731133789
56,275,1,BS2,Terrestrial,295.272687326099,88.8829968896723,70.4534635359036,33.994764,893.334270320412,8.75952808811392,16.6549471320674,-Inf,Inf,70.4534635359036
56,275,2,BS2,Terrestrial,144.900842099444,116.01410168669,43.3223587388863,33.994764,893.334270320412,8.75952808811392,16.6465888731716,-Inf,Inf,43.3223587388863
56,275,3,BS1,Terrestrial,158.603762337124,100.12503483554,59.2114255900354,33.994764,893.334270320412,8.75952808811392,16.6604141204147,-Inf,Inf,59.2114255900354
56,275,4,BS1,Terrestrial,1684.50527938871,151.62392086016,7.71253956541608,17.0609575306748,893.334270320412,17.453773598077,16.6263151887264,-Inf,Inf,7.71253956541608
56,275,5,BS1,Terrestrial,2496.53115061175,160.293164259247,-0.956703833671213,5.20095080258241,893.334270320412,57.2545485258098,16.6088762587188,-Inf,Inf,-0.956703833671213
56,275,6,BS2,Terrestrial,4576.26928829528,162.570398926345,-3.23393850076914,3.43100296061994,893.334270320412,86.7903914757914,16.7303155673636,-Inf,Inf,-3.23393850076914
57,280,1,BS2,Terrestrial,295.272687326099,89.9863154994443,69.3501449261315,33.994764,893.334270320412,8.75952808811392,17.316484986961,-Inf,Inf,69.3501449261315
57,280,2,BS2,Terrestrial,144.900842099444,113.018095305326,46.3183651202499,33.994764,893.334270320412,8.75952808811392,17.3078548012473,-Inf,Inf,46.3183651202499
57,280,3,BS1,Terrestrial,158.603762337124,102.300024903183,57.0364355223933,50.992146,893.334270320412,8.75952808811392,17.3221293532199,-Inf,Inf,57.0364355223933
57,280,4,BS2,Terrestrial,1289.96390375941,150.007933324368,9.32852710120824,19.9398034732149,893.334270320412,14.9338528088709,17.2869173998164,-Inf,Inf,9.32852710120824
57,280,5,BS1,Terrestrial,2496.53115061175,150.857322513641,8.47913791193471,27.6151641759352,893.334270320412,16.1747050393945,17.2689184670968,-Inf,Inf,8.47913791193471
57,280,6,None,Outage,4576.26928829528,171.981719606492,-12.6452591809158,NaN,NaN,Inf,17.3942889723115,-Inf,Inf,-12.6452591809158
58,285,1,BS2,Terrestrial,295.272687326099,91.4254141065476,67.9110463190283,33.994764,893.334270320412,8.75952808811392,17.9997758107007,-Inf,Inf,67.9110463190283
58,285,2,BS2,Terrestrial,144.900842099444,109.804112969692,49.5323474558839,33.994764,893.334270320412,8.75952808811392,17.9908572442681,-Inf,Inf,49.5323474558839
58,285,3,BS1,Terrestrial,158.603762337124,100.547542292407,58.7889181331688,50.992146,893.334270320412,8.75952808811392,18.005608270537,-Inf,Inf,58.7889181331688
58,285,4,BS2,Terrestrial,1289.96390375941,145.569180300534,13.7672801250415,28.3524286568351,893.334270320412,10.5027365983696,17.9692158182621,-Inf,Inf,13.7672801250415
58,285,5,BS1,Terrestrial,2496.53115061175,142.785528322499,16.5509321030771,50.7624070072539,893.334270320412,8.79917169996249,17.9506232534849,-Inf,Inf,16.5509321030771
58,285,6,None,Outage,4576.26928829528,168.160088876076,-8.82362845050008,NaN,NaN,Inf,18.0801621013736,-Inf,Inf,-8.82362845050008
59,290,1,BS2,Terrestrial,295.272687326099,93.662107888762,65.6743525368139,33.994764,893.334270320412,8.75952808811392,18.7061430527214,-Inf,Inf,65.6743525368139
59,290,2,BS2,Terrestrial,144.900842099444,112.804480691242,46.5319797343336,33.994764,893.334270320412,8.75952808811392,18.6969184125844,-Inf,Inf,46.5319797343336
59,290,3,BS1,Terrestrial,158.603762337124,98.3267509046406,61.0097095209353,50.992146,893.334270320412,8.75952808811392,18.7121751266386,-Inf,Inf,61.0097095209353
59,290,4,BS2,Terrestrial,1289.96390375941,148.285571511485,11.0508889140912,23.1339796562552,893.334270320412,12.8718921055283,18.6745296009933,-Inf,Inf,11.0508889140912
59,290,5,BS1,Terrestrial,2496.53115061175,145.613778778108,13.7226816474679,42.3981479077502,893.334270320412,10.5350624308417,18.655307270381,-Inf,Inf,13.7226816474679
59,290,6,None,Outage,4185.25875071361,174.43392673585,-15.0974663102744,NaN,NaN,Inf,18.7892693742165,-Inf,Inf,-15.0974663102744
60,295,1,BS2,Terrestrial,295.272687326099,91.3095186067537,68.0269418188221,25.496073,893.334270320412,8.75952808811392,19.4370101044267,-Inf,Inf,68.0269418188221
60,295,2,BS2,Terrestrial,144.900842099444,112.034389304498,47.3020711210775,25.496073,893.334270320412,8.75952808811392,19.4274603542261,-Inf,Inf,47.3020711210775
60,295,3,BS1,Terrestrial,158.603762337124,102.949062748105,56.3873976774707,50.992146,893.334270320412,8.75952808811392,19.4432541851856,-Inf,Inf,56.3873976774707
60,295,4,BS2,Terrestrial,1289.96390375941,148.71439541815,10.622065007426,16.7464660923704,893.334270320412,13.3361609755895,19.4042774829097,-Inf,Inf,10.622065007426
60,295,5,BS1,Terrestrial,2496.53115061175,159.822063533575,-0.48560310799931,8.46025627925966,893.334270320412,52.7959343566473,19.3843865413518,-Inf,Inf,-0.48560310799931
60,295,6,BS2,Terrestrial,4576.26928829528,159.049497021978,0.286963403597497,4.81238916503699,893.334270320412,46.408043888609,19.5230460628568,-Inf,Inf,0.286963403597497
61,300,1,BS2,Terrestrial,295.272687326099,92.2723183345253,67.0641420910506,33.994764,893.334270320412,8.75952808811392,20.1939086800196,0.370834718306128,168.604352475922,67.0641420910506
61,300,2,BS2,Terrestrial,144.900842099444,116.327950441078,43.0085099844978,33.994764,893.334270320412,8.75952808811392,20.184013327377,-3.14385722508828,172.119044419316,43.0085099844978
61,300,3,BS1,Terrestrial,158.603762337124,101.347463503255,57.9889969223204,50.992146,893.334270320412,8.75952808811392,20.2003781053946,-3.0086249700428,171.983812164271,57.9889969223204
61,300,4,BS2,Terrestrial,1289.96390375941,149.210892827982,10.1255675975936,21.404098143051,893.334270320412,13.9121998094314,20.1599861279979,0.271992030902879,168.703195163325,10.1255675975936
61,300,5,BS1,Terrestrial,2496.53115061175,145.100164521062,14.2362959045138,43.9041583905259,893.334270320412,10.1736863097823,20.1393847963106,2.68364639069543,166.291540803533,14.2362959045138
61,300,6,SAT-1,Satellite,1391268.40797017,173.711885457709,-4.736698263481,12.5373720632557,188.391482363219,15.0263932036725,20.2830367427346,-4.736698263481,173.711885457709,-6.26384864106063
62,305,1,BS2,Terrestrial,295.272687326099,91.8295574684422,67.5069029571336,50.992146,893.334270320412,8.75952808811392,20.9784878522921,-1.41764052728306,170.392827721511,67.5069029571336
62,305,2,BS2,Terrestrial,144.900842099444,126.524942341954,32.811518083622,50.992146,893.334270320412,8.75952808811392,20.9682248275129,2.52061337594944,166.454573818279,32.811518083622
62,305,3,BS1,Terrestrial,158.603762337124,119.803557979988,39.5329024455878,50.992146,893.334270320412,8.75952808811392,20.985196983334,-19.5757978953722,188.5509850896,39.5329024455878
62,305,4,SAT-1,Satellite,1365255.1765971,164.793932226639,4.18125496758941,27.8335059544926,188.391482363219,3.38425713726536,20.9432991341988,4.18125496758941,164.793932226639,1.05338849661274
62,305,5,BS1,Terrestrial,2496.53115061175,147.813029243772,11.5234311818035,36.042235121184,893.334270320412,12.3928811201189,20.9219424601912,2.79396623474477,166.181220959483,11.5234311818035
62,305,6,SAT-1,Satellite,1360305.1764593,167.346076930219,1.6291102640088,19.4372639133441,188.391482363219,4.84614200854379,21.0709044004276,1.6291102640088,167.346076930219,-0.154969040304024
63,310,1,BS2,Terrestrial,295.272687326099,90.4505666204882,68.8858938050877,33.994764,893.334270320412,8.75952808811392,21.7925237601943,-4.07149641333623,173.046683607564,68.8858938050877
63,310,2,BS2,Terrestrial,144.900842099444,105.196949194891,54.1395112306853,33.994764,893.334270320412,8.75952808811392,21.7818692861647,10.4961260336964,158.479061160532,54.1395112306853
63,310,3,BS1,Terrestrial,158.603762337124,107.929957529844,51.4065028957317,50.992146,893.334270320412,8.75952808811392,21.799488065073,1.91724785502615,167.057939339202,51.4065028957317
63,310,4,BS2,Terrestrial,1289.96390375941,149.356624091742,9.97983633383379,21.1344628930046,893.334270320412,14.0896928213571,21.755986709287,-5.34174113910302,174.316928333331,9.97983633383379
63,310,5,BS1,Terrestrial,2496.53115061175,143.671598948589,15.6648614769872,48.1250369721498,893.334270320412,9.28138788586686,21.7338263126249,3.45492526508747,165.520261929141,15.6648614769872
63,310,6,SAT-1,Satellite,1329510.14174528,160.341278622697,8.63390857153067,91.5993001493247,188.391482363219,2.05669128537122,21.8884402133601,8.63390857153067,160.341278622697,1.54805119961998
64,315,1,BS2,Terrestrial,295.272687326099,92.6712648817815,66.6651955437944,33.994764,893.334270320412,8.75952808811392,22.6379299915623,1.99911874363787,166.97606845059,66.6651955437944
64,315,2,BS2,Terrestrial,144.900842099444,115.81796170375,43.5184987218257,33.994764,893.334270320412,8.75952808811392,22.6268584448899,-13.8157895904958,182.790976784724,43.5184987218257
64,315,3,BS1,Terrestrial,158.603762337124,109.773265440345,49.5631949852312,50.992146,893.334270320412,8.75952808811392,22.6451661349231,6.19644265611143,162.778744538117,49.5631949852312
64,315,4,BS2,Terrestrial,1289.96390375941,152.093039284698,7.24342114087744,16.2518861964787,893.334270320412,18.3226787652085,22.5999560217937,-2.79070651082171,171.76589370505,7.24342114087744
64,315,5,BS1,Terrestrial,2496.53115061175,150.68028685524,8.65617357033636,28.0891227149745,893.334270320412,15.9017830386737,22.5769398231331,5.41661195242173,163.558575241806,8.65617357033636
64,315,6,SAT-1,Satellite,1298896.11009584,163.62693978882,5.34824740540853,64.3829872546205,188.391482363219,2.92610657561091,22.7375740027793,5.34824740540853,163.62693978882,-9.29597852093957
65,320,1,BS2,Terrestrial,295.272687326099,93.7999452688095,65.5365151567664,33.994764,893.334270320412,8.75952808811392,23.5167686250473,3.32557994461123,165.649607249617,65.5365151567664
65,320,2,BS2,Terrestrial,144.900842099444,109.839632608951,49.4968278166252,33.994764,893.334270320412,8.75952808811392,23.5052523887863,-4.9851355249705,173.960322719199,49.4968278166252
65,320,3,BS1,Terrestrial,158.603762337124,97.8626595830046,61.4738008425713,50.992146,893.334270320412,8.75952808811392,23.5242945626155,9.18593207221639,159.789255122012,61.4738008425713
65,320,4,BS2,Terrestrial,1289.96390375941,149.708058172147,9.62840225342899,20.4876687930109,893.334270320412,14.5345033207676,23.4772622119561,4.10714234574061,164.868044848488,9.62840225342899
65,320,5,BS1,Terrestrial,2496.53115061175,145.571745952891,13.7647144726853,42.5211344208082,893.334270320412,10.5045912166827,23.4533341474984,0.132325106572665,168.842862087655,13.7647144726853
65,320,6,SAT-1,Satellite,1268477.02470983,167.292749795657,1.68243739857087,39.1903005624352,188.391482363219,4.80709460401016,23.6203853411033,1.68243739857087,167.292749795657,-9.08721174808758
66,325,1,BS2,Terrestrial,295.272687326099,93.0111480071988,66.325312418377,33.994764,893.334270320412,8.75952808811392,24.4312618882272,2.32690785052461,166.648279343704,66.325312418377
66,325,2,BS2,Terrestrial,144.900842099444,114.485879126013,44.8505812995633,33.994764,893.334270320412,8.75952808811392,24.4192711969357,1.26457069151604,167.710616502712,44.8505812995633
66,325,3,BS1,Terrestrial,158.603762337124,101.367425076684,57.969035348892,50.992146,893.334270320412,8.75952808811392,24.4390969661243,-1.20233780913833,170.177525003366,57.969035348892
66,325,4,BS2,Terrestrial,1289.96390375941,147.377802505735,11.9586579198412,24.8574231624395,893.334270320412,11.9794432496429,24.3901200209865,0.355583735786212,168.619603458442,11.9586579198412
66,325,5,BS1,Terrestrial,2496.53115061175,143.457263174129,15.8791972514471,48.7618018811674,893.334270320412,9.16018518447565,24.3652197445345,4.9494130115209,164.025774182707,15.8791972514471
66,325,6,SAT-1,Satellite,1238268.08500833,173.952416406732,-4.97722921250428,11.9469038549017,188.391482363219,15.7690632360721,24.5391152665902,-4.97722921250428,173.952416406732,-4.98620188620029
67,330,1,BS2,Terrestrial,295.272687326099,90.7580640365044,68.5783963890715,33.994764,893.334270320412,8.75952808811392,25.3838043517393,1.34161681791005,167.633570376318,68.5783963890715
67,330,2,BS2,Terrestrial,144.900842099444,105.862987235804,53.4734731897714,33.994764,893.334270320412,8.75952808811392,25.3713071301635,0.313276218303542,168.661910975925,53.4734731897714
67,330,3,BS1,Terrestrial,158.603762337124,100.65024314407,58.6862172815056,101.984292,893.334270320412,8.75952808811392,25.3919694096018,6.64136464084916,162.333822553379,58.6862172815056
67,330,4,BS2,Terrestrial,1289.96390375941,144.724712629842,14.6117477957337,30.006132243893,893.334270320412,9.92390780945815,25.3409159602994,11.4779601454083,157.49722704882,14.6117477957337
67,330,5,SAT-1,Satellite,1213873.69298882,160.97894421266,7.9962429815686,43.0306495631912,188.391482363219,2.18903832821025,25.3149785361446,7.9962429815686,160.97894421266,-2.64808647418488
67,330,6,SAT-1,Satellite,1208285.87918468,166.042455206258,2.93273198796996,23.5175308544365,188.391482363219,4.00534145206999,25.4961785197142,2.93273198796996,166.042455206258,-3.45141921809844
68,335,1,BS2,Terrestrial,295.272687326099,91.7552979231355,67.5811625024404,50.992146,893.334270320412,8.75952808811392,26.3769755290386,7.96385841477422,161.011328779454,67.5811625024404
68,335,2,BS2,Terrestrial,144.900842099444,115.179108461702,44.1573519638743,50.992146,893.334270320412,8.75952808811392,26.3639372264653,-16.6991329924879,185.674320186716,44.1573519638743
68,335,3,BS1,Terrestrial,158.603762337124,97.5387151804771,61.7977452450988,33.994764,893.334270320412,8.75952808811392,26.3854930055323,4.45213069553913,164.523056498689,61.7977452450988
68,335,4,BS1,Terrestrial,1684.50527938871,161.586997351593,-2.25053692601693,4.12542244824499,893.334270320412,72.1812357019298,26.332220892731,-2.80031471982437,171.775501914052,-2.25053692601693
68,335,5,BS1,Terrestrial,2496.53115061175,147.040643407875,12.2958170177011,25.5032906709604,893.334270320412,11.6760654124478,26.3051764843766,4.6712357787616,164.303951415467,12.2958170177011
68,335,6,SAT-1,Satellite,1178548.53132712,168.253770267474,0.721416926753619,33.7438542403518,188.391482363219,5.5829864905573,26.4941761635784,0.721416926753619,168.253770267474,-19.3897773273234
69,340,1,BS2,Terrestrial,295.272687326099,91.3260274532405,68.0104329723354,33.994764,893.334270320412,8.75952808811392,27.4135526843998,3.61653869908747,165.358648495141,68.0104329723354
69,340,2,BS2,Terrestrial,144.900842099444,110.06779408217,49.2686663434062,33.994764,893.334270320412,8.75952808811392,27.3999361076978,0.334423094469088,168.640764099759,49.2686663434062
69,340,3,BS1,Terrestrial,158.603762337124,105.44580293173,53.890657493846,50.992146,893.334270320412,8.75952808811392,27.4224467230622,6.37631596692211,162.598871227306,53.890657493846
69,340,4,BS2,Terrestrial,1289.96390375941,145.861792881706,13.4746675438703,27.7823123076322,893.334270320412,10.7182615618715,27.3668028316028,3.00480161435937,165.970385579869,13.4746675438703
69,340,5,BS1,Terrestrial,2496.53115061175,143.254939012548,16.0815214130277,49.3636089451101,893.334270320412,9.0485105263855,27.3385763935312,7.54173946596532,161.433447728263,16.0815214130277
69,340,6,SAT-1,Satellite,1149075.86446132,166.595837576971,2.37934961725679,43.4600099349166,188.391482363219,4.33482372979996,27.5359083813687,2.37934961725679,166.595837576971,-8.5069586455167
70,345,1,BS2,Terrestrial,295.272687326099,91.2609342872415,68.0755261383344,33.994764,893.334270320412,8.75952808811392,28.4965235634144,3.7855601366935,165.189627057535,68.0755261383344
70,345,2,BS2,Terrestrial,144.900842099444,110.201510636668,49.1349497889078,33.994764,893.334270320412,8.75952808811392,28.482288713081,7.25050187644698,161.724685317781,49.1349497889078
70,345,3,BS1,Terrestrial,158.603762337124,94.0941813447767,65.2422790807992,50.992146,893.334270320412,8.75952808811392,28.5058201158936,7.24043556832737,161.734751625901,65.2422790807992
70,345,4,BS2,Terrestrial,1289.96390375941,149.583083573161,9.75337685241442,20.7171075350557,893.334270320412,14.3735359582862,28.4476396761357,8.2804110376145,160.694776156614,9.75337685241442
70,345,5,BS1,Terrestrial,2496.53115061175,141.295889602041,18.0405708235349,50.992146,893.334270320412,8.75952808811392,28.4181506587173,-2.92977827671007,171.904965470938,18.0405708235349
70,345,6,SAT-1,Satellite,1119889.58084919,155.831677865323,13.1435093289056,133.034757402113,188.391482363219,1.41610723424543,28.624387152536,13.1435093289056,155.831677865323,-6.00647076875143
71,350,1,BS2,Terrestrial,295.272687326099,89.4822613906042,69.8541990349717,33.994764,893.334270320412,8.75952808811392,29.6290986450157,5.44911385008047,163.526073344148,69.8541990349717
71,350,2,BS2,Terrestrial,144.900842099444,125.626407171048,33.7100532545275,33.994764,893.334270320412,8.75952808811392,29.6142025602189,5.7849935029268,163.190193691301,33.7100532545275
71,350,3,BS1,Terrestrial,158.603762337124,112.533168305263,46.8032921203125,50.992146,893.334270320412,8.75952808811392,29.638825567651,7.94616913023592,161.029018063992,46.8032921203125
71,350,4,BS2,Terrestrial,1289.96390375941,150.986096059897,8.35036436567856,18.1812755635424,893.334270320412,16.3782837494591,29.5779314877792,8.0262041652787,160.948983028949,8.35036436567856
71,350,5,BS1,Terrestrial,2496.53115061175,148.430612045774,10.9058483798014,34.2913639078184,893.334270320412,13.0256450679807,29.5470935691554,-4.39421272157944,173.369399915808,10.9058483798014
71,350,6,SAT-1,Satellite,1091013.46080161,168.237778531615,0.737408662612893,33.8302153429319,188.391482363219,5.56873435340337,29.7628483904671,0.737408662612893,168.237778531615,-9.31703792929358
72,355,1,BS2,Terrestrial,295.272687326099,89.7226350679138,69.6138253576621,33.994764,893.334270320412,8.75952808811392,30.8147223653991,-6.5900905894286,175.565277783657,69.6138253576621
72,355,2,BS2,Terrestrial,144.900842099444,115.084748903846,44.2517115217302,33.994764,893.334270320412,8.75952808811392,30.7991189861599,10.9065984299685,158.06858876426,44.2517115217302
72,355,3,BS1,Terrestrial,158.603762337124,101.678561814765,57.6578986108111,50.992146,893.334270320412,8.75952808811392,30.824909503648,-0.342850803714896,169.318037997943,57.6578986108111
72,355,4,BS2,Terrestrial,1289.96390375941,156.25454609313,3.08191433244622,9.7972990755568,893.334270320412,30.393896094254,30.7611117649282,-1.42256000595566,170.397747200184,3.08191433244622
72,355,5,BS1,Terrestrial,2496.53115061175,142.252192929448,17.0842674961276,50.992146,893.334270320412,8.75952808811392,30.7288326284988,2.71838009146521,166.256807102763,17.0842674961276
72,355,6,SAT-1,Satellite,1062473.58108728,169.651924976429,-0.676737782201002,26.7591204374831,188.391482363219,7.04027185061461,30.9547629711571,-0.676737782201002,169.651924976429,-9.09367304076673
73,360,1,BS2,Terrestrial,295.272687326099,91.1723835283583,68.1640768972176,33.994764,893.334270320412,8.75952808811392,32.0570825746149,4.9309313251583,164.04425586907,68.1640768972176
73,360,2,BS2,Terrestrial,144.900842099444,111.125177982568,48.2112824430078,33.994764,893.334270320412,8.75952808811392,32.0407226320051,6.90726402739381,162.067923166834,48.2112824430078
73,360,3,BS1,Terrestrial,158.603762337124,103.359636585368,55.9768238402079,101.984292,893.334270320412,8.75952808811392,32.0677618280059,7.09070261407422,161.884484580154,55.9768238402079
73,360,4,BS2,Terrestrial,1289.96390375941,146.365321667223,12.9711387583524,26.8051746660015,893.334270320412,11.1089777931756,32.0008569858192,3.67404972314412,165.301137471084,12.9711387583524
73,360,5,SAT-1,Satellite,1039530.8651231,156.24954252047,12.725644673758,64.5360482934522,188.391482363219,1.45958334407603,31.9670381680534,12.725644673758,156.24954252047,8.29537827636716
73,360,6,SAT-1,Satellite,1034298.55370637,166.526891563669,2.4482956305593,21.9483245615314,188.391482363219,4.2917053152524,32.2038458872116,2.4482956305593,166.526891563669,-17.6696534902443
74,365,1,BS2,Terrestrial,295.272687326099,87.975441692013,71.3610187335629,33.994764,893.334270320412,8.75952808811392,33.3601172478092,3.71812834918842,165.25705884504,71.3610187335629
74,365,2,BS2,Terrestrial,144.900842099444,117.17222500659,42.1642354189863,33.994764,893.334270320412,8.75952808811392,33.3429481964577,5.3120632654657,163.663123928762,42.1642354189863
74,365,3,BS1,Terrestrial,158.603762337124,108.164043197609,51.1724172279671,50.992146,893.334270320412,8.75952808811392,33.3713226058106,-1.14798734066602,170.123174534894,51.1724172279671
74,365,4,BS2,Terrestrial,1289.96390375941,145.313373827024,14.0230865985519,28.8521071134575,893.334270320412,10.3208437753204,33.3010934528555,8.02984268032606,160.945344513902,14.0230865985519
74,365,5,BS1,Terrestrial,2496.53115061175,143.980390821109,15.3560696044672,47.2091238325217,893.334270320412,9.46145784752953,33.2656302937899,5.58484794840209,163.390339245826,15.3560696044672
74,365,6,SAT-1,Satellite,1006519.78529443,158.516562453515,10.4586247407135,107.957378355648,188.391482363219,1.74505425412048,33.5140625160196,10.4586247407135,158.516562453515,-11.3089596700821
75,370,1,BS2,Terrestrial,295.272687326099,89.8070671737895,69.5293932517864,50.992146,893.334270320412,8.75952808811392,34.7280171766315,10.8614967244903,158.113690469738,69.5293932517864
75,370,2,BS2,Terrestrial,144.900842099444,110.657878431305,48.6785819942712,50.992146,893.334270320412,8.75952808811392,34.7099831880438,2.54980242421573,166.425384770012,48.6785819942712
75,370,3,BS1,Terrestrial,158.603762337124,106.705118088041,52.6313423375354,101.984292,893.334270320412,8.75952808811392,34.7397847130042,10.5572128999505,158.417974294278,52.6313423375354
75,370,4,SAT-1,Satellite,983514.565263315,159.006536891842,9.96865030238652,34.4996732740714,188.391482363219,1.82022479717034,34.6660001777418,9.96865030238652,159.006536891842,7.09116561888399
75,370,5,SAT-1,Satellite,984241.668892791,164.737645809032,4.23754138519581,18.6912249849644,188.391482363219,3.3597134932705,34.6287819160025,4.23754138519581,164.737645809032,1.85672118853219
75,370,6,SAT-1,Satellite,979171.756661905,159.859574671574,9.11561252265423,31.9496613511695,188.391482363219,1.96550317380565,34.8896306866662,9.11561252265423,159.859574671574,-13.2412701550033
76,375,1,BS2,Terrestrial,295.272687326099,87.5825284216905,71.7539320038854,50.992146,893.334270320412,8.75952808811392,36.1652230045251,12.2998187106288,156.675368483599,71.7539320038854
76,375,2,BS2,Terrestrial,144.900842099444,109.811516201739,49.5249442238372,50.992146,893.334270320412,8.75952808811392,36.1462650448131,13.1142326784923,155.860954515736,49.5249442238372
76,375,3,BS1,Terrestrial,158.603762337124,102.872762185449,56.463698240127,50.992146,893.334270320412,8.75952808811392,36.177590814311,13.0240747476204,155.951112446608,56.463698240127
76,375,4,SAT-1,Satellite,956556.554445476,154.766516425928,14.2086707682998,71.6061844903811,188.391482363219,1.31546935298951,36.1000061878498,14.2086707682998,154.766516425928,5.84030524220273
76,375,5,BS1,Terrestrial,2496.53115061175,152.340407760457,6.99605266511861,23.7461014826432,893.334270320412,18.8101249161548,36.0609162535905,2.76628918077236,166.208898013456,6.99605266511861
76,375,6,SAT-1,Satellite,952292.32087275,165.276102669811,3.69908452441675,26.1219058613682,188.391482363219,3.60600569045446,36.3350168595461,3.69908452441675,165.276102669811,-13.3098061644967
77,380,1,BS2,Terrestrial,295.272687326099,87.992265219574,71.3441952060019,33.994764,893.334270320412,8.75952808811392,37.6764145374011,9.54561634125474,159.429570852973,71.3441952060019
77,380,2,BS2,Terrestrial,144.900842099444,116.970015278135,42.3664451474413,33.994764,893.334270320412,8.75952808811392,37.6564705590305,9.74491307305655,159.230274121172,42.3664451474413
77,380,3,BS1,Terrestrial,158.603762337124,100.456340024584,58.8801204009923,50.992146,893.334270320412,8.75952808811392,37.6894225966448,2.99089545089032,165.984291743338,58.8801204009923
77,380,4,BS2,Terrestrial,1289.96390375941,153.175266024596,6.16119440097995,14.4396005336411,893.334270320412,20.6223218857784,37.6077802049126,3.44862155704854,165.52656563718,6.16119440097995
77,380,5,BS1,Terrestrial,2496.53115061175,145.339028976291,13.9974314492852,43.2029131180165,893.334270320412,10.3388198369877,37.5666967778981,8.19457110192752,160.780616092301,13.9974314492852
77,380,6,SAT-1,Satellite,925923.016720379,166.580097589193,2.39508960503542,43.5594695446826,188.391482363219,4.32492599961461,37.8549242909236,2.39508960503542,166.580097589193,-10.8526595983594
78,385,1,BS2,Terrestrial,295.272687326099,91.2591503605562,68.0773100650197,33.994764,893.334270320412,8.75952808811392,39.2664897587827,5.28821627948426,163.686970914744,68.0773100650197
78,385,2,BS2,Terrestrial,144.900842099444,111.501724872107,47.8347355534684,33.994764,893.334270320412,8.75952808811392,39.2454950428179,14.2671892680462,154.707997926182,47.8347355534684
78,385,3,BS1,Terrestrial,158.603762337124,98.5825890099857,60.7538714155901,50.992146,893.334270320412,8.75952808811392,39.2801796824331,1.58686002583985,167.388327168388,60.7538714155901
78,385,4,BS2,Terrestrial,1289.96390375941,146.235732696665,13.1007277289113,27.0561559985279,893.334270320412,11.0059274541071,39.1942101473321,12.1451986089466,156.829988585282,13.1007277289113
78,385,5,BS1,Terrestrial,2496.53115061175,145.832577389173,13.5038830364028,41.7587434631275,893.334270320412,10.6963739355474,39.1510070635781,1.78608014169075,167.189107052537,13.5038830364028
78,385,6,SAT-1,Satellite,900109.392349167,160.690326038299,8.28486115592943,88.5549262967102,188.391482363219,2.12739697543193,39.4542705427799,8.28486115592943,160.690326038299,-3.15942089667939
79,390,1,BS2,Terrestrial,295.272687326099,91.1949368252124,68.1415236003635,50.992146,893.334270320412,8.75952808811392,40.9405304157299,10.4548018582666,158.520385335962,68.1415236003635
79,390,2,BS2,Terrestrial,144.900842099444,111.431733344924,47.9047270806521,50.992146,893.334270320412,8.75952808811392,40.9184181085784,5.72282539346006,163.252361800768,47.9047270806521
79,390,3,BS1,Terrestrial,158.603762337124,94.5650424416415,64.7714179839343,50.992146,893.334270320412,8.75952808811392,40.954945084021,13.2321064712101,155.743080723018,64.7714179839343
79,390,4,SAT-1,Satellite,878885.481607848,160.867143882852,8.10804331137567,43.5123100515176,188.391482363219,2.16480671952566,40.8643693462922,8.10804331137567,160.867143882852,2.45573676546687
79,390,5,BS1,Terrestrial,2496.53115061175,143.499485372903,15.8369750526729,48.6363011802198,893.334270320412,9.18382204898969,40.8189174550426,7.60221192036528,161.372975273863,15.8369750526729
79,390,6,SAT-1,Satellite,874901.330961889,156.580319774339,12.3948674198894,62.9744450722568,188.391482363219,1.4957772327097,41.1381511271264,12.3948674198894,156.580319774339,-12.6828101648724
80,395,1,BS2,Terrestrial,295.272687326099,88.7246157065939,70.611844718982,33.994764,893.334270320412,8.75952808811392,42.703750444059,7.30459225871547,161.670594935513,70.611844718982
80,395,2,BS2,Terrestrial,144.900842099444,119.209833265308,40.1266271602676,33.994764,893.334270320412,8.75952808811392,42.6804523404219,-0.155989012225803,169.131176206454,40.1266271602676
80,395,3,BS1,Terrestrial,158.603762337124,101.943199948122,57.3932604774539,101.984292,893.334270320412,8.75952808811392,42.718933462308,12.3761619289724,156.599025265256,57.3932604774539
80,395,4,BS2,Terrestrial,1289.96390375941,147.991837873373,11.3446225522029,23.6890137166025,893.334270320412,12.5703034186732,42.6234657678864,7.50615865897512,161.469028535253,11.3446225522029
80,395,5,SAT-1,Satellite,854874.383354491,160.851526566378,8.12366062785043,43.5797259994218,188.391482363219,2.16145785732703,42.5756348607625,8.12366062785043,160.851526566378,6.27951356767699
80,395,6,SAT-1,Satellite,850353.366911401,159.811123485559,9.16406370866915,48.1396860490441,188.391482363219,1.95671698161147,42.9117854706524,9.16406370866915,159.811123485559,-8.75872920385788
81,400,1,BS2,Terrestrial,295.272687326099,91.4550666511134,67.8813937744624,33.994764,893.334270320412,8.75952808811392,44.5614229173195,11.2991893569012,157.675997837327,67.8813937744624
81,400,2,BS2,Terrestrial,144.900842099444,109.530115311766,49.8063451138101,33.994764,893.334270320412,8.75952808811392,44.5368705481168,11.6853887285653,157.289798465663,49.8063451138101
81,400,3,BS1,Terrestrial,158.603762337124,110.856574933224,48.4798854923517,50.992146,893.334270320412,8.75952808811392,44.5774178689852,11.6204260008922,157.354761193336,48.4798854923517
81,400,4,BS2,Terrestrial,1289.96390375941,148.270121746747,11.0663386788284,23.1631067078162,893.334270320412,12.8557060096917,44.4767699459186,10.6763670746358,158.298820119592,11.0663386788284
81,400,5,BS1,Terrestrial,2496.53115061175,146.03111935769,13.3053410678858,41.1797240778055,893.334270320412,10.8467733857631,44.4264314008389,11.5608565022252,157.414330692003,13.3053410678858
81,400,6,SAT-1,Satellite,826524.975880323,156.717255524026,12.2579316702025,124.659675315673,188.391482363219,1.5112463744684,44.7804408012399,12.2579316702025,156.717255524026,-14.2266190808092
82,405,1,BS2,Terrestrial,295.272687326099,86.1330442119162,73.2034162136597,50.992146,893.334270320412,8.75952808811392,46.518780715425,8.08062477578619,160.894562418442,73.2034162136597
82,405,2,BS2,Terrestrial,144.900842099444,108.135574332241,51.2008860933353,50.992146,893.334270320412,8.75952808811392,46.4929068045508,10.1216204884844,158.853566705744,51.2008860933353
82,405,3,BS1,Terrestrial,158.603762337124,94.8853362419859,64.45112418359,50.992146,893.334270320412,8.75952808811392,46.5356301642163,9.15121934322025,159.823967851008,64.45112418359
82,405,4,SAT-1,Satellite,807102.84577463,161.257132997434,7.71805419679364,41.8395740662521,188.391482363219,2.25135516514705,46.4295168326054,7.71805419679364,161.257132997434,3.99865436443662
82,405,5,BS1,Terrestrial,2496.53115061175,143.278622796451,16.0578376291251,49.2931267908375,893.334270320412,9.06144860835307,46.3765471350437,8.37641695612751,160.598770238101,16.0578376291251
82,405,6,SAT-1,Satellite,803480.81724104,163.214013089139,5.76117410508922,33.8010201411998,188.391482363219,2.78677213847741,46.7493290771222,5.76117410508922,163.214013089139,-13.0779957338901
83,410,1,BS2,Terrestrial,295.272687326099,91.5700333477195,67.7664270778564,50.992146,893.334270320412,8.75952808811392,48.5808858401057,12.2377853325159,156.737401861712,67.7664270778564
83,410,2,BS2,Terrestrial,144.900842099444,112.95151809258,46.3849423329959,50.992146,893.334270320412,8.75952808811392,48.5536261950304,14.459430529404,154.515756664824,46.3849423329959
83,410,3,BS1,Terrestrial,158.603762337124,106.1833082589,53.1531521666755,101.984292,893.334270320412,8.75952808811392,48.5986300350178,9.64655103693562,159.328636157292,53.1531521666755
83,410,4,SAT-1,Satellite,784770.164738152,158.903196485886,10.0719907083417,34.8118864921242,188.391482363219,1.80389996393751,48.4867764887338,10.0719907083417,158.903196485886,5.12867597184481
83,410,5,SAT-1,Satellite,785350.846264964,158.668634380028,10.3065528142001,35.5229993928584,188.391482363219,1.7677888089699,48.4310618101295,10.3065528142001,158.668634380028,-5.26796933549278
83,410,6,SAT-1,Satellite,781290.900103554,160.750489102986,8.22469809124232,29.3444380810407,188.391482363219,2.14000215694409,48.8234718292186,8.22469809124232,160.750489102986,-6.41520493176264
84,415,1,BS2,Terrestrial,295.272687326099,92.6677357704573,66.6687246551185,33.994764,893.334270320412,8.75952808811392,50.752462429015,6.96069174740936,162.014495446819,66.6687246551185
84,415,2,BS2,Terrestrial,144.900842099444,121.607180291189,37.7292801343871,33.994764,893.334270320412,8.75952808811392,50.7237583248647,11.2334622441981,157.74172495003,37.7292801343871
84,415,3,BS1,Terrestrial,158.603762337124,125.251316893107,34.0851435324687,50.992146,893.334270320412,8.75952808811392,50.7711376678273,4.78317069469816,164.19201649953,34.0851435324687
84,415,4,BS2,Terrestrial,1289.96390375941,146.99057458064,12.3458858449355,25.5994466084254,893.334270320412,11.6322080965921,50.6532886310277,10.4550198528093,158.520167341419,12.3458858449355
84,415,5,BS1,Terrestrial,2496.53115061175,148.448789988441,10.8876704371344,34.2400997469,893.334270320412,13.0451470194869,50.5947306569487,6.424548623661,162.550638570567,10.8876704371344
84,415,6,SAT-1,Satellite,760030.637230336,158.210732234656,10.7644549595722,110.761585901209,188.391482363219,1.70087382579778,51.0075279414687,10.7644549595722,158.210732234656,-4.96513715403776
85,420,1,BS2,Terrestrial,295.272687326099,90.4893799757491,68.8470804498268,50.992146,893.334270320412,8.75952808811392,53.0376892576044,10.9862601064559,157.988927087772,68.8470804498268
85,420,2,BS2,Terrestrial,144.900842099444,111.388365660496,47.9480947650794,50.992146,893.334270320412,8.75952808811392,53.0074903592255,11.7760236111008,157.199163583127,47.9480947650794
85,420,3,BS1,Terrestrial,158.603762337124,103.007597307031,56.3288631185451,101.984292,893.334270320412,8.75952808811392,53.0573258711083,13.2954843354132,155.679702858815,56.3288631185451
85,420,4,SAT-1,Satellite,742936.270506499,155.281011404799,13.6941757894291,46.0945188992219,188.391482363219,1.36235635575317,52.9332567477812,13.6941757894291,155.281011404799,7.83395774008991
85,420,5,SAT-1,Satellite,743462.301282893,157.29985165136,11.6753355428681,39.7336518101442,188.391482363219,1.58045278817557,52.8717799568585,11.6753355428681,157.29985165136,9.35182736098722
85,420,6,SAT-1,Satellite,739780.743442581,158.105181471351,10.870005722877,37.2443338211478,188.391482363219,1.68608629407361,53.3055801661363,10.870005722877,158.105181471351,-13.3074994687591
86,425,1,BS2,Terrestrial,295.272687326099,89.7310539830684,69.6054064425074,50.992146,893.334270320412,8.75952808811392,55.439949106344,10.9478674584098,158.027319735818,69.6054064425074
86,425,2,BS2,Terrestrial,144.900842099444,111.670545962305,47.6659144632706,50.992146,893.334270320412,8.75952808811392,55.4082169447809,13.0397369180918,155.935450276136,47.6659144632706
86,425,3,BS1,Terrestrial,158.603762337124,100.259972020933,59.0764884046432,101.984292,893.334270320412,8.75952808811392,55.4605690384395,9.49277735308328,159.482409841145,59.0764884046432
86,425,4,SAT-1,Satellite,723599.887184767,157.08324856692,11.891938627308,40.4084367320668,188.391482363219,1.55406063352868,55.3300990185032,11.891938627308,157.08324856692,4.73441492466816
86,425,5,SAT-1,Satellite,724095.131868783,156.183261205962,12.791925988266,43.2331353328888,188.391482363219,1.45252386402722,55.2656596230298,12.791925988266,156.183261205962,11.8596751442015
86,425,6,SAT-1,Satellite,720626.928281901,154.887517451098,14.0876697431299,47.3503924977478,188.391482363219,1.32622260292196,55.7208777785139,14.0876697431299,154.887517451098,-4.36388618415717
87,430,1,BS2,Terrestrial,295.272687326099,87.2354382896284,72.1010221359475,50.992146,893.334270320412,8.75952808811392,57.9615349965828,13.4108449446481,155.56434224958,72.1010221359475
87,430,2,BS2,Terrestrial,144.900842099444,111.183997602426,48.1524628231497,50.992146,893.334270320412,8.75952808811392,57.9282469733273,7.05514176923572,161.920045424992,48.1524628231497
87,430,3,BS1,Terrestrial,158.603762337124,99.2507035199014,60.0857569056744,50.992146,893.334270320412,8.75952808811392,57.983148973627,12.2919076150632,156.683279579165,60.0857569056744
87,430,4,SAT-1,Satellite,705435.01258752,156.891612509984,12.0835746842443,61.5107282813782,188.391482363219,1.5313709301362,57.8461558110947,12.0835746842443,156.891612509984,6.25990041790314
87,430,5,BS1,Terrestrial,2496.53115061175,144.850034146357,14.4864262792186,44.6399801813433,893.334270320412,10.0059886529001,57.7787526017104,13.2612120382656,155.713975155963,14.4864262792186
87,430,6,SAT-1,Satellite,702659.327955364,160.170243761587,8.80494343264121,46.5509924121448,188.391482363219,2.02349587625621,58.2555353490514,8.80494343264121,160.170243761587,-12.7929657722126
88,435,1,BS2,Terrestrial,295.272687326099,89.7266534906325,69.6098069349434,50.992146,893.334270320412,8.75952808811392,60.6033169344668,9.27499206422277,159.700195130005,69.6098069349434
88,435,2,BS2,Terrestrial,144.900842099444,111.67650884112,47.6599515844562,50.992146,893.334270320412,8.75952808811392,60.5684707705831,10.9073770535214,158.067810140707,47.6599515844562
88,435,3,BS1,Terrestrial,158.603762337124,96.0123976514074,63.3240627741685,101.984292,893.334270320412,8.75952808811392,60.6259212353638,15.6055643040788,153.369622890149,63.3240627741685
88,435,4,SAT-1,Satellite,688534.83986444,157.323848957267,11.6513382369615,39.6590228057438,188.391482363219,1.58342683064406,60.4823570489914,11.6513382369615,157.323848957267,-2.77251119413037
88,435,5,SAT-1,Satellite,688961.054531364,157.288874873459,11.6863123207694,39.767797152401,188.391482363219,1.57909578313035,60.4120444930203,11.6863123207694,157.288874873459,10.2659192598598
88,435,6,SAT-1,Satellite,685971.620968418,163.811970563882,5.16321663034569,20.9875098191702,188.391482363219,2.9921206150136,60.9101909923539,5.16321663034569,163.811970563882,-4.84904063094936
89,440,1,BS2,Terrestrial,295.272687326099,92.2744173920442,67.0620430335317,50.992146,893.334270320412,8.75952808811392,63.3643768666376,11.9268469496786,157.04834024455,67.0620430335317
89,440,2,BS2,Terrestrial,144.900842099444,116.296115141186,43.0403452843899,50.992146,893.334270320412,8.75952808811392,63.3279953557378,8.39922927452037,160.575957919708,43.0403452843899
89,440,3,BS1,Terrestrial,158.603762337124,112.643389017832,46.6930714077443,50.992146,893.334270320412,8.75952808811392,63.387949706278,12.2948728733243,156.680314320904,46.6930714077443
89,440,4,SAT-1,Satellite,672995.082136309,153.871403652615,15.1037835416128,75.9185873505616,188.391482363219,1.24074675871735,63.2378566491472,15.1037835416128,153.871403652615,11.2774207969509
89,440,5,BS1,Terrestrial,2496.53115061175,143.568514303188,15.7679461223876,48.4311874265132,893.334270320412,9.22271699073979,63.164760907728,13.338188404009,155.636998790219,15.7679461223876
89,440,6,SAT-1,Satellite,670659.777806125,161.401012656287,7.57417453794099,41.227827216321,188.391482363219,2.28476122904483,63.6836307495636,7.57417453794099,161.401012656287,-1.62764878880168
90,445,1,BS2,Terrestrial,295.272687326099,93.0816865054867,66.2547739200891,50.992146,893.334270320412,8.75952808811392,66.2416221292215,13.1650731466738,155.810114047554,66.2547739200891
90,445,2,BS2,Terrestrial,144.900842099444,119.570540972903,39.7659194526732,50.992146,893.334270320412,8.75952808811392,66.2037580273528,14.8842787074602,154.090908486768,39.7659194526732
90,445,3,BS1,Terrestrial,158.603762337124,108.052602718612,51.2838577069639,50.992146,893.334270320412,8.75952808811392,66.2661196074469,15.1933914460687,153.781795748159,51.2838577069639
90,445,4,SAT-1,Satellite,658912.387213904,153.20260551764,15.7725816765879,79.1584296909279,188.391482363219,1.1899647523251,66.1096435893514,15.7725816765879,153.20260551764,7.52746016538586
90,445,5,BS1,Terrestrial,2496.53115061175,146.576744099751,12.7597163258253,39.5947177308357,893.334270320412,11.2809778869152,66.0339829690594,12.3346691587916,156.640518035436,12.7597163258253
90,445,6,SAT-1,Satellite,656820.410198636,155.063973056549,13.9112141376791,70.1799994764099,188.391482363219,1.3422020787172,66.5723862909327,13.9112141376791,155.063973056549,-10.5100997393166
91,450,1,BS2,Terrestrial,295.272687326099,89.2330826890976,70.1033777364783,33.994764,893.334270320412,8.75952808811392,69.229383474554,13.3300815272303,155.645105666998,70.1033777364783
91,450,2,BS2,Terrestrial,144.900842099444,108.39022280314,50.946237622436,33.994764,893.334270320412,8.75952808811392,69.1901244608905,11.2771581999842,157.698028994244,50.946237622436
91,450,3,BS1,Terrestrial,158.603762337124,97.1792898059732,62.1571706196026,50.992146,893.334270320412,8.75952808811392,69.2547348019668,11.5499652455746,157.425221948653,62.1571706196026
91,450,4,BS2,Terrestrial,1289.96390375941,150.773285861121,8.56317456445493,18.559901526668,893.334270320412,16.0441632558738,69.0921346080935,6.76422001282472,162.210967181403,8.56317456445493
91,450,5,BS1,Terrestrial,2496.53115061175,151.448618180222,7.88784224535388,26.0499348979586,893.334270320412,17.146573951523,69.0142481949445,7.24635083469508,161.728836359533,7.88784224535388
91,450,6,SAT-1,Satellite,644548.712108317,154.305941653675,14.6692455405533,147.642863302194,188.391482363219,1.27599450559029,69.5703035094825,14.6692455405533,154.305941653675,-11.3304274559669
92,455,1,BS2,Terrestrial,295.272687326099,90.717052216544,68.6194082090318,50.992146,893.334270320412,8.75952808811392,72.3189776259752,15.5183424241449,153.456844770083,68.6194082090318
92,455,2,BS2,Terrestrial,144.900842099444,120.472452207179,38.8640082183972,50.992146,893.334270320412,8.75952808811392,72.278451781561,15.060768147122,153.914419047106,38.8640082183972
92,455,3,BS1,Terrestrial,158.603762337124,112.149116845405,47.1873435801712,50.992146,893.334270320412,8.75952808811392,72.3450785667881,14.3773226245597,154.597864569668,47.1873435801712
92,455,4,SAT-1,Satellite,635497.096753838,156.846548377877,12.128638816351,61.7222537137195,188.391482363219,1.52612284085589,72.1767267168381,12.128638816351,156.846548377877,4.8197714474955
92,455,5,BS1,Terrestrial,2496.53115061175,141.678506717295,17.6579537082805,50.992146,893.334270320412,8.75952808811392,72.0971209817577,8.49103490377553,160.484152290453,17.6579537082805
92,455,6,SAT-1,Satellite,633936.023445542,155.733110092584,13.2420771016437,66.986061040059,188.391482363219,1.40619913634388,72.6680381573147,13.2420771016437,155.733110092584,-4.98409224707157
93,460,1,BS2,Terrestrial,295.272687326099,89.670412537493,69.6660478880829,50.992146,893.334270320412,8.75952808811392,75.4981159003699,13.4102940714189,155.564893122809,69.6660478880829
93,460,2,BS2,Terrestrial,144.900842099444,115.633716845237,43.7027435803384,50.992146,893.334270320412,8.75952808811392,75.4565001137985,9.04827049335594,159.926916700872,43.7027435803384
93,460,3,BS1,Terrestrial,158.603762337124,107.522255146592,51.8142052789838,101.984292,893.334270320412,8.75952808811392,75.5248168597918,13.8009149865544,155.174272207674,51.8142052789838
93,460,4,SAT-1,Satellite,626342.662594304,153.668903013428,15.3062841807999,51.2653852013227,188.391482363219,1.2249427277515,75.3511878991969,15.3062841807999,153.668903013428,7.37770970319679
93,460,5,SAT-1,Satellite,626552.234679039,156.294093171024,12.6810940232046,42.8835752997714,188.391482363219,1.46436392835171,75.2706289575667,12.6810940232046,156.294093171024,12.144598728553
93,460,6,SAT-1,Satellite,625067.09701698,158.613361745667,10.3618254485607,35.691050556202,188.391482363219,1.75946518270327,75.8522873280168,10.3618254485607,158.613361745667,-4.2964334515016
94,465,1,BS2,Terrestrial,295.272687326099,91.0923157801222,68.2441446454537,50.992146,893.334270320412,8.75952808811392,78.7496617941957,13.0505577847257,155.924629409502,68.2441446454537
94,465,2,BS2,Terrestrial,144.900842099444,112.117491320998,47.2189691045775,50.992146,893.334270320412,8.75952808811392,78.7072037032426,14.2816797723,154.693507421928,47.2189691045775
94,465,3,BS1,Terrestrial,158.603762337124,104.673627088417,54.6628333371585,101.984292,893.334270320412,8.75952808811392,78.7767374901897,13.884983030747,155.090204163481,54.6628333371585
94,465,4,SAT-1,Satellite,618996.039993658,152.514763434164,16.4604237600645,55.0026527494789,188.391482363219,1.14171149296675,78.5983842143236,16.4604237600645,152.514763434164,10.9038022354128
94,465,5,SAT-1,Satellite,619155.710409302,151.17274579638,17.8024413978476,55.547,188.391482363219,1.1305229947205,78.5181255929386,17.8024413978476,151.17274579638,14.1380653655743
94,465,6,SAT-1,Satellite,618017.204248472,158.59401356738,10.3811736268477,35.7499195447263,188.391482363219,1.75656789126965,79.1039967572333,10.3811736268477,158.59401356738,-6.57761819639529
95,470,1,BS2,Terrestrial,295.272687326099,88.1318638974871,71.2045965280888,33.994764,893.334270320412,8.75952808811392,82.0474288227295,15.7707975136278,153.2043896806,71.2045965280888
95,470,2,BS2,Terrestrial,144.900842099444,111.05215600398,48.2843044215957,33.994764,893.334270320412,8.75952808811392,82.0045380647379,12.1926172905702,156.782569903658,48.2843044215957
95,470,3,BS1,Terrestrial,158.603762337124,96.5947916756078,62.741668749968,101.984292,893.334270320412,8.75952808811392,82.0744692014089,15.2496153011193,153.725571893109,62.741668749968
95,470,4,BS2,Terrestrial,1289.96390375941,146.726746274526,12.60971415105,26.1071162236535,893.334270320412,11.4060123514144,81.8920508444486,12.1822518696488,156.792935324579,12.60971415105
95,470,5,SAT-1,Satellite,613630.57389884,159.228621543661,9.74656565056736,50.7465356050574,188.391482363219,1.85620042941851,81.814565478036,9.74656565056736,159.228621543661,5.38394585229415
95,470,6,SAT-1,Satellite,612849.267007267,154.938082862884,14.0371043313446,70.7831411543041,188.391482363219,1.33076520263867,82.3919857420843,14.0371043313446,154.938082862884,-8.20291564842012
96,475,1,BS2,Terrestrial,295.272687326099,92.9252713575357,66.4111890680401,33.994764,893.334270320412,8.75952808811392,85.3334351223323,12.3864621221419,156.588725072086,66.4111890680401
96,475,2,BS2,Terrestrial,144.900842099444,107.189687473214,52.1467729523619,33.994764,893.334270320412,8.75952808811392,85.2913140942781,15.2784504485288,153.696736745699,52.1467729523619
96,475,3,BS1,Terrestrial,158.603762337124,108.706900182824,50.6295602427517,101.984292,893.334270320412,8.75952808811392,85.3592124087389,13.3989430648572,155.576244129371,50.6295602427517
96,475,4,BS2,Terrestrial,1289.96390375941,148.597478528848,10.7389818967283,22.5475939973379,893.334270320412,13.2066459127285,85.1745826742146,9.67378967011931,159.301397524109,10.7389818967283
96,475,5,SAT-1,Satellite,610027.776307063,153.275513704706,15.6996734895218,78.8045812202263,188.391482363219,1.19530793417163,85.1070875548854,15.6996734895218,153.275513704706,7.97114482462641
96,475,6,SAT-1,Satellite,609611.239880331,154.628186333685,14.347000860543,72.2706537586034,188.391482363219,1.30337469336087,85.63694190592,14.347000860543,154.628186333685,-4.45587906283393
97,480,1,BS2,Terrestrial,295.272687326099,90.7812250214106,68.5552354041652,50.992146,893.334270320412,8.75952808811392,88.2249052023603,13.4769538997861,155.498233294442,68.5552354041652
97,480,2,BS2,Terrestrial,144.900842099444,108.994471158432,50.3419892671434,50.992146,893.334270320412,8.75952808811392,88.197973853331,11.1740839136758,157.801103280552,50.3419892671434
97,480,3,BS1,Terrestrial,158.603762337124,105.275498635363,54.0609617902133,101.984292,893.334270320412,8.75952808811392,88.2374887764395,13.7304974701694,155.244689724059,54.0609617902133
97,480,4,SAT-1,Satellite,608378.915076303,154.780625123744,14.1945620704838,47.6923042434945,188.391482363219,1.31671475689509,88.0928503003499,14.1945620704838,154.780625123744,9.78957247051696
97,480,5,SAT-1,Satellite,608381.51762343,155.100422827991,13.8747643662367,46.6703297881968,188.391482363219,1.34554782605417,88.0848104478448,13.8747643662367,155.100422827991,11.7814009771945
97,480,6,SAT-1,Satellite,608333.977891084,156.115774666293,12.8594125279348,43.4462045310004,188.391482363219,1.44540038573292,88.2375038356306,12.8594125279348,156.115774666293,-5.00605785387427
98,485,1,BS2,Terrestrial,295.272687326099,91.2920338565579,68.044426569018,50.992146,893.334270320412,8.75952808811392,87.2060304382268,11.875089609854,157.100097584374,68.044426569018
98,485,2,BS2,Terrestrial,144.900842099444,116.821502043842,42.5149583817334,50.992146,893.334270320412,8.75952808811392,87.2428524038633,16.7150349226768,152.260152271551,42.5149583817334
98,485,3,BS1,Terrestrial,158.603762337124,95.9766243892109,63.359836036365,50.992146,893.334270320412,8.75952808811392,87.1789408045308,16.4541707763547,152.521016417873,63.359836036365
98,485,4,SAT-1,Satellite,608758.293989579,153.613774333948,15.3614128602803,77.1649628295853,188.391482363219,1.22070610452616,87.305229631119,15.3614128602803,153.613774333948,8.52046209253382
98,485,5,BS1,Terrestrial,2496.53115061175,141.933588122018,17.4028723035578,50.992146,893.334270320412,8.75952808811392,87.4185586534354,15.78437703236,153.190810161868,17.4028723035578
98,485,6,SAT-1,Satellite,609029.800710845,156.239104746271,12.7360824479572,64.5854256526451,188.391482363219,1.45846745190184,86.7647231026137,12.7360824479572,156.239104746271,-4.01354785053755
99,490,1,BS2,Terrestrial,295.272687326099,89.7490053200644,69.5874551055115,50.992146,893.334270320412,8.75952808811392,84.0324496928831,9.99741112443365,158.977776069794,69.5874551055115
99,490,2,BS2,Terrestrial,144.900842099444,128.18046374811,31.1559966774655,50.992146,893.334270320412,8.75952808811392,84.0744844004619,15.1650000538153,153.810187140413,31.1559966774655
99,490,3,BS1,Terrestrial,158.603762337124,108.274663013617,51.0617974119589,101.984292,893.334270320412,8.75952808811392,84.0036032186501,11.8558051505842,157.119382043644,51.0617974119589
99,490,4,SAT-1,Satellite,611106.446996457,153.399108865815,15.5760783284134,52.1367256100364,188.391482363219,1.20447074596589,84.1645351257987,15.5760783284134,153.399108865815,5.84915621472305
99,490,5,SAT-1,Satellite,611003.002890421,154.27622977368,14.6989574205484,49.309742210221,188.391482363219,1.27352441876532,84.2695526052488,14.6989574205484,154.27622977368,9.83188115795366
99,490,6,SAT-1,Satellite,611691.904868111,156.793328642892,12.1818585513365,41.3148157615692,188.391482363219,1.51996710212013,83.6030811295768,12.1818585513365,156.793328642892,-6.97456450076888
100,495,1,BS2,Terrestrial,295.272687326099,89.7772393497514,69.5592210758244,50.992146,893.334270320412,8.75952808811392,80.7331685759211,14.6524530532782,154.32273414095,69.5592210758244
100,495,2,BS2,Terrestrial,144.900842099444,119.318305568878,40.0181548566979,50.992146,893.334270320412,8.75952808811392,80.7755235263562,15.7426626164739,153.232524577754,40.0181548566979
100,495,3,BS1,Terrestrial,158.603762337124,101.411652530075,57.9248078955012,101.984292,893.334270320412,8.75952808811392,80.7046196189064,13.1071556116312,155.868031582597,57.9248078955012
100,495,4,SAT-1,Satellite,615400.724014696,154.562420472001,14.4127667222276,48.3912167130912,188.391482363219,1.29769749663581,80.8708710765894,14.4127667222276,154.562420472001,0.373383478676402
100,495,5,SAT-1,Satellite,615245.376436989,152.88095786315,16.0942293310779,53.8141951008145,188.391482363219,1.16692557921003,80.9702519353775,16.0942293310779,152.88095786315,11.1737103727871
100,495,6,SAT-1,Satellite,616294.688092253,154.945548312423,14.0296388818054,47.1649035845507,188.391482363219,1.33143833688042,80.3195251873618,14.0296388818054,154.945548312423,-1.28499639661703
101,500,1,BS2,Terrestrial,295.272687326099,88.7977722456891,70.5386881798868,50.992146,893.334270320412,8.75952808811392,77.4545465842518,10.6562342833638,158.318952910864,70.5386881798868
101,500,2,BS2,Terrestrial,144.900842099444,117.396539827672,41.9399205979039,50.992146,893.334270320412,8.75952808811392,77.4963875103946,12.770514315967,156.204672878261,41.9399205979039
101,500,3,BS1,Terrestrial,158.603762337124,123.795727865638,35.5407325599379,50.992146,893.334270320412,8.75952808811392,77.4265777368036,14.2478155786332,154.727371615595,35.5407325599379
101,500,4,SAT-1,Satellite,621600.627041707,157.828554746013,11.1466324482151,57.1436350217175,188.391482363219,1.64840303116541,77.5926350762896,11.1466324482151,157.828554746013,7.65286866762153
101,500,5,BS1,Terrestrial,2496.53115061175,144.896348041987,14.4401123835885,44.5036237885775,893.334270320412,10.0366463927113,77.6879120091619,14.0136282080833,154.961558986145,14.4401123835885
101,500,6,SAT-1,Satellite,622794.950279539,153.541217324172,15.4339698700564,77.5163664910495,188.391482363219,1.2151722977429,77.0547137107951,15.4339698700564,153.541217324172,-1.51935865575288
102,505,1,BS2,Terrestrial,295.272687326099,88.7044080572517,70.6320523683242,50.992146,893.334270320412,8.75952808811392,74.2355170694422,12.4619266833719,156.513260510856,70.6320523683242
102,505,2,BS2,Terrestrial,144.900842099444,114.225981689542,45.110478736034,50.992146,893.334270320412,8.75952808811392,74.2764730576119,9.32293728006445,159.652249914164,45.110478736034
102,505,3,BS1,Terrestrial,158.603762337124,106.781841491931,52.554618933645,101.984292,893.334270320412,8.75952808811392,74.2082716306341,15.2337314626285,153.7414557316,52.554618933645
102,505,4,SAT-1,Satellite,629649.651739191,157.299126937591,11.6760602566367,39.7359060000358,188.391482363219,1.58036313020478,74.3718375967158,11.6760602566367,157.299126937591,9.95995270499679
102,505,5,SAT-1,Satellite,629395.003589396,152.654960556346,16.3202266378817,54.5473813493398,188.391482363219,1.15124061383562,74.4634809652682,16.3202266378817,152.654960556346,8.59693213529272
102,505,6,SAT-1,Satellite,631133.842754896,155.21283079105,13.7623564031778,46.3118012201914,188.391482363219,1.35596455186806,73.8491866751978,13.7623564031778,155.21283079105,-10.4871692188685
103,510,1,BS2,Terrestrial,295.272687326099,90.7796947575892,68.5567656679867,33.994764,893.334270320412,8.75952808811392,71.0974962779203,12.4084692143382,156.56671797989,68.5567656679867
103,510,2,BS2,Terrestrial,144.900842099444,112.024472354044,47.3119880715321,33.994764,893.334270320412,8.75952808811392,71.137330294557,14.4293940869539,154.545793107274,47.3119880715321
103,510,3,BS1,Terrestrial,158.603762337124,104.132120822364,55.2043396032115,101.984292,893.334270320412,8.75952808811392,71.0710810573014,7.69810819274775,161.27707900148,55.2043396032115
103,510,4,BS2,Terrestrial,1289.96390375941,151.856173925114,7.48028650046209,16.6587429149006,893.334270320412,17.8751837175213,71.2308116696027,3.10348149419562,165.871705700032,7.48028650046209
103,510,5,SAT-1,Satellite,639176.392607565,156.292309395639,12.6828777985888,64.3337965180387,188.391482363219,1.46417196372357,71.3189274046708,12.6828777985888,156.292309395639,5.21318006302926
103,510,6,SAT-1,Satellite,641239.368631683,158.571258933949,10.4039282602789,53.7287718177679,188.391482363219,1.75317130830932,70.724998051562,10.4039282602789,158.571258933949,-13.2164167888647
104,515,1,BS2,Terrestrial,295.272687326099,89.8505741122637,69.4858863133122,50.992146,893.334270320412,8.75952808811392,68.0552320391899,14.3233487960979,154.65183839813,69.4858863133122
104,515,2,BS2,Terrestrial,144.900842099444,112.988785430489,46.347674995087,50.992146,893.334270320412,8.75952808811392,68.0937762834796,14.6939183697249,154.281268824503,46.347674995087
104,515,3,BS1,Terrestrial,158.603762337124,105.134228053846,54.2022323717302,50.992146,893.334270320412,8.75952808811392,68.0297295111114,10.7067714855654,158.268415708663,54.2022323717302
104,515,4,SAT-1,Satellite,651003.940777207,156.949826220438,12.0253609737905,61.2376698468374,188.391482363219,1.53819930472867,68.1847284836922,12.0253609737905,156.949826220438,6.21017599364913
104,515,5,BS1,Terrestrial,2496.53115061175,141.854739503838,17.4817209217378,50.992146,893.334270320412,8.75952808811392,68.269302312355,13.5677601096582,155.40742708457,17.4817209217378
104,515,6,SAT-1,Satellite,653029.202477546,159.02510037533,9.95008681889789,51.665490951134,188.391482363219,1.82318486571048,67.697040459117,9.95008681889789,159.02510037533,-10.9201773927966
105,520,1,BS2,Terrestrial,295.272687326099,93.2260429171789,66.1104175083969,50.992146,893.334270320412,8.75952808811392,65.119268472108,14.3810101350764,154.594177059152,66.1104175083969
105,520,2,BS2,Terrestrial,144.900842099444,119.386115478117,39.9503449474591,50.992146,893.334270320412,8.75952808811392,65.1564048170309,11.5780025910641,157.397184603164,39.9503449474591
105,520,3,BS1,Terrestrial,158.603762337124,97.9230069029382,61.4134535226377,50.992146,893.334270320412,8.75952808811392,65.0947387948716,12.4320449241677,156.54314227006,61.4134535226377
105,520,4,SAT-1,Satellite,664139.567826232,158.530917945467,10.4442692487615,53.9130712630737,188.391482363219,1.74717816987225,65.2443921694306,10.4442692487615,158.530917945467,5.81162188218852
105,520,5,BS1,Terrestrial,2496.53115061175,143.715527470183,15.6209329553931,47.9946319921091,893.334270320412,9.30660610615045,65.3253853398184,9.22800468001122,159.747182514217,15.6209329553931
105,520,6,SAT-1,Satellite,666413.59862638,157.072741085546,11.9024461086826,60.6618353467784,188.391482363219,1.55280071305346,64.7757885568571,11.9024461086826,157.072741085546,-5.152323857829
106,525,1,BS2,Terrestrial,295.272687326099,87.3103169400504,72.0261434855255,50.992146,893.334270320412,8.75952808811392,62.2968264406793,12.455322188282,156.519865005946,72.0261434855255
106,525,2,BS2,Terrestrial,144.900842099444,114.118528423312,45.2179320022643,50.992146,893.334270320412,8.75952808811392,62.3324773831319,12.5216417405615,156.453545453667,45.2179320022643
106,525,3,BS1,Terrestrial,158.603762337124,103.11467424565,56.2217861799259,50.992146,893.334270320412,8.75952808811392,62.2733087585301,11.4305950547398,157.544592139488,56.2217861799259
106,525,4,SAT-1,Satellite,678790.778034292,155.603660834332,13.3715263598962,67.6023126176171,188.391482363219,1.39338045599733,62.4172115773423,13.3715263598962,155.603660834332,2.98125421700504
106,525,5,BS1,Terrestrial,2496.53115061175,143.674279532544,15.6621808930319,48.1170784638225,893.334270320412,9.28292301653433,62.4946006844238,14.8050311055649,154.170156088663,15.6621808930319
106,525,6,SAT-1,Satellite,681298.187929526,156.709750602672,12.2654365915558,62.3651368795201,188.391482363219,1.51039099559071,61.9683061583179,12.2654365915558,156.709750602672,-7.14457397344776
107,530,1,BS2,Terrestrial,295.272687326099,91.2404746954763,68.0959857300996,50.992146,893.334270320412,8.75952808811392,59.5923143501119,11.0662823280903,157.908904866138,68.0959857300996
107,530,2,BS2,Terrestrial,144.900842099444,118.663153410936,40.6733070146395,50.992146,893.334270320412,8.75952808811392,59.6264367107164,14.4263070289796,154.548880165249,40.6733070146395
107,530,3,BS1,Terrestrial,158.603762337124,102.457606655293,56.8788537702831,50.992146,893.334270320412,8.75952808811392,59.5698286716506,9.64621312861084,159.328974065617,56.8788537702831
107,530,4,SAT-1,Satellite,694861.279924074,153.4579616982,15.5172254960277,77.9197861536215,188.391482363219,1.20888089959461,59.7077416899193,15.5172254960277,153.4579616982,7.75041880745138
107,530,5,BS1,Terrestrial,2496.53115061175,141.145633894247,18.190826531329,50.992146,893.334270320412,8.75952808811392,59.7815340780834,14.1752136280147,154.799973566213,18.190826531329
107,530,6,SAT-1,Satellite,697586.511478796,156.758003623911,12.2171835703175,62.1382398108028,188.391482363219,1.51590617095712,59.2788185859396,12.2171835703175,156.758003623911,-7.01382345766314
108,535,1,BS2,Terrestrial,295.272687326099,89.812506213732,69.5239542118439,101.984292,893.334270320412,8.75952808811392,57.0077504352178,5.96964491730981,163.005542276918,69.5239542118439
108,535,2,BS1,Terrestrial,565.376556244471,130.750927519077,28.5855329064993,33.994764,893.334270320412,8.75952808811392,57.0403298304401,11.6189261253783,157.35626106885,28.5855329064993
108,535,3,BS1,Terrestrial,158.603762337124,98.439374104837,60.8970863207389,33.994764,893.334270320412,8.75952808811392,56.9863000536107,12.2883157393489,156.686871454879,60.8970863207389
108,535,4,SAT-1,Satellite,712254.545390812,156.371113526819,12.6040736674094,63.9613859151808,188.391482363219,1.47269700044527,57.118117853915,12.6040736674094,156.371113526819,0.582326276766992
108,535,5,BS1,Terrestrial,2496.53115061175,143.867336302963,15.469124122613,31.6961663870834,893.334270320412,9.39476675097696,57.1883552763603,12.233706996949,156.741480197279,15.469124122613
108,535,6,SAT-1,Satellite,715182.194988548,155.462187130652,13.5130000635756,68.2767312477586,188.391482363219,1.37961702999221,56.7091663353983,13.5130000635756,155.462187130652,-9.8240389724761
109,540,1,BS2,Terrestrial,295.272687326099,89.4617873563817,69.8746730691941,50.992146,893.334270320412,8.75952808811392,54.5431606464323,12.2974695625088,156.677717631719,69.8746730691941
109,540,2,BS2,Terrestrial,144.900842099444,114.767374351313,44.5690860742625,50.992146,893.334270320412,8.75952808811392,54.574206303003,13.4752608032666,155.499926390962,44.5690860742625
109,540,3,BS1,Terrestrial,158.603762337124,104.00539378698,55.3310666385958,101.984292,893.334270320412,8.75952808811392,54.5227348448692,15.6486294804105,153.326557713818,55.3310666385958
109,540,4,SAT-1,Satellite,730875.64632016,157.644837690423,11.3303495038051,38.663370790005,188.391482363219,1.62420294724984,54.648459344173,11.3303495038051,157.644837690423,4.34979483928475
109,540,5,SAT-1,Satellite,730346.91063666,155.531567399816,13.4436197944119,45.2972466788057,188.391482363219,1.38633505106883,54.7152158099012,13.4436197944119,155.531567399816,2.3961720822019
109,540,6,SAT-1,Satellite,733990.719336765,159.401025886167,9.57416130806124,33.3141984272053,188.391482363219,1.88499690079464,54.259218604136,9.57416130806124,159.401025886167,1.05066528480199
110,545,1,BS2,Terrestrial,295.272687326099,88.5030191805874,70.8334412449885,33.994764,893.334270320412,8.75952808811392,52.1969578329011,10.7021539050574,158.273033289171,70.8334412449885
110,545,2,BS2,Terrestrial,144.900842099444,106.546294370498,52.7901660550779,33.994764,893.334270320412,8.75952808811392,52.2264977509354,10.9378029185198,158.037384275708,52.7901660550779
110,545,3,BS1,Terrestrial,158.603762337124,101.939010923564,57.3974495020119,101.984292,893.334270320412,8.75952808811392,52.1775346291563,13.0632832560579,155.91190393817,57.3974495020119
110,545,4,BS2,Terrestrial,1289.96390375941,144.53491732434,14.8015431012359,30.379361632685,893.334270320412,9.80198641785896,52.2972520984871,11.6064262034349,157.368760990793,14.8015431012359
110,545,5,SAT-1,Satellite,750074.936998989,155.298996152541,13.6761910416874,69.0558407434593,188.391482363219,1.36405176111814,52.3606290067191,13.6761910416874,155.298996152541,3.79406781527157
110,545,6,SAT-1,Satellite,753920.785047135,156.388860584928,12.5863266093,63.8775656040576,188.391482363219,1.47462947735794,51.9272591906676,12.5863266093,156.388860584928,-15.6523807099423
111,550,1,BS2,Terrestrial,295.272687326099,91.3503506652941,67.9861097602818,50.992146,893.334270320412,8.75952808811392,49.9662936783523,8.74392274219548,160.231264452033,67.9861097602818
111,550,2,BS2,Terrestrial,144.900842099444,113.568883787567,45.7675766380089,50.992146,893.334270320412,8.75952808811392,49.9943702431696,12.0617368337885,156.91345036044,45.7675766380089
111,550,3,BS1,Terrestrial,158.603762337124,121.769310728659,37.5671496969166,101.984292,893.334270320412,8.75952808811392,49.9478424250561,3.05968501979112,165.915502174437,37.5671496969166
111,550,4,SAT-1,Satellite,771437.828606173,159.949366892608,9.02582030162,31.684251913209,188.391482363219,1.98196760206794,50.0617035034976,9.02582030162,159.949366892608,8.326352599313
111,550,5,SAT-1,Satellite,770853.384930044,155.473347677413,13.5018395168148,45.4823289560225,188.391482363219,1.38069360626759,50.1218237898608,13.5018395168148,155.473347677413,2.62117505426519
111,550,6,SAT-1,Satellite,774885.298678641,162.269822396951,6.70536479727662,25.0668644544817,188.391482363219,2.50518611539035,49.7103399111327,6.70536479727662,162.269822396951,-3.07413739975351
112,555,1,BS2,Terrestrial,295.272687326099,88.1962562588844,71.1402041666915,50.992146,893.334270320412,8.75952808811392,47.847374334961,14.0104611796471,154.964726014581,71.1402041666915
112,555,2,BS2,Terrestrial,144.900842099444,117.543628069627,41.7928323559484,50.992146,893.334270320412,8.75952808811392,47.8740404612908,12.0570915777239,156.918095616504,41.7928323559484
112,555,3,BS1,Terrestrial,158.603762337124,103.535623370379,55.8008370551966,50.992146,893.334270320412,8.75952808811392,47.8298580595273,12.8934590206445,156.081728173584,55.8008370551966
112,555,4,SAT-1,Satellite,793208.032959651,155.934067503763,13.041119690465,66.031044486592,188.391482363219,1.42653719798021,47.9380606237192,13.041119690465,155.934067503763,5.53176873178415
112,555,5,BS1,Terrestrial,2496.53115061175,144.382075664222,14.9543847613537,46.0204552279588,893.334270320412,9.7058391306143,47.9950628876008,5.13361769836794,163.84156949586,14.9543847613537
112,555,6,SAT-1,Satellite,796802.027411829,154.988275925117,13.9869112691111,70.5425848643118,188.391482363219,1.33530322659418,47.6045947070007,13.9869112691111,154.988275925117,-15.9905388247845
113,560,1,BS2,Terrestrial,295.272687326099,90.0274783165098,69.3089821090661,33.994764,893.334270320412,8.75952808811392,45.8357341421734,11.434507897977,157.540679296251,69.3089821090661
113,560,2,BS2,Terrestrial,144.900842099444,119.764799922936,39.5716605026401,33.994764,893.334270320412,8.75952808811392,45.8610499896841,9.70426484998552,159.270922344243,39.5716605026401
113,560,3,BS1,Terrestrial,158.603762337124,105.273517327981,54.0629430975947,50.992146,893.334270320412,8.75952808811392,45.8191115673299,8.42526368891149,160.549923505317,54.0629430975947
113,560,4,BS2,Terrestrial,1289.96390375941,151.762020839296,7.57443958627985,16.8214121724815,893.334270320412,17.7023241005856,45.921886352801,5.23308498829232,163.742102205936,7.57443958627985
113,560,5,BS1,Terrestrial,2496.53115061175,144.863198873813,14.4732615517627,44.6012157624024,893.334270320412,10.0146851946743,45.9759194863743,13.289680261722,155.685506932506,14.4732615517627
113,560,6,SAT-1,Satellite,819593.976498066,161.232823879745,7.74236331448355,83.8864471286782,188.391482363219,2.24579164825319,45.6055102540445,7.74236331448355,161.232823879745,-0.227201394793127
114,565,1,BS2,Terrestrial,295.272687326099,91.3715389038195,67.9649215217563,50.992146,893.334270320412,8.75952808811392,43.9264657148985,8.37537736625444,160.599809827974,67.9649215217563
114,565,2,BS2,Terrestrial,144.900842099444,113.178227724482,46.1582327010936,50.992146,893.334270320412,8.75952808811392,43.9504959707014,5.825447415377,163.149739778851,46.1582327010936
114,565,3,BS1,Terrestrial,158.603762337124,106.829730074703,52.5067303508724,50.992146,893.334270320412,8.75952808811392,43.9106929434098,9.21180064653146,159.763386547697,52.5067303508724
114,565,4,SAT-1,Satellite,839337.580223292,155.555092776119,13.4200944181096,67.83373376609,188.391482363219,1.38862680781251,44.0082917497923,13.4200944181096,155.555092776119,3.36066975737154
114,565,5,BS1,Terrestrial,2496.53115061175,144.15658130347,15.1798791221057,46.6873395936773,893.334270320412,9.56720042408878,44.0595103130369,10.303298016576,158.671889177652,15.1798791221057
114,565,6,SAT-1,Satellite,843189.545262558,155.920355321155,13.0548318730734,66.0961439543144,188.391482363219,1.42513217180593,43.7081522731744,13.0548318730734,155.920355321155,-16.3765211488245
115,570,1,BS2,Terrestrial,295.272687326099,90.1777790419083,69.1586813836676,50.992146,893.334270320412,8.75952808811392,42.1144078258392,10.1805981157922,158.794589078436,69.1586813836676
115,570,2,BS2,Terrestrial,144.900842099444,110.411284377223,48.9251760483524,50.992146,893.334270320412,8.75952808811392,42.137219517521,16.3189022143696,152.656284979859,48.9251760483524
115,570,3,BS1,Terrestrial,158.603762337124,100.690549978001,58.6459104475751,101.984292,893.334270320412,8.75952808811392,42.099439701756,10.8233710899385,158.15181610429,58.6459104475751
115,570,4,SAT-1,Satellite,863557.371265362,158.222399112697,10.7527880815312,36.8847744758652,188.391482363219,1.70252256330941,42.1921259436225,10.7527880815312,158.222399112697,9.57614967076304
115,570,5,SAT-1,Satellite,862886.411817531,158.829625881513,10.1455613127153,35.0345654489315,188.391482363219,1.79243441392976,42.240686360743,10.1455613127153,158.829625881513,6.65211736548696
115,570,6,SAT-1,Satellite,867522.51358409,161.168016679336,7.80717051489202,28.1466377798703,188.391482363219,2.23107147926031,41.9073495404854,7.80717051489202,161.168016679336,-3.72565112315831
116,575,1,BS2,Terrestrial,295.272687326099,92.2920428845228,67.0444175410531,33.994764,893.334270320412,8.75952808811392,40.3942946037289,3.84779012436633,165.127397069862,67.0444175410531
116,575,2,BS2,Terrestrial,144.900842099444,111.561045078919,47.7754153466566,33.994764,893.334270320412,8.75952808811392,40.4159553868821,14.147203560065,154.827983634163,47.7754153466566
116,575,3,BS1,Terrestrial,158.603762337124,107.780052353667,51.5564080719089,50.992146,893.334270320412,8.75952808811392,40.3800857796665,8.76686671180451,160.208320482424,51.5564080719089
116,575,4,BS2,Terrestrial,1289.96390375941,146.987744447249,12.3487159783269,25.6048836381825,893.334270320412,11.6297380731991,40.4681270988843,5.3580064878675,163.617180706361,12.3487159783269
116,575,5,BS1,Terrestrial,2496.53115061175,144.063932078204,15.2725283473721,46.9616420664353,893.334270320412,9.51131850390408,40.5141846525355,10.2527023832416,158.722484810987,15.2725283473721
116,575,6,SAT-1,Satellite,892531.904359746,155.690711681097,13.2844755131316,134.375622055828,188.391482363219,1.40197663445941,40.1978394532922,13.2844755131316,155.690711681097,-0.557219368926866
117,580,1,BS2,Terrestrial,295.272687326099,87.6774881851915,71.6589722403843,33.994764,893.334270320412,8.75952808811392,38.7608707136798,10.2328349001018,158.742352294126,71.6589722403843
117,580,2,BS2,Terrestrial,144.900842099444,109.627325752843,49.7091346727331,33.994764,893.334270320412,8.75952808811392,38.7814475688786,12.2628429694055,156.712344224823,49.7091346727331
117,580,3,BS1,Terrestrial,158.603762337124,103.442918574174,55.8935418514016,101.984292,893.334270320412,8.75952808811392,38.7473764620616,13.2097935214695,155.765393672759,55.8935418514016
117,580,4,BS2,Terrestrial,1289.96390375941,146.014782744558,13.3216776810176,27.4848823911882,893.334270320412,10.8342501113366,38.8310391005799,5.00314388342508,163.972043310803,13.3216776810176
117,580,5,SAT-1,Satellite,913293.664193609,157.96863618067,11.0065510135584,56.4961580591463,188.391482363219,1.66729463414123,38.8747456472492,11.0065510135584,157.96863618067,5.21202382601118
117,580,6,SAT-1,Satellite,918161.759992929,160.676488978048,8.29869821617996,44.3375128890771,188.391482363219,2.1245156763138,38.5743799916145,8.29869821617996,160.676488978048,-12.0161184653053
118,585,1,BS2,Terrestrial,295.272687326099,87.4495674454618,71.8868929801141,33.994764,893.334270320412,8.75952808811392,37.2089775967306,10.5839876256239,158.391199568604,71.8868929801141
118,585,2,BS2,Terrestrial,144.900842099444,121.984976604279,37.3514838212968,33.994764,893.334270320412,8.75952808811392,37.2285358695848,9.40310186635239,159.572085327876,37.3514838212968
118,585,3,BS1,Terrestrial,158.603762337124,97.5218444383989,61.8146159871769,50.992146,893.334270320412,8.75952808811392,37.1961544053268,6.80780950503151,162.167377689197,61.8146159871769
118,585,4,BS2,Terrestrial,1289.96390375941,149.652031270375,9.68442915520083,20.5904484267918,893.334270320412,14.4619526459338,37.275699043854,8.99220450523285,159.982982688995,9.68442915520083
118,585,5,BS1,Terrestrial,2496.53115061175,150.645952016593,8.69050840898328,28.1813148574935,893.334270320412,15.8497620646482,37.3172013502902,-1.89829868945833,170.873485883686,8.69050840898328
118,585,6,SAT-1,Satellite,944360.863478017,164.847283187323,4.12790400690554,55.2828990966535,188.391482363219,3.40777139841826,37.0318332194779,4.12790400690554,164.847283187323,-13.8116919710315
119,590,1,BS2,Terrestrial,295.272687326099,93.1294278221789,66.2070326033969,33.994764,893.334270320412,8.75952808811392,35.7336157554409,6.58842421146255,162.386762982766,66.2070326033969
119,590,2,BS2,Terrestrial,144.900842099444,112.048307291063,47.2881531345128,33.994764,893.334270320412,8.75952808811392,35.7522184770161,9.98202850771548,158.993158686513,47.2881531345128
119,590,3,BS1,Terrestrial,158.603762337124,109.70940207604,49.627058349536,50.992146,893.334270320412,8.75952808811392,35.7214217460903,0.395787714487966,168.57939947974,49.627058349536
119,590,4,BS2,Terrestrial,1289.96390375941,148.860605781563,10.4758546440124,22.0554475394381,893.334270320412,13.5013397290777,35.7971005364458,10.4149075274331,158.560279666795,10.4758546440124
119,590,5,BS1,Terrestrial,2496.53115061175,145.623650452806,13.7128099727698,42.3692707568696,893.334270320412,10.5422426957345,35.8365391318176,4.02138671290663,164.953800481321,13.7128099727698
119,590,6,SAT-1,Satellite,971082.427817633,161.519376424985,7.45581076924353,81.4536421916209,188.391482363219,2.31286750714013,35.5652253146025,7.45581076924353,161.519376424985,-8.16475195129257
120,595,1,BS2,Terrestrial,295.272687326099,85.6432767268933,73.6931836986826,33.994764,893.334270320412,8.75952808811392,34.3299876788224,12.2666515220273,156.708535672201,73.6931836986826
120,595,2,BS2,Terrestrial,144.900842099444,115.24808656497,44.0883738606061,33.994764,893.334270320412,8.75952808811392,34.3476951101528,11.2952896391269,157.679897555101,44.0883738606061
120,595,3,BS1,Terrestrial,158.603762337124,103.396090635909,55.9403697896673,50.992146,893.334270320412,8.75952808811392,34.3183828846263,6.98131790658013,161.993869287648,55.9403697896673
120,595,4,BS2,Terrestrial,1289.96390375941,146.115911440388,13.220548985188,27.2885312441289,893.334270320412,10.9122065765584,34.3904374345774,11.6064328743752,157.368754319853,13.220548985188
120,595,5,BS1,Terrestrial,2496.53115061175,144.761991180983,14.5744692445925,44.8993318439734,893.334270320412,9.94819113817525,34.4279458783653,10.0600487514161,158.915138442812,14.5744692445925
120,595,6,SAT-1,Satellite,998283.771600964,157.650807560747,11.3243796334816,115.9346999113,188.391482363219,1.62497925562713,34.1697876843225,11.3243796334816,157.650807560747,-5.56660222932186
121,600,1,BS2,Terrestrial,295.272687326099,90.9782746543334,68.3581857712425,50.992146,893.334270320412,8.75952808811392,32.9935254522302,13.2350849387456,155.740102255483,68.3581857712425
121,600,2,BS2,Terrestrial,144.900842099444,111.532773385094,47.8036870404821,50.992146,893.334270320412,8.75952808811392,33.0103948042924,13.3004348007653,155.674752393463,47.8036870404821
121,600,3,BS1,Terrestrial,158.603762337124,104.004876654548,55.331583771028,50.992146,893.334270320412,8.75952808811392,32.9824719839188,11.9342072648478,157.04097992938,55.331583771028
121,600,4,SAT-1,Satellite,1021453.77973436,159.144402969967,9.83078422426098,51.1263154941436,188.391482363219,1.84241207822612,33.0511320876364,9.83078422426098,159.144402969967,9.58759250048288
121,600,5,BS1,Terrestrial,2496.53115061175,149.745543930181,9.59091649539516,30.6284623739942,893.334270320412,14.5834005542328,33.0868365639556,4.02585333012345,164.949333864105,9.59091649539516
121,600,6,SAT-1,Satellite,1025925.9936829,159.989938629791,8.98524856443728,47.3467929521414,188.391482363219,1.98948514373134,32.8409831597903,8.98524856443728,159.989938629791,-7.94375384854965
122,605,1,BS2,Terrestrial,295.272687326099,89.4438978237726,69.8925626018033,50.992146,893.334270320412,8.75952808811392,31.7199064986825,5.58836932400632,163.386817870222,69.8925626018033
122,605,2,BS2,Terrestrial,144.900842099444,114.746918727108,44.5895416984684,50.992146,893.334270320412,8.75952808811392,31.7359917869956,5.37502860520237,163.600158589026,44.5895416984684
122,605,3,BS1,Terrestrial,158.603762337124,111.581092265711,47.7553681598654,33.994764,893.334270320412,8.75952808811392,31.7093686260335,10.718492442104,158.256694752124,47.7553681598654
122,605,4,BS1,Terrestrial,1684.50527938871,164.784356254204,-5.44789582862788,2.21567120862035,893.334270320412,134.396335046581,31.7748515672669,-7.53016067042196,176.50534786465,-5.44789582862788
122,605,5,BS1,Terrestrial,2496.53115061175,149.052518798776,10.2839416268001,21.698034443787,893.334270320412,13.7237357087922,31.8088707291365,6.96915499467573,162.006032199552,10.2839416268001
122,605,6,SAT-1,Satellite,1053973.65599383,161.022846510716,7.95234068351215,85.6839408213887,188.391482363219,2.19867901216084,31.5745206553785,7.95234068351215,161.022846510716,-18.7606728837468
123,610,1,BS2,Terrestrial,295.272687326099,90.9013069718425,68.4351534537333,33.994764,893.334270320412,8.75952808811392,30.505060312111,6.45826753352216,162.516919660706,68.4351534537333
123,610,2,BS2,Terrestrial,144.900842099444,109.988199050511,49.3482613750648,33.994764,893.334270320412,8.75952808811392,30.5204123124594,9.94984396570231,159.025343228526,49.3482613750648
123,610,3,BS1,Terrestrial,158.603762337124,100.821514599723,58.5149458258531,101.984292,893.334270320412,8.75952808811392,30.4950044817008,7.47735468714481,161.497832507083,58.5149458258531
123,610,4,BS2,Terrestrial,1289.96390375941,151.219462272951,8.11699815262475,17.7687924306224,893.334270320412,16.7584877402034,30.5575147682004,6.39620902519385,162.578978169034,8.11699815262475
123,610,5,SAT-1,Satellite,1077028.31789483,157.200337687085,11.7748495071427,60.0651122906061,188.391482363219,1.56822717197086,30.5899597682428,11.7748495071427,157.200337687085,0.189915218809261
123,610,6,SAT-1,Satellite,1082394.48047204,158.715394386289,10.2597928079395,53.0714584000916,188.391482363219,1.77488510814029,30.3663610954738,10.2597928079395,158.715394386289,-10.1675540706704
124,615,1,BS2,Terrestrial,295.272687326099,91.3418921942301,67.9945682313458,50.992146,893.334270320412,8.75952808811392,29.3451685066737,8.25773576537165,160.717451428856,67.9945682313458
124,615,2,BS2,Terrestrial,144.900842099444,117.377786458673,41.9586739669033,50.992146,893.334270320412,8.75952808811392,29.3598347849911,6.8314442696574,162.143742924571,41.9586739669033
124,615,3,BS1,Terrestrial,158.603762337124,103.960464514778,55.3759959107974,33.994764,893.334270320412,8.75952808811392,29.3355633131098,-3.93421502365121,172.909402217879,55.3759959107974
124,615,4,BS1,Terrestrial,1684.50527938871,157.305984921016,2.03047550455963,8.42308042327979,893.334270320412,35.3526352762586,29.3952927286046,-2.56109317433732,171.536280368565,2.03047550455963
124,615,5,BS1,Terrestrial,2496.53115061175,149.97471066824,9.36174975733627,20.0003103498175,893.334270320412,14.8886734704855,29.4262673847087,8.79725339997975,160.177933794248,9.36174975733627
124,615,6,SAT-1,Satellite,1111159.06381154,160.784398240043,8.19078895418505,87.7397385097432,188.391482363219,2.1471625692422,29.21271687961,8.19078895418505,160.784398240043,-10.0203016722485
125,620,1,BS2,Terrestrial,295.272687326099,90.173799178998,69.1626612465778,33.994764,893.334270320412,8.75952808811392,28.236660036543,4.68864901194195,164.286538182286,69.1626612465778
125,620,2,BS2,Terrestrial,144.900842099444,120.237471501179,39.0989889243972,33.994764,893.334270320412,8.75952808811392,28.2506850316203,9.21661671651194,159.758570477716,39.0989889243972
125,620,3,BS1,Terrestrial,158.603762337124,101.529188630928,57.8072717946477,50.992146,893.334270320412,8.75952808811392,28.2274761607496,-1.92453011758863,170.899717311817,57.8072717946477
125,620,4,BS2,Terrestrial,1289.96390375941,146.072890008806,13.2635704167694,27.3720363738543,893.334270320412,10.8789162062944,28.2846040445476,9.47727674928427,159.497910444944,13.2635704167694
125,620,5,BS1,Terrestrial,2496.53115061175,143.476667732209,15.8597926933666,48.7041201988841,893.334270320412,9.17103385373215,28.3142050996426,-0.878483854895961,169.853671049124,15.8597926933666
125,620,6,SAT-1,Satellite,1140240.61202044,158.246862811679,10.7283243825488,110.429482675617,188.391482363219,1.70598899676649,28.1100466940191,10.7283243825488,158.246862811679,-17.243197595915
126,625,1,BS2,Terrestrial,295.272687326099,91.2932012736702,68.0432591519057,33.994764,893.334270320412,8.75952808811392,27.1762030421186,4.22933381957137,164.745853374657,68.0432591519057
126,625,2,BS2,Terrestrial,144.900842099444,114.860987095019,44.4754733305568,33.994764,893.334270320412,8.75952808811392,27.1896281845085,6.67246441625676,162.302722777971,44.4754733305568
126,625,3,BS1,Terrestrial,158.603762337124,106.883303927527,52.4531564980489,50.992146,893.334270320412,8.75952808811392,27.1674131672492,11.1443970104673,157.830790183761,52.4531564980489
126,625,4,BS2,Terrestrial,1289.96390375941,147.763800482562,11.5726599430139,24.1216909126289,893.334270320412,12.3448265374672,27.2221068513492,2.63972021931653,166.335466974912,11.5726599430139
126,625,5,BS1,Terrestrial,2496.53115061175,148.478707547372,10.8577528782035,34.1557635754032,893.334270320412,13.0773576229421,27.2504242954531,4.74749467506439,164.227692519164,10.8577528782035
126,625,6,SAT-1,Satellite,1169614.69556597,164.502375461156,4.47281173307258,57.7890254664785,188.391482363219,3.25998718342288,27.0550470864785,4.47281173307258,164.502375461156,-6.85975205167526
127,630,1,BS2,Terrestrial,295.272687326099,93.4757087900068,65.860751635569,33.994764,893.334270320412,8.75952808811392,26.1606944486534,9.09839992628787,159.87678726794,65.860751635569
127,630,2,BS2,Terrestrial,144.900842099444,122.484422914022,36.852037511554,33.994764,893.334270320412,8.75952808811392,26.1735583030041,1.52422505284545,167.450962141383,36.852037511554
127,630,3,BS1,Terrestrial,158.603762337124,99.3189488206568,60.0175116049191,50.992146,893.334270320412,8.75952808811392,26.1522731617419,3.86785376934495,165.107333424883,60.0175116049191
127,630,4,BS2,Terrestrial,1289.96390375941,147.005593742644,12.3308666829314,25.5705962424551,893.334270320412,11.6453322903906,26.2046885115535,4.48437290062807,164.4908142936,12.3308666829314
127,630,5,BS1,Terrestrial,2496.53115061175,151.504983940018,7.83147648555789,25.9022252075203,893.334270320412,17.2443537797101,26.2318059417158,0.743601168480012,168.231586025748,7.83147648555789
127,630,6,None,Outage,4576.26928829528,170.441466058048,-11.1050056324723,NaN,NaN,Inf,26.0446418982827,-32.5608261014519,201.53601329568,-11.1050056324723
128,635,1,BS2,Terrestrial,295.272687326099,89.5854676937705,69.7509927318054,50.992146,893.334270320412,8.75952808811392,25.1872481752236,-7.10353836102561,176.078725555254,69.7509927318054
128,635,2,BS2,Terrestrial,144.900842099444,123.881264195009,35.4551962305665,50.992146,893.334270320412,8.75952808811392,25.1995865963812,5.68838845069135,163.286798743537,35.4551962305665
128,635,3,BS1,Terrestrial,158.603762337124,98.1849209524463,61.1515394731295,50.992146,893.334270320412,8.75952808811392,25.1791718606988,-10.2942934103755,179.269480604604,61.1515394731295
128,635,4,SAT-1,Satellite,1224336.85697421,160.475821309059,8.49936588516911,45.2111086857199,188.391482363219,2.08346452718956,25.2294538785134,8.49936588516911,160.475821309059,2.03034400729408
128,635,5,BS1,Terrestrial,2496.53115061175,144.474380565336,14.8620798602396,45.7477758410117,893.334270320412,9.76369073575334,25.2554488783151,0.554385249093315,168.420801945135,14.8620798602396
128,635,6,SAT-1,Satellite,1229153.24663916,163.26764142882,5.70754576540776,33.5901147063711,188.391482363219,2.80426970866351,25.0759703853109,5.70754576540776,163.26764142882,-4.15823747705468
129,640,1,BS2,Terrestrial,295.272687326099,90.578414650608,68.7580457749679,33.994764,893.334270320412,8.75952808811392,24.2531825975967,-2.05486628249358,171.030053476722,68.7580457749679
129,640,2,BS2,Terrestrial,144.900842099444,111.995109921557,47.3413505040188,33.994764,893.334270320412,8.75952808811392,24.2650288932874,7.74981570529363,161.225371488934,47.3413505040188
129,640,3,BS1,Terrestrial,158.603762337124,107.708421377476,51.6280390480998,50.992146,893.334270320412,8.75952808811392,24.2454293272082,0.12474159829091,168.850445595937,51.6280390480998
129,640,4,BS2,Terrestrial,1289.96390375941,146.431780043625,12.9046803819508,26.6766002896046,893.334270320412,11.1625202189967,24.2937127879182,-18.1724791625787,187.147666356807,12.9046803819508
129,640,5,BS1,Terrestrial,2496.53115061175,144.367809544867,14.9686508807084,46.0626151078684,893.334270320412,9.69695563558888,24.3186573130004,1.86713374754814,167.10805344668,14.9686508807084
129,640,6,SAT-1,Satellite,1259278.75663483,167.85356984242,1.12161735180786,35.9487498032125,188.391482363219,5.24055727652546,24.1463746511174,1.12161735180786,167.85356984242,-14.730113598671
130,645,1,BS2,Terrestrial,295.272687326099,87.16983965093,72.1666207746458,50.992146,893.334270320412,8.75952808811392,23.3560077393893,1.21096737753055,167.764219816698,72.1666207746458
130,645,2,BS2,Terrestrial,144.900842099444,116.978936097847,42.3575243277291,50.992146,893.334270320412,8.75952808811392,23.3673928342271,11.2067088460818,157.768478348146,42.3575243277291
130,645,3,BS1,Terrestrial,158.603762337124,110.494050821395,48.8424096041813,33.994764,893.334270320412,8.75952808811392,23.3485571618546,8.24932860899293,160.725858585235,48.8424096041813
130,645,4,BS1,Terrestrial,1684.50527938871,151.738305530446,7.59815489512991,16.8624685376972,893.334270320412,17.6592228736321,23.3949672585456,2.55068853829189,166.424498655936,7.59815489512991
130,645,5,BS1,Terrestrial,2496.53115061175,141.684622408073,17.6518380175027,33.994764,893.334270320412,8.75952808811392,23.418928018414,1.18380369041543,167.791383503813,17.6518380175027
130,645,6,SAT-1,Satellite,1289618.53330887,163.503106069641,5.47208112458705,65.3413371912673,188.391482363219,2.88318988348461,23.2533868502742,5.47208112458705,163.503106069641,-3.71778023077172
131,650,1,BS2,Terrestrial,295.272687326099,93.7698429190798,65.566617506496,33.994764,893.334270320412,8.75952808811392,22.4934125340033,4.81926294951086,164.155924244717,65.566617506496
131,650,2,BS2,Terrestrial,144.900842099444,108.751765534108,50.5846948914679,33.994764,893.334270320412,8.75952808811392,22.5043651310735,-4.25784434133035,173.233031535558,50.5846948914679
131,650,3,BS1,Terrestrial,158.603762337124,98.174799730215,61.1616606953609,101.984292,893.334270320412,8.75952808811392,22.4862457667278,-1.67859209782011,170.653779292048,61.1616606953609
131,650,4,BS2,Terrestrial,1289.96390375941,152.955305300191,6.38115512538462,14.8014004570831,893.334270320412,20.1182375255785,22.5308987500711,2.74600679273431,166.229180401494,6.38115512538462
131,650,5,SAT-1,Satellite,1314414.71314827,162.379228479018,6.59595871520975,37.1520647966421,188.391482363219,2.53541066148557,22.553937579347,6.59595871520975,162.379228479018,1.64693995984965
131,650,6,SAT-1,Satellite,1320156.98533829,172.9999884379,-4.02480124367173,7.2170064964819,188.391482363219,13.0519130372859,22.3947164919501,-4.02480124367173,172.9999884379,-9.45154766893336
132,655,1,BS2,Terrestrial,295.272687326099,91.4897455847631,67.8467148408127,33.994764,893.334270320412,8.75952808811392,21.6632523981237,-19.3419404502556,188.317127644484,67.8467148408127
132,655,2,BS2,Terrestrial,144.900842099444,121.010491569331,38.3259688562445,33.994764,893.334270320412,8.75952808811392,21.6737991355422,-6.35494672184038,175.330133916068,38.3259688562445
132,655,3,BS1,Terrestrial,158.603762337124,103.414625491733,55.9218349338431,50.992146,893.334270320412,8.75952808811392,21.6563519226105,4.81820392842477,164.156983265803,55.9218349338431
132,655,4,BS2,Terrestrial,1289.96390375941,146.364113407007,12.9723470185687,26.8075131179121,893.334270320412,11.1080087435576,21.6993557228274,-0.268634945408309,169.243822139636,12.9723470185687
132,655,5,BS1,Terrestrial,2496.53115061175,142.39751676401,16.9389436615656,50.992146,893.334270320412,8.75952808811392,21.721529937353,0.677409590147192,168.297777604081,16.9389436615656
132,655,6,None,Outage,4185.25875071361,169.601674305099,-10.2652138795235,NaN,NaN,Inf,21.568238074947,-11.0246772233836,179.999864417612,-10.2652138795235
133,660,1,BS2,Terrestrial,295.272687326099,88.7670118627691,70.5694485628068,33.994764,893.334270320412,8.75952808811392,20.8635372799751,3.53266348401101,165.442523710217,70.5694485628068
133,660,2,BS2,Terrestrial,144.900842099444,109.169738017067,50.1667224085092,33.994764,893.334270320412,8.75952808811392,20.8737028807014,-1.30049347706233,170.27568067129,50.1667224085092
133,660,3,BS1,Terrestrial,158.603762337124,98.723056273152,60.6134041524239,50.992146,893.334270320412,8.75952808811392,20.8568868419844,7.19546101133747,161.779726182891,60.6134041524239
133,660,4,BS2,Terrestrial,1289.96390375941,149.360767450658,9.97569297491773,21.1268087088252,893.334270320412,14.0947974779748,20.898341665836,2.3111457935625,166.664041400666,9.97569297491773
133,660,5,BS1,Terrestrial,2496.53115061175,141.501195287542,17.8352651380338,50.992146,893.334270320412,8.75952808811392,20.9197044007279,-16.3108857392079,185.286072933436,17.8352651380338
133,660,6,SAT-1,Satellite,1381773.89559673,165.818329597387,3.15685759684095,48.5280386819449,188.391482363219,3.88211614316304,20.7719792101718,3.15685759684095,165.818329597387,-2.79337741694988
134,665,1,BS2,Terrestrial,295.272687326099,87.7167197015815,71.6197407239943,50.992146,893.334270320412,8.75952808811392,20.0924202870226,-0.890390851660072,169.865578045888,71.6197407239943
134,665,2,BS2,Terrestrial,144.900842099444,110.983738533587,48.3527218919888,50.992146,893.334270320412,8.75952808811392,20.1022277008557,4.46748727632431,164.507699917904,48.3527218919888
134,665,3,BS1,Terrestrial,158.603762337124,101.144174816903,58.1922856086727,50.992146,893.334270320412,8.75952808811392,20.0860048021226,-3.73220582344476,172.707393017673,58.1922856086727
134,665,4,SAT-1,Satellite,1407834.31445792,160.120327447902,8.85485974632587,46.7709259446243,188.391482363219,2.01398067879038,20.1260037001468,8.85485974632587,160.120327447902,8.60549459686379
134,665,5,BS1,Terrestrial,2496.53115061175,143.530941075309,15.8055193502672,48.5428228094862,893.334270320412,9.20150723235071,20.1466042281512,4.24700551439057,164.728181679838,15.8055193502672
134,665,6,SAT-1,Satellite,1412827.15982059,171.500754411856,-2.52556721762767,9.60987620858916,188.391482363219,9.8019723810197,20.0041093298465,-2.52556721762767,171.500754411856,-4.35700153492596
135,670,1,BS2,Terrestrial,295.272687326099,92.6543872099565,66.6820732156194,33.994764,893.334270320412,8.75952808811392,19.3481869542052,-Inf,Inf,66.6820732156194
135,670,2,BS2,Terrestrial,144.900842099444,112.491909098121,46.8445513274544,33.994764,893.334270320412,8.75952808811392,19.3576574913834,-Inf,Inf,46.8445513274544
135,670,3,BS1,Terrestrial,158.603762337124,104.562818464511,54.773641961065,50.992146,893.334270320412,8.75952808811392,19.3419924190502,-Inf,Inf,54.773641961065
135,670,4,BS2,Terrestrial,1289.96390375941,144.648168467553,14.6882919580224,30.156590783474,893.334270320412,9.87439502843234,19.3806218203246,-Inf,Inf,14.6882919580224
135,670,5,BS1,Terrestrial,2496.53115061175,163.756644873312,-4.42018444773603,4.0858821439746,893.334270320412,109.319632681746,19.4005058497487,-Inf,Inf,-4.42018444773603
135,670,6,None,Outage,4185.25875071361,173.645911803005,-14.3094513774294,NaN,NaN,Inf,19.2629290405963,-Inf,Inf,-14.3094513774294
