RunID,UserID,ServingNode,ServingType,Distance_m,PathLoss_dB,SNR_dB,Capacity_Mbps,SatElevation_deg,NodePower_W,EnergyPerBit_uJ
1,1,BS2,Terrestrial,295.272687326099,93.1813973038825,66.1550631216934,33.994764,NaN,893.334270320412,8.75952808811392
1,2,BS2,Terrestrial,144.900842099444,90.9806594292142,68.3558009963617,33.994764,NaN,893.334270320412,8.75952808811392
1,3,BS2,Terrestrial,577.768536433813,116.050779229399,43.2856811961773,33.994764,NaN,893.334270320412,8.75952808811392
1,4,SAT-1,Satellite,600048.164031137,154.366868208338,14.6083189858905,49.0186184454672,89.2289463904609,188.391482363219,1.28108793718046
1,5,SAT-1,Satellite,600039.982999046,154.175024375147,14.8001628190808,49.6350415297141,89.2953170434521,188.391482363219,1.26517796404272
1,6,SAT-1,Satellite,600139.521763894,155.278288913498,13.6968982807297,46.1031924435052,88.7007369245411,188.391482363219,1.36210005119908
2,1,BS1,Terrestrial,140.115347174963,95.2865970637215,64.0498633618543,50.992146,NaN,893.334270320412,8.75952808811392
2,2,BS2,Terrestrial,144.900842099444,107.612824087476,51.7236363380996,101.984292,NaN,893.334270320412,8.75952808811392
2,3,BS1,Terrestrial,158.603762337124,105.026345831122,54.3101145944541,50.992146,NaN,893.334270320412,8.75952808811392
2,4,SAT-1,Satellite,600048.164031137,154.044938530683,14.930248663545,50.0535260504564,89.2289463904609,188.391482363219,1.25460013994692
2,5,SAT-1,Satellite,600039.982999046,154.416914907852,14.558272286376,48.8579590579409,89.2953170434521,188.391482363219,1.28530053237116
2,6,SAT-1,Satellite,600139.521763894,151.737693276223,17.2374939180048,55.547,88.7007369245411,188.391482363219,1.1305229947205
3,1,BS1,Terrestrial,140.115347174963,113.097114562975,46.2393458626011,50.992146,NaN,893.334270320412,8.75952808811392
3,2,BS2,Terrestrial,144.900842099444,114.89775024621,44.4387101793664,50.992146,NaN,893.334270320412,8.75952808811392
3,3,BS1,Terrestrial,158.603762337124,115.201164392847,44.1352960327285,50.992146,NaN,893.334270320412,8.75952808811392
3,4,BS2,Terrestrial,1289.96390375941,140.149290613516,19.1871698120602,50.992146,NaN,893.334270320412,8.75952808811392
3,5,SAT-1,Satellite,600039.982999046,155.512700793625,13.4624864006035,68.0358187484569,89.2953170434521,188.391482363219,1.38450220654904
3,6,SAT-1,Satellite,600139.521763894,153.217693271204,15.7574939230246,79.0851909879063,88.7007369245411,188.391482363219,1.19106674719941
4,1,BS2,Terrestrial,295.272687326099,123.162055044068,36.1744053815082,33.994764,NaN,893.334270320412,8.75952808811392
4,2,BS2,Terrestrial,144.900842099444,106.292707177461,53.043753248115,33.994764,NaN,893.334270320412,8.75952808811392
4,3,BS1,Terrestrial,158.603762337124,119.558779672451,39.7776807531244,101.984292,NaN,893.334270320412,8.75952808811392
4,4,BS2,Terrestrial,1289.96390375941,143.813312565778,15.5231478597976,31.8029844838311,NaN,893.334270320412,9.36321213055325
4,5,SAT-1,Satellite,600039.982999046,154.339716082153,14.6354711120747,73.6587118138751,89.2953170434521,188.391482363219,1.27881331158259
4,6,SAT-1,Satellite,600139.521763894,151.27072537385,17.7044618203777,83.3205,88.7007369245411,188.391482363219,1.1305229947205
5,1,BS1,Terrestrial,140.115347174963,116.327468465477,43.0089919600985,50.992146,NaN,893.334270320412,8.75952808811392
5,2,BS2,Terrestrial,144.900842099444,90.402130265797,68.9343301597789,50.992146,NaN,893.334270320412,8.75952808811392
5,3,BS1,Terrestrial,158.603762337124,107.130694384588,52.2057660409875,50.992146,NaN,893.334270320412,8.75952808811392
5,4,BS2,Terrestrial,1289.96390375941,139.137456665289,20.1990037602869,50.992146,NaN,893.334270320412,8.75952808811392
5,5,SAT-1,Satellite,600039.982999046,154.006989267785,14.9681979264428,75.2635236130566,89.2953170434521,188.391482363219,1.25154572440544
5,6,SAT-1,Satellite,600139.521763894,153.618935460385,15.3562517338431,77.1399730700643,88.7007369245411,188.391482363219,1.22110155646611
6,1,BS2,Terrestrial,295.272687326099,108.173012681019,51.1634477445568,50.992146,NaN,893.334270320412,8.75952808811392
6,2,BS2,Terrestrial,144.900842099444,132.391648138785,26.9448122867913,50.992146,NaN,893.334270320412,8.75952808811392
6,3,BS1,Terrestrial,158.603762337124,87.6630109213138,71.6734495042621,101.984292,NaN,893.334270320412,8.75952808811392
6,4,SAT-1,Satellite,600048.164031137,156.087946666157,12.8872405280714,43.534110982291,89.2289463904609,188.391482363219,1.44248175444043
6,5,SAT-1,Satellite,600039.982999046,154.160285820774,14.8149013734541,49.6824353106966,89.2953170434521,188.391482363219,1.26397106734056
6,6,SAT-1,Satellite,600139.521763894,154.622310454999,14.3528767392292,48.1992635666549,88.7007369245411,188.391482363219,1.30286556558892
7,1,BS1,Terrestrial,140.115347174963,90.110580752378,69.2258796731979,50.992146,NaN,893.334270320412,8.75952808811392
7,2,BS2,Terrestrial,144.900842099444,94.9052680472223,64.4311923783536,101.984292,NaN,893.334270320412,8.75952808811392
7,3,BS1,Terrestrial,158.603762337124,121.862110521986,37.4743499035901,50.992146,NaN,893.334270320412,8.75952808811392
7,4,SAT-1,Satellite,600048.164031137,155.036959685088,13.9382275091405,46.8729093604651,89.2289463904609,188.391482363219,1.33973251595741
7,5,SAT-1,Satellite,600039.982999046,156.024500032674,12.9506871615542,43.7346366748508,89.2953170434521,188.391482363219,1.43586789698542
7,6,SAT-1,Satellite,600139.521763894,152.820195149009,16.1549920452194,54.0112350060765,88.7007369245411,188.391482363219,1.16266848518969
8,1,BS2,Terrestrial,295.272687326099,109.93537609609,49.4010843294857,33.994764,NaN,893.334270320412,8.75952808811392
8,2,BS2,Terrestrial,144.900842099444,110.194367334461,49.1420930911149,33.994764,NaN,893.334270320412,8.75952808811392
8,3,BS1,Terrestrial,158.603762337124,97.1577086017613,62.1787518238146,101.984292,NaN,893.334270320412,8.75952808811392
8,4,BS2,Terrestrial,1289.96390375941,144.839357570053,14.4971028555225,29.7809473596999,NaN,893.334270320412,9.9989461889907
8,5,SAT-1,Satellite,600039.982999046,154.861574561834,14.1136126323937,71.1500191685263,89.2953170434521,188.391482363219,1.32390324391195
8,6,SAT-1,Satellite,600139.521763894,154.37690511911,14.5982820751184,73.4795896100537,88.7007369245411,188.391482363219,1.2819306923391
9,1,BS1,Terrestrial,140.115347174963,86.4347854753248,72.9016749502511,50.992146,NaN,893.334270320412,8.75952808811392
9,2,BS2,Terrestrial,144.900842099444,119.304614091864,40.0318463337114,50.992146,NaN,893.334270320412,8.75952808811392
9,3,BS1,Terrestrial,158.603762337124,118.56169421786,40.7747662077162,50.992146,NaN,893.334270320412,8.75952808811392
9,4,SAT-1,Satellite,600048.164031137,154.295900897973,14.6792862962555,73.8698144861236,89.2289463904609,188.391482363219,1.27515876189596
9,5,BS2,Terrestrial,2067.2298489109,148.196451726587,11.1400086989892,34.9531469215402,NaN,893.334270320412,12.7790249090546
9,6,SAT-1,Satellite,600139.521763894,156.319199609803,12.6559875844253,64.2066802558381,88.7007369245411,188.391482363219,1.46707072856402
10,1,BS1,Terrestrial,140.115347174963,102.923128563896,56.4133318616799,50.992146,NaN,893.334270320412,8.75952808811392
10,2,BS2,Terrestrial,144.900842099444,115.705883146435,43.6305772791405,50.992146,NaN,893.334270320412,8.75952808811392
10,3,BS1,Terrestrial,158.603762337124,101.441854777269,57.8946056483072,50.992146,NaN,893.334270320412,8.75952808811392
10,4,BS2,Terrestrial,1289.96390375941,139.028797478408,20.3076629471676,50.992146,NaN,893.334270320412,8.75952808811392
10,5,SAT-1,Satellite,600039.982999046,156.186304204421,12.7888829898075,64.835297737323,89.2953170434521,188.391482363219,1.45284658926436
10,6,SAT-1,Satellite,600139.521763894,153.108046546383,15.8671406478448,79.6175847172455,88.7007369245411,188.391482363219,1.18310221939207
11,1,BS1,Terrestrial,140.115347174963,98.7986999732096,60.5377604523663,50.992146,NaN,893.334270320412,8.75952808811392
11,2,BS2,Terrestrial,144.900842099444,104.233742238817,55.1027181867591,50.992146,NaN,893.334270320412,8.75952808811392
11,3,BS1,Terrestrial,158.603762337124,115.435032642988,43.9014277825877,50.992146,NaN,893.334270320412,8.75952808811392
11,4,SAT-1,Satellite,600048.164031137,154.430192118925,14.544995075303,73.2230207634478,89.2289463904609,188.391482363219,1.28642249663416
11,5,SAT-1,Satellite,600039.982999046,152.503034436778,16.4721527574498,82.561133944756,89.2953170434521,188.391482363219,1.14092111724917
11,6,BS2,Terrestrial,4576.26928829528,142.422976683051,16.9134837425247,50.992146,NaN,893.334270320412,8.75952808811392
12,1,BS1,Terrestrial,140.115347174963,91.9965754446333,67.3398849809426,50.992146,NaN,893.334270320412,8.75952808811392
12,2,BS2,Terrestrial,144.900842099444,87.4929532555392,71.8435071700367,101.984292,NaN,893.334270320412,8.75952808811392
12,3,BS1,Terrestrial,158.603762337124,110.028430397102,49.3080300284742,50.992146,NaN,893.334270320412,8.75952808811392
12,4,SAT-1,Satellite,600048.164031137,151.605413213307,17.3697739809214,55.547,89.2289463904609,188.391482363219,1.1305229947205
12,5,SAT-1,Satellite,600039.982999046,154.00654768144,14.968639512788,50.1771040426722,89.2953170434521,188.391482363219,1.25151026520651
12,6,SAT-1,Satellite,600139.521763894,157.023126571243,11.9520606229855,40.5961021218727,88.7007369245411,188.391482363219,1.54687660897141
13,1,BS1,Terrestrial,140.115347174963,108.037366123028,51.2990943025477,33.994764,NaN,893.334270320412,8.75952808811392
13,2,BS2,Terrestrial,144.900842099444,110.668869091408,48.6675913341683,101.984292,NaN,893.334270320412,8.75952808811392
13,3,BS1,Terrestrial,158.603762337124,100.584749786018,58.7517106395577,33.994764,NaN,893.334270320412,8.75952808811392
13,4,BS1,Terrestrial,1684.50527938871,145.564389502629,13.7720709229465,28.3617760501951,NaN,893.334270320412,10.4992751363593
13,5,SAT-1,Satellite,600039.982999046,153.553095672285,15.4220915219434,77.4588267520586,89.2953170434521,188.391482363219,1.21607497984864
13,6,SAT-1,Satellite,600139.521763894,155.318008268514,13.6571789257139,68.9650099170913,88.7007369245411,188.391482363219,1.36584829458953
14,1,BS1,Terrestrial,140.115347174963,122.882702668211,36.4537577573646,50.992146,NaN,893.334270320412,8.75952808811392
14,2,BS2,Terrestrial,144.900842099444,89.5665333496403,69.7699270759355,101.984292,NaN,893.334270320412,8.75952808811392
14,3,BS1,Terrestrial,158.603762337124,106.518571517469,52.8178889081067,50.992146,NaN,893.334270320412,8.75952808811392
14,4,SAT-1,Satellite,600048.164031137,155.074673483488,13.9005137107402,46.7525098583256,89.2289463904609,188.391482363219,1.343182665017
14,5,SAT-1,Satellite,600039.982999046,155.319675981823,13.6555112124055,45.9713621069356,89.2953170434521,188.391482363219,1.36600609400402
14,6,SAT-1,Satellite,600139.521763894,154.566789613868,14.4083975803602,48.3772100514933,88.7007369245411,188.391482363219,1.29807321920585
15,1,BS1,Terrestrial,140.115347174963,97.1032856999507,62.2331747256252,50.992146,NaN,893.334270320412,8.75952808811392
15,2,BS2,Terrestrial,144.900842099444,112.137853535698,47.1986068898777,101.984292,NaN,893.334270320412,8.75952808811392
15,3,BS1,Terrestrial,158.603762337124,113.940419967797,45.3960404577784,50.992146,NaN,893.334270320412,8.75952808811392
15,4,SAT-1,Satellite,600048.164031137,155.44148559306,13.5337016011686,45.5836644916055,89.2289463904609,188.391482363219,1.37762423201636
15,5,SAT-1,Satellite,600039.982999046,155.688644033466,13.2865431607624,44.798434703476,89.2953170434521,188.391482363219,1.4017713164176
15,6,SAT-1,Satellite,600139.521763894,156.878817780484,12.0963694137437,41.0471814671387,88.7007369245411,188.391482363219,1.52987753466126
16,1,BS1,Terrestrial,140.115347174963,110.720936066563,48.6155243590127,50.992146,NaN,893.334270320412,8.75952808811392
16,2,BS2,Terrestrial,144.900842099444,86.2136638191329,73.122796606443,101.984292,NaN,893.334270320412,8.75952808811392
16,3,BS1,Terrestrial,158.603762337124,112.569620211317,46.7668402142585,50.992146,NaN,893.334270320412,8.75952808811392
16,4,SAT-1,Satellite,600048.164031137,156.465843960589,12.5093432336396,42.3427846562787,89.2289463904609,188.391482363219,1.4830663901182
16,5,SAT-1,Satellite,600039.982999046,156.009025285744,12.9661619084839,43.7835667674911,89.2953170434521,188.391482363219,1.43426325043865
16,6,SAT-1,Satellite,600139.521763894,155.505086819079,13.4701003751491,45.3814160196815,88.7007369245411,188.391482363219,1.383763802357
17,1,BS2,Terrestrial,295.272687326099,96.3968636474341,62.9395967781418,50.992146,NaN,893.334270320412,8.75952808811392
17,2,BS2,Terrestrial,144.900842099444,88.1342928432567,71.2021675823191,50.992146,NaN,893.334270320412,8.75952808811392
17,3,BS1,Terrestrial,158.603762337124,115.300901935017,44.0355584905584,101.984292,NaN,893.334270320412,8.75952808811392
17,4,SAT-1,Satellite,600048.164031137,153.893393294441,15.0817938997872,50.5415368200706,89.2289463904609,188.391482363219,1.24248617550549
17,5,SAT-1,Satellite,600039.982999046,152.461946295955,16.5132408982734,55.1742541204016,89.2953170434521,188.391482363219,1.13816057487072
17,6,SAT-1,Satellite,600139.521763894,155.441297966692,13.5338892275365,45.5842613202037,88.7007369245411,188.391482363219,1.37760619496771
18,1,BS2,Terrestrial,295.272687326099,96.1771844390167,63.1592759865592,50.992146,NaN,893.334270320412,8.75952808811392
18,2,BS2,Terrestrial,144.900842099444,84.0534409008375,75.2830195247384,50.992146,NaN,893.334270320412,8.75952808811392
18,3,BS1,Terrestrial,158.603762337124,115.838104006447,43.4983564191294,50.992146,NaN,893.334270320412,8.75952808811392
18,4,SAT-1,Satellite,600048.164031137,156.145720785307,12.8294664089208,65.02745711877,89.2289463904609,188.391482363219,1.44855335507837
18,5,BS1,Terrestrial,2496.53115061175,136.243306731376,23.0931536941999,50.992146,NaN,893.334270320412,8.75952808811392
18,6,SAT-1,Satellite,600139.521763894,153.946685283777,15.0285019104509,75.5547974052776,88.7007369245411,188.391482363219,1.24672084919163
19,1,BS1,Terrestrial,140.115347174963,91.6903568295363,67.6461035960396,50.992146,NaN,893.334270320412,8.75952808811392
19,2,BS2,Terrestrial,144.900842099444,91.5559084880866,67.7805519374892,50.992146,NaN,893.334270320412,8.75952808811392
19,3,BS1,Terrestrial,158.603762337124,116.044929570118,43.291530855458,50.992146,NaN,893.334270320412,8.75952808811392
19,4,BS2,Terrestrial,1289.96390375941,141.905623069109,17.4308373564665,50.992146,NaN,893.334270320412,8.75952808811392
19,5,SAT-1,Satellite,600039.982999046,155.415332342434,13.5598548517937,68.5003005016407,89.2953170434521,188.391482363219,1.37511427675201
19,6,SAT-1,Satellite,600139.521763894,152.839407329794,16.1357798644344,80.9233906518784,88.7007369245411,188.391482363219,1.16401130035229
20,1,BS2,Terrestrial,295.272687326099,115.314848534327,44.0216118912487,50.992146,NaN,893.334270320412,8.75952808811392
20,2,BS2,Terrestrial,144.900842099444,107.706420796665,51.6300396289104,50.992146,NaN,893.334270320412,8.75952808811392
20,3,BS1,Terrestrial,158.603762337124,112.501861728181,46.8345986973946,50.992146,NaN,893.334270320412,8.75952808811392
20,4,BS1,Terrestrial,1684.50527938871,144.63842895939,14.6980314661854,45.2636121988946,NaN,893.334270320412,9.86812835876837
20,5,SAT-1,Satellite,600039.982999046,153.453533905649,15.5216532885789,77.9412472128105,89.2953170434521,188.391482363219,1.20854803521963
20,6,SAT-1,Satellite,600139.521763894,154.41521422708,14.5599729671485,73.2951263123816,88.7007369245411,188.391482363219,1.28515695273039
21,1,BS1,Terrestrial,140.115347174963,81.4633815173662,77.8730789082097,33.994764,NaN,893.334270320412,8.75952808811392
21,2,BS1,Terrestrial,565.376556244471,120.444868004653,38.8915924209226,33.994764,NaN,893.334270320412,8.75952808811392
21,3,BS1,Terrestrial,158.603762337124,111.121202891701,48.2152575338749,33.994764,NaN,893.334270320412,8.75952808811392
21,4,SAT-1,Satellite,600048.164031137,155.363086373021,13.6121008212068,45.8331426467515,89.2289463904609,188.391482363219,1.37012557205022
21,5,SAT-1,Satellite,600039.982999046,153.553729166997,15.4214580272309,51.6371721149531,89.2953170434521,188.391482363219,1.21612315732439
21,6,SAT-1,Satellite,600139.521763894,155.562154812404,13.4130323818244,45.2000513053044,88.7007369245411,188.391482363219,1.38931613956752
22,1,BS1,Terrestrial,140.115347174963,86.3017282221162,73.0347322034597,50.992146,NaN,893.334270320412,8.75952808811392
22,2,BS2,Terrestrial,144.900842099444,87.3012582414317,72.0352021841442,101.984292,NaN,893.334270320412,8.75952808811392
22,3,BS1,Terrestrial,158.603762337124,116.316229578486,43.0202308470896,50.992146,NaN,893.334270320412,8.75952808811392
22,4,SAT-1,Satellite,600048.164031137,155.985335996615,12.9898511976127,43.8584869126146,89.2289463904609,188.391482363219,1.43181320670864
22,5,SAT-1,Satellite,600039.982999046,154.848845869095,14.1263413251328,47.4740534815028,89.2953170434521,188.391482363219,1.32276804238355
22,6,SAT-1,Satellite,600139.521763894,154.369957281304,14.6052299129237,49.008700135524,88.7007369245411,188.391482363219,1.28134720190673
23,1,BS1,Terrestrial,140.115347174963,119.241423808503,40.0950366170731,33.994764,NaN,893.334270320412,8.75952808811392
23,2,BS1,Terrestrial,565.376556244471,111.655365965861,47.6810944597151,33.994764,NaN,893.334270320412,8.75952808811392
23,3,BS1,Terrestrial,158.603762337124,85.6541480669069,73.682312358669,33.994764,NaN,893.334270320412,8.75952808811392
23,4,SAT-1,Satellite,600048.164031137,153.634951151853,15.340236042375,51.37495448993,89.2289463904609,188.391482363219,1.2223302465416
23,5,SAT-1,Satellite,600039.982999046,154.294369311994,14.680817882234,49.2514633192377,89.2953170434521,188.391482363219,1.27503137075748
23,6,SAT-1,Satellite,600139.521763894,153.438069288897,15.5371179053316,52.0108048753442,88.7007369245411,188.391482363219,1.20738682929917
24,1,BS2,Terrestrial,295.272687326099,89.6686833716221,69.6677770539538,50.992146,NaN,893.334270320412,8.75952808811392
24,2,BS2,Terrestrial,144.900842099444,109.400103128805,49.9363572967708,50.992146,NaN,893.334270320412,8.75952808811392
24,3,BS1,Terrestrial,158.603762337124,117.011015295677,42.3254451298985,101.984292,NaN,893.334270320412,8.75952808811392
24,4,SAT-1,Satellite,600048.164031137,155.748113403156,13.2270737910721,44.6097934020221,89.2289463904609,188.391482363219,1.40769898263849
24,5,SAT-1,Satellite,600039.982999046,151.944629355485,17.0305578387432,55.547,89.2953170434521,188.391482363219,1.1305229947205
24,6,SAT-1,Satellite,600139.521763894,153.433019957507,15.5421672367207,52.027122671992,88.7007369245411,188.391482363219,1.20700814426444
25,1,BS1,Terrestrial,140.115347174963,108.646830901887,50.689629523689,50.992146,NaN,893.334270320412,8.75952808811392
25,2,BS2,Terrestrial,144.900842099444,103.705447190187,55.6310132353885,50.992146,NaN,893.334270320412,8.75952808811392
25,3,BS1,Terrestrial,158.603762337124,111.135476678208,48.2009837473674,50.992146,NaN,893.334270320412,8.75952808811392
25,4,BS2,Terrestrial,1289.96390375941,142.951894342485,16.3845660830914,50.2662596405705,NaN,893.334270320412,8.88602291784001
25,5,SAT-1,Satellite,600039.982999046,160.400616867023,8.57457032720558,45.539807480812,89.2953170434521,188.391482363219,2.06842642497552
25,6,SAT-1,Satellite,600139.521763894,154.258795925294,14.7163912689341,74.0486420616281,88.7007369245411,188.391482363219,1.2720792516791
26,1,BS1,Terrestrial,140.115347174963,114.372227581779,44.9642328437965,50.992146,NaN,893.334270320412,8.75952808811392
26,2,BS2,Terrestrial,144.900842099444,101.240853587477,58.0956068380992,50.992146,NaN,893.334270320412,8.75952808811392
26,3,BS1,Terrestrial,158.603762337124,134.902780448853,24.4336799767225,50.992146,NaN,893.334270320412,8.75952808811392
26,4,BS2,Terrestrial,1289.96390375941,146.041242621538,13.2952178040382,41.1502322299857,NaN,893.334270320412,10.854547130228
26,5,SAT-1,Satellite,600039.982999046,151.983769043579,16.9914181506491,83.3205,89.2953170434521,188.391482363219,1.1305229947205
26,6,SAT-1,Satellite,600139.521763894,158.072079249968,10.9031079442603,56.0190106055202,88.7007369245411,188.391482363219,1.68149598080061
27,1,BS1,Terrestrial,140.115347174963,123.205431213925,36.1310292116506,50.992146,NaN,893.334270320412,8.75952808811392
27,2,BS2,Terrestrial,144.900842099444,108.126646086102,51.2098143394741,101.984292,NaN,893.334270320412,8.75952808811392
27,3,BS1,Terrestrial,158.603762337124,99.0516912998972,60.2847691256787,50.992146,NaN,893.334270320412,8.75952808811392
27,4,SAT-1,Satellite,600048.164031137,152.959570197105,16.0156169971231,53.5593711120544,89.2289463904609,188.391482363219,1.17247756058148
27,5,SAT-1,Satellite,600039.982999046,155.784261668897,13.1909255253314,44.4951855958305,89.2953170434521,188.391482363219,1.41132484215605
27,6,SAT-1,Satellite,600139.521763894,153.245472216952,15.7297149772766,52.6335761074339,88.7007369245411,188.391482363219,1.19310078151559
28,1,BS1,Terrestrial,140.115347174963,105.984986154408,53.3514742711678,33.994764,NaN,893.334270320412,8.75952808811392
28,2,BS2,Terrestrial,144.900842099444,92.1893497568503,67.1471106687255,101.984292,NaN,893.334270320412,8.75952808811392
28,3,BS1,Terrestrial,158.603762337124,120.479033157568,38.8574272680081,33.994764,NaN,893.334270320412,8.75952808811392
28,4,BS1,Terrestrial,1684.50527938871,140.183315902871,19.1531445227051,33.994764,NaN,893.334270320412,8.75952808811392
28,5,SAT-1,Satellite,600039.982999046,156.271207545643,12.703979648585,64.4335780558135,89.2953170434521,188.391482363219,1.46190455386499
28,6,SAT-1,Satellite,600139.521763894,154.384466150678,14.5907210435504,73.4431779319248,88.7007369245411,188.391482363219,1.28256624827591
29,1,BS1,Terrestrial,140.115347174963,100.847061183415,58.4893992421613,50.992146,NaN,893.334270320412,8.75952808811392
29,2,BS2,Terrestrial,144.900842099444,108.715782474485,50.6206779510905,101.984292,NaN,893.334270320412,8.75952808811392
29,3,BS1,Terrestrial,158.603762337124,119.258551999737,40.0779084258384,50.992146,NaN,893.334270320412,8.75952808811392
29,4,SAT-1,Satellite,600048.164031137,154.397513720545,14.5776734736831,48.9202331507157,89.2289463904609,188.391482363219,1.28366438063104
29,5,SAT-1,Satellite,600039.982999046,155.345542810321,13.6296443839067,45.8889947553919,89.2953170434521,188.391482363219,1.3684579739102
29,6,SAT-1,Satellite,600139.521763894,156.493933736009,12.4812534582189,42.254445506241,88.7007369245411,188.391482363219,1.48616695913012
30,1,BS1,Terrestrial,140.115347174963,110.687414372507,48.6490460530686,50.992146,NaN,893.334270320412,8.75952808811392
30,2,BS2,Terrestrial,144.900842099444,113.331351257427,46.0051091681484,101.984292,NaN,893.334270320412,8.75952808811392
30,3,BS1,Terrestrial,158.603762337124,115.994286086896,43.34217433868,50.992146,NaN,893.334270320412,8.75952808811392
30,4,SAT-1,Satellite,600048.164031137,155.918466529844,13.0567206643842,44.070074581716,89.2289463904609,188.391482363219,1.42493883624588
30,5,SAT-1,Satellite,600039.982999046,156.124151241936,12.8510359522917,43.4197490116339,89.2953170434521,188.391482363219,1.446281063737
30,6,SAT-1,Satellite,600139.521763894,156.349226962122,12.6259602321061,42.7098545888543,88.7007369245411,188.391482363219,1.4703201729965
31,1,BS2,Terrestrial,295.272687326099,113.513979685456,45.8224807401201,33.994764,NaN,893.334270320412,8.75952808811392
31,2,BS2,Terrestrial,144.900842099444,78.4684022595069,80.868058166069,33.994764,NaN,893.334270320412,8.75952808811392
31,3,BS1,Terrestrial,158.603762337124,116.255446084393,43.0810143411825,50.992146,NaN,893.334270320412,8.75952808811392
31,4,BS2,Terrestrial,1289.96390375941,142.18116290706,17.1552975185163,33.994764,NaN,893.334270320412,8.75952808811392
31,5,SAT-1,Satellite,600039.982999046,156.675383836752,12.2998033574763,125.053647478679,89.2953170434521,188.391482363219,1.50648530579916
31,6,BS1,Terrestrial,4185.25875071361,134.415579536696,24.9208808888802,50.992146,NaN,893.334270320412,8.75952808811392
32,1,BS1,Terrestrial,140.115347174963,108.46802577216,50.8684346534157,33.994764,NaN,893.334270320412,8.75952808811392
32,2,BS2,Terrestrial,144.900842099444,114.614667500831,44.7217929247453,101.984292,NaN,893.334270320412,8.75952808811392
32,3,BS1,Terrestrial,158.603762337124,105.236435548546,54.1000248770303,33.994764,NaN,893.334270320412,8.75952808811392
32,4,BS1,Terrestrial,1684.50527938871,142.099955241728,17.2365051838482,33.994764,NaN,893.334270320412,8.75952808811392
32,5,SAT-1,Satellite,600039.982999046,154.569092884001,14.4060943102269,72.5547395869765,89.2953170434521,188.391482363219,1.29827137024853
32,6,SAT-1,Satellite,600139.521763894,155.144061778251,13.8311254159767,69.7966472501266,88.7007369245411,188.391482363219,1.34957401096997
33,1,BS1,Terrestrial,140.115347174963,86.9042670638051,72.4321933617708,50.992146,NaN,893.334270320412,8.75952808811392
33,2,BS2,Terrestrial,144.900842099444,97.1042082263439,62.232252199232,50.992146,NaN,893.334270320412,8.75952808811392
33,3,BS1,Terrestrial,158.603762337124,102.34716544244,56.9892949831356,50.992146,NaN,893.334270320412,8.75952808811392
33,4,BS2,Terrestrial,1289.96390375941,143.9549944791,15.3814659464755,47.2843845283399,NaN,893.334270320412,9.44639841706085
33,5,SAT-1,Satellite,600039.982999046,154.548556478751,14.4266307154775,72.6534980570221,89.2953170434521,188.391482363219,1.29650661978697
33,6,SAT-1,Satellite,600139.521763894,154.201323134661,14.773864059567,74.3257307818376,88.7007369245411,188.391482363219,1.26733689922397
34,1,BS1,Terrestrial,140.115347174963,92.6250594480144,66.7114009775615,50.992146,NaN,893.334270320412,8.75952808811392
34,2,BS2,Terrestrial,144.900842099444,118.328390134526,41.00807029105,101.984292,NaN,893.334270320412,8.75952808811392
34,3,BS1,Terrestrial,158.603762337124,111.469234200793,47.867226224783,50.992146,NaN,893.334270320412,8.75952808811392
34,4,SAT-1,Satellite,600048.164031137,152.865176987603,16.1100102066248,53.8653626329298,89.2289463904609,188.391482363219,1.16581709874816
34,5,SAT-1,Satellite,600039.982999046,154.746268182718,14.2289190115098,47.8022661716558,89.2953170434521,188.391482363219,1.31368585251247
34,6,SAT-1,Satellite,600139.521763894,153.003029036867,15.9721581573613,53.4185463261384,88.7007369245411,188.391482363219,1.17556850769284
35,1,BS1,Terrestrial,140.115347174963,102.352089710496,56.9843707150799,50.992146,NaN,893.334270320412,8.75952808811392
35,2,BS2,Terrestrial,144.900842099444,80.5585132754456,78.7779471501303,101.984292,NaN,893.334270320412,8.75952808811392
35,3,BS1,Terrestrial,158.603762337124,91.6862621582928,67.6501982672831,50.992146,NaN,893.334270320412,8.75952808811392
35,4,SAT-1,Satellite,600048.164031137,156.434546149381,12.5406410448468,42.4412484690506,89.2289463904609,188.391482363219,1.47962567202831
35,5,SAT-1,Satellite,600039.982999046,154.33791696161,14.6372702326186,49.1115857553988,89.2953170434521,188.391482363219,1.27866286176345
35,6,SAT-1,Satellite,600139.521763894,152.559658986079,16.4155282081493,54.8568246129643,88.7007369245411,188.391482363219,1.1447465512413
36,1,BS2,Terrestrial,295.272687326099,96.9152408372207,62.4212195883551,33.994764,NaN,893.334270320412,8.75952808811392
36,2,BS2,Terrestrial,144.900842099444,79.3407922510572,79.9956681745186,33.994764,NaN,893.334270320412,8.75952808811392
36,3,BS1,Terrestrial,158.603762337124,112.042496791311,47.2939636342648,101.984292,NaN,893.334270320412,8.75952808811392
36,4,BS2,Terrestrial,1289.96390375941,132.516723117681,26.8197373078953,33.994764,NaN,893.334270320412,8.75952808811392
36,5,SAT-1,Satellite,600039.982999046,153.126337333721,15.8488498605074,79.5287493121559,89.2953170434521,188.391482363219,1.18442377123126
36,6,SAT-1,Satellite,600139.521763894,155.487010684688,13.4881765095399,68.1583263960588,88.7007369245411,188.391482363219,1.38201370488839
37,1,BS1,Terrestrial,140.115347174963,105.459352207951,53.8771082176246,50.992146,NaN,893.334270320412,8.75952808811392
37,2,BS2,Terrestrial,144.900842099444,115.952611294863,43.383849130713,101.984292,NaN,893.334270320412,8.75952808811392
37,3,BS1,Terrestrial,158.603762337124,82.7142975603018,76.622162865274,50.992146,NaN,893.334270320412,8.75952808811392
37,4,SAT-1,Satellite,600048.164031137,156.14794237324,12.8272448209876,43.3446238406615,89.2289463904609,188.391482363219,1.44878776705012
37,5,SAT-1,Satellite,600039.982999046,153.916560122091,15.0586270721367,50.4669006406463,89.2953170434521,188.391482363219,1.24432370505357
37,6,SAT-1,Satellite,600139.521763894,155.54455508986,13.4306321043686,45.2559730185324,88.7007369245411,188.391482363219,1.38759939515661
38,1,BS2,Terrestrial,295.272687326099,128.01708827051,31.3193721550654,25.496073,NaN,893.334270320412,8.75952808811392
38,2,BS2,Terrestrial,144.900842099444,111.886543001538,47.4499174240381,25.496073,NaN,893.334270320412,8.75952808811392
38,3,BS1,Terrestrial,158.603762337124,111.468657561403,47.8678028641729,101.984292,NaN,893.334270320412,8.75952808811392
38,4,BS2,Terrestrial,1289.96390375941,142.118028777031,17.2184316485444,25.496073,NaN,893.334270320412,8.75952808811392
38,5,BS2,Terrestrial,2067.2298489109,147.604263120095,11.7321973054806,18.3189609400728,NaN,893.334270320412,12.1913883822723
38,6,SAT-1,Satellite,600139.521763894,156.289479706338,12.6857074878903,128.694350919198,88.7007369245411,188.391482363219,1.46386753589131
39,1,BS2,Terrestrial,295.272687326099,94.9946567517621,64.3418036738138,50.992146,NaN,893.334270320412,8.75952808811392
39,2,BS2,Terrestrial,144.900842099444,118.069942649688,41.2665177758883,50.992146,NaN,893.334270320412,8.75952808811392
39,3,BS1,Terrestrial,158.603762337124,111.623087267151,47.7133731584246,101.984292,NaN,893.334270320412,8.75952808811392
39,4,SAT-1,Satellite,600048.164031137,153.26611660319,15.7090705910378,52.5667865960225,89.2289463904609,188.391482363219,1.19461669343302
39,5,SAT-1,Satellite,600039.982999046,157.565824033621,11.4093631606076,38.9080028072099,89.2953170434521,188.391482363219,1.61399085681424
39,6,SAT-1,Satellite,600139.521763894,153.346711503555,15.6284756906728,52.3061227149002,88.7007369245411,188.391482363219,1.20056998164482
40,1,BS1,Terrestrial,140.115347174963,110.314842479787,49.0216179457885,50.992146,NaN,893.334270320412,8.75952808811392
40,2,BS2,Terrestrial,144.900842099444,112.805236113026,46.5312243125498,50.992146,NaN,893.334270320412,8.75952808811392
40,3,BS1,Terrestrial,158.603762337124,85.6626787589551,73.6737816666207,50.992146,NaN,893.334270320412,8.75952808811392
40,4,BS2,Terrestrial,1289.96390375941,134.791905582699,24.5445548428773,50.992146,NaN,893.334270320412,8.75952808811392
40,5,SAT-1,Satellite,600039.982999046,153.272878720515,15.7023084737129,78.8173670068617,89.2953170434521,188.391482363219,1.19511403081264
40,6,SAT-1,Satellite,600139.521763894,157.042142118496,11.9330450757322,60.8050947932209,88.7007369245411,188.391482363219,1.5491422470755
41,1,BS1,Terrestrial,140.115347174963,80.9363394613245,78.4001209642514,50.992146,NaN,893.334270320412,8.75952808811392
41,2,BS2,Terrestrial,144.900842099444,88.3780262578852,70.9584341676907,50.992146,NaN,893.334270320412,8.75952808811392
41,3,BS1,Terrestrial,158.603762337124,107.788173481447,51.5482869441286,50.992146,NaN,893.334270320412,8.75952808811392
41,4,BS2,Terrestrial,1289.96390375941,138.716995598991,20.6194648265847,50.992146,NaN,893.334270320412,8.75952808811392
41,5,SAT-1,Satellite,600039.982999046,153.118117430774,15.8570697634542,79.5686708844296,89.2953170434521,188.391482363219,1.18382951649934
41,6,SAT-1,Satellite,600139.521763894,152.801855079962,16.1733321142665,81.1060809171437,88.7007369245411,188.391482363219,1.16138938186198
42,1,BS2,Terrestrial,295.272687326099,112.290818204324,47.0456422212519,50.992146,NaN,893.334270320412,8.75952808811392
42,2,BS2,Terrestrial,144.900842099444,101.457185950259,57.8792744753173,50.992146,NaN,893.334270320412,8.75952808811392
42,3,BS1,Terrestrial,158.603762337124,102.700567132118,56.6358932934582,101.984292,NaN,893.334270320412,8.75952808811392
42,4,SAT-1,Satellite,600048.164031137,155.747187517494,13.2279996767336,44.612729486018,89.2289463904609,188.391482363219,1.40760633817352
42,5,SAT-1,Satellite,600039.982999046,154.729300295501,14.2458868987266,47.8565848427494,89.2953170434521,188.391482363219,1.31219477934088
42,6,SAT-1,Satellite,600139.521763894,157.212342790578,11.7628444036503,40.0060163437959,88.7007369245411,188.391482363219,1.56969292438631
43,1,BS1,Terrestrial,140.115347174963,88.7557990154517,70.5806614101242,50.992146,NaN,893.334270320412,8.75952808811392
43,2,BS2,Terrestrial,144.900842099444,103.23984081258,56.0966196129959,101.984292,NaN,893.334270320412,8.75952808811392
43,3,BS1,Terrestrial,158.603762337124,120.432320216393,38.9041402091832,50.992146,NaN,893.334270320412,8.75952808811392
43,4,SAT-1,Satellite,600048.164031137,157.883392959834,11.091794234394,37.9266565575168,89.2289463904609,188.391482363219,1.65575261538032
43,5,SAT-1,Satellite,600039.982999046,153.564158187086,15.4110290071422,51.6034952848342,89.2953170434521,188.391482363219,1.21691680846656
43,6,SAT-1,Satellite,600139.521763894,153.783767680355,15.1914195138733,50.8948773427677,88.7007369245411,188.391482363219,1.23386014597917
44,1,BS1,Terrestrial,140.115347174963,111.194042750172,48.1424176754036,33.994764,NaN,893.334270320412,8.75952808811392
44,2,BS2,Terrestrial,144.900842099444,119.267094057045,40.0693663685306,101.984292,NaN,893.334270320412,8.75952808811392
44,3,BS1,Terrestrial,158.603762337124,102.109965547227,57.2264948783484,33.994764,NaN,893.334270320412,8.75952808811392
44,4,BS1,Terrestrial,1684.50527938871,141.317650891212,18.0188095343639,33.994764,NaN,893.334270320412,8.75952808811392
44,5,SAT-1,Satellite,600039.982999046,153.308705075747,15.6664821184815,78.6435435159595,89.2953170434521,188.391482363219,1.19775555589625
44,6,SAT-1,Satellite,600139.521763894,155.144071690317,13.8311155039108,69.7965998223723,88.7007369245411,188.391482363219,1.34957492802416
45,1,BS2,Terrestrial,295.272687326099,91.9577906935062,67.3786697320697,50.992146,NaN,893.334270320412,8.75952808811392
45,2,BS2,Terrestrial,144.900842099444,122.202323506939,37.1341369186365,50.992146,NaN,893.334270320412,8.75952808811392
45,3,BS1,Terrestrial,158.603762337124,85.6531037908162,73.6833566347597,101.984292,NaN,893.334270320412,8.75952808811392
45,4,SAT-1,Satellite,600048.164031137,154.280986994347,14.694200199881,49.2944573905918,89.2289463904609,188.391482363219,1.27391930273534
45,5,SAT-1,Satellite,600039.982999046,155.981051421259,12.9941357729691,43.8720394734202,89.2953170434521,188.391482363219,1.43137090368879
45,6,SAT-1,Satellite,600139.521763894,156.169698560252,12.8054886339763,43.2759422577529,88.7007369245411,188.391482363219,1.45108708237287
46,1,BS1,Terrestrial,140.115347174963,109.927579680452,49.4088807451236,50.992146,NaN,893.334270320412,8.75952808811392
46,2,BS2,Terrestrial,144.900842099444,119.582014362744,39.7544460628315,101.984292,NaN,893.334270320412,8.75952808811392
46,3,BS1,Terrestrial,158.603762337124,92.6795878314874,66.6568725940885,50.992146,NaN,893.334270320412,8.75952808811392
46,4,SAT-1,Satellite,600048.164031137,152.868889569289,16.1062976249391,53.8533246467728,89.2289463904609,188.391482363219,1.16607769714553
46,5,SAT-1,Satellite,600039.982999046,155.450787633444,13.5243995607838,45.5540766133646,89.2953170434521,188.391482363219,1.37851901424155
46,6,SAT-1,Satellite,600139.521763894,153.622576697495,15.3526104967335,51.41489533217,88.7007369245411,188.391482363219,1.22138069876509
47,1,BS1,Terrestrial,140.115347174963,94.2946652066272,65.0417952189487,50.992146,NaN,893.334270320412,8.75952808811392
47,2,BS2,Terrestrial,144.900842099444,102.366936866115,56.969523559461,101.984292,NaN,893.334270320412,8.75952808811392
47,3,BS1,Terrestrial,158.603762337124,93.3142353043074,66.0222251212684,50.992146,NaN,893.334270320412,8.75952808811392
47,4,SAT-1,Satellite,600048.164031137,154.99488568026,13.9803015139679,47.0072764972292,89.2289463904609,188.391482363219,1.33590298071068
47,5,SAT-1,Satellite,600039.982999046,155.139427875426,13.8357593188018,46.5458801691686,89.2953170434521,188.391482363219,1.34914541436334
47,6,SAT-1,Satellite,600139.521763894,153.952228334228,15.02295886,50.352012529722,88.7007369245411,188.391482363219,1.24716287657164
48,1,BS1,Terrestrial,140.115347174963,92.1224984913742,67.2139619342017,50.992146,NaN,893.334270320412,8.75952808811392
48,2,BS2,Terrestrial,144.900842099444,111.109673477476,48.2267869480999,101.984292,NaN,893.334270320412,8.75952808811392
48,3,BS1,Terrestrial,158.603762337124,101.965264831131,57.3711955944452,50.992146,NaN,893.334270320412,8.75952808811392
48,4,SAT-1,Satellite,600048.164031137,153.052566249491,15.9226209447374,53.2580674646391,89.2289463904609,188.391482363219,1.17911076719849
48,5,SAT-1,Satellite,600039.982999046,152.395041436115,16.5801457581135,55.3916914491402,89.2953170434521,188.391482363219,1.13369278216389
48,6,SAT-1,Satellite,600139.521763894,154.428625388226,14.5465618060024,48.8203752115431,88.7007369245411,188.391482363219,1.28629000731014
49,1,BS1,Terrestrial,140.115347174963,113.233570901791,46.1028895237848,50.992146,NaN,893.334270320412,8.75952808811392
49,2,BS2,Terrestrial,144.900842099444,112.852013662099,46.484446763477,101.984292,NaN,893.334270320412,8.75952808811392
49,3,BS1,Terrestrial,158.603762337124,127.305699096467,32.0307613291084,50.992146,NaN,893.334270320412,8.75952808811392
49,4,SAT-1,Satellite,600048.164031137,152.57808140547,16.397105788758,54.7969952800643,89.2289463904609,188.391482363219,1.14599642675272
49,5,SAT-1,Satellite,600039.982999046,154.226229999843,14.7489571943852,49.4704232057399,89.2953170434521,188.391482363219,1.26938798414106
49,6,SAT-1,Satellite,600139.521763894,152.964652504157,16.0105346900709,53.5429005319874,88.7007369245411,188.391482363219,1.17283823184408
50,1,BS1,Terrestrial,140.115347174963,104.711668964645,54.6247914609304,50.992146,NaN,893.334270320412,8.75952808811392
50,2,BS2,Terrestrial,144.900842099444,117.05155430673,42.2849061188457,101.984292,NaN,893.334270320412,8.75952808811392
50,3,BS1,Terrestrial,158.603762337124,122.053171868529,37.2832885570471,50.992146,NaN,893.334270320412,8.75952808811392
50,4,SAT-1,Satellite,600048.164031137,153.740272841485,15.2349143527435,51.0351409821152,89.2289463904609,188.391482363219,1.23046903720215
50,5,SAT-1,Satellite,600039.982999046,153.167232745976,15.8079544482524,52.8867741676313,89.2953170434521,188.391482363219,1.18738875221801
50,6,SAT-1,Satellite,600139.521763894,156.432022199758,12.5431649944706,42.4491905221915,88.7007369245411,188.391482363219,1.47934884070193
51,1,BS1,Terrestrial,140.115347174963,99.5159962039086,59.8204642216673,50.992146,NaN,893.334270320412,8.75952808811392
51,2,BS2,Terrestrial,144.900842099444,102.170904071884,57.1655563536923,101.984292,NaN,893.334270320412,8.75952808811392
51,3,BS1,Terrestrial,158.603762337124,114.178373236958,45.1580871886174,50.992146,NaN,893.334270320412,8.75952808811392
51,4,SAT-1,Satellite,600048.164031137,161.666898179715,7.30828901451338,26.7368703555562,89.2289463904609,188.391482363219,2.34871022496804
51,5,SAT-1,Satellite,600039.982999046,155.240792391122,13.7343948031057,46.2226746438966,89.2953170434521,188.391482363219,1.35857912315837
51,6,SAT-1,Satellite,600139.521763894,155.63876216129,13.3364250329385,44.9567531065831,88.7007369245411,188.391482363219,1.39683487904165
52,1,BS1,Terrestrial,140.115347174963,101.364073105979,57.972387319597,50.992146,NaN,893.334270320412,8.75952808811392
52,2,BS2,Terrestrial,144.900842099444,114.440325609906,44.8961348156701,50.992146,NaN,893.334270320412,8.75952808811392
52,3,BS1,Terrestrial,158.603762337124,101.902256822901,57.4342036026746,50.992146,NaN,893.334270320412,8.75952808811392
52,4,BS2,Terrestrial,1289.96390375941,137.67435316554,21.6621072600356,50.992146,NaN,893.334270320412,8.75952808811392
52,5,SAT-1,Satellite,600039.982999046,153.467481393863,15.5077058003654,77.8736471828926,89.2953170434521,188.391482363219,1.20959714343907
52,6,SAT-1,Satellite,600139.521763894,154.116768543629,14.8584186505992,74.7336012339698,88.7007369245411,188.391482363219,1.26042020759456
53,1,BS1,Terrestrial,140.115347174963,111.028736728134,48.3077236974418,50.992146,NaN,893.334270320412,8.75952808811392
53,2,BS2,Terrestrial,144.900842099444,105.885506887284,53.4509535382921,101.984292,NaN,893.334270320412,8.75952808811392
53,3,BS1,Terrestrial,158.603762337124,113.883604177434,45.4528562481417,50.992146,NaN,893.334270320412,8.75952808811392
53,4,SAT-1,Satellite,600048.164031137,152.832430276748,16.1427569174804,53.971553945988,89.2289463904609,188.391482363219,1.16352330434258
53,5,SAT-1,Satellite,600039.982999046,154.340014348875,14.6351728453536,49.1048499993922,89.2953170434521,188.391482363219,1.27883825708696
53,6,SAT-1,Satellite,600139.521763894,155.213057596271,13.7621295979571,46.311078193508,88.7007369245411,188.391482363219,1.3559857217175
54,1,BS1,Terrestrial,140.115347174963,109.775580526129,49.5608798994467,50.992146,NaN,893.334270320412,8.75952808811392
54,2,BS2,Terrestrial,144.900842099444,122.809923274186,36.5265371513903,50.992146,NaN,893.334270320412,8.75952808811392
54,3,BS1,Terrestrial,158.603762337124,90.2673528241252,69.0691076014507,50.992146,NaN,893.334270320412,8.75952808811392
54,4,BS2,Terrestrial,1289.96390375941,144.343208424009,14.9932520015666,46.1353274861599,NaN,893.334270320412,9.68167258147677
54,5,SAT-1,Satellite,600039.982999046,151.729869708302,17.2453174859264,83.3205,89.2953170434521,188.391482363219,1.1305229947205
54,6,SAT-1,Satellite,600139.521763894,153.827760434671,15.1474267595566,76.1295749605662,88.7007369245411,188.391482363219,1.23730811882768
55,1,BS1,Terrestrial,140.115347174963,97.8676311296989,61.468829295877,25.496073,NaN,893.334270320412,8.75952808811392
55,2,BS1,Terrestrial,565.376556244471,130.428011526979,28.9084488985967,25.496073,NaN,893.334270320412,8.75952808811392
55,3,BS1,Terrestrial,158.603762337124,111.0782938498,48.258166575776,25.496073,NaN,893.334270320412,8.75952808811392
55,4,BS1,Terrestrial,1684.50527938871,142.876033804941,16.4604266206347,25.2462218773451,NaN,893.334270320412,8.84621741285232
55,5,SAT-1,Satellite,600039.982999046,153.285915481343,15.6892717128851,78.7541104576326,89.2953170434521,188.391482363219,1.1960739653365
55,6,SAT-1,Satellite,600139.521763894,152.086998010838,16.8881891833899,83.3205,88.7007369245411,188.391482363219,1.1305229947205
56,1,BS1,Terrestrial,140.115347174963,107.847782223303,51.4886782022724,50.992146,NaN,893.334270320412,8.75952808811392
56,2,BS2,Terrestrial,144.900842099444,118.698753933701,40.6377064918747,33.994764,NaN,893.334270320412,8.75952808811392
56,3,BS1,Terrestrial,158.603762337124,81.2024598623385,78.1340005632374,50.992146,NaN,893.334270320412,8.75952808811392
56,4,BS2,Terrestrial,1289.96390375941,142.666904574523,16.6695558510527,33.994764,NaN,893.334270320412,8.75952808811392
56,5,BS2,Terrestrial,2067.2298489109,145.274944946147,14.061515479429,28.9272704841298,NaN,893.334270320412,10.2940265404637
56,6,SAT-1,Satellite,600139.521763894,153.800502883412,15.1746843108157,152.522760173559,88.7007369245411,188.391482363219,1.23516963729769
57,1,BS1,Terrestrial,140.115347174963,83.7448240312252,75.5916363943507,33.994764,NaN,893.334270320412,8.75952808811392
57,2,BS2,Terrestrial,144.900842099444,109.374867187,49.9615932385762,101.984292,NaN,893.334270320412,8.75952808811392
57,3,BS1,Terrestrial,158.603762337124,98.43503929634,60.9014211292358,33.994764,NaN,893.334270320412,8.75952808811392
57,4,BS1,Terrestrial,1684.50527938871,116.649107397903,42.6873530276728,33.994764,NaN,893.334270320412,8.75952808811392
57,5,SAT-1,Satellite,600039.982999046,157.900947600407,11.0742395938216,56.808835810264,89.2953170434521,188.391482363219,1.65811778815912
57,6,SAT-1,Satellite,600139.521763894,156.843986220062,12.1312009741663,61.7342839822054,88.7007369245411,188.391482363219,1.52582544261404
58,1,BS2,Terrestrial,295.272687326099,95.379948041598,63.9565123839779,50.992146,NaN,893.334270320412,8.75952808811392
58,2,BS2,Terrestrial,144.900842099444,108.368925034179,50.9675353913973,50.992146,NaN,893.334270320412,8.75952808811392
58,3,BS1,Terrestrial,158.603762337124,87.5542383420642,71.7822220835117,101.984292,NaN,893.334270320412,8.75952808811392
58,4,SAT-1,Satellite,600048.164031137,157.137816582198,11.8373706120305,40.2382441266501,89.2289463904609,188.391482363219,1.56063372422726
58,5,SAT-1,Satellite,600039.982999046,152.318007203289,16.6571799909391,55.547,89.2953170434521,188.391482363219,1.1305229947205
58,6,SAT-1,Satellite,600139.521763894,158.671350169931,10.3038370242974,35.5147469739403,88.7007369245411,188.391482363219,1.76819958294559
59,1,BS1,Terrestrial,140.115347174963,109.402629516521,49.9338309090551,50.992146,NaN,893.334270320412,8.75952808811392
59,2,BS2,Terrestrial,144.900842099444,103.061285313489,56.2751751120868,101.984292,NaN,893.334270320412,8.75952808811392
59,3,BS1,Terrestrial,158.603762337124,103.795368838147,55.5410915874292,50.992146,NaN,893.334270320412,8.75952808811392
59,4,SAT-1,Satellite,600048.164031137,153.956419326034,15.0187678681946,50.3385151358484,89.2289463904609,188.391482363219,1.2474972815203
59,5,SAT-1,Satellite,600039.982999046,153.326453586213,15.6487336080147,52.3716298096099,89.2953170434521,188.391482363219,1.19906829357861
59,6,SAT-1,Satellite,600139.521763894,156.10521840409,12.8699687901382,43.4795476737945,88.7007369245411,188.391482363219,1.44429195213519
60,1,BS1,Terrestrial,140.115347174963,82.9823193384476,76.3541410871283,33.994764,NaN,893.334270320412,8.75952808811392
60,2,BS2,Terrestrial,144.900842099444,87.8740676179416,71.4623928076343,101.984292,NaN,893.334270320412,8.75952808811392
60,3,BS1,Terrestrial,158.603762337124,115.851613797448,43.4848466281281,33.994764,NaN,893.334270320412,8.75952808811392
60,4,BS1,Terrestrial,1684.50527938871,136.036178282282,23.3002821432939,33.994764,NaN,893.334270320412,8.75952808811392
60,5,SAT-1,Satellite,600039.982999046,155.285858019193,13.6893291750354,69.118618041382,89.2953170434521,188.391482363219,1.36281285492736
60,6,SAT-1,Satellite,600139.521763894,151.839611227802,17.1355759664265,83.3205,88.7007369245411,188.391482363219,1.1305229947205
61,1,BS1,Terrestrial,140.115347174963,114.610574741532,44.7258856840441,50.992146,NaN,893.334270320412,8.75952808811392
61,2,BS2,Terrestrial,144.900842099444,117.421662346888,41.9147980786874,33.994764,NaN,893.334270320412,8.75952808811392
61,3,BS1,Terrestrial,158.603762337124,99.2388989913629,60.097561434213,50.992146,NaN,893.334270320412,8.75952808811392
61,4,BS2,Terrestrial,1289.96390375941,134.934096245622,24.4023641799539,33.994764,NaN,893.334270320412,8.75952808811392
61,5,BS2,Terrestrial,2067.2298489109,145.630123288364,13.7063371372117,28.2335583501581,NaN,893.334270320412,10.5469557330926
61,6,SAT-1,Satellite,600139.521763894,160.117497597813,8.85768959641538,93.5668062857525,88.7007369245411,188.391482363219,2.01344354736093
62,1,BS1,Terrestrial,140.115347174963,84.513200570415,74.8232598551609,50.992146,NaN,893.334270320412,8.75952808811392
62,2,BS2,Terrestrial,144.900842099444,117.572782174815,41.7636782507608,50.992146,NaN,893.334270320412,8.75952808811392
62,3,BS2,Terrestrial,577.768536433813,130.368058247361,28.9684021782148,50.992146,NaN,893.334270320412,8.75952808811392
62,4,BS1,Terrestrial,1684.50527938871,138.880385690085,20.4560747354908,50.992146,NaN,893.334270320412,8.75952808811392
62,5,SAT-1,Satellite,600039.982999046,154.849628155587,14.1255590386407,71.2073273085102,89.2953170434521,188.391482363219,1.32283775760183
62,6,SAT-1,Satellite,600139.521763894,155.244962114201,13.7302250800269,69.314078695454,88.7007369245411,188.391482363219,1.35896982192432
63,1,BS1,Terrestrial,140.115347174963,102.97753108466,56.3589293409154,50.992146,NaN,893.334270320412,8.75952808811392
63,2,BS2,Terrestrial,144.900842099444,121.65890820137,37.6775522242062,50.992146,NaN,893.334270320412,8.75952808811392
63,3,BS1,Terrestrial,158.603762337124,121.989329313597,37.347131111979,50.992146,NaN,893.334270320412,8.75952808811392
63,4,BS2,Terrestrial,1289.96390375941,143.458203301244,15.8782571243318,48.7590071243795,NaN,893.334270320412,9.16071022571894
63,5,SAT-1,Satellite,600039.982999046,151.825672183107,17.1495150111215,83.3205,89.2953170434521,188.391482363219,1.1305229947205
63,6,SAT-1,Satellite,600139.521763894,152.364993745365,16.6101934488635,83.2340525944042,88.7007369245411,188.391482363219,1.13169716294629
64,1,BS1,Terrestrial,140.115347174963,112.474791616839,46.861668808737,50.992146,NaN,893.334270320412,8.75952808811392
64,2,BS2,Terrestrial,144.900842099444,78.7242462998492,80.6122141257267,50.992146,NaN,893.334270320412,8.75952808811392
64,3,BS1,Terrestrial,158.603762337124,87.1515844392818,72.1848759862941,50.992146,NaN,893.334270320412,8.75952808811392
64,4,BS2,Terrestrial,1289.96390375941,140.750575695694,18.5858847298818,50.992146,NaN,893.334270320412,8.75952808811392
64,5,SAT-1,Satellite,600039.982999046,152.105581861721,16.8696053325068,83.3205,89.2953170434521,188.391482363219,1.1305229947205
64,6,SAT-1,Satellite,600139.521763894,156.712121052255,12.2630661419731,62.3539871559286,88.7007369245411,188.391482363219,1.51066107362235
65,1,BS1,Terrestrial,140.115347174963,80.7250351438578,78.611425281718,50.992146,NaN,893.334270320412,8.75952808811392
65,2,BS2,Terrestrial,144.900842099444,116.101255962658,43.2352044629182,50.992146,NaN,893.334270320412,8.75952808811392
65,3,BS1,Terrestrial,158.603762337124,98.5029922802748,60.8334681453011,50.992146,NaN,893.334270320412,8.75952808811392
65,4,BS2,Terrestrial,1289.96390375941,137.790898869947,21.5455615556291,50.992146,NaN,893.334270320412,8.75952808811392
65,5,SAT-1,Satellite,600039.982999046,155.419036377419,13.5561508168093,68.482622850582,89.2953170434521,188.391482363219,1.37546923965119
65,6,SAT-1,Satellite,600139.521763894,152.47830403822,16.4968831560082,82.6816550820728,88.7007369245411,188.391482363219,1.13925805050839
66,1,BS1,Terrestrial,140.115347174963,103.232989035983,56.1034713895924,50.992146,NaN,893.334270320412,8.75952808811392
66,2,BS2,Terrestrial,144.900842099444,121.055868469751,38.2805919558253,33.994764,NaN,893.334270320412,8.75952808811392
66,3,BS1,Terrestrial,158.603762337124,98.7074458360375,60.6290145895384,50.992146,NaN,893.334270320412,8.75952808811392
66,4,BS2,Terrestrial,1289.96390375941,141.184441509376,18.1520189162003,33.994764,NaN,893.334270320412,8.75952808811392
66,5,BS2,Terrestrial,2067.2298489109,144.613295499881,14.7231649256952,30.2251675959365,NaN,893.334270320412,9.85199136321207
66,6,SAT-1,Satellite,600139.521763894,156.813567834921,12.1616193593075,123.754281313416,88.7007369245411,188.391482363219,1.52230274673168
67,1,BS2,Terrestrial,295.272687326099,109.904829349248,49.4316310763276,50.992146,NaN,893.334270320412,8.75952808811392
67,2,BS2,Terrestrial,144.900842099444,102.371402160406,56.9650582651704,50.992146,NaN,893.334270320412,8.75952808811392
67,3,BS1,Terrestrial,158.603762337124,94.0786654358961,65.2577949896798,101.984292,NaN,893.334270320412,8.75952808811392
67,4,SAT-1,Satellite,600048.164031137,154.501320651779,14.4738665424495,48.5871428204484,89.2289463904609,188.391482363219,1.29246457277399
67,5,SAT-1,Satellite,600039.982999046,151.764151378859,17.2110358153689,55.547,89.2953170434521,188.391482363219,1.1305229947205
67,6,SAT-1,Satellite,600139.521763894,156.682278128917,12.2929090653107,41.6629214214384,88.7007369245411,188.391482363219,1.50726734096534
68,1,BS1,Terrestrial,140.115347174963,99.5558445750649,59.780615850511,50.992146,NaN,893.334270320412,8.75952808811392
68,2,BS2,Terrestrial,144.900842099444,122.387152211416,36.9493082141602,101.984292,NaN,893.334270320412,8.75952808811392
68,3,BS1,Terrestrial,158.603762337124,84.1278768275196,75.2085835980563,50.992146,NaN,893.334270320412,8.75952808811392
68,4,SAT-1,Satellite,600048.164031137,152.769330805938,16.2058563882901,54.1762269141177,89.2289463904609,188.391482363219,1.159127616755
68,5,SAT-1,Satellite,600039.982999046,153.794997781018,15.1801894132099,50.8586688162173,89.2953170434521,188.391482363219,1.23473858536611
68,6,SAT-1,Satellite,600139.521763894,152.955516744765,16.0196704494627,53.5725077496858,88.7007369245411,188.391482363219,1.17219005466676
69,1,BS1,Terrestrial,140.115347174963,114.439510047224,44.8969503783516,50.992146,NaN,893.334270320412,8.75952808811392
69,2,BS2,Terrestrial,144.900842099444,91.0515358368978,68.2849245886781,101.984292,NaN,893.334270320412,8.75952808811392
69,3,BS1,Terrestrial,158.603762337124,112.825404437747,46.5110559878294,50.992146,NaN,893.334270320412,8.75952808811392
69,4,SAT-1,Satellite,600048.164031137,155.109455767718,13.8657314265101,46.6415053355219,89.2289463904609,188.391482363219,1.34637937467926
69,5,SAT-1,Satellite,600039.982999046,154.264315914034,14.7108712801943,49.3480235220144,89.2953170434521,188.391482363219,1.27253649297069
69,6,SAT-1,Satellite,600139.521763894,158.152435414938,10.8227517792903,37.0992953019735,88.7007369245411,188.391482363219,1.69267799500221
70,1,BS2,Terrestrial,295.272687326099,112.976597259558,46.3598631660178,33.994764,NaN,893.334270320412,8.75952808811392
70,2,BS2,Terrestrial,144.900842099444,106.301986592024,53.0344738335522,33.994764,NaN,893.334270320412,8.75952808811392
70,3,BS2,Terrestrial,577.768536433813,122.837363468249,36.4990969573272,33.994764,NaN,893.334270320412,8.75952808811392
70,4,SAT-1,Satellite,600048.164031137,156.630910139043,12.344277055185,41.8241111356195,89.2289463904609,188.391482363219,1.50145834741383
70,5,SAT-1,Satellite,600039.982999046,154.167222156572,14.8079650376561,49.6601299597206,89.2953170434521,188.391482363219,1.26453879276342
70,6,SAT-1,Satellite,600139.521763894,153.732409372384,15.2427778218442,51.0605037384862,88.7007369245411,188.391482363219,1.22985783903277
71,1,BS1,Terrestrial,140.115347174963,83.4423709592608,75.894089466315,50.992146,NaN,893.334270320412,8.75952808811392
71,2,BS2,Terrestrial,144.900842099444,89.689568679924,69.6468917456518,50.992146,NaN,893.334270320412,8.75952808811392
71,3,BS1,Terrestrial,158.603762337124,113.899841400926,45.4366190246498,50.992146,NaN,893.334270320412,8.75952808811392
71,4,BS2,Terrestrial,1289.96390375941,138.133912911367,21.2025475142092,50.992146,NaN,893.334270320412,8.75952808811392
71,5,SAT-1,Satellite,600039.982999046,153.483089304593,15.4920978896349,77.7980065394071,89.2953170434521,188.391482363219,1.21077319807541
71,6,SAT-1,Satellite,600139.521763894,157.58732501827,11.3878621759582,58.2621063986706,88.7007369245411,188.391482363219,1.61675824998594
72,1,BS1,Terrestrial,140.115347174963,88.5041010078298,70.8323594177461,50.992146,NaN,893.334270320412,8.75952808811392
72,2,BS2,Terrestrial,144.900842099444,113.23365618118,46.1028042443963,101.984292,NaN,893.334270320412,8.75952808811392
72,3,BS1,Terrestrial,158.603762337124,91.3764519019637,67.9600085236121,50.992146,NaN,893.334270320412,8.75952808811392
72,4,SAT-1,Satellite,600048.164031137,153.743337691003,15.2318495032255,51.0252560080636,89.2289463904609,188.391482363219,1.23070741238056
72,5,SAT-1,Satellite,600039.982999046,156.646912462156,12.3282747320716,41.7738854758041,89.2953170434521,188.391482363219,1.50326358375527
72,6,SAT-1,Satellite,600139.521763894,159.38392882843,9.59125836579778,33.3653613401734,88.7007369245411,188.391482363219,1.88210642011327
73,1,BS1,Terrestrial,140.115347174963,110.850274923705,48.4861855018708,50.992146,NaN,893.334270320412,8.75952808811392
73,2,BS2,Terrestrial,144.900842099444,103.194379969397,56.1420804561784,50.992146,NaN,893.334270320412,8.75952808811392
73,3,BS1,Terrestrial,158.603762337124,99.0741456651728,60.262314760403,50.992146,NaN,893.334270320412,8.75952808811392
73,4,SAT-1,Satellite,600048.164031137,156.418684346,12.5565028482284,63.7367467101657,89.2289463904609,188.391482363219,1.47788749887018
73,5,BS2,Terrestrial,2067.2298489109,140.940231830205,18.3962285953706,50.992146,NaN,893.334270320412,8.75952808811392
73,6,SAT-1,Satellite,600139.521763894,152.306675275992,16.6685119182364,83.3205,88.7007369245411,188.391482363219,1.1305229947205
74,1,BS1,Terrestrial,140.115347174963,91.4898873317093,67.8465730938665,50.992146,NaN,893.334270320412,8.75952808811392
74,2,BS2,Terrestrial,144.900842099444,100.2051574704,59.1313029551764,50.992146,NaN,893.334270320412,8.75952808811392
74,3,BS1,Terrestrial,158.603762337124,120.999882483714,38.3365779418623,50.992146,NaN,893.334270320412,8.75952808811392
74,4,BS2,Terrestrial,1289.96390375941,133.983723185631,25.3527372399448,50.992146,NaN,893.334270320412,8.75952808811392
74,5,SAT-1,Satellite,600039.982999046,156.240522457313,12.734664736915,64.5787186186368,89.2953170434521,188.391482363219,1.45861892580856
74,6,SAT-1,Satellite,600139.521763894,152.927957486423,16.047229707805,80.4927467005674,88.7007369245411,188.391482363219,1.17023887297593
75,1,BS1,Terrestrial,140.115347174963,106.914135096156,52.4223253294203,50.992146,NaN,893.334270320412,8.75952808811392
75,2,BS2,Terrestrial,144.900842099444,102.419336656717,56.9171237688593,50.992146,NaN,893.334270320412,8.75952808811392
75,3,BS1,Terrestrial,158.603762337124,106.118377663588,53.2180827619881,50.992146,NaN,893.334270320412,8.75952808811392
75,4,BS2,Terrestrial,1289.96390375941,133.509729741067,25.8267306845086,50.992146,NaN,893.334270320412,8.75952808811392
75,5,SAT-1,Satellite,600039.982999046,156.894389386085,12.0807978081428,61.4976981414583,89.2953170434521,188.391482363219,1.53169539719907
75,6,SAT-1,Satellite,600139.521763894,154.944871802562,14.0303153916664,70.7505981436455,88.7007369245411,188.391482363219,1.33137731203859
76,1,BS1,Terrestrial,140.115347174963,109.689127658253,49.6473327673226,50.992146,NaN,893.334270320412,8.75952808811392
76,2,BS2,Terrestrial,144.900842099444,126.537384715864,32.7990757097121,101.984292,NaN,893.334270320412,8.75952808811392
76,3,BS1,Terrestrial,158.603762337124,117.926330054153,41.4101303714225,50.992146,NaN,893.334270320412,8.75952808811392
76,4,SAT-1,Satellite,600048.164031137,155.987356719622,12.9878304746061,43.8520953759081,89.2289463904609,188.391482363219,1.43202189654635
76,5,SAT-1,Satellite,600039.982999046,154.934041492887,14.0411457013412,47.2016763431666,89.2953170434521,188.391482363219,1.33040107158886
76,6,SAT-1,Satellite,600139.521763894,153.001922257658,15.9732649365703,53.4221323231488,88.7007369245411,188.391482363219,1.17548959685625
77,1,BS2,Terrestrial,295.272687326099,86.8452679069235,72.4911925186524,33.994764,NaN,893.334270320412,8.75952808811392
77,2,BS2,Terrestrial,144.900842099444,81.1509321405891,78.1855282849868,33.994764,NaN,893.334270320412,8.75952808811392
77,3,BS1,Terrestrial,158.603762337124,88.3967293755266,70.9397310500492,101.984292,NaN,893.334270320412,8.75952808811392
77,4,BS2,Terrestrial,1289.96390375941,140.508804805874,18.8276556197016,33.994764,NaN,893.334270320412,8.75952808811392
77,5,SAT-1,Satellite,600039.982999046,155.756423404499,13.2187637897289,66.8751641372006,89.2953170434521,188.391482363219,1.40853099049384
77,6,SAT-1,Satellite,600139.521763894,155.719143180209,13.2560440140196,67.0525118482086,88.7007369245411,188.391482363219,1.40480555590291
78,1,BS1,Terrestrial,140.115347174963,86.955634618715,72.3808258068609,50.992146,NaN,893.334270320412,8.75952808811392
78,2,BS2,Terrestrial,144.900842099444,113.002502353437,46.3339580721386,50.992146,NaN,893.334270320412,8.75952808811392
78,3,BS1,Terrestrial,158.603762337124,104.294509749524,55.041950676052,50.992146,NaN,893.334270320412,8.75952808811392
78,4,BS2,Terrestrial,1289.96390375941,134.731345509193,24.6051149163832,50.992146,NaN,893.334270320412,8.75952808811392
78,5,SAT-1,Satellite,600039.982999046,155.852987521428,13.1221996728006,66.4161171844194,89.2953170434521,188.391482363219,1.4182663060542
78,6,SAT-1,Satellite,600139.521763894,155.031504248583,13.943682945645,70.3354934237702,88.7007369245411,188.391482363219,1.33923481014175
79,1,BS1,Terrestrial,140.115347174963,109.342491693553,49.9939687320228,50.992146,NaN,893.334270320412,8.75952808811392
79,2,BS2,Terrestrial,144.900842099444,107.996146637624,51.3403137879519,101.984292,NaN,893.334270320412,8.75952808811392
79,3,BS1,Terrestrial,158.603762337124,103.924875136253,55.411585289323,50.992146,NaN,893.334270320412,8.75952808811392
79,4,SAT-1,Satellite,600048.164031137,155.867815010158,13.1073721840706,44.2304479606269,89.2289463904609,188.391482363219,1.41977220858447
79,5,SAT-1,Satellite,600039.982999046,154.756964356004,14.2182228382245,47.7680288736491,89.2953170434521,188.391482363219,1.31462742483773
79,6,SAT-1,Satellite,600139.521763894,153.878668132258,15.0965190619704,50.5889828610712,88.7007369245411,188.391482363219,1.24132088127161
80,1,BS1,Terrestrial,140.115347174963,110.938535618736,48.3979248068404,50.992146,NaN,893.334270320412,8.75952808811392
80,2,BS2,Terrestrial,144.900842099444,111.297164104762,48.0392963208135,50.992146,NaN,893.334270320412,8.75952808811392
80,3,BS1,Terrestrial,158.603762337124,105.843650253151,53.4928101724247,50.992146,NaN,893.334270320412,8.75952808811392
80,4,BS2,Terrestrial,1289.96390375941,137.50516903346,21.831291392116,50.992146,NaN,893.334270320412,8.75952808811392
80,5,SAT-1,Satellite,600039.982999046,153.402006053096,15.5731811411324,78.1910412024177,89.2953170434521,188.391482363219,1.20468713209432
80,6,SAT-1,Satellite,600139.521763894,152.70479927574,16.2703879184876,81.5784254315457,88.7007369245411,188.391482363219,1.15466486002051
81,1,BS1,Terrestrial,140.115347174963,115.656340648014,43.6801197775615,33.994764,NaN,893.334270320412,8.75952808811392
81,2,BS2,Terrestrial,144.900842099444,106.016088066991,53.3203723585846,101.984292,NaN,893.334270320412,8.75952808811392
81,3,BS1,Terrestrial,158.603762337124,113.293468719627,46.0429917059489,33.994764,NaN,893.334270320412,8.75952808811392
81,4,BS1,Terrestrial,1684.50527938871,143.05913495053,16.2773254750456,33.2977768003511,NaN,893.334270320412,8.94288203961005
81,5,SAT-1,Satellite,600039.982999046,153.77597011847,15.1992170757586,76.3800302438711,89.2953170434521,188.391482363219,1.23325090185033
81,6,SAT-1,Satellite,600139.521763894,156.856624359139,12.1185628350893,61.6749472698768,88.7007369245411,188.391482363219,1.52729342060769
82,1,BS1,Terrestrial,140.115347174963,113.85377686281,45.4826835627658,33.994764,NaN,893.334270320412,8.75952808811392
82,2,BS2,Terrestrial,144.900842099444,113.593839779774,45.7426206458017,101.984292,NaN,893.334270320412,8.75952808811392
82,3,BS1,Terrestrial,158.603762337124,87.9591371940861,71.3773232314897,33.994764,NaN,893.334270320412,8.75952808811392
82,4,BS1,Terrestrial,1684.50527938871,137.120819688109,22.2156407374666,33.994764,NaN,893.334270320412,8.75952808811392
82,5,SAT-1,Satellite,600039.982999046,155.589403690012,13.3857835042161,67.6702345031247,89.2953170434521,188.391482363219,1.39198189385999
82,6,SAT-1,Satellite,600139.521763894,158.081862041046,10.8933251531817,55.9739298221018,88.7007369245411,188.391482363219,1.68285023904852
83,1,BS1,Terrestrial,140.115347174963,88.215567262729,71.1208931628468,50.992146,NaN,893.334270320412,8.75952808811392
83,2,BS2,Terrestrial,144.900842099444,84.2485092537134,75.0879511718625,50.992146,NaN,893.334270320412,8.75952808811392
83,3,BS1,Terrestrial,158.603762337124,110.787962146262,48.5484982793139,50.992146,NaN,893.334270320412,8.75952808811392
83,4,BS2,Terrestrial,1289.96390375941,137.925716427121,21.4107439984546,50.992146,NaN,893.334270320412,8.75952808811392
83,5,SAT-1,Satellite,600039.982999046,158.314331533861,10.6608556603675,54.9049523787353,89.2953170434521,188.391482363219,1.71561465952735
83,6,SAT-1,Satellite,600139.521763894,154.370173226129,14.6050139680995,73.5120101920369,88.7007369245411,188.391482363219,1.28136532976775
84,1,BS1,Terrestrial,140.115347174963,86.5052524497264,72.8312079758494,33.994764,NaN,893.334270320412,8.75952808811392
84,2,BS2,Terrestrial,144.900842099444,118.52070519551,40.8157552300663,101.984292,NaN,893.334270320412,8.75952808811392
84,3,BS1,Terrestrial,158.603762337124,80.2709897062428,79.065470719333,33.994764,NaN,893.334270320412,8.75952808811392
84,4,BS1,Terrestrial,1684.50527938871,143.756853459532,15.5796069660434,31.9146566205532,NaN,893.334270320412,9.33044944356485
84,5,SAT-1,Satellite,600039.982999046,154.620448569871,14.3547386243573,72.3078445235018,89.2953170434521,188.391482363219,1.30270431655577
84,6,SAT-1,Satellite,600139.521763894,154.383655661363,14.591531532865,73.4470809054895,88.7007369245411,188.391482363219,1.28249809278083
85,1,BS1,Terrestrial,140.115347174963,107.650304108535,51.6861563170408,50.992146,NaN,893.334270320412,8.75952808811392
85,2,BS2,Terrestrial,144.900842099444,104.259168988249,55.0772914373274,50.992146,NaN,893.334270320412,8.75952808811392
85,3,BS1,Terrestrial,158.603762337124,113.799786687431,45.536673738145,50.992146,NaN,893.334270320412,8.75952808811392
85,4,BS2,Terrestrial,1289.96390375941,140.054737996331,19.2817224292446,50.992146,NaN,893.334270320412,8.75952808811392
85,5,SAT-1,Satellite,600039.982999046,152.766525164482,16.2086620297456,81.2779936085689,89.2953170434521,188.391482363219,1.15893290421577
85,6,SAT-1,Satellite,600139.521763894,153.130328151086,15.844859043142,79.5093678146792,88.7007369245411,188.391482363219,1.18471249074903
86,1,BS1,Terrestrial,140.115347174963,81.5328217173882,77.8036387081877,33.994764,NaN,893.334270320412,8.75952808811392
86,2,BS2,Terrestrial,144.900842099444,102.407611401613,56.9288490239634,101.984292,NaN,893.334270320412,8.75952808811392
86,3,BS1,Terrestrial,158.603762337124,120.318066102459,39.0183943231173,33.994764,NaN,893.334270320412,8.75952808811392
86,4,BS1,Terrestrial,1684.50527938871,139.183745822453,20.1527146031226,33.994764,NaN,893.334270320412,8.75952808811392
86,5,SAT-1,Satellite,600039.982999046,153.804235632763,15.170951561465,76.2433287633254,89.2953170434521,188.391482363219,1.23546207529857
86,6,SAT-1,Satellite,600139.521763894,152.343852771354,16.631334422874,83.3205,88.7007369245411,188.391482363219,1.1305229947205
87,1,BS2,Terrestrial,295.272687326099,123.990976879104,35.3454835464719,50.992146,NaN,893.334270320412,8.75952808811392
87,2,BS2,Terrestrial,144.900842099444,113.321769440271,46.014690985305,50.992146,NaN,893.334270320412,8.75952808811392
87,3,BS1,Terrestrial,158.603762337124,104.653023318741,54.6834371068346,50.992146,NaN,893.334270320412,8.75952808811392
87,4,BS1,Terrestrial,1684.50527938871,142.222841241877,17.1136191836989,50.992146,NaN,893.334270320412,8.75952808811392
87,5,SAT-1,Satellite,600039.982999046,153.718908071408,15.2562791228198,76.6560807173133,89.2953170434521,188.391482363219,1.22880977347352
87,6,SAT-1,Satellite,600139.521763894,154.605318564021,14.3698686302073,72.3805721106748,88.7007369245411,188.391482363219,1.30139536666797
88,1,BS1,Terrestrial,140.115347174963,110.4764429677,48.8600174578764,50.992146,NaN,893.334270320412,8.75952808811392
88,2,BS2,Terrestrial,144.900842099444,117.518573683952,41.8178867416241,33.994764,NaN,893.334270320412,8.75952808811392
88,3,BS1,Terrestrial,158.603762337124,109.630427164854,49.7060332607218,50.992146,NaN,893.334270320412,8.75952808811392
88,4,BS2,Terrestrial,1289.96390375941,140.379842978313,18.9566174472625,33.994764,NaN,893.334270320412,8.75952808811392
88,5,BS2,Terrestrial,2067.2298489109,142.684712593865,16.6517478317106,33.994764,NaN,893.334270320412,8.75952808811392
88,6,SAT-1,Satellite,600139.521763894,158.092386561285,10.8828006329427,111.850879117438,88.7007369245411,188.391482363219,1.68430935768879
89,1,BS1,Terrestrial,140.115347174963,101.511550146696,57.8249102788802,50.992146,NaN,893.334270320412,8.75952808811392
89,2,BS2,Terrestrial,144.900842099444,93.9182955338126,65.4181648917633,50.992146,NaN,893.334270320412,8.75952808811392
89,3,BS1,Terrestrial,158.603762337124,104.79476489489,54.5416955306856,50.992146,NaN,893.334270320412,8.75952808811392
89,4,BS2,Terrestrial,1289.96390375941,138.064062220611,21.2723982049652,50.992146,NaN,893.334270320412,8.75952808811392
89,5,SAT-1,Satellite,600039.982999046,154.975191605284,13.9999955889436,70.6052828026453,89.2953170434521,188.391482363219,1.33411746887133
89,6,SAT-1,Satellite,600139.521763894,154.494008343529,14.4811788506992,72.915895903593,88.7007369245411,188.391482363219,1.2918409629932
90,1,BS1,Terrestrial,140.115347174963,81.6824304103031,77.6540300152728,50.992146,NaN,893.334270320412,8.75952808811392
90,2,BS2,Terrestrial,144.900842099444,85.7585586561573,73.5779017694185,101.984292,NaN,893.334270320412,8.75952808811392
90,3,BS1,Terrestrial,158.603762337124,127.194732104611,32.1417283209653,50.992146,NaN,893.334270320412,8.75952808811392
90,4,SAT-1,Satellite,600048.164031137,154.104448253235,14.870738940993,49.8620349041376,89.2289463904609,188.391482363219,1.25941833117061
90,5,SAT-1,Satellite,600039.982999046,154.287657107129,14.6875300870993,49.2730274263852,89.2953170434521,188.391482363219,1.27447335931529
90,6,SAT-1,Satellite,600139.521763894,159.360382217687,9.61480497654063,33.4358571612565,88.7007369245411,188.391482363219,1.87813820608449
91,1,BS1,Terrestrial,140.115347174963,84.6370941202044,74.6993663053715,50.992146,NaN,893.334270320412,8.75952808811392
91,2,BS2,Terrestrial,144.900842099444,112.799440564077,46.5370198614992,50.992146,NaN,893.334270320412,8.75952808811392
91,3,BS1,Terrestrial,158.603762337124,103.957716131308,55.3787442942681,50.992146,NaN,893.334270320412,8.75952808811392
91,4,BS2,Terrestrial,1289.96390375941,147.433296208909,11.9031642166666,37.1271003886512,NaN,893.334270320412,12.0307573304793
91,5,SAT-1,Satellite,600039.982999046,159.060829063864,9.91435813036378,51.5038746229172,89.2953170434521,188.391482363219,1.82890591962757
91,6,SAT-1,Satellite,600139.521763894,153.085722883949,15.8894643102793,79.7260199421278,88.7007369245411,188.391482363219,1.18149308406446
92,1,BS1,Terrestrial,140.115347174963,112.723608692027,46.6128517335492,50.992146,NaN,893.334270320412,8.75952808811392
92,2,BS2,Terrestrial,144.900842099444,113.936481470392,45.3999789551842,101.984292,NaN,893.334270320412,8.75952808811392
92,3,BS1,Terrestrial,158.603762337124,83.4336113605048,75.902849065071,50.992146,NaN,893.334270320412,8.75952808811392
92,4,SAT-1,Satellite,600048.164031137,155.542528655811,13.4326585384176,45.2624124833449,89.2289463904609,188.391482363219,1.38740198196123
92,5,SAT-1,Satellite,600039.982999046,158.662858619191,10.3123285750367,35.5405515493506,89.2953170434521,188.391482363219,1.76691576382941
92,6,SAT-1,Satellite,600139.521763894,154.678447608712,14.2967395855157,48.0194236490915,88.7007369245411,188.391482363219,1.3077449918316
93,1,BS1,Terrestrial,140.115347174963,112.115037270883,47.2214231546925,50.992146,NaN,893.334270320412,8.75952808811392
93,2,BS2,Terrestrial,144.900842099444,102.039554165351,57.296906260225,50.992146,NaN,893.334270320412,8.75952808811392
93,3,BS1,Terrestrial,158.603762337124,115.233427534575,44.1030328910004,50.992146,NaN,893.334270320412,8.75952808811392
93,4,BS2,Terrestrial,1289.96390375941,140.258922391606,19.0775380339695,50.992146,NaN,893.334270320412,8.75952808811392
93,5,SAT-1,Satellite,600039.982999046,154.44340134432,14.5317858499076,73.1594368077688,89.2953170434521,188.391482363219,1.28754054557739
93,6,SAT-1,Satellite,600139.521763894,157.605046427896,11.3701407663319,58.1797944074655,88.7007369245411,188.391482363219,1.61904561782917
94,1,BS1,Terrestrial,140.115347174963,114.781375893019,44.5550845325565,33.994764,NaN,893.334270320412,8.75952808811392
94,2,BS2,Terrestrial,144.900842099444,112.188365922159,47.1480945034165,101.984292,NaN,893.334270320412,8.75952808811392
94,3,BS1,Terrestrial,158.603762337124,103.317325260274,56.0191351653018,33.994764,NaN,893.334270320412,8.75952808811392
94,4,BS1,Terrestrial,1684.50527938871,140.147953939711,19.1885064858651,33.994764,NaN,893.334270320412,8.75952808811392
94,5,SAT-1,Satellite,600039.982999046,153.71759841891,15.2575887753182,76.6624176932853,89.2953170434521,188.391482363219,1.22870819908749
94,6,SAT-1,Satellite,600139.521763894,154.914018333587,14.0611688606408,70.8985108258358,88.7007369245411,188.391482363219,1.32859971365271
95,1,BS1,Terrestrial,140.115347174963,111.008640738583,48.3278196869932,50.992146,NaN,893.334270320412,8.75952808811392
95,2,BS2,Terrestrial,144.900842099444,120.720131369509,38.6163290560673,50.992146,NaN,893.334270320412,8.75952808811392
95,3,BS1,Terrestrial,158.603762337124,87.9483829458314,71.3880774797444,50.992146,NaN,893.334270320412,8.75952808811392
95,4,BS2,Terrestrial,1289.96390375941,131.618513409517,27.7179470160587,50.992146,NaN,893.334270320412,8.75952808811392
95,5,SAT-1,Satellite,600039.982999046,159.033736937381,9.94145025684719,51.6264128121993,89.2953170434521,188.391482363219,1.82456490874669
95,6,SAT-1,Satellite,600139.521763894,154.755759740144,14.2194274540838,71.657826848449,88.7007369245411,188.391482363219,1.31452132062037
96,1,BS1,Terrestrial,140.115347174963,93.5768663078884,65.7595941176875,101.984292,NaN,893.334270320412,8.75952808811392
96,2,BS2,Terrestrial,144.900842099444,98.8199890554459,60.5164713701299,33.994764,NaN,893.334270320412,8.75952808811392
96,3,BS2,Terrestrial,577.768536433813,97.5943412869995,61.7421191385764,33.994764,NaN,893.334270320412,8.75952808811392
96,4,BS2,Terrestrial,1289.96390375941,140.618633173526,18.7178272520501,33.994764,NaN,893.334270320412,8.75952808811392
96,5,SAT-1,Satellite,600039.982999046,153.594349895649,15.380837298579,77.2590219186771,89.2953170434521,188.391482363219,1.21921995441205
96,6,SAT-1,Satellite,600139.521763894,153.292599957121,15.6825872371076,78.7216781942847,88.7007369245411,188.391482363219,1.1965667315823
97,1,BS1,Terrestrial,140.115347174963,119.710739142093,39.6257212834833,33.994764,NaN,893.334270320412,8.75952808811392
97,2,BS2,Terrestrial,144.900842099444,99.134834525102,60.2016259004738,101.984292,NaN,893.334270320412,8.75952808811392
97,3,BS1,Terrestrial,158.603762337124,89.9163908741932,69.4200695513827,33.994764,NaN,893.334270320412,8.75952808811392
97,4,BS1,Terrestrial,1684.50527938871,140.825796585206,18.5106638403701,33.994764,NaN,893.334270320412,8.75952808811392
97,5,SAT-1,Satellite,600039.982999046,153.617478315459,15.3577088787692,77.1470283635911,89.2953170434521,188.391482363219,1.22098988359821
97,6,SAT-1,Satellite,600139.521763894,155.413011558851,13.5621756353775,68.5113768558086,88.7007369245411,188.391482363219,1.37489195962091
98,1,BS1,Terrestrial,140.115347174963,114.540054280499,44.7964061450771,101.984292,NaN,893.334270320412,8.75952808811392
98,2,BS2,Terrestrial,144.900842099444,120.805663502385,38.5307969231909,33.994764,NaN,893.334270320412,8.75952808811392
98,3,BS2,Terrestrial,577.768536433813,98.3188560642554,61.0176043613204,33.994764,NaN,893.334270320412,8.75952808811392
98,4,BS2,Terrestrial,1289.96390375941,137.00988374094,22.3265766846357,33.994764,NaN,893.334270320412,8.75952808811392
98,5,SAT-1,Satellite,600039.982999046,153.066206458738,15.9089807354896,79.8208307331185,89.2953170434521,188.391482363219,1.18008971237788
98,6,SAT-1,Satellite,600139.521763894,156.111332733225,12.8638544610027,65.1903515867519,88.7007369245411,188.391482363219,1.44493378067241
99,1,BS2,Terrestrial,295.272687326099,95.2151582128886,64.1213022126873,50.992146,NaN,893.334270320412,8.75952808811392
99,2,BS2,Terrestrial,144.900842099444,123.030435472466,36.3060249531099,50.992146,NaN,893.334270320412,8.75952808811392
99,3,BS1,Terrestrial,158.603762337124,112.503762716545,46.8326977090304,101.984292,NaN,893.334270320412,8.75952808811392
99,4,SAT-1,Satellite,600048.164031137,153.240319134865,15.7348680593635,52.6502488472537,89.2289463904609,188.391482363219,1.19272296261929
99,5,SAT-1,Satellite,600039.982999046,154.118797891119,14.8563893031093,49.8158728009315,89.2953170434521,188.391482363219,1.2605853768473
99,6,SAT-1,Satellite,600139.521763894,156.627513541227,12.3476736530009,41.8347731732557,88.7007369245411,188.391482363219,1.50107568475798
100,1,BS1,Terrestrial,140.115347174963,105.286473363673,54.049987061903,25.496073,NaN,893.334270320412,8.75952808811392
100,2,BS1,Terrestrial,565.376556244471,122.30100899067,37.0354514349057,25.496073,NaN,893.334270320412,8.75952808811392
100,3,BS1,Terrestrial,158.603762337124,119.986357179717,39.3501032458587,25.496073,NaN,893.334270320412,8.75952808811392
100,4,BS1,Terrestrial,1684.50527938871,143.880921280279,15.4555391452973,23.7519834964265,NaN,893.334270320412,9.40273335966671
100,5,SAT-1,Satellite,600039.982999046,154.374831333559,14.6003558606691,73.4895767157131,89.2953170434521,188.391482363219,1.2817564801876
100,6,SAT-1,Satellite,600139.521763894,155.690542800331,13.284644393897,67.1886148128101,88.7007369245411,188.391482363219,1.40195986245649
101,1,BS1,Terrestrial,140.115347174963,105.186871426575,54.149588999001,50.992146,NaN,893.334270320412,8.75952808811392
101,2,BS2,Terrestrial,144.900842099444,78.5237511263512,80.8127092992247,101.984292,NaN,893.334270320412,8.75952808811392
101,3,BS1,Terrestrial,158.603762337124,82.4992944078956,76.8371660176803,50.992146,NaN,893.334270320412,8.75952808811392
101,4,SAT-1,Satellite,600048.164031137,154.967212890654,14.0079743035741,47.0956793734332,89.2289463904609,188.391482363219,1.33339536923983
101,5,SAT-1,Satellite,600039.982999046,157.589036549647,11.3861506445811,38.836103815826,89.2953170434521,188.391482363219,1.61697890925271
101,6,SAT-1,Satellite,600139.521763894,152.767808029265,16.2073791649632,54.1811671413766,88.7007369245411,188.391482363219,1.15902192774624
102,1,BS1,Terrestrial,140.115347174963,110.605517413873,48.7309430117032,50.992146,NaN,893.334270320412,8.75952808811392
102,2,BS2,Terrestrial,144.900842099444,111.758532650591,47.5779277749851,101.984292,NaN,893.334270320412,8.75952808811392
102,3,BS1,Terrestrial,158.603762337124,106.060899667364,53.2755607582115,50.992146,NaN,893.334270320412,8.75952808811392
102,4,SAT-1,Satellite,600048.164031137,154.986657902851,13.9885292913773,47.0335585146602,89.2289463904609,188.391482363219,1.33515648764203
102,5,SAT-1,Satellite,600039.982999046,155.559615490989,13.4155717032396,45.2081191875179,89.2953170434521,188.391482363219,1.38906820094117
102,6,SAT-1,Satellite,600139.521763894,155.187813635715,13.7873735585135,46.3915621200552,88.7007369245411,188.391482363219,1.35363324531364
103,1,BS1,Terrestrial,140.115347174963,97.2777464717449,62.058713953831,50.992146,NaN,893.334270320412,8.75952808811392
103,2,BS2,Terrestrial,144.900842099444,105.789560621551,53.5468998040249,50.992146,NaN,893.334270320412,8.75952808811392
103,3,BS1,Terrestrial,158.603762337124,112.694256968485,46.6422034570911,50.992146,NaN,893.334270320412,8.75952808811392
103,4,BS2,Terrestrial,1289.96390375941,142.539196559859,16.7972638657166,50.992146,NaN,893.334270320412,8.75952808811392
103,5,SAT-1,Satellite,600039.982999046,155.188297896244,13.7868892979838,69.5850270029518,89.2953170434521,188.391482363219,1.35367830176474
103,6,SAT-1,Satellite,600139.521763894,153.096166460516,15.8790207337121,79.6752894412634,88.7007369245411,188.391482363219,1.18224535915932
104,1,BS1,Terrestrial,140.115347174963,108.114022800523,51.2224376250525,50.992146,NaN,893.334270320412,8.75952808811392
104,2,BS2,Terrestrial,144.900842099444,107.087712466736,52.2487479588399,50.992146,NaN,893.334270320412,8.75952808811392
104,3,BS1,Terrestrial,158.603762337124,116.826073878058,42.5103865475174,50.992146,NaN,893.334270320412,8.75952808811392
104,4,BS2,Terrestrial,1289.96390375941,139.925781827032,19.4106785985439,50.992146,NaN,893.334270320412,8.75952808811392
104,5,SAT-1,Satellite,600039.982999046,155.506203612975,13.4689835812534,68.0667987132555,89.2953170434521,188.391482363219,1.3838720633598
104,6,SAT-1,Satellite,600139.521763894,154.190977864874,14.7842093293544,74.3756201590507,88.7007369245411,188.391482363219,1.26648680011237
105,1,BS1,Terrestrial,140.115347174963,80.4788206427837,78.8576397827922,33.994764,NaN,893.334270320412,8.75952808811392
105,2,BS2,Terrestrial,144.900842099444,116.089304650982,43.2471557745941,101.984292,NaN,893.334270320412,8.75952808811392
105,3,BS1,Terrestrial,158.603762337124,85.8040013944976,73.5324590310783,33.994764,NaN,893.334270320412,8.75952808811392
105,4,SAT-1,Satellite,600048.164031137,153.661486647166,15.3137005470617,76.9339757657633,89.2289463904609,188.391482363219,1.22437116038825
105,5,BS1,Terrestrial,2496.53115061175,143.044850702688,16.2916097228881,33.326149458462,NaN,893.334270320412,8.93526839870766
105,6,SAT-1,Satellite,600139.521763894,155.524765612365,13.4504215818636,67.9782963813325,88.7007369245411,188.391482363219,1.38567375465261
106,1,BS1,Terrestrial,140.115347174963,92.3863798713933,66.9500805541826,33.994764,NaN,893.334270320412,8.75952808811392
106,2,BS2,Terrestrial,144.900842099444,83.6851218029233,75.6513386226526,101.984292,NaN,893.334270320412,8.75952808811392
106,3,BS1,Terrestrial,158.603762337124,112.632189338713,46.7042710868624,33.994764,NaN,893.334270320412,8.75952808811392
106,4,BS1,Terrestrial,1684.50527938871,144.902767393275,14.4336930323012,29.6564853616938,NaN,893.334270320412,10.0409096518036
106,5,SAT-1,Satellite,600039.982999046,156.678887398356,12.2962997958724,62.5103371101186,89.2953170434521,188.391482363219,1.50688262991885
106,6,SAT-1,Satellite,600139.521763894,155.869233793385,13.1059534008428,66.3389319038271,88.7007369245411,188.391482363219,1.41991645747578
107,1,BS1,Terrestrial,140.115347174963,89.2343308086417,70.1021296169342,50.992146,NaN,893.334270320412,8.75952808811392
107,2,BS2,Terrestrial,144.900842099444,107.981225476475,51.355234949101,101.984292,NaN,893.334270320412,8.75952808811392
107,3,BS1,Terrestrial,158.603762337124,107.696616474404,51.6398439511714,50.992146,NaN,893.334270320412,8.75952808811392
107,4,SAT-1,Satellite,600048.164031137,151.76813436179,17.2070528324386,55.547,89.2289463904609,188.391482363219,1.1305229947205
107,5,SAT-1,Satellite,600039.982999046,153.023964670244,15.9512225239845,53.3507185122179,89.2953170434521,188.391482363219,1.1770630750429
107,6,SAT-1,Satellite,600139.521763894,154.749982364344,14.2252048298841,47.7903771283779,88.7007369245411,188.391482363219,1.31401266449623
108,1,BS1,Terrestrial,140.115347174963,80.1090429488003,79.2274174767755,50.992146,NaN,893.334270320412,8.75952808811392
108,2,BS2,Terrestrial,144.900842099444,86.108083701565,73.2283767240108,101.984292,NaN,893.334270320412,8.75952808811392
108,3,BS1,Terrestrial,158.603762337124,91.9559862095845,67.3804742159914,50.992146,NaN,893.334270320412,8.75952808811392
108,4,SAT-1,Satellite,600048.164031137,154.30461158343,14.6705756107979,49.2185603834776,89.2289463904609,188.391482363219,1.27588373772956
108,5,SAT-1,Satellite,600039.982999046,154.065574543216,14.9096126510117,49.9871139171964,89.2953170434521,188.391482363219,1.25626698296211
108,6,SAT-1,Satellite,600139.521763894,153.671726006928,15.3034611873005,51.2562759514763,88.7007369245411,188.391482363219,1.22516042420227
109,1,BS1,Terrestrial,140.115347174963,112.612885399889,46.7235750256864,50.992146,NaN,893.334270320412,8.75952808811392
109,2,BS2,Terrestrial,144.900842099444,114.610532414761,44.725928010815,101.984292,NaN,893.334270320412,8.75952808811392
109,3,BS1,Terrestrial,158.603762337124,109.549248401245,49.7872120243307,50.992146,NaN,893.334270320412,8.75952808811392
109,4,SAT-1,Satellite,600048.164031137,153.805702183387,15.1694850108412,50.8241578326078,89.2289463904609,188.391482363219,1.23557700640246
109,5,SAT-1,Satellite,600039.982999046,152.690451178851,16.2847360153772,54.4321830302077,89.2953170434521,188.391482363219,1.15367705816409
109,6,SAT-1,Satellite,600139.521763894,163.125739040276,5.84944815395193,22.7662445128891,88.7007369245411,188.391482363219,2.7583451786344
110,1,BS1,Terrestrial,140.115347174963,89.7859927853927,69.5504676401832,50.992146,NaN,893.334270320412,8.75952808811392
110,2,BS2,Terrestrial,144.900842099444,102.916265665324,56.4201947602521,50.992146,NaN,893.334270320412,8.75952808811392
110,3,BS1,Terrestrial,158.603762337124,112.480508426033,46.8559519995432,50.992146,NaN,893.334270320412,8.75952808811392
110,4,BS2,Terrestrial,1289.96390375941,143.03271577473,16.3037446508457,50.0253819402528,NaN,893.334270320412,8.92881009271809
110,5,SAT-1,Satellite,600039.982999046,152.433730957538,16.5414562366897,82.8989154823977,89.2953170434521,188.391482363219,1.13627229781565
110,6,SAT-1,Satellite,600139.521763894,153.656974067552,15.3182131266759,76.9558191825137,88.7007369245411,188.391482363219,1.22402363047047
111,1,BS1,Terrestrial,140.115347174963,104.361249732525,54.9752106930508,50.992146,NaN,893.334270320412,8.75952808811392
111,2,BS2,Terrestrial,144.900842099444,109.145079040783,50.1913813847928,101.984292,NaN,893.334270320412,8.75952808811392
111,3,BS1,Terrestrial,158.603762337124,123.443303588752,35.8931568368234,50.992146,NaN,893.334270320412,8.75952808811392
111,4,SAT-1,Satellite,600048.164031137,154.456023416026,14.5191637782018,48.7324568823906,89.2289463904609,188.391482363219,1.28861060584925
111,5,SAT-1,Satellite,600039.982999046,153.352010060303,15.6231771339253,52.2889903569922,89.2953170434521,188.391482363219,1.20096334541947
111,6,SAT-1,Satellite,600139.521763894,158.29386215712,10.6813250371078,36.6659329793336,88.7007369245411,188.391482363219,1.71268410988299
112,1,BS1,Terrestrial,140.115347174963,123.257787588486,36.0786728370894,50.992146,NaN,893.334270320412,8.75952808811392
112,2,BS2,Terrestrial,144.900842099444,104.122898712136,55.2135617134394,101.984292,NaN,893.334270320412,8.75952808811392
112,3,BS1,Terrestrial,158.603762337124,102.344987964029,56.9914724615468,50.992146,NaN,893.334270320412,8.75952808811392
112,4,SAT-1,Satellite,600048.164031137,153.472568717696,15.5026184765323,51.8993277723965,89.2289463904609,188.391482363219,1.20998023448657
112,5,SAT-1,Satellite,600039.982999046,158.008512570651,10.9666746235768,37.5414146591284,89.2953170434521,188.391482363219,1.67274359152233
112,6,SAT-1,Satellite,600139.521763894,154.183939986632,14.7912472075965,49.606374696878,88.7007369245411,188.391482363219,1.26590909276206
113,1,BS1,Terrestrial,140.115347174963,113.585274725214,45.751185700362,50.992146,NaN,893.334270320412,8.75952808811392
113,2,BS2,Terrestrial,144.900842099444,108.336021403889,51.0004390216866,50.992146,NaN,893.334270320412,8.75952808811392
113,3,BS1,Terrestrial,158.603762337124,110.903997870065,48.4324625555109,50.992146,NaN,893.334270320412,8.75952808811392
113,4,BS2,Terrestrial,1289.96390375941,145.799503208902,13.5369572166743,41.8553108841653,NaN,893.334270320412,10.6716955560636
113,5,SAT-1,Satellite,600039.982999046,153.426255874755,15.5489313194734,78.0734741917229,89.2953170434521,188.391482363219,1.20650121128586
113,6,SAT-1,Satellite,600139.521763894,155.223598944263,13.7515882499648,69.4162130649648,88.7007369245411,188.391482363219,1.35697032469135
114,1,BS2,Terrestrial,295.272687326099,121.955809456616,37.3806509689594,50.992146,NaN,893.334270320412,8.75952808811392
114,2,BS2,Terrestrial,144.900842099444,79.0628464730502,80.2736139525257,50.992146,NaN,893.334270320412,8.75952808811392
114,3,BS1,Terrestrial,158.603762337124,131.986457131966,27.3500032936099,101.984292,NaN,893.334270320412,8.75952808811392
114,4,SAT-1,Satellite,600048.164031137,153.343823482082,15.6313637121465,52.3154610804526,89.2289463904609,188.391482363219,1.20035567862372
114,5,SAT-1,Satellite,600039.982999046,155.407957252183,13.5672299420451,45.6903335338901,89.2953170434521,188.391482363219,1.37440801873684
114,6,SAT-1,Satellite,600139.521763894,153.490367971617,15.4848192226112,51.8418229826823,88.7007369245411,188.391482363219,1.21132238750008
115,1,BS1,Terrestrial,140.115347174963,112.061696717187,47.2747637083892,50.992146,NaN,893.334270320412,8.75952808811392
115,2,BS2,Terrestrial,144.900842099444,101.035668201105,58.3007922244711,50.992146,NaN,893.334270320412,8.75952808811392
115,3,BS1,Terrestrial,158.603762337124,125.198354820638,34.1381056049375,50.992146,NaN,893.334270320412,8.75952808811392
115,4,SAT-1,Satellite,600048.164031137,155.641080756506,13.3341064377216,67.4240886025004,89.2289463904609,188.391482363219,1.39706361827064
115,5,BS2,Terrestrial,2067.2298489109,140.34663887206,18.9898215535158,50.992146,NaN,893.334270320412,8.75952808811392
115,6,SAT-1,Satellite,600139.521763894,155.970202365262,13.0049848289666,65.8595385455997,88.7007369245411,188.391482363219,1.43025206768478
116,1,BS2,Terrestrial,295.272687326099,107.894227504375,51.4422329212004,25.496073,NaN,893.334270320412,8.75952808811392
116,2,BS2,Terrestrial,144.900842099444,89.8294463463122,69.5070140792637,25.496073,NaN,893.334270320412,8.75952808811392
116,3,BS2,Terrestrial,577.768536433813,100.186272129377,59.1501882961993,25.496073,NaN,893.334270320412,8.75952808811392
116,4,BS2,Terrestrial,1289.96390375941,138.617939810945,20.7185206146308,25.496073,NaN,893.334270320412,8.75952808811392
116,5,SAT-1,Satellite,600039.982999046,153.96207067792,15.0131165163076,75.4804727636136,89.2953170434521,188.391482363219,1.24794847902725
116,6,SAT-1,Satellite,600139.521763894,153.533691316579,15.4414958776489,77.5528253851018,88.7007369245411,188.391482363219,1.21460102470625
117,1,BS1,Terrestrial,140.115347174963,105.323795285576,54.0126651399996,50.992146,NaN,893.334270320412,8.75952808811392
117,2,BS2,Terrestrial,144.900842099444,117.825207755849,41.5112526697267,50.992146,NaN,893.334270320412,8.75952808811392
117,3,BS1,Terrestrial,158.603762337124,89.3657876005113,69.9706728250646,50.992146,NaN,893.334270320412,8.75952808811392
117,4,BS2,Terrestrial,1289.96390375941,134.883007251666,24.4534531739096,50.992146,NaN,893.334270320412,8.75952808811392
117,5,SAT-1,Satellite,600039.982999046,152.452258941123,16.5229282531053,82.8085995301858,89.2953170434521,188.391482363219,1.13751158353152
117,6,SAT-1,Satellite,600139.521763894,153.181586578322,15.7936006159064,79.2604703823048,88.7007369245411,188.391482363219,1.1884327802657
118,1,BS1,Terrestrial,140.115347174963,104.72310000877,54.613360416806,50.992146,NaN,893.334270320412,8.75952808811392
118,2,BS2,Terrestrial,144.900842099444,121.184168606359,38.1522918192166,50.992146,NaN,893.334270320412,8.75952808811392
118,3,BS1,Terrestrial,158.603762337124,77.7989535508433,81.5375068747325,50.992146,NaN,893.334270320412,8.75952808811392
118,4,BS2,Terrestrial,1289.96390375941,139.107750972063,20.2287094535124,50.992146,NaN,893.334270320412,8.75952808811392
118,5,SAT-1,Satellite,600039.982999046,157.46436200368,11.5108251905481,58.833864392542,89.2953170434521,188.391482363219,1.60104630478004
118,6,SAT-1,Satellite,600139.521763894,156.387241643065,12.5879455511634,63.8852112129252,88.7007369245411,188.391482363219,1.47445299770022
119,1,BS1,Terrestrial,140.115347174963,106.227839823317,53.1086206022586,50.992146,NaN,893.334270320412,8.75952808811392
119,2,BS2,Terrestrial,144.900842099444,95.2318008658566,64.1046595597193,50.992146,NaN,893.334270320412,8.75952808811392
119,3,BS1,Terrestrial,158.603762337124,126.171763256089,33.1646971694871,50.992146,NaN,893.334270320412,8.75952808811392
119,4,BS2,Terrestrial,1289.96390375941,143.899767040087,15.4366933854885,47.4480907513797,NaN,893.334270320412,9.41380628992365
119,5,SAT-1,Satellite,600039.982999046,159.0050251275,9.97016206672771,51.7563536570758,89.2953170434521,188.391482363219,1.81998410872848
119,6,SAT-1,Satellite,600139.521763894,154.855374898541,14.1198122956873,71.1797588576097,88.7007369245411,188.391482363219,1.3233501025206
120,1,BS1,Terrestrial,140.115347174963,112.174042040963,47.1624183846134,50.992146,NaN,893.334270320412,8.75952808811392
120,2,BS2,Terrestrial,144.900842099444,119.396003030032,39.940457395544,101.984292,NaN,893.334270320412,8.75952808811392
120,3,BS1,Terrestrial,158.603762337124,106.190799872982,53.1456605525938,50.992146,NaN,893.334270320412,8.75952808811392
120,4,SAT-1,Satellite,600048.164031137,153.495138527817,15.4800486664114,51.8264116488269,89.2289463904609,188.391482363219,1.21168259174974
120,5,SAT-1,Satellite,600039.982999046,152.940933646048,16.0342535481798,53.6197718809088,89.2953170434521,188.391482363219,1.17115680624703
120,6,SAT-1,Satellite,600139.521763894,156.836437778371,12.1387494158569,41.1798193714871,88.7007369245411,188.391482363219,1.52494988434117
121,1,BS1,Terrestrial,140.115347174963,81.3244939212222,78.0119665043537,50.992146,NaN,893.334270320412,8.75952808811392
121,2,BS2,Terrestrial,144.900842099444,109.269508673515,50.0669517520612,33.994764,NaN,893.334270320412,8.75952808811392
121,3,BS1,Terrestrial,158.603762337124,100.806700781712,58.5297596438637,50.992146,NaN,893.334270320412,8.75952808811392
121,4,BS2,Terrestrial,1289.96390375941,131.494909536785,27.8415508887913,33.994764,NaN,893.334270320412,8.75952808811392
121,5,BS2,Terrestrial,2067.2298489109,136.017940999812,23.318519425764,33.994764,NaN,893.334270320412,8.75952808811392
121,6,SAT-1,Satellite,600139.521763894,155.874564954566,13.1006222396618,132.627213474196,88.7007369245411,188.391482363219,1.42045872357766
122,1,BS1,Terrestrial,140.115347174963,91.8103872185849,67.526073206991,50.992146,NaN,893.334270320412,8.75952808811392
122,2,BS2,Terrestrial,144.900842099444,80.5498849102921,78.7865755152838,50.992146,NaN,893.334270320412,8.75952808811392
122,3,BS1,Terrestrial,158.603762337124,119.644336391139,39.6921240344372,50.992146,NaN,893.334270320412,8.75952808811392
122,4,BS2,Terrestrial,1289.96390375941,146.749005056974,12.5874553686016,39.0963325128665,NaN,893.334270320412,11.4247835142391
122,5,SAT-1,Satellite,600039.982999046,150.198673605466,18.7765135887625,83.3205,89.2953170434521,188.391482363219,1.1305229947205
122,6,SAT-1,Satellite,600139.521763894,157.313278256502,11.6619089377259,59.5378399327281,88.7007369245411,188.391482363219,1.58211553002328
123,1,BS1,Terrestrial,140.115347174963,102.963292791658,56.3731676339183,50.992146,NaN,893.334270320412,8.75952808811392
123,2,BS2,Terrestrial,144.900842099444,83.7223986265863,75.6140617989895,50.992146,NaN,893.334270320412,8.75952808811392
123,3,BS1,Terrestrial,158.603762337124,118.890923536983,40.4455368885928,50.992146,NaN,893.334270320412,8.75952808811392
123,4,BS2,Terrestrial,1289.96390375941,141.135565299629,18.2008951259467,50.992146,NaN,893.334270320412,8.75952808811392
123,5,SAT-1,Satellite,600039.982999046,153.318640580222,15.6565466140065,78.5953448013968,89.2953170434521,188.391482363219,1.19849008130995
123,6,SAT-1,Satellite,600139.521763894,154.155577407235,14.8196097869927,74.5463653861846,88.7007369245411,188.391482363219,1.26358596684938
124,1,BS1,Terrestrial,140.115347174963,92.8673296128901,66.4691308126857,50.992146,NaN,893.334270320412,8.75952808811392
124,2,BS2,Terrestrial,144.900842099444,93.6502606707497,65.6861997548262,50.992146,NaN,893.334270320412,8.75952808811392
124,3,BS1,Terrestrial,158.603762337124,88.1701667132286,71.1662937123473,50.992146,NaN,893.334270320412,8.75952808811392
124,4,BS2,Terrestrial,1289.96390375941,144.725589237072,14.610871188504,45.0066144854516,NaN,893.334270320412,9.92447755217383
124,5,SAT-1,Satellite,600039.982999046,156.086193624859,12.8889935693695,65.3094744382838,89.2953170434521,188.391482363219,1.4422982575158
124,6,SAT-1,Satellite,600139.521763894,156.472261408384,12.5029257858438,63.4838997453507,88.7007369245411,188.391482363219,1.48377370576558
125,1,BS1,Terrestrial,140.115347174963,106.339325858122,52.9971345674534,50.992146,NaN,893.334270320412,8.75952808811392
125,2,BS2,Terrestrial,144.900842099444,115.923883752843,43.4125766727327,50.992146,NaN,893.334270320412,8.75952808811392
125,3,BS2,Terrestrial,577.768536433813,132.37866165525,26.957798770326,50.992146,NaN,893.334270320412,8.75952808811392
125,4,BS1,Terrestrial,1684.50527938871,133.918400024733,25.4180604008433,50.992146,NaN,893.334270320412,8.75952808811392
125,5,SAT-1,Satellite,600039.982999046,153.751473341602,15.223713852626,76.4985259579162,89.2953170434521,188.391482363219,1.23134060430692
125,6,SAT-1,Satellite,600139.521763894,151.45591600052,17.5192711937086,83.3205,88.7007369245411,188.391482363219,1.1305229947205
126,1,BS1,Terrestrial,140.115347174963,84.9605750934772,74.3758853320986,50.992146,NaN,893.334270320412,8.75952808811392
126,2,BS2,Terrestrial,144.900842099444,103.077301197122,56.2591592284543,33.994764,NaN,893.334270320412,8.75952808811392
126,3,BS1,Terrestrial,158.603762337124,130.696071630419,28.6403887951573,50.992146,NaN,893.334270320412,8.75952808811392
126,4,BS2,Terrestrial,1289.96390375941,141.463911490302,17.8725489352743,33.994764,NaN,893.334270320412,8.75952808811392
126,5,BS2,Terrestrial,2067.2298489109,143.738576214401,15.5978842111747,31.9508161250077,NaN,893.334270320412,9.31988995028314
126,6,SAT-1,Satellite,600139.521763894,155.957511613748,13.0176755804805,131.839529204145,88.7007369245411,188.391482363219,1.42894535121941
127,1,BS1,Terrestrial,140.115347174963,96.6079079357195,62.7285524898564,50.992146,NaN,893.334270320412,8.75952808811392
127,2,BS2,Terrestrial,144.900842099444,89.3698122169503,69.9666482086255,50.992146,NaN,893.334270320412,8.75952808811392
127,3,BS1,Terrestrial,158.603762337124,101.065452345973,58.2710080796032,50.992146,NaN,893.334270320412,8.75952808811392
127,4,BS2,Terrestrial,1289.96390375941,142.273212672763,17.0632477528127,50.992146,NaN,893.334270320412,8.75952808811392
127,5,SAT-1,Satellite,600039.982999046,156.489841924788,12.4853452694399,63.4009678368136,89.2953170434521,188.391482363219,1.48571456234008
127,6,SAT-1,Satellite,600139.521763894,154.634622652478,14.3405645417496,72.2397200445721,88.7007369245411,188.391482363219,1.30393281041912
128,1,BS1,Terrestrial,140.115347174963,98.6641006252565,60.6723598003194,33.994764,NaN,893.334270320412,8.75952808811392
128,2,BS2,Terrestrial,144.900842099444,106.77863982369,52.5578206018856,101.984292,NaN,893.334270320412,8.75952808811392
128,3,BS1,Terrestrial,158.603762337124,114.169841946103,45.1666184794729,33.994764,NaN,893.334270320412,8.75952808811392
128,4,BS1,Terrestrial,1684.50527938871,144.695762030349,14.6406983952265,30.0630284626099,NaN,893.334270320412,9.9051261744025
128,5,SAT-1,Satellite,600039.982999046,153.360335346027,15.6148518482012,78.3931087456938,89.2953170434521,188.391482363219,1.20158190801157
128,6,SAT-1,Satellite,600139.521763894,156.125492065086,12.849695129142,65.1232718377485,88.7007369245411,188.391482363219,1.44642212412628
129,1,BS1,Terrestrial,140.115347174963,106.400300319541,52.9361601060349,50.992146,NaN,893.334270320412,8.75952808811392
129,2,BS2,Terrestrial,144.900842099444,89.4424252541893,69.8940351713866,50.992146,NaN,893.334270320412,8.75952808811392
129,3,BS1,Terrestrial,158.603762337124,86.4789358438673,72.8575245817086,50.992146,NaN,893.334270320412,8.75952808811392
129,4,BS2,Terrestrial,1289.96390375941,138.50051749612,20.8359429294556,50.992146,NaN,893.334270320412,8.75952808811392
129,5,SAT-1,Satellite,600039.982999046,155.415907801956,13.5592793922721,68.4975540569305,89.2953170434521,188.391482363219,1.3751694126672
129,6,SAT-1,Satellite,600139.521763894,155.197129982261,13.7780572119675,69.5427857025409,88.7007369245411,188.391482363219,1.35450054567152
130,1,BS1,Terrestrial,140.115347174963,83.6591412973852,75.6773191281907,50.992146,NaN,893.334270320412,8.75952808811392
130,2,BS2,Terrestrial,144.900842099444,124.910128043275,34.4263323823007,50.992146,NaN,893.334270320412,8.75952808811392
130,3,BS1,Terrestrial,158.603762337124,95.6020107951978,63.7344496303781,50.992146,NaN,893.334270320412,8.75952808811392
130,4,BS2,Terrestrial,1289.96390375941,135.404092974495,23.9323674510806,50.992146,NaN,893.334270320412,8.75952808811392
130,5,SAT-1,Satellite,600039.982999046,153.153027872367,15.8221593218612,79.3991346961809,89.2953170434521,188.391482363219,1.18635727633616
130,6,SAT-1,Satellite,600139.521763894,155.567286174695,13.4079010195335,67.7756230039213,88.7007369245411,188.391482363219,1.38981741526978
131,1,BS1,Terrestrial,140.115347174963,113.137250968933,46.1992094566429,50.992146,NaN,893.334270320412,8.75952808811392
131,2,BS2,Terrestrial,144.900842099444,86.8466874380524,72.4897729875235,101.984292,NaN,893.334270320412,8.75952808811392
131,3,BS1,Terrestrial,158.603762337124,89.3940471389619,69.942413286614,50.992146,NaN,893.334270320412,8.75952808811392
131,4,SAT-1,Satellite,600048.164031137,155.550041083554,13.4251461106738,45.2385406542775,89.2289463904609,188.391482363219,1.3881340971551
131,5,SAT-1,Satellite,600039.982999046,153.004527799004,15.970659395224,53.4136903288935,89.2953170434521,188.391482363219,1.17567538211772
131,6,SAT-1,Satellite,600139.521763894,154.58518320866,14.3900039855682,48.3182489942629,88.7007369245411,188.391482363219,1.29965721223043
132,1,BS1,Terrestrial,140.115347174963,113.509549116643,45.8269113089324,50.992146,NaN,893.334270320412,8.75952808811392
132,2,BS2,Terrestrial,144.900842099444,106.785448032046,52.5510123935295,50.992146,NaN,893.334270320412,8.75952808811392
132,3,BS1,Terrestrial,158.603762337124,83.3356012177324,76.0008592078435,50.992146,NaN,893.334270320412,8.75952808811392
132,4,BS2,Terrestrial,1289.96390375941,144.520151305171,14.8163091204047,45.6126314623231,NaN,893.334270320412,9.79261929952806
132,5,SAT-1,Satellite,600039.982999046,155.194400112096,13.7807870821318,69.5558415095715,89.2953170434521,188.391482363219,1.35424630249994
132,6,SAT-1,Satellite,600139.521763894,154.361703262142,14.6134839320857,73.5528036581237,88.7007369245411,188.391482363219,1.28065466572063
133,1,BS1,Terrestrial,140.115347174963,92.5896821069775,66.7467783185984,50.992146,NaN,893.334270320412,8.75952808811392
133,2,BS2,Terrestrial,144.900842099444,123.428113831125,35.9083465944506,50.992146,NaN,893.334270320412,8.75952808811392
133,3,BS1,Terrestrial,158.603762337124,111.086974847121,48.2494855784554,50.992146,NaN,893.334270320412,8.75952808811392
133,4,BS2,Terrestrial,1289.96390375941,140.185898720851,19.1505617047247,50.992146,NaN,893.334270320412,8.75952808811392
133,5,SAT-1,Satellite,600039.982999046,158.05161367787,10.9235735163585,56.1133441381821,89.2953170434521,188.391482363219,1.67866917625952
133,6,SAT-1,Satellite,600139.521763894,153.54205852135,15.4331286728781,77.5122915154472,88.7007369245411,188.391482363219,1.21523618177173
134,1,BS1,Terrestrial,140.115347174963,110.521584722164,48.8148757034123,50.992146,NaN,893.334270320412,8.75952808811392
134,2,BS2,Terrestrial,144.900842099444,113.801199057327,45.5352613682487,101.984292,NaN,893.334270320412,8.75952808811392
134,3,BS1,Terrestrial,158.603762337124,121.646404939655,37.6900554859204,50.992146,NaN,893.334270320412,8.75952808811392
134,4,SAT-1,Satellite,600048.164031137,157.09845536121,11.8767318330179,40.3609950189014,89.2289463904609,188.391482363219,1.55588733028834
134,5,SAT-1,Satellite,600039.982999046,157.269120316908,11.7060668773198,39.8292612360933,89.2953170434521,188.391482363219,1.57665893965497
134,6,SAT-1,Satellite,600139.521763894,156.331248415416,12.6439387788117,42.7664905925109,88.7007369245411,188.391482363219,1.46837301629646
135,1,BS1,Terrestrial,140.115347174963,104.332859970736,55.0036004548396,101.984292,NaN,893.334270320412,8.75952808811392
135,2,BS2,Terrestrial,144.900842099444,76.9429499243103,82.3935105012655,50.992146,NaN,893.334270320412,8.75952808811392
135,3,BS2,Terrestrial,577.768536433813,107.849792899095,51.4866675264812,50.992146,NaN,893.334270320412,8.75952808811392
135,4,SAT-1,Satellite,600048.164031137,155.010498429474,13.9646887647545,46.9574099055237,89.2289463904609,188.391482363219,1.33732164772471
135,5,SAT-1,Satellite,600039.982999046,153.439714117025,15.5354730772033,52.0054894371846,89.2953170434521,188.391482363219,1.20751023531064
135,6,SAT-1,Satellite,600139.521763894,153.124092904979,15.8510942892496,53.0264330873276,88.7007369245411,188.391482363219,1.18426145474128
136,1,BS1,Terrestrial,140.115347174963,83.7823368894337,75.5541235361422,50.992146,NaN,893.334270320412,8.75952808811392
136,2,BS2,Terrestrial,144.900842099444,104.582749322433,54.753711103143,101.984292,NaN,893.334270320412,8.75952808811392
136,3,BS1,Terrestrial,158.603762337124,83.5875332210196,75.7489272045562,50.992146,NaN,893.334270320412,8.75952808811392
136,4,SAT-1,Satellite,600048.164031137,151.763681395935,17.211505798293,55.547,89.2289463904609,188.391482363219,1.1305229947205
136,5,SAT-1,Satellite,600039.982999046,153.287497813617,15.687689380611,52.4976220369086,89.2953170434521,188.391482363219,1.19619057685298
136,6,SAT-1,Satellite,600139.521763894,157.474519480052,11.5006677141762,39.1910619484295,88.7007369245411,188.391482363219,1.60233373799293
137,1,BS1,Terrestrial,140.115347174963,106.931939831747,52.4045205938284,50.992146,NaN,893.334270320412,8.75952808811392
137,2,BS2,Terrestrial,144.900842099444,105.533764131571,53.8026962940048,33.994764,NaN,893.334270320412,8.75952808811392
137,3,BS1,Terrestrial,158.603762337124,117.221416602355,42.1150438232204,50.992146,NaN,893.334270320412,8.75952808811392
137,4,BS2,Terrestrial,1289.96390375941,144.248436705438,15.0880237201378,30.9437049373826,NaN,893.334270320412,9.62322031926639
137,5,BS2,Terrestrial,2067.2298489109,141.587109814647,17.7493506109291,33.994764,NaN,893.334270320412,8.75952808811392
137,6,SAT-1,Satellite,600139.521763894,158.510561944877,10.4646252493514,108.012244756754,88.7007369245411,188.391482363219,1.74416782826318
138,1,BS1,Terrestrial,140.115347174963,110.648165604803,48.6882948207733,50.992146,NaN,893.334270320412,8.75952808811392
138,2,BS2,Terrestrial,144.900842099444,84.5861930399604,74.7502673856155,101.984292,NaN,893.334270320412,8.75952808811392
138,3,BS1,Terrestrial,158.603762337124,95.0190789643129,64.3173814612629,50.992146,NaN,893.334270320412,8.75952808811392
138,4,SAT-1,Satellite,600048.164031137,154.73062010372,14.2445670905086,47.8523595130695,89.2289463904609,188.391482363219,1.31231064521674
138,5,SAT-1,Satellite,600039.982999046,153.051365602589,15.9238215916394,53.2619564968624,89.2953170434521,188.391482363219,1.17902467198025
138,6,SAT-1,Satellite,600139.521763894,157.812693234822,11.1624939594064,38.1446960073881,88.7007369245411,188.391482363219,1.64628814385037
139,1,BS2,Terrestrial,295.272687326099,114.366360635972,44.9700997896034,50.992146,NaN,893.334270320412,8.75952808811392
139,2,BS2,Terrestrial,144.900842099444,81.7554843626538,77.580976062922,50.992146,NaN,893.334270320412,8.75952808811392
139,3,BS1,Terrestrial,158.603762337124,110.640240778858,48.6962196467183,101.984292,NaN,893.334270320412,8.75952808811392
139,4,SAT-1,Satellite,600048.164031137,154.215970313601,14.7592168806268,49.5034015248355,89.2289463904609,188.391482363219,1.26854233958518
139,5,SAT-1,Satellite,600039.982999046,153.303471655186,15.6717155390423,52.4459552292481,89.2953170434521,188.391482363219,1.1973689965841
139,6,SAT-1,Satellite,600139.521763894,156.855361786293,12.1198254079356,41.1205831104306,88.7007369245411,188.391482363219,1.52714665108459
140,1,BS1,Terrestrial,140.115347174963,87.1980861698173,72.1383742557585,50.992146,NaN,893.334270320412,8.75952808811392
140,2,BS2,Terrestrial,144.900842099444,89.0226906493296,70.3137697762462,101.984292,NaN,893.334270320412,8.75952808811392
140,3,BS1,Terrestrial,158.603762337124,104.420565025433,54.9158954001432,50.992146,NaN,893.334270320412,8.75952808811392
140,4,SAT-1,Satellite,600048.164031137,156.644733012052,12.3304541821761,41.7807254017102,89.2289463904609,188.391482363219,1.50301748435342
140,5,SAT-1,Satellite,600039.982999046,155.324296444816,13.6508907494117,45.9566477460533,89.2953170434521,188.391482363219,1.36644346068807
140,6,SAT-1,Satellite,600139.521763894,154.358885977895,14.6163012163327,49.0442486622924,88.7007369245411,188.391482363219,1.28041844865739
141,1,BS1,Terrestrial,140.115347174963,103.639011282161,55.6974491434154,33.994764,NaN,893.334270320412,8.75952808811392
141,2,BS1,Terrestrial,565.376556244471,98.2348074820342,61.1016529435416,33.994764,NaN,893.334270320412,8.75952808811392
141,3,BS1,Terrestrial,158.603762337124,105.168175689149,54.1682847364268,33.994764,NaN,893.334270320412,8.75952808811392
141,4,BS2,Terrestrial,1289.96390375941,144.981448258661,14.3550121669145,88.5064110083793,NaN,893.334270320412,10.0934413693019
141,5,SAT-1,Satellite,600039.982999046,154.537364867058,14.4378223271705,72.7073247689962,89.2953170434521,188.391482363219,1.29554678955505
141,6,SAT-1,Satellite,600139.521763894,155.859723162859,13.1154640313694,66.3841148352137,88.7007369245411,188.391482363219,1.41895002163443
142,1,BS2,Terrestrial,295.272687326099,112.407993499007,46.9284669265689,33.994764,NaN,893.334270320412,8.75952808811392
142,2,BS2,Terrestrial,144.900842099444,119.854275282291,39.4821851432846,33.994764,NaN,893.334270320412,8.75952808811392
142,3,BS1,Terrestrial,158.603762337124,114.323706115831,45.0127543097447,101.984292,NaN,893.334270320412,8.75952808811392
142,4,SAT-1,Satellite,600048.164031137,152.251841385743,16.7233458084854,83.3205,89.2289463904609,188.391482363219,1.1305229947205
142,5,BS2,Terrestrial,2067.2298489109,138.531017588947,20.8054428366284,33.994764,NaN,893.334270320412,8.75952808811392
142,6,SAT-1,Satellite,600139.521763894,154.311210774321,14.6639764199068,73.7960431066544,88.7007369245411,188.391482363219,1.27643349448252
143,1,BS1,Terrestrial,140.115347174963,104.529671609361,54.8067888162149,50.992146,NaN,893.334270320412,8.75952808811392
143,2,BS2,Terrestrial,144.900842099444,94.771259479137,64.5652009464388,50.992146,NaN,893.334270320412,8.75952808811392
143,3,BS1,Terrestrial,158.603762337124,86.1127654058983,73.2236950196776,50.992146,NaN,893.334270320412,8.75952808811392
143,4,BS2,Terrestrial,1289.96390375941,134.139980473034,25.1964799525423,50.992146,NaN,893.334270320412,8.75952808811392
143,5,SAT-1,Satellite,600039.982999046,155.571842079399,13.4033451148293,67.7539124996811,89.2953170434521,188.391482363219,1.39026275688585
143,6,SAT-1,Satellite,600139.521763894,153.809191588351,15.1659956058772,76.2193628046439,88.7007369245411,188.391482363219,1.23585054657358
144,1,BS1,Terrestrial,140.115347174963,87.5850995568482,71.7513608687276,50.992146,NaN,893.334270320412,8.75952808811392
144,2,BS2,Terrestrial,144.900842099444,125.202618677215,34.1338417483614,101.984292,NaN,893.334270320412,8.75952808811392
144,3,BS1,Terrestrial,158.603762337124,122.841943623634,36.4945168019423,50.992146,NaN,893.334270320412,8.75952808811392
144,4,SAT-1,Satellite,600048.164031137,152.665318877766,16.3098683164623,54.5137572500759,89.2289463904609,188.391482363219,1.1519506993375
144,5,SAT-1,Satellite,600039.982999046,152.450289023103,16.5248981711248,55.2121344234917,89.2953170434521,188.391482363219,1.13737969820309
144,6,SAT-1,Satellite,600139.521763894,155.408840863607,13.5663463306208,45.6875219140959,88.7007369245411,188.391482363219,1.37449260009799
145,1,BS1,Terrestrial,140.115347174963,104.943085735107,54.3933746904692,50.992146,NaN,893.334270320412,8.75952808811392
145,2,BS2,Terrestrial,144.900842099444,112.984418269631,46.3520421559445,101.984292,NaN,893.334270320412,8.75952808811392
145,3,BS1,Terrestrial,158.603762337124,90.8001729675482,68.5362874580277,50.992146,NaN,893.334270320412,8.75952808811392
145,4,SAT-1,Satellite,600048.164031137,153.482174089823,15.4930131044049,51.8682944936583,89.2289463904609,188.391482363219,1.21070417681494
145,5,SAT-1,Satellite,600039.982999046,154.812999660845,14.1621875333833,47.5887163295128,89.2953170434521,188.391482363219,1.31958089293522
145,6,SAT-1,Satellite,600139.521763894,153.466211426093,15.5089757681356,51.9198681049342,88.7007369245411,188.391482363219,1.20950154689957
146,1,BS1,Terrestrial,140.115347174963,110.285500380678,49.0509600448982,50.992146,NaN,893.334270320412,8.75952808811392
146,2,BS2,Terrestrial,144.900842099444,113.083197799571,46.2532626260053,101.984292,NaN,893.334270320412,8.75952808811392
146,3,BS1,Terrestrial,158.603762337124,115.948566749293,43.3878936762832,50.992146,NaN,893.334270320412,8.75952808811392
146,4,SAT-1,Satellite,600048.164031137,155.127038823774,13.8481483704537,46.5854039229226,89.2289463904609,188.391482363219,1.34800077920629
146,5,SAT-1,Satellite,600039.982999046,154.173813905851,14.8013732883772,49.638933760591,89.2953170434521,188.391482363219,1.26507876036602
146,6,SAT-1,Satellite,600139.521763894,153.561432805345,15.4137543888835,51.6122957227587,88.7007369245411,188.391482363219,1.21670931138312
147,1,BS1,Terrestrial,140.115347174963,107.251934445594,52.0845259799817,101.984292,NaN,893.334270320412,8.75952808811392
147,2,BS2,Terrestrial,144.900842099444,88.748549602385,70.5879108231908,33.994764,NaN,893.334270320412,8.75952808811392
147,3,BS2,Terrestrial,577.768536433813,121.498563304911,37.8378971206644,33.994764,NaN,893.334270320412,8.75952808811392
147,4,BS2,Terrestrial,1289.96390375941,134.476202390334,24.8602580352419,33.994764,NaN,893.334270320412,8.75952808811392
147,5,SAT-1,Satellite,600039.982999046,153.990574147743,14.9846130464854,75.3427978561553,89.2953170434521,188.391482363219,1.25022887206084
147,6,SAT-1,Satellite,600139.521763894,156.103107111984,12.8720800822442,65.229325358313,88.7007369245411,188.391482363219,1.4440704493597
148,1,BS2,Terrestrial,295.272687326099,94.4377267151439,64.898733710432,50.992146,NaN,893.334270320412,8.75952808811392
148,2,BS2,Terrestrial,144.900842099444,99.1176352789957,60.2188251465801,50.992146,NaN,893.334270320412,8.75952808811392
148,3,BS1,Terrestrial,158.603762337124,114.476769380721,44.8596910448546,101.984292,NaN,893.334270320412,8.75952808811392
148,4,SAT-1,Satellite,600048.164031137,155.801577997485,13.1736091967433,44.4402997489901,89.2289463904609,188.391482363219,1.4130678942859
148,5,SAT-1,Satellite,600039.982999046,154.189735462064,14.7854517321639,49.5877412142978,89.2953170434521,188.391482363219,1.26638478079403
148,6,SAT-1,Satellite,600139.521763894,153.533039636809,15.4421475574189,51.703988304507,88.7007369245411,188.391482363219,1.21455158193793
149,1,BS1,Terrestrial,140.115347174963,128.3919842671,30.9444761584759,33.994764,NaN,893.334270320412,8.75952808811392
149,2,BS2,Terrestrial,144.900842099444,102.563416895456,56.77304353012,101.984292,NaN,893.334270320412,8.75952808811392
149,3,BS1,Terrestrial,158.603762337124,111.28843829799,48.0480221275857,33.994764,NaN,893.334270320412,8.75952808811392
149,4,BS1,Terrestrial,1684.50527938871,143.870085850785,15.4663745747904,31.6907308378354,NaN,893.334270320412,9.39637812805782
149,5,SAT-1,Satellite,600039.982999046,156.085405742114,12.8897814521137,65.3132084038193,89.2953170434521,188.391482363219,1.44221580111659
149,6,SAT-1,Satellite,600139.521763894,152.472906082229,16.5022811119994,82.7079634860569,88.7007369245411,188.391482363219,1.13889566628598
150,1,BS1,Terrestrial,140.115347174963,112.267435672426,47.0690247531497,50.992146,NaN,893.334270320412,8.75952808811392
150,2,BS2,Terrestrial,144.900842099444,87.3158018034688,72.0206586221071,101.984292,NaN,893.334270320412,8.75952808811392
150,3,BS1,Terrestrial,158.603762337124,108.532692121574,50.8037683040014,50.992146,NaN,893.334270320412,8.75952808811392
150,4,SAT-1,Satellite,600048.164031137,153.792906362777,15.1822808314506,50.8654118394138,89.2289463904609,188.391482363219,1.23457490103482
150,5,SAT-1,Satellite,600039.982999046,154.884226638216,14.0909605560119,47.3609139992826,89.2953170434521,188.391482363219,1.32592797488433
150,6,SAT-1,Satellite,600139.521763894,156.760264375136,12.2149228190921,41.4184084763785,88.7007369245411,188.391482363219,1.5161654708088
151,1,BS1,Terrestrial,140.115347174963,95.1229179209519,64.2135425046239,50.992146,NaN,893.334270320412,8.75952808811392
151,2,BS2,Terrestrial,144.900842099444,119.525171154857,39.811289270719,101.984292,NaN,893.334270320412,8.75952808811392
151,3,BS1,Terrestrial,158.603762337124,100.204376554573,59.1320838710025,50.992146,NaN,893.334270320412,8.75952808811392
151,4,SAT-1,Satellite,600048.164031137,153.335382614974,15.6398045792539,52.3427554197295,89.2289463904609,188.391482363219,1.19972974835156
151,5,SAT-1,Satellite,600039.982999046,151.645351480947,17.3298357132814,55.547,89.2953170434521,188.391482363219,1.1305229947205
151,6,SAT-1,Satellite,600139.521763894,154.182718315025,14.7924688792035,49.6103026899618,88.7007369245411,188.391482363219,1.26580886192509
152,1,BS1,Terrestrial,140.115347174963,106.99347378514,52.3429866404358,50.992146,NaN,893.334270320412,8.75952808811392
152,2,BS2,Terrestrial,144.900842099444,85.6239197510418,73.7125406745341,50.992146,NaN,893.334270320412,8.75952808811392
152,3,BS1,Terrestrial,158.603762337124,100.553466578278,58.7829938472975,50.992146,NaN,893.334270320412,8.75952808811392
152,4,BS2,Terrestrial,1289.96390375941,144.077140321525,15.2593201040509,46.9225266049862,NaN,893.334270320412,9.51924730994219
152,5,SAT-1,Satellite,600039.982999046,153.02903452658,15.9461526676482,80.0014414133179,89.2953170434521,188.391482363219,1.17742555030925
152,6,SAT-1,Satellite,600139.521763894,155.785509888766,13.1896773054623,66.7368433527759,88.7007369245411,188.391482363219,1.41145035409726
153,1,BS1,Terrestrial,140.115347174963,84.4021195270797,74.9343408984962,50.992146,NaN,893.334270320412,8.75952808811392
153,2,BS2,Terrestrial,144.900842099444,107.397892438854,51.9385679867223,50.992146,NaN,893.334270320412,8.75952808811392
153,3,BS1,Terrestrial,158.603762337124,117.483583889518,41.8528765360583,50.992146,NaN,893.334270320412,8.75952808811392
153,4,BS2,Terrestrial,1289.96390375941,138.492171411011,20.8442890145645,50.992146,NaN,893.334270320412,8.75952808811392
153,5,SAT-1,Satellite,600039.982999046,154.699388681791,14.2757985124373,71.928537763467,89.2953170434521,188.391482363219,1.30957397592826
153,6,SAT-1,Satellite,600139.521763894,156.59933796085,12.3758492333781,62.884852432597,88.7007369245411,188.391482363219,1.49790828057636
154,1,BS1,Terrestrial,140.115347174963,116.53035356753,42.8061068580458,33.994764,NaN,893.334270320412,8.75952808811392
154,2,BS2,Terrestrial,144.900842099444,119.721794093899,39.6146663316767,101.984292,NaN,893.334270320412,8.75952808811392
154,3,BS1,Terrestrial,158.603762337124,110.825324816225,48.5111356093505,33.994764,NaN,893.334270320412,8.75952808811392
154,4,BS1,Terrestrial,1684.50527938871,118.061453270343,41.2750071552334,33.994764,NaN,893.334270320412,8.75952808811392
154,5,SAT-1,Satellite,600039.982999046,153.670047714293,15.305139479935,76.8925371814304,89.2953170434521,188.391482363219,1.2250309930514
154,6,SAT-1,Satellite,600139.521763894,156.346862009523,12.6283251847047,64.0759559520566,88.7007369245411,188.391482363219,1.47006376700941
155,1,BS1,Terrestrial,140.115347174963,114.111934205605,45.224526219971,50.992146,NaN,893.334270320412,8.75952808811392
155,2,BS2,Terrestrial,144.900842099444,114.978231327388,44.3582290981876,50.992146,NaN,893.334270320412,8.75952808811392
155,3,BS1,Terrestrial,158.603762337124,89.9558480818258,69.38061234375,50.992146,NaN,893.334270320412,8.75952808811392
155,4,BS2,Terrestrial,1289.96390375941,145.840760558644,13.4956998669317,41.7348557200748,NaN,893.334270320412,10.7024962097894
155,5,SAT-1,Satellite,600039.982999046,155.9698879949,13.0052991993285,65.8610303408054,89.2953170434521,188.391482363219,1.4302196715445
155,6,SAT-1,Satellite,600139.521763894,153.844341529726,15.1308456645025,76.0494083153449,88.7007369245411,188.391482363219,1.23861241353804
156,1,BS1,Terrestrial,140.115347174963,87.8345513896342,71.5019090359417,33.994764,NaN,893.334270320412,8.75952808811392
156,2,BS2,Terrestrial,144.900842099444,84.0604459395819,75.2760144859939,101.984292,NaN,893.334270320412,8.75952808811392
156,3,BS1,Terrestrial,158.603762337124,99.4256071415939,59.910853283982,33.994764,NaN,893.334270320412,8.75952808811392
156,4,SAT-1,Satellite,600048.164031137,153.805125294623,15.1700618996053,76.23902648627,89.2289463904609,188.391482363219,1.23553179418645
156,5,BS1,Terrestrial,2496.53115061175,119.59341044506,39.743049980516,33.994764,NaN,893.334270320412,8.75952808811392
156,6,SAT-1,Satellite,600139.521763894,154.229226630996,14.7459605632324,74.1911871487154,88.7007369245411,188.391482363219,1.26963517907855
157,1,BS1,Terrestrial,140.115347174963,108.761094705222,50.5753657203541,33.994764,NaN,893.334270320412,8.75952808811392
157,2,BS2,Terrestrial,144.900842099444,94.5978751188508,64.7385853067251,101.984292,NaN,893.334270320412,8.75952808811392
157,3,BS1,Terrestrial,158.603762337124,84.8808421916054,74.4556182339705,33.994764,NaN,893.334270320412,8.75952808811392
157,4,BS1,Terrestrial,1684.50527938871,141.368112421106,17.9683480044697,33.994764,NaN,893.334270320412,8.75952808811392
157,5,SAT-1,Satellite,600039.982999046,154.263942701638,14.7112444925904,74.023834161203,89.2953170434521,188.391482363219,1.27250556863182
157,6,SAT-1,Satellite,600139.521763894,156.37436355419,12.6008236400385,63.9460345254431,88.7007369245411,188.391482363219,1.47305054771036
158,1,BS1,Terrestrial,140.115347174963,80.4493836625608,78.8870767630151,101.984292,NaN,893.334270320412,8.75952808811392
158,2,BS2,Terrestrial,144.900842099444,111.699014856545,47.6374455690308,33.994764,NaN,893.334270320412,8.75952808811392
158,3,BS2,Terrestrial,577.768536433813,95.2029272957562,64.1335331298197,33.994764,NaN,893.334270320412,8.75952808811392
158,4,BS2,Terrestrial,1289.96390375941,142.975625410152,16.3608350154236,33.46368117963,NaN,893.334270320412,8.89854551590898
158,5,SAT-1,Satellite,600039.982999046,154.641936302394,14.333250891834,72.2045717482663,89.2953170434521,188.391482363219,1.3045675488529
158,6,SAT-1,Satellite,600139.521763894,155.94827804114,13.0269091530879,65.9635893053574,88.7007369245411,188.391482363219,1.42799599254007
159,1,BS1,Terrestrial,140.115347174963,101.610821154072,57.7256392715036,33.994764,NaN,893.334270320412,8.75952808811392
159,2,BS2,Terrestrial,144.900842099444,107.444782374182,51.8916780513937,50.992146,NaN,893.334270320412,8.75952808811392
159,3,BS1,Terrestrial,158.603762337124,86.9147878716932,72.4216725538826,33.994764,NaN,893.334270320412,8.75952808811392
159,4,BS1,Terrestrial,1684.50527938871,138.890309326935,20.4461510986407,33.994764,NaN,893.334270320412,8.75952808811392
159,5,BS2,Terrestrial,2067.2298489109,144.568401744566,14.7680586810099,45.4702146807913,NaN,893.334270320412,9.82329065952044
159,6,SAT-1,Satellite,600139.521763894,154.904188564596,14.0709986296322,141.891286911826,88.7007369245411,188.391482363219,1.32771706045832
160,1,BS1,Terrestrial,140.115347174963,103.879457509295,55.4570029162808,33.994764,NaN,893.334270320412,8.75952808811392
160,2,BS2,Terrestrial,144.900842099444,119.805584509652,39.5308759159234,101.984292,NaN,893.334270320412,8.75952808811392
160,3,BS1,Terrestrial,158.603762337124,132.9472578968,26.3892025287755,33.994764,NaN,893.334270320412,8.75952808811392
160,4,BS1,Terrestrial,1684.50527938871,146.565510497897,12.7709499276786,26.4181691584955,NaN,893.334270320412,11.2717156257229
160,5,SAT-1,Satellite,600039.982999046,160.144602446089,8.83058474813933,46.6639326556486,89.2953170434521,188.391482363219,2.01859842968479
160,6,SAT-1,Satellite,600139.521763894,152.843183945449,16.1320032487792,80.9050196329819,88.7007369245411,188.391482363219,1.16427561119099
161,1,BS1,Terrestrial,140.115347174963,107.902134219987,51.4343262055891,50.992146,NaN,893.334270320412,8.75952808811392
161,2,BS2,Terrestrial,144.900842099444,119.597211030185,39.7392493953913,50.992146,NaN,893.334270320412,8.75952808811392
161,3,BS1,Terrestrial,158.603762337124,104.022542980698,55.3139174448776,50.992146,NaN,893.334270320412,8.75952808811392
161,4,BS2,Terrestrial,1289.96390375941,143.55033013019,15.7861302953855,48.4852120803687,NaN,893.334270320412,9.21244057713544
161,5,SAT-1,Satellite,600039.982999046,153.667778307555,15.3074088866728,76.903521682804,89.2953170434521,188.391482363219,1.22485601595891
161,6,SAT-1,Satellite,600139.521763894,156.240818684467,12.7343685097615,64.5773172147503,88.7007369245411,188.391482363219,1.4586505795582
162,1,BS1,Terrestrial,140.115347174963,120.902208864958,38.4342515606183,50.992146,NaN,893.334270320412,8.75952808811392
162,2,BS2,Terrestrial,144.900842099444,104.879507299502,54.456953126074,101.984292,NaN,893.334270320412,8.75952808811392
162,3,BS1,Terrestrial,158.603762337124,113.86494216089,45.4715182646857,50.992146,NaN,893.334270320412,8.75952808811392
162,4,SAT-1,Satellite,600048.164031137,153.985172468438,14.9900147257902,50.2459242898504,89.2289463904609,188.391482363219,1.24979611133205
162,5,SAT-1,Satellite,600039.982999046,158.162206202125,10.8129809921036,37.0693204166341,89.2953170434521,188.391482363219,1.69404672332651
162,6,SAT-1,Satellite,600139.521763894,155.196407287399,13.7787799068293,46.3641613415604,88.7007369245411,188.391482363219,1.35443322969047
163,1,BS1,Terrestrial,140.115347174963,108.965672098119,50.3707883274569,50.992146,NaN,893.334270320412,8.75952808811392
163,2,BS2,Terrestrial,144.900842099444,124.876202801519,34.4602576240564,101.984292,NaN,893.334270320412,8.75952808811392
163,3,BS1,Terrestrial,158.603762337124,87.2228664530267,72.1135939725492,50.992146,NaN,893.334270320412,8.75952808811392
163,4,SAT-1,Satellite,600048.164031137,152.816331784608,16.1588554096196,54.0237652490292,89.2289463904609,188.391482363219,1.16239881648879
163,5,SAT-1,Satellite,600039.982999046,154.679918979166,14.2952682150618,48.0147111108203,89.2953170434521,188.391482363219,1.30787334412573
163,6,SAT-1,Satellite,600139.521763894,152.404294313129,16.5708928810993,55.3616157609673,88.7007369245411,188.391482363219,1.13430867081041
164,1,BS1,Terrestrial,140.115347174963,105.553824011364,53.7826364142117,50.992146,NaN,893.334270320412,8.75952808811392
164,2,BS2,Terrestrial,144.900842099444,90.8874989897974,68.4489614357785,50.992146,NaN,893.334270320412,8.75952808811392
164,3,BS1,Terrestrial,158.603762337124,122.053345254298,37.2831151712774,50.992146,NaN,893.334270320412,8.75952808811392
164,4,BS2,Terrestrial,1289.96390375941,138.79164869789,20.5448117276863,50.992146,NaN,893.334270320412,8.75952808811392
164,5,SAT-1,Satellite,600039.982999046,154.059904979995,14.9152822142333,75.0080386292387,89.2953170434521,188.391482363219,1.25580861602334
164,6,SAT-1,Satellite,600139.521763894,152.34197688477,16.6332103094586,83.3205,88.7007369245411,188.391482363219,1.1305229947205
165,1,BS1,Terrestrial,140.115347174963,119.369221503134,39.9672389224418,33.994764,NaN,893.334270320412,8.75952808811392
165,2,BS2,Terrestrial,144.900842099444,122.935610931715,36.4008494938604,101.984292,NaN,893.334270320412,8.75952808811392
165,3,BS1,Terrestrial,158.603762337124,110.305357189625,49.0311032359513,33.994764,NaN,893.334270320412,8.75952808811392
165,4,BS1,Terrestrial,1684.50527938871,141.745651849558,17.5908085760181,33.994764,NaN,893.334270320412,8.75952808811392
165,5,SAT-1,Satellite,600039.982999046,153.870805055913,15.1043821383148,75.9214807624103,89.2953170434521,188.391482363219,1.24069947313576
165,6,SAT-1,Satellite,600139.521763894,153.476366397965,15.4988207962633,77.8305868592174,88.7007369245411,188.391482363219,1.2102663616297
166,1,BS1,Terrestrial,140.115347174963,118.900374188375,40.4360862372008,101.984292,NaN,893.334270320412,8.75952808811392
166,2,BS2,Terrestrial,144.900842099444,111.676818980291,47.6596414452851,33.994764,NaN,893.334270320412,8.75952808811392
166,3,BS2,Terrestrial,577.768536433813,96.0436223050034,63.2928381205724,33.994764,NaN,893.334270320412,8.75952808811392
166,4,BS2,Terrestrial,1289.96390375941,141.161367604972,18.1750928206035,33.994764,NaN,893.334270320412,8.75952808811392
166,5,SAT-1,Satellite,600039.982999046,153.979384262788,14.9958029314406,75.3968429324104,89.2953170434521,188.391482363219,1.24933269773711
166,6,SAT-1,Satellite,600139.521763894,152.76631357963,16.208873614598,81.2790232631882,88.7007369245411,188.391482363219,1.15891822268331
167,1,BS1,Terrestrial,140.115347174963,104.881369696874,54.4550907287014,50.992146,NaN,893.334270320412,8.75952808811392
167,2,BS2,Terrestrial,144.900842099444,115.176976098103,44.1594843274733,50.992146,NaN,893.334270320412,8.75952808811392
167,3,BS1,Terrestrial,158.603762337124,112.497449793073,46.8390106325027,50.992146,NaN,893.334270320412,8.75952808811392
167,4,BS2,Terrestrial,1289.96390375941,144.257244832165,15.0792155934113,46.3895049012895,NaN,893.334270320412,9.6286247527464
167,5,SAT-1,Satellite,600039.982999046,151.94867078366,17.0265164105679,83.3205,89.2953170434521,188.391482363219,1.1305229947205
167,6,SAT-1,Satellite,600139.521763894,152.820321268473,16.1548659257553,81.0162389414349,88.7007369245411,188.391482363219,1.16267729053309
168,1,BS1,Terrestrial,140.115347174963,107.016436298004,52.3200241275716,50.992146,NaN,893.334270320412,8.75952808811392
168,2,BS2,Terrestrial,144.900842099444,111.642563654488,47.693896771088,50.992146,NaN,893.334270320412,8.75952808811392
168,3,BS1,Terrestrial,158.603762337124,107.806814926069,51.529645499507,50.992146,NaN,893.334270320412,8.75952808811392
168,4,BS2,Terrestrial,1289.96390375941,136.748686243375,22.5877741822009,50.992146,NaN,893.334270320412,8.75952808811392
168,5,SAT-1,Satellite,600039.982999046,153.698284342456,15.2769028517721,76.7558785446715,89.2953170434521,188.391482363219,1.2272120776624
168,6,SAT-1,Satellite,600139.521763894,156.18325178621,12.791935408018,64.8497475923161,88.7007369245411,188.391482363219,1.45252286522038
169,1,BS2,Terrestrial,295.272687326099,90.9619062954032,68.3745541301727,50.992146,NaN,893.334270320412,8.75952808811392
169,2,BS2,Terrestrial,144.900842099444,88.1281467552797,71.2083136702961,50.992146,NaN,893.334270320412,8.75952808811392
169,3,BS1,Terrestrial,158.603762337124,84.1495711945027,75.1868892310732,101.984292,NaN,893.334270320412,8.75952808811392
169,4,SAT-1,Satellite,600048.164031137,152.270830314323,16.7043568799049,55.547,89.2289463904609,188.391482363219,1.1305229947205
169,5,SAT-1,Satellite,600039.982999046,156.88988332019,12.085303874038,41.0125616874444,89.2953170434521,188.391482363219,1.53116894443988
169,6,SAT-1,Satellite,600139.521763894,154.241192459053,14.7339947351755,49.4223330129066,88.7007369245411,188.391482363219,1.27062315676883
170,1,BS1,Terrestrial,140.115347174963,88.0762669699614,71.2601934556145,50.992146,NaN,893.334270320412,8.75952808811392
170,2,BS2,Terrestrial,144.900842099444,104.329751328936,55.0067090966395,101.984292,NaN,893.334270320412,8.75952808811392
170,3,BS1,Terrestrial,158.603762337124,102.14418357187,57.1922768537054,50.992146,NaN,893.334270320412,8.75952808811392
170,4,SAT-1,Satellite,600048.164031137,154.875690243974,14.0994969502541,47.3882082501744,89.2289463904609,188.391482363219,1.32516427834151
170,5,SAT-1,Satellite,600039.982999046,157.672250965402,11.3029362288266,38.5785683198495,89.2953170434521,188.391482363219,1.62777323064705
170,6,SAT-1,Satellite,600139.521763894,151.793247372224,17.1819398220038,55.547,88.7007369245411,188.391482363219,1.1305229947205
171,1,BS2,Terrestrial,295.272687326099,113.838368841087,45.4980915844884,50.992146,NaN,893.334270320412,8.75952808811392
171,2,BS2,Terrestrial,144.900842099444,103.66995342543,55.6665070001463,50.992146,NaN,893.334270320412,8.75952808811392
171,3,BS1,Terrestrial,158.603762337124,107.681881904837,51.6545785207387,101.984292,NaN,893.334270320412,8.75952808811392
171,4,SAT-1,Satellite,600048.164031137,151.753910641976,17.221276552252,55.547,89.2289463904609,188.391482363219,1.1305229947205
171,5,SAT-1,Satellite,600039.982999046,155.624198564134,13.3509886300937,45.0029912633312,89.2953170434521,188.391482363219,1.39539970621702
171,6,SAT-1,Satellite,600139.521763894,152.774010855002,16.2011763392262,54.1610440445638,88.7007369245411,188.391482363219,1.15945255294691
172,1,BS1,Terrestrial,140.115347174963,99.5609923167729,59.775468108803,50.992146,NaN,893.334270320412,8.75952808811392
172,2,BS2,Terrestrial,144.900842099444,106.626907128381,52.7095532971944,101.984292,NaN,893.334270320412,8.75952808811392
172,3,BS1,Terrestrial,158.603762337124,118.822129377107,40.514331048469,50.992146,NaN,893.334270320412,8.75952808811392
172,4,SAT-1,Satellite,600048.164031137,158.161151237725,10.8140359565029,37.0725565948765,89.2289463904609,188.391482363219,1.69389884474323
172,5,SAT-1,Satellite,600039.982999046,155.01849668034,13.9566905138877,46.9318664413504,89.2953170434521,188.391482363219,1.33804950770955
172,6,SAT-1,Satellite,600139.521763894,155.671944849585,13.3032423446429,44.8514266538969,88.7007369245411,188.391482363219,1.40011512392513
173,1,BS1,Terrestrial,140.115347174963,113.764159968905,45.5723004566705,50.992146,NaN,893.334270320412,8.75952808811392
173,2,BS2,Terrestrial,144.900842099444,82.2675785594739,77.068881866102,101.984292,NaN,893.334270320412,8.75952808811392
173,3,BS1,Terrestrial,158.603762337124,109.610164357973,49.7262960676028,50.992146,NaN,893.334270320412,8.75952808811392
173,4,SAT-1,Satellite,600048.164031137,151.959949937039,17.0152372571892,55.547,89.2289463904609,188.391482363219,1.1305229947205
173,5,SAT-1,Satellite,600039.982999046,155.294432349478,13.6807548447502,46.0517645703278,89.2953170434521,188.391482363219,1.36362116356777
173,6,SAT-1,Satellite,600139.521763894,154.825763573577,14.149423620651,47.5478838167521,88.7007369245411,188.391482363219,1.32071410432813
174,1,BS2,Terrestrial,295.272687326099,116.964885965482,42.3715744600943,25.496073,NaN,893.334270320412,8.75952808811392
174,2,BS2,Terrestrial,144.900842099444,79.7497785819025,79.5866818436734,25.496073,NaN,893.334270320412,8.75952808811392
174,3,BS2,Terrestrial,577.768536433813,89.7596795008346,69.5767809247413,25.496073,NaN,893.334270320412,8.75952808811392
174,4,BS2,Terrestrial,1289.96390375941,113.790432533648,45.5460278919283,25.496073,NaN,893.334270320412,8.75952808811392
174,5,BS1,Terrestrial,2496.53115061175,123.88522096388,35.4512394616959,101.984292,NaN,893.334270320412,8.75952808811392
174,6,SAT-1,Satellite,600139.521763894,155.821832594363,13.1533545998651,133.128340573052,88.7007369245411,188.391482363219,1.41511177524099
175,1,BS1,Terrestrial,140.115347174963,105.473624443236,53.8628359823398,33.994764,NaN,893.334270320412,8.75952808811392
175,2,BS2,Terrestrial,144.900842099444,80.7302296075091,78.6062308180667,101.984292,NaN,893.334270320412,8.75952808811392
175,3,BS1,Terrestrial,158.603762337124,113.104427722393,46.232032703183,33.994764,NaN,893.334270320412,8.75952808811392
175,4,BS1,Terrestrial,1684.50527938871,144.107763844784,15.228696580792,31.2212333582976,NaN,893.334270320412,9.53767862689716
175,5,SAT-1,Satellite,600039.982999046,153.922002093056,15.0531851011725,75.6740551184322,89.2953170434521,188.391482363219,1.24475609288005
175,6,SAT-1,Satellite,600139.521763894,155.343839801418,13.6313473928105,68.8416254930273,88.7007369245411,188.391482363219,1.368296296129
176,1,BS1,Terrestrial,140.115347174963,82.6672677457512,76.6691926798247,50.992146,NaN,893.334270320412,8.75952808811392
176,2,BS2,Terrestrial,144.900842099444,116.522372819287,42.814087606289,101.984292,NaN,893.334270320412,8.75952808811392
176,3,BS1,Terrestrial,158.603762337124,109.227530522419,50.1089299031567,50.992146,NaN,893.334270320412,8.75952808811392
176,4,SAT-1,Satellite,600048.164031137,152.83800770934,16.1371794848883,53.9534660536555,89.2289463904609,188.391482363219,1.16391337537591
176,5,SAT-1,Satellite,600039.982999046,155.021336583469,13.9538506107596,46.9227972751671,89.2953170434521,188.391482363219,1.33830812386314
176,6,SAT-1,Satellite,600139.521763894,153.839104610992,15.1360825832359,50.7164846020218,88.7007369245411,188.391482363219,1.23820018837102
177,1,BS1,Terrestrial,140.115347174963,112.458906844117,46.8775535814586,50.992146,NaN,893.334270320412,8.75952808811392
177,2,BS2,Terrestrial,144.900842099444,110.40166079429,48.9347996312854,50.992146,NaN,893.334270320412,8.75952808811392
177,3,BS1,Terrestrial,158.603762337124,119.971330008751,39.3651304168251,50.992146,NaN,893.334270320412,8.75952808811392
177,4,BS2,Terrestrial,1289.96390375941,138.620296710446,20.7161637151303,50.992146,NaN,893.334270320412,8.75952808811392
177,5,SAT-1,Satellite,600039.982999046,151.909312114668,17.06587507956,83.3205,89.2953170434521,188.391482363219,1.1305229947205
177,6,SAT-1,Satellite,600139.521763894,154.202308009809,14.7728791844193,74.3209814863684,88.7007369245411,188.391482363219,1.26741788520226
178,1,BS1,Terrestrial,140.115347174963,107.680003185653,51.6564572399231,33.994764,NaN,893.334270320412,8.75952808811392
178,2,BS2,Terrestrial,144.900842099444,112.84245143155,46.4940089940255,101.984292,NaN,893.334270320412,8.75952808811392
178,3,BS1,Terrestrial,158.603762337124,123.252649152779,36.0838112727965,33.994764,NaN,893.334270320412,8.75952808811392
178,4,BS1,Terrestrial,1684.50527938871,143.678680315677,15.657780109899,32.0693420393784,NaN,893.334270320412,9.28544432689508
178,5,SAT-1,Satellite,600039.982999046,151.803555872072,17.1716313221558,83.3205,89.2953170434521,188.391482363219,1.1305229947205
178,6,SAT-1,Satellite,600139.521763894,153.633140959498,15.3420462347304,77.0711955287962,88.7007369245411,188.391482363219,1.2221912549211
179,1,BS1,Terrestrial,140.115347174963,113.452472670567,45.8839877550089,50.992146,NaN,893.334270320412,8.75952808811392
179,2,BS2,Terrestrial,144.900842099444,115.368120523456,43.9683399021195,50.992146,NaN,893.334270320412,8.75952808811392
179,3,BS1,Terrestrial,158.603762337124,121.077895123329,38.2585653022466,50.992146,NaN,893.334270320412,8.75952808811392
179,4,BS2,Terrestrial,1289.96390375941,141.736406942929,17.6000534826466,50.992146,NaN,893.334270320412,8.75952808811392
179,5,SAT-1,Satellite,600039.982999046,154.103753915239,14.8714332789888,74.7964030179917,89.2953170434521,188.391482363219,1.25936191288438
179,6,SAT-1,Satellite,600139.521763894,154.690807918936,14.2843792752924,71.9697563269966,88.7007369245411,188.391482363219,1.30882395590765
180,1,BS1,Terrestrial,140.115347174963,110.09271862415,49.2437418014259,50.992146,NaN,893.334270320412,8.75952808811392
180,2,BS2,Terrestrial,144.900842099444,101.948404404213,57.3880560213625,101.984292,NaN,893.334270320412,8.75952808811392
180,3,BS1,Terrestrial,158.603762337124,115.213730369959,44.1227300556164,50.992146,NaN,893.334270320412,8.75952808811392
180,4,SAT-1,Satellite,600048.164031137,154.748083355605,14.2271038386235,47.7964557824629,89.2289463904609,188.391482363219,1.31384555109169
180,5,SAT-1,Satellite,600039.982999046,154.069416209912,14.9057709843164,49.9747515085003,89.2953170434521,188.391482363219,1.25657774960738
180,6,SAT-1,Satellite,600139.521763894,154.826187720877,14.1489994733511,47.5465270206572,88.7007369245411,188.391482363219,1.32075179245913
181,1,BS1,Terrestrial,140.115347174963,99.0101771477232,60.3262832778527,50.992146,NaN,893.334270320412,8.75952808811392
181,2,BS2,Terrestrial,144.900842099444,94.047537154501,65.2889232710749,50.992146,NaN,893.334270320412,8.75952808811392
181,3,BS1,Terrestrial,158.603762337124,80.9463634276281,78.3900969979477,50.992146,NaN,893.334270320412,8.75952808811392
181,4,BS2,Terrestrial,1289.96390375941,134.044670125828,25.2917902997482,50.992146,NaN,893.334270320412,8.75952808811392
181,5,SAT-1,Satellite,600039.982999046,155.732013920889,13.2431732733392,66.9912759804668,89.2953170434521,188.391482363219,1.40608967067704
181,6,SAT-1,Satellite,600139.521763894,156.020605471509,12.9545817227192,65.6204253303767,88.7007369245411,188.391482363219,1.43546374025108
182,1,BS1,Terrestrial,140.115347174963,95.102782632698,64.2336777928779,50.992146,NaN,893.334270320412,8.75952808811392
182,2,BS2,Terrestrial,144.900842099444,104.496534224736,54.8399262008402,101.984292,NaN,893.334270320412,8.75952808811392
182,3,BS1,Terrestrial,158.603762337124,110.473655714925,48.8628047106509,50.992146,NaN,893.334270320412,8.75952808811392
182,4,SAT-1,Satellite,600048.164031137,153.357713336654,15.6174738575741,52.2705500012246,89.2289463904609,188.391482363219,1.20138702933618
182,5,SAT-1,Satellite,600039.982999046,154.65853000311,14.3166571911181,48.0832218268234,89.2953170434521,188.391482363219,1.30600983881467
182,6,SAT-1,Satellite,600139.521763894,154.586426382204,14.3887608120236,48.3142642911013,88.7007369245411,188.391482363219,1.29976440103437
183,1,BS2,Terrestrial,295.272687326099,116.874231500694,42.4622289248815,50.992146,NaN,893.334270320412,8.75952808811392
183,2,BS2,Terrestrial,144.900842099444,121.699675433509,37.6367849920665,50.992146,NaN,893.334270320412,8.75952808811392
183,3,BS1,Terrestrial,158.603762337124,115.091218827721,44.2452415978553,101.984292,NaN,893.334270320412,8.75952808811392
183,4,SAT-1,Satellite,600048.164031137,153.544121642418,15.4310655518096,51.6681982127126,89.2289463904609,188.391482363219,1.21539289079155
183,5,SAT-1,Satellite,600039.982999046,153.223238503662,15.751948690566,52.7055167153801,89.2953170434521,188.391482363219,1.19147225378429
183,6,SAT-1,Satellite,600139.521763894,157.959514663364,11.015672530864,37.6921818981798,88.7007369245411,188.391482363219,1.6660526832163
184,1,BS1,Terrestrial,140.115347174963,83.8461486158804,75.4903118096955,50.992146,NaN,893.334270320412,8.75952808811392
184,2,BS2,Terrestrial,144.900842099444,123.87261942749,35.4638409980854,101.984292,NaN,893.334270320412,8.75952808811392
184,3,BS1,Terrestrial,158.603762337124,125.086369213518,34.2500912120578,50.992146,NaN,893.334270320412,8.75952808811392
184,4,SAT-1,Satellite,600048.164031137,153.926995280911,15.0481919133169,50.4332857957139,89.2289463904609,188.391482363219,1.24515307295477
184,5,SAT-1,Satellite,600039.982999046,155.027038812413,13.9481483818153,46.904588029284,89.2953170434521,188.391482363219,1.33882768032273
184,6,SAT-1,Satellite,600139.521763894,152.745003687595,16.2301835066332,54.2551543519459,88.7007369245411,188.391482363219,1.15744138115215
185,1,BS1,Terrestrial,140.115347174963,87.8130946996148,71.523365725961,50.992146,NaN,893.334270320412,8.75952808811392
185,2,BS2,Terrestrial,144.900842099444,116.247013925372,43.0894465002043,50.992146,NaN,893.334270320412,8.75952808811392
185,3,BS1,Terrestrial,158.603762337124,97.2679394576312,62.0685209679447,50.992146,NaN,893.334270320412,8.75952808811392
185,4,BS2,Terrestrial,1289.96390375941,144.330677489714,15.0057829358615,46.1723694459533,NaN,893.334270320412,9.67390542265866
185,5,SAT-1,Satellite,600039.982999046,154.61578910531,14.3593980889184,72.330240891555,89.2953170434521,188.391482363219,1.30230094661011
185,6,SAT-1,Satellite,600139.521763894,155.35307603669,13.6221111575381,68.7975159658232,88.7007369245411,188.391482363219,1.36917357929614
186,1,BS1,Terrestrial,140.115347174963,112.245652086729,47.0908083388468,33.994764,NaN,893.334270320412,8.75952808811392
186,2,BS2,Terrestrial,144.900842099444,112.902066804125,46.4343936214507,101.984292,NaN,893.334270320412,8.75952808811392
186,3,BS1,Terrestrial,158.603762337124,94.3769727609368,64.9594876646391,33.994764,NaN,893.334270320412,8.75952808811392
186,4,BS1,Terrestrial,1684.50527938871,139.272721147447,20.0637392781294,33.994764,NaN,893.334270320412,8.75952808811392
186,5,SAT-1,Satellite,600039.982999046,154.331860899914,14.6433262943146,73.6965530923596,89.2953170434521,188.391482363219,1.27815667394321
186,6,SAT-1,Satellite,600139.521763894,154.929307152371,14.0458800418574,70.8252106799185,88.7007369245411,188.391482363219,1.32997474031259
187,1,BS1,Terrestrial,140.115347174963,105.417738163148,53.9187222624275,50.992146,NaN,893.334270320412,8.75952808811392
187,2,BS2,Terrestrial,144.900842099444,109.127110450256,50.2093499753203,50.992146,NaN,893.334270320412,8.75952808811392
187,3,BS1,Terrestrial,158.603762337124,101.98632699819,57.3501334273861,50.992146,NaN,893.334270320412,8.75952808811392
187,4,SAT-1,Satellite,600048.164031137,153.65071434552,15.3244728487083,76.9861208214043,89.2289463904609,188.391482363219,1.22354185633185
187,5,BS2,Terrestrial,2067.2298489109,143.321797999419,16.0146624261564,49.1646627750387,NaN,893.334270320412,9.08512557492782
187,6,SAT-1,Satellite,600139.521763894,153.350143875889,15.6250433183394,78.4425366235803,88.7007369245411,188.391482363219,1.20082477232504
188,1,BS1,Terrestrial,140.115347174963,114.492066641589,44.8443937839868,33.994764,NaN,893.334270320412,8.75952808811392
188,2,BS2,Terrestrial,144.900842099444,114.103217018027,45.2332434075491,101.984292,NaN,893.334270320412,8.75952808811392
188,3,BS1,Terrestrial,158.603762337124,83.4303869902588,75.9060734353171,33.994764,NaN,893.334270320412,8.75952808811392
188,4,BS1,Terrestrial,1684.50527938871,138.170208490695,21.1662519348805,33.994764,NaN,893.334270320412,8.75952808811392
188,5,SAT-1,Satellite,600039.982999046,152.965509365286,16.009677828942,80.3101855348851,89.2953170434521,188.391482363219,1.1728990607386
188,6,SAT-1,Satellite,600139.521763894,153.716265516013,15.2589216782155,76.6688672270437,88.7007369245411,188.391482363219,1.22860483777153
189,1,BS1,Terrestrial,140.115347174963,113.594508901296,45.7419515242799,33.994764,NaN,893.334270320412,8.75952808811392
189,2,BS2,Terrestrial,144.900842099444,84.4267341006879,74.9097263248879,101.984292,NaN,893.334270320412,8.75952808811392
189,3,BS1,Terrestrial,158.603762337124,90.6635140394701,68.6729463861057,33.994764,NaN,893.334270320412,8.75952808811392
189,4,BS1,Terrestrial,1684.50527938871,137.261485599439,22.0749748261368,33.994764,NaN,893.334270320412,8.75952808811392
189,5,SAT-1,Satellite,600039.982999046,156.527054654993,12.4481325392355,63.2254848436667,89.2953170434521,188.391482363219,1.48983817861612
189,6,SAT-1,Satellite,600139.521763894,157.973493171585,11.0016940226434,56.4737355876971,88.7007369245411,188.391482363219,1.66795662092043
190,1,BS1,Terrestrial,140.115347174963,115.990418214281,43.346042211295,50.992146,NaN,893.334270320412,8.75952808811392
190,2,BS2,Terrestrial,144.900842099444,109.228033263774,50.1084271618014,101.984292,NaN,893.334270320412,8.75952808811392
190,3,BS1,Terrestrial,158.603762337124,114.460510277636,44.8759501479403,50.992146,NaN,893.334270320412,8.75952808811392
190,4,SAT-1,Satellite,600048.164031137,152.332494870876,16.6426923233523,55.547,89.2289463904609,188.391482363219,1.1305229947205
190,5,SAT-1,Satellite,600039.982999046,156.404958416701,12.5702287775269,42.5343667686235,89.2953170434521,188.391482363219,1.47638640371304
190,6,SAT-1,Satellite,600139.521763894,155.361877234337,13.6133099598912,45.8369917882296,88.7007369245411,188.391482363219,1.37001051635036
191,1,BS1,Terrestrial,140.115347174963,100.487930770307,58.8485296552689,50.992146,NaN,893.334270320412,8.75952808811392
191,2,BS2,Terrestrial,144.900842099444,85.9240415134425,73.4124189121333,50.992146,NaN,893.334270320412,8.75952808811392
191,3,BS1,Terrestrial,158.603762337124,96.78635677178,62.5501036537958,50.992146,NaN,893.334270320412,8.75952808811392
191,4,BS2,Terrestrial,1289.96390375941,143.947364640027,15.3890957855488,47.3069975700169,NaN,893.334270320412,9.4418829793439
191,5,SAT-1,Satellite,600039.982999046,152.937448870762,16.0377383234662,80.4466000245377,89.2953170434521,188.391482363219,1.17091015845142
191,6,SAT-1,Satellite,600139.521763894,156.321005923015,12.6541812712133,64.1981428444258,88.7007369245411,188.391482363219,1.46726582745357
192,1,BS1,Terrestrial,140.115347174963,106.546422976641,52.7900374489345,50.992146,NaN,893.334270320412,8.75952808811392
192,2,BS2,Terrestrial,144.900842099444,111.671057417576,47.6654030079994,101.984292,NaN,893.334270320412,8.75952808811392
192,3,BS1,Terrestrial,158.603762337124,101.937145953381,57.399314472195,50.992146,NaN,893.334270320412,8.75952808811392
192,4,SAT-1,Satellite,600048.164031137,151.974707439787,17.0004797544408,55.547,89.2289463904609,188.391482363219,1.1305229947205
192,5,SAT-1,Satellite,600039.982999046,156.289313429039,12.6858737651889,42.8986410950365,89.2953170434521,188.391482363219,1.46384965082275
192,6,SAT-1,Satellite,600139.521763894,155.690154127509,13.2850330667196,44.793643132855,88.7007369245411,188.391482363219,1.4019212637268
193,1,BS2,Terrestrial,295.272687326099,99.9280250649813,59.4084353605946,50.992146,NaN,893.334270320412,8.75952808811392
193,2,BS2,Terrestrial,144.900842099444,103.154261255419,56.1821991701573,50.992146,NaN,893.334270320412,8.75952808811392
193,3,BS1,Terrestrial,158.603762337124,111.837785410415,47.498675015161,101.984292,NaN,893.334270320412,8.75952808811392
193,4,SAT-1,Satellite,600048.164031137,151.306161621432,17.6690255727966,55.547,89.2289463904609,188.391482363219,1.1305229947205
193,5,SAT-1,Satellite,600039.982999046,151.084712208189,17.8904749860393,55.547,89.2953170434521,188.391482363219,1.1305229947205
193,6,SAT-1,Satellite,600139.521763894,154.320580588254,14.6546066059741,49.1672656275595,88.7007369245411,188.391482363219,1.27721482954586
194,1,BS1,Terrestrial,140.115347174963,116.737512970414,42.5989474551624,50.992146,NaN,893.334270320412,8.75952808811392
194,2,BS2,Terrestrial,144.900842099444,97.8300401204819,61.506420305094,50.992146,NaN,893.334270320412,8.75952808811392
194,3,BS1,Terrestrial,158.603762337124,101.558338632998,57.7781217925776,50.992146,NaN,893.334270320412,8.75952808811392
194,4,BS2,Terrestrial,1289.96390375941,142.368079911597,16.9683805139792,50.992146,NaN,893.334270320412,8.75952808811392
194,5,SAT-1,Satellite,600039.982999046,155.837276190195,13.1379110040332,66.4907737487542,89.2953170434521,188.391482363219,1.41667386121182
194,6,SAT-1,Satellite,600139.521763894,155.327198545798,13.6479886484305,68.9211090369595,88.7007369245411,188.391482363219,1.36671830296718
195,1,BS1,Terrestrial,140.115347174963,103.735415074058,55.6010453515178,50.992146,NaN,893.334270320412,8.75952808811392
195,2,BS2,Terrestrial,144.900842099444,103.246300267331,56.090160158245,101.984292,NaN,893.334270320412,8.75952808811392
195,3,BS1,Terrestrial,158.603762337124,119.566785451392,39.7696749741842,50.992146,NaN,893.334270320412,8.75952808811392
195,4,SAT-1,Satellite,600048.164031137,152.632891240308,16.3422959539197,54.6190265473645,89.2289463904609,188.391482363219,1.14973050157317
195,5,SAT-1,Satellite,600039.982999046,154.532562196508,14.4426249977203,48.4869499818686,89.2953170434521,188.391482363219,1.29513530571055
195,6,SAT-1,Satellite,600139.521763894,156.213411022191,12.7617761720369,43.1379993135432,88.7007369245411,188.391482363219,1.45572724250158
196,1,BS1,Terrestrial,140.115347174963,105.53905022969,53.7974101958858,50.992146,NaN,893.334270320412,8.75952808811392
196,2,BS2,Terrestrial,144.900842099444,108.966975058387,50.3694853671887,101.984292,NaN,893.334270320412,8.75952808811392
196,3,BS1,Terrestrial,158.603762337124,102.519294212439,56.817166213137,50.992146,NaN,893.334270320412,8.75952808811392
196,4,SAT-1,Satellite,600048.164031137,152.017600229017,16.9575869652115,55.547,89.2289463904609,188.391482363219,1.1305229947205
196,5,SAT-1,Satellite,600039.982999046,156.882890060465,12.0922971337635,41.0344402864684,89.2953170434521,188.391482363219,1.53035256114965
196,6,SAT-1,Satellite,600139.521763894,153.025312988005,15.9498742062229,53.3463504742055,88.7007369245411,188.391482363219,1.17715945382438
197,1,BS2,Terrestrial,295.272687326099,125.045831018845,34.2906294067313,25.496073,NaN,893.334270320412,8.75952808811392
197,2,BS2,Terrestrial,144.900842099444,107.815841775685,51.5206186498905,25.496073,NaN,893.334270320412,8.75952808811392
197,3,BS2,Terrestrial,577.768536433813,127.476653591266,31.8598068343103,25.496073,NaN,893.334270320412,8.75952808811392
197,4,SAT-1,Satellite,600048.164031137,154.030585707366,14.9446014868621,75.1495845287173,89.2289463904609,188.391482363219,1.25344327280497
197,5,BS2,Terrestrial,2067.2298489109,140.485435697909,18.8510247276664,25.496073,NaN,893.334270320412,8.75952808811392
197,6,SAT-1,Satellite,600139.521763894,155.904653673098,13.07053352113,66.1707004402649,88.7007369245411,188.391482363219,1.42352643322317
198,1,BS2,Terrestrial,295.272687326099,92.8597775811212,66.4766828444547,50.992146,NaN,893.334270320412,8.75952808811392
198,2,BS2,Terrestrial,144.900842099444,100.91492939426,58.4215310313158,50.992146,NaN,893.334270320412,8.75952808811392
198,3,BS1,Terrestrial,158.603762337124,87.8533995719843,71.4830608535916,101.984292,NaN,893.334270320412,8.75952808811392
198,4,SAT-1,Satellite,600048.164031137,153.791958277941,15.1832289162868,50.8684686282299,89.2289463904609,188.391482363219,1.23450071294046
198,5,SAT-1,Satellite,600039.982999046,156.693987415909,12.2811997783196,41.6261931876526,89.2953170434521,188.391482363219,1.50859725521013
198,6,SAT-1,Satellite,600139.521763894,156.747107161327,12.2280800329007,41.4596434138764,88.7007369245411,188.391482363219,1.51465752275914
199,1,BS1,Terrestrial,140.115347174963,118.702063220575,40.6343972050005,50.992146,NaN,893.334270320412,8.75952808811392
199,2,BS2,Terrestrial,144.900842099444,106.528784031962,52.8076763936137,101.984292,NaN,893.334270320412,8.75952808811392
199,3,BS1,Terrestrial,158.603762337124,106.644898563233,52.6915618623429,50.992146,NaN,893.334270320412,8.75952808811392
199,4,SAT-1,Satellite,600048.164031137,155.569784056871,13.4054031373566,45.1758130566231,89.2289463904609,188.391482363219,1.39006155149947
199,5,SAT-1,Satellite,600039.982999046,155.298125237594,13.6770619566339,46.04000130143,89.2953170434521,188.391482363219,1.36396957021348
199,6,SAT-1,Satellite,600139.521763894,153.829401595779,15.1457855984494,50.7477598887816,88.7007369245411,188.391482363219,1.23743709920133
200,1,BS1,Terrestrial,140.115347174963,108.218017730475,51.1184426951006,50.992146,NaN,893.334270320412,8.75952808811392
200,2,BS2,Terrestrial,144.900842099444,109.057314505143,50.279145920433,101.984292,NaN,893.334270320412,8.75952808811392
200,3,BS1,Terrestrial,158.603762337124,119.58471494593,39.7517454796457,50.992146,NaN,893.334270320412,8.75952808811392
200,4,SAT-1,Satellite,600048.164031137,152.642363453436,16.3328237407921,54.5882752106419,89.2289463904609,188.391482363219,1.15037818186088
200,5,SAT-1,Satellite,600039.982999046,154.353768472542,14.6214187216861,49.0606813347675,89.2953170434521,188.391482363219,1.2799895777892
200,6,SAT-1,Satellite,600139.521763894,156.937691556389,12.0374956378391,40.8630474809104,88.7007369245411,188.391482363219,1.5367713535579
201,1,BS1,Terrestrial,140.115347174963,90.163716852741,69.1727435728349,33.994764,NaN,893.334270320412,8.75952808811392
201,2,BS2,Terrestrial,144.900842099444,90.3197897810401,69.0166706445357,101.984292,NaN,893.334270320412,8.75952808811392
201,3,BS1,Terrestrial,158.603762337124,105.467424926218,53.8690354993578,33.994764,NaN,893.334270320412,8.75952808811392
201,4,BS1,Terrestrial,1684.50527938871,137.398774795418,21.9376856301583,33.994764,NaN,893.334270320412,8.75952808811392
201,5,SAT-1,Satellite,600039.982999046,158.322507894746,10.6526792994825,54.8674355966666,89.2953170434521,188.391482363219,1.71678774772794
201,6,SAT-1,Satellite,600139.521763894,153.436307357208,15.5388798370199,78.0247482103529,88.7007369245411,188.391482363219,1.20725466396456
202,1,BS1,Terrestrial,140.115347174963,119.34369453906,39.9927658865154,33.994764,NaN,893.334270320412,8.75952808811392
202,2,BS2,Terrestrial,144.900842099444,84.3665759540295,74.9698844715464,101.984292,NaN,893.334270320412,8.75952808811392
202,3,BS1,Terrestrial,158.603762337124,84.7076637081924,74.6287967173835,33.994764,NaN,893.334270320412,8.75952808811392
202,4,BS1,Terrestrial,1684.50527938871,136.817306705842,22.5191537197335,33.994764,NaN,893.334270320412,8.75952808811392
202,5,SAT-1,Satellite,600039.982999046,154.564244603663,14.4109425905655,72.5780532361711,89.2953170434521,188.391482363219,1.29785433724839
202,6,SAT-1,Satellite,600139.521763894,153.719599042413,15.2555881518148,76.6527373590801,88.7007369245411,188.391482363219,1.22886337040188
203,1,BS1,Terrestrial,140.115347174963,101.997655273588,57.3388051519881,50.992146,NaN,893.334270320412,8.75952808811392
203,2,BS2,Terrestrial,144.900842099444,110.962143368178,48.3743170573975,50.992146,NaN,893.334270320412,8.75952808811392
203,3,BS1,Terrestrial,158.603762337124,117.521498825569,41.8149616000067,50.992146,NaN,893.334270320412,8.75952808811392
203,4,BS2,Terrestrial,1289.96390375941,139.858774433584,19.4776859919924,50.992146,NaN,893.334270320412,8.75952808811392
203,5,SAT-1,Satellite,600039.982999046,153.347618522989,15.6275686712389,78.4547848769678,89.2953170434521,188.391482363219,1.20063730120892
203,6,SAT-1,Satellite,600139.521763894,156.510109012012,12.465078182216,63.305384920685,88.7007369245411,188.391482363219,1.48795779852893
204,1,BS1,Terrestrial,140.115347174963,109.10082948825,50.2356309373256,50.992146,NaN,893.334270320412,8.75952808811392
204,2,BS2,Terrestrial,144.900842099444,89.8152298779591,69.5212305476168,101.984292,NaN,893.334270320412,8.75952808811392
204,3,BS1,Terrestrial,158.603762337124,108.527859837124,50.8086005884518,50.992146,NaN,893.334270320412,8.75952808811392
204,4,SAT-1,Satellite,600048.164031137,155.317645366008,13.6575418282198,45.9778290258225,89.2289463904609,188.391482363219,1.36581396116965
204,5,SAT-1,Satellite,600039.982999046,156.665686718238,12.3095004759906,41.7149727346423,89.2953170434521,188.391482363219,1.50538659553262
204,6,SAT-1,Satellite,600139.521763894,154.866188039951,14.1089991542774,47.4185929424706,88.7007369245411,188.391482363219,1.3243151449881
205,1,BS1,Terrestrial,140.115347174963,129.328476067566,30.0079843580094,50.992146,NaN,893.334270320412,8.75952808811392
205,2,BS2,Terrestrial,144.900842099444,101.909757199228,57.426703226348,50.992146,NaN,893.334270320412,8.75952808811392
205,3,BS1,Terrestrial,158.603762337124,115.763865045186,43.5725953803902,50.992146,NaN,893.334270320412,8.75952808811392
205,4,BS2,Terrestrial,1289.96390375941,141.720581619752,17.6158788058238,50.992146,NaN,893.334270320412,8.75952808811392
205,5,SAT-1,Satellite,600039.982999046,153.951457295709,15.0237298985188,75.5317436379214,89.2953170434521,188.391482363219,1.24710137281032
205,6,SAT-1,Satellite,600139.521763894,152.0386958626,16.9364913316278,83.3205,88.7007369245411,188.391482363219,1.1305229947205
206,1,BS1,Terrestrial,140.115347174963,102.888634491112,56.4478259344637,50.992146,NaN,893.334270320412,8.75952808811392
206,2,BS2,Terrestrial,144.900842099444,85.2746230278991,74.0618373976768,101.984292,NaN,893.334270320412,8.75952808811392
206,3,BS1,Terrestrial,158.603762337124,116.26723550181,43.0692249237655,50.992146,NaN,893.334270320412,8.75952808811392
206,4,SAT-1,Satellite,600048.164031137,157.705005614302,11.2701815799261,38.4772908234362,89.2289463904609,188.391482363219,1.63205775260794
206,5,SAT-1,Satellite,600039.982999046,156.077545444595,12.8976417496327,43.5669747026686,89.2953170434521,188.391482363219,1.44139365233209
206,6,SAT-1,Satellite,600139.521763894,152.267508257429,16.7076789367993,55.547,88.7007369245411,188.391482363219,1.1305229947205
207,1,BS1,Terrestrial,140.115347174963,105.637624703431,53.6988357221451,50.992146,NaN,893.334270320412,8.75952808811392
207,2,BS2,Terrestrial,144.900842099444,105.824690649104,53.5117697764721,50.992146,NaN,893.334270320412,8.75952808811392
207,3,BS1,Terrestrial,158.603762337124,123.172125804717,36.1643346208593,50.992146,NaN,893.334270320412,8.75952808811392
207,4,BS2,Terrestrial,1289.96390375941,141.911684828644,17.4247755969322,50.992146,NaN,893.334270320412,8.75952808811392
207,5,SAT-1,Satellite,600039.982999046,154.831923484388,14.1432637098401,71.2922692299623,89.2953170434521,188.391482363219,1.32126164868969
207,6,SAT-1,Satellite,600139.521763894,157.2961910354,11.6789961588281,59.6175573569353,88.7007369245411,188.391482363219,1.58000000935381
208,1,BS1,Terrestrial,140.115347174963,93.2242148017256,66.1122456238503,50.992146,NaN,893.334270320412,8.75952808811392
208,2,BS2,Terrestrial,144.900842099444,123.794604266042,35.5418561595336,101.984292,NaN,893.334270320412,8.75952808811392
208,3,BS1,Terrestrial,158.603762337124,113.89801633257,45.4384440930056,50.992146,NaN,893.334270320412,8.75952808811392
208,4,SAT-1,Satellite,600048.164031137,154.87588631903,14.099300875198,47.3875812975986,89.2289463904609,188.391482363219,1.32518181068089
208,5,SAT-1,Satellite,600039.982999046,157.498272757011,11.4769144372174,39.1173847048982,89.2953170434521,188.391482363219,1.60535171922872
208,6,SAT-1,Satellite,600139.521763894,156.817401800769,12.1577853934592,41.2394211215108,88.7007369245411,188.391482363219,1.52274593289536
209,1,BS1,Terrestrial,140.115347174963,112.929964203044,46.4064962225315,50.992146,NaN,893.334270320412,8.75952808811392
209,2,BS2,Terrestrial,144.900842099444,89.4831698957957,69.8532905297801,50.992146,NaN,893.334270320412,8.75952808811392
209,3,BS1,Terrestrial,158.603762337124,110.557049144616,48.77941128096,50.992146,NaN,893.334270320412,8.75952808811392
209,4,BS2,Terrestrial,1289.96390375941,147.231947535098,12.1045128904775,37.7047041948225,NaN,893.334270320412,11.846456422314
209,5,SAT-1,Satellite,600039.982999046,154.022831385998,14.9523558082299,75.1870253629354,89.2953170434521,188.391482363219,1.25281909647199
209,6,SAT-1,Satellite,600139.521763894,156.262256218974,12.7129309752538,64.4759124795845,88.7007369245411,188.391482363219,1.46094467777304
210,1,BS1,Terrestrial,140.115347174963,81.0411368903591,78.2953235352168,33.994764,NaN,893.334270320412,8.75952808811392
210,2,BS2,Terrestrial,144.900842099444,127.421980221062,31.9144802045134,50.992146,NaN,893.334270320412,8.75952808811392
210,3,BS1,Terrestrial,158.603762337124,88.0910690578128,71.2453913677631,33.994764,NaN,893.334270320412,8.75952808811392
210,4,BS1,Terrestrial,1684.50527938871,148.314438936078,11.0220214894982,23.0795768572811,NaN,893.334270320412,12.9022335178932
210,5,BS2,Terrestrial,2067.2298489109,139.147487764593,20.1889726609828,50.992146,NaN,893.334270320412,8.75952808811392
210,6,SAT-1,Satellite,600139.521763894,157.687408900774,11.287778293454,115.595080067498,88.7007369245411,188.391482363219,1.62975346574624
211,1,BS2,Terrestrial,295.272687326099,101.557829291752,57.7786311338237,50.992146,NaN,893.334270320412,8.75952808811392
211,2,BS2,Terrestrial,144.900842099444,88.1839850031683,71.1524754224075,50.992146,NaN,893.334270320412,8.75952808811392
211,3,BS1,Terrestrial,158.603762337124,120.857803924738,38.4786565008377,101.984292,NaN,893.334270320412,8.75952808811392
211,4,SAT-1,Satellite,600048.164031137,154.560070480814,14.4151167134143,48.3987505542943,89.2289463904609,188.391482363219,1.29749549458499
211,5,SAT-1,Satellite,600039.982999046,153.675638007957,15.2995491862714,51.2436529669561,89.2953170434521,188.391482363219,1.22546222120881
211,6,SAT-1,Satellite,600139.521763894,156.02092798969,12.9542592045379,43.7459304850738,88.7007369245411,188.391482363219,1.43549720148634
212,1,BS2,Terrestrial,295.272687326099,91.1212002524863,68.2152601730895,33.994764,NaN,893.334270320412,8.75952808811392
212,2,BS2,Terrestrial,144.900842099444,119.070611353668,40.2658490719083,33.994764,NaN,893.334270320412,8.75952808811392
212,3,BS1,Terrestrial,158.603762337124,87.448235064219,71.8882253613568,101.984292,NaN,893.334270320412,8.75952808811392
212,4,SAT-1,Satellite,600048.164031137,152.28745332772,16.6877338665082,83.3205,89.2289463904609,188.391482363219,1.1305229947205
212,5,BS2,Terrestrial,2067.2298489109,144.560725177709,14.7757352478665,30.3285797053219,NaN,893.334270320412,9.81839878425139
212,6,SAT-1,Satellite,600139.521763894,158.098869751393,10.8763174428349,55.8955735732286,88.7007369245411,188.391482363219,1.68520931372506
213,1,BS1,Terrestrial,140.115347174963,90.4791684690009,68.857291956575,50.992146,NaN,893.334270320412,8.75952808811392
213,2,BS2,Terrestrial,144.900842099444,102.484811007774,56.8516494178019,101.984292,NaN,893.334270320412,8.75952808811392
213,3,BS1,Terrestrial,158.603762337124,117.092327071461,42.2441333541148,50.992146,NaN,893.334270320412,8.75952808811392
213,4,SAT-1,Satellite,600048.164031137,157.958209879203,11.0169773150247,37.6961984484395,89.2289463904609,188.391482363219,1.66587516440505
213,5,SAT-1,Satellite,600039.982999046,154.63441619995,14.340770994278,48.1604748364921,89.2953170434521,188.391482363219,1.30391490119107
213,6,SAT-1,Satellite,600139.521763894,155.571656773766,13.4035304204623,45.1698636849631,88.7007369245411,188.391482363219,1.3902446380117
214,1,BS1,Terrestrial,140.115347174963,82.1799187905034,77.1565416350725,33.994764,NaN,893.334270320412,8.75952808811392
214,2,BS2,Terrestrial,144.900842099444,119.089247517446,40.2472129081301,101.984292,NaN,893.334270320412,8.75952808811392
214,3,BS1,Terrestrial,158.603762337124,105.398991802642,53.9374686229334,33.994764,NaN,893.334270320412,8.75952808811392
214,4,BS1,Terrestrial,1684.50527938871,143.977961269286,15.3584991562902,31.4775487607262,NaN,893.334270320412,9.46001521180503
214,5,SAT-1,Satellite,600039.982999046,156.828634556501,12.1465526377267,61.8063742285845,89.2953170434521,188.391482363219,1.52404573730917
214,6,SAT-1,Satellite,600139.521763894,151.853177541205,17.1220096530233,83.3205,88.7007369245411,188.391482363219,1.1305229947205
215,1,BS1,Terrestrial,140.115347174963,105.783981232101,53.552479193475,50.992146,NaN,893.334270320412,8.75952808811392
215,2,BS2,Terrestrial,144.900842099444,112.721990701114,46.6144697244615,101.984292,NaN,893.334270320412,8.75952808811392
215,3,BS1,Terrestrial,158.603762337124,104.532390160264,54.8040702653118,50.992146,NaN,893.334270320412,8.75952808811392
215,4,SAT-1,Satellite,600048.164031137,155.040638756644,13.9345484375844,46.8611623081925,89.2289463904609,188.391482363219,1.34006835713422
215,5,SAT-1,Satellite,600039.982999046,157.34109363067,11.634093563558,39.6054100373959,89.2953170434521,188.391482363219,1.58557027255735
215,6,SAT-1,Satellite,600139.521763894,155.607651505066,13.3675356891623,45.055535053185,88.7007369245411,188.391482363219,1.39377239030924
216,1,BS1,Terrestrial,140.115347174963,90.8424285924545,68.4940318331214,33.994764,NaN,893.334270320412,8.75952808811392
216,2,BS2,Terrestrial,144.900842099444,120.062593742729,39.2738666828468,50.992146,NaN,893.334270320412,8.75952808811392
216,3,BS1,Terrestrial,158.603762337124,115.291499969635,44.0449604559408,33.994764,NaN,893.334270320412,8.75952808811392
216,4,BS2,Terrestrial,1289.96390375941,140.03578002069,19.300680404886,50.992146,NaN,893.334270320412,8.75952808811392
216,5,BS1,Terrestrial,2496.53115061175,141.163385423748,18.1730750018278,33.994764,NaN,893.334270320412,8.75952808811392
216,6,SAT-1,Satellite,600139.521763894,153.31008625272,15.6651009415085,157.273686064172,88.7007369245411,188.391482363219,1.19785761418696
217,1,BS1,Terrestrial,140.115347174963,111.170468339328,48.1659920862477,50.992146,NaN,893.334270320412,8.75952808811392
217,2,BS2,Terrestrial,144.900842099444,113.091484172884,46.2449762526919,101.984292,NaN,893.334270320412,8.75952808811392
217,3,BS1,Terrestrial,158.603762337124,88.0344464145575,71.3020140110184,50.992146,NaN,893.334270320412,8.75952808811392
217,4,SAT-1,Satellite,600048.164031137,155.941389026809,13.0337981674191,43.9975260432142,89.2289463904609,188.391482363219,1.42728845085654
217,5,SAT-1,Satellite,600039.982999046,157.324582024469,11.650605169759,39.6567434613517,89.2953170434521,188.391482363219,1.58351784101838
217,6,SAT-1,Satellite,600139.521763894,154.128925492256,14.8462617019725,49.7832956942624,88.7007369245411,188.391482363219,1.26141027651926
218,1,BS1,Terrestrial,140.115347174963,80.6427628500654,78.6936975755105,50.992146,NaN,893.334270320412,8.75952808811392
218,2,BS2,Terrestrial,144.900842099444,104.597433116407,54.7390273091689,50.992146,NaN,893.334270320412,8.75952808811392
218,3,BS2,Terrestrial,577.768536433813,124.849212299361,34.4872481262145,50.992146,NaN,893.334270320412,8.75952808811392
218,4,BS1,Terrestrial,1684.50527938871,140.799929506183,18.5365309193931,50.992146,NaN,893.334270320412,8.75952808811392
218,5,SAT-1,Satellite,600039.982999046,154.757823902956,14.2173632912724,71.6479165348656,89.2953170434521,188.391482363219,1.31470314472817
218,6,SAT-1,Satellite,600139.521763894,152.428852362471,16.546334831757,82.9226979270441,88.7007369245411,188.391482363219,1.13594641197617
219,1,BS1,Terrestrial,140.115347174963,84.4787674770347,74.8576929485412,50.992146,NaN,893.334270320412,8.75952808811392
219,2,BS2,Terrestrial,144.900842099444,87.8014803730931,71.5349800524828,50.992146,NaN,893.334270320412,8.75952808811392
219,3,BS1,Terrestrial,158.603762337124,105.876452531647,53.4600078939293,50.992146,NaN,893.334270320412,8.75952808811392
219,4,BS2,Terrestrial,1289.96390375941,135.765301010212,23.5711594153641,50.992146,NaN,893.334270320412,8.75952808811392
219,5,SAT-1,Satellite,600039.982999046,154.424175372977,14.5510118212511,73.2519851606644,89.2953170434521,188.391482363219,1.28591383530438
219,6,SAT-1,Satellite,600139.521763894,151.81476462132,17.1604225729077,83.3205,88.7007369245411,188.391482363219,1.1305229947205
220,1,BS1,Terrestrial,140.115347174963,108.57296802239,50.7634924031859,50.992146,NaN,893.334270320412,8.75952808811392
220,2,BS2,Terrestrial,144.900842099444,119.025732900833,40.3107275247426,101.984292,NaN,893.334270320412,8.75952808811392
220,3,BS1,Terrestrial,158.603762337124,108.833276587012,50.503183838564,50.992146,NaN,893.334270320412,8.75952808811392
220,4,SAT-1,Satellite,600048.164031137,152.491815429137,16.4833717650912,55.0772045289942,89.2289463904609,188.391482363219,1.14016608730898
220,5,SAT-1,Satellite,600039.982999046,154.662733975746,14.3124532184822,48.0697551909571,89.2953170434521,188.391482363219,1.30637571458972
220,6,SAT-1,Satellite,600139.521763894,150.915280335237,18.0599068589916,55.547,88.7007369245411,188.391482363219,1.1305229947205
221,1,BS1,Terrestrial,140.115347174963,111.792778567801,47.5436818577747,50.992146,NaN,893.334270320412,8.75952808811392
221,2,BS2,Terrestrial,144.900842099444,101.4361760592,57.9002843663758,101.984292,NaN,893.334270320412,8.75952808811392
221,3,BS1,Terrestrial,158.603762337124,119.081355876221,40.2551045493552,50.992146,NaN,893.334270320412,8.75952808811392
221,4,SAT-1,Satellite,600048.164031137,156.658463735622,12.3167234586064,41.7376364480843,89.2289463904609,188.391482363219,1.50456916423263
221,5,SAT-1,Satellite,600039.982999046,154.287602696611,14.6875844976173,49.2732022339663,89.2953170434521,188.391482363219,1.27446883783921
221,6,SAT-1,Satellite,600139.521763894,153.99078709711,14.9844000971185,50.2278462610443,88.7007369245411,188.391482363219,1.2502459385053
222,1,BS2,Terrestrial,295.272687326099,108.228113127848,51.1083472977274,50.992146,NaN,893.334270320412,8.75952808811392
222,2,BS2,Terrestrial,144.900842099444,119.405908179061,39.9305522465152,50.992146,NaN,893.334270320412,8.75952808811392
222,3,BS1,Terrestrial,158.603762337124,110.926445459611,48.4100149659646,101.984292,NaN,893.334270320412,8.75952808811392
222,4,SAT-1,Satellite,600048.164031137,155.748735088988,13.22645210524,44.6078219846737,89.2289463904609,188.391482363219,1.40776119509523
222,5,SAT-1,Satellite,600039.982999046,155.717354929784,13.2578322644445,44.7073470394138,89.2953170434521,188.391482363219,1.40462731399333
222,6,SAT-1,Satellite,600139.521763894,156.511246161316,12.4639410329119,42.200015097026,88.7007369245411,188.391482363219,1.48808384649524
223,1,BS2,Terrestrial,295.272687326099,123.560049329282,35.7764110962942,50.992146,NaN,893.334270320412,8.75952808811392
223,2,BS2,Terrestrial,144.900842099444,119.568730816022,39.7677296095538,50.992146,NaN,893.334270320412,8.75952808811392
223,3,BS1,Terrestrial,158.603762337124,110.805920207766,48.5305402178101,50.992146,NaN,893.334270320412,8.75952808811392
223,4,BS1,Terrestrial,1684.50527938871,145.062775338693,14.2736850868829,44.014052329732,NaN,893.334270320412,10.1482847299311
223,5,SAT-1,Satellite,600039.982999046,156.6160906264,12.3590965678283,62.805950192838,89.2953170434521,188.391482363219,1.49979008186952
223,6,SAT-1,Satellite,600139.521763894,156.477886940492,12.4973002537361,63.4573606877524,88.7007369245411,188.391482363219,1.48439424773917
224,1,BS1,Terrestrial,140.115347174963,101.524641299812,57.8118191257638,50.992146,NaN,893.334270320412,8.75952808811392
224,2,BS2,Terrestrial,144.900842099444,95.0636201265147,64.2728402990612,101.984292,NaN,893.334270320412,8.75952808811392
224,3,BS1,Terrestrial,158.603762337124,114.370923764433,44.9655366611427,50.992146,NaN,893.334270320412,8.75952808811392
224,4,SAT-1,Satellite,600048.164031137,153.959289222561,15.0158979716676,50.3292726547152,89.2289463904609,188.391482363219,1.24772637225577
224,5,SAT-1,Satellite,600039.982999046,151.603044846846,17.3721423473824,55.547,89.2953170434521,188.391482363219,1.1305229947205
224,6,SAT-1,Satellite,600139.521763894,155.844312148438,13.1308750457898,44.3048926500921,88.7007369245411,188.391482363219,1.41738659167271
225,1,BS1,Terrestrial,140.115347174963,106.827707401345,52.5087530242307,50.992146,NaN,893.334270320412,8.75952808811392
225,2,BS2,Terrestrial,144.900842099444,107.879809496631,51.4566509289454,50.992146,NaN,893.334270320412,8.75952808811392
225,3,BS1,Terrestrial,158.603762337124,109.348989212647,49.9874712129288,50.992146,NaN,893.334270320412,8.75952808811392
225,4,BS2,Terrestrial,1289.96390375941,136.325664404257,23.0107960213187,50.992146,NaN,893.334270320412,8.75952808811392
225,5,SAT-1,Satellite,600039.982999046,153.367129885383,15.6080573088448,78.3601574524552,89.2953170434521,188.391482363219,1.20208718619232
225,6,SAT-1,Satellite,600139.521763894,157.769117387019,11.2060698072091,57.4188162216923,88.7007369245411,188.391482363219,1.64050301590897
226,1,BS1,Terrestrial,140.115347174963,111.408909556498,47.9275508690782,50.992146,NaN,893.334270320412,8.75952808811392
226,2,BS2,Terrestrial,144.900842099444,118.910235119817,40.4262253057594,101.984292,NaN,893.334270320412,8.75952808811392
226,3,BS1,Terrestrial,158.603762337124,120.316478946652,39.0199814789242,50.992146,NaN,893.334270320412,8.75952808811392
226,4,SAT-1,Satellite,600048.164031137,152.529258599064,16.4459285951643,54.9555664128981,89.2289463904609,188.391482363219,1.14268971983521
226,5,SAT-1,Satellite,600039.982999046,153.731748868065,15.2434383261629,51.0626341833956,89.2953170434521,188.391482363219,1.22980652667072
226,6,SAT-1,Satellite,600139.521763894,153.713025848188,15.2621613460397,51.1230288577231,88.7007369245411,188.391482363219,1.22835368308294
227,1,BS1,Terrestrial,140.115347174963,112.806577019925,46.5298834056508,50.992146,NaN,893.334270320412,8.75952808811392
227,2,BS2,Terrestrial,144.900842099444,109.376836306573,49.9596241190032,50.992146,NaN,893.334270320412,8.75952808811392
227,3,BS1,Terrestrial,158.603762337124,118.614369939997,40.7220904855784,50.992146,NaN,893.334270320412,8.75952808811392
227,4,BS2,Terrestrial,1289.96390375941,140.672586057688,18.663874367888,50.992146,NaN,893.334270320412,8.75952808811392
227,5,SAT-1,Satellite,600039.982999046,155.247139759219,13.7280474350094,69.3036688199821,89.2953170434521,188.391482363219,1.35917394829825
227,6,SAT-1,Satellite,600139.521763894,156.575873540737,12.3993136534909,62.9953938882921,88.7007369245411,188.391482363219,1.49527981916652
228,1,BS1,Terrestrial,140.115347174963,113.214542895826,46.12191752975,50.992146,NaN,893.334270320412,8.75952808811392
228,2,BS2,Terrestrial,144.900842099444,106.929948635738,52.4065117898374,50.992146,NaN,893.334270320412,8.75952808811392
228,3,BS1,Terrestrial,158.603762337124,114.811462118563,44.5249983070128,50.992146,NaN,893.334270320412,8.75952808811392
228,4,BS2,Terrestrial,1289.96390375941,138.412224851064,20.9242355745121,50.992146,NaN,893.334270320412,8.75952808811392
228,5,SAT-1,Satellite,600039.982999046,154.426133113563,14.5490540806652,73.2425605190473,89.2953170434521,188.391482363219,1.28607930299096
228,6,SAT-1,Satellite,600139.521763894,157.885831710489,11.0893554837393,56.8787099185156,88.7007369245411,188.391482363219,1.65608083088653
229,1,BS1,Terrestrial,140.115347174963,88.048229925641,71.2882304999348,50.992146,NaN,893.334270320412,8.75952808811392
229,2,BS2,Terrestrial,144.900842099444,91.4869732516387,67.8494871739372,101.984292,NaN,893.334270320412,8.75952808811392
229,3,BS1,Terrestrial,158.603762337124,93.309265892689,66.0271945328869,50.992146,NaN,893.334270320412,8.75952808811392
229,4,SAT-1,Satellite,600048.164031137,154.481263798844,14.4939233953845,48.6514790262617,89.2289463904609,188.391482363219,1.29075543117285
229,5,SAT-1,Satellite,600039.982999046,153.233746903337,15.7414402908911,52.6715139757549,89.2953170434521,188.391482363219,1.1922414232605
229,6,SAT-1,Satellite,600139.521763894,155.042773220763,13.9324139734655,46.8543472709266,88.7007369245411,188.391482363219,1.34026327214904
230,1,BS1,Terrestrial,140.115347174963,111.63359419106,47.7028662345162,50.992146,NaN,893.334270320412,8.75952808811392
230,2,BS2,Terrestrial,144.900842099444,113.438029130235,45.8984312953412,101.984292,NaN,893.334270320412,8.75952808811392
230,3,BS1,Terrestrial,158.603762337124,117.281782314366,42.0546781112095,50.992146,NaN,893.334270320412,8.75952808811392
230,4,SAT-1,Satellite,600048.164031137,156.999167996426,11.9760191978024,40.6709301918477,89.2289463904609,188.391482363219,1.54403060100963
230,5,SAT-1,Satellite,600039.982999046,153.785771903261,15.1894152909672,50.8884150476681,89.2953170434521,188.391482363219,1.23401683327956
230,6,SAT-1,Satellite,600139.521763894,158.884901992583,10.0902852016452,34.8672277836237,88.7007369245411,188.391482363219,1.80103681248883
231,1,BS1,Terrestrial,140.115347174963,110.088244838735,49.2482155868406,50.992146,NaN,893.334270320412,8.75952808811392
231,2,BS2,Terrestrial,144.900842099444,97.4607967988488,61.875663626727,50.992146,NaN,893.334270320412,8.75952808811392
231,3,BS1,Terrestrial,158.603762337124,119.160143364974,40.1763170606018,50.992146,NaN,893.334270320412,8.75952808811392
231,4,SAT-1,Satellite,600048.164031137,159.204068202745,9.77111899148267,50.8571854545914,89.2289463904609,188.391482363219,1.85216189884738
231,5,BS2,Terrestrial,2067.2298489109,127.034755720859,32.301704704717,50.992146,NaN,893.334270320412,8.75952808811392
231,6,SAT-1,Satellite,600139.521763894,157.509848073361,11.4653391208668,58.6222356134199,88.7007369245411,188.391482363219,1.60682615045213
232,1,BS1,Terrestrial,140.115347174963,102.151212802284,57.1852476232916,50.992146,NaN,893.334270320412,8.75952808811392
232,2,BS2,Terrestrial,144.900842099444,88.5138277587124,70.8226326668635,50.992146,NaN,893.334270320412,8.75952808811392
232,3,BS1,Terrestrial,158.603762337124,110.339312174651,48.9971482509244,50.992146,NaN,893.334270320412,8.75952808811392
232,4,BS2,Terrestrial,1289.96390375941,140.711619001116,18.6248414244603,50.992146,NaN,893.334270320412,8.75952808811392
232,5,SAT-1,Satellite,600039.982999046,157.180976367639,11.7942108265891,60.1555886106656,89.2953170434521,188.391482363219,1.56586849795878
232,6,SAT-1,Satellite,600139.521763894,156.594542466654,12.3806447275742,62.9074414722188,88.7007369245411,188.391482363219,1.4973704060625
233,1,BS1,Terrestrial,140.115347174963,90.8512918850691,68.4851685405068,50.992146,NaN,893.334270320412,8.75952808811392
233,2,BS2,Terrestrial,144.900842099444,86.9847127391865,72.3517476863893,101.984292,NaN,893.334270320412,8.75952808811392
233,3,BS1,Terrestrial,158.603762337124,105.153625021221,54.1828354043551,50.992146,NaN,893.334270320412,8.75952808811392
233,4,SAT-1,Satellite,600048.164031137,155.394292833839,13.5808943603896,45.7338162872426,89.2289463904609,188.391482363219,1.37310126041803
233,5,SAT-1,Satellite,600039.982999046,151.950727359978,17.0244598342499,55.547,89.2953170434521,188.391482363219,1.1305229947205
233,6,SAT-1,Satellite,600139.521763894,152.411246689195,16.5639405050336,55.3390185634762,88.7007369245411,188.391482363219,1.13477185569723
234,1,BS1,Terrestrial,140.115347174963,81.9975773092622,77.3388831163137,50.992146,NaN,893.334270320412,8.75952808811392
234,2,BS2,Terrestrial,144.900842099444,114.394958054235,44.9415023713412,101.984292,NaN,893.334270320412,8.75952808811392
234,3,BS1,Terrestrial,158.603762337124,118.874020431448,40.4624399941277,50.992146,NaN,893.334270320412,8.75952808811392
234,4,SAT-1,Satellite,600048.164031137,153.10130548362,15.8738817106084,53.1002182375782,89.2289463904609,188.391482363219,1.18261586999089
234,5,SAT-1,Satellite,600039.982999046,154.355444088223,14.6197431060046,49.0553007428816,89.2953170434521,188.391482363219,1.28012997243426
234,6,SAT-1,Satellite,600139.521763894,156.234596087739,12.7405911064891,43.0711709018875,88.7007369245411,188.391482363219,1.45798592127403
235,1,BS1,Terrestrial,140.115347174963,104.505357099296,54.8311033262799,50.992146,NaN,893.334270320412,8.75952808811392
235,2,BS2,Terrestrial,144.900842099444,120.88658517873,38.4498752468456,101.984292,NaN,893.334270320412,8.75952808811392
235,3,BS1,Terrestrial,158.603762337124,109.754520130292,49.5819402952836,50.992146,NaN,893.334270320412,8.75952808811392
235,4,SAT-1,Satellite,600048.164031137,157.450016007606,11.525171186622,39.2670940442357,89.2289463904609,188.391482363219,1.59923117093912
235,5,SAT-1,Satellite,600039.982999046,151.824333151641,17.1508540425872,55.547,89.2953170434521,188.391482363219,1.1305229947205
235,6,SAT-1,Satellite,600139.521763894,153.526690551158,15.4484966430704,51.7244942520912,88.7007369245411,188.391482363219,1.21407007832079
236,1,BS1,Terrestrial,140.115347174963,93.156830003686,66.1796304218898,50.992146,NaN,893.334270320412,8.75952808811392
236,2,BS2,Terrestrial,144.900842099444,105.349076432903,53.9873839926726,101.984292,NaN,893.334270320412,8.75952808811392
236,3,BS1,Terrestrial,158.603762337124,87.0056286015291,72.3308318240468,50.992146,NaN,893.334270320412,8.75952808811392
236,4,SAT-1,Satellite,600048.164031137,154.435541503765,14.5396456904633,48.7981801077038,89.2289463904609,188.391482363219,1.28687505659306
236,5,SAT-1,Satellite,600039.982999046,155.695724883735,13.2794623104931,44.7759676137709,89.2953170434521,188.391482363219,1.40247467859134
236,6,SAT-1,Satellite,600139.521763894,155.433871794011,13.5413154002174,45.6078844232944,88.7007369245411,188.391482363219,1.37689264875583
237,1,BS1,Terrestrial,140.115347174963,96.085613774819,63.2508466507569,50.992146,NaN,893.334270320412,8.75952808811392
237,2,BS2,Terrestrial,144.900842099444,100.618321212853,58.7181392127229,101.984292,NaN,893.334270320412,8.75952808811392
237,3,BS1,Terrestrial,158.603762337124,111.131609172139,48.2048512534371,50.992146,NaN,893.334270320412,8.75952808811392
237,4,SAT-1,Satellite,600048.164031137,155.409291397752,13.5658957964762,45.6860883399184,89.2289463904609,188.391482363219,1.37453573001281
237,5,SAT-1,Satellite,600039.982999046,154.785161682669,14.1900255115594,47.6777870302501,89.2953170434521,188.391482363219,1.31711567795495
237,6,SAT-1,Satellite,600139.521763894,155.649513659436,13.3256735347923,44.9226224417145,88.7007369245411,188.391482363219,1.39789614618373
238,1,BS1,Terrestrial,140.115347174963,84.9831128515518,74.353347574024,50.992146,NaN,893.334270320412,8.75952808811392
238,2,BS2,Terrestrial,144.900842099444,96.1345521185994,63.2019083069764,101.984292,NaN,893.334270320412,8.75952808811392
238,3,BS1,Terrestrial,158.603762337124,122.423611851049,36.9128485745266,50.992146,NaN,893.334270320412,8.75952808811392
238,4,SAT-1,Satellite,600048.164031137,152.366954077473,16.6082331167547,55.4829954435103,89.2289463904609,188.391482363219,1.13182715327034
238,5,SAT-1,Satellite,600039.982999046,154.211453034183,14.7637341600452,49.5179224838278,89.2953170434521,188.391482363219,1.26817034394463
238,6,SAT-1,Satellite,600139.521763894,156.938977768626,12.0362094256024,40.8590263488015,88.7007369245411,188.391482363219,1.53692259457332
239,1,BS1,Terrestrial,140.115347174963,106.567078706265,52.7693817193104,50.992146,NaN,893.334270320412,8.75952808811392
239,2,BS2,Terrestrial,144.900842099444,95.4988567156538,63.837603709922,101.984292,NaN,893.334270320412,8.75952808811392
239,3,BS1,Terrestrial,158.603762337124,118.764645786177,40.5718146393992,50.992146,NaN,893.334270320412,8.75952808811392
239,4,SAT-1,Satellite,600048.164031137,151.271166688881,17.7040205053472,55.547,89.2289463904609,188.391482363219,1.1305229947205
239,5,SAT-1,Satellite,600039.982999046,154.249931184281,14.7252560099474,49.3942487458125,89.2953170434521,188.391482363219,1.27134559958386
239,6,SAT-1,Satellite,600139.521763894,154.957678782158,14.0175084120703,47.1261418170637,88.7007369245411,188.391482363219,1.33253345948642
240,1,BS1,Terrestrial,140.115347174963,84.9387467149946,74.3977137105813,50.992146,NaN,893.334270320412,8.75952808811392
240,2,BS2,Terrestrial,144.900842099444,118.858519634802,40.4779407907738,101.984292,NaN,893.334270320412,8.75952808811392
240,3,BS1,Terrestrial,158.603762337124,119.541251732161,39.7952086934152,50.992146,NaN,893.334270320412,8.75952808811392
240,4,SAT-1,Satellite,600048.164031137,156.737528576858,12.2376586173706,41.4896673046184,89.2289463904609,188.391482363219,1.51356144474914
240,5,SAT-1,Satellite,600039.982999046,156.265666438991,12.7095207552375,42.9731891028386,89.2953170434521,188.391482363219,1.46131022851156
240,6,SAT-1,Satellite,600139.521763894,152.453568660962,16.5216185332661,55.2014770176158,88.7007369245411,188.391482363219,1.13759928502819
241,1,BS1,Terrestrial,140.115347174963,106.210478330721,53.1259820948547,33.994764,NaN,893.334270320412,8.75952808811392
241,2,BS2,Terrestrial,144.900842099444,118.245358349553,41.0911020760228,50.992146,NaN,893.334270320412,8.75952808811392
241,3,BS1,Terrestrial,158.603762337124,112.783011617592,46.5534488079837,33.994764,NaN,893.334270320412,8.75952808811392
241,4,BS1,Terrestrial,1684.50527938871,143.844814633728,15.4916457918482,31.7406927844958,NaN,893.334270320412,9.381587608329
241,5,BS2,Terrestrial,2067.2298489109,124.016302455663,35.3201579699129,50.992146,NaN,893.334270320412,8.75952808811392
241,6,SAT-1,Satellite,600139.521763894,151.632546064622,17.3426411296059,166.641,88.7007369245411,188.391482363219,1.1305229947205
242,1,BS1,Terrestrial,140.115347174963,104.590273881251,54.7461865443246,50.992146,NaN,893.334270320412,8.75952808811392
242,2,BS2,Terrestrial,144.900842099444,90.011206537916,69.3252538876598,33.994764,NaN,893.334270320412,8.75952808811392
242,3,BS1,Terrestrial,158.603762337124,104.979649898057,54.356810527519,50.992146,NaN,893.334270320412,8.75952808811392
242,4,SAT-1,Satellite,600048.164031137,154.80496951272,14.1702176815081,142.843222563912,89.2289463904609,188.391482363219,1.31886888983428
242,5,BS2,Terrestrial,2067.2298489109,137.315797717836,22.0206627077401,33.994764,NaN,893.334270320412,8.75952808811392
242,6,BS2,Terrestrial,4576.26928829528,120.736566882523,38.5998935430524,33.994764,NaN,893.334270320412,8.75952808811392
243,1,BS1,Terrestrial,140.115347174963,91.3432787498587,67.9931816757171,50.992146,NaN,893.334270320412,8.75952808811392
243,2,BS2,Terrestrial,144.900842099444,111.503221305961,47.8332391196151,101.984292,NaN,893.334270320412,8.75952808811392
243,3,BS1,Terrestrial,158.603762337124,116.680516897116,42.6559435284594,50.992146,NaN,893.334270320412,8.75952808811392
243,4,SAT-1,Satellite,600048.164031137,157.893709326426,11.0814778678021,37.8948619810959,89.2289463904609,188.391482363219,1.65714182622083
243,5,SAT-1,Satellite,600039.982999046,152.91468476359,16.060502430638,53.7048547803804,89.2953170434521,188.391482363219,1.16930137963395
243,6,SAT-1,Satellite,600139.521763894,157.016211349291,11.9589758449369,40.6176973946618,88.7007369245411,188.391482363219,1.54605417873817
244,1,BS1,Terrestrial,140.115347174963,83.9107798495837,75.4256805759921,33.994764,NaN,893.334270320412,8.75952808811392
244,2,BS2,Terrestrial,144.900842099444,102.890650270109,56.4458101554669,101.984292,NaN,893.334270320412,8.75952808811392
244,3,BS1,Terrestrial,158.603762337124,117.903999396591,41.4324610289852,33.994764,NaN,893.334270320412,8.75952808811392
244,4,BS1,Terrestrial,1684.50527938871,141.50184965006,17.8346107755163,33.994764,NaN,893.334270320412,8.75952808811392
244,5,SAT-1,Satellite,600039.982999046,162.214408700353,6.76077849387494,37.828085914581,89.2953170434521,188.391482363219,2.49010064623177
244,6,SAT-1,Satellite,600139.521763894,154.425258918274,14.5499282759541,73.2467689124026,88.7007369245411,188.391482363219,1.28600541130026
245,1,BS1,Terrestrial,140.115347174963,97.1031528261481,62.2333075994277,33.994764,NaN,893.334270320412,8.75952808811392
245,2,BS1,Terrestrial,565.376556244471,97.5582753781994,61.7781850473765,33.994764,NaN,893.334270320412,8.75952808811392
245,3,BS1,Terrestrial,158.603762337124,111.258509142948,48.0779512826283,33.994764,NaN,893.334270320412,8.75952808811392
245,4,BS2,Terrestrial,1289.96390375941,138.694524707884,20.6419357176914,101.984292,NaN,893.334270320412,8.75952808811392
245,5,SAT-1,Satellite,600039.982999046,157.897726987715,11.077460206513,56.8237218109223,89.2953170434521,188.391482363219,1.6576834142445
245,6,SAT-1,Satellite,600139.521763894,155.104407526725,13.8707796675032,69.9864212587407,88.7007369245411,188.391482363219,1.34591452866787
246,1,BS2,Terrestrial,295.272687326099,105.746578254457,53.5898821711192,33.994764,NaN,893.334270320412,8.75952808811392
246,2,BS2,Terrestrial,144.900842099444,113.689752720044,45.6467077055324,33.994764,NaN,893.334270320412,8.75952808811392
246,3,BS1,Terrestrial,158.603762337124,109.704229004771,49.6322314208045,101.984292,NaN,893.334270320412,8.75952808811392
246,4,BS2,Terrestrial,1289.96390375941,137.259412482103,22.077047943473,33.994764,NaN,893.334270320412,8.75952808811392
246,5,SAT-1,Satellite,600039.982999046,153.368694320074,15.6064928741538,78.3525706512412,89.2953170434521,188.391482363219,1.20220358309478
246,6,SAT-1,Satellite,600139.521763894,156.765963233276,12.2092239609526,62.1008255260172,88.7007369245411,188.391482363219,1.51681946872261
247,1,BS2,Terrestrial,295.272687326099,97.3995029163306,61.9369575092453,50.992146,NaN,893.334270320412,8.75952808811392
247,2,BS2,Terrestrial,144.900842099444,107.244545807343,52.0919146182329,50.992146,NaN,893.334270320412,8.75952808811392
247,3,BS1,Terrestrial,158.603762337124,87.1103405045722,72.2261199210036,101.984292,NaN,893.334270320412,8.75952808811392
247,4,SAT-1,Satellite,600048.164031137,155.307856823949,13.6673303702792,46.0090044271155,89.2289463904609,188.391482363219,1.36488849453847
247,5,SAT-1,Satellite,600039.982999046,151.559530467374,17.4156567268544,55.547,89.2953170434521,188.391482363219,1.1305229947205
247,6,SAT-1,Satellite,600139.521763894,153.921381759271,15.0538054349567,50.4513683654152,88.7007369245411,188.391482363219,1.24470679036701
248,1,BS1,Terrestrial,140.115347174963,102.550428695845,56.7860317297305,101.984292,NaN,893.334270320412,8.75952808811392
248,2,BS2,Terrestrial,144.900842099444,114.081224874381,45.2552355511948,33.994764,NaN,893.334270320412,8.75952808811392
248,3,BS2,Terrestrial,577.768536433813,133.295439023279,26.0410214022966,33.994764,NaN,893.334270320412,8.75952808811392
248,4,BS2,Terrestrial,1289.96390375941,144.67725850626,14.6592019193161,30.0993997899208,NaN,893.334270320412,9.89315707904976
248,5,SAT-1,Satellite,600039.982999046,151.667833010909,17.3073541833189,83.3205,89.2953170434521,188.391482363219,1.1305229947205
248,6,SAT-1,Satellite,600139.521763894,155.659964934648,13.3152222595797,67.3341726505422,88.7007369245411,188.391482363219,1.3989292134096
249,1,BS1,Terrestrial,140.115347174963,123.872806876245,35.4636535493307,50.992146,NaN,893.334270320412,8.75952808811392
249,2,BS2,Terrestrial,144.900842099444,116.466010446706,42.8704499788696,101.984292,NaN,893.334270320412,8.75952808811392
249,3,BS1,Terrestrial,158.603762337124,81.5575166840576,77.7789437415182,50.992146,NaN,893.334270320412,8.75952808811392
249,4,SAT-1,Satellite,600048.164031137,156.629744011358,12.3454431828701,41.8277715988687,89.2289463904609,188.391482363219,1.50132695066734
249,5,SAT-1,Satellite,600039.982999046,154.467555623885,14.507631570343,48.695456496957,89.2953170434521,188.391482363219,1.2895897339347
249,6,SAT-1,Satellite,600139.521763894,154.838922703232,14.1362644909961,47.5057916351097,88.7007369245411,188.391482363219,1.3218843140239
250,1,BS1,Terrestrial,140.115347174963,85.1351353349542,74.2013250906217,50.992146,NaN,893.334270320412,8.75952808811392
250,2,BS2,Terrestrial,144.900842099444,91.39480795407,67.9416524715059,101.984292,NaN,893.334270320412,8.75952808811392
250,3,BS1,Terrestrial,158.603762337124,117.307774616203,42.0286858093732,50.992146,NaN,893.334270320412,8.75952808811392
250,4,SAT-1,Satellite,600048.164031137,152.845461462548,16.1297257316803,53.9292940216632,89.2289463904609,188.391482363219,1.16443506125843
250,5,SAT-1,Satellite,600039.982999046,156.731888047957,12.2432991462708,41.5073491819075,89.2953170434521,188.391482363219,1.51291667681616
250,6,SAT-1,Satellite,600139.521763894,155.573628067706,13.4015591265224,45.1636012682363,88.7007369245411,188.391482363219,1.39043741031132
251,1,BS1,Terrestrial,140.115347174963,102.666205898147,56.6702545274286,50.992146,NaN,893.334270320412,8.75952808811392
251,2,BS2,Terrestrial,144.900842099444,101.87523850039,57.4612219251859,101.984292,NaN,893.334270320412,8.75952808811392
251,3,BS1,Terrestrial,158.603762337124,107.568068960453,51.7683914651226,50.992146,NaN,893.334270320412,8.75952808811392
251,4,SAT-1,Satellite,600048.164031137,156.453151795923,12.5220353983053,42.3827100408507,89.2289463904609,188.391482363219,1.48166931107549
251,5,SAT-1,Satellite,600039.982999046,152.59855114372,16.3766360505081,54.7305236698877,89.2953170434521,188.391482363219,1.14738826850089
251,6,SAT-1,Satellite,600139.521763894,154.517328643841,14.4578585503875,48.5358014585783,88.7007369245411,188.391482363219,1.29383174688755
252,1,BS1,Terrestrial,140.115347174963,87.2335713713678,72.102889054208,50.992146,NaN,893.334270320412,8.75952808811392
252,2,BS2,Terrestrial,144.900842099444,97.7517552406679,61.5847051849079,101.984292,NaN,893.334270320412,8.75952808811392
252,3,BS1,Terrestrial,158.603762337124,87.6699147146505,71.6665457109254,50.992146,NaN,893.334270320412,8.75952808811392
252,4,SAT-1,Satellite,600048.164031137,153.381905868079,15.5932813261489,52.1923356892994,89.2289463904609,188.391482363219,1.20318740210384
252,5,SAT-1,Satellite,600039.982999046,154.525210110894,14.4499770833344,48.5105261597633,89.2953170434521,188.391482363219,1.29450586829186
252,6,SAT-1,Satellite,600139.521763894,156.651690201589,12.3234969926388,41.7588918144529,88.7007369245411,188.391482363219,1.50380333526967
253,1,BS1,Terrestrial,140.115347174963,114.875116773944,44.4613436516314,25.496073,NaN,893.334270320412,8.75952808811392
253,2,BS1,Terrestrial,565.376556244471,132.152182176788,27.184278248788,25.496073,NaN,893.334270320412,8.75952808811392
253,3,BS1,Terrestrial,158.603762337124,113.249394572491,46.0870658530845,25.496073,NaN,893.334270320412,8.75952808811392
253,4,BS1,Terrestrial,1684.50527938871,138.14392896063,21.1925314649459,25.496073,NaN,893.334270320412,8.75952808811392
253,5,SAT-1,Satellite,600039.982999046,153.502243088906,15.4729441053225,77.7051917262304,89.2953170434521,188.391482363219,1.2122194037366
253,6,SAT-1,Satellite,600139.521763894,153.469337005964,15.5058501882646,77.8646539367807,88.7007369245411,188.391482363219,1.20973685002296
254,1,BS1,Terrestrial,140.115347174963,108.874747740671,50.4617126849044,50.992146,NaN,893.334270320412,8.75952808811392
254,2,BS2,Terrestrial,144.900842099444,85.1708881510532,74.1655722745227,50.992146,NaN,893.334270320412,8.75952808811392
254,3,BS1,Terrestrial,158.603762337124,117.860947591456,41.4755128341202,50.992146,NaN,893.334270320412,8.75952808811392
254,4,SAT-1,Satellite,600048.164031137,157.416132407,11.5590547872277,59.0584174448244,89.2289463904609,188.391482363219,1.59495877568362
254,5,BS2,Terrestrial,2067.2298489109,145.755491663925,13.5809687616511,41.9838607107492,NaN,893.334270320412,10.6390200329015
254,6,SAT-1,Satellite,600139.521763894,156.877873213174,12.0973139810545,61.5752053340942,88.7007369245411,188.391482363219,1.52976739047029
255,1,BS2,Terrestrial,295.272687326099,98.3815501785829,60.954910246993,33.994764,NaN,893.334270320412,8.75952808811392
255,2,BS2,Terrestrial,144.900842099444,115.828887865224,43.5075725603523,33.994764,NaN,893.334270320412,8.75952808811392
255,3,BS1,Terrestrial,158.603762337124,111.601392056369,47.7350683692068,101.984292,NaN,893.334270320412,8.75952808811392
255,4,BS2,Terrestrial,1289.96390375941,139.990114267304,19.3463461582718,33.994764,NaN,893.334270320412,8.75952808811392
255,5,SAT-1,Satellite,600039.982999046,157.977731225975,10.9974559682529,56.4541719656478,89.2953170434521,188.391482363219,1.66853463440979
255,6,SAT-1,Satellite,600139.521763894,156.156099848687,12.8190873455413,64.9783045500159,88.7007369245411,188.391482363219,1.44964910725092
256,1,BS1,Terrestrial,140.115347174963,88.9645315904957,70.3719288350802,50.992146,NaN,893.334270320412,8.75952808811392
256,2,BS2,Terrestrial,144.900842099444,107.723926055037,51.6125343705384,101.984292,NaN,893.334270320412,8.75952808811392
256,3,BS1,Terrestrial,158.603762337124,112.324766427051,47.011693998525,50.992146,NaN,893.334270320412,8.75952808811392
256,4,SAT-1,Satellite,600048.164031137,151.762175950782,17.2130112434464,55.547,89.2289463904609,188.391482363219,1.1305229947205
256,5,SAT-1,Satellite,600039.982999046,158.431341401188,10.5438457930404,36.2457303142274,89.2953170434521,188.391482363219,1.73253953619718
256,6,SAT-1,Satellite,600139.521763894,154.949413207438,14.0257739867906,47.1525532309301,88.7007369245411,188.391482363219,1.33178707163936
257,1,BS1,Terrestrial,140.115347174963,118.967450329761,40.3690100958145,33.994764,NaN,893.334270320412,8.75952808811392
257,2,BS1,Terrestrial,565.376556244471,98.503295807745,60.8331646178308,33.994764,NaN,893.334270320412,8.75952808811392
257,3,BS1,Terrestrial,158.603762337124,111.618002372075,47.7184580535011,33.994764,NaN,893.334270320412,8.75952808811392
257,4,BS2,Terrestrial,1289.96390375941,144.923444510005,14.4130159155704,88.8477406338016,NaN,893.334270320412,10.054665025219
257,5,SAT-1,Satellite,600039.982999046,153.41644448064,15.5587427135877,78.1210392599812,89.2953170434521,188.391482363219,1.20576661644416
257,6,SAT-1,Satellite,600139.521763894,153.772787638445,15.2023995557834,76.3954234186372,88.7007369245411,188.391482363219,1.23300240991438
258,1,BS1,Terrestrial,140.115347174963,110.789650180344,48.5468102452321,50.992146,NaN,893.334270320412,8.75952808811392
258,2,BS2,Terrestrial,144.900842099444,101.112389694817,58.2240707307585,101.984292,NaN,893.334270320412,8.75952808811392
258,3,BS1,Terrestrial,158.603762337124,82.5582508125761,76.7782096129998,50.992146,NaN,893.334270320412,8.75952808811392
258,4,SAT-1,Satellite,600048.164031137,154.25388960233,14.7212975918985,49.3815279000737,89.2289463904609,188.391482363219,1.27167310243646
258,5,SAT-1,Satellite,600039.982999046,155.773981343985,13.2012058502431,44.5277748616234,89.2953170434521,188.391482363219,1.41029191292156
258,6,SAT-1,Satellite,600139.521763894,157.119041381996,11.8561458122323,40.2967874880519,88.7007369245411,188.391482363219,1.55836642825086
259,1,BS1,Terrestrial,140.115347174963,94.9692756238218,64.367184801754,50.992146,NaN,893.334270320412,8.75952808811392
259,2,BS2,Terrestrial,144.900842099444,100.392727743269,58.9437326823064,50.992146,NaN,893.334270320412,8.75952808811392
259,3,BS1,Terrestrial,158.603762337124,97.6358388047028,61.7006216208731,50.992146,NaN,893.334270320412,8.75952808811392
259,4,BS2,Terrestrial,1289.96390375941,140.767680048796,18.5687803767799,50.992146,NaN,893.334270320412,8.75952808811392
259,5,SAT-1,Satellite,600039.982999046,157.440628672579,11.5345585216491,58.9443443885475,89.2953170434521,188.391482363219,1.59804544708637
259,6,SAT-1,Satellite,600139.521763894,154.201387420269,14.7737997739588,74.3254207807256,88.7007369245411,188.391482363219,1.26734218511194
260,1,BS1,Terrestrial,140.115347174963,104.764292868966,54.5721675566101,50.992146,NaN,893.334270320412,8.75952808811392
260,2,BS2,Terrestrial,144.900842099444,85.9650162097812,73.3714442157947,33.994764,NaN,893.334270320412,8.75952808811392
260,3,BS1,Terrestrial,158.603762337124,118.246361006704,41.0900994188719,50.992146,NaN,893.334270320412,8.75952808811392
260,4,BS2,Terrestrial,1289.96390375941,150.464018616187,8.87244180938853,19.1141728325106,NaN,893.334270320412,15.578915850354
260,5,BS2,Terrestrial,2067.2298489109,141.142122495414,18.1943379301617,33.994764,NaN,893.334270320412,8.75952808811392
260,6,SAT-1,Satellite,600139.521763894,150.539892177138,18.4352950170901,166.641,88.7007369245411,188.391482363219,1.1305229947205
261,1,BS2,Terrestrial,295.272687326099,111.856460522978,47.4799999025975,50.992146,NaN,893.334270320412,8.75952808811392
261,2,BS2,Terrestrial,144.900842099444,85.4823243008728,73.854136124703,50.992146,NaN,893.334270320412,8.75952808811392
261,3,BS1,Terrestrial,158.603762337124,103.830078174527,55.5063822510484,50.992146,NaN,893.334270320412,8.75952808811392
261,4,BS1,Terrestrial,1684.50527938871,141.639974547038,17.6964858785377,50.992146,NaN,893.334270320412,8.75952808811392
261,5,SAT-1,Satellite,600039.982999046,155.015322980638,13.9598642135902,70.4130027758389,89.2953170434521,188.391482363219,1.33776060483435
261,6,SAT-1,Satellite,600139.521763894,157.639757006263,11.3354301879647,58.018637749421,88.7007369245411,188.391482363219,1.62354279306651
262,1,BS1,Terrestrial,140.115347174963,120.32606314333,39.0103972822461,33.994764,NaN,893.334270320412,8.75952808811392
262,2,BS1,Terrestrial,565.376556244471,131.036275960784,28.3001844647922,33.994764,NaN,893.334270320412,8.75952808811392
262,3,BS1,Terrestrial,158.603762337124,97.8263730927416,61.5100873328343,33.994764,NaN,893.334270320412,8.75952808811392
262,4,SAT-1,Satellite,600048.164031137,153.6706784665,15.304508727728,76.8894842107412,89.2289463904609,188.391482363219,1.22507963408149
262,5,BS2,Terrestrial,2067.2298489109,141.676237105264,17.660223320312,101.984292,NaN,893.334270320412,8.75952808811392
262,6,SAT-1,Satellite,600139.521763894,153.103145777303,15.8720414169253,79.6413885685828,88.7007369245411,188.391482363219,1.18274860439548
263,1,BS1,Terrestrial,140.115347174963,119.726307429169,39.6101529964064,50.992146,NaN,893.334270320412,8.75952808811392
263,2,BS2,Terrestrial,144.900842099444,100.331187237185,59.0052731883909,50.992146,NaN,893.334270320412,8.75952808811392
263,3,BS1,Terrestrial,158.603762337124,131.040185756148,28.2962746694279,50.992146,NaN,893.334270320412,8.75952808811392
263,4,BS2,Terrestrial,1289.96390375941,114.775627697724,44.5608327278521,50.992146,NaN,893.334270320412,8.75952808811392
263,5,SAT-1,Satellite,600039.982999046,153.49253788289,15.4826493113382,77.7522195043215,89.2953170434521,188.391482363219,1.21148620299352
263,6,SAT-1,Satellite,600139.521763894,156.537777123466,12.4374100707624,63.1749362046832,88.7007369245411,188.391482363219,1.4910302540935
264,1,BS1,Terrestrial,140.115347174963,107.583794315166,51.7526661104095,50.992146,NaN,893.334270320412,8.75952808811392
264,2,BS2,Terrestrial,144.900842099444,114.5040906929,44.8323697326755,101.984292,NaN,893.334270320412,8.75952808811392
264,3,BS1,Terrestrial,158.603762337124,107.547508190316,51.7889522352598,50.992146,NaN,893.334270320412,8.75952808811392
264,4,SAT-1,Satellite,600048.164031137,154.270598736405,14.7045884578231,49.3278352879677,89.2289463904609,188.391482363219,1.27305729961877
264,5,SAT-1,Satellite,600039.982999046,153.120995723302,15.8541914709264,53.0364611160289,89.2953170434521,188.391482363219,1.18403753693816
264,6,SAT-1,Satellite,600139.521763894,155.295379495557,13.6798076986716,46.0487475066054,88.7007369245411,188.391482363219,1.36371050653944
265,1,BS1,Terrestrial,140.115347174963,110.496603114522,48.8398573110538,101.984292,NaN,893.334270320412,8.75952808811392
265,2,BS2,Terrestrial,144.900842099444,84.8144520090487,74.5220084165271,50.992146,NaN,893.334270320412,8.75952808811392
265,3,BS2,Terrestrial,577.768536433813,103.457052331789,55.8794080937864,50.992146,NaN,893.334270320412,8.75952808811392
265,4,SAT-1,Satellite,600048.164031137,153.447898998011,15.5272881962169,51.9790399325677,89.2289463904609,188.391482363219,1.20812467620037
265,5,SAT-1,Satellite,600039.982999046,157.374508036481,11.6006791577468,39.5015653898603,89.2953170434521,188.391482363219,1.58973853739627
265,6,SAT-1,Satellite,600139.521763894,154.91108514101,14.0641020532176,47.2750498206388,88.7007369245411,188.391482363219,1.32833621595306
266,1,BS1,Terrestrial,140.115347174963,81.7734214304675,77.5630389951084,50.992146,NaN,893.334270320412,8.75952808811392
266,2,BS2,Terrestrial,144.900842099444,113.6752562342,45.6612041913758,101.984292,NaN,893.334270320412,8.75952808811392
266,3,BS1,Terrestrial,158.603762337124,114.27999100879,45.0564694167855,50.992146,NaN,893.334270320412,8.75952808811392
266,4,SAT-1,Satellite,600048.164031137,152.770247461575,16.2049397326532,54.173253098265,89.2289463904609,188.391482363219,1.15919124653326
266,5,SAT-1,Satellite,600039.982999046,153.828425285183,15.1467619090452,50.7509069011126,89.2953170434521,188.391482363219,1.23736036698022
266,6,SAT-1,Satellite,600139.521763894,152.803205290611,16.1719819036173,54.0663410310875,88.7007369245411,188.391482363219,1.16148345884239
267,1,BS1,Terrestrial,140.115347174963,87.0060820789965,72.3303783465794,50.992146,NaN,893.334270320412,8.75952808811392
267,2,BS2,Terrestrial,144.900842099444,102.131494622426,57.2049658031498,50.992146,NaN,893.334270320412,8.75952808811392
267,3,BS1,Terrestrial,158.603762337124,117.512246723208,41.824213702368,50.992146,NaN,893.334270320412,8.75952808811392
267,4,BS2,Terrestrial,1289.96390375941,143.389747012592,15.9467134129842,48.9625497465521,NaN,893.334270320412,9.12262816116231
267,5,SAT-1,Satellite,600039.982999046,157.513654708968,11.4615324852598,58.6045315101384,89.2953170434521,188.391482363219,1.60731156370244
267,6,SAT-1,Satellite,600139.521763894,153.110379778897,15.8648074153312,79.6062520567055,88.7007369245411,188.391482363219,1.18327064455329
268,1,BS1,Terrestrial,140.115347174963,84.898308391182,74.4381520343939,50.992146,NaN,893.334270320412,8.75952808811392
268,2,BS2,Terrestrial,144.900842099444,86.9358929239862,72.4005675015897,50.992146,NaN,893.334270320412,8.75952808811392
268,3,BS1,Terrestrial,158.603762337124,108.873745580217,50.4627148453588,50.992146,NaN,893.334270320412,8.75952808811392
268,4,SAT-1,Satellite,600048.164031137,155.556000738821,13.4191864554075,67.8294063925094,89.2289463904609,188.391482363219,1.38871539928457
268,5,BS2,Terrestrial,2067.2298489109,149.307780121026,10.0286803045503,31.8371164913811,NaN,893.334270320412,14.0297609955075
268,6,SAT-1,Satellite,600139.521763894,151.887248674504,17.0879385197237,83.3205,88.7007369245411,188.391482363219,1.1305229947205
269,1,BS1,Terrestrial,140.115347174963,98.1918816251763,61.1445788003995,50.992146,NaN,893.334270320412,8.75952808811392
269,2,BS2,Terrestrial,144.900842099444,116.558975474722,42.7774849508536,101.984292,NaN,893.334270320412,8.75952808811392
269,3,BS1,Terrestrial,158.603762337124,122.596193488765,36.7402669368106,50.992146,NaN,893.334270320412,8.75952808811392
269,4,SAT-1,Satellite,600048.164031137,154.758199906837,14.2169872873914,47.7640742066199,89.2289463904609,188.391482363219,1.31473627053021
269,5,SAT-1,Satellite,600039.982999046,152.652126813207,16.3230603810208,54.5565802685773,89.2953170434521,188.391482363219,1.15104650032305
269,6,SAT-1,Satellite,600139.521763894,155.136731357734,13.8384558364938,46.5544822629908,88.7007369245411,188.391482363219,1.34889612632769
270,1,BS2,Terrestrial,295.272687326099,106.978243078775,52.3582173468005,25.496073,NaN,893.334270320412,8.75952808811392
270,2,BS2,Terrestrial,144.900842099444,121.047462704318,38.2889977212576,25.496073,NaN,893.334270320412,8.75952808811392
270,3,BS1,Terrestrial,158.603762337124,105.80964950966,53.526810915916,101.984292,NaN,893.334270320412,8.75952808811392
270,4,BS2,Terrestrial,1289.96390375941,139.454775865969,19.8816845596068,25.496073,NaN,893.334270320412,8.75952808811392
270,5,BS2,Terrestrial,2067.2298489109,144.791469182396,14.5449912431801,22.4062387087512,NaN,893.334270320412,9.96747247421209
270,6,SAT-1,Satellite,600139.521763894,150.88133493805,18.0938522561785,166.641,88.7007369245411,188.391482363219,1.1305229947205
271,1,BS1,Terrestrial,140.115347174963,100.223513227474,59.1129471981018,50.992146,NaN,893.334270320412,8.75952808811392
271,2,BS2,Terrestrial,144.900842099444,112.602880033709,46.7335803918669,101.984292,NaN,893.334270320412,8.75952808811392
271,3,BS1,Terrestrial,158.603762337124,116.477018872055,42.8594415535212,50.992146,NaN,893.334270320412,8.75952808811392
271,4,SAT-1,Satellite,600048.164031137,153.031118177067,15.9440690171609,53.3275442480073,89.2289463904609,188.391482363219,1.17757458501544
271,5,SAT-1,Satellite,600039.982999046,153.493271796905,15.4819153973232,51.8324420879221,89.2953170434521,188.391482363219,1.21154161868774
271,6,SAT-1,Satellite,600139.521763894,156.129691652309,12.8454955419193,43.4022522608677,88.7007369245411,188.391482363219,1.44686410304929
272,1,BS2,Terrestrial,295.272687326099,118.343679797942,40.9927806276341,50.992146,NaN,893.334270320412,8.75952808811392
272,2,BS2,Terrestrial,144.900842099444,106.702075534884,52.6343848906919,50.992146,NaN,893.334270320412,8.75952808811392
272,3,BS1,Terrestrial,158.603762337124,115.67359859727,43.6628618283057,50.992146,NaN,893.334270320412,8.75952808811392
272,4,BS1,Terrestrial,1684.50527938871,145.745160066179,13.5913003593965,42.014045404599,NaN,893.334270320412,10.6313765041848
272,5,SAT-1,Satellite,600039.982999046,155.987496300453,12.9876908937752,65.7774808315437,89.2953170434521,188.391482363219,1.43203631380844
272,6,SAT-1,Satellite,600139.521763894,152.780359244422,16.1948279498058,81.2106741144494,88.7007369245411,188.391482363219,1.15989360030259
273,1,BS1,Terrestrial,140.115347174963,84.2721427726904,75.0643176528854,50.992146,NaN,893.334270320412,8.75952808811392
273,2,BS2,Terrestrial,144.900842099444,109.308610364006,50.0278500615703,101.984292,NaN,893.334270320412,8.75952808811392
273,3,BS1,Terrestrial,158.603762337124,96.3735051377333,62.9629552878426,50.992146,NaN,893.334270320412,8.75952808811392
273,4,SAT-1,Satellite,600048.164031137,153.865010121541,15.1101770726867,50.6329947410696,89.2289463904609,188.391482363219,1.24024188395089
273,5,SAT-1,Satellite,600039.982999046,153.77403175286,15.2011554413683,50.9262705239555,89.2953170434521,188.391482363219,1.23309954060351
273,6,SAT-1,Satellite,600139.521763894,154.931476885573,14.0437103086552,47.2098726554303,88.7007369245411,188.391482363219,1.33017009484596
274,1,BS1,Terrestrial,140.115347174963,87.9887885765668,71.3476718490091,50.992146,NaN,893.334270320412,8.75952808811392
274,2,BS2,Terrestrial,144.900842099444,91.205607465992,68.1308529595838,50.992146,NaN,893.334270320412,8.75952808811392
274,3,BS1,Terrestrial,158.603762337124,109.024190827089,50.3122695984872,50.992146,NaN,893.334270320412,8.75952808811392
274,4,BS2,Terrestrial,1289.96390375941,137.482633241121,21.8538271844549,50.992146,NaN,893.334270320412,8.75952808811392
274,5,SAT-1,Satellite,600039.982999046,152.187209455637,16.7879777385913,83.3205,89.2953170434521,188.391482363219,1.1305229947205
274,6,SAT-1,Satellite,600139.521763894,157.168211691467,11.8069755027616,60.2152522170004,88.7007369245411,188.391482363219,1.56431697474507
275,1,BS2,Terrestrial,295.272687326099,104.325532936154,55.0109274894223,50.992146,NaN,893.334270320412,8.75952808811392
275,2,BS2,Terrestrial,144.900842099444,119.728196381303,39.6082640442733,50.992146,NaN,893.334270320412,8.75952808811392
275,3,BS1,Terrestrial,158.603762337124,111.166970305537,48.1694901200385,101.984292,NaN,893.334270320412,8.75952808811392
275,4,SAT-1,Satellite,600048.164031137,154.811643266132,14.1635439280962,47.5930557772963,89.2289463904609,188.391482363219,1.31946057596277
275,5,SAT-1,Satellite,600039.982999046,156.127973606081,12.8472135881469,43.4076777748439,89.2953170434521,188.391482363219,1.446683259894
275,6,SAT-1,Satellite,600139.521763894,153.332886363115,15.6423008311131,52.3508275555075,88.7007369245411,188.391482363219,1.19954475831649
276,1,BS1,Terrestrial,140.115347174963,113.961267062451,45.375193363125,50.992146,NaN,893.334270320412,8.75952808811392
276,2,BS2,Terrestrial,144.900842099444,108.595402059131,50.7410583664444,101.984292,NaN,893.334270320412,8.75952808811392
276,3,BS1,Terrestrial,158.603762337124,111.832180343794,47.5042800817821,50.992146,NaN,893.334270320412,8.75952808811392
276,4,SAT-1,Satellite,600048.164031137,153.574574375594,15.4006128186345,51.5698621468807,89.2289463904609,188.391482363219,1.21771046447402
276,5,SAT-1,Satellite,600039.982999046,156.182863187326,12.7923240069023,43.2343914790451,89.2953170434521,188.391482363219,1.45248166192361
276,6,SAT-1,Satellite,600139.521763894,155.517163574309,13.4580236199188,45.3430269338801,88.7007369245411,188.391482363219,1.38493534803734
277,1,BS1,Terrestrial,140.115347174963,102.218019992146,57.1184404334302,50.992146,NaN,893.334270320412,8.75952808811392
277,2,BS2,Terrestrial,144.900842099444,105.14860056828,54.1878598572959,101.984292,NaN,893.334270320412,8.75952808811392
277,3,BS1,Terrestrial,158.603762337124,86.3460740200712,72.9903864055047,50.992146,NaN,893.334270320412,8.75952808811392
277,4,SAT-1,Satellite,600048.164031137,155.730368360939,13.2448188332889,44.6660697993106,89.2289463904609,188.391482363219,1.40592537176192
277,5,SAT-1,Satellite,600039.982999046,154.427186916762,14.548000277466,48.8249916852253,89.2953170434521,188.391482363219,1.28616838672688
277,6,SAT-1,Satellite,600139.521763894,155.672894502408,13.3022926918203,44.8484128518182,88.7007369245411,188.391482363219,1.40020921130977
278,1,BS1,Terrestrial,140.115347174963,90.0436465974116,69.2928138281643,33.994764,NaN,893.334270320412,8.75952808811392
278,2,BS2,Terrestrial,144.900842099444,110.475555331401,48.8609050941747,101.984292,NaN,893.334270320412,8.75952808811392
278,3,BS1,Terrestrial,158.603762337124,118.757751578028,40.5787088475483,33.994764,NaN,893.334270320412,8.75952808811392
278,4,BS1,Terrestrial,1684.50527938871,146.141885941386,13.1945744841897,27.238132601798,NaN,893.334270320412,10.9323974025718
278,5,SAT-1,Satellite,600039.982999046,153.316146713542,15.6590404806865,78.6074426717701,89.2953170434521,188.391482363219,1.19830563086665
278,6,SAT-1,Satellite,600139.521763894,155.684180644577,13.2910065496514,67.2188963964496,88.7007369245411,188.391482363219,1.40132829057551
279,1,BS2,Terrestrial,295.272687326099,112.99911419027,46.3373462353063,50.992146,NaN,893.334270320412,8.75952808811392
279,2,BS2,Terrestrial,144.900842099444,109.91091232486,49.4255481007161,50.992146,NaN,893.334270320412,8.75952808811392
279,3,BS1,Terrestrial,158.603762337124,86.5738879965208,72.7625724290551,101.984292,NaN,893.334270320412,8.75952808811392
279,4,SAT-1,Satellite,600048.164031137,152.707449193745,16.2677380004833,54.3770171574374,89.2289463904609,188.391482363219,1.15484747178984
279,5,SAT-1,Satellite,600039.982999046,156.994564774638,11.9806224195904,40.6853099234687,89.2953170434521,188.391482363219,1.54348488203394
279,6,SAT-1,Satellite,600139.521763894,154.932980260979,14.0422069332491,47.2050679466106,88.7007369245411,188.391482363219,1.33030548454593
280,1,BS1,Terrestrial,140.115347174963,84.6952720605868,74.641188364989,50.992146,NaN,893.334270320412,8.75952808811392
280,2,BS2,Terrestrial,144.900842099444,111.952185722173,47.3842747034029,101.984292,NaN,893.334270320412,8.75952808811392
280,3,BS1,Terrestrial,158.603762337124,111.345395382751,47.9910650428245,50.992146,NaN,893.334270320412,8.75952808811392
280,4,SAT-1,Satellite,600048.164031137,154.500547493272,14.4746397009564,48.5896226853026,89.2289463904609,188.391482363219,1.2923986093585
280,5,SAT-1,Satellite,600039.982999046,152.858903830431,16.1162833637971,53.8857038026609,89.2953170434521,188.391482363219,1.16537701757991
280,6,SAT-1,Satellite,600139.521763894,156.362117389893,12.6130698043353,42.6692546451692,88.7007369245411,188.391482363219,1.47171918773719
281,1,BS1,Terrestrial,140.115347174963,95.387377052342,63.9490833732338,50.992146,NaN,893.334270320412,8.75952808811392
281,2,BS2,Terrestrial,144.900842099444,109.85560117048,49.4808592550957,33.994764,NaN,893.334270320412,8.75952808811392
281,3,BS1,Terrestrial,158.603762337124,101.418272140165,57.9181882854108,50.992146,NaN,893.334270320412,8.75952808811392
281,4,BS2,Terrestrial,1289.96390375941,139.091917801306,20.2445426242703,33.994764,NaN,893.334270320412,8.75952808811392
281,5,BS2,Terrestrial,2067.2298489109,140.085908602144,19.2505518234317,33.994764,NaN,893.334270320412,8.75952808811392
281,6,SAT-1,Satellite,600139.521763894,157.21729549403,11.7578917001979,119.97177666832,88.7007369245411,188.391482363219,1.57029834511875
282,1,BS1,Terrestrial,140.115347174963,104.302436803886,55.0340236216903,50.992146,NaN,893.334270320412,8.75952808811392
282,2,BS2,Terrestrial,144.900842099444,116.820717975253,42.5157424503233,101.984292,NaN,893.334270320412,8.75952808811392
282,3,BS1,Terrestrial,158.603762337124,105.191839561702,54.1446208638737,50.992146,NaN,893.334270320412,8.75952808811392
282,4,SAT-1,Satellite,600048.164031137,153.12075421639,15.8544329778384,53.0372430726826,89.2289463904609,188.391482363219,1.18402008003474
282,5,SAT-1,Satellite,600039.982999046,155.36364310126,13.6115440929684,45.8313703872007,89.2953170434521,188.391482363219,1.37017855362398
282,6,SAT-1,Satellite,600139.521763894,154.074910655725,14.9002765385034,49.9570710837509,88.7007369245411,188.391482363219,1.25702246799983
283,1,BS1,Terrestrial,140.115347174963,107.06884003407,52.2676203915054,33.994764,NaN,893.334270320412,8.75952808811392
283,2,BS2,Terrestrial,144.900842099444,119.021119738151,40.3153406874252,101.984292,NaN,893.334270320412,8.75952808811392
283,3,BS1,Terrestrial,158.603762337124,116.219468389388,43.1169920361879,33.994764,NaN,893.334270320412,8.75952808811392
283,4,BS1,Terrestrial,1684.50527938871,140.099186308905,19.2372741166704,33.994764,NaN,893.334270320412,8.75952808811392
283,5,SAT-1,Satellite,600039.982999046,155.94212934277,13.0330578514577,65.9927749240449,89.2953170434521,188.391482363219,1.42736445451831
283,6,SAT-1,Satellite,600139.521763894,155.457621520631,13.5175656735976,68.298511710124,88.7007369245411,188.391482363219,1.37917706876834
284,1,BS1,Terrestrial,140.115347174963,98.0659289606807,61.2705314648952,50.992146,NaN,893.334270320412,8.75952808811392
284,2,BS2,Terrestrial,144.900842099444,110.381284491188,48.9551759343874,50.992146,NaN,893.334270320412,8.75952808811392
284,3,BS1,Terrestrial,158.603762337124,85.2918318010472,74.0446286245287,50.992146,NaN,893.334270320412,8.75952808811392
284,4,SAT-1,Satellite,600048.164031137,154.138950912009,14.836236282219,74.6265744666536,89.2289463904609,188.391482363219,1.26222785723201
284,5,BS2,Terrestrial,2067.2298489109,142.713656547398,16.6228038781774,50.9768758141457,NaN,893.334270320412,8.76215201552738
284,6,SAT-1,Satellite,600139.521763894,153.031702179057,15.9434850151709,79.9884785643978,88.7007369245411,188.391482363219,1.1776163626587
285,1,BS1,Terrestrial,140.115347174963,106.984601932823,52.3518584927532,50.992146,NaN,893.334270320412,8.75952808811392
285,2,BS2,Terrestrial,144.900842099444,101.310022343657,58.0264380819188,101.984292,NaN,893.334270320412,8.75952808811392
285,3,BS1,Terrestrial,158.603762337124,107.944190911035,51.3922695145407,50.992146,NaN,893.334270320412,8.75952808811392
285,4,SAT-1,Satellite,600048.164031137,156.178556980586,12.7966302136425,43.2479822279167,89.2289463904609,188.391482363219,1.45202521719508
285,5,SAT-1,Satellite,600039.982999046,158.031359798234,10.9438273959938,37.4711564281465,89.2953170434521,188.391482363219,1.67587997739428
285,6,SAT-1,Satellite,600139.521763894,155.823516955911,13.1516702383173,44.370776453196,88.7007369245411,188.391482363219,1.41528198980201
286,1,BS1,Terrestrial,140.115347174963,82.1917369720197,77.1447234535562,33.994764,NaN,893.334270320412,8.75952808811392
286,2,BS2,Terrestrial,144.900842099444,114.092405852979,45.2440545725966,50.992146,NaN,893.334270320412,8.75952808811392
286,3,BS1,Terrestrial,158.603762337124,118.57548501213,40.7609754134458,33.994764,NaN,893.334270320412,8.75952808811392
286,4,BS1,Terrestrial,1684.50527938871,143.846108261286,15.4903521642897,31.7381350501132,NaN,893.334270320412,9.38234365808277
286,5,BS2,Terrestrial,2067.2298489109,143.973774306125,15.3626861194508,47.2287303221407,NaN,893.334270320412,9.45753002703123
286,6,SAT-1,Satellite,600139.521763894,153.095295649684,15.8798915445437,159.359038713228,88.7007369245411,188.391482363219,1.18218259776426
287,1,BS1,Terrestrial,140.115347174963,87.6708966329533,71.6655637926225,50.992146,NaN,893.334270320412,8.75952808811392
287,2,BS2,Terrestrial,144.900842099444,79.4788401008958,79.8576203246801,101.984292,NaN,893.334270320412,8.75952808811392
287,3,BS1,Terrestrial,158.603762337124,85.6497262915343,73.6867341340415,50.992146,NaN,893.334270320412,8.75952808811392
287,4,SAT-1,Satellite,600048.164031137,154.725981906306,14.2492052879221,47.867208780062,89.2289463904609,188.391482363219,1.31190354290924
287,5,SAT-1,Satellite,600039.982999046,154.419738121106,14.5554490731217,48.8488978677835,89.2953170434521,188.391482363219,1.28553894824217
287,6,SAT-1,Satellite,600139.521763894,151.534194915865,17.4409922783634,55.547,88.7007369245411,188.391482363219,1.1305229947205
288,1,BS1,Terrestrial,140.115347174963,117.458599335742,41.8778610898342,50.992146,NaN,893.334270320412,8.75952808811392
288,2,BS2,Terrestrial,144.900842099444,114.611684470124,44.7247759554517,50.992146,NaN,893.334270320412,8.75952808811392
288,3,BS1,Terrestrial,158.603762337124,118.821209395887,40.5152510296893,50.992146,NaN,893.334270320412,8.75952808811392
288,4,BS2,Terrestrial,1289.96390375941,147.248111297904,12.0883491276717,37.6582773277304,NaN,893.334270320412,11.8610612820384
288,5,SAT-1,Satellite,600039.982999046,152.832132787653,16.1430544065747,80.9587781001947,89.2953170434521,188.391482363219,1.16350250574474
288,6,SAT-1,Satellite,600139.521763894,154.911986312565,14.0632008816636,70.9082538066224,88.7007369245411,188.391482363219,1.32841716055363
289,1,BS1,Terrestrial,140.115347174963,106.478879689109,52.8575807364669,33.994764,NaN,893.334270320412,8.75952808811392
289,2,BS2,Terrestrial,144.900842099444,90.560422009907,68.7760384156689,101.984292,NaN,893.334270320412,8.75952808811392
289,3,BS1,Terrestrial,158.603762337124,113.973181385739,45.3632790398365,33.994764,NaN,893.334270320412,8.75952808811392
289,4,BS1,Terrestrial,1684.50527938871,141.973401475104,17.363058950472,33.994764,NaN,893.334270320412,8.75952808811392
289,5,SAT-1,Satellite,600039.982999046,155.416699666186,13.5584875280424,68.4937748217375,89.2953170434521,188.391482363219,1.37524528946994
289,6,SAT-1,Satellite,600139.521763894,155.719888575206,13.255298619022,67.0489652157019,88.7007369245411,188.391482363219,1.40487986471639
290,1,BS1,Terrestrial,140.115347174963,81.7608454772551,77.5756149483207,33.994764,NaN,893.334270320412,8.75952808811392
290,2,BS2,Terrestrial,144.900842099444,106.002176252172,53.334284173404,101.984292,NaN,893.334270320412,8.75952808811392
290,3,BS1,Terrestrial,158.603762337124,111.43732368303,47.8991367425459,33.994764,NaN,893.334270320412,8.75952808811392
290,4,BS1,Terrestrial,1684.50527938871,119.590388545224,39.7460718803523,33.994764,NaN,893.334270320412,8.75952808811392
290,5,SAT-1,Satellite,600039.982999046,159.340992282049,9.63419491217886,50.2409049940697,89.2953170434521,188.391482363219,1.87488145750416
290,6,SAT-1,Satellite,600139.521763894,154.736436976513,14.238750217715,71.7506062650385,88.7007369245411,188.391482363219,1.31282153677784
291,1,BS1,Terrestrial,140.115347174963,87.4718116545044,71.8646487710715,50.992146,NaN,893.334270320412,8.75952808811392
291,2,BS2,Terrestrial,144.900842099444,106.944410063553,52.3920503620225,101.984292,NaN,893.334270320412,8.75952808811392
291,3,BS1,Terrestrial,158.603762337124,112.267163377481,47.0692970480946,50.992146,NaN,893.334270320412,8.75952808811392
291,4,SAT-1,Satellite,600048.164031137,157.500058712633,11.4751284815955,39.1118461586593,89.2289463904609,188.391482363219,1.60557904970784
291,5,SAT-1,Satellite,600039.982999046,152.181528219087,16.7936589751413,55.547,89.2953170434521,188.391482363219,1.1305229947205
291,6,SAT-1,Satellite,600139.521763894,153.621336557027,15.3538506372008,51.4188982930079,88.7007369245411,188.391482363219,1.22128561428705
292,1,BS1,Terrestrial,140.115347174963,83.7920641121716,75.5443963134042,50.992146,NaN,893.334270320412,8.75952808811392
292,2,BS2,Terrestrial,144.900842099444,112.841308187208,46.4951522383677,101.984292,NaN,893.334270320412,8.75952808811392
292,3,BS1,Terrestrial,158.603762337124,107.903567680656,51.4328927449194,50.992146,NaN,893.334270320412,8.75952808811392
292,4,SAT-1,Satellite,600048.164031137,154.358155870123,14.6170313241047,49.0465930505823,89.2289463904609,188.391482363219,1.28035724566997
292,5,SAT-1,Satellite,600039.982999046,155.187373345599,13.7878138486288,46.3929660396254,89.2953170434521,188.391482363219,1.35359228237537
292,6,SAT-1,Satellite,600139.521763894,153.562061197396,15.4131259968324,51.6102665895645,88.7007369245411,188.391482363219,1.21675714809109
293,1,BS1,Terrestrial,140.115347174963,115.290893585926,44.0455668396499,50.992146,NaN,893.334270320412,8.75952808811392
293,2,BS2,Terrestrial,144.900842099444,108.929800128954,50.4066602966222,101.984292,NaN,893.334270320412,8.75952808811392
293,3,BS1,Terrestrial,158.603762337124,122.63457230254,36.7018881230354,50.992146,NaN,893.334270320412,8.75952808811392
293,4,SAT-1,Satellite,600048.164031137,154.280699258613,14.6944879356149,49.2953818620138,89.2289463904609,188.391482363219,1.27389541201891
293,5,SAT-1,Satellite,600039.982999046,154.138068279325,14.8371189149036,49.7538884747798,89.2953170434521,188.391482363219,1.26215583772053
293,6,SAT-1,Satellite,600139.521763894,154.010327363434,14.9648598307942,50.1649359568524,88.7007369245411,188.391482363219,1.25181383350618
294,1,BS1,Terrestrial,140.115347174963,101.56635638169,57.7701040438861,33.994764,NaN,893.334270320412,8.75952808811392
294,2,BS2,Terrestrial,144.900842099444,126.618882179128,32.7175782464476,101.984292,NaN,893.334270320412,8.75952808811392
294,3,BS1,Terrestrial,158.603762337124,103.265122482036,56.0713379435396,33.994764,NaN,893.334270320412,8.75952808811392
294,4,SAT-1,Satellite,600048.164031137,152.635522724767,16.3396644694614,81.9157250050928,89.2289463904609,188.391482363219,1.14991036428907
294,5,BS1,Terrestrial,2496.53115061175,141.347863422198,17.9885970033781,33.994764,NaN,893.334270320412,8.75952808811392
294,6,SAT-1,Satellite,600139.521763894,154.540738749477,14.4344484447516,72.6910973759162,88.7007369245411,188.391482363219,1.29583600443509
295,1,BS1,Terrestrial,140.115347174963,105.96497158386,53.3714888417154,33.994764,NaN,893.334270320412,8.75952808811392
295,2,BS1,Terrestrial,565.376556244471,119.505714296714,39.8307461288619,33.994764,NaN,893.334270320412,8.75952808811392
295,3,BS1,Terrestrial,158.603762337124,101.814326404055,57.5221340215207,33.994764,NaN,893.334270320412,8.75952808811392
295,4,SAT-1,Satellite,600048.164031137,157.43528008114,11.5399071130877,39.3128319079764,89.2289463904609,188.391482363219,1.59737057189712
295,5,SAT-1,Satellite,600039.982999046,152.235080230241,16.7401069639872,55.547,89.2953170434521,188.391482363219,1.1305229947205
295,6,SAT-1,Satellite,600139.521763894,155.414006052186,13.561181142042,45.6710869521095,88.7007369245411,188.391482363219,1.37498721792167
296,1,BS1,Terrestrial,140.115347174963,85.8756116760339,73.460848749542,50.992146,NaN,893.334270320412,8.75952808811392
296,2,BS2,Terrestrial,144.900842099444,108.523092591271,50.8133678343044,101.984292,NaN,893.334270320412,8.75952808811392
296,3,BS1,Terrestrial,158.603762337124,119.960455494456,39.3760049311194,50.992146,NaN,893.334270320412,8.75952808811392
296,4,SAT-1,Satellite,600048.164031137,152.629707872155,16.3454793220727,54.6293616255915,89.2289463904609,188.391482363219,1.14951298933579
296,5,SAT-1,Satellite,600039.982999046,152.588627047276,16.3865601469516,54.7627494204872,89.2953170434521,188.391482363219,1.14671307507885
296,6,SAT-1,Satellite,600139.521763894,158.953105073129,10.0220821210989,34.6610181397312,88.7007369245411,188.391482363219,1.81175176489569
297,1,BS1,Terrestrial,140.115347174963,92.7620001152424,66.5744603103335,50.992146,NaN,893.334270320412,8.75952808811392
297,2,BS2,Terrestrial,144.900842099444,104.715013854335,54.6214465712409,50.992146,NaN,893.334270320412,8.75952808811392
297,3,BS1,Terrestrial,158.603762337124,125.287249608938,34.0492108166377,50.992146,NaN,893.334270320412,8.75952808811392
297,4,BS2,Terrestrial,1289.96390375941,143.495634939129,15.8408254864465,48.6477448776251,NaN,893.334270320412,9.18166168408857
297,5,SAT-1,Satellite,600039.982999046,154.714418910614,14.2607682836144,71.8563456083115,89.2953170434521,188.391482363219,1.31088966999616
297,6,SAT-1,Satellite,600139.521763894,153.204394368394,15.7707928258339,79.1497459403744,88.7007369245411,188.391482363219,1.19009530684494
298,1,BS1,Terrestrial,140.115347174963,116.032401069485,43.3040593560907,50.992146,NaN,893.334270320412,8.75952808811392
298,2,BS2,Terrestrial,144.900842099444,118.664653092334,40.6718073332418,50.992146,NaN,893.334270320412,8.75952808811392
298,3,BS1,Terrestrial,158.603762337124,88.4847522073297,70.8517082182461,50.992146,NaN,893.334270320412,8.75952808811392
298,4,BS2,Terrestrial,1289.96390375941,131.299732884511,28.0367275410644,50.992146,NaN,893.334270320412,8.75952808811392
298,5,SAT-1,Satellite,600039.982999046,155.489724839184,13.4854623550439,68.1453820185403,89.2953170434521,188.391482363219,1.38227622168119
298,6,SAT-1,Satellite,600139.521763894,158.015697515847,10.9594896783808,56.2789755723035,88.7007369245411,188.391482363219,1.67372878101864
299,1,BS1,Terrestrial,140.115347174963,84.7664190852262,74.5700413403496,50.992146,NaN,893.334270320412,8.75952808811392
299,2,BS2,Terrestrial,144.900842099444,84.7179236476837,74.6185367778922,50.992146,NaN,893.334270320412,8.75952808811392
299,3,BS1,Terrestrial,158.603762337124,88.4095408701219,70.9269195554539,50.992146,NaN,893.334270320412,8.75952808811392
299,4,BS2,Terrestrial,1289.96390375941,139.399241406054,19.9372190195221,50.992146,NaN,893.334270320412,8.75952808811392
299,5,SAT-1,Satellite,600039.982999046,154.009501054483,14.9656861397454,75.2513941490043,89.2953170434521,188.391482363219,1.25174745593541
299,6,SAT-1,Satellite,600139.521763894,155.300054609986,13.6751325842418,69.0507835078522,88.7007369245411,188.391482363219,1.36415166340434
300,1,BS1,Terrestrial,140.115347174963,102.927979494085,56.4084809314911,50.992146,NaN,893.334270320412,8.75952808811392
300,2,BS2,Terrestrial,144.900842099444,115.348422251275,43.9880381743009,101.984292,NaN,893.334270320412,8.75952808811392
300,3,BS1,Terrestrial,158.603762337124,108.86755341288,50.468907012696,50.992146,NaN,893.334270320412,8.75952808811392
300,4,SAT-1,Satellite,600048.164031137,154.883972764617,14.091214429611,47.361725705226,89.2289463904609,188.391482363219,1.32590525055151
300,5,SAT-1,Satellite,600039.982999046,154.245425375355,14.7297618188731,49.4087291568846,89.2953170434521,188.391482363219,1.27097300131609
300,6,SAT-1,Satellite,600139.521763894,152.008848705869,16.9663384883593,55.547,88.7007369245411,188.391482363219,1.1305229947205
301,1,BS1,Terrestrial,140.115347174963,113.557855496767,45.7786049288085,50.992146,NaN,893.334270320412,8.75952808811392
301,2,BS2,Terrestrial,144.900842099444,105.858360855396,53.4780995701802,101.984292,NaN,893.334270320412,8.75952808811392
301,3,BS1,Terrestrial,158.603762337124,121.518372430624,37.8180879949519,50.992146,NaN,893.334270320412,8.75952808811392
301,4,SAT-1,Satellite,600048.164031137,153.533064105436,15.4421230887924,51.7039092786157,89.2289463904609,188.391482363219,1.21455343829701
301,5,SAT-1,Satellite,600039.982999046,156.095528104318,12.8796590899106,43.5101590806937,89.2953170434521,188.391482363219,1.44327582602666
301,6,SAT-1,Satellite,600139.521763894,153.875846242201,15.0993409520272,50.598075842957,88.7007369245411,188.391482363219,1.24109780345492
302,1,BS1,Terrestrial,140.115347174963,114.224663833335,45.1117965922411,33.994764,NaN,893.334270320412,8.75952808811392
302,2,BS2,Terrestrial,144.900842099444,98.6848233610578,60.6516370645181,101.984292,NaN,893.334270320412,8.75952808811392
302,3,BS1,Terrestrial,158.603762337124,120.75013370277,38.5863267228062,33.994764,NaN,893.334270320412,8.75952808811392
302,4,SAT-1,Satellite,600048.164031137,156.387191030851,12.5879961633771,63.8854502363782,89.2289463904609,188.391482363219,1.4744474811257
302,5,BS1,Terrestrial,2496.53115061175,139.404887110913,19.931573314663,33.994764,NaN,893.334270320412,8.75952808811392
302,6,SAT-1,Satellite,600139.521763894,156.03090505249,12.9442821417379,65.5715803488762,88.7007369245411,188.391482363219,1.43653303276262
303,1,BS1,Terrestrial,140.115347174963,105.127977870303,54.2084825552733,50.992146,NaN,893.334270320412,8.75952808811392
303,2,BS2,Terrestrial,144.900842099444,109.823832990126,49.5126274354498,50.992146,NaN,893.334270320412,8.75952808811392
303,3,BS1,Terrestrial,158.603762337124,92.9674848771773,66.3689755483985,50.992146,NaN,893.334270320412,8.75952808811392
303,4,BS2,Terrestrial,1289.96390375941,140.343709558944,18.9927508666316,50.992146,NaN,893.334270320412,8.75952808811392
303,5,SAT-1,Satellite,600039.982999046,155.510286343564,13.4649008506638,68.0473311362266,89.2953170434521,188.391482363219,1.38426797361141
303,6,SAT-1,Satellite,600139.521763894,157.866456560519,11.1087306337089,56.9682983847564,88.7007369245411,188.391482363219,1.65347647467761
304,1,BS2,Terrestrial,295.272687326099,119.760926667999,39.5755337575766,50.992146,NaN,893.334270320412,8.75952808811392
304,2,BS2,Terrestrial,144.900842099444,107.71524650777,51.6212139178056,50.992146,NaN,893.334270320412,8.75952808811392
304,3,BS1,Terrestrial,158.603762337124,117.649126623033,41.6873338025431,50.992146,NaN,893.334270320412,8.75952808811392
304,4,SAT-1,Satellite,600048.164031137,153.076316589021,15.898870605207,79.7717143884299,89.2289463904609,188.391482363219,1.18081630692986
304,5,BS1,Terrestrial,2496.53115061175,144.798097727761,14.5383626978145,44.7929497211883,NaN,893.334270320412,9.9718178405411
304,6,SAT-1,Satellite,600139.521763894,154.574780800724,14.4004063935042,72.5273895870573,88.7007369245411,188.391482363219,1.29876094697359
305,1,BS1,Terrestrial,140.115347174963,94.3605463085249,64.975914117051,50.992146,NaN,893.334270320412,8.75952808811392
305,2,BS2,Terrestrial,144.900842099444,86.8959796241048,72.4404808014711,101.984292,NaN,893.334270320412,8.75952808811392
305,3,BS1,Terrestrial,158.603762337124,84.9152693276741,74.4211910979018,50.992146,NaN,893.334270320412,8.75952808811392
305,4,SAT-1,Satellite,600048.164031137,153.020752980396,15.9544342138324,53.3611233041518,89.2289463904609,188.391482363219,1.17683356157634
305,5,SAT-1,Satellite,600039.982999046,155.806282477623,13.1689047166055,44.4253901606657,89.2953170434521,188.391482363219,1.41354213346539
305,6,SAT-1,Satellite,600139.521763894,154.641241642496,14.3339455517317,48.1386067255691,88.7007369245411,188.391482363219,1.30450723565259
306,1,BS1,Terrestrial,140.115347174963,94.3583725853647,64.9780878402111,50.992146,NaN,893.334270320412,8.75952808811392
306,2,BS2,Terrestrial,144.900842099444,103.419079194384,55.9173812311915,50.992146,NaN,893.334270320412,8.75952808811392
306,3,BS1,Terrestrial,158.603762337124,86.8990122835677,72.4374481420082,50.992146,NaN,893.334270320412,8.75952808811392
306,4,BS2,Terrestrial,1289.96390375941,143.247126323875,16.0893341017012,49.3868612779772,NaN,893.334270320412,9.04425030467335
306,5,SAT-1,Satellite,600039.982999046,152.335534886979,16.6396523072494,83.3205,89.2953170434521,188.391482363219,1.1305229947205
306,6,SAT-1,Satellite,600139.521763894,155.350025442498,13.6251617517297,68.8120842697488,88.7007369245411,188.391482363219,1.36888370961639
307,1,BS1,Terrestrial,140.115347174963,107.757603242509,51.5788571830665,50.992146,NaN,893.334270320412,8.75952808811392
307,2,BS2,Terrestrial,144.900842099444,95.9858926440271,63.3505677815488,101.984292,NaN,893.334270320412,8.75952808811392
307,3,BS1,Terrestrial,158.603762337124,113.672668357672,45.6637920679038,50.992146,NaN,893.334270320412,8.75952808811392
307,4,SAT-1,Satellite,600048.164031137,154.745675015857,14.2295121783708,47.8041649247305,89.2289463904609,188.391482363219,1.31363367368965
307,5,SAT-1,Satellite,600039.982999046,153.269903701183,15.7052834930449,52.5545353313816,89.2953170434521,188.391482363219,1.19489517682486
307,6,SAT-1,Satellite,600139.521763894,157.054351808827,11.9208353854011,40.4986157831926,88.7007369245411,188.391482363219,1.55060017665594
308,1,BS1,Terrestrial,140.115347174963,105.06527152117,54.2711889044057,33.994764,NaN,893.334270320412,8.75952808811392
308,2,BS2,Terrestrial,144.900842099444,106.53145086773,52.8050095578462,101.984292,NaN,893.334270320412,8.75952808811392
308,3,BS1,Terrestrial,158.603762337124,102.568527235813,56.7679331897624,33.994764,NaN,893.334270320412,8.75952808811392
308,4,BS1,Terrestrial,1684.50527938871,140.991976240673,18.3444841849026,33.994764,NaN,893.334270320412,8.75952808811392
308,5,SAT-1,Satellite,600039.982999046,153.924739666594,15.0504475276346,75.6608274202105,89.2953170434521,188.391482363219,1.24497371220193
308,6,SAT-1,Satellite,600139.521763894,155.00431666525,13.9708705289785,70.4657301374878,88.7007369245411,188.391482363219,1.33675959928069
309,1,BS1,Terrestrial,140.115347174963,120.089511826519,39.2469485990566,50.992146,NaN,893.334270320412,8.75952808811392
309,2,BS2,Terrestrial,144.900842099444,99.5186473568247,59.8178130687512,101.984292,NaN,893.334270320412,8.75952808811392
309,3,BS1,Terrestrial,158.603762337124,116.15705676846,43.1794036571154,50.992146,NaN,893.334270320412,8.75952808811392
309,4,SAT-1,Satellite,600048.164031137,152.117134927039,16.8580522671888,55.547,89.2289463904609,188.391482363219,1.1305229947205
309,5,SAT-1,Satellite,600039.982999046,156.850499329468,12.12468786476,41.1358022354888,89.2953170434521,188.391482363219,1.52658164846881
309,6,SAT-1,Satellite,600139.521763894,156.168863791267,12.8063234029611,43.2785772042636,88.7007369245411,188.391482363219,1.45099873527157
310,1,BS1,Terrestrial,140.115347174963,125.411573921624,33.9248865039515,50.992146,NaN,893.334270320412,8.75952808811392
310,2,BS2,Terrestrial,144.900842099444,116.789407718558,42.547052707018,101.984292,NaN,893.334270320412,8.75952808811392
310,3,BS1,Terrestrial,158.603762337124,114.240295874671,45.0961645509045,50.992146,NaN,893.334270320412,8.75952808811392
310,4,SAT-1,Satellite,600048.164031137,157.414765305614,11.5604218886145,39.3765232918667,89.2289463904609,188.391482363219,1.5947868307792
310,5,SAT-1,Satellite,600039.982999046,154.634537989469,14.3406492047587,48.1600846230068,89.2953170434521,188.391482363219,1.30392546606408
310,6,SAT-1,Satellite,600139.521763894,156.263335737832,12.711851456396,42.9805378436184,88.7007369245411,188.391482363219,1.46106037612239
311,1,BS1,Terrestrial,140.115347174963,111.911657304813,47.4248031207632,101.984292,NaN,893.334270320412,8.75952808811392
311,2,BS2,Terrestrial,144.900842099444,109.411336028256,49.9251243973196,50.992146,NaN,893.334270320412,8.75952808811392
311,3,BS2,Terrestrial,577.768536433813,98.3645837858974,60.9718766396785,50.992146,NaN,893.334270320412,8.75952808811392
311,4,SAT-1,Satellite,600048.164031137,154.764680410753,14.2105067834756,47.743332523275,89.2289463904609,188.391482363219,1.3153074464822
311,5,SAT-1,Satellite,600039.982999046,155.694592654406,13.2805945398225,44.7795599953985,89.2953170434521,188.391482363219,1.40236216689473
311,6,SAT-1,Satellite,600139.521763894,152.502201306794,16.4729858874337,55.0434625834605,88.7007369245411,188.391482363219,1.1408650153962
312,1,BS1,Terrestrial,140.115347174963,107.941912613753,51.394547811823,50.992146,NaN,893.334270320412,8.75952808811392
312,2,BS2,Terrestrial,144.900842099444,109.27086477302,50.0655956525559,50.992146,NaN,893.334270320412,8.75952808811392
312,3,BS1,Terrestrial,158.603762337124,113.00266554371,46.3337948818657,50.992146,NaN,893.334270320412,8.75952808811392
312,4,BS2,Terrestrial,1289.96390375941,138.752691201311,20.5837692242645,50.992146,NaN,893.334270320412,8.75952808811392
312,5,SAT-1,Satellite,600039.982999046,152.719096814185,16.2560903800434,81.5088277381589,89.2953170434521,188.391482363219,1.15565079017215
312,6,SAT-1,Satellite,600139.521763894,155.648242191202,13.3269450030259,67.3899877891236,88.7007369245411,188.391482363219,1.39777056313419
313,1,BS1,Terrestrial,140.115347174963,85.1009938840202,74.2354665415557,50.992146,NaN,893.334270320412,8.75952808811392
313,2,BS2,Terrestrial,144.900842099444,99.0546518906867,60.2818085348891,101.984292,NaN,893.334270320412,8.75952808811392
313,3,BS1,Terrestrial,158.603762337124,104.915670930756,54.4207894948195,50.992146,NaN,893.334270320412,8.75952808811392
313,4,SAT-1,Satellite,600048.164031137,156.948893945489,12.026293248739,40.8280274001622,89.2289463904609,188.391482363219,1.53808951317325
313,5,SAT-1,Satellite,600039.982999046,157.139915935832,11.8352712583962,40.2316990522055,89.2953170434521,188.391482363219,1.56088761516765
313,6,SAT-1,Satellite,600139.521763894,152.873859626402,16.1013275678258,53.837209702298,88.7007369245411,188.391482363219,1.16642673598775
314,1,BS1,Terrestrial,140.115347174963,108.677122492693,50.6593379328831,50.992146,NaN,893.334270320412,8.75952808811392
314,2,BS2,Terrestrial,144.900842099444,118.460706028159,40.8757543974171,50.992146,NaN,893.334270320412,8.75952808811392
314,3,BS1,Terrestrial,158.603762337124,112.98641952352,46.3500409020558,50.992146,NaN,893.334270320412,8.75952808811392
314,4,BS2,Terrestrial,1289.96390375941,140.623741158659,18.712719266917,50.992146,NaN,893.334270320412,8.75952808811392
314,5,SAT-1,Satellite,600039.982999046,154.492052064177,14.483135130051,72.9253084866083,89.2953170434521,188.391482363219,1.2916742230704
314,6,SAT-1,Satellite,600139.521763894,156.776788984297,12.1983982099309,62.0499451345731,88.7007369245411,188.391482363219,1.51806324691051
315,1,BS1,Terrestrial,140.115347174963,99.9138830849159,59.4225773406599,33.994764,NaN,893.334270320412,8.75952808811392
315,2,BS1,Terrestrial,565.376556244471,98.9752923502722,60.3611680753037,33.994764,NaN,893.334270320412,8.75952808811392
315,3,BS1,Terrestrial,158.603762337124,105.711673512988,53.6247869125876,33.994764,NaN,893.334270320412,8.75952808811392
315,4,SAT-1,Satellite,600048.164031137,156.383214370326,12.5919728239026,42.6028206946096,89.2289463904609,188.391482363219,1.47401415596139
315,5,SAT-1,Satellite,600039.982999046,153.835391476924,15.139795717304,50.7284527326711,89.2953170434521,188.391482363219,1.23790806549271
315,6,SAT-1,Satellite,600139.521763894,155.857029193673,13.1181580005552,44.2646094216773,88.7007369245411,188.391482363219,1.41867649140458
316,1,BS2,Terrestrial,295.272687326099,86.7830339610378,72.553426464538,33.994764,NaN,893.334270320412,8.75952808811392
316,2,BS2,Terrestrial,144.900842099444,103.013954430797,56.3225059947792,33.994764,NaN,893.334270320412,8.75952808811392
316,3,BS1,Terrestrial,158.603762337124,91.1052185396836,68.2312418858922,101.984292,NaN,893.334270320412,8.75952808811392
316,4,SAT-1,Satellite,600048.164031137,152.771524310283,16.2036628839455,81.253666151833,89.2289463904609,188.391482363219,1.15927989028326
316,5,BS2,Terrestrial,2067.2298489109,140.998805088778,18.3376553367981,33.994764,NaN,893.334270320412,8.75952808811392
316,6,SAT-1,Satellite,600139.521763894,153.972910361818,15.0022768324105,75.4281126293263,88.7007369245411,188.391482363219,1.24881477075414
317,1,BS2,Terrestrial,295.272687326099,123.267163614756,36.0692968108203,33.994764,NaN,893.334270320412,8.75952808811392
317,2,BS2,Terrestrial,144.900842099444,106.874357507374,52.4621029182019,33.994764,NaN,893.334270320412,8.75952808811392
317,3,BS1,Terrestrial,158.603762337124,112.26242654627,47.0740338793057,101.984292,NaN,893.334270320412,8.75952808811392
317,4,BS2,Terrestrial,1289.96390375941,146.028415353542,13.308045072034,27.4584014026803,NaN,893.334270320412,10.8446987040453
317,5,SAT-1,Satellite,600039.982999046,155.664755610982,13.3104315832459,67.3113648805314,89.2953170434521,188.391482363219,1.39940322631689
317,6,SAT-1,Satellite,600139.521763894,155.440338727955,13.5348484662729,68.3809689301613,88.7007369245411,188.391482363219,1.37751398752207
318,1,BS1,Terrestrial,140.115347174963,102.519689410152,56.8167710154236,50.992146,NaN,893.334270320412,8.75952808811392
318,2,BS2,Terrestrial,144.900842099444,113.889258009185,45.4472024163906,50.992146,NaN,893.334270320412,8.75952808811392
318,3,BS1,Terrestrial,158.603762337124,104.609821935119,54.7266384904571,50.992146,NaN,893.334270320412,8.75952808811392
318,4,SAT-1,Satellite,600048.164031137,154.569670114249,14.405517079979,72.5519639534423,89.2289463904609,188.391482363219,1.29832103844985
318,5,BS2,Terrestrial,2067.2298489109,140.809641049809,18.5268193757673,50.992146,NaN,893.334270320412,8.75952808811392
318,6,SAT-1,Satellite,600139.521763894,155.183972749382,13.7912144448464,69.6057141813747,88.7007369245411,188.391482363219,1.35327598156897
319,1,BS1,Terrestrial,140.115347174963,80.325153999402,79.0113064261738,50.992146,NaN,893.334270320412,8.75952808811392
319,2,BS2,Terrestrial,144.900842099444,113.34914629907,45.9873141265054,50.992146,NaN,893.334270320412,8.75952808811392
319,3,BS1,Terrestrial,158.603762337124,101.447696491823,57.8887639337532,50.992146,NaN,893.334270320412,8.75952808811392
319,4,BS2,Terrestrial,1289.96390375941,132.930852423035,26.4056080025406,50.992146,NaN,893.334270320412,8.75952808811392
319,5,SAT-1,Satellite,600039.982999046,154.294098863172,14.6810883310557,73.8784982417635,89.2953170434521,188.391482363219,1.2750088784068
319,6,SAT-1,Satellite,600139.521763894,155.05788384753,13.917303346698,70.2091574050911,88.7007369245411,188.391482363219,1.34164466093961
320,1,BS1,Terrestrial,140.115347174963,127.622231553266,31.7142288723099,50.992146,NaN,893.334270320412,8.75952808811392
320,2,BS2,Terrestrial,144.900842099444,114.940936296997,44.3955241285792,50.992146,NaN,893.334270320412,8.75952808811392
320,3,BS1,Terrestrial,158.603762337124,122.224264373769,37.1121960518067,50.992146,NaN,893.334270320412,8.75952808811392
320,4,BS2,Terrestrial,1289.96390375941,142.937785309937,16.398675115639,50.30832014664,NaN,893.334270320412,8.87859371686928
320,5,SAT-1,Satellite,600039.982999046,153.975790114216,14.9993970800122,75.4142029128334,89.2953170434521,188.391482363219,1.2490451074645
320,6,SAT-1,Satellite,600139.521763894,158.337880922157,10.6373062720713,54.7969124642543,88.7007369245411,188.391482363219,1.71899723808446
321,1,BS1,Terrestrial,140.115347174963,114.622453756258,44.7140066693177,33.994764,NaN,893.334270320412,8.75952808811392
321,2,BS2,Terrestrial,144.900842099444,114.994052337312,44.3424080882639,101.984292,NaN,893.334270320412,8.75952808811392
321,3,BS1,Terrestrial,158.603762337124,96.9068715391091,62.4295888864667,33.994764,NaN,893.334270320412,8.75952808811392
321,4,SAT-1,Satellite,600048.164031137,153.368260741412,15.6069264528158,78.3546733044724,89.2289463904609,188.391482363219,1.20217132187612
321,5,BS1,Terrestrial,2496.53115061175,142.859140220255,16.4773202053211,33.6952168223086,NaN,893.334270320412,8.83739943497422
321,6,SAT-1,Satellite,600139.521763894,156.829231763367,12.1459554308612,61.803569516273,88.7007369245411,188.391482363219,1.52411490014031
322,1,BS1,Terrestrial,140.115347174963,98.3360176788242,61.0004427467516,50.992146,NaN,893.334270320412,8.75952808811392
322,2,BS2,Terrestrial,144.900842099444,119.622677870519,39.7137825550568,50.992146,NaN,893.334270320412,8.75952808811392
322,3,BS1,Terrestrial,158.603762337124,107.887818936016,51.4486414895601,50.992146,NaN,893.334270320412,8.75952808811392
322,4,BS2,Terrestrial,1289.96390375941,139.802792667707,19.5336677578685,50.992146,NaN,893.334270320412,8.75952808811392
322,5,SAT-1,Satellite,600039.982999046,156.631592885582,12.3435943086458,62.7329520391829,89.2953170434521,188.391482363219,1.50153528759136
322,6,SAT-1,Satellite,600139.521763894,155.103299802482,13.8718873917459,69.9917234959918,88.7007369245411,188.391482363219,1.34581256863897
323,1,BS1,Terrestrial,140.115347174963,111.206277345736,48.1301830798398,50.992146,NaN,893.334270320412,8.75952808811392
323,2,BS2,Terrestrial,144.900842099444,107.383116197619,51.9533442279572,101.984292,NaN,893.334270320412,8.75952808811392
323,3,BS1,Terrestrial,158.603762337124,109.499177429996,49.8372829955794,50.992146,NaN,893.334270320412,8.75952808811392
323,4,SAT-1,Satellite,600048.164031137,157.107926756573,11.8672604376551,40.3314515508487,89.2289463904609,188.391482363219,1.55702704398245
323,5,SAT-1,Satellite,600039.982999046,157.67492946252,11.3002577317082,38.5702844137025,89.2953170434521,188.391482363219,1.62812283451636
323,6,SAT-1,Satellite,600139.521763894,155.229811631143,13.7453755630853,46.2576726438894,88.7007369245411,188.391482363219,1.35755123849784
324,1,BS1,Terrestrial,140.115347174963,89.9098160576728,69.4266443679031,33.994764,NaN,893.334270320412,8.75952808811392
324,2,BS2,Terrestrial,144.900842099444,101.502673633673,57.8337867919029,101.984292,NaN,893.334270320412,8.75952808811392
324,3,BS1,Terrestrial,158.603762337124,117.742665627577,41.5937947979991,33.994764,NaN,893.334270320412,8.75952808811392
324,4,BS1,Terrestrial,1684.50527938871,142.896350626881,16.4401097986946,33.6212392958639,NaN,893.334270320412,8.85684455252775
324,5,SAT-1,Satellite,600039.982999046,152.520142488075,16.4550447061528,82.4777684022583,89.2953170434521,188.391482363219,1.14207431901164
324,6,SAT-1,Satellite,600139.521763894,155.957115145422,13.0180720488064,65.9216462428695,88.7007369245411,188.391482363219,1.42890456398149
325,1,BS1,Terrestrial,140.115347174963,125.39345635973,33.9430040658454,50.992146,NaN,893.334270320412,8.75952808811392
325,2,BS2,Terrestrial,144.900842099444,117.831328261722,41.5051321638535,101.984292,NaN,893.334270320412,8.75952808811392
325,3,BS1,Terrestrial,158.603762337124,124.28496488967,35.0514955359061,50.992146,NaN,893.334270320412,8.75952808811392
325,4,SAT-1,Satellite,600048.164031137,156.59905797794,12.3761292162878,41.9241141644503,89.2289463904609,188.391482363219,1.49787686727054
325,5,SAT-1,Satellite,600039.982999046,153.617528465473,15.3576587287547,51.4311903620446,89.2953170434521,188.391482363219,1.22099372667997
325,6,SAT-1,Satellite,600139.521763894,154.174766165526,14.8004210287025,49.6358717927652,88.7007369245411,188.391482363219,1.26515680131345
326,1,BS1,Terrestrial,140.115347174963,117.457715371838,41.878745053738,50.992146,NaN,893.334270320412,8.75952808811392
326,2,BS2,Terrestrial,144.900842099444,126.061714277997,33.2747461475789,50.992146,NaN,893.334270320412,8.75952808811392
326,3,BS1,Terrestrial,158.603762337124,137.160513791406,22.1759466341698,50.992146,NaN,893.334270320412,8.75952808811392
326,4,BS2,Terrestrial,1289.96390375941,143.70692084579,15.6295395797855,48.0201786155138,NaN,893.334270320412,9.30165501333437
326,5,SAT-1,Satellite,600039.982999046,154.275944356963,14.6992428372656,73.9659888956546,89.2953170434521,188.391482363219,1.27350073443205
326,6,SAT-1,Satellite,600139.521763894,153.809389692033,15.1657975021953,76.2184048336964,88.7007369245411,188.391482363219,1.23586607968427
327,1,BS1,Terrestrial,140.115347174963,111.003177104411,48.3332833211653,50.992146,NaN,893.334270320412,8.75952808811392
327,2,BS2,Terrestrial,144.900842099444,114.494268434976,44.8421919906002,50.992146,NaN,893.334270320412,8.75952808811392
327,3,BS1,Terrestrial,158.603762337124,121.438301392987,37.8981590325893,50.992146,NaN,893.334270320412,8.75952808811392
327,4,BS2,Terrestrial,1289.96390375941,134.399890411487,24.9365700140892,50.992146,NaN,893.334270320412,8.75952808811392
327,5,SAT-1,Satellite,600039.982999046,155.733421648189,13.2417655460387,66.9845788525477,89.2953170434521,188.391482363219,1.40623025172646
327,6,SAT-1,Satellite,600139.521763894,156.014907532023,12.9602796622048,65.6474497761234,88.7007369245411,188.391482363219,1.4348728168854
328,1,BS1,Terrestrial,140.115347174963,94.9710291723773,64.3654312531985,50.992146,NaN,893.334270320412,8.75952808811392
328,2,BS2,Terrestrial,144.900842099444,106.86335853417,52.4731018914056,33.994764,NaN,893.334270320412,8.75952808811392
328,3,BS1,Terrestrial,158.603762337124,116.484480525118,42.8519799004581,50.992146,NaN,893.334270320412,8.75952808811392
328,4,BS2,Terrestrial,1289.96390375941,138.281913569209,21.0545468563667,33.994764,NaN,893.334270320412,8.75952808811392
328,5,BS2,Terrestrial,2067.2298489109,141.903509035722,17.4329513898542,33.994764,NaN,893.334270320412,8.75952808811392
328,6,SAT-1,Satellite,600139.521763894,155.902014329874,13.0731728643544,132.366468274931,88.7007369245411,188.391482363219,1.42325684758712
329,1,BS1,Terrestrial,140.115347174963,101.572602600367,57.7638578252093,50.992146,NaN,893.334270320412,8.75952808811392
329,2,BS2,Terrestrial,144.900842099444,112.817944080058,46.5185163455182,101.984292,NaN,893.334270320412,8.75952808811392
329,3,BS1,Terrestrial,158.603762337124,111.383497037344,47.9529633882321,50.992146,NaN,893.334270320412,8.75952808811392
329,4,SAT-1,Satellite,600048.164031137,154.845266614044,14.1299205801842,47.4855010237856,89.2289463904609,188.391482363219,1.3224491567707
329,5,SAT-1,Satellite,600039.982999046,152.980182418474,15.9950047757546,53.492574598301,89.2953170434521,188.391482363219,1.17394164067276
329,6,SAT-1,Satellite,600139.521763894,154.331323576312,14.6438636179159,49.1327611061488,88.7007369245411,188.391482363219,1.27811178069292
330,1,BS1,Terrestrial,140.115347174963,112.222918035188,47.1135423903875,33.994764,NaN,893.334270320412,8.75952808811392
330,2,BS2,Terrestrial,144.900842099444,113.395026119552,45.9414343060237,101.984292,NaN,893.334270320412,8.75952808811392
330,3,BS1,Terrestrial,158.603762337124,110.399353111,48.937107314576,33.994764,NaN,893.334270320412,8.75952808811392
330,4,BS1,Terrestrial,1684.50527938871,136.913430487759,22.4230299378167,33.994764,NaN,893.334270320412,8.75952808811392
330,5,SAT-1,Satellite,600039.982999046,155.967490104637,13.007697089591,65.8724093220101,89.2953170434521,188.391482363219,1.42997261146383
330,6,SAT-1,Satellite,600139.521763894,156.886381487475,12.0888057067529,61.5352755117484,88.7007369245411,188.391482363219,1.53076004614012
331,1,BS1,Terrestrial,140.115347174963,106.020514908597,53.3159455169791,33.994764,NaN,893.334270320412,8.75952808811392
331,2,BS2,Terrestrial,144.900842099444,114.081598566857,45.2548618587186,101.984292,NaN,893.334270320412,8.75952808811392
331,3,BS1,Terrestrial,158.603762337124,125.120962497596,34.2154979279794,33.994764,NaN,893.334270320412,8.75952808811392
331,4,BS1,Terrestrial,1684.50527938871,137.850387241891,21.4860731836852,33.994764,NaN,893.334270320412,8.75952808811392
331,5,SAT-1,Satellite,600039.982999046,153.371084529285,15.6041026649435,78.3409793580732,89.2953170434521,188.391482363219,1.20238146055168
331,6,SAT-1,Satellite,600139.521763894,155.338364600737,13.6368225934911,68.8677752718372,88.7007369245411,188.391482363219,1.36777674042463
332,1,BS1,Terrestrial,140.115347174963,111.687856901174,47.6486035244021,50.992146,NaN,893.334270320412,8.75952808811392
332,2,BS2,Terrestrial,144.900842099444,118.846298046802,40.4901623787744,50.992146,NaN,893.334270320412,8.75952808811392
332,3,BS1,Terrestrial,158.603762337124,118.366337116542,40.9701233090335,50.992146,NaN,893.334270320412,8.75952808811392
332,4,BS2,Terrestrial,1289.96390375941,144.247375479489,15.0890849460869,46.418696386672,NaN,893.334270320412,9.62256956635378
332,5,SAT-1,Satellite,600039.982999046,155.814127801503,13.1610593927249,66.6007922441486,89.2953170434521,188.391482363219,1.41433364390474
332,6,SAT-1,Satellite,600139.521763894,154.1668536526,14.808333541628,74.4919724079567,88.7007369245411,188.391482363219,1.26450861934148
333,1,BS1,Terrestrial,140.115347174963,106.52835358792,52.8081068376562,25.496073,NaN,893.334270320412,8.75952808811392
333,2,BS1,Terrestrial,565.376556244471,97.0620529255505,62.2744075000254,25.496073,NaN,893.334270320412,8.75952808811392
333,3,BS1,Terrestrial,158.603762337124,84.3253302439364,75.0111301816395,25.496073,NaN,893.334270320412,8.75952808811392
333,4,BS1,Terrestrial,1684.50527938871,134.832778867158,24.5036815584174,25.496073,NaN,893.334270320412,8.75952808811392
333,5,SAT-1,Satellite,600039.982999046,155.495198482095,13.479988712133,68.1192781122091,89.2953170434521,188.391482363219,1.38280592208341
333,6,SAT-1,Satellite,600139.521763894,156.038034493022,12.9371527012065,65.5377727948568,88.7007369245411,188.391482363219,1.43727406600246
334,1,BS1,Terrestrial,140.115347174963,82.1444761615504,77.1919842640255,33.994764,NaN,893.334270320412,8.75952808811392
334,2,BS2,Terrestrial,144.900842099444,106.521598910743,52.8148615148324,50.992146,NaN,893.334270320412,8.75952808811392
334,3,BS1,Terrestrial,158.603762337124,105.874944511015,53.4615159145614,33.994764,NaN,893.334270320412,8.75952808811392
334,4,BS2,Terrestrial,1289.96390375941,141.369264786675,17.9671956389011,50.992146,NaN,893.334270320412,8.75952808811392
334,5,BS1,Terrestrial,2496.53115061175,139.584332088943,19.7521283366331,33.994764,NaN,893.334270320412,8.75952808811392
334,6,SAT-1,Satellite,600139.521763894,158.458940916115,10.5162462781129,108.484505507315,88.7007369245411,188.391482363219,1.73657502038865
335,1,BS1,Terrestrial,140.115347174963,102.219999050682,57.1164613748935,50.992146,NaN,893.334270320412,8.75952808811392
335,2,BS2,Terrestrial,144.900842099444,123.375578812759,35.9608816128165,50.992146,NaN,893.334270320412,8.75952808811392
335,3,BS1,Terrestrial,158.603762337124,108.727881216459,50.608579209117,50.992146,NaN,893.334270320412,8.75952808811392
335,4,BS2,Terrestrial,1289.96390375941,136.07204103379,23.264419391786,50.992146,NaN,893.334270320412,8.75952808811392
335,5,SAT-1,Satellite,600039.982999046,155.024478910877,13.9507082833513,70.3691438868617,89.2953170434521,188.391482363219,1.33859438922627
335,6,SAT-1,Satellite,600139.521763894,155.61944229152,13.3557449027085,67.5271402518553,88.7007369245411,188.391482363219,1.3949315909172
336,1,BS1,Terrestrial,140.115347174963,121.4657726047,37.8706878208756,50.992146,NaN,893.334270320412,8.75952808811392
336,2,BS2,Terrestrial,144.900842099444,115.062193029879,44.2742673956971,101.984292,NaN,893.334270320412,8.75952808811392
336,3,BS1,Terrestrial,158.603762337124,92.3614272819825,66.9750331435934,50.992146,NaN,893.334270320412,8.75952808811392
336,4,SAT-1,Satellite,600048.164031137,153.397352471532,15.5778347226959,52.1424030246725,89.2289463904609,188.391482363219,1.20433959973086
336,5,SAT-1,Satellite,600039.982999046,153.64769616413,15.3274910300981,51.3338209831368,89.2953170434521,188.391482363219,1.22330969300665
336,6,SAT-1,Satellite,600139.521763894,153.773403007946,15.2017841862823,50.9282979624056,88.7007369245411,188.391482363219,1.23305045132463
337,1,BS1,Terrestrial,140.115347174963,107.108473766093,52.2279866594829,50.992146,NaN,893.334270320412,8.75952808811392
337,2,BS2,Terrestrial,144.900842099444,118.735819638178,40.6006407873975,50.992146,NaN,893.334270320412,8.75952808811392
337,3,BS1,Terrestrial,158.603762337124,120.461253483303,38.8752069422724,50.992146,NaN,893.334270320412,8.75952808811392
337,4,BS2,Terrestrial,1289.96390375941,143.203540065639,16.1329203599365,49.5166022530529,NaN,893.334270320412,9.02055300316304
337,5,SAT-1,Satellite,600039.982999046,155.733485317521,13.2417018767071,66.9842759541172,89.2953170434521,188.391482363219,1.40623661060592
337,6,SAT-1,Satellite,600139.521763894,154.706251255024,14.2689359392044,71.8955748084076,88.7007369245411,188.391482363219,1.31017439435777
338,1,BS1,Terrestrial,140.115347174963,87.6253285330693,71.7111318925066,50.992146,NaN,893.334270320412,8.75952808811392
338,2,BS2,Terrestrial,144.900842099444,108.108870350233,51.2275900753426,101.984292,NaN,893.334270320412,8.75952808811392
338,3,BS1,Terrestrial,158.603762337124,103.680507927467,55.6559524981089,50.992146,NaN,893.334270320412,8.75952808811392
338,4,SAT-1,Satellite,600048.164031137,154.255929999235,14.7192571949929,49.374970990387,89.2289463904609,188.391482363219,1.27184197839763
338,5,SAT-1,Satellite,600039.982999046,156.163108542895,12.812078651333,43.2967443194994,89.2953170434521,188.391482363219,1.45038990286061
338,6,SAT-1,Satellite,600139.521763894,154.996976323844,13.9782108703837,47.0005986522234,88.7007369245411,188.391482363219,1.33609278580474
339,1,BS1,Terrestrial,140.115347174963,99.3910288129649,59.945431612611,50.992146,NaN,893.334270320412,8.75952808811392
339,2,BS2,Terrestrial,144.900842099444,120.261200031514,39.0752603940622,50.992146,NaN,893.334270320412,8.75952808811392
339,3,BS1,Terrestrial,158.603762337124,93.898574928156,65.4378854974199,50.992146,NaN,893.334270320412,8.75952808811392
339,4,BS2,Terrestrial,1289.96390375941,145.277708425713,14.0587519998631,43.3827967956309,NaN,893.334270320412,10.2959506567633
339,5,SAT-1,Satellite,600039.982999046,154.203353293191,14.7718339010374,74.3159409264306,89.2953170434521,188.391482363219,1.2675038492059
339,6,SAT-1,Satellite,600139.521763894,155.076333325191,13.8988538690374,70.1208177456941,88.7007369245411,188.391482363219,1.34333489268804
340,1,BS1,Terrestrial,140.115347174963,114.944038086722,44.3924223388535,33.994764,NaN,893.334270320412,8.75952808811392
340,2,BS2,Terrestrial,144.900842099444,100.412197778384,58.9242626471916,101.984292,NaN,893.334270320412,8.75952808811392
340,3,BS1,Terrestrial,158.603762337124,108.198254861154,51.138205564422,33.994764,NaN,893.334270320412,8.75952808811392
340,4,BS1,Terrestrial,1684.50527938871,142.208078914091,17.1283815114849,33.994764,NaN,893.334270320412,8.75952808811392
340,5,SAT-1,Satellite,600039.982999046,153.150386584803,15.8248006094247,79.4119604153872,89.2953170434521,188.391482363219,1.1861656693638
340,6,SAT-1,Satellite,600139.521763894,155.825664044708,13.1495231495198,66.5459599832311,88.7007369245411,188.391482363219,1.41549902060689
341,1,BS1,Terrestrial,140.115347174963,121.782453104032,37.5540073215436,50.992146,NaN,893.334270320412,8.75952808811392
341,2,BS2,Terrestrial,144.900842099444,119.697819403683,39.6386410218929,50.992146,NaN,893.334270320412,8.75952808811392
341,3,BS1,Terrestrial,158.603762337124,119.59374660709,39.7427138184862,50.992146,NaN,893.334270320412,8.75952808811392
341,4,BS2,Terrestrial,1289.96390375941,141.40186867224,17.9345917533358,50.992146,NaN,893.334270320412,8.75952808811392
341,5,SAT-1,Satellite,600039.982999046,153.046218737198,15.9289684570298,79.9179421265125,89.2953170434521,188.391482363219,1.17865573956465
341,6,SAT-1,Satellite,600139.521763894,152.181950676803,16.7932365174255,83.3205,88.7007369245411,188.391482363219,1.1305229947205
342,1,BS1,Terrestrial,140.115347174963,91.2182893648208,68.118171060755,50.992146,NaN,893.334270320412,8.75952808811392
342,2,BS2,Terrestrial,144.900842099444,88.612660489398,70.7237999361779,101.984292,NaN,893.334270320412,8.75952808811392
342,3,BS1,Terrestrial,158.603762337124,86.1271812671006,73.2092791584753,50.992146,NaN,893.334270320412,8.75952808811392
342,4,SAT-1,Satellite,600048.164031137,156.228718598632,12.7464685955966,43.0897098279051,89.2289463904609,188.391482363219,1.45735863709789
342,5,SAT-1,Satellite,600039.982999046,153.6422486082,15.332938586028,51.35140211352,89.2953170434521,188.391482363219,1.22289086963812
342,6,SAT-1,Satellite,600139.521763894,156.310828463282,12.6643587309462,42.8308321808702,88.7007369245411,188.391482363219,1.46616718821977
343,1,BS1,Terrestrial,140.115347174963,86.7494339964912,72.5870264290846,50.992146,NaN,893.334270320412,8.75952808811392
343,2,BS2,Terrestrial,144.900842099444,114.354503574379,44.981956851197,33.994764,NaN,893.334270320412,8.75952808811392
343,3,BS1,Terrestrial,158.603762337124,111.411516759965,47.9249436656104,50.992146,NaN,893.334270320412,8.75952808811392
343,4,BS2,Terrestrial,1289.96390375941,139.225296892828,20.1111635327481,33.994764,NaN,893.334270320412,8.75952808811392
343,5,BS2,Terrestrial,2067.2298489109,137.450463344958,21.8859970806176,33.994764,NaN,893.334270320412,8.75952808811392
343,6,SAT-1,Satellite,600139.521763894,153.416014175629,15.5591730185992,156.246250840502,88.7007369245411,188.391482363219,1.20573441826474
344,1,BS2,Terrestrial,295.272687326099,88.3826604336187,70.9537999919571,50.992146,NaN,893.334270320412,8.75952808811392
344,2,BS2,Terrestrial,144.900842099444,113.523742442052,45.8127179835238,50.992146,NaN,893.334270320412,8.75952808811392
344,3,BS1,Terrestrial,158.603762337124,125.889200264208,33.4472601613675,101.984292,NaN,893.334270320412,8.75952808811392
344,4,SAT-1,Satellite,600048.164031137,155.910931502113,13.0642556921147,44.0939265082024,89.2289463904609,188.391482363219,1.42416803765612
344,5,SAT-1,Satellite,600039.982999046,151.587782256544,17.3874049376842,55.547,89.2953170434521,188.391482363219,1.1305229947205
344,6,SAT-1,Satellite,600139.521763894,154.075955555811,14.8992316384168,49.9537088080663,88.7007369245411,188.391482363219,1.25710707545301
345,1,BS1,Terrestrial,140.115347174963,112.140417534949,47.1960428906274,50.992146,NaN,893.334270320412,8.75952808811392
345,2,BS2,Terrestrial,144.900842099444,111.683348122653,47.6531123029227,101.984292,NaN,893.334270320412,8.75952808811392
345,3,BS1,Terrestrial,158.603762337124,99.3345246989391,60.0019357266368,50.992146,NaN,893.334270320412,8.75952808811392
345,4,SAT-1,Satellite,600048.164031137,154.254660279098,14.7205269151302,49.3790512828754,89.2289463904609,188.391482363219,1.27173688348114
345,5,SAT-1,Satellite,600039.982999046,157.281701465334,11.6934857288944,39.7901143566802,89.2953170434521,188.391482363219,1.57821011080348
345,6,SAT-1,Satellite,600139.521763894,154.692559196969,14.2826279972595,47.9742290984147,88.7007369245411,188.391482363219,1.30897696467237
346,1,BS1,Terrestrial,140.115347174963,89.4133913658698,69.923069059706,50.992146,NaN,893.334270320412,8.75952808811392
346,2,BS2,Terrestrial,144.900842099444,108.039965673322,51.296494752254,101.984292,NaN,893.334270320412,8.75952808811392
346,3,BS1,Terrestrial,158.603762337124,111.178044736775,48.1584156888008,50.992146,NaN,893.334270320412,8.75952808811392
346,4,SAT-1,Satellite,600048.164031137,152.067939151785,16.9072480424435,55.547,89.2289463904609,188.391482363219,1.1305229947205
346,5,SAT-1,Satellite,600039.982999046,152.922637787157,16.0525494070711,53.6790746029524,89.2953170434521,188.391482363219,1.16986295408836
346,6,SAT-1,Satellite,600139.521763894,154.456686000432,14.5185011937964,48.7303309298911,88.7007369245411,188.391482363219,1.28866682391479
347,1,BS1,Terrestrial,140.115347174963,80.6545111144421,78.6819493111337,50.992146,NaN,893.334270320412,8.75952808811392
347,2,BS2,Terrestrial,144.900842099444,105.93606727716,53.4003931484162,101.984292,NaN,893.334270320412,8.75952808811392
347,3,BS1,Terrestrial,158.603762337124,101.780343564323,57.5561168612524,50.992146,NaN,893.334270320412,8.75952808811392
347,4,SAT-1,Satellite,600048.164031137,152.255574187425,16.7196130068027,55.547,89.2289463904609,188.391482363219,1.1305229947205
347,5,SAT-1,Satellite,600039.982999046,154.381024231688,14.59416296254,48.9731686172232,89.2953170434521,188.391482363219,1.28227685814176
347,6,SAT-1,Satellite,600139.521763894,153.494293135096,15.4808940591321,51.8291426652683,88.7007369245411,188.391482363219,1.21161874494638
348,1,BS1,Terrestrial,140.115347174963,105.758474210228,53.5779862153475,50.992146,NaN,893.334270320412,8.75952808811392
348,2,BS2,Terrestrial,144.900842099444,112.319756702661,47.0167037229148,101.984292,NaN,893.334270320412,8.75952808811392
348,3,BS1,Terrestrial,158.603762337124,111.39116136815,47.9452990574254,50.992146,NaN,893.334270320412,8.75952808811392
348,4,SAT-1,Satellite,600048.164031137,156.821618372314,12.1535688219145,41.2262177188265,89.2289463904609,188.391482363219,1.52323361837441
348,5,SAT-1,Satellite,600039.982999046,154.081142767855,14.8940444263727,49.9370177916503,89.2953170434521,188.391482363219,1.25752725262339
348,6,SAT-1,Satellite,600139.521763894,154.699612520722,14.2755746735057,47.9516417131439,88.7007369245411,188.391482363219,1.30959355184134
349,1,BS1,Terrestrial,140.115347174963,92.6750054178135,66.6614550077624,50.992146,NaN,893.334270320412,8.75952808811392
349,2,BS2,Terrestrial,144.900842099444,107.977161702326,51.3592987232503,101.984292,NaN,893.334270320412,8.75952808811392
349,3,BS1,Terrestrial,158.603762337124,108.627055784324,50.7094046412521,50.992146,NaN,893.334270320412,8.75952808811392
349,4,SAT-1,Satellite,600048.164031137,154.728810657975,14.2463765362534,47.8581524156531,89.2289463904609,188.391482363219,1.31215179897334
349,5,SAT-1,Satellite,600039.982999046,156.570297588254,12.404889605974,42.0144447484163,89.2953170434521,188.391482363219,1.49465644884208
349,6,SAT-1,Satellite,600139.521763894,154.993971998745,13.9812151954836,47.0101949787688,88.7007369245411,188.391482363219,1.33582004533486
350,1,BS2,Terrestrial,295.272687326099,116.691303591419,42.6451568341566,50.992146,NaN,893.334270320412,8.75952808811392
350,2,BS2,Terrestrial,144.900842099444,112.642431098025,46.6940293275512,50.992146,NaN,893.334270320412,8.75952808811392
350,3,BS1,Terrestrial,158.603762337124,126.68100870716,32.6554517184162,33.994764,NaN,893.334270320412,8.75952808811392
350,4,BS1,Terrestrial,1684.50527938871,123.333697645325,36.0027627802504,33.994764,NaN,893.334270320412,8.75952808811392
350,5,BS1,Terrestrial,2496.53115061175,141.959447644857,17.3770127807185,33.994764,NaN,893.334270320412,8.75952808811392
350,6,SAT-1,Satellite,600139.521763894,154.560851428494,14.4143357657341,145.188740690547,88.7007369245411,188.391482363219,1.2975626172332
351,1,BS1,Terrestrial,140.115347174963,85.5007057287562,73.8357546968196,50.992146,NaN,893.334270320412,8.75952808811392
351,2,BS2,Terrestrial,144.900842099444,87.2572637187976,72.0791967067783,50.992146,NaN,893.334270320412,8.75952808811392
351,3,BS1,Terrestrial,158.603762337124,112.129251225327,47.2072092002493,50.992146,NaN,893.334270320412,8.75952808811392
351,4,BS2,Terrestrial,1289.96390375941,137.106892597512,22.229567828064,50.992146,NaN,893.334270320412,8.75952808811392
351,5,SAT-1,Satellite,600039.982999046,153.420356425658,15.5548307685698,78.1020740291386,89.2953170434521,188.391482363219,1.20605940818507
351,6,SAT-1,Satellite,600139.521763894,155.163259021668,13.8119281725598,69.7047993842863,88.7007369245411,188.391482363219,1.35135230305023
352,1,BS2,Terrestrial,295.272687326099,100.06251505284,59.2739453727358,50.992146,NaN,893.334270320412,8.75952808811392
352,2,BS2,Terrestrial,144.900842099444,108.070238506545,51.266221919031,50.992146,NaN,893.334270320412,8.75952808811392
352,3,BS1,Terrestrial,158.603762337124,116.181817428151,43.154642997425,101.984292,NaN,893.334270320412,8.75952808811392
352,4,SAT-1,Satellite,600048.164031137,151.530921732345,17.4442654618827,55.547,89.2289463904609,188.391482363219,1.1305229947205
352,5,SAT-1,Satellite,600039.982999046,153.425509145207,15.5496780490215,52.0513961272071,89.2953170434521,188.391482363219,1.20644527255851
352,6,SAT-1,Satellite,600139.521763894,153.040197404567,15.9349897896613,53.2981328468597,88.7007369245411,188.391482363219,1.17822440362354
353,1,BS1,Terrestrial,140.115347174963,109.144448416398,50.1920120091783,50.992146,NaN,893.334270320412,8.75952808811392
353,2,BS2,Terrestrial,144.900842099444,76.6612769240516,82.6751835015243,101.984292,NaN,893.334270320412,8.75952808811392
353,3,BS1,Terrestrial,158.603762337124,88.8677209639555,70.4687394616204,50.992146,NaN,893.334270320412,8.75952808811392
353,4,SAT-1,Satellite,600048.164031137,152.53846199813,16.4367251960986,54.925671744377,89.2289463904609,188.391482363219,1.14331165725193
353,5,SAT-1,Satellite,600039.982999046,152.437933120172,16.5372540740564,55.2522873416662,89.2953170434521,188.391482363219,1.13655314212455
353,6,SAT-1,Satellite,600139.521763894,153.721304717152,15.2538824770763,51.0963228554817,88.7007369245411,188.391482363219,1.22899569437417
354,1,BS1,Terrestrial,140.115347174963,113.714967109441,45.6214933161352,50.992146,NaN,893.334270320412,8.75952808811392
354,2,BS2,Terrestrial,144.900842099444,84.6829165360043,74.6535438895715,101.984292,NaN,893.334270320412,8.75952808811392
354,3,BS1,Terrestrial,158.603762337124,82.4815478270346,76.8549125985412,50.992146,NaN,893.334270320412,8.75952808811392
354,4,SAT-1,Satellite,600048.164031137,156.592815566887,12.3823716273413,41.9437175456866,89.2289463904609,188.391482363219,1.49717679934637
354,5,SAT-1,Satellite,600039.982999046,151.806018651541,17.1691685426872,55.547,89.2953170434521,188.391482363219,1.1305229947205
354,6,SAT-1,Satellite,600139.521763894,154.415377891896,14.5598093023322,48.8628922419054,88.7007369245411,188.391482363219,1.2851707687881
355,1,BS1,Terrestrial,140.115347174963,120.324012069354,39.0124483562221,50.992146,NaN,893.334270320412,8.75952808811392
355,2,BS2,Terrestrial,144.900842099444,106.27889540609,53.0575650194856,101.984292,NaN,893.334270320412,8.75952808811392
355,3,BS1,Terrestrial,158.603762337124,116.479882276039,42.8565781495372,50.992146,NaN,893.334270320412,8.75952808811392
355,4,SAT-1,Satellite,600048.164031137,153.991341417349,14.983845776879,50.226061495034,89.2289463904609,188.391482363219,1.25029036556944
355,5,SAT-1,Satellite,600039.982999046,153.130738720125,15.844448474103,53.0049159348053,89.2953170434521,188.391482363219,1.18474220136446
355,6,SAT-1,Satellite,600139.521763894,154.83349317674,14.1416940174877,47.5231585185295,88.7007369245411,188.391482363219,1.32140124405356
356,1,BS1,Terrestrial,140.115347174963,110.037070277557,49.2993901480193,50.992146,NaN,893.334270320412,8.75952808811392
356,2,BS2,Terrestrial,144.900842099444,109.657687624491,49.6787728010844,101.984292,NaN,893.334270320412,8.75952808811392
356,3,BS1,Terrestrial,158.603762337124,106.099663124127,53.2367973014485,50.992146,NaN,893.334270320412,8.75952808811392
356,4,SAT-1,Satellite,600048.164031137,154.928846091538,14.04634110269,47.218280686689,89.2289463904609,188.391482363219,1.32993323506254
356,5,SAT-1,Satellite,600039.982999046,153.766266871574,15.2089203226537,50.9513096095192,89.2953170434521,188.391482363219,1.23249355647587
356,6,SAT-1,Satellite,600139.521763894,155.712675523931,13.2625116702967,44.7221909889027,88.7007369245411,188.391482363219,1.40416109763768
357,1,BS1,Terrestrial,140.115347174963,114.007110866103,45.3293495594733,50.992146,NaN,893.334270320412,8.75952808811392
357,2,BS2,Terrestrial,144.900842099444,82.2990706453922,77.0373897801837,101.984292,NaN,893.334270320412,8.75952808811392
357,3,BS1,Terrestrial,158.603762337124,114.846268011124,44.4901924144514,50.992146,NaN,893.334270320412,8.75952808811392
357,4,SAT-1,Satellite,600048.164031137,157.8476370173,11.127550176928,38.0368968713407,89.2289463904609,188.391482363219,1.65095383569669
357,5,SAT-1,Satellite,600039.982999046,156.194462569001,12.7807246252276,43.197786209671,89.2953170434521,188.391482363219,1.45371247690653
357,6,SAT-1,Satellite,600139.521763894,154.984503308946,13.9906838852825,47.040441257236,88.7007369245411,188.391482363219,1.33496113364115
358,1,BS1,Terrestrial,140.115347174963,104.741056338695,54.5954040868805,33.994764,NaN,893.334270320412,8.75952808811392
358,2,BS2,Terrestrial,144.900842099444,102.681425681728,56.6550347438479,101.984292,NaN,893.334270320412,8.75952808811392
358,3,BS1,Terrestrial,158.603762337124,115.485438244756,43.8510221808196,33.994764,NaN,893.334270320412,8.75952808811392
358,4,BS1,Terrestrial,1684.50527938871,142.742027503741,16.5944329218348,33.9281376180722,NaN,893.334270320412,8.77672961183077
358,5,SAT-1,Satellite,600039.982999046,152.557511899645,16.4176752945835,82.2956969093045,89.2953170434521,188.391482363219,1.14460105107828
358,6,SAT-1,Satellite,600139.521763894,153.639833286717,15.3353539075106,77.0387960771248,88.7007369245411,188.391482363219,1.22270525992266
359,1,BS1,Terrestrial,140.115347174963,111.685407134092,47.6510532914838,50.992146,NaN,893.334270320412,8.75952808811392
359,2,BS2,Terrestrial,144.900842099444,112.941451246961,46.3950091786149,101.984292,NaN,893.334270320412,8.75952808811392
359,3,BS1,Terrestrial,158.603762337124,119.06946755016,40.2669928754157,50.992146,NaN,893.334270320412,8.75952808811392
359,4,SAT-1,Satellite,600048.164031137,153.515633899871,15.4595532943568,51.7602064347025,89.2289463904609,188.391482363219,1.2132324253181
359,5,SAT-1,Satellite,600039.982999046,153.470762753411,15.5044244408172,51.9051627375214,89.2953170434521,188.391482363219,1.20984421348022
359,6,SAT-1,Satellite,600139.521763894,151.825479801745,17.1497073924831,55.547,88.7007369245411,188.391482363219,1.1305229947205
360,1,BS1,Terrestrial,140.115347174963,111.751571461628,47.5848889639479,33.994764,NaN,893.334270320412,8.75952808811392
360,2,BS2,Terrestrial,144.900842099444,105.002705134161,54.3337552914153,101.984292,NaN,893.334270320412,8.75952808811392
360,3,BS1,Terrestrial,158.603762337124,95.10790087567,64.2285595499059,33.994764,NaN,893.334270320412,8.75952808811392
360,4,BS1,Terrestrial,1684.50527938871,143.346743443883,15.9897169816925,32.7269693313714,NaN,893.334270320412,9.09885932582703
360,5,SAT-1,Satellite,600039.982999046,155.210282906742,13.7649042874866,69.4798854921946,89.2953170434521,188.391482363219,1.35572677638036
360,6,SAT-1,Satellite,600139.521763894,154.335777215258,14.6394099789699,73.6776864884349,88.7007369245411,188.391482363219,1.27848397080702
361,1,BS1,Terrestrial,140.115347174963,89.8132266681204,69.5232337574555,33.994764,NaN,893.334270320412,8.75952808811392
361,2,BS2,Terrestrial,144.900842099444,117.902028131819,41.4344322937565,50.992146,NaN,893.334270320412,8.75952808811392
361,3,BS1,Terrestrial,158.603762337124,119.77083798598,39.5656224395963,33.994764,NaN,893.334270320412,8.75952808811392
361,4,BS1,Terrestrial,1684.50527938871,144.8425294609,14.4939309646758,29.774720024584,NaN,893.334270320412,10.0010374526088
361,5,BS2,Terrestrial,2067.2298489109,134.516580743789,24.8198796817871,50.992146,NaN,893.334270320412,8.75952808811392
361,6,SAT-1,Satellite,600139.521763894,154.363242809209,14.6119443850189,147.090777232749,88.7007369245411,188.391482363219,1.28078378473123
362,1,BS1,Terrestrial,140.115347174963,84.0426591410154,75.2938012845604,33.994764,NaN,893.334270320412,8.75952808811392
362,2,BS2,Terrestrial,144.900842099444,84.9239318764685,74.4125285491074,50.992146,NaN,893.334270320412,8.75952808811392
362,3,BS1,Terrestrial,158.603762337124,102.715250858434,56.6212095671414,33.994764,NaN,893.334270320412,8.75952808811392
362,4,BS2,Terrestrial,1289.96390375941,140.038934595549,19.2975258300268,50.992146,NaN,893.334270320412,8.75952808811392
362,5,BS1,Terrestrial,2496.53115061175,129.959934979835,29.3765254457408,33.994764,NaN,893.334270320412,8.75952808811392
362,6,SAT-1,Satellite,600139.521763894,151.803828310013,17.1713588842155,166.641,88.7007369245411,188.391482363219,1.1305229947205
363,1,BS1,Terrestrial,140.115347174963,88.3206343645597,71.0158260610161,50.992146,NaN,893.334270320412,8.75952808811392
363,2,BS2,Terrestrial,144.900842099444,110.09538217569,49.2410782498862,101.984292,NaN,893.334270320412,8.75952808811392
363,3,BS1,Terrestrial,158.603762337124,108.884053858147,50.452406567429,50.992146,NaN,893.334270320412,8.75952808811392
363,4,SAT-1,Satellite,600048.164031137,151.66388284651,17.3113043477185,55.547,89.2289463904609,188.391482363219,1.1305229947205
363,5,SAT-1,Satellite,600039.982999046,156.339354599013,12.6358325952147,42.7409529990014,89.2953170434521,188.391482363219,1.46925036484813
363,6,SAT-1,Satellite,600139.521763894,155.422638097928,13.5525490963003,45.6436227399469,88.7007369245411,188.391482363219,1.37581456111677
364,1,BS1,Terrestrial,140.115347174963,99.9162171597304,59.4202432658455,50.992146,NaN,893.334270320412,8.75952808811392
364,2,BS2,Terrestrial,144.900842099444,113.347073833253,45.9893865923224,50.992146,NaN,893.334270320412,8.75952808811392
364,3,BS1,Terrestrial,158.603762337124,112.773845623613,46.5626148019629,50.992146,NaN,893.334270320412,8.75952808811392
364,4,BS2,Terrestrial,1289.96390375941,137.330697656308,22.0057627692682,50.992146,NaN,893.334270320412,8.75952808811392
364,5,SAT-1,Satellite,600039.982999046,154.145587672893,14.8295995213352,74.5945564147606,89.2953170434521,188.391482363219,1.26276964042607
364,6,SAT-1,Satellite,600139.521763894,155.145718828883,13.8294683653455,69.7887185702112,88.7007369245411,188.391482363219,1.34972733575618
365,1,BS1,Terrestrial,140.115347174963,114.741831939287,44.5946284862885,50.992146,NaN,893.334270320412,8.75952808811392
365,2,BS2,Terrestrial,144.900842099444,120.025246701997,39.311213723579,50.992146,NaN,893.334270320412,8.75952808811392
365,3,BS1,Terrestrial,158.603762337124,112.143397581005,47.1930628445707,50.992146,NaN,893.334270320412,8.75952808811392
365,4,BS2,Terrestrial,1289.96390375941,143.595075534582,15.7413848909939,48.3522852731594,NaN,893.334270320412,9.23776679089362
365,5,SAT-1,Satellite,600039.982999046,155.603203129164,13.3719840650637,67.6044930001124,89.2953170434521,188.391482363219,1.39333551664166
365,6,SAT-1,Satellite,600139.521763894,154.603426038627,14.3717611556006,72.3896698156325,88.7007369245411,188.391482363219,1.30123181141058
366,1,BS1,Terrestrial,140.115347174963,84.2739195692228,75.062540856353,50.992146,NaN,893.334270320412,8.75952808811392
366,2,BS2,Terrestrial,144.900842099444,89.0481429733081,70.2883174522677,101.984292,NaN,893.334270320412,8.75952808811392
366,3,BS1,Terrestrial,158.603762337124,77.6446248461197,81.6918355794562,50.992146,NaN,893.334270320412,8.75952808811392
366,4,SAT-1,Satellite,600048.164031137,156.037432312175,12.9377548820528,43.6937521408576,89.2289463904609,188.391482363219,1.43721144811041
366,5,SAT-1,Satellite,600039.982999046,153.670365008645,15.3048221855829,51.2606676065201,89.2953170434521,188.391482363219,1.22505546103641
366,6,SAT-1,Satellite,600139.521763894,156.054313014207,12.920874180021,43.6403937981614,88.7007369245411,188.391482363219,1.43896870129493
367,1,BS1,Terrestrial,140.115347174963,98.3385398916582,60.9979205339177,50.992146,NaN,893.334270320412,8.75952808811392
367,2,BS2,Terrestrial,144.900842099444,84.0786138809422,75.2578465446337,50.992146,NaN,893.334270320412,8.75952808811392
367,3,BS1,Terrestrial,158.603762337124,112.49246698492,46.8439934406562,50.992146,NaN,893.334270320412,8.75952808811392
367,4,BS2,Terrestrial,1289.96390375941,142.333433736584,17.0030266889918,50.992146,NaN,893.334270320412,8.75952808811392
367,5,SAT-1,Satellite,600039.982999046,156.466232438643,12.5089547555856,63.5123440942591,89.2953170434521,188.391482363219,1.48310918963741
367,6,SAT-1,Satellite,600139.521763894,154.013459913848,14.9617272803799,75.2322771844393,88.7007369245411,188.391482363219,1.25206553233367
368,1,BS2,Terrestrial,295.272687326099,110.174157389767,49.1623030358085,25.496073,NaN,893.334270320412,8.75952808811392
368,2,BS2,Terrestrial,144.900842099444,112.858870234681,46.4775901908953,25.496073,NaN,893.334270320412,8.75952808811392
368,3,BS1,Terrestrial,158.603762337124,122.384767664091,36.9516927614852,101.984292,NaN,893.334270320412,8.75952808811392
368,4,BS2,Terrestrial,1289.96390375941,138.65585101586,20.6806094097154,25.496073,NaN,893.334270320412,8.75952808811392
368,5,BS2,Terrestrial,2067.2298489109,143.509222259071,15.8272381665049,24.3036818895122,NaN,893.334270320412,9.18928944986228
368,6,SAT-1,Satellite,600139.521763894,153.849619009185,15.1255681850429,152.047789101711,88.7007369245411,188.391482363219,1.23902809423421
369,1,BS1,Terrestrial,140.115347174963,104.970125133643,54.3663352919332,50.992146,NaN,893.334270320412,8.75952808811392
369,2,BS2,Terrestrial,144.900842099444,109.513665274341,49.822795151235,101.984292,NaN,893.334270320412,8.75952808811392
369,3,BS1,Terrestrial,158.603762337124,112.78951994923,46.5469404763457,50.992146,NaN,893.334270320412,8.75952808811392
369,4,SAT-1,Satellite,600048.164031137,153.590310559881,15.3848766343469,51.5190554072535,89.2289463904609,188.391482363219,1.21891133855878
369,5,SAT-1,Satellite,600039.982999046,158.896070465788,10.0791167284399,34.8334404002883,89.2953170434521,188.391482363219,1.80278376370827
369,6,SAT-1,Satellite,600139.521763894,157.155936466763,11.8192507274647,40.1817588706741,88.7007369245411,188.391482363219,1.5628275753148
370,1,BS1,Terrestrial,140.115347174963,110.739816038076,48.5966443874997,50.992146,NaN,893.334270320412,8.75952808811392
370,2,BS2,Terrestrial,144.900842099444,121.646414503356,37.69004592222,101.984292,NaN,893.334270320412,8.75952808811392
370,3,BS1,Terrestrial,158.603762337124,107.733275090677,51.6031853348985,50.992146,NaN,893.334270320412,8.75952808811392
370,4,SAT-1,Satellite,600048.164031137,153.275150880761,15.7000363134671,52.5375611640426,89.2289463904609,188.391482363219,1.19528123111125
370,5,SAT-1,Satellite,600039.982999046,157.310244614799,11.6649425794291,39.7013275963357,89.2953170434521,188.391482363219,1.58173956866711
370,6,SAT-1,Satellite,600139.521763894,153.112877284325,15.862309909903,53.062747788301,88.7007369245411,188.391482363219,1.1834509784204
371,1,BS1,Terrestrial,140.115347174963,109.356884937799,49.9795754877766,50.992146,NaN,893.334270320412,8.75952808811392
371,2,BS2,Terrestrial,144.900842099444,122.523621238112,36.8128391874637,50.992146,NaN,893.334270320412,8.75952808811392
371,3,BS1,Terrestrial,158.603762337124,82.418697289591,76.9177631359849,50.992146,NaN,893.334270320412,8.75952808811392
371,4,BS2,Terrestrial,1289.96390375941,115.46539325151,43.8710671740662,50.992146,NaN,893.334270320412,8.75952808811392
371,5,SAT-1,Satellite,600039.982999046,153.466986418726,15.5082007755022,77.8760461035453,89.2953170434521,188.391482363219,1.20955988259041
371,6,SAT-1,Satellite,600139.521763894,154.631209466864,14.3439777273638,72.2561240182496,88.7007369245411,188.391482363219,1.30363678458339
372,1,BS1,Terrestrial,140.115347174963,106.76608869349,52.5703717320856,101.984292,NaN,893.334270320412,8.75952808811392
372,2,BS2,Terrestrial,144.900842099444,115.396997261612,43.939463163964,33.994764,NaN,893.334270320412,8.75952808811392
372,3,BS2,Terrestrial,577.768536433813,128.246523867316,31.0899365582594,33.994764,NaN,893.334270320412,8.75952808811392
372,4,SAT-1,Satellite,600048.164031137,153.873887363846,15.1012998303823,75.9065820670581,89.2289463904609,188.391482363219,1.24094299356535
372,5,BS2,Terrestrial,2067.2298489109,140.0665113152,19.2699491103755,33.994764,NaN,893.334270320412,8.75952808811392
372,6,SAT-1,Satellite,600139.521763894,152.323204592552,16.6519826016763,83.3205,88.7007369245411,188.391482363219,1.1305229947205
373,1,BS1,Terrestrial,140.115347174963,115.750731085338,43.5857293402383,33.994764,NaN,893.334270320412,8.75952808811392
373,2,BS1,Terrestrial,565.376556244471,101.696965932003,57.639494493573,33.994764,NaN,893.334270320412,8.75952808811392
373,3,BS1,Terrestrial,158.603762337124,113.688933448122,45.6475269774541,33.994764,NaN,893.334270320412,8.75952808811392
373,4,SAT-1,Satellite,600048.164031137,154.435397117271,14.5397900769574,48.7986434586117,89.2289463904609,188.391482363219,1.28686283750901
373,5,SAT-1,Satellite,600039.982999046,156.580135303615,12.395051890613,41.9835427992541,89.2953170434521,188.391482363219,1.49575658938567
373,6,SAT-1,Satellite,600139.521763894,153.910681010498,15.0645061837305,50.4858401376269,88.7007369245411,188.391482363219,1.24385690357041
374,1,BS1,Terrestrial,140.115347174963,89.6068741562496,69.7295862693262,50.992146,NaN,893.334270320412,8.75952808811392
374,2,BS2,Terrestrial,144.900842099444,120.62333850123,38.7131219243461,101.984292,NaN,893.334270320412,8.75952808811392
374,3,BS1,Terrestrial,158.603762337124,113.71902237312,45.6174380524556,50.992146,NaN,893.334270320412,8.75952808811392
374,4,SAT-1,Satellite,600048.164031137,153.756820755654,15.2183664385742,50.9817718672157,89.2289463904609,188.391482363219,1.23175712588604
374,5,SAT-1,Satellite,600039.982999046,152.556807465348,16.4183797288802,54.8660858243177,89.2953170434521,188.391482363219,1.14455332186111
374,6,SAT-1,Satellite,600139.521763894,154.513456856028,14.4617303382004,48.5482185853459,88.7007369245411,188.391482363219,1.29350082490348
375,1,BS1,Terrestrial,140.115347174963,89.3918231247698,69.944637300806,50.992146,NaN,893.334270320412,8.75952808811392
375,2,BS2,Terrestrial,144.900842099444,90.9520325867271,68.3844278388488,101.984292,NaN,893.334270320412,8.75952808811392
375,3,BS1,Terrestrial,158.603762337124,115.574683196173,43.7617772294032,50.992146,NaN,893.334270320412,8.75952808811392
375,4,SAT-1,Satellite,600048.164031137,153.512948649775,15.4622385444528,51.7688799777659,89.2289463904609,188.391482363219,1.21302915602405
375,5,SAT-1,Satellite,600039.982999046,153.873955158256,15.1012320359721,50.6041695856135,89.2953170434521,188.391482363219,1.24094835073813
375,6,SAT-1,Satellite,600139.521763894,152.760946767944,16.2142404262845,54.2034271061577,88.7007369245411,188.391482363219,1.15854594700721
376,1,BS2,Terrestrial,295.272687326099,125.940462488504,33.395997937072,50.992146,NaN,893.334270320412,8.75952808811392
376,2,BS2,Terrestrial,144.900842099444,108.359524132759,50.9769362928169,50.992146,NaN,893.334270320412,8.75952808811392
376,3,BS1,Terrestrial,158.603762337124,85.9989366910921,73.3375237344838,101.984292,NaN,893.334270320412,8.75952808811392
376,4,SAT-1,Satellite,600048.164031137,153.151049597936,15.8241375962917,52.9391605990675,89.2289463904609,188.391482363219,1.18621376079857
376,5,SAT-1,Satellite,600039.982999046,156.720416588022,12.2547706062061,41.5433137944562,89.2953170434521,188.391482363219,1.51160692424396
376,6,SAT-1,Satellite,600139.521763894,156.14280674582,12.8323804484078,43.3608388703941,88.7007369245411,188.391482363219,1.44824598471078
377,1,BS1,Terrestrial,140.115347174963,86.3635745130863,72.9728859124895,50.992146,NaN,893.334270320412,8.75952808811392
377,2,BS2,Terrestrial,144.900842099444,107.310730819734,52.0257296058414,101.984292,NaN,893.334270320412,8.75952808811392
377,3,BS1,Terrestrial,158.603762337124,107.908640266949,51.4278201586266,50.992146,NaN,893.334270320412,8.75952808811392
377,4,SAT-1,Satellite,600048.164031137,153.989670541497,14.9855166527307,50.2314412989932,89.2289463904609,188.391482363219,1.25015645905821
377,5,SAT-1,Satellite,600039.982999046,156.982322928004,11.992864266224,40.7235559204383,89.2953170434521,188.391482363219,1.54203530041499
377,6,SAT-1,Satellite,600139.521763894,153.796336584122,15.1788506101066,50.8543523790561,88.7007369245411,188.391482363219,1.23484338802832
378,1,BS1,Terrestrial,140.115347174963,92.2128134273156,67.1236469982603,50.992146,NaN,893.334270320412,8.75952808811392
378,2,BS2,Terrestrial,144.900842099444,112.247916294987,47.0885441305888,50.992146,NaN,893.334270320412,8.75952808811392
378,3,BS1,Terrestrial,158.603762337124,94.9324456319269,64.404014793649,50.992146,NaN,893.334270320412,8.75952808811392
378,4,BS2,Terrestrial,1289.96390375941,133.024133724323,26.3123267012525,50.992146,NaN,893.334270320412,8.75952808811392
378,5,SAT-1,Satellite,600039.982999046,153.693240110778,15.2819470834503,76.7802895655814,89.2953170434521,188.391482363219,1.22682190591574
378,6,SAT-1,Satellite,600139.521763894,155.427533792911,13.5476534013172,68.4420710112499,88.7007369245411,188.391482363219,1.37628420341235
379,1,BS1,Terrestrial,140.115347174963,105.997077610995,53.3393828145812,50.992146,NaN,893.334270320412,8.75952808811392
379,2,BS2,Terrestrial,144.900842099444,98.7409082554189,60.5955521701569,101.984292,NaN,893.334270320412,8.75952808811392
379,3,BS1,Terrestrial,158.603762337124,89.3070644916546,70.0293959339213,50.992146,NaN,893.334270320412,8.75952808811392
379,4,SAT-1,Satellite,600048.164031137,156.567117150567,12.4080700436612,42.0244358622917,89.2289463904609,188.391482363219,1.49430110123351
379,5,SAT-1,Satellite,600039.982999046,154.864961544724,14.1102256495044,47.4225150221687,89.2953170434521,188.391482363219,1.32420561748747
379,6,SAT-1,Satellite,600139.521763894,155.598398452257,13.3767887419707,45.0849211861599,88.7007369245411,188.391482363219,1.3928639362248
380,1,BS1,Terrestrial,140.115347174963,87.9487766265488,71.387683799027,101.984292,NaN,893.334270320412,8.75952808811392
380,2,BS2,Terrestrial,144.900842099444,105.490779883446,53.8456805421301,50.992146,NaN,893.334270320412,8.75952808811392
380,3,BS2,Terrestrial,577.768536433813,131.698296665369,27.638163760207,50.992146,NaN,893.334270320412,8.75952808811392
380,4,SAT-1,Satellite,600048.164031137,153.780314409411,15.1948727848174,50.9060120661618,89.2289463904609,188.391482363219,1.23359026250422
380,5,SAT-1,Satellite,600039.982999046,152.182678786096,16.7925084081319,55.547,89.2953170434521,188.391482363219,1.1305229947205
380,6,SAT-1,Satellite,600139.521763894,151.968884402682,17.0063027915466,55.547,88.7007369245411,188.391482363219,1.1305229947205
381,1,BS1,Terrestrial,140.115347174963,106.19030576312,53.1461546624554,50.992146,NaN,893.334270320412,8.75952808811392
381,2,BS2,Terrestrial,144.900842099444,104.343241949559,54.993218476017,50.992146,NaN,893.334270320412,8.75952808811392
381,3,BS1,Terrestrial,158.603762337124,119.267710274062,40.0687501515137,50.992146,NaN,893.334270320412,8.75952808811392
381,4,BS2,Terrestrial,1289.96390375941,143.597815688428,15.7386447371476,48.3441461499992,NaN,893.334270320412,9.23932204272085
381,5,SAT-1,Satellite,600039.982999046,156.667043297929,12.3081438962986,62.5660745963226,89.2953170434521,188.391482363219,1.50554021151817
381,6,SAT-1,Satellite,600139.521763894,153.670000831455,15.3051863627734,76.8927641045385,88.7007369245411,188.391482363219,1.22502737778482
382,1,BS1,Terrestrial,140.115347174963,104.771482061449,54.5649783641268,50.992146,NaN,893.334270320412,8.75952808811392
382,2,BS2,Terrestrial,144.900842099444,107.355672307198,51.9807881183778,101.984292,NaN,893.334270320412,8.75952808811392
382,3,BS1,Terrestrial,158.603762337124,110.220292501006,49.11616792457,50.992146,NaN,893.334270320412,8.75952808811392
382,4,SAT-1,Satellite,600048.164031137,152.983878546635,15.9913086475929,53.4805976481396,89.2289463904609,188.391482363219,1.17420454425165
382,5,SAT-1,Satellite,600039.982999046,153.710000986707,15.2651862075209,51.1327868329169,89.2953170434521,188.391482363219,1.22811926901104
382,6,SAT-1,Satellite,600139.521763894,154.587116258392,14.388070935836,48.3120530709936,88.7007369245411,188.391482363219,1.29982389064403
383,1,BS1,Terrestrial,140.115347174963,104.571989977078,54.764470448498,50.992146,NaN,893.334270320412,8.75952808811392
383,2,BS2,Terrestrial,144.900842099444,87.5371071512921,71.7993532742838,101.984292,NaN,893.334270320412,8.75952808811392
383,3,BS1,Terrestrial,158.603762337124,112.238237427296,47.0982229982796,50.992146,NaN,893.334270320412,8.75952808811392
383,4,SAT-1,Satellite,600048.164031137,153.049003370192,15.9261838240359,53.2696081151826,89.2289463904609,188.391482363219,1.17885531750029
383,5,SAT-1,Satellite,600039.982999046,156.269215295378,12.7059718988505,42.9619998829631,89.2953170434521,188.391482363219,1.46169081883551
383,6,SAT-1,Satellite,600139.521763894,155.954885703453,13.0203014907747,43.9548182256205,88.7007369245411,188.391482363219,1.42867524705485
384,1,BS1,Terrestrial,140.115347174963,110.457521747375,48.8789386782006,33.994764,NaN,893.334270320412,8.75952808811392
384,2,BS1,Terrestrial,565.376556244471,100.576568421496,58.75989200408,33.994764,NaN,893.334270320412,8.75952808811392
384,3,BS1,Terrestrial,158.603762337124,123.554978494487,35.7814819310892,33.994764,NaN,893.334270320412,8.75952808811392
384,4,SAT-1,Satellite,600048.164031137,154.115448359957,14.8597388342711,49.8266476521671,89.2289463904609,188.391482363219,1.26031277934084
384,5,SAT-1,Satellite,600039.982999046,153.824992800171,15.1501943940573,50.7619712440868,89.2953170434521,188.391482363219,1.23709066548622
384,6,SAT-1,Satellite,600139.521763894,158.453625878989,10.5215613152394,36.177718934039,88.7007369245411,188.391482363219,1.73579657971898
385,1,BS1,Terrestrial,140.115347174963,81.6232150171369,77.7132454084389,50.992146,NaN,893.334270320412,8.75952808811392
385,2,BS2,Terrestrial,144.900842099444,88.7228167550353,70.6136436705406,50.992146,NaN,893.334270320412,8.75952808811392
385,3,BS1,Terrestrial,158.603762337124,125.39714408048,33.9393163450963,50.992146,NaN,893.334270320412,8.75952808811392
385,4,BS2,Terrestrial,1289.96390375941,139.595047858499,19.7414125670766,50.992146,NaN,893.334270320412,8.75952808811392
385,5,SAT-1,Satellite,600039.982999046,156.585716774658,12.3894704195703,62.9490182060076,89.2953170434521,188.391482363219,1.49638141890225
385,6,SAT-1,Satellite,600139.521763894,155.742655959067,13.2325312351614,66.9406499396359,88.7007369245411,188.391482363219,1.407153071662
386,1,BS1,Terrestrial,140.115347174963,114.589710189718,44.7467502358581,33.994764,NaN,893.334270320412,8.75952808811392
386,2,BS1,Terrestrial,565.376556244471,131.235638492142,28.1008219334342,33.994764,NaN,893.334270320412,8.75952808811392
386,3,BS1,Terrestrial,158.603762337124,107.394527903324,51.9419325222519,33.994764,NaN,893.334270320412,8.75952808811392
386,4,SAT-1,Satellite,600048.164031137,159.70057381097,9.27461338325838,32.4211045347395,89.2289463904609,188.391482363219,1.93692231307085
386,5,SAT-1,Satellite,600039.982999046,154.358472123928,14.6167150703005,49.0455775527022,89.2953170434521,188.391482363219,1.28038375570683
386,6,SAT-1,Satellite,600139.521763894,154.35927300452,14.6159141897085,49.0430059186535,88.7007369245411,188.391482363219,1.2804508943008
387,1,BS1,Terrestrial,140.115347174963,97.3119081057403,62.0245523198355,50.992146,NaN,893.334270320412,8.75952808811392
387,2,BS2,Terrestrial,144.900842099444,84.3432131878862,74.9932472376896,101.984292,NaN,893.334270320412,8.75952808811392
387,3,BS1,Terrestrial,158.603762337124,97.9069438865296,61.4295165390462,50.992146,NaN,893.334270320412,8.75952808811392
387,4,SAT-1,Satellite,600048.164031137,153.714268769281,15.260918424947,51.1190193448874,89.2289463904609,188.391482363219,1.22845002882513
387,5,SAT-1,Satellite,600039.982999046,154.990172381544,13.9850148126845,47.0223319693582,89.2953170434521,188.391482363219,1.33547525521833
387,6,SAT-1,Satellite,600139.521763894,157.484914498995,11.4902726952328,39.1588156862832,88.7007369245411,188.391482363219,1.60365321798372
388,1,BS1,Terrestrial,140.115347174963,111.750422901977,47.5860375235994,25.496073,NaN,893.334270320412,8.75952808811392
388,2,BS1,Terrestrial,565.376556244471,133.152714022514,26.1837464030622,25.496073,NaN,893.334270320412,8.75952808811392
388,3,BS1,Terrestrial,158.603762337124,100.985936310399,58.3505241151771,25.496073,NaN,893.334270320412,8.75952808811392
388,4,BS1,Terrestrial,1684.50527938871,139.069230051714,20.2672303738617,25.496073,NaN,893.334270320412,8.75952808811392
388,5,SAT-1,Satellite,600039.982999046,154.422105275989,14.5530819182391,73.2619508470649,89.2953170434521,188.391482363219,1.28573891484604
388,6,SAT-1,Satellite,600139.521763894,158.703377955545,10.2718092386836,53.126187025654,88.7007369245411,188.391482363219,1.77305668739455
389,1,BS1,Terrestrial,140.115347174963,91.5423566891717,67.7941037364042,50.992146,NaN,893.334270320412,8.75952808811392
389,2,BS2,Terrestrial,144.900842099444,86.1659017084584,73.1705587171175,101.984292,NaN,893.334270320412,8.75952808811392
389,3,BS1,Terrestrial,158.603762337124,111.265233362455,48.0712270631207,50.992146,NaN,893.334270320412,8.75952808811392
389,4,SAT-1,Satellite,600048.164031137,154.665928813301,14.3092583809274,48.0595214409716,89.2289463904609,188.391482363219,1.30665389302449
389,5,SAT-1,Satellite,600039.982999046,156.001137293589,12.9740499006394,43.8085112874069,89.2953170434521,188.391482363219,1.43344658246333
389,6,SAT-1,Satellite,600139.521763894,157.286675541209,11.6885116530191,39.7746392506345,88.7007369245411,188.391482363219,1.57882414450152
390,1,BS1,Terrestrial,140.115347174963,124.63047239308,34.7059880324956,50.992146,NaN,893.334270320412,8.75952808811392
390,2,BS2,Terrestrial,144.900842099444,87.8274147037038,71.5090457218721,33.994764,NaN,893.334270320412,8.75952808811392
390,3,BS1,Terrestrial,158.603762337124,77.9055832367271,81.4308771888487,50.992146,NaN,893.334270320412,8.75952808811392
390,4,BS2,Terrestrial,1289.96390375941,145.13897178697,14.1974886386056,29.193421857349,NaN,893.334270320412,10.200177682557
390,5,BS2,Terrestrial,2067.2298489109,126.635272035278,32.7011883902976,33.994764,NaN,893.334270320412,8.75952808811392
390,6,SAT-1,Satellite,600139.521763894,154.429014791425,14.5461724028034,146.457376536707,88.7007369245411,188.391482363219,1.2863229344819
391,1,BS1,Terrestrial,140.115347174963,84.0610067108565,75.2754537147193,33.994764,NaN,893.334270320412,8.75952808811392
391,2,BS2,Terrestrial,144.900842099444,103.374323371766,55.9621370538099,101.984292,NaN,893.334270320412,8.75952808811392
391,3,BS1,Terrestrial,158.603762337124,110.174003849324,49.162456576252,33.994764,NaN,893.334270320412,8.75952808811392
391,4,BS1,Terrestrial,1684.50527938871,139.40395300795,19.9325074176263,33.994764,NaN,893.334270320412,8.75952808811392
391,5,SAT-1,Satellite,600039.982999046,153.564304684829,15.4108825093995,77.4045333574577,89.2953170434521,188.391482363219,1.21692796398124
391,6,SAT-1,Satellite,600139.521763894,153.217937695809,15.757249498419,79.0840045604938,88.7007369245411,188.391482363219,1.19108461572095
392,1,BS1,Terrestrial,140.115347174963,111.577808702091,47.7586517234849,50.992146,NaN,893.334270320412,8.75952808811392
392,2,BS2,Terrestrial,144.900842099444,103.779587018766,55.5568734068101,50.992146,NaN,893.334270320412,8.75952808811392
392,3,BS1,Terrestrial,158.603762337124,113.394654330143,45.9418060954331,50.992146,NaN,893.334270320412,8.75952808811392
392,4,BS2,Terrestrial,1289.96390375941,137.459450635203,21.8770097903725,50.992146,NaN,893.334270320412,8.75952808811392
392,5,SAT-1,Satellite,600039.982999046,153.168863504994,15.8063236892338,79.3222432770258,89.2953170434521,188.391482363219,1.18750727778385
392,6,SAT-1,Satellite,600139.521763894,156.596949756761,12.3782374374672,62.89610182988,88.7007369245411,188.391482363219,1.49764036945227
393,1,BS1,Terrestrial,140.115347174963,105.931625297904,53.404835127672,33.994764,NaN,893.334270320412,8.75952808811392
393,2,BS2,Terrestrial,144.900842099444,104.672282771669,54.6641776539064,101.984292,NaN,893.334270320412,8.75952808811392
393,3,BS1,Terrestrial,158.603762337124,109.68219093888,49.6542694866961,33.994764,NaN,893.334270320412,8.75952808811392
393,4,BS1,Terrestrial,1684.50527938871,141.937406730377,17.3990536951993,33.994764,NaN,893.334270320412,8.75952808811392
393,5,SAT-1,Satellite,600039.982999046,157.090098836638,11.88508835759,60.5805963139222,89.2953170434521,188.391482363219,1.55488303042606
393,6,SAT-1,Satellite,600139.521763894,156.222713775507,12.7524734187211,64.6629775520755,88.7007369245411,188.391482363219,1.45671827601428
394,1,BS1,Terrestrial,140.115347174963,104.826245207386,54.5102152181899,50.992146,NaN,893.334270320412,8.75952808811392
394,2,BS2,Terrestrial,144.900842099444,84.9379933835105,74.3984670420654,33.994764,NaN,893.334270320412,8.75952808811392
394,3,BS1,Terrestrial,158.603762337124,95.3152477087564,64.0212127168194,50.992146,NaN,893.334270320412,8.75952808811392
394,4,BS2,Terrestrial,1289.96390375941,141.342010356205,17.9944500693704,33.994764,NaN,893.334270320412,8.75952808811392
394,5,BS2,Terrestrial,2067.2298489109,134.87526399827,24.4611964273059,33.994764,NaN,893.334270320412,8.75952808811392
394,6,SAT-1,Satellite,600139.521763894,152.225352348075,16.7498348461531,166.641,88.7007369245411,188.391482363219,1.1305229947205
395,1,BS1,Terrestrial,140.115347174963,103.058627798669,56.2778326269067,50.992146,NaN,893.334270320412,8.75952808811392
395,2,BS2,Terrestrial,144.900842099444,84.7949456892336,74.5415147363422,101.984292,NaN,893.334270320412,8.75952808811392
395,3,BS1,Terrestrial,158.603762337124,93.734678302878,65.6017821226979,50.992146,NaN,893.334270320412,8.75952808811392
395,4,SAT-1,Satellite,600048.164031137,156.437047748028,12.5381394462,42.4333769875437,89.2289463904609,188.391482363219,1.47990014573136
395,5,SAT-1,Satellite,600039.982999046,158.475976488881,10.4992107053471,36.1095342697968,89.2953170434521,188.391482363219,1.73907423780498
395,6,SAT-1,Satellite,600139.521763894,153.331476706904,15.6437104873237,52.3553860186941,88.7007369245411,188.391482363219,1.19944031671005
396,1,BS2,Terrestrial,295.272687326099,106.497887943216,52.83857248236,33.994764,NaN,893.334270320412,8.75952808811392
396,2,BS2,Terrestrial,144.900842099444,95.0900413331083,64.2464190924675,33.994764,NaN,893.334270320412,8.75952808811392
396,3,BS1,Terrestrial,158.603762337124,110.335755323226,49.0007051023502,101.984292,NaN,893.334270320412,8.75952808811392
396,4,BS2,Terrestrial,1289.96390375941,146.912022557318,12.4244378682577,25.7504266100504,NaN,893.334270320412,11.5640060887605
396,5,SAT-1,Satellite,600039.982999046,157.369600749683,11.6055864445455,59.2752193982405,89.2953170434521,188.391482363219,1.58912513758499
396,6,SAT-1,Satellite,600139.521763894,155.806756293084,13.1684309011437,66.6358328561521,88.7007369245411,188.391482363219,1.41358991317706
397,1,BS1,Terrestrial,140.115347174963,84.1752732786638,75.1611871469121,50.992146,NaN,893.334270320412,8.75952808811392
397,2,BS2,Terrestrial,144.900842099444,80.5285862913468,78.8078741342291,101.984292,NaN,893.334270320412,8.75952808811392
397,3,BS1,Terrestrial,158.603762337124,101.688838421696,57.64762200388,50.992146,NaN,893.334270320412,8.75952808811392
397,4,SAT-1,Satellite,600048.164031137,152.541742331232,16.4334448629957,54.9150168394904,89.2289463904609,188.391482363219,1.14353348868648
397,5,SAT-1,Satellite,600039.982999046,154.832850181228,14.1423370130006,47.5252152573446,89.2953170434521,188.391482363219,1.3213440580479
397,6,SAT-1,Satellite,600139.521763894,151.13122914923,17.8439580449979,55.547,88.7007369245411,188.391482363219,1.1305229947205
398,1,BS1,Terrestrial,140.115347174963,98.5274899580514,60.8089704675244,50.992146,NaN,893.334270320412,8.75952808811392
398,2,BS2,Terrestrial,144.900842099444,108.653505271584,50.6829551539916,101.984292,NaN,893.334270320412,8.75952808811392
398,3,BS1,Terrestrial,158.603762337124,101.195349714029,58.1411107115468,50.992146,NaN,893.334270320412,8.75952808811392
398,4,SAT-1,Satellite,600048.164031137,153.887974924169,15.0872122700595,50.5589948240259,89.2289463904609,188.391482363219,1.24205714544582
398,5,SAT-1,Satellite,600039.982999046,154.561835786678,14.4133514075497,48.3930911435681,89.2953170434521,188.391482363219,1.29764723235883
398,6,SAT-1,Satellite,600139.521763894,152.708586132423,16.2666010618047,54.3733274797193,88.7007369245411,188.391482363219,1.15492583769427
399,1,BS2,Terrestrial,295.272687326099,86.7217427300895,72.6147176954864,33.994764,NaN,893.334270320412,8.75952808811392
399,2,BS2,Terrestrial,144.900842099444,114.533757529336,44.8027028962394,33.994764,NaN,893.334270320412,8.75952808811392
399,3,BS1,Terrestrial,158.603762337124,115.101245736294,44.2352146892819,50.992146,NaN,893.334270320412,8.75952808811392
399,4,BS2,Terrestrial,1289.96390375941,141.816089554406,17.5203708711698,33.994764,NaN,893.334270320412,8.75952808811392
399,5,BS1,Terrestrial,2496.53115061175,123.400403118798,35.9360573067779,50.992146,NaN,893.334270320412,8.75952808811392
399,6,SAT-1,Satellite,600139.521763894,159.607035185693,9.36815200853553,98.0979215924692,88.7007369245411,188.391482363219,1.92044315827463
400,1,BS2,Terrestrial,295.272687326099,104.859537963201,54.4769224623744,50.992146,NaN,893.334270320412,8.75952808811392
400,2,BS2,Terrestrial,144.900842099444,95.6638349458148,63.6726254797611,50.992146,NaN,893.334270320412,8.75952808811392
400,3,BS1,Terrestrial,158.603762337124,115.260131477624,44.0763289479522,101.984292,NaN,893.334270320412,8.75952808811392
400,4,SAT-1,Satellite,600048.164031137,153.750281643495,15.2249055507335,51.002860622252,89.2289463904609,188.391482363219,1.2312478167223
400,5,SAT-1,Satellite,600039.982999046,155.072431098031,13.9027560961974,46.7596674261233,89.2953170434521,188.391482363219,1.34297706216483
400,6,SAT-1,Satellite,600139.521763894,153.440953847932,15.5342333462963,52.0014831502376,88.7007369245411,188.391482363219,1.20760326405138
401,1,BS1,Terrestrial,140.115347174963,106.436329389631,52.9001310359453,50.992146,NaN,893.334270320412,8.75952808811392
401,2,BS2,Terrestrial,144.900842099444,89.3456681187805,69.9907923067954,50.992146,NaN,893.334270320412,8.75952808811392
401,3,BS1,Terrestrial,158.603762337124,113.627914885778,45.7085455397982,50.992146,NaN,893.334270320412,8.75952808811392
401,4,BS2,Terrestrial,1289.96390375941,133.301906942763,26.034553482813,50.992146,NaN,893.334270320412,8.75952808811392
401,5,SAT-1,Satellite,600039.982999046,153.253366896125,15.7218202981028,78.9120509398488,89.2953170434521,188.391482363219,1.19368005342315
401,6,SAT-1,Satellite,600139.521763894,154.758165755089,14.2170214391388,71.6462752749859,88.7007369245411,188.391482363219,1.31473326170936
402,1,BS1,Terrestrial,140.115347174963,86.4465944923608,72.8898659332151,33.994764,NaN,893.334270320412,8.75952808811392
402,2,BS2,Terrestrial,144.900842099444,122.673938780553,36.662521645023,101.984292,NaN,893.334270320412,8.75952808811392
402,3,BS1,Terrestrial,158.603762337124,111.482050963635,47.8544094619413,33.994764,NaN,893.334270320412,8.75952808811392
402,4,BS1,Terrestrial,1684.50527938871,135.619212329235,23.7172480963404,33.994764,NaN,893.334270320412,8.75952808811392
402,5,SAT-1,Satellite,600039.982999046,158.789510334717,10.1856768595112,52.7341878604546,89.2953170434521,188.391482363219,1.78623669015005
402,6,SAT-1,Satellite,600139.521763894,151.846058791554,17.1291284026746,83.3205,88.7007369245411,188.391482363219,1.1305229947205
403,1,BS1,Terrestrial,140.115347174963,86.8803084955627,72.4561519300131,50.992146,NaN,893.334270320412,8.75952808811392
403,2,BS2,Terrestrial,144.900842099444,101.985094548328,57.3513658772479,101.984292,NaN,893.334270320412,8.75952808811392
403,3,BS1,Terrestrial,158.603762337124,114.145769429989,45.1906909955873,50.992146,NaN,893.334270320412,8.75952808811392
403,4,SAT-1,Satellite,600048.164031137,154.608138398835,14.3670487953931,48.2446779496008,89.2289463904609,188.391482363219,1.30163913319809
403,5,SAT-1,Satellite,600039.982999046,154.573506493736,14.4016807004917,48.3556779368682,89.2953170434521,188.391482363219,1.29865123325798
403,6,SAT-1,Satellite,600139.521763894,158.107269306742,10.8679178874866,37.2379230098859,88.7007369245411,188.391482363219,1.68637656754025
404,1,BS1,Terrestrial,140.115347174963,112.971259073611,46.3652013519649,50.992146,NaN,893.334270320412,8.75952808811392
404,2,BS2,Terrestrial,144.900842099444,115.279316907561,44.0571435180153,50.992146,NaN,893.334270320412,8.75952808811392
404,3,BS2,Terrestrial,577.768536433813,126.723689708441,32.6127707171346,50.992146,NaN,893.334270320412,8.75952808811392
404,4,BS1,Terrestrial,1684.50527938871,144.201874932129,15.1345854934474,46.5533032242178,NaN,893.334270320412,9.59474632785762
404,5,SAT-1,Satellite,600039.982999046,153.461724712026,15.5134624822016,77.9015476787664,89.2953170434521,188.391482363219,1.20916392534373
404,6,SAT-1,Satellite,600139.521763894,154.494411679256,14.4807755149726,72.9139552832402,88.7007369245411,188.391482363219,1.29187534561386
405,1,BS1,Terrestrial,140.115347174963,102.568542617009,56.7679178085672,25.496073,NaN,893.334270320412,8.75952808811392
405,2,BS1,Terrestrial,565.376556244471,86.7159479529532,72.6205124726226,25.496073,NaN,893.334270320412,8.75952808811392
405,3,BS1,Terrestrial,158.603762337124,111.968655199326,47.3678052262495,25.496073,NaN,893.334270320412,8.75952808811392
405,4,BS1,Terrestrial,1684.50527938871,139.971251552871,19.3652088727054,25.496073,NaN,893.334270320412,8.75952808811392
405,5,SAT-1,Satellite,600039.982999046,153.210161590578,15.7650256036497,79.1217503155268,89.2953170434521,188.391482363219,1.19051639790537
405,6,SAT-1,Satellite,600139.521763894,156.557570392885,12.4176168013432,63.0816430406034,88.7007369245411,188.391482363219,1.49323537944278
406,1,BS1,Terrestrial,140.115347174963,109.229964871894,50.1064955536819,33.994764,NaN,893.334270320412,8.75952808811392
406,2,BS2,Terrestrial,144.900842099444,117.094077826063,42.2423825995132,101.984292,NaN,893.334270320412,8.75952808811392
406,3,BS1,Terrestrial,158.603762337124,103.722578603653,55.6138818219224,33.994764,NaN,893.334270320412,8.75952808811392
406,4,BS1,Terrestrial,1684.50527938871,142.896327556001,16.4401328695749,33.6212851584355,NaN,893.334270320412,8.85683247096497
406,5,SAT-1,Satellite,600039.982999046,155.900802537349,13.0743846568794,66.188988810353,89.2953170434521,188.391482363219,1.42313310528889
406,6,SAT-1,Satellite,600139.521763894,153.193618067012,15.7815691272156,79.2020595324659,88.7007369245411,188.391482363219,1.18930923940175
407,1,BS1,Terrestrial,140.115347174963,106.589060001469,52.7474004241073,50.992146,NaN,893.334270320412,8.75952808811392
407,2,BS2,Terrestrial,144.900842099444,112.159412807196,47.1770476183801,101.984292,NaN,893.334270320412,8.75952808811392
407,3,BS1,Terrestrial,158.603762337124,110.09254515999,49.2439152655855,50.992146,NaN,893.334270320412,8.75952808811392
407,4,SAT-1,Satellite,600048.164031137,152.847890609053,16.1272965851754,53.9214166723625,89.2289463904609,188.391482363219,1.16460517291873
407,5,SAT-1,Satellite,600039.982999046,155.545907768282,13.4292794259461,45.2516746412965,89.2953170434521,188.391482363219,1.38773120079032
407,6,SAT-1,Satellite,600139.521763894,152.526479041241,16.4487081529866,54.9645953055193,88.7007369245411,188.391482363219,1.1425020131356
408,1,BS2,Terrestrial,295.272687326099,117.877304173123,41.4591562524525,33.994764,NaN,893.334270320412,8.75952808811392
408,2,BS2,Terrestrial,144.900842099444,108.479109945422,50.8573504801535,33.994764,NaN,893.334270320412,8.75952808811392
408,3,BS1,Terrestrial,158.603762337124,117.353649951393,41.9828104741828,101.984292,NaN,893.334270320412,8.75952808811392
408,4,SAT-1,Satellite,600048.164031137,153.761684037853,15.2135031563747,76.4491324426901,89.2289463904609,188.391482363219,1.23213616913472
408,5,BS2,Terrestrial,2067.2298489109,142.516633715524,16.8198267100523,33.994764,NaN,893.334270320412,8.75952808811392
408,6,SAT-1,Satellite,600139.521763894,156.411084135443,12.5641030587853,63.7726278196277,88.7007369245411,188.391482363219,1.47705597843685
409,1,BS1,Terrestrial,140.115347174963,91.7277109072556,67.6087495183202,33.994764,NaN,893.334270320412,8.75952808811392
409,2,BS2,Terrestrial,144.900842099444,86.9144163239116,72.4220441016643,101.984292,NaN,893.334270320412,8.75952808811392
409,3,BS1,Terrestrial,158.603762337124,92.9782295750261,66.3582308505498,33.994764,NaN,893.334270320412,8.75952808811392
409,4,BS1,Terrestrial,1684.50527938871,142.855956983499,16.480503442077,33.701546023416,NaN,893.334270320412,8.83573975804868
409,5,SAT-1,Satellite,600039.982999046,157.565057192152,11.4101300020758,58.3655677241297,89.2953170434521,188.391482363219,1.61389231450355
409,6,SAT-1,Satellite,600139.521763894,154.428719403517,14.546467790711,73.2301102363639,88.7007369245411,188.391482363219,1.28629795691383
410,1,BS1,Terrestrial,140.115347174963,125.028771870333,34.3076885552428,50.992146,NaN,893.334270320412,8.75952808811392
410,2,BS2,Terrestrial,144.900842099444,88.7538612486443,70.5825991769316,50.992146,NaN,893.334270320412,8.75952808811392
410,3,BS1,Terrestrial,158.603762337124,109.914395462434,49.4220649631423,50.992146,NaN,893.334270320412,8.75952808811392
410,4,BS2,Terrestrial,1289.96390375941,139.241593557701,20.0948668678746,50.992146,NaN,893.334270320412,8.75952808811392
410,5,SAT-1,Satellite,600039.982999046,154.033627559711,14.9415596345168,75.1348978666198,89.2953170434521,188.391482363219,1.25368828408906
410,6,SAT-1,Satellite,600139.521763894,156.689801596984,12.2853855972442,62.4589831636543,88.7007369245411,188.391482363219,1.50812159293081
411,1,BS1,Terrestrial,140.115347174963,109.356703060797,49.9797573647792,50.992146,NaN,893.334270320412,8.75952808811392
411,2,BS2,Terrestrial,144.900842099444,89.9771224309635,69.3593379946123,101.984292,NaN,893.334270320412,8.75952808811392
411,3,BS1,Terrestrial,158.603762337124,107.101718248598,52.2347421769784,50.992146,NaN,893.334270320412,8.75952808811392
411,4,SAT-1,Satellite,600048.164031137,153.971207836088,15.0039793581399,50.2908908429793,89.2289463904609,188.391482363219,1.24867863215642
411,5,SAT-1,Satellite,600039.982999046,155.336482835615,13.6387043586135,45.9178419824669,89.2953170434521,188.391482363219,1.3675982597727
411,6,SAT-1,Satellite,600139.521763894,154.686608780163,14.288578414065,47.9932855884316,88.7007369245411,188.391482363219,1.30845721474998
412,1,BS1,Terrestrial,140.115347174963,108.353261616006,50.9831988095703,33.994764,NaN,893.334270320412,8.75952808811392
412,2,BS2,Terrestrial,144.900842099444,109.013969006479,50.3224914190965,50.992146,NaN,893.334270320412,8.75952808811392
412,3,BS1,Terrestrial,158.603762337124,115.094149065862,44.2423113597134,33.994764,NaN,893.334270320412,8.75952808811392
412,4,BS2,Terrestrial,1289.96390375941,141.532856057142,17.8036043684339,50.992146,NaN,893.334270320412,8.75952808811392
412,5,BS1,Terrestrial,2496.53115061175,144.099910425411,15.236550000165,31.2367348817058,NaN,893.334270320412,9.53294546419451
412,6,SAT-1,Satellite,600139.521763894,156.438709798403,12.5364773958254,127.284442033826,88.7007369245411,188.391482363219,1.48008255646164
413,1,BS1,Terrestrial,140.115347174963,102.415865699315,56.9205947262608,50.992146,NaN,893.334270320412,8.75952808811392
413,2,BS2,Terrestrial,144.900842099444,112.229662004922,47.1067984206542,33.994764,NaN,893.334270320412,8.75952808811392
413,3,BS1,Terrestrial,158.603762337124,104.443062353211,54.8933980723648,50.992146,NaN,893.334270320412,8.75952808811392
413,4,BS2,Terrestrial,1289.96390375941,141.766453575241,17.5700068503353,33.994764,NaN,893.334270320412,8.75952808811392
413,5,BS2,Terrestrial,2067.2298489109,140.545441699479,18.7910187260966,33.994764,NaN,893.334270320412,8.75952808811392
413,6,SAT-1,Satellite,600139.521763894,153.370261775857,15.6049254183708,156.68993854491,88.7007369245411,188.391482363219,1.20232022625513
414,1,BS1,Terrestrial,140.115347174963,86.8881748863106,72.4482855392652,50.992146,NaN,893.334270320412,8.75952808811392
414,2,BS2,Terrestrial,144.900842099444,104.982095743,54.3543646825761,101.984292,NaN,893.334270320412,8.75952808811392
414,3,BS1,Terrestrial,158.603762337124,126.468279131059,32.8681812945165,50.992146,NaN,893.334270320412,8.75952808811392
414,4,SAT-1,Satellite,600048.164031137,153.575514515341,15.3996726788868,51.5668266131123,89.2289463904609,188.391482363219,1.21778214624073
414,5,SAT-1,Satellite,600039.982999046,155.870096282261,13.1050909119671,44.2232230902117,89.2953170434521,188.391482363219,1.42000416070168
414,6,SAT-1,Satellite,600139.521763894,156.282976542116,12.692210652112,42.9186163337626,88.7007369245411,188.391482363219,1.4631683439976
415,1,BS2,Terrestrial,295.272687326099,87.8842911471895,71.4521692783864,50.992146,NaN,893.334270320412,8.75952808811392
415,2,BS2,Terrestrial,144.900842099444,82.0191674701146,77.3172929554612,50.992146,NaN,893.334270320412,8.75952808811392
415,3,BS1,Terrestrial,158.603762337124,115.194873625726,44.1415867998498,101.984292,NaN,893.334270320412,8.75952808811392
415,4,SAT-1,Satellite,600048.164031137,154.742833485665,14.2323537085631,47.8132609180592,89.2289463904609,188.391482363219,1.31338376805881
415,5,SAT-1,Satellite,600039.982999046,154.589736969485,14.385450224743,48.3036531703024,89.2953170434521,188.391482363219,1.30004992720401
415,6,SAT-1,Satellite,600139.521763894,155.496912981257,13.4782742129712,45.4074012825838,88.7007369245411,188.391482363219,1.38297191677925
416,1,BS1,Terrestrial,140.115347174963,102.742460978786,56.5939994467896,33.994764,NaN,893.334270320412,8.75952808811392
416,2,BS2,Terrestrial,144.900842099444,89.2267098847336,70.1097505408423,101.984292,NaN,893.334270320412,8.75952808811392
416,3,BS1,Terrestrial,158.603762337124,124.888564896268,34.4478955293084,33.994764,NaN,893.334270320412,8.75952808811392
416,4,BS1,Terrestrial,1684.50527938871,141.491495753633,17.8449646719432,33.994764,NaN,893.334270320412,8.75952808811392
416,5,SAT-1,Satellite,600039.982999046,154.514187300652,14.4609998935762,72.8188139444044,89.2953170434521,188.391482363219,1.29356324388263
416,6,SAT-1,Satellite,600139.521763894,154.584667607513,14.3905195867147,72.4798524680459,88.7007369245411,188.391482363219,1.29961276098261
417,1,BS1,Terrestrial,140.115347174963,93.392353663513,65.9441067620628,33.994764,NaN,893.334270320412,8.75952808811392
417,2,BS1,Terrestrial,565.376556244471,137.109392961044,22.2270674645322,33.994764,NaN,893.334270320412,8.75952808811392
417,3,BS1,Terrestrial,158.603762337124,127.311647443869,32.0248129817072,33.994764,NaN,893.334270320412,8.75952808811392
417,4,BS2,Terrestrial,1289.96390375941,133.904597437681,25.431862987895,101.984292,NaN,893.334270320412,8.75952808811392
417,5,SAT-1,Satellite,600039.982999046,154.3906792241,14.5845079701276,73.4132592122578,89.2953170434521,188.391482363219,1.28308894322841
417,6,SAT-1,Satellite,600139.521763894,154.661385437111,14.3138017571169,72.111112395296,88.7007369245411,188.391482363219,1.30625832902494
418,1,BS1,Terrestrial,140.115347174963,82.3989763815196,76.9374840440563,50.992146,NaN,893.334270320412,8.75952808811392
418,2,BS2,Terrestrial,144.900842099444,80.3083793787196,79.0280810468562,50.992146,NaN,893.334270320412,8.75952808811392
418,3,BS1,Terrestrial,158.603762337124,90.3772362265083,68.9592241990675,50.992146,NaN,893.334270320412,8.75952808811392
418,4,BS2,Terrestrial,1289.96390375941,143.421910687329,15.9145497382471,48.8669067852103,NaN,893.334270320412,9.14048309060133
418,5,SAT-1,Satellite,600039.982999046,154.929166702855,14.0460204913735,70.8258840014151,89.2953170434521,188.391482363219,1.32996209662173
418,6,SAT-1,Satellite,600139.521763894,157.153515867777,11.8216713264509,60.2839556731576,88.7007369245411,188.391482363219,1.5625341789499
419,1,BS1,Terrestrial,140.115347174963,113.737010871727,45.5994495538488,50.992146,NaN,893.334270320412,8.75952808811392
419,2,BS2,Terrestrial,144.900842099444,111.57872886156,47.7577315640157,101.984292,NaN,893.334270320412,8.75952808811392
419,3,BS1,Terrestrial,158.603762337124,120.121479176612,39.2149812489642,50.992146,NaN,893.334270320412,8.75952808811392
419,4,SAT-1,Satellite,600048.164031137,152.607932021971,16.3672551722566,54.7000633938525,89.2289463904609,188.391482363219,1.14802720310553
419,5,SAT-1,Satellite,600039.982999046,153.905440391724,15.0697468025042,50.5027233897044,89.2953170434521,188.391482363219,1.24344107748735
419,6,SAT-1,Satellite,600139.521763894,154.600466948954,14.3747202452739,48.269263309472,88.7007369245411,188.391482363219,1.30097615919936
420,1,BS1,Terrestrial,140.115347174963,106.580477704543,52.7559827210329,33.994764,NaN,893.334270320412,8.75952808811392
420,2,BS1,Terrestrial,565.376556244471,98.2102949376219,61.1261654879539,33.994764,NaN,893.334270320412,8.75952808811392
420,3,BS1,Terrestrial,158.603762337124,92.9631970810298,66.3732633445461,33.994764,NaN,893.334270320412,8.75952808811392
420,4,SAT-1,Satellite,600048.164031137,155.374044442731,13.6011427514967,45.7982610448055,89.2289463904609,188.391482363219,1.37116910893852
420,5,SAT-1,Satellite,600039.982999046,154.24059303234,14.7345941618876,49.4242595008665,89.2953170434521,188.391482363219,1.27057362966942
420,6,SAT-1,Satellite,600139.521763894,158.286176693906,10.6890105003225,36.6894546659815,88.7007369245411,188.391482363219,1.71158610449354
421,1,BS1,Terrestrial,140.115347174963,109.32879589382,50.0076645317559,50.992146,NaN,893.334270320412,8.75952808811392
421,2,BS2,Terrestrial,144.900842099444,110.102328990116,49.2341314354599,101.984292,NaN,893.334270320412,8.75952808811392
421,3,BS1,Terrestrial,158.603762337124,86.7441346716681,72.5923257539077,50.992146,NaN,893.334270320412,8.75952808811392
421,4,SAT-1,Satellite,600048.164031137,155.127146400929,13.8480407932989,46.5850607093044,89.2289463904609,188.391482363219,1.34801071054947
421,5,SAT-1,Satellite,600039.982999046,154.172720890898,14.8024663033298,49.6424483501072,89.2953170434521,188.391482363219,1.26498919523182
421,6,SAT-1,Satellite,600139.521763894,155.06243222713,13.9127549670986,46.7915850162517,88.7007369245411,188.391482363219,1.34206098737473
422,1,BS1,Terrestrial,140.115347174963,104.438666629046,54.8977937965298,50.992146,NaN,893.334270320412,8.75952808811392
422,2,BS2,Terrestrial,144.900842099444,108.593876313013,50.7425841125626,101.984292,NaN,893.334270320412,8.75952808811392
422,3,BS1,Terrestrial,158.603762337124,118.458942538185,40.8775178873913,50.992146,NaN,893.334270320412,8.75952808811392
422,4,SAT-1,Satellite,600048.164031137,154.629401696264,14.3457854979645,48.1765416379235,89.2289463904609,188.391482363219,1.30348004760697
422,5,SAT-1,Satellite,600039.982999046,154.560691418862,14.4144957753663,48.3967598739882,89.2953170434521,188.391482363219,1.29754886383398
422,6,SAT-1,Satellite,600139.521763894,153.66518340616,15.3100037880678,51.2773879078431,88.7007369245411,188.391482363219,1.22465600043044
423,1,BS1,Terrestrial,140.115347174963,119.846896511327,39.4895639142491,50.992146,NaN,893.334270320412,8.75952808811392
423,2,BS2,Terrestrial,144.900842099444,86.4846135195086,72.8518469060672,50.992146,NaN,893.334270320412,8.75952808811392
423,3,BS1,Terrestrial,158.603762337124,113.003325369787,46.3331350557892,50.992146,NaN,893.334270320412,8.75952808811392
423,4,BS2,Terrestrial,1289.96390375941,138.003494930349,21.3329654952272,50.992146,NaN,893.334270320412,8.75952808811392
423,5,SAT-1,Satellite,600039.982999046,153.53900248437,15.4361847098584,77.5270958500171,89.2953170434521,188.391482363219,1.21500412402703
423,6,SAT-1,Satellite,600139.521763894,155.086731584088,13.8884556101401,70.0710353456145,88.7007369245411,188.391482363219,1.34428927326396
424,1,BS1,Terrestrial,140.115347174963,106.512367958855,52.824092466721,33.994764,NaN,893.334270320412,8.75952808811392
424,2,BS2,Terrestrial,144.900842099444,103.925957328188,55.4105030973879,101.984292,NaN,893.334270320412,8.75952808811392
424,3,BS1,Terrestrial,158.603762337124,114.093600002124,45.2428604234517,33.994764,NaN,893.334270320412,8.75952808811392
424,4,BS1,Terrestrial,1684.50527938871,125.386032724657,33.9504277009188,33.994764,NaN,893.334270320412,8.75952808811392
424,5,SAT-1,Satellite,600039.982999046,159.378885897802,9.59630129642625,50.0706841679904,89.2953170434521,188.391482363219,1.88125532428469
424,6,SAT-1,Satellite,600139.521763894,155.84780206289,13.1273851313379,66.4407558829934,88.7007369245411,188.391482363219,1.41774036026162
425,1,BS1,Terrestrial,140.115347174963,106.897212493258,52.439247932318,50.992146,NaN,893.334270320412,8.75952808811392
425,2,BS2,Terrestrial,144.900842099444,109.174839043688,50.1616213818875,101.984292,NaN,893.334270320412,8.75952808811392
425,3,BS1,Terrestrial,158.603762337124,116.039923852996,43.2965365725798,50.992146,NaN,893.334270320412,8.75952808811392
425,4,SAT-1,Satellite,600048.164031137,152.024043852828,16.9511433414003,55.547,89.2289463904609,188.391482363219,1.1305229947205
425,5,SAT-1,Satellite,600039.982999046,154.258322910628,14.7168642836002,49.3672813872007,89.2953170434521,188.391482363219,1.2720400845087
425,6,SAT-1,Satellite,600139.521763894,156.463907944128,12.5112792501002,42.348874328411,88.7007369245411,188.391482363219,1.48285312853311
426,1,BS1,Terrestrial,140.115347174963,107.205819605424,52.1306408201517,33.994764,NaN,893.334270320412,8.75952808811392
426,2,BS2,Terrestrial,144.900842099444,101.938024873818,57.398435551758,101.984292,NaN,893.334270320412,8.75952808811392
426,3,BS1,Terrestrial,158.603762337124,115.216176042383,44.1202843831928,33.994764,NaN,893.334270320412,8.75952808811392
426,4,BS1,Terrestrial,1684.50527938871,137.519480299728,21.8169801258479,33.994764,NaN,893.334270320412,8.75952808811392
426,5,SAT-1,Satellite,600039.982999046,152.092858921139,16.8823282730887,83.3205,89.2953170434521,188.391482363219,1.1305229947205
426,6,SAT-1,Satellite,600139.521763894,156.155740181044,12.8194470131841,64.9800077457753,88.7007369245411,188.391482363219,1.44961111039162
427,1,BS1,Terrestrial,140.115347174963,105.676546327241,53.659914098335,50.992146,NaN,893.334270320412,8.75952808811392
427,2,BS2,Terrestrial,144.900842099444,132.159199220726,27.1772612048503,50.992146,NaN,893.334270320412,8.75952808811392
427,3,BS1,Terrestrial,158.603762337124,117.13424055218,42.2022198733963,50.992146,NaN,893.334270320412,8.75952808811392
427,4,BS2,Terrestrial,1289.96390375941,139.343002966454,19.9934574591216,50.992146,NaN,893.334270320412,8.75952808811392
427,5,SAT-1,Satellite,600039.982999046,153.561528768567,15.413658425661,77.417978772815,89.2953170434521,188.391482363219,1.21671661640804
427,6,SAT-1,Satellite,600139.521763894,161.463732261121,7.51145493310679,40.9620937408937,88.7007369245411,188.391482363219,2.29958316529047
428,1,BS2,Terrestrial,295.272687326099,108.006059369673,51.3304010559033,50.992146,NaN,893.334270320412,8.75952808811392
428,2,BS2,Terrestrial,144.900842099444,99.677619395242,59.6588410303339,50.992146,NaN,893.334270320412,8.75952808811392
428,3,BS1,Terrestrial,158.603762337124,119.899396076883,39.437064348693,101.984292,NaN,893.334270320412,8.75952808811392
428,4,SAT-1,Satellite,600048.164031137,153.339855007214,15.6353321870145,52.3282933422324,89.2289463904609,188.391482363219,1.20006132011682
428,5,SAT-1,Satellite,600039.982999046,155.581960289707,13.3932269045215,45.137132795155,89.2953170434521,188.391482363219,1.39125276460804
428,6,SAT-1,Satellite,600139.521763894,157.84966258063,11.1255246135982,38.0306500493885,88.7007369245411,188.391482363219,1.65122501735279
429,1,BS1,Terrestrial,140.115347174963,110.812368457792,48.5240919677843,33.994764,NaN,893.334270320412,8.75952808811392
429,2,BS2,Terrestrial,144.900842099444,114.413109490797,44.9233509347785,101.984292,NaN,893.334270320412,8.75952808811392
429,3,BS1,Terrestrial,158.603762337124,114.561443616017,44.7750168095587,33.994764,NaN,893.334270320412,8.75952808811392
429,4,SAT-1,Satellite,600048.164031137,152.996923208327,15.9782639859008,80.1574945046925,89.2289463904609,188.391482363219,1.17513330180368
429,5,BS1,Terrestrial,2496.53115061175,146.727112991729,12.6093474338467,26.1064094359743,NaN,893.334270320412,11.4063211502563
429,6,SAT-1,Satellite,600139.521763894,152.396806801363,16.5783803928653,83.0789297600817,88.7007369245411,188.391482363219,1.13381023869266
430,1,BS2,Terrestrial,295.272687326099,111.951206173505,47.3852542520713,50.992146,NaN,893.334270320412,8.75952808811392
430,2,BS2,Terrestrial,144.900842099444,113.972172411164,45.3642880144124,50.992146,NaN,893.334270320412,8.75952808811392
430,3,BS1,Terrestrial,158.603762337124,102.769067342548,56.5673930830274,101.984292,NaN,893.334270320412,8.75952808811392
430,4,SAT-1,Satellite,600048.164031137,153.567234573287,15.4079526209407,51.5935616158346,89.2289463904609,188.391482363219,1.21715110996459
430,5,SAT-1,Satellite,600039.982999046,155.063777356123,13.9114098381053,46.7872910367279,89.2953170434521,188.391482363219,1.34218415719867
430,6,SAT-1,Satellite,600139.521763894,153.090587711963,15.8845994822653,53.1349255152026,88.7007369245411,188.391482363219,1.18184339544755
431,1,BS2,Terrestrial,295.272687326099,118.782503589121,40.5539568364548,25.496073,NaN,893.334270320412,8.75952808811392
431,2,BS2,Terrestrial,144.900842099444,118.402003789641,40.9344566359353,25.496073,NaN,893.334270320412,8.75952808811392
431,3,BS2,Terrestrial,577.768536433813,102.772791458579,56.5636689669965,25.496073,NaN,893.334270320412,8.75952808811392
431,4,SAT-1,Satellite,600048.164031137,154.916782381961,14.0584048122666,70.885258252058,89.2289463904609,188.391482363219,1.32884810614165
431,5,BS2,Terrestrial,2067.2298489109,145.720086832754,13.6163735928216,21.0436558080238,NaN,893.334270320412,10.6128692475072
431,6,SAT-1,Satellite,600139.521763894,154.062733456375,14.9124537378534,74.9943850491279,88.7007369245411,188.391482363219,1.25603725025417
432,1,BS1,Terrestrial,140.115347174963,119.59610785082,39.7403525747556,50.992146,NaN,893.334270320412,8.75952808811392
432,2,BS2,Terrestrial,144.900842099444,92.9113250265532,66.4251353990227,101.984292,NaN,893.334270320412,8.75952808811392
432,3,BS1,Terrestrial,158.603762337124,114.263742147044,45.072718278532,50.992146,NaN,893.334270320412,8.75952808811392
432,4,SAT-1,Satellite,600048.164031137,153.38437567844,15.5908115157881,52.1843514638025,89.2289463904609,188.391482363219,1.2033714902311
432,5,SAT-1,Satellite,600039.982999046,155.066843448792,13.9083437454363,46.7775035158979,89.2953170434521,188.391482363219,1.3424649899582
432,6,SAT-1,Satellite,600139.521763894,155.814294778088,13.1608924161398,44.3999990328976,88.7007369245411,188.391482363219,1.41435049899913
433,1,BS1,Terrestrial,140.115347174963,102.881873300655,56.4545871249209,50.992146,NaN,893.334270320412,8.75952808811392
433,2,BS2,Terrestrial,144.900842099444,112.757843092759,46.5786173328172,50.992146,NaN,893.334270320412,8.75952808811392
433,3,BS1,Terrestrial,158.603762337124,109.041098764822,50.2953616607537,50.992146,NaN,893.334270320412,8.75952808811392
433,4,SAT-1,Satellite,600048.164031137,155.335765914933,13.6394212792949,68.880187178571,89.2289463904609,188.391482363219,1.36753027307269
433,5,BS2,Terrestrial,2067.2298489109,124.06000091743,35.2764595081459,50.992146,NaN,893.334270320412,8.75952808811392
433,6,SAT-1,Satellite,600139.521763894,153.446992498979,15.528194695249,77.9729538362919,88.7007369245411,188.391482363219,1.20805659587269
434,1,BS1,Terrestrial,140.115347174963,105.912566205472,53.4238942201034,50.992146,NaN,893.334270320412,8.75952808811392
434,2,BS2,Terrestrial,144.900842099444,98.5124554582677,60.8240049673082,101.984292,NaN,893.334270320412,8.75952808811392
434,3,BS1,Terrestrial,158.603762337124,105.10316360622,54.2332968193561,50.992146,NaN,893.334270320412,8.75952808811392
434,4,SAT-1,Satellite,600048.164031137,152.360604625539,16.6145825686894,55.5036374529591,89.2289463904609,188.391482363219,1.13140622253743
434,5,SAT-1,Satellite,600039.982999046,154.106354900755,14.8688322934731,49.8559010321048,89.2953170434521,188.391482363219,1.25957327994737
434,6,SAT-1,Satellite,600139.521763894,160.997948181125,7.97723901310337,28.6326292756661,88.7007369245411,188.391482363219,2.19320273325749
435,1,BS1,Terrestrial,140.115347174963,112.033885920455,47.3025745051205,101.984292,NaN,893.334270320412,8.75952808811392
435,2,BS2,Terrestrial,144.900842099444,108.114407567246,51.2220528583295,33.994764,NaN,893.334270320412,8.75952808811392
435,3,BS2,Terrestrial,577.768536433813,115.661531453844,43.6749289717316,33.994764,NaN,893.334270320412,8.75952808811392
435,4,SAT-1,Satellite,600048.164031137,154.883179051936,14.0920081422922,71.0463951620997,89.2289463904609,188.391482363219,1.32583420969765
435,5,BS2,Terrestrial,2067.2298489109,122.122329298818,37.2141311267581,33.994764,NaN,893.334270320412,8.75952808811392
435,6,SAT-1,Satellite,600139.521763894,154.848292210533,14.1268949836955,71.2137363396085,88.7007369245411,188.391482363219,1.32271870601485
436,1,BS1,Terrestrial,140.115347174963,90.0717552972726,69.2647051283032,50.992146,NaN,893.334270320412,8.75952808811392
436,2,BS2,Terrestrial,144.900842099444,115.891262745344,43.4451976802316,101.984292,NaN,893.334270320412,8.75952808811392
436,3,BS1,Terrestrial,158.603762337124,106.907748056166,52.4287123694101,50.992146,NaN,893.334270320412,8.75952808811392
436,4,SAT-1,Satellite,600048.164031137,160.975817844076,7.99936935015202,28.6960638430171,89.2289463904609,188.391482363219,2.18835451200811
436,5,SAT-1,Satellite,600039.982999046,153.557532117546,15.4176550766818,51.6248915701854,89.2953170434521,188.391482363219,1.21641244906762
436,6,SAT-1,Satellite,600139.521763894,154.674297032843,14.3008901613856,48.0327175149174,88.7007369245411,188.391482363219,1.30738305131782
437,1,BS1,Terrestrial,140.115347174963,112.053796986475,47.2826634391012,50.992146,NaN,893.334270320412,8.75952808811392
437,2,BS2,Terrestrial,144.900842099444,104.48354544904,54.8529149765357,50.992146,NaN,893.334270320412,8.75952808811392
437,3,BS1,Terrestrial,158.603762337124,106.446249158179,52.890211267397,50.992146,NaN,893.334270320412,8.75952808811392
437,4,BS2,Terrestrial,1289.96390375941,147.038653367111,12.297807058465,38.2606669827199,NaN,893.334270320412,11.6743164817785
437,5,SAT-1,Satellite,600039.982999046,154.703575816796,14.2716113774322,71.9084255008067,89.2953170434521,188.391482363219,1.30994025422727
437,6,SAT-1,Satellite,600139.521763894,152.11227277118,16.8629144230479,83.3205,88.7007369245411,188.391482363219,1.1305229947205
438,1,BS1,Terrestrial,140.115347174963,120.220818408854,39.1156420167221,50.992146,NaN,893.334270320412,8.75952808811392
438,2,BS2,Terrestrial,144.900842099444,113.456618393652,45.8798420319234,50.992146,NaN,893.334270320412,8.75952808811392
438,3,BS1,Terrestrial,158.603762337124,91.4212885108242,67.9151719147517,50.992146,NaN,893.334270320412,8.75952808811392
438,4,SAT-1,Satellite,600048.164031137,154.020499023917,14.9546881703116,75.1982873059169,89.2289463904609,188.391482363219,1.25263147016112
438,5,BS2,Terrestrial,2067.2298489109,137.937080426588,21.3993799989875,50.992146,NaN,893.334270320412,8.75952808811392
438,6,SAT-1,Satellite,600139.521763894,155.891992529946,13.0831946642822,66.2308288571542,88.7007369245411,188.391482363219,1.42223406843918
439,1,BS1,Terrestrial,140.115347174963,107.919435514146,51.4170249114294,50.992146,NaN,893.334270320412,8.75952808811392
439,2,BS2,Terrestrial,144.900842099444,122.530685586292,36.8057748392835,50.992146,NaN,893.334270320412,8.75952808811392
439,3,BS1,Terrestrial,158.603762337124,86.3965546875569,72.9399057380189,50.992146,NaN,893.334270320412,8.75952808811392
439,4,BS2,Terrestrial,1289.96390375941,141.346305522987,17.9901549025889,50.992146,NaN,893.334270320412,8.75952808811392
439,5,SAT-1,Satellite,600039.982999046,157.427701725687,11.547485468541,59.0045367384772,89.2953170434521,188.391482363219,1.5964152315797
439,6,SAT-1,Satellite,600139.521763894,154.65437965647,14.3208075377579,72.144775707433,88.7007369245411,188.391482363219,1.30564881875299
440,1,BS1,Terrestrial,140.115347174963,89.06334369881,70.2731167267658,33.994764,NaN,893.334270320412,8.75952808811392
440,2,BS2,Terrestrial,144.900842099444,109.916871176154,49.4195892494219,101.984292,NaN,893.334270320412,8.75952808811392
440,3,BS1,Terrestrial,158.603762337124,89.5910682701918,69.745392155384,33.994764,NaN,893.334270320412,8.75952808811392
440,4,SAT-1,Satellite,600048.164031137,155.476911494307,13.4982756999215,68.2064946180075,89.2289463904609,188.391482363219,1.38103771069244
440,5,SAT-1,Satellite,600039.982999046,155.027435606548,13.9477515876802,70.3549814383123,89.2953170434521,188.391482363219,1.33886384810151
440,6,BS1,Terrestrial,4185.25875071361,142.351976221074,16.9844842045017,33.994764,NaN,893.334270320412,8.75952808811392
441,1,BS1,Terrestrial,140.115347174963,99.1528743122689,60.183586113307,50.992146,NaN,893.334270320412,8.75952808811392
441,2,BS2,Terrestrial,144.900842099444,120.920091059601,38.4163693659744,50.992146,NaN,893.334270320412,8.75952808811392
441,3,BS1,Terrestrial,158.603762337124,102.654128001187,56.6823324243888,50.992146,NaN,893.334270320412,8.75952808811392
441,4,SAT-1,Satellite,600048.164031137,156.987818895435,11.9873682987931,61.0595769246383,89.2289463904609,188.391482363219,1.54268578208245
441,5,BS2,Terrestrial,2067.2298489109,139.3644288279,19.9720315976757,50.992146,NaN,893.334270320412,8.75952808811392
441,6,SAT-1,Satellite,600139.521763894,154.628098446175,14.3470887480531,72.2710761676885,88.7007369245411,188.391482363219,1.30336707541271
442,1,BS1,Terrestrial,140.115347174963,104.830645076023,54.5058153495531,50.992146,NaN,893.334270320412,8.75952808811392
442,2,BS2,Terrestrial,144.900842099444,110.34008096664,48.9963794589363,101.984292,NaN,893.334270320412,8.75952808811392
442,3,BS1,Terrestrial,158.603762337124,105.658987724738,53.6774727008383,50.992146,NaN,893.334270320412,8.75952808811392
442,4,SAT-1,Satellite,600048.164031137,154.869750957281,14.1054362369474,47.407199699838,89.2289463904609,188.391482363219,1.32463341402454
442,5,SAT-1,Satellite,600039.982999046,156.976940456929,11.9982467372988,40.7403738745827,89.2953170434521,188.391482363219,1.54139873583531
442,6,SAT-1,Satellite,600139.521763894,154.591671467998,14.3835157262305,48.2974528318086,88.7007369245411,188.391482363219,1.30021682523144
443,1,BS1,Terrestrial,140.115347174963,109.303481125481,50.0329793000952,33.994764,NaN,893.334270320412,8.75952808811392
443,2,BS2,Terrestrial,144.900842099444,106.495404132232,52.8410562933436,101.984292,NaN,893.334270320412,8.75952808811392
443,3,BS1,Terrestrial,158.603762337124,115.600106412984,43.7363540125915,33.994764,NaN,893.334270320412,8.75952808811392
443,4,BS1,Terrestrial,1684.50527938871,141.153213316824,18.1832471087517,33.994764,NaN,893.334270320412,8.75952808811392
443,5,SAT-1,Satellite,600039.982999046,154.372134643243,14.6030525509855,73.5025638959679,89.2953170434521,188.391482363219,1.28153000642167
443,6,SAT-1,Satellite,600139.521763894,154.52978992603,14.4453972681986,72.7437596271322,88.7007369245411,188.391482363219,1.29489789453329
444,1,BS2,Terrestrial,295.272687326099,111.014315981346,48.3221444442298,50.992146,NaN,893.334270320412,8.75952808811392
444,2,BS2,Terrestrial,144.900842099444,110.093019807005,49.2434406185705,50.992146,NaN,893.334270320412,8.75952808811392
444,3,BS1,Terrestrial,158.603762337124,87.2101522488443,72.1263081767316,50.992146,NaN,893.334270320412,8.75952808811392
444,4,BS1,Terrestrial,1684.50527938871,141.352944162963,17.9835162626132,50.992146,NaN,893.334270320412,8.75952808811392
444,5,SAT-1,Satellite,600039.982999046,154.815373194669,14.1598139995594,71.3716843775647,89.2953170434521,188.391482363219,1.31979148317844
444,6,SAT-1,Satellite,600139.521763894,157.830688673898,11.1444985203302,57.1337604035194,88.7007369245411,188.391482363219,1.64868793015429
445,1,BS1,Terrestrial,140.115347174963,91.7967248725246,67.5397355530512,50.992146,NaN,893.334270320412,8.75952808811392
445,2,BS2,Terrestrial,144.900842099444,91.3226672736908,68.0137931518851,101.984292,NaN,893.334270320412,8.75952808811392
445,3,BS1,Terrestrial,158.603762337124,108.708382497595,50.6280779279805,50.992146,NaN,893.334270320412,8.75952808811392
445,4,SAT-1,Satellite,600048.164031137,158.147627684536,10.8275595096922,37.1140463815305,89.2289463904609,188.391482363219,1.69200523548923
445,5,SAT-1,Satellite,600039.982999046,154.651416832665,14.3237703615628,48.1060085902368,89.2953170434521,188.391482363219,1.30539121053756
445,6,SAT-1,Satellite,600139.521763894,151.664193595186,17.3109935990423,55.547,88.7007369245411,188.391482363219,1.1305229947205
446,1,BS2,Terrestrial,295.272687326099,91.906662917461,67.4297975081149,33.994764,NaN,893.334270320412,8.75952808811392
446,2,BS2,Terrestrial,144.900842099444,102.151766596116,57.1846938294598,33.994764,NaN,893.334270320412,8.75952808811392
446,3,BS1,Terrestrial,158.603762337124,112.5615161197,46.7749443058761,101.984292,NaN,893.334270320412,8.75952808811392
446,4,BS2,Terrestrial,1289.96390375941,142.187710050125,17.1487503754506,33.994764,NaN,893.334270320412,8.75952808811392
446,5,SAT-1,Satellite,600039.982999046,154.182453575096,14.7927336191323,74.4167308539144,89.2953170434521,188.391482363219,1.26578714357289
446,6,SAT-1,Satellite,600139.521763894,157.630895875463,11.3442913187651,58.0597704567389,88.7007369245411,188.391482363219,1.62239258682216
447,1,BS2,Terrestrial,295.272687326099,120.180456360437,39.1560040651389,50.992146,NaN,893.334270320412,8.75952808811392
447,2,BS2,Terrestrial,144.900842099444,116.583235639022,42.7532247865536,50.992146,NaN,893.334270320412,8.75952808811392
447,3,BS1,Terrestrial,158.603762337124,108.921038781978,50.4154216435983,101.984292,NaN,893.334270320412,8.75952808811392
447,4,SAT-1,Satellite,600048.164031137,153.639886502451,15.3353006917766,51.3590256335804,89.2289463904609,188.391482363219,1.22270934880588
447,5,SAT-1,Satellite,600039.982999046,155.809252701982,13.1659344922463,44.4159772134665,89.2953170434521,188.391482363219,1.41384170128537
447,6,SAT-1,Satellite,600139.521763894,153.583272314228,15.3919148800003,51.5417788485311,88.7007369245411,188.391482363219,1.21837395197952
448,1,BS2,Terrestrial,295.272687326099,111.078409942521,48.2580504830549,50.992146,NaN,893.334270320412,8.75952808811392
448,2,BS2,Terrestrial,144.900842099444,84.6182818538704,74.7181785717055,50.992146,NaN,893.334270320412,8.75952808811392
448,3,BS1,Terrestrial,158.603762337124,109.967099267687,49.3693611578888,101.984292,NaN,893.334270320412,8.75952808811392
448,4,SAT-1,Satellite,600048.164031137,154.287017035903,14.6881701583255,49.2750838220004,89.2289463904609,188.391482363219,1.27442017175629
448,5,SAT-1,Satellite,600039.982999046,153.614402242814,15.3607849514138,51.441281666947,89.2953170434521,188.391482363219,1.22075420271049
448,6,SAT-1,Satellite,600139.521763894,155.210161790384,13.7650254038444,46.3203097750293,88.7007369245411,188.391482363219,1.35571547540886
449,1,BS1,Terrestrial,140.115347174963,115.968408947013,43.3680514785625,50.992146,NaN,893.334270320412,8.75952808811392
449,2,BS2,Terrestrial,144.900842099444,106.4580099807,52.8784504448754,101.984292,NaN,893.334270320412,8.75952808811392
449,3,BS1,Terrestrial,158.603762337124,114.259440750248,45.0770196753279,50.992146,NaN,893.334270320412,8.75952808811392
449,4,SAT-1,Satellite,600048.164031137,155.46987235066,13.505314843568,45.4933804939678,89.2289463904609,188.391482363219,1.38035819949819
449,5,SAT-1,Satellite,600039.982999046,154.32711803887,14.6480691553577,49.1462681896014,89.2953170434521,188.391482363219,1.27776051165216
449,6,SAT-1,Satellite,600139.521763894,153.255185745049,15.720001449179,52.6021494961854,88.7007369245411,188.391482363219,1.19381358726212
450,1,BS1,Terrestrial,140.115347174963,118.751714734846,40.5847456907299,50.992146,NaN,893.334270320412,8.75952808811392
450,2,BS2,Terrestrial,144.900842099444,107.799461961695,51.5369984638813,101.984292,NaN,893.334270320412,8.75952808811392
450,3,BS1,Terrestrial,158.603762337124,119.049496330105,40.2869640954707,50.992146,NaN,893.334270320412,8.75952808811392
450,4,SAT-1,Satellite,600048.164031137,153.82286765825,15.1523195359777,50.7688216003176,89.2289463904609,188.391482363219,1.23692374193981
450,5,SAT-1,Satellite,600039.982999046,157.557877791644,11.4173094025842,38.9326216427753,89.2953170434521,188.391482363219,1.6129702583076
450,6,SAT-1,Satellite,600139.521763894,154.211138534495,14.7640486597329,49.5189334726903,88.7007369245411,188.391482363219,1.26814445271468
451,1,BS1,Terrestrial,140.115347174963,111.51288252297,47.8235779026062,50.992146,NaN,893.334270320412,8.75952808811392
451,2,BS2,Terrestrial,144.900842099444,104.967594037367,54.3688663882088,101.984292,NaN,893.334270320412,8.75952808811392
451,3,BS1,Terrestrial,158.603762337124,114.072796847067,45.2636635785088,50.992146,NaN,893.334270320412,8.75952808811392
451,4,SAT-1,Satellite,600048.164031137,158.045264651715,10.9299225425129,37.4284106378638,89.2289463904609,188.391482363219,1.67779394629736
451,5,SAT-1,Satellite,600039.982999046,157.778721553292,11.1964656409361,38.2495554016302,89.2953170434521,188.391482363219,1.64177492073707
451,6,SAT-1,Satellite,600139.521763894,155.988085889046,12.9871013051821,43.8497890516257,88.7007369245411,188.391482363219,1.43209721519541
452,1,BS2,Terrestrial,295.272687326099,114.93767753263,44.398782892946,33.994764,NaN,893.334270320412,8.75952808811392
452,2,BS2,Terrestrial,144.900842099444,122.050726335939,37.2857340896372,33.994764,NaN,893.334270320412,8.75952808811392
452,3,BS1,Terrestrial,158.603762337124,111.302559276117,48.0339011494589,101.984292,NaN,893.334270320412,8.75952808811392
452,4,BS2,Terrestrial,1289.96390375941,143.948751540723,15.3877088848525,31.5352580271419,NaN,893.334270320412,9.44270346069504
452,5,SAT-1,Satellite,600039.982999046,156.400318910348,12.5748682838806,63.8234568182142,89.2953170434521,188.391482363219,1.47587965111171
452,6,SAT-1,Satellite,600139.521763894,153.935063731162,15.0401234630658,75.6109447848136,88.7007369245411,188.391482363219,1.24579505585716
453,1,BS1,Terrestrial,140.115347174963,117.98022405752,41.3562363680561,33.994764,NaN,893.334270320412,8.75952808811392
453,2,BS2,Terrestrial,144.900842099444,114.839743963904,44.4967164616721,101.984292,NaN,893.334270320412,8.75952808811392
453,3,BS1,Terrestrial,158.603762337124,92.0441979043455,67.2922625212303,33.994764,NaN,893.334270320412,8.75952808811392
453,4,BS1,Terrestrial,1684.50527938871,137.548467867899,21.787992557677,33.994764,NaN,893.334270320412,8.75952808811392
453,5,SAT-1,Satellite,600039.982999046,156.984539076498,11.9906481177296,61.074947625286,89.2953170434521,188.391482363219,1.54229753514534
453,6,SAT-1,Satellite,600139.521763894,158.250768663358,10.7244185308704,55.1967969676804,88.7007369245411,188.391482363219,1.70654361043385
454,1,BS2,Terrestrial,295.272687326099,126.700960610607,32.6354998149689,50.992146,NaN,893.334270320412,8.75952808811392
454,2,BS2,Terrestrial,144.900842099444,120.615831232776,38.7206291928003,50.992146,NaN,893.334270320412,8.75952808811392
454,3,BS1,Terrestrial,158.603762337124,117.41378966066,41.9226707649159,101.984292,NaN,893.334270320412,8.75952808811392
454,4,SAT-1,Satellite,600048.164031137,159.217489138689,9.75769805553898,33.8644643171781,89.2289463904609,188.391482363219,1.85436746317836
454,5,SAT-1,Satellite,600039.982999046,154.623943472005,14.3512437222234,48.1940308971264,89.2953170434521,188.391482363219,1.30300702428864
454,6,SAT-1,Satellite,600139.521763894,153.543709336737,15.4314778574913,51.6695297364952,88.7007369245411,188.391482363219,1.21536157011672
455,1,BS2,Terrestrial,295.272687326099,97.3975297952041,61.9389306303718,50.992146,NaN,893.334270320412,8.75952808811392
455,2,BS2,Terrestrial,144.900842099444,107.815665490221,51.5207949353545,50.992146,NaN,893.334270320412,8.75952808811392
455,3,BS1,Terrestrial,158.603762337124,110.715502850856,48.6209575747195,101.984292,NaN,893.334270320412,8.75952808811392
455,4,SAT-1,Satellite,600048.164031137,155.74935109027,13.2258361039584,44.6058686061469,89.2289463904609,188.391482363219,1.40782284372074
455,5,SAT-1,Satellite,600039.982999046,154.605889311106,14.3692978831224,48.2518856371544,89.2953170434521,188.391482363219,1.30144469917638
455,6,SAT-1,Satellite,600139.521763894,154.210087692336,14.7650995018918,49.522311520923,88.7007369245411,188.391482363219,1.26805794921766
456,1,BS1,Terrestrial,140.115347174963,82.6887852625531,76.6476751630228,50.992146,NaN,893.334270320412,8.75952808811392
456,2,BS2,Terrestrial,144.900842099444,110.84320817064,48.4932522549363,50.992146,NaN,893.334270320412,8.75952808811392
456,3,BS1,Terrestrial,158.603762337124,101.468826256458,57.8676341691177,50.992146,NaN,893.334270320412,8.75952808811392
456,4,BS2,Terrestrial,1289.96390375941,133.460498314729,25.8759621108468,50.992146,NaN,893.334270320412,8.75952808811392
456,5,SAT-1,Satellite,600039.982999046,153.124036064773,15.8511511294551,79.5399256836504,89.2953170434521,188.391482363219,1.18425734462273
456,6,SAT-1,Satellite,600139.521763894,156.977229545394,11.9979576488339,61.1092058452175,88.7007369245411,188.391482363219,1.54143291307362
457,1,BS1,Terrestrial,140.115347174963,85.6643425788661,73.6721178467098,50.992146,NaN,893.334270320412,8.75952808811392
457,2,BS2,Terrestrial,144.900842099444,90.4777772461271,68.8586831794488,50.992146,NaN,893.334270320412,8.75952808811392
457,3,BS1,Terrestrial,158.603762337124,88.5407270793774,70.7957333461984,50.992146,NaN,893.334270320412,8.75952808811392
457,4,BS2,Terrestrial,1289.96390375941,144.452417810215,14.8840426153608,45.8126398994869,NaN,893.334270320412,9.74986676472249
457,5,SAT-1,Satellite,600039.982999046,153.256943038045,15.7182441561832,78.8946963652068,89.2953170434521,188.391482363219,1.19394262886282
457,6,SAT-1,Satellite,600139.521763894,158.162029675947,10.8131575182811,55.6047928785466,88.7007369245411,188.391482363219,1.69402197733843
458,1,BS1,Terrestrial,140.115347174963,115.463223077627,43.873237347949,33.994764,NaN,893.334270320412,8.75952808811392
458,2,BS2,Terrestrial,144.900842099444,105.146909929866,54.1895504957097,50.992146,NaN,893.334270320412,8.75952808811392
458,3,BS1,Terrestrial,158.603762337124,114.758366679525,44.5780937460509,33.994764,NaN,893.334270320412,8.75952808811392
458,4,BS2,Terrestrial,1289.96390375941,140.752968088547,18.5834923370294,50.992146,NaN,893.334270320412,8.75952808811392
458,5,SAT-1,Satellite,600039.982999046,155.543310673765,13.4318765204631,135.779782272671,89.2953170434521,188.391482363219,1.38747815919231
458,6,BS1,Terrestrial,4185.25875071361,124.044491731901,35.2919686936744,33.994764,NaN,893.334270320412,8.75952808811392
459,1,BS2,Terrestrial,295.272687326099,105.415543487668,53.9209169379079,50.992146,NaN,893.334270320412,8.75952808811392
459,2,BS2,Terrestrial,144.900842099444,113.713023815329,45.6234366102467,50.992146,NaN,893.334270320412,8.75952808811392
459,3,BS1,Terrestrial,158.603762337124,109.977082591912,49.3593778336635,101.984292,NaN,893.334270320412,8.75952808811392
459,4,SAT-1,Satellite,600048.164031137,154.815984260052,14.1592029341766,47.5791680223796,89.2289463904609,188.391482363219,1.31984570974848
459,5,SAT-1,Satellite,600039.982999046,156.29748142195,12.6777057722784,42.8728960123587,89.2953170434521,188.391482363219,1.46472868941807
459,6,SAT-1,Satellite,600139.521763894,156.234888518221,12.7402986760069,43.0702485432881,88.7007369245411,188.391482363219,1.45801714435487
460,1,BS1,Terrestrial,140.115347174963,110.718637742833,48.617822682743,50.992146,NaN,893.334270320412,8.75952808811392
460,2,BS2,Terrestrial,144.900842099444,115.513553013425,43.8229074121506,50.992146,NaN,893.334270320412,8.75952808811392
460,3,BS1,Terrestrial,158.603762337124,116.358168660062,42.9782917655135,50.992146,NaN,893.334270320412,8.75952808811392
460,4,BS2,Terrestrial,1289.96390375941,114.447318302391,44.8891421231853,50.992146,NaN,893.334270320412,8.75952808811392
460,5,SAT-1,Satellite,600039.982999046,155.055095044865,13.9200921493627,70.2225120051286,89.2953170434521,188.391482363219,1.34138951302012
460,6,SAT-1,Satellite,600139.521763894,153.912199056847,15.0629881373806,75.7214245392532,88.7007369245411,188.391482363219,1.2439774047407
461,1,BS2,Terrestrial,295.272687326099,118.894972944906,40.4414874806699,50.992146,NaN,893.334270320412,8.75952808811392
461,2,BS2,Terrestrial,144.900842099444,112.775443682528,46.5610167430474,50.992146,NaN,893.334270320412,8.75952808811392
461,3,BS1,Terrestrial,158.603762337124,110.741651979117,48.5948084464586,101.984292,NaN,893.334270320412,8.75952808811392
461,4,SAT-1,Satellite,600048.164031137,155.636227109,13.3389600852282,44.9648011841046,89.2289463904609,188.391482363219,1.39658486491738
461,5,SAT-1,Satellite,600039.982999046,154.72494339481,14.2502437994181,47.8705336708198,89.2953170434521,188.391482363219,1.31181242347458
461,6,SAT-1,Satellite,600139.521763894,155.781863875286,13.1933233189419,44.5027864344587,88.7007369245411,188.391482363219,1.41108379539838
462,1,BS2,Terrestrial,295.272687326099,117.550405038905,41.786055386671,33.994764,NaN,893.334270320412,8.75952808811392
462,2,BS2,Terrestrial,144.900842099444,110.757145191069,48.5793152345071,33.994764,NaN,893.334270320412,8.75952808811392
462,3,BS1,Terrestrial,158.603762337124,107.770265239521,51.566195186055,50.992146,NaN,893.334270320412,8.75952808811392
462,4,BS1,Terrestrial,1684.50527938871,142.346600570695,16.9898598548805,50.992146,NaN,893.334270320412,8.75952808811392
462,5,BS2,Terrestrial,2067.2298489109,140.172387448203,19.1640729773725,33.994764,NaN,893.334270320412,8.75952808811392
462,6,SAT-1,Satellite,600139.521763894,155.579866191918,13.3953210023106,135.431354345476,88.7007369245411,188.391482363219,1.39104776197279
463,1,BS1,Terrestrial,140.115347174963,115.181007538541,44.1554528870351,33.994764,NaN,893.334270320412,8.75952808811392
463,2,BS2,Terrestrial,144.900842099444,93.3019697040914,66.0344907214844,101.984292,NaN,893.334270320412,8.75952808811392
463,3,BS1,Terrestrial,158.603762337124,103.777884530082,55.5585758954942,33.994764,NaN,893.334270320412,8.75952808811392
463,4,BS1,Terrestrial,1684.50527938871,139.842880627153,19.4935797984232,33.994764,NaN,893.334270320412,8.75952808811392
463,5,SAT-1,Satellite,600039.982999046,155.305839425522,13.6693477687057,69.0231449601445,89.2953170434521,188.391482363219,1.36469790294256
463,6,SAT-1,Satellite,600139.521763894,152.769809584461,16.2053776097667,81.2620104872186,88.7007369245411,188.391482363219,1.15916085040038
464,1,BS2,Terrestrial,295.272687326099,88.8780317689437,70.4584286566322,33.994764,NaN,893.334270320412,8.75952808811392
464,2,BS2,Terrestrial,144.900842099444,100.288538358224,59.0479220673516,33.994764,NaN,893.334270320412,8.75952808811392
464,3,BS1,Terrestrial,158.603762337124,112.543517390612,46.7929430349634,101.984292,NaN,893.334270320412,8.75952808811392
464,4,BS2,Terrestrial,1289.96390375941,138.437075967869,20.8993844577067,33.994764,NaN,893.334270320412,8.75952808811392
464,5,SAT-1,Satellite,600039.982999046,152.743002343783,16.2321848504449,81.3924720218508,89.2953170434521,188.391482363219,1.15730286649017
464,6,SAT-1,Satellite,600139.521763894,152.255798946234,16.7193882479943,83.3205,88.7007369245411,188.391482363219,1.1305229947205
465,1,BS2,Terrestrial,295.272687326099,108.77016003479,50.5663003907863,50.992146,NaN,893.334270320412,8.75952808811392
465,2,BS2,Terrestrial,144.900842099444,83.4149089691758,75.9215514564001,50.992146,NaN,893.334270320412,8.75952808811392
465,3,BS1,Terrestrial,158.603762337124,90.3647374138547,68.9717230117211,101.984292,NaN,893.334270320412,8.75952808811392
465,4,SAT-1,Satellite,600048.164031137,154.05554991946,14.9196372747678,50.0193745715242,89.2289463904609,188.391482363219,1.25545673702785
465,5,SAT-1,Satellite,600039.982999046,154.542067812657,14.4331193815711,48.4564700592799,89.2953170434521,188.391482363219,1.29594996727817
465,6,SAT-1,Satellite,600139.521763894,153.871670633953,15.1035165602747,50.6115312385887,88.7007369245411,188.391482363219,1.24076784975555
466,1,BS1,Terrestrial,140.115347174963,109.397247305112,49.9392131204637,50.992146,NaN,893.334270320412,8.75952808811392
466,2,BS2,Terrestrial,144.900842099444,83.6865206801127,75.6499397454631,50.992146,NaN,893.334270320412,8.75952808811392
466,3,BS1,Terrestrial,158.603762337124,108.637781569028,50.6986788565481,50.992146,NaN,893.334270320412,8.75952808811392
466,4,SAT-1,Satellite,600048.164031137,157.900220715992,11.0749664782364,56.8121954743928,89.2289463904609,188.391482363219,1.65801973317624
466,5,BS2,Terrestrial,2067.2298489109,145.88479864116,13.4516617844163,41.6063359523676,NaN,893.334270320412,10.7355556536285
466,6,SAT-1,Satellite,600139.521763894,153.16424469594,15.8109424982879,79.3446696032704,88.7007369245411,188.391482363219,1.18717163550615
467,1,BS1,Terrestrial,140.115347174963,109.592205573785,49.7442548517911,33.994764,NaN,893.334270320412,8.75952808811392
467,2,BS1,Terrestrial,565.376556244471,95.2716306639186,64.0648297616573,33.994764,NaN,893.334270320412,8.75952808811392
467,3,BS1,Terrestrial,158.603762337124,110.579379223759,48.757081201817,33.994764,NaN,893.334270320412,8.75952808811392
467,4,SAT-1,Satellite,600048.164031137,152.380050914788,16.5951362794406,55.4404197846889,89.2289463904609,188.391482363219,1.13269634377989
467,5,SAT-1,Satellite,600039.982999046,152.151429652006,16.8237575422217,55.547,89.2953170434521,188.391482363219,1.1305229947205
467,6,SAT-1,Satellite,600139.521763894,156.002600218818,12.9725869754099,43.803884854803,88.7007369245411,188.391482363219,1.43359797871567
468,1,BS1,Terrestrial,140.115347174963,113.876163426079,45.4602969994973,50.992146,NaN,893.334270320412,8.75952808811392
468,2,BS2,Terrestrial,144.900842099444,101.994234260506,57.3422261650697,50.992146,NaN,893.334270320412,8.75952808811392
468,3,BS1,Terrestrial,158.603762337124,81.9450526705587,77.3914077550172,50.992146,NaN,893.334270320412,8.75952808811392
468,4,BS2,Terrestrial,1289.96390375941,144.018055183334,15.3184052422421,47.0975304761342,NaN,893.334270320412,9.48387591970553
468,5,SAT-1,Satellite,600039.982999046,156.71448718042,12.2607000138079,62.3428580989121,89.2953170434521,188.391482363219,1.51093074738665
468,6,SAT-1,Satellite,600139.521763894,155.539504703296,13.4356824909317,67.9080330558102,88.7007369245411,188.391482363219,1.38710748850868
469,1,BS1,Terrestrial,140.115347174963,101.866741617471,57.4697188081047,50.992146,NaN,893.334270320412,8.75952808811392
469,2,BS2,Terrestrial,144.900842099444,108.220073016526,51.1163874090497,101.984292,NaN,893.334270320412,8.75952808811392
469,3,BS1,Terrestrial,158.603762337124,129.369767459079,29.9666929664965,50.992146,NaN,893.334270320412,8.75952808811392
469,4,SAT-1,Satellite,600048.164031137,154.08218371472,14.8930034795078,49.9336683873532,89.2289463904609,188.391482363219,1.25761160387015
469,5,SAT-1,Satellite,600039.982999046,153.443537819516,15.5316493747122,51.993132944888,89.2953170434521,188.391482363219,1.20779720764863
469,6,SAT-1,Satellite,600139.521763894,155.31543397836,13.659753215868,45.9848717922984,88.7007369245411,188.391482363219,1.36560478131542
470,1,BS1,Terrestrial,140.115347174963,88.5244221867715,70.8120382388043,50.992146,NaN,893.334270320412,8.75952808811392
470,2,BS2,Terrestrial,144.900842099444,106.400860862428,52.9355995631474,101.984292,NaN,893.334270320412,8.75952808811392
470,3,BS1,Terrestrial,158.603762337124,91.5741015581633,67.7623588674125,50.992146,NaN,893.334270320412,8.75952808811392
470,4,SAT-1,Satellite,600048.164031137,155.453052081903,13.522135112325,45.5468742760163,89.2289463904609,188.391482363219,1.37873699975954
470,5,SAT-1,Satellite,600039.982999046,160.253527128495,8.72166006573298,30.7897984986426,89.2953170434521,188.391482363219,2.03954438969478
470,6,SAT-1,Satellite,600139.521763894,153.704658068531,15.270529125697,51.1500231639607,88.7007369245411,188.391482363219,1.22770542227213
471,1,BS1,Terrestrial,140.115347174963,103.275997869725,56.0604625558506,50.992146,NaN,893.334270320412,8.75952808811392
471,2,BS2,Terrestrial,144.900842099444,111.236021880554,48.1004385450218,101.984292,NaN,893.334270320412,8.75952808811392
471,3,BS1,Terrestrial,158.603762337124,100.52067429588,58.8157861296956,50.992146,NaN,893.334270320412,8.75952808811392
471,4,SAT-1,Satellite,600048.164031137,155.012118089199,13.9630691050288,46.9522371628767,89.2289463904609,188.391482363219,1.33746898086873
471,5,SAT-1,Satellite,600039.982999046,155.359590769317,13.6155964249109,45.8442705852414,89.2953170434521,188.391482363219,1.3697929967274
471,6,SAT-1,Satellite,600139.521763894,153.744201112436,15.2309860817921,51.0224712755395,88.7007369245411,188.391482363219,1.23077458260719
472,1,BS2,Terrestrial,295.272687326099,112.939393942109,46.3970664834664,33.994764,NaN,893.334270320412,8.75952808811392
472,2,BS2,Terrestrial,144.900842099444,109.721574988918,49.6148854366582,33.994764,NaN,893.334270320412,8.75952808811392
472,3,BS1,Terrestrial,158.603762337124,112.123574897377,47.2128855281984,101.984292,NaN,893.334270320412,8.75952808811392
472,4,BS2,Terrestrial,1289.96390375941,144.234205323454,15.1022551021223,30.9717693758845,NaN,893.334270320412,9.61450043401984
472,5,SAT-1,Satellite,600039.982999046,152.964447112095,16.0107400821336,80.3153492264405,89.2953170434521,188.391482363219,1.17282365187798
472,6,SAT-1,Satellite,600139.521763894,154.108179495648,14.8670076985803,74.7750468165116,88.7007369245411,188.391482363219,1.25972159419376
473,1,BS1,Terrestrial,140.115347174963,111.175060290627,48.1614001349491,50.992146,NaN,893.334270320412,8.75952808811392
473,2,BS2,Terrestrial,144.900842099444,101.050625576617,58.2858348489587,101.984292,NaN,893.334270320412,8.75952808811392
473,3,BS1,Terrestrial,158.603762337124,129.043698731568,30.292761694008,50.992146,NaN,893.334270320412,8.75952808811392
473,4,SAT-1,Satellite,600048.164031137,154.85753633187,14.1176508623584,47.4462602103157,89.2289463904609,188.391482363219,1.32354289904784
473,5,SAT-1,Satellite,600039.982999046,155.925564068384,13.0496231258444,44.0476092993701,89.2953170434521,188.391482363219,1.4256655874542
473,6,SAT-1,Satellite,600139.521763894,152.949737034842,16.0254501593866,53.5912394492774,88.7007369245411,188.391482363219,1.17178034009038
474,1,BS1,Terrestrial,140.115347174963,114.766598780801,44.5698616447749,50.992146,NaN,893.334270320412,8.75952808811392
474,2,BS2,Terrestrial,144.900842099444,82.667361216955,76.6690992086208,101.984292,NaN,893.334270320412,8.75952808811392
474,3,BS1,Terrestrial,158.603762337124,91.1388028384441,68.1976575871318,50.992146,NaN,893.334270320412,8.75952808811392
474,4,SAT-1,Satellite,600048.164031137,154.342420615901,14.6327665783274,49.0971224097339,89.2289463904609,188.391482363219,1.27903953848198
474,5,SAT-1,Satellite,600039.982999046,153.639317349474,15.3358698447543,51.3608625499825,89.2953170434521,188.391482363219,1.22266561872141
474,6,SAT-1,Satellite,600139.521763894,153.79889037784,15.1762968163883,50.8461187974587,88.7007369245411,188.391482363219,1.23504334790796
475,1,BS1,Terrestrial,140.115347174963,106.779104820116,52.5573556054603,50.992146,NaN,893.334270320412,8.75952808811392
475,2,BS2,Terrestrial,144.900842099444,83.3475259637266,75.9889344618492,101.984292,NaN,893.334270320412,8.75952808811392
475,3,BS1,Terrestrial,158.603762337124,106.656363352706,52.6800970728703,50.992146,NaN,893.334270320412,8.75952808811392
475,4,SAT-1,Satellite,600048.164031137,154.508445058005,14.4667421362229,48.5642923822147,89.2289463904609,188.391482363219,1.29307270233669
475,5,SAT-1,Satellite,600039.982999046,151.899717176738,17.0754700174903,55.547,89.2953170434521,188.391482363219,1.1305229947205
475,6,SAT-1,Satellite,600139.521763894,153.050361629561,15.9248255646674,53.2652085005559,88.7007369245411,188.391482363219,1.17895268892234
476,1,BS1,Terrestrial,140.115347174963,99.7867483563349,59.549712069241,50.992146,NaN,893.334270320412,8.75952808811392
476,2,BS2,Terrestrial,144.900842099444,114.624072766853,44.7123876587225,50.992146,NaN,893.334270320412,8.75952808811392
476,3,BS1,Terrestrial,158.603762337124,100.089173706688,59.247286718888,50.992146,NaN,893.334270320412,8.75952808811392
476,4,BS2,Terrestrial,1289.96390375941,135.476807691579,23.8596527339966,50.992146,NaN,893.334270320412,8.75952808811392
476,5,SAT-1,Satellite,600039.982999046,153.841901718466,15.1332854757619,76.0612037978754,89.2953170434521,188.391482363219,1.23842033097352
476,6,SAT-1,Satellite,600139.521763894,154.333721010667,14.6414661835614,73.6875920548533,88.7007369245411,188.391482363219,1.27831210865853
477,1,BS1,Terrestrial,140.115347174963,87.4956689395884,71.8407914859875,50.992146,NaN,893.334270320412,8.75952808811392
477,2,BS2,Terrestrial,144.900842099444,85.1976886853227,74.1387717402531,101.984292,NaN,893.334270320412,8.75952808811392
477,3,BS1,Terrestrial,158.603762337124,111.21877150776,48.1176889178157,50.992146,NaN,893.334270320412,8.75952808811392
477,4,SAT-1,Satellite,600048.164031137,153.435699407803,15.5394877864252,52.0184634959954,89.2289463904609,188.391482363219,1.20720906707623
477,5,SAT-1,Satellite,600039.982999046,154.445811887532,14.5293753066959,48.7652227474477,89.2953170434521,188.391482363219,1.28774477485651
477,6,SAT-1,Satellite,600139.521763894,156.554278195655,12.4209089985729,42.064772543989,88.7007369245411,188.391482363219,1.49286818850785
478,1,BS1,Terrestrial,140.115347174963,111.739564204969,47.5968962206065,50.992146,NaN,893.334270320412,8.75952808811392
478,2,BS2,Terrestrial,144.900842099444,115.723110982418,43.6133494431583,50.992146,NaN,893.334270320412,8.75952808811392
478,3,BS1,Terrestrial,158.603762337124,104.407503299584,54.9289571259917,50.992146,NaN,893.334270320412,8.75952808811392
478,4,BS2,Terrestrial,1289.96390375941,118.577784567369,40.7586758582065,50.992146,NaN,893.334270320412,8.75952808811392
478,5,SAT-1,Satellite,600039.982999046,156.781759541194,12.1934276530341,62.026586224467,89.2953170434521,188.391482363219,1.51863494213152
478,6,SAT-1,Satellite,600139.521763894,153.439061041598,15.5361261526306,78.0113998706718,88.7007369245411,188.391482363219,1.20746123435508
479,1,BS1,Terrestrial,140.115347174963,87.3289584086122,72.0075020169637,50.992146,NaN,893.334270320412,8.75952808811392
479,2,BS2,Terrestrial,144.900842099444,79.3066588674317,80.0298015581442,50.992146,NaN,893.334270320412,8.75952808811392
479,3,BS1,Terrestrial,158.603762337124,102.209298276626,57.1271621489501,50.992146,NaN,893.334270320412,8.75952808811392
479,4,SAT-1,Satellite,600048.164031137,158.106683300155,10.8685038940732,55.8595835267966,89.2289463904609,188.391482363219,1.68629508554109
479,5,BS2,Terrestrial,2067.2298489109,144.847647026025,14.488813399551,44.6470096494405,NaN,893.334270320412,10.0044132556099
479,6,SAT-1,Satellite,600139.521763894,154.324814547246,14.6503726469816,73.7304998767485,88.7007369245411,188.391482363219,1.27756818872884
480,1,BS1,Terrestrial,140.115347174963,105.714347364138,53.622113061438,33.994764,NaN,893.334270320412,8.75952808811392
480,2,BS2,Terrestrial,144.900842099444,115.373634210007,43.9628262155686,101.984292,NaN,893.334270320412,8.75952808811392
480,3,BS1,Terrestrial,158.603762337124,105.364031176908,53.9724292486682,33.994764,NaN,893.334270320412,8.75952808811392
480,4,BS1,Terrestrial,1684.50527938871,141.417643383162,17.9188170424142,33.994764,NaN,893.334270320412,8.75952808811392
480,5,SAT-1,Satellite,600039.982999046,153.91149537635,15.0636918178783,75.7248249303624,89.2953170434521,188.391482363219,1.24392154446356
480,6,SAT-1,Satellite,600139.521763894,151.167051239711,17.8081359545173,83.3205,88.7007369245411,188.391482363219,1.1305229947205
481,1,BS1,Terrestrial,140.115347174963,86.773729274689,72.5627311508869,50.992146,NaN,893.334270320412,8.75952808811392
481,2,BS2,Terrestrial,144.900842099444,114.225674268708,45.1107861568677,101.984292,NaN,893.334270320412,8.75952808811392
481,3,BS1,Terrestrial,158.603762337124,114.692785223997,44.6436752015787,50.992146,NaN,893.334270320412,8.75952808811392
481,4,SAT-1,Satellite,600048.164031137,157.183893843296,11.7912933509321,40.0946356739706,89.2289463904609,188.391482363219,1.56622350427061
481,5,SAT-1,Satellite,600039.982999046,156.647689513538,12.3274976806903,41.7714468451208,89.2953170434521,188.391482363219,1.50335134477332
481,6,SAT-1,Satellite,600139.521763894,154.359139951077,14.616047243151,49.0434331532352,88.7007369245411,188.391482363219,1.28043973984307
482,1,BS1,Terrestrial,140.115347174963,115.755972354916,43.5804880706603,50.992146,NaN,893.334270320412,8.75952808811392
482,2,BS2,Terrestrial,144.900842099444,110.011344907045,49.3251155185304,101.984292,NaN,893.334270320412,8.75952808811392
482,3,BS1,Terrestrial,158.603762337124,93.8385395824172,65.4979208431587,50.992146,NaN,893.334270320412,8.75952808811392
482,4,SAT-1,Satellite,600048.164031137,155.914181315598,13.0610058786302,44.0836390724899,89.2289463904609,188.391482363219,1.42450038401951
482,5,SAT-1,Satellite,600039.982999046,155.088125123392,13.887062070836,46.7095760218739,89.2953170434521,188.391482363219,1.34441727234544
482,6,SAT-1,Satellite,600139.521763894,153.963130006539,15.0120571876888,50.3169037294395,88.7007369245411,188.391482363219,1.24803308894776
483,1,BS2,Terrestrial,295.272687326099,117.166926430915,42.1695339946611,50.992146,NaN,893.334270320412,8.75952808811392
483,2,BS2,Terrestrial,144.900842099444,82.3754171251174,76.9610433004585,50.992146,NaN,893.334270320412,8.75952808811392
483,3,BS1,Terrestrial,158.603762337124,108.499595012289,50.8368654132869,50.992146,NaN,893.334270320412,8.75952808811392
483,4,BS1,Terrestrial,1684.50527938871,144.962044626446,14.3744157991297,44.3102880125506,NaN,893.334270320412,10.0804385436107
483,5,SAT-1,Satellite,600039.982999046,152.588058902435,16.3871282917935,82.1468915450616,89.2953170434521,188.391482363219,1.14667444391293
483,6,SAT-1,Satellite,600139.521763894,155.094847089338,13.8803401048904,70.0321850394034,88.7007369245411,188.391482363219,1.34503501680849
484,1,BS1,Terrestrial,140.115347174963,112.222759404878,47.1137010206983,50.992146,NaN,893.334270320412,8.75952808811392
484,2,BS2,Terrestrial,144.900842099444,118.192924692423,41.143535733153,101.984292,NaN,893.334270320412,8.75952808811392
484,3,BS1,Terrestrial,158.603762337124,118.847895570806,40.4885648547697,50.992146,NaN,893.334270320412,8.75952808811392
484,4,SAT-1,Satellite,600048.164031137,153.444273798792,15.5309133954363,51.9907546237796,89.2289463904609,188.391482363219,1.2078524584257
484,5,SAT-1,Satellite,600039.982999046,154.692606337044,14.2825808571845,47.9740781338519,89.2953170434521,188.391482363219,1.30898108375381
484,6,SAT-1,Satellite,600139.521763894,154.531802420732,14.4433847734961,48.4893863160263,88.7007369245411,188.391482363219,1.2950702320393
485,1,BS1,Terrestrial,140.115347174963,105.234943361154,54.1015170644219,101.984292,NaN,893.334270320412,8.75952808811392
485,2,BS2,Terrestrial,144.900842099444,116.120785955079,43.215674470497,50.992146,NaN,893.334270320412,8.75952808811392
485,3,BS2,Terrestrial,577.768536433813,97.5404823288676,61.7959780967083,50.992146,NaN,893.334270320412,8.75952808811392
485,4,SAT-1,Satellite,600048.164031137,154.396885801104,14.5783013931241,48.9222488085203,89.2289463904609,188.391482363219,1.28361149205395
485,5,SAT-1,Satellite,600039.982999046,153.17996352843,15.7952236657984,52.8455668894384,89.2953170434521,188.391482363219,1.18831463988496
485,6,SAT-1,Satellite,600139.521763894,155.293099881475,13.6820873127533,46.0560090942864,88.7007369245411,188.391482363219,1.36349549217737
486,1,BS1,Terrestrial,140.115347174963,104.840590079325,54.4958703462508,50.992146,NaN,893.334270320412,8.75952808811392
486,2,BS2,Terrestrial,144.900842099444,116.826245083659,42.5102153419166,50.992146,NaN,893.334270320412,8.75952808811392
486,3,BS1,Terrestrial,158.603762337124,108.361181640505,50.9752787850705,50.992146,NaN,893.334270320412,8.75952808811392
486,4,BS2,Terrestrial,1289.96390375941,143.470251237192,15.8662091883838,48.7231930506245,NaN,893.334270320412,9.16744382282395
486,5,SAT-1,Satellite,600039.982999046,154.4454777838,14.5297094104278,73.1494422522067,89.2953170434521,188.391482363219,1.28771646483426
486,6,SAT-1,Satellite,600139.521763894,153.296603380836,15.6785838133923,78.7022546981725,88.7007369245411,188.391482363219,1.19686204090156
487,1,BS1,Terrestrial,140.115347174963,113.175791991464,46.1606684341119,50.992146,NaN,893.334270320412,8.75952808811392
487,2,BS2,Terrestrial,144.900842099444,100.16926858762,59.167191837956,101.984292,NaN,893.334270320412,8.75952808811392
487,3,BS1,Terrestrial,158.603762337124,117.541109989289,41.7953504362872,50.992146,NaN,893.334270320412,8.75952808811392
487,4,SAT-1,Satellite,600048.164031137,157.556947933518,11.41823926071,38.9355027027224,89.2289463904609,188.391482363219,1.61285090543723
487,5,SAT-1,Satellite,600039.982999046,153.860348254789,15.1148389394387,50.6480181933335,89.2953170434521,188.391482363219,1.23987399759711
487,6,SAT-1,Satellite,600139.521763894,154.433077573294,14.5421096209342,48.8060871822646,88.7007369245411,188.391482363219,1.28666656995521
488,1,BS1,Terrestrial,140.115347174963,106.808598612898,52.527861812678,50.992146,NaN,893.334270320412,8.75952808811392
488,2,BS2,Terrestrial,144.900842099444,108.608161262097,50.7282991634792,50.992146,NaN,893.334270320412,8.75952808811392
488,3,BS1,Terrestrial,158.603762337124,108.674855790618,50.6616046349576,50.992146,NaN,893.334270320412,8.75952808811392
488,4,BS2,Terrestrial,1289.96390375941,142.605778067615,16.7306823579613,50.992146,NaN,893.334270320412,8.75952808811392
488,5,SAT-1,Satellite,600039.982999046,152.767134990815,16.2080522034133,81.275025961761,89.2953170434521,188.391482363219,1.15897522107132
488,6,SAT-1,Satellite,600139.521763894,157.25065116755,11.724536026678,59.8301128751079,88.7007369245411,188.391482363219,1.57438682053363
489,1,BS1,Terrestrial,140.115347174963,106.321710918449,53.0147495071265,50.992146,NaN,893.334270320412,8.75952808811392
489,2,BS2,Terrestrial,144.900842099444,115.407926913881,43.9285335116949,101.984292,NaN,893.334270320412,8.75952808811392
489,3,BS1,Terrestrial,158.603762337124,111.806416748558,47.5300436770176,50.992146,NaN,893.334270320412,8.75952808811392
489,4,SAT-1,Satellite,600048.164031137,152.445401886575,16.5297853076532,55.2280158305277,89.2289463904609,188.391482363219,1.13705263249794
489,5,SAT-1,Satellite,600039.982999046,155.812675651649,13.1625115425793,44.4051299005397,89.2953170434521,188.391482363219,1.41418707542113
489,6,SAT-1,Satellite,600139.521763894,156.33197339163,12.643213802598,42.7642065386278,88.7007369245411,188.391482363219,1.46845144270399
490,1,BS1,Terrestrial,140.115347174963,95.645989000886,63.6904714246899,101.984292,NaN,893.334270320412,8.75952808811392
490,2,BS2,Terrestrial,144.900842099444,105.701026965955,53.6354334596205,33.994764,NaN,893.334270320412,8.75952808811392
490,3,BS2,Terrestrial,577.768536433813,119.454142161019,39.8823182645568,33.994764,NaN,893.334270320412,8.75952808811392
490,4,BS2,Terrestrial,1289.96390375941,112.732380477846,46.6040799477296,33.994764,NaN,893.334270320412,8.75952808811392
490,5,SAT-1,Satellite,600039.982999046,154.990006187786,13.9851810064417,70.5342942687769,89.2953170434521,188.391482363219,1.33546017803295
490,6,SAT-1,Satellite,600139.521763894,155.410606555719,13.5645806385095,68.5228554262085,88.7007369245411,188.391482363219,1.37466164531114
491,1,BS1,Terrestrial,140.115347174963,106.904866558479,52.4315938670969,50.992146,NaN,893.334270320412,8.75952808811392
491,2,BS2,Terrestrial,144.900842099444,103.921003720828,55.415456704748,101.984292,NaN,893.334270320412,8.75952808811392
491,3,BS1,Terrestrial,158.603762337124,100.356860746765,58.979599678811,50.992146,NaN,893.334270320412,8.75952808811392
491,4,SAT-1,Satellite,600048.164031137,153.279337148145,15.6958500460835,52.5240193403788,89.2289463904609,188.391482363219,1.1955894003615
491,5,SAT-1,Satellite,600039.982999046,154.87780882261,14.0973783716179,47.381434123229,89.2953170434521,188.391482363219,1.32535373717092
491,6,SAT-1,Satellite,600139.521763894,156.921681611946,12.0535055822824,40.9131058144836,88.7007369245411,188.391482363219,1.53489107066296
492,1,BS1,Terrestrial,140.115347174963,113.930295482476,45.4061649430998,50.992146,NaN,893.334270320412,8.75952808811392
492,2,BS2,Terrestrial,144.900842099444,118.901818689378,40.4346417361982,101.984292,NaN,893.334270320412,8.75952808811392
492,3,BS1,Terrestrial,158.603762337124,113.943815292363,45.3926451332124,50.992146,NaN,893.334270320412,8.75952808811392
492,4,SAT-1,Satellite,600048.164031137,152.618836321116,16.3563508731123,54.6646583442849,89.2289463904609,188.391482363219,1.14877075408091
492,5,SAT-1,Satellite,600039.982999046,154.740070596723,14.2351165975047,47.8221053812033,89.2953170434521,188.391482363219,1.31314086419169
492,6,SAT-1,Satellite,600139.521763894,156.335405680273,12.6397815139549,42.7533933031048,88.7007369245411,188.391482363219,1.46882284506711
493,1,BS1,Terrestrial,140.115347174963,122.110243019325,37.2262174062512,50.992146,NaN,893.334270320412,8.75952808811392
493,2,BS2,Terrestrial,144.900842099444,107.097361705151,52.2390987204246,50.992146,NaN,893.334270320412,8.75952808811392
493,3,BS1,Terrestrial,158.603762337124,106.286520529631,53.0499398959444,50.992146,NaN,893.334270320412,8.75952808811392
493,4,BS2,Terrestrial,1289.96390375941,138.906278065296,20.4301823602797,50.992146,NaN,893.334270320412,8.75952808811392
493,5,SAT-1,Satellite,600039.982999046,152.254233072852,16.7209541213761,83.3205,89.2953170434521,188.391482363219,1.1305229947205
493,6,SAT-1,Satellite,600139.521763894,155.335382858336,13.6398043358924,68.8820167689123,88.7007369245411,188.391482363219,1.36749394980145
494,1,BS1,Terrestrial,140.115347174963,78.9830210758166,80.3534393497593,50.992146,NaN,893.334270320412,8.75952808811392
494,2,BS2,Terrestrial,144.900842099444,115.566863889864,43.7695965357115,101.984292,NaN,893.334270320412,8.75952808811392
494,3,BS1,Terrestrial,158.603762337124,94.723249564656,64.6132108609198,50.992146,NaN,893.334270320412,8.75952808811392
494,4,SAT-1,Satellite,600048.164031137,155.194891689895,13.7802955043335,46.3689936518984,89.2289463904609,188.391482363219,1.35429207843437
494,5,SAT-1,Satellite,600039.982999046,152.281462227959,16.6937249662687,55.547,89.2953170434521,188.391482363219,1.1305229947205
494,6,SAT-1,Satellite,600139.521763894,155.093698057591,13.8814891366368,46.6917903178686,88.7007369245411,188.391482363219,1.34492938395013
495,1,BS1,Terrestrial,140.115347174963,120.374028145035,38.9624322805404,50.992146,NaN,893.334270320412,8.75952808811392
495,2,BS2,Terrestrial,144.900842099444,106.763731811282,52.5727286142943,101.984292,NaN,893.334270320412,8.75952808811392
495,3,BS1,Terrestrial,158.603762337124,109.358902493334,49.9775579322417,50.992146,NaN,893.334270320412,8.75952808811392
495,4,SAT-1,Satellite,600048.164031137,152.127518269003,16.8476689252247,55.547,89.2289463904609,188.391482363219,1.1305229947205
495,5,SAT-1,Satellite,600039.982999046,154.592756138891,14.3824310553371,48.2939763522698,89.2953170434521,188.391482363219,1.30031042235328
495,6,SAT-1,Satellite,600139.521763894,153.091302615373,15.8838845788547,53.1326103818787,88.7007369245411,188.391482363219,1.18189489160045
496,1,BS1,Terrestrial,140.115347174963,82.4969511453146,76.8395092802613,50.992146,NaN,893.334270320412,8.75952808811392
496,2,BS2,Terrestrial,144.900842099444,110.381132705673,48.955327719903,101.984292,NaN,893.334270320412,8.75952808811392
496,3,BS1,Terrestrial,158.603762337124,101.154785385182,58.1816750403936,50.992146,NaN,893.334270320412,8.75952808811392
496,4,SAT-1,Satellite,600048.164031137,155.188336755753,13.7868504384756,46.3898940944414,89.2289463904609,188.391482363219,1.35368191744297
496,5,SAT-1,Satellite,600039.982999046,161.182520142406,7.79266705182221,28.1053161350281,89.2953170434521,188.391482363219,2.23435169652742
496,6,SAT-1,Satellite,600139.521763894,155.36554008661,13.6096471076182,45.8253316944469,88.7007369245411,188.391482363219,1.37035911068701
497,1,BS1,Terrestrial,140.115347174963,113.235499009989,46.1009614155868,101.984292,NaN,893.334270320412,8.75952808811392
497,2,BS2,Terrestrial,144.900842099444,103.578005768922,55.7584546566542,33.994764,NaN,893.334270320412,8.75952808811392
497,3,BS2,Terrestrial,577.768536433813,122.836815121779,36.4996453037968,33.994764,NaN,893.334270320412,8.75952808811392
497,4,BS2,Terrestrial,1289.96390375941,140.584441330723,18.7520190948532,33.994764,NaN,893.334270320412,8.75952808811392
497,5,SAT-1,Satellite,600039.982999046,154.12233867815,14.8528485160785,74.7067244989046,89.2953170434521,188.391482363219,1.26087366048274
497,6,SAT-1,Satellite,600139.521763894,155.48987027402,13.4853169202078,68.1446884188041,88.7007369245411,188.391482363219,1.38229029095709
498,1,BS1,Terrestrial,140.115347174963,83.8660854841845,75.4703749413914,50.992146,NaN,893.334270320412,8.75952808811392
498,2,BS2,Terrestrial,144.900842099444,118.890916468831,40.4455439567453,101.984292,NaN,893.334270320412,8.75952808811392
498,3,BS1,Terrestrial,158.603762337124,118.213448931,41.1230114945757,50.992146,NaN,893.334270320412,8.75952808811392
498,4,SAT-1,Satellite,600048.164031137,159.099750731591,9.87543646263688,34.2186367240387,89.2289463904609,188.391482363219,1.83517424420431
498,5,SAT-1,Satellite,600039.982999046,156.593132997675,12.3820541965536,41.9427206634459,89.2953170434521,188.391482363219,1.49721238380391
498,6,SAT-1,Satellite,600139.521763894,154.875045263402,14.1001419308259,47.3902705915314,88.7007369245411,188.391482363219,1.32510660951916
499,1,BS1,Terrestrial,140.115347174963,110.977186433608,48.3592739919675,50.992146,NaN,893.334270320412,8.75952808811392
499,2,BS2,Terrestrial,144.900842099444,113.465848467594,45.8706119579822,101.984292,NaN,893.334270320412,8.75952808811392
499,3,BS1,Terrestrial,158.603762337124,126.04828785714,33.2881725684358,50.992146,NaN,893.334270320412,8.75952808811392
499,4,SAT-1,Satellite,600048.164031137,156.190333484485,12.7848537097428,43.2108161929348,89.2289463904609,188.391482363219,1.45327411792807
499,5,SAT-1,Satellite,600039.982999046,154.396743752775,14.5784434414535,48.9227047932531,89.2953170434521,188.391482363219,1.28359952813565
499,6,SAT-1,Satellite,600139.521763894,155.905623167982,13.0695640262463,44.1107310657895,88.7007369245411,188.391482363219,1.42362548229092
500,1,BS1,Terrestrial,140.115347174963,103.935538999638,55.4009214259375,50.992146,NaN,893.334270320412,8.75952808811392
500,2,BS2,Terrestrial,144.900842099444,118.705115434776,40.6313449908003,50.992146,NaN,893.334270320412,8.75952808811392
500,3,BS1,Terrestrial,158.603762337124,121.212698858317,38.1237615672587,50.992146,NaN,893.334270320412,8.75952808811392
500,4,BS2,Terrestrial,1289.96390375941,132.324812742671,27.011647682905,50.992146,NaN,893.334270320412,8.75952808811392
500,5,SAT-1,Satellite,600039.982999046,156.052713120692,12.9224740735358,65.4681757238976,89.2953170434521,188.391482363219,1.43880198493488
500,6,SAT-1,Satellite,600139.521763894,152.155129031687,16.8200581625416,83.3205,88.7007369245411,188.391482363219,1.1305229947205
