RunID,UserID,ServingNode,ServingType,Distance_m,PathLoss_dB,SNR_dB,Capacity_Mbps,SatElevation_deg,NodePower_W,EnergyPerBit_uJ
1,1,BS2,Terrestrial,295.273297492253,87.0420568672848,52.294403558291,159.473430104473,NaN,223.777328803537,0.701613204961284
1,2,BS2,Terrestrial,144.901135010249,84.1342807420411,55.2021796835348,168.340742495327,NaN,223.777328803537,0.664655880348602
1,3,BS1,Terrestrial,158.604085315624,111.481087649487,27.8553727760893,169.934955888182,NaN,223.777328803537,1.31684106800712
1,4,SAT-1,Satellite,550052.290495253,153.319783919963,6.64510331762565,16.6014042820609,89.164883330008,6.27971607877395,0.126088049984214
1,5,SAT-1,Satellite,561746.224098178,153.502507608179,6.46237962940904,16.2700197975853,77.7575640381268,6.27971607877395,0.128656185976818
1,6,SAT-1,Satellite,550138.043265646,153.321137938587,6.643749299001,16.5989394133651,88.6550276262918,6.27971607877395,0.126106773498987
2,1,BS1,Terrestrial,140.115630076679,93.0578138195969,46.278646605979,141.12843276762,NaN,223.777328803537,0.792814475492709
2,2,BS2,Terrestrial,144.901135010249,87.2019253825246,52.1345350430513,317.971818401228,NaN,223.777328803537,0.703764660430275
2,3,BS1,Terrestrial,158.604085315624,105.440129546706,33.8963308788699,103.373276383346,NaN,223.777328803537,1.08237513907215
2,4,SAT-1,Satellite,550052.290495253,153.319783919963,6.64510331762565,16.6014042820609,89.164883330008,6.27971607877395,0.126088049984214
2,5,SAT-1,Satellite,561746.224098178,153.502507608179,6.46237962940904,16.2700197975853,77.7575640381268,6.27971607877395,0.128656185976818
2,6,SAT-1,Satellite,550138.043265646,153.321137938587,6.643749299001,16.5989394133651,88.6550276262918,6.27971607877395,0.126106773498987
3,1,BS1,Terrestrial,140.115630076679,114.013869814942,25.3225906106338,77.2608254092579,NaN,223.777328803537,1.44819400788283
3,2,BS2,Terrestrial,144.901135010249,83.8577960425255,55.4786643830504,338.367776825835,NaN,223.777328803537,0.66134349701603
3,3,BS1,Terrestrial,158.604085315624,86.3872454780786,52.9492149474972,161.470286145459,NaN,223.777328803537,0.692936558624632
3,4,SAT-1,Satellite,550052.290495253,153.319783919963,6.64510331762565,16.6014042820609,89.164883330008,6.27971607877395,0.126088049984214
3,5,SAT-1,Satellite,561746.224098178,153.502507608179,6.46237962940904,16.2700197975853,77.7575640381268,6.27971607877395,0.128656185976818
3,6,SAT-1,Satellite,550138.043265646,153.321137938587,6.643749299001,16.5989394133651,88.6550276262918,6.27971607877395,0.126106773498987
4,1,BS1,Terrestrial,140.115630076679,108.842601084839,30.4938593407369,93.0037537082402,NaN,223.777328803537,1.20305536003172
4,2,BS2,Terrestrial,144.901135010249,97.5529044952401,41.7835559303358,254.842170506847,NaN,223.777328803537,0.878101643689796
4,3,BS1,Terrestrial,158.604085315624,109.014797021903,30.3216634036724,92.4791146871867,NaN,223.777328803537,1.20988035817855
4,4,SAT-1,Satellite,550052.290495253,153.319783919963,6.64510331762565,16.6014042820609,89.164883330008,6.27971607877395,0.126088049984214
4,5,SAT-1,Satellite,561746.224098178,153.502507608179,6.46237962940904,16.2700197975853,77.7575640381268,6.27971607877395,0.128656185976818
4,6,SAT-1,Satellite,550138.043265646,153.321137938587,6.643749299001,16.5989394133651,88.6550276262918,6.27971607877395,0.126106773498987
5,1,BS1,Terrestrial,140.115630076679,92.7694619170464,46.5669985085295,142.007750500335,NaN,223.777328803537,0.787905336205609
5,2,BS2,Terrestrial,144.901135010249,109.21185696826,30.124603457316,183.757489644819,NaN,223.777328803537,1.21778616608266
5,3,BS1,Terrestrial,158.604085315624,102.250132019308,37.0863284062675,113.098460986294,NaN,223.777328803537,0.989303156082098
5,4,SAT-1,Satellite,550052.290495253,153.319783919963,6.64510331762565,16.6014042820609,89.164883330008,6.27971607877395,0.126088049984214
5,5,SAT-1,Satellite,561746.224098178,153.502507608179,6.46237962940904,16.2700197975853,77.7575640381268,6.27971607877395,0.128656185976818
5,6,SAT-1,Satellite,550138.043265646,153.321137938587,6.643749299001,16.5989394133651,88.6550276262918,6.27971607877395,0.126106773498987
6,1,BS1,Terrestrial,140.115630076679,106.251865372448,33.084595053128,100.898972909986,NaN,223.777328803537,1.10891777363866
6,2,BS2,Terrestrial,144.901135010249,107.327872728132,32.0085876974443,195.23897077125,NaN,223.777328803537,1.14617142222965
6,3,BS1,Terrestrial,158.604085315624,113.697238112524,25.6392223130523,78.2236770401758,NaN,223.777328803537,1.43036825466927
6,4,SAT-1,Satellite,550052.290495253,153.319783919963,6.64510331762565,16.6014042820609,89.164883330008,6.27971607877395,0.126088049984214
6,5,SAT-1,Satellite,561746.224098178,153.502507608179,6.46237962940904,16.2700197975853,77.7575640381268,6.27971607877395,0.128656185976818
6,6,SAT-1,Satellite,550138.043265646,153.321137938587,6.643749299001,16.5989394133651,88.6550276262918,6.27971607877395,0.126106773498987
7,1,BS1,Terrestrial,140.115630076679,88.8474148163827,50.4890456091932,153.967977141903,NaN,223.777328803537,0.726700879486436
7,2,BS2,Terrestrial,144.901135010249,101.681844315395,37.6546161101809,229.662307414489,NaN,223.777328803537,0.97437551386989
7,3,BS1,Terrestrial,158.604085315624,110.408564367329,28.9278960582471,88.2334280294105,NaN,223.777328803537,1.26809834889871
7,4,SAT-1,Satellite,550052.290495253,153.319783919963,6.64510331762565,16.6014042820609,89.164883330008,6.27971607877395,0.126088049984214
7,5,SAT-1,Satellite,561746.224098178,153.502507608179,6.46237962940904,16.2700197975853,77.7575640381268,6.27971607877395,0.128656185976818
7,6,SAT-1,Satellite,550138.043265646,153.321137938587,6.643749299001,16.5989394133651,88.6550276262918,6.27971607877395,0.126106773498987
8,1,BS1,Terrestrial,140.115630076679,114.385506863145,24.9509535624308,76.1309702823207,NaN,223.777328803537,1.46968656759326
8,2,BS2,Terrestrial,144.901135010249,107.274419069089,32.0620413564864,195.564783933366,NaN,223.777328803537,1.14426188755836
8,3,BS1,Terrestrial,158.604085315624,109.722036068338,29.6144243572381,90.3245408844869,NaN,223.777328803537,1.23874047192622
8,4,SAT-1,Satellite,550052.290495253,153.319783919963,6.64510331762565,16.6014042820609,89.164883330008,6.27971607877395,0.126088049984214
8,5,SAT-1,Satellite,561746.224098178,153.502507608179,6.46237962940904,16.2700197975853,77.7575640381268,6.27971607877395,0.128656185976818
8,6,SAT-1,Satellite,550138.043265646,153.321137938587,6.643749299001,16.5989394133651,88.6550276262918,6.27971607877395,0.126106773498987
9,1,BS1,Terrestrial,140.115630076679,86.1270909067625,53.2093695188133,162.263631408218,NaN,223.777328803537,0.689548627937965
9,2,BS2,Terrestrial,144.901135010249,106.265938312153,33.0705221134229,201.712156352148,NaN,223.777328803537,1.1093894034471
9,3,BS1,Terrestrial,158.604085315624,85.3989507133876,53.9375097121883,164.484107002032,NaN,223.777328803537,0.680239972366368
9,4,SAT-1,Satellite,550052.290495253,153.319783919963,6.64510331762565,16.6014042820609,89.164883330008,6.27971607877395,0.126088049984214
9,5,SAT-1,Satellite,561746.224098178,153.502507608179,6.46237962940904,16.2700197975853,77.7575640381268,6.27971607877395,0.128656185976818
9,6,SAT-1,Satellite,550138.043265646,153.321137938587,6.643749299001,16.5989394133651,88.6550276262918,6.27971607877395,0.126106773498987
10,1,BS1,Terrestrial,140.115630076679,99.5161967836598,39.8202636419161,80.9563123420445,NaN,223.777328803537,0.921391313123993
10,2,BS2,Terrestrial,144.901135010249,88.7710098225899,50.565450602986,308.401948796632,NaN,223.777328803537,0.725602836417554
10,3,BS1,Terrestrial,158.604085315624,84.3511472382385,54.9853131873373,111.786269105331,NaN,223.777328803537,0.667277327810516
10,4,BS1,Terrestrial,1684.50877122662,123.282741099408,16.0537193261678,32.8539145369611,NaN,223.777328803537,2.27042786181826
10,5,SAT-1,Satellite,561746.224098178,153.502507608179,6.46237962940904,24.4050296963779,77.7575640381268,6.27971607877395,0.128656185976818
10,6,SAT-1,Satellite,550138.043265646,153.321137938587,6.643749299001,24.8984091200477,88.6550276262918,6.27971607877395,0.126106773498987
11,1,BS1,Terrestrial,140.115630076679,79.0074537018215,60.3290067237544,183.975127615442,NaN,223.777328803537,0.60817277776617
11,2,BS2,Terrestrial,144.901135010249,86.1991128596449,53.137347565931,324.087998721182,NaN,223.777328803537,0.690483231981868
11,3,BS1,Terrestrial,158.604085315624,120.762944853452,18.5735155721239,56.823162752404,NaN,223.777328803537,1.96906787623389
11,4,SAT-1,Satellite,550052.290495253,153.319783919963,6.64510331762565,16.6014042820609,89.164883330008,6.27971607877395,0.126088049984214
11,5,SAT-1,Satellite,561746.224098178,153.502507608179,6.46237962940904,16.2700197975853,77.7575640381268,6.27971607877395,0.128656185976818
11,6,SAT-1,Satellite,550138.043265646,153.321137938587,6.643749299001,16.5989394133651,88.6550276262918,6.27971607877395,0.126106773498987
12,1,BS1,Terrestrial,140.115630076679,90.7048449038814,48.6316155216945,98.8691676929127,NaN,223.777328803537,0.75445606223971
12,2,BS1,Terrestrial,565.377728999031,101.602425185673,37.7340352399027,76.7155356986116,NaN,223.777328803537,0.972325126263342
12,3,BS1,Terrestrial,158.604085315624,104.661455029693,34.6750053958826,70.4979877741358,NaN,223.777328803537,1.05807903586546
12,4,BS2,Terrestrial,1289.96657807501,116.328783554957,23.0076768706186,140.457390308811,NaN,223.777328803537,1.59320437544467
12,5,SAT-1,Satellite,561746.224098178,153.502507608179,6.46237962940904,24.4050296963779,77.7575640381268,6.27971607877395,0.128656185976818
12,6,SAT-1,Satellite,550138.043265646,153.321137938587,6.643749299001,24.8984091200477,88.6550276262918,6.27971607877395,0.126106773498987
13,1,BS1,Terrestrial,140.115630076679,100.899420569953,38.4370398556228,117.216803747494,NaN,223.777328803537,0.954544577437861
13,2,BS2,Terrestrial,144.901135010249,115.969336186765,23.367124238811,142.63920524408,NaN,223.777328803537,1.56883465818963
13,3,BS1,Terrestrial,158.604085315624,113.784661785622,25.5517986399544,77.9578089583091,NaN,223.777328803537,1.43524639669652
13,4,SAT-1,Satellite,550052.290495253,153.319783919963,6.64510331762565,16.6014042820609,89.164883330008,6.27971607877395,0.126088049984214
13,5,SAT-1,Satellite,561746.224098178,153.502507608179,6.46237962940904,16.2700197975853,77.7575640381268,6.27971607877395,0.128656185976818
13,6,SAT-1,Satellite,550138.043265646,153.321137938587,6.643749299001,16.5989394133651,88.6550276262918,6.27971607877395,0.126106773498987
14,1,BS1,Terrestrial,140.115630076679,114.306608943013,25.0298514825631,76.3708117224431,NaN,223.777328803537,1.46507103798254
14,2,BS2,Terrestrial,144.901135010249,106.026699018697,33.3097614068792,203.17059142741,NaN,223.777328803537,1.10142578820759
14,3,BS1,Terrestrial,158.604085315624,104.128403907219,35.2080565183572,107.372015873096,NaN,223.777328803537,1.04206541613236
14,4,SAT-1,Satellite,550052.290495253,153.319783919963,6.64510331762565,16.6014042820609,89.164883330008,6.27971607877395,0.126088049984214
14,5,SAT-1,Satellite,561746.224098178,153.502507608179,6.46237962940904,16.2700197975853,77.7575640381268,6.27971607877395,0.128656185976818
14,6,SAT-1,Satellite,550138.043265646,153.321137938587,6.643749299001,16.5989394133651,88.6550276262918,6.27971607877395,0.126106773498987
15,1,BS2,Terrestrial,295.273297492253,90.7763466336514,48.5601137919245,148.085707882761,NaN,223.777328803537,0.755566934861469
15,2,BS2,Terrestrial,144.901135010249,104.272394723887,35.0640657016884,106.93304609828,NaN,223.777328803537,1.04634318841842
15,3,BS1,Terrestrial,158.604085315624,82.4948551731706,56.8416052524052,346.680414733041,NaN,223.777328803537,0.645485926788958
15,4,SAT-1,Satellite,550052.290495253,153.319783919963,6.64510331762565,16.6014042820609,89.164883330008,6.27971607877395,0.126088049984214
15,5,SAT-1,Satellite,561746.224098178,153.502507608179,6.46237962940904,16.2700197975853,77.7575640381268,6.27971607877395,0.128656185976818
15,6,SAT-1,Satellite,550138.043265646,153.321137938587,6.643749299001,16.5989394133651,88.6550276262918,6.27971607877395,0.126106773498987
16,1,BS1,Terrestrial,140.115630076679,86.21838092957,53.1180794960058,161.985241089439,NaN,223.777328803537,0.690733696781611
16,2,BS2,Terrestrial,144.901135010249,99.3287133712694,40.0077470543065,244.012292972802,NaN,223.777328803537,0.91707399687638
16,3,BS1,Terrestrial,158.604085315624,93.9434548727028,45.393005552873,138.427714389498,NaN,223.777328803537,0.808282249658075
16,4,SAT-1,Satellite,550052.290495253,153.319783919963,6.64510331762565,16.6014042820609,89.164883330008,6.27971607877395,0.126088049984214
16,5,SAT-1,Satellite,561746.224098178,153.502507608179,6.46237962940904,16.2700197975853,77.7575640381268,6.27971607877395,0.128656185976818
16,6,SAT-1,Satellite,550138.043265646,153.321137938587,6.643749299001,16.5989394133651,88.6550276262918,6.27971607877395,0.126106773498987
17,1,BS1,Terrestrial,140.115630076679,109.150312800046,30.1861476255302,92.0662446972894,NaN,223.777328803537,1.21530605239363
17,2,BS2,Terrestrial,144.901135010249,110.48867750619,28.8477829193856,175.978871636882,NaN,223.777328803537,1.27161474966883
17,3,BS1,Terrestrial,158.604085315624,86.6636218218203,52.6728386037555,160.627472609063,NaN,223.777328803537,0.696572401871035
17,4,SAT-1,Satellite,550052.290495253,153.319783919963,6.64510331762565,16.6014042820609,89.164883330008,6.27971607877395,0.126088049984214
17,5,SAT-1,Satellite,561746.224098178,153.502507608179,6.46237962940904,16.2700197975853,77.7575640381268,6.27971607877395,0.128656185976818
17,6,SAT-1,Satellite,550138.043265646,153.321137938587,6.643749299001,16.5989394133651,88.6550276262918,6.27971607877395,0.126106773498987
18,1,BS1,Terrestrial,140.115630076679,108.399954528164,30.9365058974115,94.3524732235521,NaN,223.777328803537,1.18585830958207
18,2,BS2,Terrestrial,144.901135010249,118.594367248623,20.7420931769529,126.729608547353,NaN,223.777328803537,1.76578568630173
18,3,BS1,Terrestrial,158.604085315624,92.5927174241767,46.7437430013992,142.546726489173,NaN,223.777328803537,0.784926228455107
18,4,SAT-1,Satellite,550052.290495253,153.319783919963,6.64510331762565,16.6014042820609,89.164883330008,6.27971607877395,0.126088049984214
18,5,SAT-1,Satellite,561746.224098178,153.502507608179,6.46237962940904,16.2700197975853,77.7575640381268,6.27971607877395,0.128656185976818
18,6,SAT-1,Satellite,550138.043265646,153.321137938587,6.643749299001,16.5989394133651,88.6550276262918,6.27971607877395,0.126106773498987
19,1,BS1,Terrestrial,140.115630076679,89.0044054290654,50.3320549965104,153.489233916039,NaN,223.777328803537,0.728967508320315
19,2,BS2,Terrestrial,144.901135010249,110.112227814242,29.2242326113342,178.271996956852,NaN,223.777328803537,1.25525787910313
19,3,BS1,Terrestrial,158.604085315624,113.218106831944,26.1183535936318,79.6810360199909,NaN,223.777328803537,1.40420694798317
19,4,SAT-1,Satellite,550052.290495253,153.319783919963,6.64510331762565,16.6014042820609,89.164883330008,6.27971607877395,0.126088049984214
19,5,SAT-1,Satellite,561746.224098178,153.502507608179,6.46237962940904,16.2700197975853,77.7575640381268,6.27971607877395,0.128656185976818
19,6,SAT-1,Satellite,550138.043265646,153.321137938587,6.643749299001,16.5989394133651,88.6550276262918,6.27971607877395,0.126106773498987
20,1,BS1,Terrestrial,140.115630076679,121.942833476326,17.3936269492502,53.2815682223608,NaN,223.777328803537,2.09995066088937
20,2,BS2,Terrestrial,144.901135010249,108.998991142765,30.3374692828107,92.5272705528809,NaN,223.777328803537,1.20925067532196
20,3,BS1,Terrestrial,158.604085315624,102.285260511322,37.0511999142543,112.991356630843,NaN,223.777328803537,0.990240915217285
20,4,BS2,Terrestrial,1289.96657807501,131.887195127691,7.44926529788438,24.90789561283,NaN,223.777328803537,4.49209624694809
20,5,SAT-1,Satellite,561746.224098178,153.502507608179,6.46237962940904,24.4050296963779,77.7575640381268,6.27971607877395,0.128656185976818
20,6,SAT-1,Satellite,550138.043265646,153.321137938587,6.643749299001,24.8984091200477,88.6550276262918,6.27971607877395,0.126106773498987
21,1,BS1,Terrestrial,140.115630076679,82.9353447720977,56.4011156534782,171.996924049441,NaN,223.777328803537,0.650527124366516
21,2,BS2,Terrestrial,144.901135010249,111.367837231885,27.9686231936912,170.624561622601,NaN,223.777328803537,1.31151884978027
21,3,BS1,Terrestrial,158.604085315624,111.358790296606,27.9776701289698,85.3398257851414,NaN,223.777328803537,1.31109553332659
21,4,SAT-1,Satellite,550052.290495253,153.319783919963,6.64510331762565,16.6014042820609,89.164883330008,6.27971607877395,0.126088049984214
21,5,SAT-1,Satellite,561746.224098178,153.502507608179,6.46237962940904,16.2700197975853,77.7575640381268,6.27971607877395,0.128656185976818
21,6,SAT-1,Satellite,550138.043265646,153.321137938587,6.643749299001,16.5989394133651,88.6550276262918,6.27971607877395,0.126106773498987
22,1,BS1,Terrestrial,140.115630076679,85.8125591995005,53.5239012260754,326.44560172728,NaN,223.777328803537,0.685496534857546
22,2,BS2,Terrestrial,144.901135010249,109.646684322281,29.689776103295,90.554079607948,NaN,223.777328803537,1.23560048190196
22,3,BS2,Terrestrial,577.769735954722,100.679591527323,38.6568688982528,117.887085334254,NaN,223.777328803537,0.949117234381717
22,4,SAT-1,Satellite,550052.290495253,153.319783919963,6.64510331762565,16.6014042820609,89.164883330008,6.27971607877395,0.126088049984214
22,5,SAT-1,Satellite,561746.224098178,153.502507608179,6.46237962940904,16.2700197975853,77.7575640381268,6.27971607877395,0.128656185976818
22,6,SAT-1,Satellite,550138.043265646,153.321137938587,6.643749299001,16.5989394133651,88.6550276262918,6.27971607877395,0.126106773498987
23,1,BS1,Terrestrial,140.115630076679,113.511997983107,25.8244624424685,78.7870669507644,NaN,223.777328803537,1.42013998911382
23,2,BS2,Terrestrial,144.901135010249,85.5276141003483,53.8088463252275,328.183491506202,NaN,223.777328803537,0.681866500281622
23,3,BS1,Terrestrial,158.604085315624,108.915948652216,30.4205117733594,92.7802792491793,NaN,223.777328803537,1.2059530894628
23,4,SAT-1,Satellite,550052.290495253,153.319783919963,6.64510331762565,16.6014042820609,89.164883330008,6.27971607877395,0.126088049984214
23,5,SAT-1,Satellite,561746.224098178,153.502507608179,6.46237962940904,16.2700197975853,77.7575640381268,6.27971607877395,0.128656185976818
23,6,SAT-1,Satellite,550138.043265646,153.321137938587,6.643749299001,16.5989394133651,88.6550276262918,6.27971607877395,0.126106773498987
24,1,BS1,Terrestrial,140.115630076679,109.746085464064,29.5903749615115,90.2512818136551,NaN,223.777328803537,1.23974598646465
24,2,BS2,Terrestrial,144.901135010249,105.011532855519,34.3249275700568,209.359575184492,NaN,223.777328803537,1.06886598621697
24,3,BS1,Terrestrial,158.604085315624,85.7608696380339,53.5755907875419,163.380429035475,NaN,223.777328803537,0.684835173112894
24,4,SAT-1,Satellite,550052.290495253,153.319783919963,6.64510331762565,16.6014042820609,89.164883330008,6.27971607877395,0.126088049984214
24,5,SAT-1,Satellite,561746.224098178,153.502507608179,6.46237962940904,16.2700197975853,77.7575640381268,6.27971607877395,0.128656185976818
24,6,SAT-1,Satellite,550138.043265646,153.321137938587,6.643749299001,16.5989394133651,88.6550276262918,6.27971607877395,0.126106773498987
25,1,BS1,Terrestrial,140.115630076679,109.710082910588,29.6263775149874,90.3609526599075,NaN,223.777328803537,1.23824131008097
25,2,BS2,Terrestrial,144.901135010249,108.169472867323,31.1669875582526,190.109565278949,NaN,223.777328803537,1.17709663096219
25,3,BS1,Terrestrial,158.604085315624,107.134429807433,32.2020306181426,98.2090322763325,NaN,223.777328803537,1.13929097770708
25,4,SAT-1,Satellite,550052.290495253,153.319783919963,6.64510331762565,16.6014042820609,89.164883330008,6.27971607877395,0.126088049984214
25,5,SAT-1,Satellite,561746.224098178,153.502507608179,6.46237962940904,16.2700197975853,77.7575640381268,6.27971607877395,0.128656185976818
25,6,SAT-1,Satellite,550138.043265646,153.321137938587,6.643749299001,16.5989394133651,88.6550276262918,6.27971607877395,0.126106773498987
26,1,BS1,Terrestrial,140.115630076679,108.582251597057,30.7542088285187,93.7970100921651,NaN,223.777328803537,1.19288092756717
26,2,BS2,Terrestrial,144.901135010249,108.776468589028,30.559991836548,186.410496527215,NaN,223.777328803537,1.20045455042746
26,3,BS1,Terrestrial,158.604085315624,105.478048707469,33.8584117181068,103.257688099891,NaN,223.777328803537,1.08358676686164
26,4,SAT-1,Satellite,550052.290495253,153.319783919963,6.64510331762565,16.6014042820609,89.164883330008,6.27971607877395,0.126088049984214
26,5,SAT-1,Satellite,561746.224098178,153.502507608179,6.46237962940904,16.2700197975853,77.7575640381268,6.27971607877395,0.128656185976818
26,6,SAT-1,Satellite,550138.043265646,153.321137938587,6.643749299001,16.5989394133651,88.6550276262918,6.27971607877395,0.126106773498987
27,1,BS1,Terrestrial,140.115630076679,118.082615946591,21.253844478985,64.9130939543701,NaN,223.777328803537,1.72366864041975
27,2,BS2,Terrestrial,144.901135010249,102.818806090914,36.5176543346617,222.729269379966,NaN,223.777328803537,1.00470553073913
27,3,BS1,Terrestrial,158.604085315624,113.888626073993,25.447834351583,77.6416578366487,NaN,223.777328803537,1.4410906144891
27,4,SAT-1,Satellite,550052.290495253,153.319783919963,6.64510331762565,16.6014042820609,89.164883330008,6.27971607877395,0.126088049984214
27,5,SAT-1,Satellite,561746.224098178,153.502507608179,6.46237962940904,16.2700197975853,77.7575640381268,6.27971607877395,0.128656185976818
27,6,SAT-1,Satellite,550138.043265646,153.321137938587,6.643749299001,16.5989394133651,88.6550276262918,6.27971607877395,0.126106773498987
28,1,BS1,Terrestrial,140.115630076679,109.165934940521,30.1705254850544,92.0186501911003,NaN,223.777328803537,1.21593464117767
28,2,BS2,Terrestrial,144.901135010249,94.0775991640836,45.2588612614923,276.037298701529,NaN,223.777328803537,0.810677868013413
28,3,BS1,Terrestrial,158.604085315624,120.137357168851,19.1991032567251,58.7065512975618,NaN,223.777328803537,1.90589741568443
28,4,SAT-1,Satellite,550052.290495253,153.319783919963,6.64510331762565,16.6014042820609,89.164883330008,6.27971607877395,0.126088049984214
28,5,SAT-1,Satellite,561746.224098178,153.502507608179,6.46237962940904,16.2700197975853,77.7575640381268,6.27971607877395,0.128656185976818
28,6,SAT-1,Satellite,550138.043265646,153.321137938587,6.643749299001,16.5989394133651,88.6550276262918,6.27971607877395,0.126106773498987
29,1,BS1,Terrestrial,140.115630076679,105.020699574594,34.3157608509822,104.651843741114,NaN,223.777328803537,1.06915139191008
29,2,BS2,Terrestrial,144.901135010249,118.286454881094,21.0500055444823,128.592426093459,NaN,223.777328803537,1.74020613500906
29,3,BS1,Terrestrial,158.604085315624,116.803049891308,22.5334105342678,68.7900111814172,NaN,223.777328803537,1.6265248759255
29,4,SAT-1,Satellite,550052.290495253,153.319783919963,6.64510331762565,16.6014042820609,89.164883330008,6.27971607877395,0.126088049984214
29,5,SAT-1,Satellite,561746.224098178,153.502507608179,6.46237962940904,16.2700197975853,77.7575640381268,6.27971607877395,0.128656185976818
29,6,SAT-1,Satellite,550138.043265646,153.321137938587,6.643749299001,16.5989394133651,88.6550276262918,6.27971607877395,0.126106773498987
30,1,BS1,Terrestrial,140.115630076679,106.825792479787,32.5106679457887,99.149684191857,NaN,223.777328803537,1.1284823074702
30,2,BS2,Terrestrial,144.901135010249,102.800831678591,36.5356287469849,222.83887201194,NaN,223.777328803537,1.00421136933213
30,3,BS1,Terrestrial,158.604085315624,108.80455483633,30.5319055892462,93.1196738758371,NaN,223.777328803537,1.20155773473775
30,4,SAT-1,Satellite,550052.290495253,153.319783919963,6.64510331762565,16.6014042820609,89.164883330008,6.27971607877395,0.126088049984214
30,5,SAT-1,Satellite,561746.224098178,153.502507608179,6.46237962940904,16.2700197975853,77.7575640381268,6.27971607877395,0.128656185976818
30,6,SAT-1,Satellite,550138.043265646,153.321137938587,6.643749299001,16.5989394133651,88.6550276262918,6.27971607877395,0.126106773498987
31,1,BS1,Terrestrial,140.115630076679,115.079535001597,24.2569254239787,74.0218249362566,NaN,223.777328803537,1.51156317070162
31,2,BS2,Terrestrial,144.901135010249,94.8701805674752,44.4662798581007,271.203455174518,NaN,223.777328803537,0.825127130698013
31,3,BS1,Terrestrial,158.604085315624,87.564589663156,51.7718707624199,157.879960655837,NaN,223.777328803537,0.708694529292892
31,4,SAT-1,Satellite,550052.290495253,153.319783919963,6.64510331762565,16.6014042820609,89.164883330008,6.27971607877395,0.126088049984214
31,5,SAT-1,Satellite,561746.224098178,153.502507608179,6.46237962940904,16.2700197975853,77.7575640381268,6.27971607877395,0.128656185976818
31,6,SAT-1,Satellite,550138.043265646,153.321137938587,6.643749299001,16.5989394133651,88.6550276262918,6.27971607877395,0.126106773498987
32,1,BS1,Terrestrial,140.115630076679,106.166829246499,33.1696311790772,101.158166966692,NaN,223.777328803537,1.10607643215411
32,2,BS2,Terrestrial,144.901135010249,90.4317488692197,48.9047115563562,298.273110052874,NaN,223.777328803537,0.75024305330061
32,3,BS1,Terrestrial,158.604085315624,113.000732522882,26.335727902694,80.3423487988039,NaN,223.777328803537,1.39264866007296
32,4,SAT-1,Satellite,550052.290495253,153.319783919963,6.64510331762565,16.6014042820609,89.164883330008,6.27971607877395,0.126088049984214
32,5,SAT-1,Satellite,561746.224098178,153.502507608179,6.46237962940904,16.2700197975853,77.7575640381268,6.27971607877395,0.128656185976818
32,6,SAT-1,Satellite,550138.043265646,153.321137938587,6.643749299001,16.5989394133651,88.6550276262918,6.27971607877395,0.126106773498987
33,1,BS1,Terrestrial,140.115630076679,107.193999440635,32.1424609849413,98.0274829897889,NaN,223.777328803537,1.14140097235205
33,2,BS2,Terrestrial,144.901135010249,95.2240885548779,44.1123718706979,269.045029543866,NaN,223.777328803537,0.831746749541982
33,3,BS1,Terrestrial,158.604085315624,110.054840691146,29.2816197344294,89.3107946242198,NaN,223.777328803537,1.25280112972398
33,4,SAT-1,Satellite,550052.290495253,153.319783919963,6.64510331762565,16.6014042820609,89.164883330008,6.27971607877395,0.126088049984214
33,5,SAT-1,Satellite,561746.224098178,153.502507608179,6.46237962940904,16.2700197975853,77.7575640381268,6.27971607877395,0.128656185976818
33,6,SAT-1,Satellite,550138.043265646,153.321137938587,6.643749299001,16.5989394133651,88.6550276262918,6.27971607877395,0.126106773498987
34,1,BS1,Terrestrial,140.115630076679,89.2586204797801,50.0778399457958,305.4280097814,NaN,223.777328803537,0.732667999125878
34,2,BS2,Terrestrial,144.901135010249,104.785051710992,34.5514087145843,105.370200126529,NaN,223.777328803537,1.06186250256157
34,3,BS2,Terrestrial,577.769735954722,103.035966566197,36.3004938593792,110.702548682052,NaN,223.777328803537,1.01071443913295
34,4,SAT-1,Satellite,550052.290495253,153.319783919963,6.64510331762565,16.6014042820609,89.164883330008,6.27971607877395,0.126088049984214
34,5,SAT-1,Satellite,561746.224098178,153.502507608179,6.46237962940904,16.2700197975853,77.7575640381268,6.27971607877395,0.128656185976818
34,6,SAT-1,Satellite,550138.043265646,153.321137938587,6.643749299001,16.5989394133651,88.6550276262918,6.27971607877395,0.126106773498987
35,1,BS1,Terrestrial,140.115630076679,104.006151498199,35.3303089273772,107.744717481917,NaN,223.777328803537,1.0384607896953
35,2,BS2,Terrestrial,144.901135010249,105.765221071625,33.5712393539504,204.764639144509,NaN,223.777328803537,1.09285143049338
35,3,BS1,Terrestrial,158.604085315624,118.258645547732,21.0778148778437,64.3803598043748,NaN,223.777328803537,1.73793164160237
35,4,SAT-1,Satellite,550052.290495253,153.319783919963,6.64510331762565,16.6014042820609,89.164883330008,6.27971607877395,0.126088049984214
35,5,SAT-1,Satellite,561746.224098178,153.502507608179,6.46237962940904,16.2700197975853,77.7575640381268,6.27971607877395,0.128656185976818
35,6,SAT-1,Satellite,550138.043265646,153.321137938587,6.643749299001,16.5989394133651,88.6550276262918,6.27971607877395,0.126106773498987
36,1,BS1,Terrestrial,140.115630076679,110.689323395908,28.6471370296678,87.3783755711342,NaN,223.777328803537,1.28050749021628
36,2,BS2,Terrestrial,144.901135010249,83.7510877030437,55.5853727225322,339.018595568108,NaN,223.777328803537,0.660073906649704
36,3,BS1,Terrestrial,158.604085315624,96.000395431327,43.3360649942489,132.155244224985,NaN,223.777328803537,0.846645663272251
36,4,SAT-1,Satellite,550052.290495253,153.319783919963,6.64510331762565,16.6014042820609,89.164883330008,6.27971607877395,0.126088049984214
36,5,SAT-1,Satellite,561746.224098178,153.502507608179,6.46237962940904,16.2700197975853,77.7575640381268,6.27971607877395,0.128656185976818
36,6,SAT-1,Satellite,550138.043265646,153.321137938587,6.643749299001,16.5989394133651,88.6550276262918,6.27971607877395,0.126106773498987
37,1,BS1,Terrestrial,140.115630076679,107.624919146997,31.7115412785788,96.7142234230245,NaN,223.777328803537,1.15689978621212
37,2,BS2,Terrestrial,144.901135010249,89.9135720664176,49.4228883591583,301.433463117992,NaN,223.777328803537,0.742377194916619
37,3,BS1,Terrestrial,158.604085315624,114.072792077728,25.2636683478474,77.0816697686678,NaN,223.777328803537,1.45155994593217
37,4,SAT-1,Satellite,550052.290495253,153.319783919963,6.64510331762565,16.6014042820609,89.164883330008,6.27971607877395,0.126088049984214
37,5,SAT-1,Satellite,561746.224098178,153.502507608179,6.46237962940904,16.2700197975853,77.7575640381268,6.27971607877395,0.128656185976818
37,6,SAT-1,Satellite,550138.043265646,153.321137938587,6.643749299001,16.5989394133651,88.6550276262918,6.27971607877395,0.126106773498987
38,1,BS1,Terrestrial,140.115630076679,119.396180560827,19.9402798647489,60.9420785502737,NaN,223.777328803537,1.83598372525917
38,2,BS2,Terrestrial,144.901135010249,85.6467494747905,53.6897109507854,327.456880776173,NaN,223.777328803537,0.683379528544695
38,3,BS1,Terrestrial,158.604085315624,99.3504499463773,39.9860104791986,121.939866781448,NaN,223.777328803537,0.917572467110417
38,4,SAT-1,Satellite,550052.290495253,153.319783919963,6.64510331762565,16.6014042820609,89.164883330008,6.27971607877395,0.126088049984214
38,5,SAT-1,Satellite,561746.224098178,153.502507608179,6.46237962940904,16.2700197975853,77.7575640381268,6.27971607877395,0.128656185976818
38,6,SAT-1,Satellite,550138.043265646,153.321137938587,6.643749299001,16.5989394133651,88.6550276262918,6.27971607877395,0.126106773498987
39,1,BS2,Terrestrial,295.273297492253,110.769052534509,28.5674078910673,87.1355737755002,NaN,223.777328803537,1.28407560257815
39,2,BS2,Terrestrial,144.901135010249,108.224999848575,31.1114605770014,94.8855816066364,NaN,223.777328803537,1.17919564287039
39,3,BS1,Terrestrial,158.604085315624,123.979011241282,15.3574491842937,94.4264236477843,NaN,223.777328803537,2.36985919998664
39,4,SAT-1,Satellite,550052.290495253,153.319783919963,6.64510331762565,16.6014042820609,89.164883330008,6.27971607877395,0.126088049984214
39,5,SAT-1,Satellite,561746.224098178,153.502507608179,6.46237962940904,16.2700197975853,77.7575640381268,6.27971607877395,0.128656185976818
39,6,SAT-1,Satellite,550138.043265646,153.321137938587,6.643749299001,16.5989394133651,88.6550276262918,6.27971607877395,0.126106773498987
40,1,BS1,Terrestrial,140.115630076679,104.073848174816,35.2626122507595,107.538335394221,NaN,223.777328803537,1.0404537506704
40,2,BS2,Terrestrial,144.901135010249,112.693942824912,26.6425176006641,162.551635465688,NaN,223.777328803537,1.37665381318648
40,3,BS1,Terrestrial,158.604085315624,113.857308075986,25.47915234959,77.7368923372261,NaN,223.777328803537,1.43932515228922
40,4,SAT-1,Satellite,550052.290495253,153.319783919963,6.64510331762565,16.6014042820609,89.164883330008,6.27971607877395,0.126088049984214
40,5,SAT-1,Satellite,561746.224098178,153.502507608179,6.46237962940904,16.2700197975853,77.7575640381268,6.27971607877395,0.128656185976818
40,6,SAT-1,Satellite,550138.043265646,153.321137938587,6.643749299001,16.5989394133651,88.6550276262918,6.27971607877395,0.126106773498987
41,1,BS1,Terrestrial,140.115630076679,101.596486033112,37.7399743924636,115.091412122588,NaN,223.777328803537,0.972172139851683
41,2,BS2,Terrestrial,144.901135010249,89.0127448061272,50.3237156194486,306.927605942796,NaN,223.777328803537,0.729088307700951
41,3,BS1,Terrestrial,158.604085315624,108.299060720856,31.0373997047194,94.6599069713034,NaN,223.777328803537,1.18200691276496
41,4,SAT-1,Satellite,550052.290495253,153.319783919963,6.64510331762565,16.6014042820609,89.164883330008,6.27971607877395,0.126088049984214
41,5,SAT-1,Satellite,561746.224098178,153.502507608179,6.46237962940904,16.2700197975853,77.7575640381268,6.27971607877395,0.128656185976818
41,6,SAT-1,Satellite,550138.043265646,153.321137938587,6.643749299001,16.5989394133651,88.6550276262918,6.27971607877395,0.126106773498987
42,1,BS1,Terrestrial,140.115630076679,113.510347031279,25.8261133942968,157.584176893363,NaN,223.777328803537,1.42004948222033
42,2,BS2,Terrestrial,144.901135010249,90.0944945644566,49.2419658611193,150.165009409576,NaN,223.777328803537,0.745104767360229
42,3,BS2,Terrestrial,577.769735954722,107.668693109161,31.6677673164152,96.5808238172652,NaN,223.777328803537,1.15849772221312
42,4,SAT-1,Satellite,550052.290495253,153.319783919963,6.64510331762565,16.6014042820609,89.164883330008,6.27971607877395,0.126088049984214
42,5,SAT-1,Satellite,561746.224098178,153.502507608179,6.46237962940904,16.2700197975853,77.7575640381268,6.27971607877395,0.128656185976818
42,6,SAT-1,Satellite,550138.043265646,153.321137938587,6.643749299001,16.5989394133651,88.6550276262918,6.27971607877395,0.126106773498987
43,1,BS1,Terrestrial,140.115630076679,86.7773591912808,52.559101234295,160.280628988889,NaN,223.777328803537,0.698079768638324
43,2,BS2,Terrestrial,144.901135010249,109.736056572187,29.6004038533888,180.563663374708,NaN,223.777328803537,1.23932647699528
43,3,BS1,Terrestrial,158.604085315624,89.3518849380155,49.9845754875604,152.429594951996,NaN,223.777328803537,0.734035043765648
43,4,SAT-1,Satellite,550052.290495253,153.319783919963,6.64510331762565,16.6014042820609,89.164883330008,6.27971607877395,0.126088049984214
43,5,SAT-1,Satellite,561746.224098178,153.502507608179,6.46237962940904,16.2700197975853,77.7575640381268,6.27971607877395,0.128656185976818
43,6,SAT-1,Satellite,550138.043265646,153.321137938587,6.643749299001,16.5989394133651,88.6550276262918,6.27971607877395,0.126106773498987
44,1,BS1,Terrestrial,140.115630076679,105.891041095754,33.4454193298221,101.998798625437,NaN,223.777328803537,1.09696061041513
44,2,BS2,Terrestrial,144.901135010249,107.609394213797,31.7270662117785,193.523070654996,NaN,223.777328803537,1.15633411585577
44,3,BS1,Terrestrial,158.604085315624,112.981168545851,26.3552918797245,80.4018716527585,NaN,223.777328803537,1.39161765891466
44,4,SAT-1,Satellite,550052.290495253,153.319783919963,6.64510331762565,16.6014042820609,89.164883330008,6.27971607877395,0.126088049984214
44,5,SAT-1,Satellite,561746.224098178,153.502507608179,6.46237962940904,16.2700197975853,77.7575640381268,6.27971607877395,0.128656185976818
44,6,SAT-1,Satellite,550138.043265646,153.321137938587,6.643749299001,16.5989394133651,88.6550276262918,6.27971607877395,0.126106773498987
45,1,BS2,Terrestrial,295.273297492253,106.281298963378,33.0551614621979,100.809258537801,NaN,223.777328803537,1.10990464590921
45,2,BS2,Terrestrial,144.901135010249,82.9043132201268,56.4321472054491,172.091555481887,NaN,223.777328803537,0.650169405979629
45,3,BS1,Terrestrial,158.604085315624,88.343121383002,50.9933390425739,311.011644236819,NaN,223.777328803537,0.719514310638295
45,4,SAT-1,Satellite,550052.290495253,153.319783919963,6.64510331762565,16.6014042820609,89.164883330008,6.27971607877395,0.126088049984214
45,5,SAT-1,Satellite,561746.224098178,153.502507608179,6.46237962940904,16.2700197975853,77.7575640381268,6.27971607877395,0.128656185976818
45,6,SAT-1,Satellite,550138.043265646,153.321137938587,6.643749299001,16.5989394133651,88.6550276262918,6.27971607877395,0.126106773498987
46,1,BS1,Terrestrial,140.115630076679,111.359063534487,27.9773968910887,85.3389938633738,NaN,223.777328803537,1.31110831445822
46,2,BS2,Terrestrial,144.901135010249,85.7842977114227,53.5521627141532,326.617969475027,NaN,223.777328803537,0.685134774315126
46,3,BS1,Terrestrial,158.604085315624,109.839376005102,29.4970844204737,89.9671051739153,NaN,223.777328803537,1.24366193827707
46,4,SAT-1,Satellite,550052.290495253,153.319783919963,6.64510331762565,16.6014042820609,89.164883330008,6.27971607877395,0.126088049984214
46,5,SAT-1,Satellite,561746.224098178,153.502507608179,6.46237962940904,16.2700197975853,77.7575640381268,6.27971607877395,0.128656185976818
46,6,SAT-1,Satellite,550138.043265646,153.321137938587,6.643749299001,16.5989394133651,88.6550276262918,6.27971607877395,0.126106773498987
47,1,BS1,Terrestrial,140.115630076679,95.7805658688406,43.5558945567353,132.825590747424,NaN,223.777328803537,0.842372797080433
47,2,BS2,Terrestrial,144.901135010249,107.642971509002,31.6934889165734,193.318418752464,NaN,223.777328803537,1.1575582412045
47,3,BS1,Terrestrial,158.604085315624,104.98697388227,34.349486543306,104.754653339703,NaN,223.777328803537,1.06810209221858
47,4,SAT-1,Satellite,550052.290495253,153.319783919963,6.64510331762565,16.6014042820609,89.164883330008,6.27971607877395,0.126088049984214
47,5,SAT-1,Satellite,561746.224098178,153.502507608179,6.46237962940904,16.2700197975853,77.7575640381268,6.27971607877395,0.128656185976818
47,6,SAT-1,Satellite,550138.043265646,153.321137938587,6.643749299001,16.5989394133651,88.6550276262918,6.27971607877395,0.126106773498987
48,1,BS1,Terrestrial,140.115630076679,89.6530015637146,49.6834588618613,151.511340313304,NaN,223.777328803537,0.738483760822121
48,2,BS2,Terrestrial,144.901135010249,107.601114479029,31.7353459465468,193.573535379915,NaN,223.777328803537,1.15603265892904
48,3,BS1,Terrestrial,158.604085315624,107.300521084468,32.0359393411082,97.7028427172081,NaN,223.777328803537,1.14519354084323
48,4,SAT-1,Satellite,550052.290495253,153.319783919963,6.64510331762565,16.6014042820609,89.164883330008,6.27971607877395,0.126088049984214
48,5,SAT-1,Satellite,561746.224098178,153.502507608179,6.46237962940904,16.2700197975853,77.7575640381268,6.27971607877395,0.128656185976818
48,6,SAT-1,Satellite,550138.043265646,153.321137938587,6.643749299001,16.5989394133651,88.6550276262918,6.27971607877395,0.126106773498987
49,1,BS1,Terrestrial,140.115630076679,102.072206467912,37.264253957664,113.640946325961,NaN,223.777328803537,0.984580540897939
49,2,BS2,Terrestrial,144.901135010249,105.53391719339,33.8025432321859,206.174771948553,NaN,223.777328803537,1.08537687074235
49,3,BS1,Terrestrial,158.604085315624,122.723621561786,16.6128388637901,50.9471351934306,NaN,223.777328803537,2.19617185494261
49,4,SAT-1,Satellite,550052.290495253,153.319783919963,6.64510331762565,16.6014042820609,89.164883330008,6.27971607877395,0.126088049984214
49,5,SAT-1,Satellite,561746.224098178,153.502507608179,6.46237962940904,16.2700197975853,77.7575640381268,6.27971607877395,0.128656185976818
49,6,SAT-1,Satellite,550138.043265646,153.321137938587,6.643749299001,16.5989394133651,88.6550276262918,6.27971607877395,0.126106773498987
50,1,BS1,Terrestrial,140.115630076679,106.062765573701,33.2736948518752,101.475361190963,NaN,223.777328803537,1.10261903075377
50,2,BS2,Terrestrial,144.901135010249,112.7503475303,26.5861128952759,162.208368304872,NaN,223.777328803537,1.37956710336267
50,3,BS1,Terrestrial,158.604085315624,108.83781219865,30.4986482269258,93.0183445449775,NaN,223.777328803537,1.20286664903681
50,4,SAT-1,Satellite,550052.290495253,153.319783919963,6.64510331762565,16.6014042820609,89.164883330008,6.27971607877395,0.126088049984214
50,5,SAT-1,Satellite,561746.224098178,153.502507608179,6.46237962940904,16.2700197975853,77.7575640381268,6.27971607877395,0.128656185976818
50,6,SAT-1,Satellite,550138.043265646,153.321137938587,6.643749299001,16.5989394133651,88.6550276262918,6.27971607877395,0.126106773498987
51,1,BS1,Terrestrial,140.115630076679,99.8072732621627,39.5291871634132,120.546917737929,NaN,223.777328803537,0.928175240822136
51,2,BS2,Terrestrial,144.901135010249,84.9813941611905,54.3550662643854,331.514906655358,NaN,223.777328803537,0.675014378874298
51,3,BS1,Terrestrial,158.604085315624,110.078054744857,29.2584056807193,89.2400863219301,NaN,223.777328803537,1.25379377153597
51,4,SAT-1,Satellite,550052.290495253,153.319783919963,6.64510331762565,16.6014042820609,89.164883330008,6.27971607877395,0.126088049984214
51,5,SAT-1,Satellite,561746.224098178,153.502507608179,6.46237962940904,16.2700197975853,77.7575640381268,6.27971607877395,0.128656185976818
51,6,SAT-1,Satellite,550138.043265646,153.321137938587,6.643749299001,16.5989394133651,88.6550276262918,6.27971607877395,0.126106773498987
52,1,BS1,Terrestrial,140.115630076679,103.287848458381,36.0486119671949,109.934612621169,NaN,223.777328803537,1.01777467290792
52,2,BS2,Terrestrial,144.901135010249,88.3022836006201,51.0341768249558,311.260714348923,NaN,223.777328803537,0.718938556931676
52,3,BS1,Terrestrial,158.604085315624,110.673221958458,28.6632384671176,87.4274105550675,NaN,223.777328803537,1.27978929824639
52,4,SAT-1,Satellite,550052.290495253,153.319783919963,6.64510331762565,16.6014042820609,89.164883330008,6.27971607877395,0.126088049984214
52,5,SAT-1,Satellite,561746.224098178,153.502507608179,6.46237962940904,16.2700197975853,77.7575640381268,6.27971607877395,0.128656185976818
52,6,SAT-1,Satellite,550138.043265646,153.321137938587,6.643749299001,16.5989394133651,88.6550276262918,6.27971607877395,0.126106773498987
53,1,BS1,Terrestrial,140.115630076679,109.993451927622,29.3430084979539,89.4977824284088,NaN,223.777328803537,1.25018365110075
53,2,BS2,Terrestrial,144.901135010249,102.107850317733,37.2286101078428,227.064539649309,NaN,223.777328803537,0.985523010986882
53,3,BS1,Terrestrial,158.604085315624,107.274275015258,32.0621854103174,97.7828309900897,NaN,223.777328803537,1.14425675007414
53,4,SAT-1,Satellite,550052.290495253,153.319783919963,6.64510331762565,16.6014042820609,89.164883330008,6.27971607877395,0.126088049984214
53,5,SAT-1,Satellite,561746.224098178,153.502507608179,6.46237962940904,16.2700197975853,77.7575640381268,6.27971607877395,0.128656185976818
53,6,SAT-1,Satellite,550138.043265646,153.321137938587,6.643749299001,16.5989394133651,88.6550276262918,6.27971607877395,0.126106773498987
54,1,BS1,Terrestrial,140.115630076679,107.953715008924,31.3827454166521,95.712252431253,NaN,223.777328803537,1.1690108795855
54,2,BS2,Terrestrial,144.901135010249,111.622330033389,27.7141303921869,169.07494246671,NaN,223.777328803537,1.32353928700935
54,3,BS1,Terrestrial,158.604085315624,86.846350387042,52.4901100385339,160.070239444729,NaN,223.777328803537,0.698997295124327
54,4,SAT-1,Satellite,550052.290495253,153.319783919963,6.64510331762565,16.6014042820609,89.164883330008,6.27971607877395,0.126088049984214
54,5,SAT-1,Satellite,561746.224098178,153.502507608179,6.46237962940904,16.2700197975853,77.7575640381268,6.27971607877395,0.128656185976818
54,6,SAT-1,Satellite,550138.043265646,153.321137938587,6.643749299001,16.5989394133651,88.6550276262918,6.27971607877395,0.126106773498987
55,1,BS1,Terrestrial,140.115630076679,97.9818305309379,41.354629894638,84.0754357424355,NaN,223.777328803537,0.887208520251098
55,2,BS2,Terrestrial,144.901135010249,103.177248529753,36.1592118958234,220.543615442486,NaN,223.777328803537,1.01466246644485
55,3,BS1,Terrestrial,158.604085315624,89.8768520970499,49.459608328526,100.552472622222,NaN,223.777328803537,0.74182604355
55,4,BS1,Terrestrial,1684.50877122662,123.653317689855,15.6831427357213,32.1195443292365,NaN,223.777328803537,2.32233814309176
55,5,SAT-1,Satellite,561746.224098178,153.502507608179,6.46237962940904,24.4050296963779,77.7575640381268,6.27971607877395,0.128656185976818
55,6,SAT-1,Satellite,550138.043265646,153.321137938587,6.643749299001,24.8984091200477,88.6550276262918,6.27971607877395,0.126106773498987
56,1,BS1,Terrestrial,140.115630076679,103.814332646244,35.5221277793316,108.329507170108,NaN,223.777328803537,1.03285491944564
56,2,BS2,Terrestrial,144.901135010249,108.504977822111,30.8314826034646,188.064925240083,NaN,223.777328803537,1.18989401409042
56,3,BS1,Terrestrial,158.604085315624,107.565017163009,31.7714432625672,96.8967740728972,NaN,223.777328803537,1.15472022131091
56,4,SAT-1,Satellite,550052.290495253,153.319783919963,6.64510331762565,16.6014042820609,89.164883330008,6.27971607877395,0.126088049984214
56,5,SAT-1,Satellite,561746.224098178,153.502507608179,6.46237962940904,16.2700197975853,77.7575640381268,6.27971607877395,0.128656185976818
56,6,SAT-1,Satellite,550138.043265646,153.321137938587,6.643749299001,16.5989394133651,88.6550276262918,6.27971607877395,0.126106773498987
57,1,BS1,Terrestrial,140.115630076679,82.1576252939576,57.1788351316183,174.368597949478,NaN,223.777328803537,0.641678981866837
57,2,BS2,Terrestrial,144.901135010249,116.175898427814,23.1605619977622,141.385284359428,NaN,223.777328803537,1.58274837312385
57,3,BS1,Terrestrial,158.604085315624,109.278711093308,30.0577493322676,91.6750706078327,NaN,223.777328803537,1.22049171775832
57,4,SAT-1,Satellite,550052.290495253,153.319783919963,6.64510331762565,16.6014042820609,89.164883330008,6.27971607877395,0.126088049984214
57,5,SAT-1,Satellite,561746.224098178,153.502507608179,6.46237962940904,16.2700197975853,77.7575640381268,6.27971607877395,0.128656185976818
57,6,SAT-1,Satellite,550138.043265646,153.321137938587,6.643749299001,16.5989394133651,88.6550276262918,6.27971607877395,0.126106773498987
58,1,BS2,Terrestrial,295.273297492253,105.79315870461,33.5433017209662,102.297160463499,NaN,223.777328803537,1.09376119429719
58,2,BS2,Terrestrial,144.901135010249,106.955107647757,32.3813527778187,98.755558122933,NaN,223.777328803537,1.1329859962159
58,3,BS1,Terrestrial,158.604085315624,118.067529577053,21.268930848523,129.917517499281,NaN,223.777328803537,1.7224569335292
58,4,SAT-1,Satellite,550052.290495253,153.319783919963,6.64510331762565,16.6014042820609,89.164883330008,6.27971607877395,0.126088049984214
58,5,SAT-1,Satellite,561746.224098178,153.502507608179,6.46237962940904,16.2700197975853,77.7575640381268,6.27971607877395,0.128656185976818
58,6,SAT-1,Satellite,550138.043265646,153.321137938587,6.643749299001,16.5989394133651,88.6550276262918,6.27971607877395,0.126106773498987
59,1,BS1,Terrestrial,140.115630076679,100.95127694321,38.3851834823659,117.05868897829,NaN,223.777328803537,0.955833910138183
59,2,BS2,Terrestrial,144.901135010249,110.097738104823,29.2387223207529,178.360265208279,NaN,223.777328803537,1.25463666777028
59,3,BS1,Terrestrial,158.604085315624,111.482846101452,27.8536143241238,84.9621242661905,NaN,223.777328803537,1.31692404548662
59,4,SAT-1,Satellite,550052.290495253,153.319783919963,6.64510331762565,16.6014042820609,89.164883330008,6.27971607877395,0.126088049984214
59,5,SAT-1,Satellite,561746.224098178,153.502507608179,6.46237962940904,16.2700197975853,77.7575640381268,6.27971607877395,0.128656185976818
59,6,SAT-1,Satellite,550138.043265646,153.321137938587,6.643749299001,16.5989394133651,88.6550276262918,6.27971607877395,0.126106773498987
60,1,BS1,Terrestrial,140.115630076679,100.868189654826,38.4682707707501,117.312029761325,NaN,223.777328803537,0.953769742364957
60,2,BS2,Terrestrial,144.901135010249,97.5537492308979,41.7827111946779,254.837018755097,NaN,223.777328803537,0.878119395277462
60,3,BS1,Terrestrial,158.604085315624,80.2021453674365,59.1343150581393,180.331883438705,NaN,223.777328803537,0.620459689480256
60,4,SAT-1,Satellite,550052.290495253,153.319783919963,6.64510331762565,16.6014042820609,89.164883330008,6.27971607877395,0.126088049984214
60,5,SAT-1,Satellite,561746.224098178,153.502507608179,6.46237962940904,16.2700197975853,77.7575640381268,6.27971607877395,0.128656185976818
60,6,SAT-1,Satellite,550138.043265646,153.321137938587,6.643749299001,16.5989394133651,88.6550276262918,6.27971607877395,0.126106773498987
61,1,BS1,Terrestrial,140.115630076679,105.780098611251,33.5563618143246,102.336970030467,NaN,223.777328803537,1.09333571600232
61,2,BS2,Terrestrial,144.901135010249,113.121760993766,26.2146994318097,159.9482739764,NaN,223.777328803537,1.3990606040335
61,3,BS1,Terrestrial,158.604085315624,105.293974541517,34.0424858840588,103.818801825945,NaN,223.777328803537,1.07773026112701
61,4,SAT-1,Satellite,550052.290495253,153.319783919963,6.64510331762565,16.6014042820609,89.164883330008,6.27971607877395,0.126088049984214
61,5,SAT-1,Satellite,561746.224098178,153.502507608179,6.46237962940904,16.2700197975853,77.7575640381268,6.27971607877395,0.128656185976818
61,6,SAT-1,Satellite,550138.043265646,153.321137938587,6.643749299001,16.5989394133651,88.6550276262918,6.27971607877395,0.126106773498987
62,1,BS1,Terrestrial,140.115630076679,85.9749771692136,53.3614832563623,162.727504635831,NaN,223.777328803537,0.687582991284512
62,2,BS2,Terrestrial,144.901135010249,104.525414761912,34.8110456636641,212.32340278414,NaN,223.777328803537,1.05394565963622
62,3,BS1,Terrestrial,158.604085315624,112.933668081504,26.4027923440722,80.5463930607471,NaN,223.777328803537,1.38912073092315
62,4,SAT-1,Satellite,550052.290495253,153.319783919963,6.64510331762565,16.6014042820609,89.164883330008,6.27971607877395,0.126088049984214
62,5,SAT-1,Satellite,561746.224098178,153.502507608179,6.46237962940904,16.2700197975853,77.7575640381268,6.27971607877395,0.128656185976818
62,6,SAT-1,Satellite,550138.043265646,153.321137938587,6.643749299001,16.5989394133651,88.6550276262918,6.27971607877395,0.126106773498987
63,1,BS2,Terrestrial,295.273297492253,93.6829445673245,45.6535158582514,139.222126105436,NaN,223.777328803537,0.803670131549586
63,2,BS2,Terrestrial,144.901135010249,109.91498742114,29.4214730044357,89.7367867523087,NaN,223.777328803537,1.2468539207962
63,3,BS1,Terrestrial,158.604085315624,107.245100202546,32.0913602230298,195.743490676392,NaN,223.777328803537,1.14321721774898
63,4,SAT-1,Satellite,550052.290495253,153.319783919963,6.64510331762565,16.6014042820609,89.164883330008,6.27971607877395,0.126088049984214
63,5,SAT-1,Satellite,561746.224098178,153.502507608179,6.46237962940904,16.2700197975853,77.7575640381268,6.27971607877395,0.128656185976818
63,6,SAT-1,Satellite,550138.043265646,153.321137938587,6.643749299001,16.5989394133651,88.6550276262918,6.27971607877395,0.126106773498987
64,1,BS1,Terrestrial,140.115630076679,109.620685305857,29.7157751197185,90.6332795780674,NaN,223.777328803537,1.23452075134711
64,2,BS2,Terrestrial,144.901135010249,102.215847030945,37.1206133946306,226.405987441047,NaN,223.777328803537,0.988389624023551
64,3,BS1,Terrestrial,158.604085315624,108.447859926684,30.8886004988917,94.2065025815626,NaN,223.777328803537,1.18769576765571
64,4,SAT-1,Satellite,550052.290495253,153.319783919963,6.64510331762565,16.6014042820609,89.164883330008,6.27971607877395,0.126088049984214
64,5,SAT-1,Satellite,561746.224098178,153.502507608179,6.46237962940904,16.2700197975853,77.7575640381268,6.27971607877395,0.128656185976818
64,6,SAT-1,Satellite,550138.043265646,153.321137938587,6.643749299001,16.5989394133651,88.6550276262918,6.27971607877395,0.126106773498987
65,1,BS1,Terrestrial,140.115630076679,79.1836042442845,60.1528561812914,183.437951761473,NaN,223.777328803537,0.60995373818423
65,2,BS2,Terrestrial,144.901135010249,118.185936508341,21.1505239172353,129.200771597827,NaN,223.777328803537,1.73201232497362
65,3,BS1,Terrestrial,158.604085315624,103.805768113526,35.5306923120496,108.355617655171,NaN,223.777328803537,1.03260603209186
65,4,SAT-1,Satellite,550052.290495253,153.319783919963,6.64510331762565,16.6014042820609,89.164883330008,6.27971607877395,0.126088049984214
65,5,SAT-1,Satellite,561746.224098178,153.502507608179,6.46237962940904,16.2700197975853,77.7575640381268,6.27971607877395,0.128656185976818
65,6,SAT-1,Satellite,550138.043265646,153.321137938587,6.643749299001,16.5989394133651,88.6550276262918,6.27971607877395,0.126106773498987
66,1,BS1,Terrestrial,140.115630076679,82.7629226952567,56.5735377303192,172.522729163247,NaN,223.777328803537,0.648544484222107
66,2,BS2,Terrestrial,144.901135010249,109.542200683977,29.794259741599,181.74473564041,NaN,223.777328803537,1.23127268591862
66,3,BS1,Terrestrial,158.604085315624,109.688206995515,29.6482534300608,90.4275914760472,NaN,223.777328803537,1.23732881275961
66,4,SAT-1,Satellite,550052.290495253,153.319783919963,6.64510331762565,16.6014042820609,89.164883330008,6.27971607877395,0.126088049984214
66,5,SAT-1,Satellite,561746.224098178,153.502507608179,6.46237962940904,16.2700197975853,77.7575640381268,6.27971607877395,0.128656185976818
66,6,SAT-1,Satellite,550138.043265646,153.321137938587,6.643749299001,16.5989394133651,88.6550276262918,6.27971607877395,0.126106773498987
67,1,BS2,Terrestrial,295.273297492253,116.370100090488,22.966360335088,70.1033293408809,NaN,223.777328803537,1.59605350350344
67,2,BS2,Terrestrial,144.901135010249,95.4588294082916,43.8776310172842,133.806694032938,NaN,223.777328803537,0.836196314470082
67,3,BS1,Terrestrial,158.604085315624,101.914791729538,37.4216686960376,228.241797590443,NaN,223.777328803537,0.980439740511875
67,4,SAT-1,Satellite,550052.290495253,153.319783919963,6.64510331762565,16.6014042820609,89.164883330008,6.27971607877395,0.126088049984214
67,5,SAT-1,Satellite,561746.224098178,153.502507608179,6.46237962940904,16.2700197975853,77.7575640381268,6.27971607877395,0.128656185976818
67,6,SAT-1,Satellite,550138.043265646,153.321137938587,6.643749299001,16.5989394133651,88.6550276262918,6.27971607877395,0.126106773498987
68,1,BS1,Terrestrial,140.115630076679,96.8906165998716,42.4458438257043,129.44062782961,NaN,223.777328803537,0.864401434679798
68,2,BS2,Terrestrial,144.901135010249,102.988441871605,36.3480185539712,221.694885772049,NaN,223.777328803537,1.00939328403647
68,3,BS1,Terrestrial,158.604085315624,120.125371877029,19.2110885485466,58.7426671059592,NaN,223.777328803537,1.90472564345683
68,4,SAT-1,Satellite,550052.290495253,153.319783919963,6.64510331762565,16.6014042820609,89.164883330008,6.27971607877395,0.126088049984214
68,5,SAT-1,Satellite,561746.224098178,153.502507608179,6.46237962940904,16.2700197975853,77.7575640381268,6.27971607877395,0.128656185976818
68,6,SAT-1,Satellite,550138.043265646,153.321137938587,6.643749299001,16.5989394133651,88.6550276262918,6.27971607877395,0.126106773498987
69,1,BS1,Terrestrial,140.115630076679,114.648614337298,24.6878460882775,75.3312528601337,NaN,223.777328803537,1.48528877661852
69,2,BS2,Terrestrial,144.901135010249,82.5268843334069,56.809576092169,346.485067369322,NaN,223.777328803537,0.645849850045661
69,3,BS1,Terrestrial,158.604085315624,112.189033792021,27.1474266335553,82.8124102559538,NaN,223.777328803537,1.35110986452329
69,4,SAT-1,Satellite,550052.290495253,153.319783919963,6.64510331762565,16.6014042820609,89.164883330008,6.27971607877395,0.126088049984214
69,5,SAT-1,Satellite,561746.224098178,153.502507608179,6.46237962940904,16.2700197975853,77.7575640381268,6.27971607877395,0.128656185976818
69,6,SAT-1,Satellite,550138.043265646,153.321137938587,6.643749299001,16.5989394133651,88.6550276262918,6.27971607877395,0.126106773498987
70,1,BS1,Terrestrial,140.115630076679,111.494382218312,27.8420782072634,84.9270021813762,NaN,223.777328803537,1.31746866753652
70,2,BS2,Terrestrial,144.901135010249,107.804923411992,31.5315370135838,192.331345344535,NaN,223.777328803537,1.16349900429735
70,3,BS1,Terrestrial,158.604085315624,109.817182137451,29.5192782881244,90.0347103273844,NaN,223.777328803537,1.24272809891784
70,4,SAT-1,Satellite,550052.290495253,153.319783919963,6.64510331762565,16.6014042820609,89.164883330008,6.27971607877395,0.126088049984214
70,5,SAT-1,Satellite,561746.224098178,153.502507608179,6.46237962940904,16.2700197975853,77.7575640381268,6.27971607877395,0.128656185976818
70,6,SAT-1,Satellite,550138.043265646,153.321137938587,6.643749299001,16.5989394133651,88.6550276262918,6.27971607877395,0.126106773498987
71,1,BS1,Terrestrial,140.115630076679,85.4141600380911,53.9223003874848,164.437725897855,NaN,223.777328803537,0.680431840022353
71,2,BS2,Terrestrial,144.901135010249,116.732561836466,22.60389858911,138.007566661771,NaN,223.777328803537,1.62148593889761
71,3,BS1,Terrestrial,158.604085315624,102.202016337958,37.1344440876174,113.245162663246,NaN,223.777328803537,0.988021578762604
71,4,SAT-1,Satellite,550052.290495253,153.319783919963,6.64510331762565,16.6014042820609,89.164883330008,6.27971607877395,0.126088049984214
71,5,SAT-1,Satellite,561746.224098178,153.502507608179,6.46237962940904,16.2700197975853,77.7575640381268,6.27971607877395,0.128656185976818
71,6,SAT-1,Satellite,550138.043265646,153.321137938587,6.643749299001,16.5989394133651,88.6550276262918,6.27971607877395,0.126106773498987
72,1,BS1,Terrestrial,140.115630076679,88.150599063473,51.1858613621028,156.092920137139,NaN,223.777328803537,0.716808067293933
72,2,BS2,Terrestrial,144.901135010249,99.5442020145228,39.792258411053,242.698149301222,NaN,223.777328803537,0.922039700128899
72,3,BS1,Terrestrial,158.604085315624,87.2992786515767,52.0371817739992,158.689029323463,NaN,223.777328803537,0.705081283052662
72,4,SAT-1,Satellite,550052.290495253,153.319783919963,6.64510331762565,16.6014042820609,89.164883330008,6.27971607877395,0.126088049984214
72,5,SAT-1,Satellite,561746.224098178,153.502507608179,6.46237962940904,16.2700197975853,77.7575640381268,6.27971607877395,0.128656185976818
72,6,SAT-1,Satellite,550138.043265646,153.321137938587,6.643749299001,16.5989394133651,88.6550276262918,6.27971607877395,0.126106773498987
73,1,BS1,Terrestrial,140.115630076679,109.109555231111,30.2269051944644,92.1904177194399,NaN,223.777328803537,1.21366913362163
73,2,BS2,Terrestrial,144.901135010249,110.176061566911,29.1603988586651,177.883139412164,NaN,223.777328803537,1.2580019081237
73,3,BS1,Terrestrial,158.604085315624,103.834018535419,35.502441890157,108.269491327667,NaN,223.777328803537,1.03342745061163
73,4,SAT-1,Satellite,550052.290495253,153.319783919963,6.64510331762565,16.6014042820609,89.164883330008,6.27971607877395,0.126088049984214
73,5,SAT-1,Satellite,561746.224098178,153.502507608179,6.46237962940904,16.2700197975853,77.7575640381268,6.27971607877395,0.128656185976818
73,6,SAT-1,Satellite,550138.043265646,153.321137938587,6.643749299001,16.5989394133651,88.6550276262918,6.27971607877395,0.126106773498987
74,1,BS1,Terrestrial,140.115630076679,92.205937803504,47.1305226220719,143.726198657766,NaN,223.777328803537,0.778484823551151
74,2,BS2,Terrestrial,144.901135010249,110.392103792005,28.944356633571,88.2835609987235,NaN,223.777328803537,1.26737824274427
74,3,BS1,Terrestrial,158.604085315624,97.1388554384858,42.1976049870901,128.683660403472,NaN,223.777328803537,0.869486180692681
74,4,BS2,Terrestrial,1289.96657807501,132.612527374311,6.72393305126448,23.058059954904,NaN,223.777328803537,4.85247521346531
74,5,SAT-1,Satellite,561746.224098178,153.502507608179,6.46237962940904,24.4050296963779,77.7575640381268,6.27971607877395,0.128656185976818
74,6,SAT-1,Satellite,550138.043265646,153.321137938587,6.643749299001,24.8984091200477,88.6550276262918,6.27971607877395,0.126106773498987
75,1,BS1,Terrestrial,140.115630076679,97.6580706032359,41.67838982234,127.100399580506,NaN,223.777328803537,0.880317172652927
75,2,BS2,Terrestrial,144.901135010249,87.3741290954404,51.9623313301354,316.921544180714,NaN,223.777328803537,0.706096928127852
75,3,BS1,Terrestrial,158.604085315624,118.647662419313,20.6887980062629,63.2036458714828,NaN,223.777328803537,1.77028813542309
75,4,SAT-1,Satellite,550052.290495253,153.319783919963,6.64510331762565,16.6014042820609,89.164883330008,6.27971607877395,0.126088049984214
75,5,SAT-1,Satellite,561746.224098178,153.502507608179,6.46237962940904,16.2700197975853,77.7575640381268,6.27971607877395,0.128656185976818
75,6,SAT-1,Satellite,550138.043265646,153.321137938587,6.643749299001,16.5989394133651,88.6550276262918,6.27971607877395,0.126106773498987
76,1,BS1,Terrestrial,140.115630076679,110.081675233282,29.2547851922935,89.2290586204525,NaN,223.777328803537,1.25394872625186
76,2,BS2,Terrestrial,144.901135010249,115.085005568923,24.2514548566529,148.010409364052,NaN,223.777328803537,1.51190264093605
76,3,BS1,Terrestrial,158.604085315624,89.1864310176383,50.1500294079376,152.934146676103,NaN,223.777328803537,0.731613356687021
76,4,SAT-1,Satellite,550052.290495253,153.319783919963,6.64510331762565,16.6014042820609,89.164883330008,6.27971607877395,0.126088049984214
76,5,SAT-1,Satellite,561746.224098178,153.502507608179,6.46237962940904,16.2700197975853,77.7575640381268,6.27971607877395,0.128656185976818
76,6,SAT-1,Satellite,550138.043265646,153.321137938587,6.643749299001,16.5989394133651,88.6550276262918,6.27971607877395,0.126106773498987
77,1,BS1,Terrestrial,140.115630076679,110.502679412676,28.8337810129002,87.9467922744329,NaN,223.777328803537,1.27223132883149
77,2,BS2,Terrestrial,144.901135010249,109.814749293874,29.5217111317023,180.084242161966,NaN,223.777328803537,1.24262581843376
77,3,BS1,Terrestrial,158.604085315624,111.708533492366,27.6279269332103,84.275039862592,NaN,223.777328803537,1.32766077102069
77,4,SAT-1,Satellite,550052.290495253,153.319783919963,6.64510331762565,16.6014042820609,89.164883330008,6.27971607877395,0.126088049984214
77,5,SAT-1,Satellite,561746.224098178,153.502507608179,6.46237962940904,16.2700197975853,77.7575640381268,6.27971607877395,0.128656185976818
77,6,SAT-1,Satellite,550138.043265646,153.321137938587,6.643749299001,16.5989394133651,88.6550276262918,6.27971607877395,0.126106773498987
78,1,BS1,Terrestrial,140.115630076679,88.5171428210485,50.8193176045273,154.975142831522,NaN,223.777328803537,0.721978133766951
78,2,BS2,Terrestrial,144.901135010249,102.687932445347,36.6485279802287,223.52730031652,NaN,223.777328803537,1.00111855906041
78,3,BS1,Terrestrial,158.604085315624,87.1447149959639,52.191745429612,159.160372930018,NaN,223.777328803537,0.702993228414748
78,4,SAT-1,Satellite,550052.290495253,153.319783919963,6.64510331762565,16.6014042820609,89.164883330008,6.27971607877395,0.126088049984214
78,5,SAT-1,Satellite,561746.224098178,153.502507608179,6.46237962940904,16.2700197975853,77.7575640381268,6.27971607877395,0.128656185976818
78,6,SAT-1,Satellite,550138.043265646,153.321137938587,6.643749299001,16.5989394133651,88.6550276262918,6.27971607877395,0.126106773498987
79,1,BS1,Terrestrial,140.115630076679,107.741868760751,31.5945916648247,96.3578256483289,NaN,223.777328803537,1.16117880046528
79,2,BS2,Terrestrial,144.901135010249,111.266849517238,28.0696109083382,171.239521365225,NaN,223.777328803537,1.30680888979045
79,3,BS1,Terrestrial,158.604085315624,85.761281119371,53.5751793062049,163.379174216306,NaN,223.777328803537,0.684840432928334
79,4,SAT-1,Satellite,550052.290495253,153.319783919963,6.64510331762565,16.6014042820609,89.164883330008,6.27971607877395,0.126088049984214
79,5,SAT-1,Satellite,561746.224098178,153.502507608179,6.46237962940904,16.2700197975853,77.7575640381268,6.27971607877395,0.128656185976818
79,6,SAT-1,Satellite,550138.043265646,153.321137938587,6.643749299001,16.5989394133651,88.6550276262918,6.27971607877395,0.126106773498987
80,1,BS1,Terrestrial,140.115630076679,112.111579343427,27.2248810821486,83.0481592689959,NaN,223.777328803537,1.34727446564297
80,2,BS2,Terrestrial,144.901135010249,83.7946131204617,55.5418473051142,338.753132173827,NaN,223.777328803537,0.660591172596771
80,3,BS1,Terrestrial,158.604085315624,104.959040705117,34.3774197204592,104.839805223075,NaN,223.777328803537,1.06723456957684
80,4,SAT-1,Satellite,550052.290495253,153.319783919963,6.64510331762565,16.6014042820609,89.164883330008,6.27971607877395,0.126088049984214
80,5,SAT-1,Satellite,561746.224098178,153.502507608179,6.46237962940904,16.2700197975853,77.7575640381268,6.27971607877395,0.128656185976818
80,6,SAT-1,Satellite,550138.043265646,153.321137938587,6.643749299001,16.5989394133651,88.6550276262918,6.27971607877395,0.126106773498987
81,1,BS1,Terrestrial,140.115630076679,104.060592012681,35.2758684128944,107.578748446703,NaN,223.777328803537,1.04006289362253
81,2,BS2,Terrestrial,144.901135010249,108.962651499235,30.373808926341,185.275974747527,NaN,223.777328803537,1.20780543245543
81,3,BS1,Terrestrial,158.604085315624,89.6494186345251,49.6870417910507,151.522266445849,NaN,223.777328803537,0.738430509431137
81,4,SAT-1,Satellite,550052.290495253,153.319783919963,6.64510331762565,16.6014042820609,89.164883330008,6.27971607877395,0.126088049984214
81,5,SAT-1,Satellite,561746.224098178,153.502507608179,6.46237962940904,16.2700197975853,77.7575640381268,6.27971607877395,0.128656185976818
81,6,SAT-1,Satellite,550138.043265646,153.321137938587,6.643749299001,16.5989394133651,88.6550276262918,6.27971607877395,0.126106773498987
82,1,BS1,Terrestrial,140.115630076679,110.591979077564,28.7444813480121,87.6748296893472,NaN,223.777328803537,1.27617772168155
82,2,BS2,Terrestrial,144.901135010249,115.003268827464,24.333191598112,148.507078061983,NaN,223.777328803537,1.50684621718931
82,3,BS1,Terrestrial,158.604085315624,102.57640085162,36.7600595739557,112.103696467522,NaN,223.777328803537,0.998081846785353
82,4,SAT-1,Satellite,550052.290495253,153.319783919963,6.64510331762565,16.6014042820609,89.164883330008,6.27971607877395,0.126088049984214
82,5,SAT-1,Satellite,561746.224098178,153.502507608179,6.46237962940904,16.2700197975853,77.7575640381268,6.27971607877395,0.128656185976818
82,6,SAT-1,Satellite,550138.043265646,153.321137938587,6.643749299001,16.5989394133651,88.6550276262918,6.27971607877395,0.126106773498987
83,1,BS1,Terrestrial,140.115630076679,113.290472882276,26.0459875432998,79.4608961876423,NaN,223.777328803537,1.40809718704342
83,2,BS2,Terrestrial,144.901135010249,113.914004065379,25.4224563601973,155.128975317057,NaN,223.777328803537,1.44252437912501
83,3,BS1,Terrestrial,158.604085315624,109.329662949143,30.0067974764327,91.5198454721414,NaN,223.777328803537,1.2225617714338
83,4,SAT-1,Satellite,550052.290495253,153.319783919963,6.64510331762565,16.6014042820609,89.164883330008,6.27971607877395,0.126088049984214
83,5,SAT-1,Satellite,561746.224098178,153.502507608179,6.46237962940904,16.2700197975853,77.7575640381268,6.27971607877395,0.128656185976818
83,6,SAT-1,Satellite,550138.043265646,153.321137938587,6.643749299001,16.5989394133651,88.6550276262918,6.27971607877395,0.126106773498987
84,1,BS1,Terrestrial,140.115630076679,84.5453503644559,54.79111006112,167.087177322006,NaN,223.777328803537,0.669642435733653
84,2,BS2,Terrestrial,144.901135010249,81.2890499463463,58.0474104792296,354.034679849608,NaN,223.777328803537,0.63207742500988
84,3,BS1,Terrestrial,158.604085315624,106.151004395301,33.1854560302744,101.206402118529,NaN,223.777328803537,1.10554927415292
84,4,SAT-1,Satellite,550052.290495253,153.319783919963,6.64510331762565,16.6014042820609,89.164883330008,6.27971607877395,0.126088049984214
84,5,SAT-1,Satellite,561746.224098178,153.502507608179,6.46237962940904,16.2700197975853,77.7575640381268,6.27971607877395,0.128656185976818
84,6,SAT-1,Satellite,550138.043265646,153.321137938587,6.643749299001,16.5989394133651,88.6550276262918,6.27971607877395,0.126106773498987
85,1,BS1,Terrestrial,140.115630076679,108.478517102417,30.8579433231587,94.1130890030263,NaN,223.777328803537,1.18887463568612
85,2,BS2,Terrestrial,144.901135010249,105.351646906286,33.9848135192902,207.285995979157,NaN,223.777328803537,1.07955835485403
85,3,BS1,Terrestrial,158.604085315624,112.126807944303,27.2096524812731,83.0018071656046,NaN,223.777328803537,1.34802684691587
85,4,SAT-1,Satellite,550052.290495253,153.319783919963,6.64510331762565,16.6014042820609,89.164883330008,6.27971607877395,0.126088049984214
85,5,SAT-1,Satellite,561746.224098178,153.502507608179,6.46237962940904,16.2700197975853,77.7575640381268,6.27971607877395,0.128656185976818
85,6,SAT-1,Satellite,550138.043265646,153.321137938587,6.643749299001,16.5989394133651,88.6550276262918,6.27971607877395,0.126106773498987
86,1,BS1,Terrestrial,140.115630076679,80.0841600491389,59.252300376437,180.69168277211,NaN,223.777328803537,0.619224209356022
86,2,BS2,Terrestrial,144.901135010249,105.633880825716,33.7025795998594,205.565344606472,NaN,223.777328803537,1.08859462295033
86,3,BS1,Terrestrial,158.604085315624,110.238944123282,29.0975163022936,88.7500415317827,NaN,223.777328803537,1.2607167554023
86,4,SAT-1,Satellite,550052.290495253,153.319783919963,6.64510331762565,16.6014042820609,89.164883330008,6.27971607877395,0.126088049984214
86,5,SAT-1,Satellite,561746.224098178,153.502507608179,6.46237962940904,16.2700197975853,77.7575640381268,6.27971607877395,0.128656185976818
86,6,SAT-1,Satellite,550138.043265646,153.321137938587,6.643749299001,16.5989394133651,88.6550276262918,6.27971607877395,0.126106773498987
87,1,BS2,Terrestrial,295.273297492253,112.985972586078,26.3504878394976,80.3872554370189,NaN,223.777328803537,1.39187068638548
87,2,BS2,Terrestrial,144.901135010249,114.108036945821,25.228423479755,76.9745096924919,NaN,223.777328803537,1.45358073534676
87,3,BS1,Terrestrial,158.604085315624,112.022271482407,27.3141889431687,166.639993025513,NaN,223.777328803537,1.34287888963891
87,4,SAT-1,Satellite,550052.290495253,153.319783919963,6.64510331762565,16.6014042820609,89.164883330008,6.27971607877395,0.126088049984214
87,5,SAT-1,Satellite,561746.224098178,153.502507608179,6.46237962940904,16.2700197975853,77.7575640381268,6.27971607877395,0.128656185976818
87,6,SAT-1,Satellite,550138.043265646,153.321137938587,6.643749299001,16.5989394133651,88.6550276262918,6.27971607877395,0.126106773498987
88,1,BS1,Terrestrial,140.115630076679,108.525667630414,30.8107927951622,93.9694206106283,NaN,223.777328803537,1.19069228771124
88,2,BS2,Terrestrial,144.901135010249,98.9696768128279,40.366783612748,246.201868701925,NaN,223.777328803537,0.908918075981232
88,3,BS1,Terrestrial,158.604085315624,86.6826852647584,52.6537751608175,160.569338382938,NaN,223.777328803537,0.696824596330641
88,4,SAT-1,Satellite,550052.290495253,153.319783919963,6.64510331762565,16.6014042820609,89.164883330008,6.27971607877395,0.126088049984214
88,5,SAT-1,Satellite,561746.224098178,153.502507608179,6.46237962940904,16.2700197975853,77.7575640381268,6.27971607877395,0.128656185976818
88,6,SAT-1,Satellite,550138.043265646,153.321137938587,6.643749299001,16.5989394133651,88.6550276262918,6.27971607877395,0.126106773498987
89,1,BS1,Terrestrial,140.115630076679,102.829969723439,36.5064907021371,111.330598456403,NaN,223.777328803537,1.00501269150713
89,2,BS2,Terrestrial,144.901135010249,86.244773459475,53.0916869661009,323.809513343411,NaN,223.777328803537,0.691077067171321
89,3,BS1,Terrestrial,158.604085315624,86.5118031219788,52.8246573035971,161.090445828754,NaN,223.777328803537,0.694570455908424
89,4,SAT-1,Satellite,550052.290495253,153.319783919963,6.64510331762565,16.6014042820609,89.164883330008,6.27971607877395,0.126088049984214
89,5,SAT-1,Satellite,561746.224098178,153.502507608179,6.46237962940904,16.2700197975853,77.7575640381268,6.27971607877395,0.128656185976818
89,6,SAT-1,Satellite,550138.043265646,153.321137938587,6.643749299001,16.5989394133651,88.6550276262918,6.27971607877395,0.126106773498987
90,1,BS1,Terrestrial,140.115630076679,83.6120503662204,55.7244100593555,169.933295159412,NaN,223.777328803537,0.658426968633823
90,2,BS2,Terrestrial,144.901135010249,111.261634436931,28.0748259886449,171.271278950495,NaN,223.777328803537,1.30656657774021
90,3,BS1,Terrestrial,158.604085315624,111.764852902488,27.5716075230884,84.1035900959405,NaN,223.777328803537,1.33036728009033
90,4,SAT-1,Satellite,550052.290495253,153.319783919963,6.64510331762565,16.6014042820609,89.164883330008,6.27971607877395,0.126088049984214
90,5,SAT-1,Satellite,561746.224098178,153.502507608179,6.46237962940904,16.2700197975853,77.7575640381268,6.27971607877395,0.128656185976818
90,6,SAT-1,Satellite,550138.043265646,153.321137938587,6.643749299001,16.5989394133651,88.6550276262918,6.27971607877395,0.126106773498987
91,1,BS1,Terrestrial,140.115630076679,84.0501724579561,55.2862879676198,168.597232463394,NaN,223.777328803537,0.663644727537636
91,2,BS2,Terrestrial,144.901135010249,108.994906136894,30.3415542886814,185.079432781719,NaN,223.777328803537,1.2090880409573
91,3,BS1,Terrestrial,158.604085315624,112.491451470997,26.8450089545785,81.8920168702178,NaN,223.777328803537,1.36629513691291
91,4,SAT-1,Satellite,550052.290495253,153.319783919963,6.64510331762565,16.6014042820609,89.164883330008,6.27971607877395,0.126088049984214
91,5,SAT-1,Satellite,561746.224098178,153.502507608179,6.46237962940904,16.2700197975853,77.7575640381268,6.27971607877395,0.128656185976818
91,6,SAT-1,Satellite,550138.043265646,153.321137938587,6.643749299001,16.5989394133651,88.6550276262918,6.27971607877395,0.126106773498987
92,1,BS1,Terrestrial,140.115630076679,112.050830350266,27.2856300753103,55.488711508142,NaN,223.777328803537,1.34428140259785
92,2,BS1,Terrestrial,565.377728999031,103.084063307187,36.2523971183893,73.7039405268852,NaN,223.777328803537,1.01205501905699
92,3,BS1,Terrestrial,158.604085315624,116.562582027082,22.7738783984939,46.3462438316522,NaN,223.777328803537,1.6094603740804
92,4,SAT-1,Satellite,550052.290495253,153.319783919963,6.64510331762565,16.6014042820609,89.164883330008,6.27971607877395,0.126088049984214
92,5,SAT-1,Satellite,561746.224098178,153.502507608179,6.46237962940904,16.2700197975853,77.7575640381268,6.27971607877395,0.128656185976818
92,6,SAT-1,Satellite,550138.043265646,153.321137938587,6.643749299001,16.5989394133651,88.6550276262918,6.27971607877395,0.126106773498987
93,1,BS1,Terrestrial,140.115630076679,112.835241014354,26.5012194112218,80.845871440679,NaN,223.777328803537,1.38397499350189
93,2,BS2,Terrestrial,144.901135010249,113.177350492668,26.1591099329078,159.610044100888,NaN,223.777328803537,1.40202535538484
93,3,BS1,Terrestrial,158.604085315624,113.245110228743,26.0913501968328,79.5988897718911,NaN,223.777328803537,1.4056560929733
93,4,SAT-1,Satellite,550052.290495253,153.319783919963,6.64510331762565,16.6014042820609,89.164883330008,6.27971607877395,0.126088049984214
93,5,SAT-1,Satellite,561746.224098178,153.502507608179,6.46237962940904,16.2700197975853,77.7575640381268,6.27971607877395,0.128656185976818
93,6,SAT-1,Satellite,550138.043265646,153.321137938587,6.643749299001,16.5989394133651,88.6550276262918,6.27971607877395,0.126106773498987
94,1,BS1,Terrestrial,140.115630076679,110.479139090193,28.857321335383,88.0184856695246,NaN,223.777328803537,1.27119506261295
94,2,BS2,Terrestrial,144.901135010249,99.2867279236521,40.0497325019237,244.268339300349,NaN,223.777328803537,0.916112703940661
94,3,BS1,Terrestrial,158.604085315624,110.273131598945,29.0633288266305,88.6459144827969,NaN,223.777328803537,1.2621976439025
94,4,SAT-1,Satellite,550052.290495253,153.319783919963,6.64510331762565,16.6014042820609,89.164883330008,6.27971607877395,0.126088049984214
94,5,SAT-1,Satellite,561746.224098178,153.502507608179,6.46237962940904,16.2700197975853,77.7575640381268,6.27971607877395,0.128656185976818
94,6,SAT-1,Satellite,550138.043265646,153.321137938587,6.643749299001,16.5989394133651,88.6550276262918,6.27971607877395,0.126106773498987
95,1,BS1,Terrestrial,140.115630076679,101.824214397777,37.512246027799,114.397067598441,NaN,223.777328803537,0.978072836574125
95,2,BS2,Terrestrial,144.901135010249,108.486925691678,30.8495347338983,188.174935613216,NaN,223.777328803537,1.18919838114625
95,3,BS1,Terrestrial,158.604085315624,118.773703340002,20.5627570855739,62.822579723676,NaN,223.777328803537,1.78102626307148
95,4,SAT-1,Satellite,550052.290495253,153.319783919963,6.64510331762565,16.6014042820609,89.164883330008,6.27971607877395,0.126088049984214
95,5,SAT-1,Satellite,561746.224098178,153.502507608179,6.46237962940904,16.2700197975853,77.7575640381268,6.27971607877395,0.128656185976818
95,6,SAT-1,Satellite,550138.043265646,153.321137938587,6.643749299001,16.5989394133651,88.6550276262918,6.27971607877395,0.126106773498987
96,1,BS1,Terrestrial,140.115630076679,94.2159797958981,45.1204806296778,137.59666623843,NaN,223.777328803537,0.813164064657542
96,2,BS2,Terrestrial,144.901135010249,86.9683811335655,52.3680792920103,319.396210301098,NaN,223.777328803537,0.700626123874732
96,3,BS1,Terrestrial,158.604085315624,104.062860601062,35.2735998245143,107.571832371388,NaN,223.777328803537,1.04012976199454
96,4,SAT-1,Satellite,550052.290495253,153.319783919963,6.64510331762565,16.6014042820609,89.164883330008,6.27971607877395,0.126088049984214
96,5,SAT-1,Satellite,561746.224098178,153.502507608179,6.46237962940904,16.2700197975853,77.7575640381268,6.27971607877395,0.128656185976818
96,6,SAT-1,Satellite,550138.043265646,153.321137938587,6.643749299001,16.5989394133651,88.6550276262918,6.27971607877395,0.126106773498987
97,1,BS2,Terrestrial,295.273297492253,117.149702948848,22.186757476728,67.7389877398208,NaN,223.777328803537,1.65176168311701
97,2,BS2,Terrestrial,144.901135010249,112.207376271403,27.1290841541729,82.7565822163858,NaN,223.777328803537,1.35202133057175
97,3,BS1,Terrestrial,158.604085315624,106.780159337567,32.5563010880085,198.577532432836,NaN,223.777328803537,1.1269015485386
97,4,SAT-1,Satellite,550052.290495253,153.319783919963,6.64510331762565,16.6014042820609,89.164883330008,6.27971607877395,0.126088049984214
97,5,SAT-1,Satellite,561746.224098178,153.502507608179,6.46237962940904,16.2700197975853,77.7575640381268,6.27971607877395,0.128656185976818
97,6,SAT-1,Satellite,550138.043265646,153.321137938587,6.643749299001,16.5989394133651,88.6550276262918,6.27971607877395,0.126106773498987
98,1,BS1,Terrestrial,140.115630076679,108.480496788478,30.8559636370979,94.1070568429755,NaN,223.777328803537,1.18895084125798
98,2,BS2,Terrestrial,144.901135010249,106.72543980362,32.611020621956,198.911086159038,NaN,223.777328803537,1.12501184888517
98,3,BS1,Terrestrial,158.604085315624,83.3475727442965,55.9888876812794,170.739825505223,NaN,223.777328803537,0.655316731586715
98,4,SAT-1,Satellite,550052.290495253,153.319783919963,6.64510331762565,16.6014042820609,89.164883330008,6.27971607877395,0.126088049984214
98,5,SAT-1,Satellite,561746.224098178,153.502507608179,6.46237962940904,16.2700197975853,77.7575640381268,6.27971607877395,0.128656185976818
98,6,SAT-1,Satellite,550138.043265646,153.321137938587,6.643749299001,16.5989394133651,88.6550276262918,6.27971607877395,0.126106773498987
99,1,BS1,Terrestrial,140.115630076679,107.985446423405,31.3510140021707,95.6155571171076,NaN,223.777328803537,1.17019309174479
99,2,BS2,Terrestrial,144.901135010249,100.377250371284,38.9592100542916,237.617924860676,NaN,223.777328803537,0.941752727344732
99,3,BS1,Terrestrial,158.604085315624,102.515491809649,36.8209686159272,112.289401533299,NaN,223.777328803537,0.996431211440634
99,4,SAT-1,Satellite,550052.290495253,153.319783919963,6.64510331762565,16.6014042820609,89.164883330008,6.27971607877395,0.126088049984214
99,5,SAT-1,Satellite,561746.224098178,153.502507608179,6.46237962940904,16.2700197975853,77.7575640381268,6.27971607877395,0.128656185976818
99,6,SAT-1,Satellite,550138.043265646,153.321137938587,6.643749299001,16.5989394133651,88.6550276262918,6.27971607877395,0.126106773498987
100,1,BS1,Terrestrial,140.115630076679,104.616209005099,34.7202514204764,70.5899426712473,NaN,223.777328803537,1.05670071559493
100,2,BS1,Terrestrial,565.377728999031,96.9578913718047,42.3785690537712,86.1569887778556,NaN,223.777328803537,0.865773560480847
100,3,BS1,Terrestrial,158.604085315624,87.6767773237544,51.6596831018215,105.025228883256,NaN,223.777328803537,0.710233566997774
100,4,SAT-1,Satellite,550052.290495253,153.319783919963,6.64510331762565,16.6014042820609,89.164883330008,6.27971607877395,0.126088049984214
100,5,SAT-1,Satellite,561746.224098178,153.502507608179,6.46237962940904,16.2700197975853,77.7575640381268,6.27971607877395,0.128656185976818
100,6,SAT-1,Satellite,550138.043265646,153.321137938587,6.643749299001,16.5989394133651,88.6550276262918,6.27971607877395,0.126106773498987
101,1,BS2,Terrestrial,295.273297492253,96.3675613089799,42.968899116596,131.035615063884,NaN,223.777328803537,0.853879797085849
101,2,BS2,Terrestrial,144.901135010249,99.6639154642431,39.6725449613327,120.984043719615,NaN,223.777328803537,0.924821662111697
101,3,BS1,Terrestrial,158.604085315624,106.444429229196,32.8920311963803,200.624077268793,NaN,223.777328803537,1.11540614591201
101,4,SAT-1,Satellite,550052.290495253,153.319783919963,6.64510331762565,16.6014042820609,89.164883330008,6.27971607877395,0.126088049984214
101,5,SAT-1,Satellite,561746.224098178,153.502507608179,6.46237962940904,16.2700197975853,77.7575640381268,6.27971607877395,0.128656185976818
101,6,SAT-1,Satellite,550138.043265646,153.321137938587,6.643749299001,16.5989394133651,88.6550276262918,6.27971607877395,0.126106773498987
102,1,BS1,Terrestrial,140.115630076679,111.421253998261,27.9152064273144,85.1496460112154,NaN,223.777328803537,1.31402383501431
102,2,BS2,Terrestrial,144.901135010249,84.1379133335422,55.1985470920337,336.6593296641,NaN,223.777328803537,0.664699620909987
102,3,BS1,Terrestrial,158.604085315624,110.305242811039,29.031217614537,88.5481121715945,NaN,223.777328803537,1.26359175433287
102,4,SAT-1,Satellite,550052.290495253,153.319783919963,6.64510331762565,16.6014042820609,89.164883330008,6.27971607877395,0.126088049984214
102,5,SAT-1,Satellite,561746.224098178,153.502507608179,6.46237962940904,16.2700197975853,77.7575640381268,6.27971607877395,0.128656185976818
102,6,SAT-1,Satellite,550138.043265646,153.321137938587,6.643749299001,16.5989394133651,88.6550276262918,6.27971607877395,0.126106773498987
103,1,BS1,Terrestrial,140.115630076679,99.7496206758491,39.5868397497267,120.722711566151,NaN,223.777328803537,0.926823651906283
103,2,BS2,Terrestrial,144.901135010249,118.302451726466,21.03400869911,64.2478109578026,NaN,223.777328803537,1.7415171464014
103,3,BS1,Terrestrial,158.604085315624,103.669514166889,35.6669462586873,108.771013706477,NaN,223.777328803537,1.0286625139277
103,4,BS2,Terrestrial,1289.96657807501,130.377689634566,8.9587707910095,28.9045728821932,NaN,223.777328803537,3.87096757519285
103,5,SAT-1,Satellite,561746.224098178,153.502507608179,6.46237962940904,24.4050296963779,77.7575640381268,6.27971607877395,0.128656185976818
103,6,SAT-1,Satellite,550138.043265646,153.321137938587,6.643749299001,24.8984091200477,88.6550276262918,6.27971607877395,0.126106773498987
104,1,BS1,Terrestrial,140.115630076679,81.5097275712631,57.8267328543127,176.34437797151,NaN,223.777328803537,0.634489546470517
104,2,BS2,Terrestrial,144.901135010249,116.975818773134,22.360641652442,136.532259292068,NaN,223.777328803537,1.63900700071794
104,3,BS1,Terrestrial,158.604085315624,112.219047786111,27.1174126394652,82.7210584782342,NaN,223.777328803537,1.35260194272308
104,4,SAT-1,Satellite,550052.290495253,153.319783919963,6.64510331762565,16.6014042820609,89.164883330008,6.27971607877395,0.126088049984214
104,5,SAT-1,Satellite,561746.224098178,153.502507608179,6.46237962940904,16.2700197975853,77.7575640381268,6.27971607877395,0.128656185976818
104,6,SAT-1,Satellite,550138.043265646,153.321137938587,6.643749299001,16.5989394133651,88.6550276262918,6.27971607877395,0.126106773498987
105,1,BS1,Terrestrial,140.115630076679,83.0260788913957,56.3103815341801,343.440456543603,NaN,223.777328803537,0.651575329987738
105,2,BS2,Terrestrial,144.901135010249,98.7930341089672,40.5434263166086,123.639563066591,NaN,223.777328803537,0.90495842614315
105,3,BS2,Terrestrial,577.769735954722,123.242141803422,16.0943186221539,49.4016968660349,NaN,223.777328803537,2.2648749233287
105,4,SAT-1,Satellite,550052.290495253,153.319783919963,6.64510331762565,16.6014042820609,89.164883330008,6.27971607877395,0.126088049984214
105,5,SAT-1,Satellite,561746.224098178,153.502507608179,6.46237962940904,16.2700197975853,77.7575640381268,6.27971607877395,0.128656185976818
105,6,SAT-1,Satellite,550138.043265646,153.321137938587,6.643749299001,16.5989394133651,88.6550276262918,6.27971607877395,0.126106773498987
106,1,BS1,Terrestrial,140.115630076679,91.5369684460688,47.799491979507,145.766204169756,NaN,223.777328803537,0.767589888472815
106,2,BS2,Terrestrial,144.901135010249,116.728113720773,22.6083467048029,138.034547922018,NaN,223.777328803537,1.62116899118589
106,3,BS1,Terrestrial,158.604085315624,118.444125573381,20.8923348521952,63.8192059860279,NaN,223.777328803537,1.75321304414638
106,4,SAT-1,Satellite,550052.290495253,153.319783919963,6.64510331762565,16.6014042820609,89.164883330008,6.27971607877395,0.126088049984214
106,5,SAT-1,Satellite,561746.224098178,153.502507608179,6.46237962940904,16.2700197975853,77.7575640381268,6.27971607877395,0.128656185976818
106,6,SAT-1,Satellite,550138.043265646,153.321137938587,6.643749299001,16.5989394133651,88.6550276262918,6.27971607877395,0.126106773498987
107,1,BS1,Terrestrial,140.115630076679,89.372974042549,49.9634863830269,152.365283742206,NaN,223.777328803537,0.734344869472225
107,2,BS2,Terrestrial,144.901135010249,101.687926803233,37.6485336223432,229.625216325925,NaN,223.777328803537,0.974532903589789
107,3,BS1,Terrestrial,158.604085315624,112.347584330671,26.9888760949044,82.3298535217603,NaN,223.777328803537,1.35902907166227
107,4,SAT-1,Satellite,550052.290495253,153.319783919963,6.64510331762565,16.6014042820609,89.164883330008,6.27971607877395,0.126088049984214
107,5,SAT-1,Satellite,561746.224098178,153.502507608179,6.46237962940904,16.2700197975853,77.7575640381268,6.27971607877395,0.128656185976818
107,6,SAT-1,Satellite,550138.043265646,153.321137938587,6.643749299001,16.5989394133651,88.6550276262918,6.27971607877395,0.126106773498987
108,1,BS1,Terrestrial,140.115630076679,99.6145261107435,39.7219343148324,121.134641887123,NaN,223.777328803537,0.923671896483835
108,2,BS2,Terrestrial,144.901135010249,99.0785565556008,40.2579038699751,245.537866413943,NaN,223.777328803537,0.911376041796665
108,3,BS1,Terrestrial,158.604085315624,104.406251297067,34.9302091285093,106.524975597279,NaN,223.777328803537,1.05035146710352
108,4,SAT-1,Satellite,550052.290495253,153.319783919963,6.64510331762565,16.6014042820609,89.164883330008,6.27971607877395,0.126088049984214
108,5,SAT-1,Satellite,561746.224098178,153.502507608179,6.46237962940904,16.2700197975853,77.7575640381268,6.27971607877395,0.128656185976818
108,6,SAT-1,Satellite,550138.043265646,153.321137938587,6.643749299001,16.5989394133651,88.6550276262918,6.27971607877395,0.126106773498987
109,1,BS1,Terrestrial,140.115630076679,108.148993231439,31.1874671941366,95.1171883148387,NaN,223.777328803537,1.1763243466724
109,2,BS2,Terrestrial,144.901135010249,113.77055542594,25.5659049996355,156.001414896277,NaN,223.777328803537,1.43445704612566
109,3,BS1,Terrestrial,158.604085315624,86.1530592686519,53.183401156924,162.184440489165,NaN,223.777328803537,0.689885318618119
109,4,SAT-1,Satellite,550052.290495253,153.319783919963,6.64510331762565,16.6014042820609,89.164883330008,6.27971607877395,0.126088049984214
109,5,SAT-1,Satellite,561746.224098178,153.502507608179,6.46237962940904,16.2700197975853,77.7575640381268,6.27971607877395,0.128656185976818
109,6,SAT-1,Satellite,550138.043265646,153.321137938587,6.643749299001,16.5989394133651,88.6550276262918,6.27971607877395,0.126106773498987
110,1,BS1,Terrestrial,140.115630076679,87.6745460891848,51.661914336391,157.544647495202,NaN,223.777328803537,0.710202892835037
110,2,BS2,Terrestrial,144.901135010249,110.360620962365,28.9758394632111,176.758894008249,NaN,223.777328803537,1.26600321901253
110,3,BS1,Terrestrial,158.604085315624,107.199390405858,32.1370700197182,98.011053117902,NaN,223.777328803537,1.14159230864679
110,4,SAT-1,Satellite,550052.290495253,153.319783919963,6.64510331762565,16.6014042820609,89.164883330008,6.27971607877395,0.126088049984214
110,5,SAT-1,Satellite,561746.224098178,153.502507608179,6.46237962940904,16.2700197975853,77.7575640381268,6.27971607877395,0.128656185976818
110,6,SAT-1,Satellite,550138.043265646,153.321137938587,6.643749299001,16.5989394133651,88.6550276262918,6.27971607877395,0.126106773498987
111,1,BS1,Terrestrial,140.115630076679,103.55284562251,35.7836148030658,109.126702749433,NaN,223.777328803537,1.02530967749184
111,2,BS2,Terrestrial,144.901135010249,85.3243818369006,54.0120785886753,329.423012233418,NaN,223.777328803537,0.679300839629796
111,3,BS1,Terrestrial,158.604085315624,105.324424417097,34.012036008479,103.725980738726,NaN,223.777328803537,1.07869468772345
111,4,SAT-1,Satellite,550052.290495253,153.319783919963,6.64510331762565,16.6014042820609,89.164883330008,6.27971607877395,0.126088049984214
111,5,SAT-1,Satellite,561746.224098178,153.502507608179,6.46237962940904,16.2700197975853,77.7575640381268,6.27971607877395,0.128656185976818
111,6,SAT-1,Satellite,550138.043265646,153.321137938587,6.643749299001,16.5989394133651,88.6550276262918,6.27971607877395,0.126106773498987
112,1,BS1,Terrestrial,140.115630076679,110.357847400418,28.9786130251575,176.775788747882,NaN,223.777328803537,1.26588222509752
112,2,BS2,Terrestrial,144.901135010249,90.2068526308079,49.129607794768,149.822374249494,NaN,223.777328803537,0.746808779144322
112,3,BS2,Terrestrial,577.769735954722,108.3113779622,31.0250824633757,94.6223747736221,NaN,223.777328803537,1.1824757587141
112,4,SAT-1,Satellite,550052.290495253,153.319783919963,6.64510331762565,16.6014042820609,89.164883330008,6.27971607877395,0.126088049984214
112,5,SAT-1,Satellite,561746.224098178,153.502507608179,6.46237962940904,16.2700197975853,77.7575640381268,6.27971607877395,0.128656185976818
112,6,SAT-1,Satellite,550138.043265646,153.321137938587,6.643749299001,16.5989394133651,88.6550276262918,6.27971607877395,0.126106773498987
113,1,BS1,Terrestrial,140.115630076679,104.039741693227,35.2967187323484,107.642313302567,NaN,223.777328803537,1.03944871648444
113,2,BS2,Terrestrial,144.901135010249,107.231388941337,32.1050714842392,195.827064928278,NaN,223.777328803537,1.14272932030869
113,3,BS1,Terrestrial,158.604085315624,115.718951682988,23.6175087425881,72.0797557169781,NaN,223.777328803537,1.55228972807706
113,4,SAT-1,Satellite,550052.290495253,153.319783919963,6.64510331762565,16.6014042820609,89.164883330008,6.27971607877395,0.126088049984214
113,5,SAT-1,Satellite,561746.224098178,153.502507608179,6.46237962940904,16.2700197975853,77.7575640381268,6.27971607877395,0.128656185976818
113,6,SAT-1,Satellite,550138.043265646,153.321137938587,6.643749299001,16.5989394133651,88.6550276262918,6.27971607877395,0.126106773498987
114,1,BS1,Terrestrial,140.115630076679,92.4007222625197,46.9357381630561,143.132209370759,NaN,223.777328803537,0.78171548454157
114,2,BS2,Terrestrial,144.901135010249,86.7204390366673,52.6160213889086,320.908415501705,NaN,223.777328803537,0.697324588554919
114,3,BS1,Terrestrial,158.604085315624,104.777275347087,34.5591850784891,105.393906076705,NaN,223.777328803537,1.06162366086267
114,4,SAT-1,Satellite,550052.290495253,153.319783919963,6.64510331762565,16.6014042820609,89.164883330008,6.27971607877395,0.126088049984214
114,5,SAT-1,Satellite,561746.224098178,153.502507608179,6.46237962940904,16.2700197975853,77.7575640381268,6.27971607877395,0.128656185976818
114,6,SAT-1,Satellite,550138.043265646,153.321137938587,6.643749299001,16.5989394133651,88.6550276262918,6.27971607877395,0.126106773498987
115,1,BS1,Terrestrial,140.115630076679,88.2463869666351,51.0900734589407,155.800814301433,NaN,223.777328803537,0.718151987224495
115,2,BS2,Terrestrial,144.901135010249,109.332967115287,30.0034933102891,183.019558745143,NaN,223.777328803537,1.22269625354714
115,3,BS1,Terrestrial,158.604085315624,111.249285150121,28.0871752754545,85.673240503294,NaN,223.777328803537,1.30599314026725
115,4,SAT-1,Satellite,550052.290495253,153.319783919963,6.64510331762565,16.6014042820609,89.164883330008,6.27971607877395,0.126088049984214
115,5,SAT-1,Satellite,561746.224098178,153.502507608179,6.46237962940904,16.2700197975853,77.7575640381268,6.27971607877395,0.128656185976818
115,6,SAT-1,Satellite,550138.043265646,153.321137938587,6.643749299001,16.5989394133651,88.6550276262918,6.27971607877395,0.126106773498987
116,1,BS1,Terrestrial,140.115630076679,102.044750998742,37.2917094268338,113.724656935715,NaN,223.777328803537,0.98385580943116
116,2,BS2,Terrestrial,144.901135010249,86.2871621006115,53.0492983249644,323.550983753416,NaN,223.777328803537,0.691629264135021
116,3,BS1,Terrestrial,158.604085315624,122.228213974832,17.1082464507441,52.4273810397625,NaN,223.777328803537,2.13416467087892
116,4,SAT-1,Satellite,550052.290495253,153.319783919963,6.64510331762565,16.6014042820609,89.164883330008,6.27971607877395,0.126088049984214
116,5,SAT-1,Satellite,561746.224098178,153.502507608179,6.46237962940904,16.2700197975853,77.7575640381268,6.27971607877395,0.128656185976818
116,6,SAT-1,Satellite,550138.043265646,153.321137938587,6.643749299001,16.5989394133651,88.6550276262918,6.27971607877395,0.126106773498987
117,1,BS1,Terrestrial,140.115630076679,106.984595342548,32.3518650830278,98.6656866281991,NaN,223.777328803537,1.13401799780097
117,2,BS2,Terrestrial,144.901135010249,90.4483621751933,48.8880982503826,298.171785809629,NaN,223.777328803537,0.750497999654502
117,3,BS1,Terrestrial,158.604085315624,82.1826942068146,57.1537662187613,174.29214969468,NaN,223.777328803537,0.641960435956364
117,4,SAT-1,Satellite,550052.290495253,153.319783919963,6.64510331762565,16.6014042820609,89.164883330008,6.27971607877395,0.126088049984214
117,5,SAT-1,Satellite,561746.224098178,153.502507608179,6.46237962940904,16.2700197975853,77.7575640381268,6.27971607877395,0.128656185976818
117,6,SAT-1,Satellite,550138.043265646,153.321137938587,6.643749299001,16.5989394133651,88.6550276262918,6.27971607877395,0.126106773498987
118,1,BS2,Terrestrial,295.273297492253,97.5909327036314,41.7455277219445,127.305124815689,NaN,223.777328803537,0.878901494058153
118,2,BS2,Terrestrial,144.901135010249,86.6407659450274,52.6956944805485,160.697171915149,NaN,223.777328803537,0.696270276995588
118,3,BS1,Terrestrial,158.604085315624,117.20551244579,22.1309479797862,135.139648055289,NaN,223.777328803537,1.65589693345941
118,4,SAT-1,Satellite,550052.290495253,153.319783919963,6.64510331762565,16.6014042820609,89.164883330008,6.27971607877395,0.126088049984214
118,5,SAT-1,Satellite,561746.224098178,153.502507608179,6.46237962940904,16.2700197975853,77.7575640381268,6.27971607877395,0.128656185976818
118,6,SAT-1,Satellite,550138.043265646,153.321137938587,6.643749299001,16.5989394133651,88.6550276262918,6.27971607877395,0.126106773498987
119,1,BS1,Terrestrial,140.115630076679,108.241107503026,31.0953529225499,94.8364989017548,NaN,223.777328803537,1.17980593650635
119,2,BS2,Terrestrial,144.901135010249,85.5452116344892,53.7912487910867,328.076163537351,NaN,223.777328803537,0.682089568442728
119,3,BS1,Terrestrial,158.604085315624,104.877036001185,34.4594244243912,105.089790645757,NaN,223.777328803537,1.06469585403334
119,4,SAT-1,Satellite,550052.290495253,153.319783919963,6.64510331762565,16.6014042820609,89.164883330008,6.27971607877395,0.126088049984214
119,5,SAT-1,Satellite,561746.224098178,153.502507608179,6.46237962940904,16.2700197975853,77.7575640381268,6.27971607877395,0.128656185976818
119,6,SAT-1,Satellite,550138.043265646,153.321137938587,6.643749299001,16.5989394133651,88.6550276262918,6.27971607877395,0.126106773498987
120,1,BS1,Terrestrial,140.115630076679,108.915098885759,30.4213615398169,92.7828682876014,NaN,223.777328803537,1.2059194382194
120,2,BS2,Terrestrial,144.901135010249,118.880089825512,20.4563706000643,125.002021396512,NaN,223.777328803537,1.79018968096288
120,3,BS1,Terrestrial,158.604085315624,104.966592933132,34.3698674924435,104.81678288703,NaN,223.777328803537,1.06746898082495
120,4,SAT-1,Satellite,550052.290495253,153.319783919963,6.64510331762565,16.6014042820609,89.164883330008,6.27971607877395,0.126088049984214
120,5,SAT-1,Satellite,561746.224098178,153.502507608179,6.46237962940904,16.2700197975853,77.7575640381268,6.27971607877395,0.128656185976818
120,6,SAT-1,Satellite,550138.043265646,153.321137938587,6.643749299001,16.5989394133651,88.6550276262918,6.27971607877395,0.126106773498987
121,1,BS1,Terrestrial,140.115630076679,78.1229205961626,61.2135398294132,186.672535586873,NaN,223.777328803537,0.59938471425379
121,2,BS2,Terrestrial,144.901135010249,114.483297745224,24.8531626803514,151.66743103315,NaN,223.777328803537,1.47544747925892
121,3,BS1,Terrestrial,158.604085315624,122.240560846682,17.0958995788942,52.390448664268,NaN,223.777328803537,2.1356691392124
121,4,SAT-1,Satellite,550052.290495253,153.319783919963,6.64510331762565,16.6014042820609,89.164883330008,6.27971607877395,0.126088049984214
121,5,SAT-1,Satellite,561746.224098178,153.502507608179,6.46237962940904,16.2700197975853,77.7575640381268,6.27971607877395,0.128656185976818
121,6,SAT-1,Satellite,550138.043265646,153.321137938587,6.643749299001,16.5989394133651,88.6550276262918,6.27971607877395,0.126106773498987
122,1,BS1,Terrestrial,140.115630076679,88.5440155646131,50.7924448609628,154.893194274775,NaN,223.777328803537,0.722360107076635
122,2,BS2,Terrestrial,144.901135010249,105.121862714461,34.2145977111145,208.686918425506,NaN,223.777328803537,1.07231124256319
122,3,BS1,Terrestrial,158.604085315624,116.41590477531,22.9205556502663,69.9643522471508,NaN,223.777328803537,1.59922390200254
122,4,SAT-1,Satellite,550052.290495253,153.319783919963,6.64510331762565,16.6014042820609,89.164883330008,6.27971607877395,0.126088049984214
122,5,SAT-1,Satellite,561746.224098178,153.502507608179,6.46237962940904,16.2700197975853,77.7575640381268,6.27971607877395,0.128656185976818
122,6,SAT-1,Satellite,550138.043265646,153.321137938587,6.643749299001,16.5989394133651,88.6550276262918,6.27971607877395,0.126106773498987
123,1,BS1,Terrestrial,140.115630076679,104.676982562512,34.6594778630636,105.699646144996,NaN,223.777328803537,1.05855287583728
123,2,BS2,Terrestrial,144.901135010249,112.605571733725,26.7308886918504,163.08946265166,NaN,223.777328803537,1.37211396227051
123,3,BS1,Terrestrial,158.604085315624,108.640262414872,30.6961980107041,93.6202539378845,NaN,223.777328803537,1.19513310096344
123,4,SAT-1,Satellite,550052.290495253,153.319783919963,6.64510331762565,16.6014042820609,89.164883330008,6.27971607877395,0.126088049984214
123,5,SAT-1,Satellite,561746.224098178,153.502507608179,6.46237962940904,16.2700197975853,77.7575640381268,6.27971607877395,0.128656185976818
123,6,SAT-1,Satellite,550138.043265646,153.321137938587,6.643749299001,16.5989394133651,88.6550276262918,6.27971607877395,0.126106773498987
124,1,BS1,Terrestrial,140.115630076679,92.8776613864333,46.4587990391426,141.677800338366,NaN,223.777328803537,0.789740270773172
124,2,BS2,Terrestrial,144.901135010249,107.102848765136,32.2336116604401,196.610563706469,NaN,223.777328803537,1.13817551094369
124,3,BS1,Terrestrial,158.604085315624,118.458194813737,20.878265611839,63.7766485087569,NaN,223.777328803537,1.75438294450994
124,4,SAT-1,Satellite,550052.290495253,153.319783919963,6.64510331762565,16.6014042820609,89.164883330008,6.27971607877395,0.126088049984214
124,5,SAT-1,Satellite,561746.224098178,153.502507608179,6.46237962940904,16.2700197975853,77.7575640381268,6.27971607877395,0.128656185976818
124,6,SAT-1,Satellite,550138.043265646,153.321137938587,6.643749299001,16.5989394133651,88.6550276262918,6.27971607877395,0.126106773498987
125,1,BS1,Terrestrial,140.115630076679,103.023036960491,36.3134234650847,110.741968676267,NaN,223.777328803537,1.01035466263792
125,2,BS2,Terrestrial,144.901135010249,108.484597757582,30.8518626679937,188.189122159991,NaN,223.777328803537,1.18910873399627
125,3,BS1,Terrestrial,158.604085315624,110.292377031193,29.0440833943825,88.5872978470582,NaN,223.777328803537,1.26303281758226
125,4,SAT-1,Satellite,550052.290495253,153.319783919963,6.64510331762565,16.6014042820609,89.164883330008,6.27971607877395,0.126088049984214
125,5,SAT-1,Satellite,561746.224098178,153.502507608179,6.46237962940904,16.2700197975853,77.7575640381268,6.27971607877395,0.128656185976818
125,6,SAT-1,Satellite,550138.043265646,153.321137938587,6.643749299001,16.5989394133651,88.6550276262918,6.27971607877395,0.126106773498987
126,1,BS1,Terrestrial,140.115630076679,83.0956251045408,56.2408353210351,171.508145509024,NaN,223.777328803537,0.652381052046778
126,2,BS2,Terrestrial,144.901135010249,101.022205889675,38.3142545359005,233.68484130693,NaN,223.777328803537,0.957603101476405
126,3,BS1,Terrestrial,158.604085315624,110.466451128688,28.8700092968876,88.057127789716,NaN,223.777328803537,1.27063722392767
126,4,SAT-1,Satellite,550052.290495253,153.319783919963,6.64510331762565,16.6014042820609,89.164883330008,6.27971607877395,0.126088049984214
126,5,SAT-1,Satellite,561746.224098178,153.502507608179,6.46237962940904,16.2700197975853,77.7575640381268,6.27971607877395,0.128656185976818
126,6,SAT-1,Satellite,550138.043265646,153.321137938587,6.643749299001,16.5989394133651,88.6550276262918,6.27971607877395,0.126106773498987
127,1,BS1,Terrestrial,140.115630076679,98.867603373816,40.4688570517598,123.41218209398,NaN,223.777328803537,0.90662576824518
127,2,BS2,Terrestrial,144.901135010249,112.327772061384,27.0086883641923,164.780302574885,NaN,223.777328803537,1.35803445743669
127,3,BS1,Terrestrial,158.604085315624,109.829474919347,29.5069855062288,89.9972650078249,NaN,223.777328803537,1.2432451629729
127,4,SAT-1,Satellite,550052.290495253,153.319783919963,6.64510331762565,16.6014042820609,89.164883330008,6.27971607877395,0.126088049984214
127,5,SAT-1,Satellite,561746.224098178,153.502507608179,6.46237962940904,16.2700197975853,77.7575640381268,6.27971607877395,0.128656185976818
127,6,SAT-1,Satellite,550138.043265646,153.321137938587,6.643749299001,16.5989394133651,88.6550276262918,6.27971607877395,0.126106773498987
128,1,BS1,Terrestrial,140.115630076679,101.738804503189,37.597655922387,114.6574819061,NaN,223.777328803537,0.975851401423602
128,2,BS2,Terrestrial,144.901135010249,110.914714048796,28.4217463767803,173.384003986204,NaN,223.777328803537,1.29064575542587
128,3,BS1,Terrestrial,158.604085315624,100.896214717339,38.4402457082367,117.226578690794,NaN,223.777328803537,0.954464982697266
128,4,SAT-1,Satellite,550052.290495253,153.319783919963,6.64510331762565,16.6014042820609,89.164883330008,6.27971607877395,0.126088049984214
128,5,SAT-1,Satellite,561746.224098178,153.502507608179,6.46237962940904,16.2700197975853,77.7575640381268,6.27971607877395,0.128656185976818
128,6,SAT-1,Satellite,550138.043265646,153.321137938587,6.643749299001,16.5989394133651,88.6550276262918,6.27971607877395,0.126106773498987
129,1,BS1,Terrestrial,140.115630076679,103.40860615298,35.9278542725958,109.566451141702,NaN,223.777328803537,1.0211945649044
129,2,BS2,Terrestrial,144.901135010249,101.261739092487,38.0747213330888,232.224135330878,NaN,223.777328803537,0.9636264916422
129,3,BS1,Terrestrial,158.604085315624,81.4195108640879,57.916949561488,176.61949607664,NaN,223.777328803537,0.633501209590233
129,4,SAT-1,Satellite,550052.290495253,153.319783919963,6.64510331762565,16.6014042820609,89.164883330008,6.27971607877395,0.126088049984214
129,5,SAT-1,Satellite,561746.224098178,153.502507608179,6.46237962940904,16.2700197975853,77.7575640381268,6.27971607877395,0.128656185976818
129,6,SAT-1,Satellite,550138.043265646,153.321137938587,6.643749299001,16.5989394133651,88.6550276262918,6.27971607877395,0.126106773498987
130,1,BS1,Terrestrial,140.115630076679,84.2466612084245,55.0897992171513,167.998035940614,NaN,223.777328803537,0.666011741002262
130,2,BS2,Terrestrial,144.901135010249,97.0737886200825,42.2626718054933,257.764143489442,NaN,223.777328803537,0.8681476243134
130,3,BS1,Terrestrial,158.604085315624,114.922411459072,24.4140489665043,74.4992185449524,NaN,223.777328803537,1.50187702082077
130,4,SAT-1,Satellite,550052.290495253,153.319783919963,6.64510331762565,16.6014042820609,89.164883330008,6.27971607877395,0.126088049984214
130,5,SAT-1,Satellite,561746.224098178,153.502507608179,6.46237962940904,16.2700197975853,77.7575640381268,6.27971607877395,0.128656185976818
130,6,SAT-1,Satellite,550138.043265646,153.321137938587,6.643749299001,16.5989394133651,88.6550276262918,6.27971607877395,0.126106773498987
131,1,BS1,Terrestrial,140.115630076679,112.90019406793,26.4362663576461,80.648240795646,NaN,223.777328803537,1.38736646079215
131,2,BS2,Terrestrial,144.901135010249,106.444601325031,32.8918591005449,200.623028185004,NaN,223.777328803537,1.11541197851516
131,3,BS1,Terrestrial,158.604085315624,117.824688398434,21.5117720271414,65.6939715296804,NaN,223.777328803537,1.70318009090404
131,4,SAT-1,Satellite,550052.290495253,153.319783919963,6.64510331762565,16.6014042820609,89.164883330008,6.27971607877395,0.126088049984214
131,5,SAT-1,Satellite,561746.224098178,153.502507608179,6.46237962940904,16.2700197975853,77.7575640381268,6.27971607877395,0.128656185976818
131,6,SAT-1,Satellite,550138.043265646,153.321137938587,6.643749299001,16.5989394133651,88.6550276262918,6.27971607877395,0.126106773498987
132,1,BS1,Terrestrial,140.115630076679,106.251419946032,33.0850404795439,100.900330583911,NaN,223.777328803537,1.10890285249085
132,2,BS2,Terrestrial,144.901135010249,104.334560899161,35.001899526415,213.487055920667,NaN,223.777328803537,1.04820092177717
132,3,BS1,Terrestrial,158.604085315624,115.366742181922,23.9697182436541,73.149362514924,NaN,223.777328803537,1.52959179075472
132,4,SAT-1,Satellite,550052.290495253,153.319783919963,6.64510331762565,16.6014042820609,89.164883330008,6.27971607877395,0.126088049984214
132,5,SAT-1,Satellite,561746.224098178,153.502507608179,6.46237962940904,16.2700197975853,77.7575640381268,6.27971607877395,0.128656185976818
132,6,SAT-1,Satellite,550138.043265646,153.321137938587,6.643749299001,16.5989394133651,88.6550276262918,6.27971607877395,0.126106773498987
133,1,BS1,Terrestrial,140.115630076679,96.0371265086463,43.2993339169296,132.043236920777,NaN,223.777328803537,0.847363840897806
133,2,BS2,Terrestrial,144.901135010249,84.7690053743841,54.5674550511918,332.810273967859,NaN,223.777328803537,0.672387081491205
133,3,BS1,Terrestrial,158.604085315624,120.922450161104,18.4140102644714,56.3435316104341,NaN,223.777328803537,1.98582980519184
133,4,SAT-1,Satellite,550052.290495253,153.319783919963,6.64510331762565,16.6014042820609,89.164883330008,6.27971607877395,0.126088049984214
133,5,SAT-1,Satellite,561746.224098178,153.502507608179,6.46237962940904,16.2700197975853,77.7575640381268,6.27971607877395,0.128656185976818
133,6,SAT-1,Satellite,550138.043265646,153.321137938587,6.643749299001,16.5989394133651,88.6550276262918,6.27971607877395,0.126106773498987
134,1,BS1,Terrestrial,140.115630076679,107.202834620556,32.1336258050203,98.0005563017041,NaN,223.777328803537,1.14171458432653
134,2,BS2,Terrestrial,144.901135010249,112.239488703422,27.0969717221544,165.317688790055,NaN,223.777328803537,1.35361999336758
134,3,BS1,Terrestrial,158.604085315624,83.6752091197215,55.6612513058544,169.740691165671,NaN,223.777328803537,0.659174082734012
134,4,SAT-1,Satellite,550052.290495253,153.319783919963,6.64510331762565,16.6014042820609,89.164883330008,6.27971607877395,0.126088049984214
134,5,SAT-1,Satellite,561746.224098178,153.502507608179,6.46237962940904,16.2700197975853,77.7575640381268,6.27971607877395,0.128656185976818
134,6,SAT-1,Satellite,550138.043265646,153.321137938587,6.643749299001,16.5989394133651,88.6550276262918,6.27971607877395,0.126106773498987
135,1,BS1,Terrestrial,140.115630076679,106.462897888327,32.8735625372489,100.255746888949,NaN,223.777328803537,1.11603242580901
135,2,BS2,Terrestrial,144.901135010249,117.999893912408,21.3365665131681,130.326997845533,NaN,223.777328803537,1.71704506742927
135,3,BS1,Terrestrial,158.604085315624,94.5638176668594,44.7726427587164,136.535958185779,NaN,223.777328803537,0.819481299201244
135,4,SAT-1,Satellite,550052.290495253,153.319783919963,6.64510331762565,16.6014042820609,89.164883330008,6.27971607877395,0.126088049984214
135,5,SAT-1,Satellite,561746.224098178,153.502507608179,6.46237962940904,16.2700197975853,77.7575640381268,6.27971607877395,0.128656185976818
135,6,SAT-1,Satellite,550138.043265646,153.321137938587,6.643749299001,16.5989394133651,88.6550276262918,6.27971607877395,0.126106773498987
136,1,BS1,Terrestrial,140.115630076679,82.7542702233628,56.5821902022131,172.549115077764,NaN,223.777328803537,0.648445309912733
136,2,BS2,Terrestrial,144.901135010249,108.742874123734,30.5935863018415,186.615211930526,NaN,223.777328803537,1.19913766133302
136,3,BS1,Terrestrial,158.604085315624,103.556391289174,35.7800691364019,109.115892987773,NaN,223.777328803537,1.02541125163414
136,4,SAT-1,Satellite,550052.290495253,153.319783919963,6.64510331762565,16.6014042820609,89.164883330008,6.27971607877395,0.126088049984214
136,5,SAT-1,Satellite,561746.224098178,153.502507608179,6.46237962940904,16.2700197975853,77.7575640381268,6.27971607877395,0.128656185976818
136,6,SAT-1,Satellite,550138.043265646,153.321137938587,6.643749299001,16.5989394133651,88.6550276262918,6.27971607877395,0.126106773498987
137,1,BS1,Terrestrial,140.115630076679,102.535642833332,36.8008175922434,112.227963186369,NaN,223.777328803537,0.99697670014703
137,2,BS2,Terrestrial,144.901135010249,101.867132572415,37.4693278531605,228.532421314498,NaN,223.777328803537,0.979192919395812
137,3,BS1,Terrestrial,158.604085315624,106.081130761018,33.2553296645583,101.419382399545,NaN,223.777328803537,1.10322762527758
137,4,SAT-1,Satellite,550052.290495253,153.319783919963,6.64510331762565,16.6014042820609,89.164883330008,6.27971607877395,0.126088049984214
137,5,SAT-1,Satellite,561746.224098178,153.502507608179,6.46237962940904,16.2700197975853,77.7575640381268,6.27971607877395,0.128656185976818
137,6,SAT-1,Satellite,550138.043265646,153.321137938587,6.643749299001,16.5989394133651,88.6550276262918,6.27971607877395,0.126106773498987
138,1,BS1,Terrestrial,140.115630076679,111.168054454698,28.168405970878,85.9205753068898,NaN,223.777328803537,1.3022336501138
138,2,BS2,Terrestrial,144.901135010249,98.666403965202,40.6700564603739,248.051383816676,NaN,223.777328803537,0.902141021591402
138,3,BS1,Terrestrial,158.604085315624,110.945903818517,28.3905566070593,86.5970249445041,NaN,223.777328803537,1.29206129741146
138,4,SAT-1,Satellite,550052.290495253,153.319783919963,6.64510331762565,16.6014042820609,89.164883330008,6.27971607877395,0.126088049984214
138,5,SAT-1,Satellite,561746.224098178,153.502507608179,6.46237962940904,16.2700197975853,77.7575640381268,6.27971607877395,0.128656185976818
138,6,SAT-1,Satellite,550138.043265646,153.321137938587,6.643749299001,16.5989394133651,88.6550276262918,6.27971607877395,0.126106773498987
139,1,BS1,Terrestrial,140.115630076679,111.07235118585,28.2641092397257,86.2119858669219,NaN,223.777328803537,1.29783188818411
139,2,BS2,Terrestrial,144.901135010249,105.438451783862,33.8980086417135,103.378390686631,NaN,223.777328803537,1.08232159214912
139,3,BS1,Terrestrial,158.604085315624,108.156509314753,31.1799511108228,95.0942852324178,NaN,223.777328803537,1.17660765973795
139,4,BS2,Terrestrial,1289.96657807501,110.640577009186,28.6958834163901,87.5268275641165,NaN,223.777328803537,1.27833565451468
139,5,SAT-1,Satellite,561746.224098178,153.502507608179,6.46237962940904,24.4050296963779,77.7575640381268,6.27971607877395,0.128656185976818
139,6,SAT-1,Satellite,550138.043265646,153.321137938587,6.643749299001,24.8984091200477,88.6550276262918,6.27971607877395,0.126106773498987
140,1,BS2,Terrestrial,295.273297492253,90.6609743841662,48.6754860414096,148.437534180875,NaN,223.777328803537,0.753776091870603
140,2,BS2,Terrestrial,144.901135010249,87.5312658538425,51.8051945717334,157.981581938574,NaN,223.777328803537,0.708238663196022
140,3,BS1,Terrestrial,158.604085315624,114.534089975161,24.8023704504151,151.358662095893,NaN,223.777328803537,1.47845736547119
140,4,SAT-1,Satellite,550052.290495253,153.319783919963,6.64510331762565,16.6014042820609,89.164883330008,6.27971607877395,0.126088049984214
140,5,SAT-1,Satellite,561746.224098178,153.502507608179,6.46237962940904,16.2700197975853,77.7575640381268,6.27971607877395,0.128656185976818
140,6,SAT-1,Satellite,550138.043265646,153.321137938587,6.643749299001,16.5989394133651,88.6550276262918,6.27971607877395,0.126106773498987
141,1,BS2,Terrestrial,295.273297492253,91.728968234148,47.6074921914279,96.787136662495,NaN,223.777328803537,0.770685501262659
141,2,BS2,Terrestrial,144.901135010249,89.9920902912434,49.3443701343325,100.318193758074,NaN,223.777328803537,0.743558472697371
141,3,BS2,Terrestrial,577.769735954722,101.456775885595,37.8796845399804,77.0115945794971,NaN,223.777328803537,0.968587176279185
141,4,SAT-1,Satellite,550052.290495253,153.319783919963,6.64510331762565,16.6014042820609,89.164883330008,6.27971607877395,0.126088049984214
141,5,SAT-1,Satellite,561746.224098178,153.502507608179,6.46237962940904,16.2700197975853,77.7575640381268,6.27971607877395,0.128656185976818
141,6,SAT-1,Satellite,550138.043265646,153.321137938587,6.643749299001,16.5989394133651,88.6550276262918,6.27971607877395,0.126106773498987
142,1,BS1,Terrestrial,140.115630076679,108.864632071138,30.4718283544382,92.9366296160578,NaN,223.777328803537,1.20392427468056
142,2,BS2,Terrestrial,144.901135010249,107.887239826565,31.4492205990112,191.829648561691,NaN,223.777328803537,1.16654193176803
142,3,BS1,Terrestrial,158.604085315624,116.887515192875,22.4489452327005,68.5338750219192,NaN,223.777328803537,1.63260379434234
142,4,SAT-1,Satellite,550052.290495253,153.319783919963,6.64510331762565,16.6014042820609,89.164883330008,6.27971607877395,0.126088049984214
142,5,SAT-1,Satellite,561746.224098178,153.502507608179,6.46237962940904,16.2700197975853,77.7575640381268,6.27971607877395,0.128656185976818
142,6,SAT-1,Satellite,550138.043265646,153.321137938587,6.643749299001,16.5989394133651,88.6550276262918,6.27971607877395,0.126106773498987
143,1,BS1,Terrestrial,140.115630076679,103.333561693469,36.002898732107,109.795243540872,NaN,223.777328803537,1.01906658971176
143,2,BS2,Terrestrial,144.901135010249,79.0121292852225,60.3243311403534,367.921738593719,NaN,223.777328803537,0.608219915623538
143,3,BS1,Terrestrial,158.604085315624,102.539894956445,36.7965654691308,112.214998918847,NaN,223.777328803537,0.997091881475538
143,4,SAT-1,Satellite,550052.290495253,153.319783919963,6.64510331762565,16.6014042820609,89.164883330008,6.27971607877395,0.126088049984214
143,5,SAT-1,Satellite,561746.224098178,153.502507608179,6.46237962940904,16.2700197975853,77.7575640381268,6.27971607877395,0.128656185976818
143,6,SAT-1,Satellite,550138.043265646,153.321137938587,6.643749299001,16.5989394133651,88.6550276262918,6.27971607877395,0.126106773498987
144,1,BS1,Terrestrial,140.115630076679,87.821561938069,51.5148984875069,157.09632136496,NaN,223.777328803537,0.712229690864836
144,2,BS2,Terrestrial,144.901135010249,114.972919104046,24.3635413215297,148.691505221039,NaN,223.777328803537,1.5049772242932
144,3,BS1,Terrestrial,158.604085315624,105.81428087743,33.5221795481458,102.232776307384,NaN,223.777328803537,1.09445002320344
144,4,SAT-1,Satellite,550052.290495253,153.319783919963,6.64510331762565,16.6014042820609,89.164883330008,6.27971607877395,0.126088049984214
144,5,SAT-1,Satellite,561746.224098178,153.502507608179,6.46237962940904,16.2700197975853,77.7575640381268,6.27971607877395,0.128656185976818
144,6,SAT-1,Satellite,550138.043265646,153.321137938587,6.643749299001,16.5989394133651,88.6550276262918,6.27971607877395,0.126106773498987
145,1,BS1,Terrestrial,140.115630076679,101.251506743666,38.08495368191,116.143266665409,NaN,223.777328803537,0.963367637351745
145,2,BS2,Terrestrial,144.901135010249,108.835160756832,30.5012996687435,186.052845992699,NaN,223.777328803537,1.20276219162119
145,3,BS1,Terrestrial,158.604085315624,111.644703849102,27.6917565764738,84.4693572072896,NaN,223.777328803537,1.32460655675633
145,4,SAT-1,Satellite,550052.290495253,153.319783919963,6.64510331762565,16.6014042820609,89.164883330008,6.27971607877395,0.126088049984214
145,5,SAT-1,Satellite,561746.224098178,153.502507608179,6.46237962940904,16.2700197975853,77.7575640381268,6.27971607877395,0.128656185976818
145,6,SAT-1,Satellite,550138.043265646,153.321137938587,6.643749299001,16.5989394133651,88.6550276262918,6.27971607877395,0.126106773498987
146,1,BS1,Terrestrial,140.115630076679,111.094756031109,28.2417043944671,86.1437636277201,NaN,223.777328803537,1.29885971647707
146,2,BS2,Terrestrial,144.901135010249,95.1875967989465,44.1488636266294,269.267586354486,NaN,223.777328803537,0.831059288766151
146,3,BS1,Terrestrial,158.604085315624,114.54627776203,24.7901826635462,75.6422867966617,NaN,223.777328803537,1.47918140950105
146,4,SAT-1,Satellite,550052.290495253,153.319783919963,6.64510331762565,16.6014042820609,89.164883330008,6.27971607877395,0.126088049984214
146,5,SAT-1,Satellite,561746.224098178,153.502507608179,6.46237962940904,16.2700197975853,77.7575640381268,6.27971607877395,0.128656185976818
146,6,SAT-1,Satellite,550138.043265646,153.321137938587,6.643749299001,16.5989394133651,88.6550276262918,6.27971607877395,0.126106773498987
147,1,BS2,Terrestrial,295.273297492253,96.4139996100377,42.9224608155381,87.2626715057569,NaN,223.777328803537,0.854803567749944
147,2,BS2,Terrestrial,144.901135010249,104.274096737843,35.0623636877332,71.2852382485247,NaN,223.777328803537,1.0463939627228
147,3,BS1,Terrestrial,158.604085315624,112.045164179912,27.2912962456634,166.500628435753,NaN,223.777328803537,1.34400290801236
147,4,BS2,Terrestrial,1289.96657807501,116.108319443292,23.2281409822835,47.2651622375941,NaN,223.777328803537,1.57816961591179
147,5,SAT-1,Satellite,561746.224098178,153.502507608179,6.46237962940904,24.4050296963779,77.7575640381268,6.27971607877395,0.128656185976818
147,6,SAT-1,Satellite,550138.043265646,153.321137938587,6.643749299001,24.8984091200477,88.6550276262918,6.27971607877395,0.126106773498987
148,1,BS1,Terrestrial,140.115630076679,100.54069065888,38.7957697666955,118.3106109091,NaN,223.777328803537,0.945719606567954
148,2,BS2,Terrestrial,144.901135010249,122.347200639231,16.9892597863451,104.143096777348,NaN,223.777328803537,2.14874855586406
148,3,BS1,Terrestrial,158.604085315624,116.689689766334,22.6467706592423,69.1338125840705,NaN,223.777328803537,1.6184361923582
148,4,SAT-1,Satellite,550052.290495253,153.319783919963,6.64510331762565,16.6014042820609,89.164883330008,6.27971607877395,0.126088049984214
148,5,SAT-1,Satellite,561746.224098178,153.502507608179,6.46237962940904,16.2700197975853,77.7575640381268,6.27971607877395,0.128656185976818
148,6,SAT-1,Satellite,550138.043265646,153.321137938587,6.643749299001,16.5989394133651,88.6550276262918,6.27971607877395,0.126106773498987
149,1,BS1,Terrestrial,140.115630076679,120.021801619022,19.3146588065542,59.0548087979919,NaN,223.777328803537,1.8946579741627
149,2,BS2,Terrestrial,144.901135010249,108.56847518668,30.7679852388958,187.677972880401,NaN,223.777328803537,1.19234732435085
149,3,BS1,Terrestrial,158.604085315624,104.450463770419,34.8859966551565,106.390191867857,NaN,223.777328803537,1.05168213758596
149,4,SAT-1,Satellite,550052.290495253,153.319783919963,6.64510331762565,16.6014042820609,89.164883330008,6.27971607877395,0.126088049984214
149,5,SAT-1,Satellite,561746.224098178,153.502507608179,6.46237962940904,16.2700197975853,77.7575640381268,6.27971607877395,0.128656185976818
149,6,SAT-1,Satellite,550138.043265646,153.321137938587,6.643749299001,16.5989394133651,88.6550276262918,6.27971607877395,0.126106773498987
150,1,BS1,Terrestrial,140.115630076679,103.424523686645,35.9119367389311,109.517922562166,NaN,223.777328803537,1.021647067294
150,2,BS2,Terrestrial,144.901135010249,117.694904924264,21.6415555013123,132.174032342048,NaN,223.777328803537,1.69305063058402
150,3,BS1,Terrestrial,158.604085315624,93.2353394269306,46.1011209986453,140.587076121299,NaN,223.777328803537,0.795867354871446
150,4,SAT-1,Satellite,550052.290495253,153.319783919963,6.64510331762565,16.6014042820609,89.164883330008,6.27971607877395,0.126088049984214
150,5,SAT-1,Satellite,561746.224098178,153.502507608179,6.46237962940904,16.2700197975853,77.7575640381268,6.27971607877395,0.128656185976818
150,6,SAT-1,Satellite,550138.043265646,153.321137938587,6.643749299001,16.5989394133651,88.6550276262918,6.27971607877395,0.126106773498987
151,1,BS1,Terrestrial,140.115630076679,95.8016018973918,43.5348585281841,132.761443583033,NaN,223.777328803537,0.842779811533086
151,2,BS2,Terrestrial,144.901135010249,110.355653078524,28.9808073470515,176.78915514264,NaN,223.777328803537,1.26578651627689
151,3,BS1,Terrestrial,158.604085315624,111.020216931515,28.3162434940608,86.3707354980299,NaN,223.777328803537,1.29544646987892
151,4,SAT-1,Satellite,550052.290495253,153.319783919963,6.64510331762565,16.6014042820609,89.164883330008,6.27971607877395,0.126088049984214
151,5,SAT-1,Satellite,561746.224098178,153.502507608179,6.46237962940904,16.2700197975853,77.7575640381268,6.27971607877395,0.128656185976818
151,6,SAT-1,Satellite,550138.043265646,153.321137938587,6.643749299001,16.5989394133651,88.6550276262918,6.27971607877395,0.126106773498987
152,1,BS2,Terrestrial,295.273297492253,90.5910476225781,48.7454128029977,148.65077506786,NaN,223.777328803537,0.752694793220491
152,2,BS2,Terrestrial,144.901135010249,83.5462803754868,55.790180050089,170.133862185906,NaN,223.777328803537,0.657650763723376
152,3,BS1,Terrestrial,158.604085315624,102.457827258752,36.8786331668237,224.930429993172,NaN,223.777328803537,0.994873520716296
152,4,SAT-1,Satellite,550052.290495253,153.319783919963,6.64510331762565,16.6014042820609,89.164883330008,6.27971607877395,0.126088049984214
152,5,SAT-1,Satellite,561746.224098178,153.502507608179,6.46237962940904,16.2700197975853,77.7575640381268,6.27971607877395,0.128656185976818
152,6,SAT-1,Satellite,550138.043265646,153.321137938587,6.643749299001,16.5989394133651,88.6550276262918,6.27971607877395,0.126106773498987
153,1,BS1,Terrestrial,140.115630076679,86.3186056922907,53.0178547332852,161.679604177731,NaN,223.777328803537,0.692039450311691
153,2,BS2,Terrestrial,144.901135010249,108.747315010061,30.5891454155146,186.588150315032,NaN,223.777328803537,1.19931157699841
153,3,BS1,Terrestrial,158.604085315624,106.60429536817,32.7321650574057,99.8247770705545,NaN,223.777328803537,1.12085063132861
153,4,SAT-1,Satellite,550052.290495253,153.319783919963,6.64510331762565,16.6014042820609,89.164883330008,6.27971607877395,0.126088049984214
153,5,SAT-1,Satellite,561746.224098178,153.502507608179,6.46237962940904,16.2700197975853,77.7575640381268,6.27971607877395,0.128656185976818
153,6,SAT-1,Satellite,550138.043265646,153.321137938587,6.643749299001,16.5989394133651,88.6550276262918,6.27971607877395,0.126106773498987
154,1,BS1,Terrestrial,140.115630076679,112.300583118217,27.0358773073585,82.4729005233158,NaN,223.777328803537,1.35667187272184
154,2,BS2,Terrestrial,144.901135010249,109.9730815891,29.3633788364763,179.119660748142,NaN,223.777328803537,1.24931751137128
154,3,BS1,Terrestrial,158.604085315624,112.006360323669,27.3301001019066,83.3684283428594,NaN,223.777328803537,1.34209876119551
154,4,SAT-1,Satellite,550052.290495253,153.319783919963,6.64510331762565,16.6014042820609,89.164883330008,6.27971607877395,0.126088049984214
154,5,SAT-1,Satellite,561746.224098178,153.502507608179,6.46237962940904,16.2700197975853,77.7575640381268,6.27971607877395,0.128656185976818
154,6,SAT-1,Satellite,550138.043265646,153.321137938587,6.643749299001,16.5989394133651,88.6550276262918,6.27971607877395,0.126106773498987
155,1,BS1,Terrestrial,140.115630076679,116.552222355902,22.7842380696742,69.5507921500893,NaN,223.777328803537,1.60873314225257
155,2,BS2,Terrestrial,144.901135010249,108.753451051394,30.5830093741817,186.550758902021,NaN,223.777328803537,1.19955196173213
155,3,BS1,Terrestrial,158.604085315624,92.3620686960811,46.9743917294947,143.250082204537,NaN,223.777328803537,0.781072252663777
155,4,SAT-1,Satellite,550052.290495253,153.319783919963,6.64510331762565,16.6014042820609,89.164883330008,6.27971607877395,0.126088049984214
155,5,SAT-1,Satellite,561746.224098178,153.502507608179,6.46237962940904,16.2700197975853,77.7575640381268,6.27971607877395,0.128656185976818
155,6,SAT-1,Satellite,550138.043265646,153.321137938587,6.643749299001,16.5989394133651,88.6550276262918,6.27971607877395,0.126106773498987
156,1,BS1,Terrestrial,140.115630076679,109.298935081457,30.0375253441193,91.6134578900763,NaN,223.777328803537,1.22131253397312
156,2,BS2,Terrestrial,144.901135010249,112.696345063426,26.6401153621496,81.2685078752541,NaN,223.777328803537,1.37677763905197
156,3,BS1,Terrestrial,158.604085315624,109.389204076433,29.9472563491433,91.3384553723435,NaN,223.777328803537,1.2249896710608
156,4,BS2,Terrestrial,1289.96657807501,117.150075998108,22.1863844274676,67.737856949699,NaN,223.777328803537,1.65178925700078
156,5,SAT-1,Satellite,561746.224098178,153.502507608179,6.46237962940904,24.4050296963779,77.7575640381268,6.27971607877395,0.128656185976818
156,6,SAT-1,Satellite,550138.043265646,153.321137938587,6.643749299001,24.8984091200477,88.6550276262918,6.27971607877395,0.126106773498987
157,1,BS1,Terrestrial,140.115630076679,110.055567297917,29.2808931276591,89.3085814266094,NaN,223.777328803537,1.25283217597309
157,2,BS2,Terrestrial,144.901135010249,108.02474926828,31.3117111572955,190.991580117848,NaN,223.777328803537,1.17166070182497
157,3,BS1,Terrestrial,158.604085315624,102.519599169742,36.8168612558341,112.276878620547,NaN,223.777328803537,0.99654234938174
157,4,SAT-1,Satellite,550052.290495253,153.319783919963,6.64510331762565,16.6014042820609,89.164883330008,6.27971607877395,0.126088049984214
157,5,SAT-1,Satellite,561746.224098178,153.502507608179,6.46237962940904,16.2700197975853,77.7575640381268,6.27971607877395,0.128656185976818
157,6,SAT-1,Satellite,550138.043265646,153.321137938587,6.643749299001,16.5989394133651,88.6550276262918,6.27971607877395,0.126106773498987
158,1,BS1,Terrestrial,140.115630076679,80.2129961239525,59.1234643016234,180.298793771723,NaN,223.777328803537,0.620573560483336
158,2,BS2,Terrestrial,144.901135010249,115.048731755844,24.2877286697318,148.230820863154,NaN,223.777328803537,1.50965452056781
158,3,BS1,Terrestrial,158.604085315624,85.7149857892285,53.6214746363474,163.520352597517,NaN,223.777328803537,0.684249163021114
158,4,SAT-1,Satellite,550052.290495253,153.319783919963,6.64510331762565,16.6014042820609,89.164883330008,6.27971607877395,0.126088049984214
158,5,SAT-1,Satellite,561746.224098178,153.502507608179,6.46237962940904,16.2700197975853,77.7575640381268,6.27971607877395,0.128656185976818
158,6,SAT-1,Satellite,550138.043265646,153.321137938587,6.643749299001,16.5989394133651,88.6550276262918,6.27971607877395,0.126106773498987
159,1,BS1,Terrestrial,140.115630076679,104.313514698289,35.022945727287,106.807688749602,NaN,223.777328803537,1.0475712536396
159,2,BS2,Terrestrial,144.901135010249,92.0858253309114,47.2506350946645,288.1849565011,NaN,223.777328803537,0.776505933968428
159,3,BS1,Terrestrial,158.604085315624,111.873285027748,27.4631753978275,83.7735077258974,NaN,223.777328803537,1.33560916140533
159,4,SAT-1,Satellite,550052.290495253,153.319783919963,6.64510331762565,16.6014042820609,89.164883330008,6.27971607877395,0.126088049984214
159,5,SAT-1,Satellite,561746.224098178,153.502507608179,6.46237962940904,16.2700197975853,77.7575640381268,6.27971607877395,0.128656185976818
159,6,SAT-1,Satellite,550138.043265646,153.321137938587,6.643749299001,16.5989394133651,88.6550276262918,6.27971607877395,0.126106773498987
160,1,BS1,Terrestrial,140.115630076679,103.739239342763,35.5972210828126,108.558442808099,NaN,223.777328803537,1.03067676274204
160,2,BS2,Terrestrial,144.901135010249,83.5532775478976,55.7831828776783,340.225048310167,NaN,223.777328803537,0.657733256016853
160,3,BS1,Terrestrial,158.604085315624,113.6518209691,25.684639456476,78.361802935633,NaN,223.777328803537,1.42784698935111
160,4,SAT-1,Satellite,550052.290495253,153.319783919963,6.64510331762565,16.6014042820609,89.164883330008,6.27971607877395,0.126088049984214
160,5,SAT-1,Satellite,561746.224098178,153.502507608179,6.46237962940904,16.2700197975853,77.7575640381268,6.27971607877395,0.128656185976818
160,6,SAT-1,Satellite,550138.043265646,153.321137938587,6.643749299001,16.5989394133651,88.6550276262918,6.27971607877395,0.126106773498987
161,1,BS1,Terrestrial,140.115630076679,107.707494298431,31.6289661271445,96.4625793263653,NaN,223.777328803537,1.15991781666144
161,2,BS2,Terrestrial,144.901135010249,114.399566900036,24.9368935255399,152.176461378213,NaN,223.777328803537,1.47051210664815
161,3,BS1,Terrestrial,158.604085315624,103.952221508227,35.3842389173487,107.909130717357,NaN,223.777328803537,1.03687856308318
161,4,SAT-1,Satellite,550052.290495253,153.319783919963,6.64510331762565,16.6014042820609,89.164883330008,6.27971607877395,0.126088049984214
161,5,SAT-1,Satellite,561746.224098178,153.502507608179,6.46237962940904,16.2700197975853,77.7575640381268,6.27971607877395,0.128656185976818
161,6,SAT-1,Satellite,550138.043265646,153.321137938587,6.643749299001,16.5989394133651,88.6550276262918,6.27971607877395,0.126106773498987
162,1,BS1,Terrestrial,140.115630076679,112.045438224024,27.2910222015522,83.2494800685643,NaN,223.777328803537,1.34401637475234
162,2,BS2,Terrestrial,144.901135010249,105.945524654016,33.3909357715602,203.665449948467,NaN,223.777328803537,1.09874958595167
162,3,BS1,Terrestrial,158.604085315624,113.978963220641,25.3574972049348,77.3669637530828,NaN,223.777328803537,1.44620725661229
162,4,SAT-1,Satellite,550052.290495253,153.319783919963,6.64510331762565,16.6014042820609,89.164883330008,6.27971607877395,0.126088049984214
162,5,SAT-1,Satellite,561746.224098178,153.502507608179,6.46237962940904,16.2700197975853,77.7575640381268,6.27971607877395,0.128656185976818
162,6,SAT-1,Satellite,550138.043265646,153.321137938587,6.643749299001,16.5989394133651,88.6550276262918,6.27971607877395,0.126106773498987
163,1,BS1,Terrestrial,140.115630076679,108.010456133024,31.3260042925519,95.5393452555224,NaN,223.777328803537,1.17112655631583
163,2,BS2,Terrestrial,144.901135010249,109.521884977493,29.8145754480824,181.868512873812,NaN,223.777328803537,1.23043469849453
163,3,BS1,Terrestrial,158.604085315624,87.1502689859619,52.1861914396139,159.143435973263,NaN,223.777328803537,0.703068044984063
163,4,SAT-1,Satellite,550052.290495253,153.319783919963,6.64510331762565,16.6014042820609,89.164883330008,6.27971607877395,0.126088049984214
163,5,SAT-1,Satellite,561746.224098178,153.502507608179,6.46237962940904,16.2700197975853,77.7575640381268,6.27971607877395,0.128656185976818
163,6,SAT-1,Satellite,550138.043265646,153.321137938587,6.643749299001,16.5989394133651,88.6550276262918,6.27971607877395,0.126106773498987
164,1,BS1,Terrestrial,140.115630076679,106.624229529222,32.712230896354,99.7640197108939,NaN,223.777328803537,1.12153324140317
164,2,BS2,Terrestrial,144.901135010249,88.2968148178953,51.0396456076805,311.294068520092,NaN,223.777328803537,0.718861524947733
164,3,BS1,Terrestrial,158.604085315624,105.129442941381,34.2070174841951,104.320351846765,NaN,223.777328803537,1.07254876369782
164,4,SAT-1,Satellite,550052.290495253,153.319783919963,6.64510331762565,16.6014042820609,89.164883330008,6.27971607877395,0.126088049984214
164,5,SAT-1,Satellite,561746.224098178,153.502507608179,6.46237962940904,16.2700197975853,77.7575640381268,6.27971607877395,0.128656185976818
164,6,SAT-1,Satellite,550138.043265646,153.321137938587,6.643749299001,16.5989394133651,88.6550276262918,6.27971607877395,0.126106773498987
165,1,BS1,Terrestrial,140.115630076679,109.120040553831,30.2164198717451,92.1584727687488,NaN,223.777328803537,1.21408982853403
165,2,BS2,Terrestrial,144.901135010249,82.5563109923263,56.7801494332496,346.305592786916,NaN,223.777328803537,0.646184564917578
165,3,BS1,Terrestrial,158.604085315624,106.308492156624,33.0279682689515,100.726373224891,NaN,223.777328803537,1.11081795978056
165,4,SAT-1,Satellite,550052.290495253,153.319783919963,6.64510331762565,16.6014042820609,89.164883330008,6.27971607877395,0.126088049984214
165,5,SAT-1,Satellite,561746.224098178,153.502507608179,6.46237962940904,16.2700197975853,77.7575640381268,6.27971607877395,0.128656185976818
165,6,SAT-1,Satellite,550138.043265646,153.321137938587,6.643749299001,16.5989394133651,88.6550276262918,6.27971607877395,0.126106773498987
166,1,BS1,Terrestrial,140.115630076679,113.172508782166,26.1639516434104,79.8197513443468,NaN,223.777328803537,1.40176663692016
166,2,BS2,Terrestrial,144.901135010249,113.873019759223,25.4634406663525,155.378229273659,NaN,223.777328803537,1.4402103167839
166,3,BS1,Terrestrial,158.604085315624,116.358311544761,22.9781488808144,70.1390984454307,NaN,223.777328803537,1.59523955798804
166,4,SAT-1,Satellite,550052.290495253,153.319783919963,6.64510331762565,16.6014042820609,89.164883330008,6.27971607877395,0.126088049984214
166,5,SAT-1,Satellite,561746.224098178,153.502507608179,6.46237962940904,16.2700197975853,77.7575640381268,6.27971607877395,0.128656185976818
166,6,SAT-1,Satellite,550138.043265646,153.321137938587,6.643749299001,16.5989394133651,88.6550276262918,6.27971607877395,0.126106773498987
167,1,BS1,Terrestrial,140.115630076679,105.118710098112,34.2177503274636,104.353069570686,NaN,223.777328803537,1.07221248844988
167,2,BS2,Terrestrial,144.901135010249,114.125941783289,25.2105186422866,153.840144034996,NaN,223.777328803537,1.45460945975604
167,3,BS1,Terrestrial,158.604085315624,115.137029418716,24.1994310068597,73.8471537781416,NaN,223.777328803537,1.51513848100246
167,4,SAT-1,Satellite,550052.290495253,153.319783919963,6.64510331762565,16.6014042820609,89.164883330008,6.27971607877395,0.126088049984214
167,5,SAT-1,Satellite,561746.224098178,153.502507608179,6.46237962940904,16.2700197975853,77.7575640381268,6.27971607877395,0.128656185976818
167,6,SAT-1,Satellite,550138.043265646,153.321137938587,6.643749299001,16.5989394133651,88.6550276262918,6.27971607877395,0.126106773498987
168,1,BS1,Terrestrial,140.115630076679,108.475683205533,30.8607772200428,94.1217239718126,NaN,223.777328803537,1.18876556527244
168,2,BS2,Terrestrial,144.901135010249,109.07508337896,30.2613770466159,184.590882767169,NaN,223.777328803537,1.21228809055426
168,3,BS1,Terrestrial,158.604085315624,119.449266828914,19.8871935966622,60.7818250774665,NaN,223.777328803537,1.84082436253216
168,4,SAT-1,Satellite,550052.290495253,153.319783919963,6.64510331762565,16.6014042820609,89.164883330008,6.27971607877395,0.126088049984214
168,5,SAT-1,Satellite,561746.224098178,153.502507608179,6.46237962940904,16.2700197975853,77.7575640381268,6.27971607877395,0.128656185976818
168,6,SAT-1,Satellite,550138.043265646,153.321137938587,6.643749299001,16.5989394133651,88.6550276262918,6.27971607877395,0.126106773498987
169,1,BS2,Terrestrial,295.273297492253,109.133342776938,30.2031176486376,92.1179458563919,NaN,223.777328803537,1.21462396237318
169,2,BS2,Terrestrial,144.901135010249,81.4942483307444,57.8422120948315,176.391582301991,NaN,223.777328803537,0.634319750078605
169,3,BS1,Terrestrial,158.604085315624,101.199484886909,38.1369755386672,232.603768745217,NaN,223.777328803537,0.962053753517006
169,4,SAT-1,Satellite,550052.290495253,153.319783919963,6.64510331762565,16.6014042820609,89.164883330008,6.27971607877395,0.126088049984214
169,5,SAT-1,Satellite,561746.224098178,153.502507608179,6.46237962940904,16.2700197975853,77.7575640381268,6.27971607877395,0.128656185976818
169,6,SAT-1,Satellite,550138.043265646,153.321137938587,6.643749299001,16.5989394133651,88.6550276262918,6.27971607877395,0.126106773498987
170,1,BS1,Terrestrial,140.115630076679,85.0389491303953,54.2975112951806,165.581938371121,NaN,223.777328803537,0.675729886378013
170,2,BS2,Terrestrial,144.901135010249,102.396748208664,36.9397122169114,225.302878898825,NaN,223.777328803537,0.993228892135139
170,3,BS1,Terrestrial,158.604085315624,109.245097860839,30.091362564737,91.7774745071745,NaN,223.777328803537,1.21912991180665
170,4,SAT-1,Satellite,550052.290495253,153.319783919963,6.64510331762565,16.6014042820609,89.164883330008,6.27971607877395,0.126088049984214
170,5,SAT-1,Satellite,561746.224098178,153.502507608179,6.46237962940904,16.2700197975853,77.7575640381268,6.27971607877395,0.128656185976818
170,6,SAT-1,Satellite,550138.043265646,153.321137938587,6.643749299001,16.5989394133651,88.6550276262918,6.27971607877395,0.126106773498987
171,1,BS1,Terrestrial,140.115630076679,115.328122743524,24.0083376820515,73.2666654762248,NaN,223.777328803537,1.5271428510429
171,2,BS2,Terrestrial,144.901135010249,110.327986234517,29.008474191059,176.957684455591,NaN,223.777328803537,1.26458101829252
171,3,BS1,Terrestrial,158.604085315624,115.304555206075,24.0319052195012,73.33825171554,NaN,223.777328803537,1.52565219083427
171,4,SAT-1,Satellite,550052.290495253,153.319783919963,6.64510331762565,16.6014042820609,89.164883330008,6.27971607877395,0.126088049984214
171,5,SAT-1,Satellite,561746.224098178,153.502507608179,6.46237962940904,16.2700197975853,77.7575640381268,6.27971607877395,0.128656185976818
171,6,SAT-1,Satellite,550138.043265646,153.321137938587,6.643749299001,16.5989394133651,88.6550276262918,6.27971607877395,0.126106773498987
172,1,BS1,Terrestrial,140.115630076679,80.6542669865559,58.68219343902,178.953126775183,NaN,223.777328803537,0.625240063798008
172,2,BS2,Terrestrial,144.901135010249,105.089691856944,34.246768568632,208.88305637043,NaN,223.777328803537,1.07130435896483
172,3,BS1,Terrestrial,158.604085315624,109.922320754532,29.4141396710436,89.7144490743441,NaN,223.777328803537,1.2471643704689
172,4,SAT-1,Satellite,550052.290495253,153.319783919963,6.64510331762565,16.6014042820609,89.164883330008,6.27971607877395,0.126088049984214
172,5,SAT-1,Satellite,561746.224098178,153.502507608179,6.46237962940904,16.2700197975853,77.7575640381268,6.27971607877395,0.128656185976818
172,6,SAT-1,Satellite,550138.043265646,153.321137938587,6.643749299001,16.5989394133651,88.6550276262918,6.27971607877395,0.126106773498987
173,1,BS1,Terrestrial,140.115630076679,88.4938507208289,50.842609704747,155.046172203097,NaN,223.777328803537,0.721647382917678
173,2,BS2,Terrestrial,144.901135010249,110.275882851358,29.0605775742181,177.275069711914,NaN,223.777328803537,1.26231696970811
173,3,BS1,Terrestrial,158.604085315624,87.1852234181014,52.1512370074745,159.03684203107,NaN,223.777328803537,0.703539274125615
173,4,SAT-1,Satellite,550052.290495253,153.319783919963,6.64510331762565,16.6014042820609,89.164883330008,6.27971607877395,0.126088049984214
173,5,SAT-1,Satellite,561746.224098178,153.502507608179,6.46237962940904,16.2700197975853,77.7575640381268,6.27971607877395,0.128656185976818
173,6,SAT-1,Satellite,550138.043265646,153.321137938587,6.643749299001,16.5989394133651,88.6550276262918,6.27971607877395,0.126106773498987
174,1,BS2,Terrestrial,295.273297492253,116.866018243355,22.4704421822211,68.5990606303295,NaN,223.777328803537,1.63105242803135
174,2,BS2,Terrestrial,144.901135010249,110.247460440478,29.0889999850976,88.7241027283619,NaN,223.777328803537,1.26108533037891
174,3,BS1,Terrestrial,158.604085315624,105.557919459115,33.7785409664606,206.028441823802,NaN,223.777328803537,1.08614775136199
174,4,SAT-1,Satellite,550052.290495253,153.319783919963,6.64510331762565,16.6014042820609,89.164883330008,6.27971607877395,0.126088049984214
174,5,SAT-1,Satellite,561746.224098178,153.502507608179,6.46237962940904,16.2700197975853,77.7575640381268,6.27971607877395,0.128656185976818
174,6,SAT-1,Satellite,550138.043265646,153.321137938587,6.643749299001,16.5989394133651,88.6550276262918,6.27971607877395,0.126106773498987
175,1,BS1,Terrestrial,140.115630076679,103.189767530752,36.1466928948234,110.233639907784,NaN,223.777328803537,1.01501378794503
175,2,BS2,Terrestrial,144.901135010249,104.226710127221,35.1097502983548,214.144638952436,NaN,223.777328803537,1.04498216671789
175,3,BS1,Terrestrial,158.604085315624,99.2704554511532,40.0660049744227,122.183788146914,NaN,223.777328803537,0.915740673118056
175,4,SAT-1,Satellite,550052.290495253,153.319783919963,6.64510331762565,16.6014042820609,89.164883330008,6.27971607877395,0.126088049984214
175,5,SAT-1,Satellite,561746.224098178,153.502507608179,6.46237962940904,16.2700197975853,77.7575640381268,6.27971607877395,0.128656185976818
175,6,SAT-1,Satellite,550138.043265646,153.321137938587,6.643749299001,16.5989394133651,88.6550276262918,6.27971607877395,0.126106773498987
176,1,BS1,Terrestrial,140.115630076679,101.4470431109,37.8894173146756,115.547067427611,NaN,223.777328803537,0.968338417345516
176,2,BS2,Terrestrial,144.901135010249,113.193503224809,26.142957200767,159.511766044596,NaN,223.777328803537,1.40288916831987
176,3,BS1,Terrestrial,158.604085315624,109.046867860225,30.2895925653507,92.3814047741944,NaN,223.777328803537,1.21116002376512
176,4,SAT-1,Satellite,550052.290495253,153.319783919963,6.64510331762565,16.6014042820609,89.164883330008,6.27971607877395,0.126088049984214
176,5,SAT-1,Satellite,561746.224098178,153.502507608179,6.46237962940904,16.2700197975853,77.7575640381268,6.27971607877395,0.128656185976818
176,6,SAT-1,Satellite,550138.043265646,153.321137938587,6.643749299001,16.5989394133651,88.6550276262918,6.27971607877395,0.126106773498987
177,1,BS1,Terrestrial,140.115630076679,111.548176326355,27.7882840992213,84.7632262891653,NaN,223.777328803537,1.32001422432962
177,2,BS2,Terrestrial,144.901135010249,101.489766334321,37.846694091255,230.833605917899,NaN,223.777328803537,0.969431326576985
177,3,BS1,Terrestrial,158.604085315624,108.642140006468,30.694320419108,93.6145330405926,NaN,223.777328803537,1.19520613699213
177,4,SAT-1,Satellite,550052.290495253,153.319783919963,6.64510331762565,16.6014042820609,89.164883330008,6.27971607877395,0.126088049984214
177,5,SAT-1,Satellite,561746.224098178,153.502507608179,6.46237962940904,16.2700197975853,77.7575640381268,6.27971607877395,0.128656185976818
177,6,SAT-1,Satellite,550138.043265646,153.321137938587,6.643749299001,16.5989394133651,88.6550276262918,6.27971607877395,0.126106773498987
178,1,BS1,Terrestrial,140.115630076679,102.317926219436,37.0185342061396,112.891761287295,NaN,223.777328803537,0.991114525328614
178,2,BS2,Terrestrial,144.901135010249,112.128306635556,27.2081537900199,165.994491071772,NaN,223.777328803537,1.34810093611348
178,3,BS1,Terrestrial,158.604085315624,98.6153268717904,40.7211335537855,124.181439766734,NaN,223.777328803537,0.901009559978881
178,4,SAT-1,Satellite,550052.290495253,153.319783919963,6.64510331762565,16.6014042820609,89.164883330008,6.27971607877395,0.126088049984214
178,5,SAT-1,Satellite,561746.224098178,153.502507608179,6.46237962940904,16.2700197975853,77.7575640381268,6.27971607877395,0.128656185976818
178,6,SAT-1,Satellite,550138.043265646,153.321137938587,6.643749299001,16.5989394133651,88.6550276262918,6.27971607877395,0.126106773498987
179,1,BS1,Terrestrial,140.115630076679,104.95346914383,34.3829912817461,104.856789671465,NaN,223.777328803537,1.06706170151056
179,2,BS2,Terrestrial,144.901135010249,112.219584229742,27.1168761958342,165.438851496639,NaN,223.777328803537,1.35262864060733
179,3,BS1,Terrestrial,158.604085315624,115.900709120492,23.4357513050843,71.5279309799061,NaN,223.777328803537,1.56426535576991
179,4,SAT-1,Satellite,550052.290495253,153.319783919963,6.64510331762565,16.6014042820609,89.164883330008,6.27971607877395,0.126088049984214
179,5,SAT-1,Satellite,561746.224098178,153.502507608179,6.46237962940904,16.2700197975853,77.7575640381268,6.27971607877395,0.128656185976818
179,6,SAT-1,Satellite,550138.043265646,153.321137938587,6.643749299001,16.5989394133651,88.6550276262918,6.27971607877395,0.126106773498987
180,1,BS1,Terrestrial,140.115630076679,105.733263765418,33.6031966601574,102.479731688607,NaN,223.777328803537,1.09181262048725
180,2,BS2,Terrestrial,144.901135010249,94.8708417356808,44.4656186898951,271.199422814173,NaN,223.777328803537,0.825139399197285
180,3,BS1,Terrestrial,158.604085315624,112.706638442339,26.6298219832364,81.2371858830796,NaN,223.777328803537,1.37730847253626
180,4,SAT-1,Satellite,550052.290495253,153.319783919963,6.64510331762565,16.6014042820609,89.164883330008,6.27971607877395,0.126088049984214
180,5,SAT-1,Satellite,561746.224098178,153.502507608179,6.46237962940904,16.2700197975853,77.7575640381268,6.27971607877395,0.128656185976818
180,6,SAT-1,Satellite,550138.043265646,153.321137938587,6.643749299001,16.5989394133651,88.6550276262918,6.27971607877395,0.126106773498987
181,1,BS1,Terrestrial,140.115630076679,96.5016996419042,42.8347607836716,130.626577164644,NaN,223.777328803537,0.856553595986381
181,2,BS2,Terrestrial,144.901135010249,104.816415790367,34.5200446352088,210.549176144818,NaN,223.777328803537,1.06282690296361
181,3,BS1,Terrestrial,158.604085315624,111.829471758616,27.5069886669599,83.90687961455,NaN,223.777328803537,1.33348618034374
181,4,SAT-1,Satellite,550052.290495253,153.319783919963,6.64510331762565,16.6014042820609,89.164883330008,6.27971607877395,0.126088049984214
181,5,SAT-1,Satellite,561746.224098178,153.502507608179,6.46237962940904,16.2700197975853,77.7575640381268,6.27971607877395,0.128656185976818
181,6,SAT-1,Satellite,550138.043265646,153.321137938587,6.643749299001,16.5989394133651,88.6550276262918,6.27971607877395,0.126106773498987
182,1,BS1,Terrestrial,140.115630076679,98.3687851825195,40.9676752430564,124.933214140124,NaN,223.777328803537,0.895587816033259
182,2,BS2,Terrestrial,144.901135010249,107.404928497022,31.9315319285536,194.769301410083,NaN,223.777328803537,1.14893531569628
182,3,BS1,Terrestrial,158.604085315624,115.238012477474,24.0984479481023,73.5403830414309,NaN,223.777328803537,1.521458819962
182,4,SAT-1,Satellite,550052.290495253,153.319783919963,6.64510331762565,16.6014042820609,89.164883330008,6.27971607877395,0.126088049984214
182,5,SAT-1,Satellite,561746.224098178,153.502507608179,6.46237962940904,16.2700197975853,77.7575640381268,6.27971607877395,0.128656185976818
182,6,SAT-1,Satellite,550138.043265646,153.321137938587,6.643749299001,16.5989394133651,88.6550276262918,6.27971607877395,0.126106773498987
183,1,BS1,Terrestrial,140.115630076679,113.64461960846,25.6918408171159,78.3837045919652,NaN,223.777328803537,1.42744802614545
183,2,BS2,Terrestrial,144.901135010249,111.046280418304,28.2901800072715,172.582742829739,NaN,223.777328803537,1.29663792065412
183,3,BS1,Terrestrial,158.604085315624,114.609660001433,24.7268004241431,75.4496447860733,NaN,223.777328803537,1.48295813345461
183,4,SAT-1,Satellite,550052.290495253,153.319783919963,6.64510331762565,16.6014042820609,89.164883330008,6.27971607877395,0.126088049984214
183,5,SAT-1,Satellite,561746.224098178,153.502507608179,6.46237962940904,16.2700197975853,77.7575640381268,6.27971607877395,0.128656185976818
183,6,SAT-1,Satellite,550138.043265646,153.321137938587,6.643749299001,16.5989394133651,88.6550276262918,6.27971607877395,0.126106773498987
184,1,BS1,Terrestrial,140.115630076679,86.1503816811122,53.1860787444637,162.192605833451,NaN,223.777328803537,0.68985058737303
184,2,BS2,Terrestrial,144.901135010249,110.768834012332,28.567626413244,174.272478479877,NaN,223.777328803537,1.2840657960194
184,3,BS1,Terrestrial,158.604085315624,107.741482817743,31.594977607833,96.3590017784466,NaN,223.777328803537,1.16116462745254
184,4,SAT-1,Satellite,550052.290495253,153.319783919963,6.64510331762565,16.6014042820609,89.164883330008,6.27971607877395,0.126088049984214
184,5,SAT-1,Satellite,561746.224098178,153.502507608179,6.46237962940904,16.2700197975853,77.7575640381268,6.27971607877395,0.128656185976818
184,6,SAT-1,Satellite,550138.043265646,153.321137938587,6.643749299001,16.5989394133651,88.6550276262918,6.27971607877395,0.126106773498987
185,1,BS1,Terrestrial,140.115630076679,86.3731518956567,52.9633085299192,161.513264730153,NaN,223.777328803537,0.692752168614174
185,2,BS2,Terrestrial,144.901135010249,115.935169173769,23.4012912518069,142.846640288161,NaN,223.777328803537,1.56655647169662
185,3,BS1,Terrestrial,158.604085315624,111.482675008578,27.8537854169978,84.9626451651872,NaN,223.777328803537,1.3169159715335
185,4,SAT-1,Satellite,550052.290495253,153.319783919963,6.64510331762565,16.6014042820609,89.164883330008,6.27971607877395,0.126088049984214
185,5,SAT-1,Satellite,561746.224098178,153.502507608179,6.46237962940904,16.2700197975853,77.7575640381268,6.27971607877395,0.128656185976818
185,6,SAT-1,Satellite,550138.043265646,153.321137938587,6.643749299001,16.5989394133651,88.6550276262918,6.27971607877395,0.126106773498987
186,1,BS1,Terrestrial,140.115630076679,110.419598819429,28.9168616061466,88.199821208262,NaN,223.777328803537,1.26858153303476
186,2,BS2,Terrestrial,144.901135010249,83.6983073800408,55.638153045535,339.340505039764,NaN,223.777328803537,0.659447739011632
186,3,BS1,Terrestrial,158.604085315624,118.963180369975,20.3732800556011,62.2499059235845,NaN,223.777328803537,1.79741097985142
186,4,SAT-1,Satellite,550052.290495253,153.319783919963,6.64510331762565,16.6014042820609,89.164883330008,6.27971607877395,0.126088049984214
186,5,SAT-1,Satellite,561746.224098178,153.502507608179,6.46237962940904,16.2700197975853,77.7575640381268,6.27971607877395,0.128656185976818
186,6,SAT-1,Satellite,550138.043265646,153.321137938587,6.643749299001,16.5989394133651,88.6550276262918,6.27971607877395,0.126106773498987
187,1,BS1,Terrestrial,140.115630076679,109.631453256209,29.7050071693664,90.6004774546469,NaN,223.777328803537,1.23496771259046
187,2,BS2,Terrestrial,144.901135010249,98.4805664324072,40.8558939931686,249.184722994751,NaN,223.777328803537,0.89803791385819
187,3,BS1,Terrestrial,158.604085315624,115.016516903506,24.3199435220699,74.2132872632687,NaN,223.777328803537,1.50766349972948
187,4,SAT-1,Satellite,550052.290495253,153.319783919963,6.64510331762565,16.6014042820609,89.164883330008,6.27971607877395,0.126088049984214
187,5,SAT-1,Satellite,561746.224098178,153.502507608179,6.46237962940904,16.2700197975853,77.7575640381268,6.27971607877395,0.128656185976818
187,6,SAT-1,Satellite,550138.043265646,153.321137938587,6.643749299001,16.5989394133651,88.6550276262918,6.27971607877395,0.126106773498987
188,1,BS1,Terrestrial,140.115630076679,112.117327290394,27.2191331351821,83.0306639005732,NaN,223.777328803537,1.34755834947619
188,2,BS2,Terrestrial,144.901135010249,106.366050480766,32.9704099448098,201.101870666954,NaN,223.777328803537,1.11275607761072
188,3,BS1,Terrestrial,158.604085315624,95.4441124196779,43.892348005898,133.85157209652,NaN,223.777328803537,0.835915952642575
188,4,SAT-1,Satellite,550052.290495253,153.319783919963,6.64510331762565,16.6014042820609,89.164883330008,6.27971607877395,0.126088049984214
188,5,SAT-1,Satellite,561746.224098178,153.502507608179,6.46237962940904,16.2700197975853,77.7575640381268,6.27971607877395,0.128656185976818
188,6,SAT-1,Satellite,550138.043265646,153.321137938587,6.643749299001,16.5989394133651,88.6550276262918,6.27971607877395,0.126106773498987
189,1,BS1,Terrestrial,140.115630076679,105.670605451431,33.6658549741453,102.670727383118,NaN,223.777328803537,1.08978154975229
189,2,BS2,Terrestrial,144.901135010249,80.5002550619604,58.8362053636155,358.845580266424,NaN,223.777328803537,0.623603413583622
189,3,BS1,Terrestrial,158.604085315624,115.788298761792,23.5481616637839,71.8692024681303,NaN,223.777328803537,1.55683742909746
189,4,SAT-1,Satellite,550052.290495253,153.319783919963,6.64510331762565,16.6014042820609,89.164883330008,6.27971607877395,0.126088049984214
189,5,SAT-1,Satellite,561746.224098178,153.502507608179,6.46237962940904,16.2700197975853,77.7575640381268,6.27971607877395,0.128656185976818
189,6,SAT-1,Satellite,550138.043265646,153.321137938587,6.643749299001,16.5989394133651,88.6550276262918,6.27971607877395,0.126106773498987
190,1,BS1,Terrestrial,140.115630076679,112.259274085421,27.0771863401546,82.5986260456119,NaN,223.777328803537,1.35460684709189
190,2,BS2,Terrestrial,144.901135010249,122.097315374542,17.2391450510343,105.638103014114,NaN,223.777328803537,2.11833914485987
190,3,BS1,Terrestrial,158.604085315624,126.273378778792,13.0630816467842,40.4748127536548,NaN,223.777328803537,2.76440227365018
190,4,SAT-1,Satellite,550052.290495253,153.319783919963,6.64510331762565,16.6014042820609,89.164883330008,6.27971607877395,0.126088049984214
190,5,SAT-1,Satellite,561746.224098178,153.502507608179,6.46237962940904,16.2700197975853,77.7575640381268,6.27971607877395,0.128656185976818
190,6,SAT-1,Satellite,550138.043265646,153.321137938587,6.643749299001,16.5989394133651,88.6550276262918,6.27971607877395,0.126106773498987
191,1,BS1,Terrestrial,140.115630076679,103.437452339191,35.8990080863853,109.478506367251,NaN,223.777328803537,1.02201489693724
191,2,BS2,Terrestrial,144.901135010249,120.3013684882,19.0350919373755,116.424898223982,NaN,223.777328803537,1.92207450654607
191,3,BS1,Terrestrial,158.604085315624,104.437212945755,34.8992474798212,106.430587561058,NaN,223.777328803537,1.05128297198941
191,4,SAT-1,Satellite,550052.290495253,153.319783919963,6.64510331762565,16.6014042820609,89.164883330008,6.27971607877395,0.126088049984214
191,5,SAT-1,Satellite,561746.224098178,153.502507608179,6.46237962940904,16.2700197975853,77.7575640381268,6.27971607877395,0.128656185976818
191,6,SAT-1,Satellite,550138.043265646,153.321137938587,6.643749299001,16.5989394133651,88.6550276262918,6.27971607877395,0.126106773498987
192,1,BS1,Terrestrial,140.115630076679,105.891389753019,33.4450706725568,101.99773586539,NaN,223.777328803537,1.09697204013854
192,2,BS2,Terrestrial,144.901135010249,106.645349006608,32.6911114189676,199.399299573277,NaN,223.777328803537,1.12225734635192
192,3,BS1,Terrestrial,158.604085315624,107.182563855797,32.1538965697785,98.0623348962762,NaN,223.777328803537,1.1409953120137
192,4,SAT-1,Satellite,550052.290495253,153.319783919963,6.64510331762565,16.6014042820609,89.164883330008,6.27971607877395,0.126088049984214
192,5,SAT-1,Satellite,561746.224098178,153.502507608179,6.46237962940904,16.2700197975853,77.7575640381268,6.27971607877395,0.128656185976818
192,6,SAT-1,Satellite,550138.043265646,153.321137938587,6.643749299001,16.5989394133651,88.6550276262918,6.27971607877395,0.126106773498987
193,1,BS1,Terrestrial,140.115630076679,110.745763574335,28.5906968512408,87.2064957849207,NaN,223.777328803537,1.28303130855896
193,2,BS2,Terrestrial,144.901135010249,106.024947864799,33.3115125607772,203.181266839021,NaN,223.777328803537,1.10136791784468
193,3,BS1,Terrestrial,158.604085315624,106.177369163539,33.1590912620365,101.126040676887,NaN,223.777328803537,1.10642781674079
193,4,SAT-1,Satellite,550052.290495253,153.319783919963,6.64510331762565,16.6014042820609,89.164883330008,6.27971607877395,0.126088049984214
193,5,SAT-1,Satellite,561746.224098178,153.502507608179,6.46237962940904,16.2700197975853,77.7575640381268,6.27971607877395,0.128656185976818
193,6,SAT-1,Satellite,550138.043265646,153.321137938587,6.643749299001,16.5989394133651,88.6550276262918,6.27971607877395,0.126106773498987
194,1,BS1,Terrestrial,140.115630076679,114.200563020518,25.1358974050578,76.6932017021552,NaN,223.777328803537,1.45891241881253
194,2,BS2,Terrestrial,144.901135010249,87.4355746306528,51.900885794923,158.273393288963,NaN,223.777328803537,0.706932871512341
194,3,BS1,Terrestrial,158.604085315624,114.67277927321,24.6636811523662,75.2578114083615,NaN,223.777328803537,1.48673821770662
194,4,BS2,Terrestrial,1289.96657807501,113.20628953378,26.1301708917963,79.7169854713082,NaN,223.777328803537,1.40357370189368
194,5,SAT-1,Satellite,561746.224098178,153.502507608179,6.46237962940904,24.4050296963779,77.7575640381268,6.27971607877395,0.128656185976818
194,6,SAT-1,Satellite,550138.043265646,153.321137938587,6.643749299001,24.8984091200477,88.6550276262918,6.27971607877395,0.126106773498987
195,1,BS1,Terrestrial,140.115630076679,103.919045053147,35.4174153724285,108.010274147522,NaN,223.777328803537,1.03590760494645
195,2,BS2,Terrestrial,144.901135010249,119.5220202305,19.814440195076,121.124468149892,NaN,223.777328803537,1.84749895889419
195,3,BS1,Terrestrial,158.604085315624,84.2666554411034,55.0698049844725,167.937063117713,NaN,223.777328803537,0.666253549541605
195,4,SAT-1,Satellite,550052.290495253,153.319783919963,6.64510331762565,16.6014042820609,89.164883330008,6.27971607877395,0.126088049984214
195,5,SAT-1,Satellite,561746.224098178,153.502507608179,6.46237962940904,16.2700197975853,77.7575640381268,6.27971607877395,0.128656185976818
195,6,SAT-1,Satellite,550138.043265646,153.321137938587,6.643749299001,16.5989394133651,88.6550276262918,6.27971607877395,0.126106773498987
196,1,BS2,Terrestrial,295.273297492253,92.2632695434689,47.073190882107,143.55136720481,NaN,223.777328803537,0.779432941534669
196,2,BS2,Terrestrial,144.901135010249,109.05845413398,30.2780062915959,92.3461051515477,NaN,223.777328803537,1.21162299393299
196,3,BS1,Terrestrial,158.604085315624,119.758257639075,19.5782027865006,119.69893171139,NaN,223.777328803537,1.86950147009745
196,4,SAT-1,Satellite,550052.290495253,153.319783919963,6.64510331762565,16.6014042820609,89.164883330008,6.27971607877395,0.126088049984214
196,5,SAT-1,Satellite,561746.224098178,153.502507608179,6.46237962940904,16.2700197975853,77.7575640381268,6.27971607877395,0.128656185976818
196,6,SAT-1,Satellite,550138.043265646,153.321137938587,6.643749299001,16.5989394133651,88.6550276262918,6.27971607877395,0.126106773498987
197,1,BS1,Terrestrial,140.115630076679,114.981880694571,24.3545797310049,74.3185237697538,NaN,223.777328803537,1.50552861825419
197,2,BS2,Terrestrial,144.901135010249,112.570097106201,26.7663633193752,163.305368073386,NaN,223.777328803537,1.37029989548768
197,3,BS1,Terrestrial,158.604085315624,111.929864578592,27.4065958469841,83.6012775908062,NaN,223.777328803537,1.33836070005315
197,4,SAT-1,Satellite,550052.290495253,153.319783919963,6.64510331762565,16.6014042820609,89.164883330008,6.27971607877395,0.126088049984214
197,5,SAT-1,Satellite,561746.224098178,153.502507608179,6.46237962940904,16.2700197975853,77.7575640381268,6.27971607877395,0.128656185976818
197,6,SAT-1,Satellite,550138.043265646,153.321137938587,6.643749299001,16.5989394133651,88.6550276262918,6.27971607877395,0.126106773498987
198,1,BS2,Terrestrial,295.273297492253,109.757475002215,29.5789854233604,90.21658725175,NaN,223.777328803537,1.24022275515192
198,2,BS2,Terrestrial,144.901135010249,110.634964710786,28.70149571479,87.5439193732303,NaN,223.777328803537,1.27808607614137
198,3,BS1,Terrestrial,158.604085315624,112.0032029685,27.3332574570754,166.756078052545,NaN,223.777328803537,1.34194406235091
198,4,SAT-1,Satellite,550052.290495253,153.319783919963,6.64510331762565,16.6014042820609,89.164883330008,6.27971607877395,0.126088049984214
198,5,SAT-1,Satellite,561746.224098178,153.502507608179,6.46237962940904,16.2700197975853,77.7575640381268,6.27971607877395,0.128656185976818
198,6,SAT-1,Satellite,550138.043265646,153.321137938587,6.643749299001,16.5989394133651,88.6550276262918,6.27971607877395,0.126106773498987
199,1,BS1,Terrestrial,140.115630076679,118.324457162632,21.0120032629441,64.1812307916975,NaN,223.777328803537,1.74332375714183
199,2,BS2,Terrestrial,144.901135010249,104.240296749091,35.0961636764853,214.061798913303,NaN,223.777328803537,1.04538656565326
199,3,BS1,Terrestrial,158.604085315624,105.116560874119,34.2198995514568,104.359621213619,NaN,223.777328803537,1.07214517550555
199,4,SAT-1,Satellite,550052.290495253,153.319783919963,6.64510331762565,16.6014042820609,89.164883330008,6.27971607877395,0.126088049984214
199,5,SAT-1,Satellite,561746.224098178,153.502507608179,6.46237962940904,16.2700197975853,77.7575640381268,6.27971607877395,0.128656185976818
199,6,SAT-1,Satellite,550138.043265646,153.321137938587,6.643749299001,16.5989394133651,88.6550276262918,6.27971607877395,0.126106773498987
200,1,BS1,Terrestrial,140.115630076679,105.380393285321,33.9560671402548,103.555370168154,NaN,223.777328803537,1.08047186949438
200,2,BS2,Terrestrial,144.901135010249,107.920607672351,31.4158527532252,191.626282295342,NaN,223.777328803537,1.16777994189045
200,3,BS1,Terrestrial,158.604085315624,118.175717892975,21.1607425326005,64.6313107741427,NaN,223.777328803537,1.73118358674125
200,4,SAT-1,Satellite,550052.290495253,153.319783919963,6.64510331762565,16.6014042820609,89.164883330008,6.27971607877395,0.126088049984214
200,5,SAT-1,Satellite,561746.224098178,153.502507608179,6.46237962940904,16.2700197975853,77.7575640381268,6.27971607877395,0.128656185976818
200,6,SAT-1,Satellite,550138.043265646,153.321137938587,6.643749299001,16.5989394133651,88.6550276262918,6.27971607877395,0.126106773498987
201,1,BS1,Terrestrial,140.115630076679,90.6349320469831,48.7015283785927,148.516949995023,NaN,223.777328803537,0.753373028502931
201,2,BS2,Terrestrial,144.901135010249,103.874107807283,35.4623526182924,216.294544953536,NaN,223.777328803537,1.03459534243736
201,3,BS1,Terrestrial,158.604085315624,102.855838501283,36.4806219242933,111.251728525556,NaN,223.777328803537,1.00572517734919
201,4,SAT-1,Satellite,550052.290495253,153.319783919963,6.64510331762565,16.6014042820609,89.164883330008,6.27971607877395,0.126088049984214
201,5,SAT-1,Satellite,561746.224098178,153.502507608179,6.46237962940904,16.2700197975853,77.7575640381268,6.27971607877395,0.128656185976818
201,6,SAT-1,Satellite,550138.043265646,153.321137938587,6.643749299001,16.5989394133651,88.6550276262918,6.27971607877395,0.126106773498987
202,1,BS1,Terrestrial,140.115630076679,82.527962431119,56.8084979944569,173.239246000209,NaN,223.777328803537,0.645862106797865
202,2,BS2,Terrestrial,144.901135010249,102.640477842808,36.6959825827678,223.816666521641,NaN,223.777328803537,0.999824241336827
202,3,BS1,Terrestrial,158.604085315624,106.053344912065,33.2831155135109,101.504076283147,NaN,223.777328803537,1.10230710429455
202,4,SAT-1,Satellite,550052.290495253,153.319783919963,6.64510331762565,16.6014042820609,89.164883330008,6.27971607877395,0.126088049984214
202,5,SAT-1,Satellite,561746.224098178,153.502507608179,6.46237962940904,16.2700197975853,77.7575640381268,6.27971607877395,0.128656185976818
202,6,SAT-1,Satellite,550138.043265646,153.321137938587,6.643749299001,16.5989394133651,88.6550276262918,6.27971607877395,0.126106773498987
203,1,BS1,Terrestrial,140.115630076679,101.014041885535,38.3224185400406,116.867313362548,NaN,223.777328803537,0.957399132250652
203,2,BS2,Terrestrial,144.901135010249,116.761543775122,22.5749166504539,137.831772501135,NaN,223.777328803537,1.62355402345054
203,3,BS1,Terrestrial,158.604085315624,118.561413674062,20.7750467515141,63.4644603373515,NaN,223.777328803537,1.76301293364843
203,4,SAT-1,Satellite,550052.290495253,153.319783919963,6.64510331762565,16.6014042820609,89.164883330008,6.27971607877395,0.126088049984214
203,5,SAT-1,Satellite,561746.224098178,153.502507608179,6.46237962940904,16.2700197975853,77.7575640381268,6.27971607877395,0.128656185976818
203,6,SAT-1,Satellite,550138.043265646,153.321137938587,6.643749299001,16.5989394133651,88.6550276262918,6.27971607877395,0.126106773498987
204,1,BS1,Terrestrial,140.115630076679,105.202466364826,34.13399406075,104.097749935514,NaN,223.777328803537,1.07484229458447
204,2,BS2,Terrestrial,144.901135010249,108.710585262361,30.6258751632152,186.811972644533,NaN,223.777328803537,1.19787466314775
204,3,BS1,Terrestrial,158.604085315624,104.771255201269,34.565205224307,105.412258272911,NaN,223.777328803537,1.06143883296847
204,4,SAT-1,Satellite,550052.290495253,153.319783919963,6.64510331762565,16.6014042820609,89.164883330008,6.27971607877395,0.126088049984214
204,5,SAT-1,Satellite,561746.224098178,153.502507608179,6.46237962940904,16.2700197975853,77.7575640381268,6.27971607877395,0.128656185976818
204,6,SAT-1,Satellite,550138.043265646,153.321137938587,6.643749299001,16.5989394133651,88.6550276262918,6.27971607877395,0.126106773498987
205,1,BS1,Terrestrial,140.115630076679,109.197771236447,30.1386891891288,91.9216580520689,NaN,223.777328803537,1.21721764786259
205,2,BS2,Terrestrial,144.901135010249,112.058515877541,27.2779445480346,166.419347520189,NaN,223.777328803537,1.34465933281219
205,3,BS1,Terrestrial,158.604085315624,107.351871061351,31.9845893642246,97.546347931671,NaN,223.777328803537,1.14703078868872
205,4,SAT-1,Satellite,550052.290495253,153.319783919963,6.64510331762565,16.6014042820609,89.164883330008,6.27971607877395,0.126088049984214
205,5,SAT-1,Satellite,561746.224098178,153.502507608179,6.46237962940904,16.2700197975853,77.7575640381268,6.27971607877395,0.128656185976818
205,6,SAT-1,Satellite,550138.043265646,153.321137938587,6.643749299001,16.5989394133651,88.6550276262918,6.27971607877395,0.126106773498987
206,1,BS2,Terrestrial,295.273297492253,93.7718100395911,45.5646503859847,138.951135630818,NaN,223.777328803537,0.805237495136761
206,2,BS2,Terrestrial,144.901135010249,88.2681317305711,51.0683286950048,155.734503508868,NaN,223.777328803537,0.718457771918202
206,3,BS1,Terrestrial,158.604085315624,106.053481976261,33.2829784493149,203.007316995894,NaN,223.777328803537,1.10231164134869
206,4,SAT-1,Satellite,550052.290495253,153.319783919963,6.64510331762565,16.6014042820609,89.164883330008,6.27971607877395,0.126088049984214
206,5,SAT-1,Satellite,561746.224098178,153.502507608179,6.46237962940904,16.2700197975853,77.7575640381268,6.27971607877395,0.128656185976818
206,6,SAT-1,Satellite,550138.043265646,153.321137938587,6.643749299001,16.5989394133651,88.6550276262918,6.27971607877395,0.126106773498987
207,1,BS1,Terrestrial,140.115630076679,104.693783666221,34.6426767593553,105.648428226863,NaN,223.777328803537,1.05906605786416
207,2,BS2,Terrestrial,144.901135010249,103.149109641292,36.1873507842834,220.715194797945,NaN,223.777328803537,1.01387368916035
207,3,BS1,Terrestrial,158.604085315624,101.603141745959,37.7333186796173,115.071118744004,NaN,223.777328803537,0.972343587366046
207,4,SAT-1,Satellite,550052.290495253,153.319783919963,6.64510331762565,16.6014042820609,89.164883330008,6.27971607877395,0.126088049984214
207,5,SAT-1,Satellite,561746.224098178,153.502507608179,6.46237962940904,16.2700197975853,77.7575640381268,6.27971607877395,0.128656185976818
207,6,SAT-1,Satellite,550138.043265646,153.321137938587,6.643749299001,16.5989394133651,88.6550276262918,6.27971607877395,0.126106773498987
208,1,BS1,Terrestrial,140.115630076679,87.1820130789347,52.1544473466412,159.046631997005,NaN,223.777328803537,0.703495968426891
208,2,BS2,Terrestrial,144.901135010249,82.9628848698728,56.3735755557031,343.825879776551,NaN,223.777328803537,0.650844924614074
208,3,BS1,Terrestrial,158.604085315624,111.018041510985,28.3184189145906,86.3773597492159,NaN,223.777328803537,1.29534712251707
208,4,SAT-1,Satellite,550052.290495253,153.319783919963,6.64510331762565,16.6014042820609,89.164883330008,6.27971607877395,0.126088049984214
208,5,SAT-1,Satellite,561746.224098178,153.502507608179,6.46237962940904,16.2700197975853,77.7575640381268,6.27971607877395,0.128656185976818
208,6,SAT-1,Satellite,550138.043265646,153.321137938587,6.643749299001,16.5989394133651,88.6550276262918,6.27971607877395,0.126106773498987
209,1,BS1,Terrestrial,140.115630076679,105.940636781457,33.3958236441193,101.847623867697,NaN,223.777328803537,1.09858885414072
209,2,BS2,Terrestrial,144.901135010249,105.62868806533,33.7077723602457,205.597002075198,NaN,223.777328803537,1.08842700304399
209,3,BS1,Terrestrial,158.604085315624,108.289428705568,31.0470317200076,94.6892570027584,NaN,223.777328803537,1.18164053603789
209,4,SAT-1,Satellite,550052.290495253,153.319783919963,6.64510331762565,16.6014042820609,89.164883330008,6.27971607877395,0.126088049984214
209,5,SAT-1,Satellite,561746.224098178,153.502507608179,6.46237962940904,16.2700197975853,77.7575640381268,6.27971607877395,0.128656185976818
209,6,SAT-1,Satellite,550138.043265646,153.321137938587,6.643749299001,16.5989394133651,88.6550276262918,6.27971607877395,0.126106773498987
210,1,BS1,Terrestrial,140.115630076679,82.1711486000787,57.1653118254971,174.32735830097,NaN,223.777328803537,0.641830780276019
210,2,BS2,Terrestrial,144.901135010249,115.84556625965,23.4908941659262,143.390673334403,NaN,223.777328803537,1.56061285995682
210,3,BS1,Terrestrial,158.604085315624,114.177467319269,25.1589931063068,76.76341810374,NaN,223.777328803537,1.45757793446039
210,4,SAT-1,Satellite,550052.290495253,153.319783919963,6.64510331762565,16.6014042820609,89.164883330008,6.27971607877395,0.126088049984214
210,5,SAT-1,Satellite,561746.224098178,153.502507608179,6.46237962940904,16.2700197975853,77.7575640381268,6.27971607877395,0.128656185976818
210,6,SAT-1,Satellite,550138.043265646,153.321137938587,6.643749299001,16.5989394133651,88.6550276262918,6.27971607877395,0.126106773498987
211,1,BS2,Terrestrial,295.273297492253,106.311499796417,33.024960629159,100.717205903774,NaN,223.777328803537,1.11091906688385
211,2,BS2,Terrestrial,144.901135010249,112.080134145152,27.2563262804236,83.1438716647601,NaN,223.777328803537,1.34572352912442
211,3,BS1,Terrestrial,158.604085315624,110.241905064049,29.0945553615272,177.482046318536,NaN,223.777328803537,1.26084487668073
211,4,SAT-1,Satellite,550052.290495253,153.319783919963,6.64510331762565,16.6014042820609,89.164883330008,6.27971607877395,0.126088049984214
211,5,SAT-1,Satellite,561746.224098178,153.502507608179,6.46237962940904,16.2700197975853,77.7575640381268,6.27971607877395,0.128656185976818
211,6,SAT-1,Satellite,550138.043265646,153.321137938587,6.643749299001,16.5989394133651,88.6550276262918,6.27971607877395,0.126106773498987
212,1,BS2,Terrestrial,295.273297492253,86.9936653692121,52.3427950563638,159.62100056391,NaN,223.777328803537,0.700964559841673
212,2,BS2,Terrestrial,144.901135010249,84.9626277898229,54.373832635753,165.814681730497,NaN,223.777328803537,0.674781407979448
212,3,BS1,Terrestrial,158.604085315624,122.501278852812,16.8351815727639,103.222116617819,NaN,223.777328803537,2.16792036567198
212,4,SAT-1,Satellite,550052.290495253,153.319783919963,6.64510331762565,16.6014042820609,89.164883330008,6.27971607877395,0.126088049984214
212,5,SAT-1,Satellite,561746.224098178,153.502507608179,6.46237962940904,16.2700197975853,77.7575640381268,6.27971607877395,0.128656185976818
212,6,SAT-1,Satellite,550138.043265646,153.321137938587,6.643749299001,16.5989394133651,88.6550276262918,6.27971607877395,0.126106773498987
213,1,BS1,Terrestrial,140.115630076679,91.4573790126733,47.8790814129025,146.008910542165,NaN,223.777328803537,0.76631394608932
213,2,BS2,Terrestrial,144.901135010249,102.482969051071,36.8534913745045,224.7771202412,NaN,223.777328803537,0.99555207648986
213,3,BS1,Terrestrial,158.604085315624,97.509555003677,41.8269054218989,127.553272105022,NaN,223.777328803537,0.877191643579669
213,4,SAT-1,Satellite,550052.290495253,153.319783919963,6.64510331762565,16.6014042820609,89.164883330008,6.27971607877395,0.126088049984214
213,5,SAT-1,Satellite,561746.224098178,153.502507608179,6.46237962940904,16.2700197975853,77.7575640381268,6.27971607877395,0.128656185976818
213,6,SAT-1,Satellite,550138.043265646,153.321137938587,6.643749299001,16.5989394133651,88.6550276262918,6.27971607877395,0.126106773498987
214,1,BS1,Terrestrial,140.115630076679,83.4959874669742,55.8404729586017,170.287231516772,NaN,223.777328803537,0.657058450038567
214,2,BS2,Terrestrial,144.901135010249,101.550825191078,37.7856352344978,230.461265852099,NaN,223.777328803537,0.970997568620269
214,3,BS1,Terrestrial,158.604085315624,121.42026884813,17.9161915774458,54.8482453835437,NaN,223.777328803537,2.03996798109679
214,4,SAT-1,Satellite,550052.290495253,153.319783919963,6.64510331762565,16.6014042820609,89.164883330008,6.27971607877395,0.126088049984214
214,5,SAT-1,Satellite,561746.224098178,153.502507608179,6.46237962940904,16.2700197975853,77.7575640381268,6.27971607877395,0.128656185976818
214,6,SAT-1,Satellite,550138.043265646,153.321137938587,6.643749299001,16.5989394133651,88.6550276262918,6.27971607877395,0.126106773498987
215,1,BS1,Terrestrial,140.115630076679,85.9655121646223,53.3709482609536,162.756368318235,NaN,223.777328803537,0.68746105333952
215,2,BS2,Terrestrial,144.901135010249,111.357860729836,27.9785996957399,170.685312037255,NaN,223.777328803537,1.31105205323522
215,3,BS1,Terrestrial,158.604085315624,119.512099700073,19.8243607255026,60.5921749083328,NaN,223.777328803537,1.84658604136656
215,4,SAT-1,Satellite,550052.290495253,153.319783919963,6.64510331762565,16.6014042820609,89.164883330008,6.27971607877395,0.126088049984214
215,5,SAT-1,Satellite,561746.224098178,153.502507608179,6.46237962940904,16.2700197975853,77.7575640381268,6.27971607877395,0.128656185976818
215,6,SAT-1,Satellite,550138.043265646,153.321137938587,6.643749299001,16.5989394133651,88.6550276262918,6.27971607877395,0.126106773498987
216,1,BS1,Terrestrial,140.115630076679,92.8778154174948,46.458645008081,141.67733062664,NaN,223.777328803537,0.789742889048544
216,2,BS2,Terrestrial,144.901135010249,115.641616740205,23.6948436853713,144.629158127182,NaN,223.777328803537,1.54724905891214
216,3,BS1,Terrestrial,158.604085315624,86.8029730173367,52.5334874082392,160.202519292731,NaN,223.777328803537,0.698420130318422
216,4,SAT-1,Satellite,550052.290495253,153.319783919963,6.64510331762565,16.6014042820609,89.164883330008,6.27971607877395,0.126088049984214
216,5,SAT-1,Satellite,561746.224098178,153.502507608179,6.46237962940904,16.2700197975853,77.7575640381268,6.27971607877395,0.128656185976818
216,6,SAT-1,Satellite,550138.043265646,153.321137938587,6.643749299001,16.5989394133651,88.6550276262918,6.27971607877395,0.126106773498987
217,1,BS1,Terrestrial,140.115630076679,88.780429406864,50.5560310187119,154.172249346025,NaN,223.777328803537,0.725738029226292
217,2,BS2,Terrestrial,144.901135010249,110.883821150271,28.4526392753047,173.572151989238,NaN,223.777328803537,1.2892467267296
217,3,BS1,Terrestrial,158.604085315624,107.913526014087,31.4229344114892,95.8347213131402,NaN,223.777328803537,1.16751697994897
217,4,SAT-1,Satellite,550052.290495253,153.319783919963,6.64510331762565,16.6014042820609,89.164883330008,6.27971607877395,0.126088049984214
217,5,SAT-1,Satellite,561746.224098178,153.502507608179,6.46237962940904,16.2700197975853,77.7575640381268,6.27971607877395,0.128656185976818
217,6,SAT-1,Satellite,550138.043265646,153.321137938587,6.643749299001,16.5989394133651,88.6550276262918,6.27971607877395,0.126106773498987
218,1,BS1,Terrestrial,140.115630076679,100.979198669482,38.3572617560937,116.973553224314,NaN,223.777328803537,0.956529585685113
218,2,BS2,Terrestrial,144.901135010249,107.142439126273,32.1940212993029,196.369244666914,NaN,223.777328803537,1.13957421989942
218,3,BS1,Terrestrial,158.604085315624,82.8722778277576,56.4641825978183,172.18924815036,NaN,223.777328803537,0.649800528219187
218,4,SAT-1,Satellite,550052.290495253,153.319783919963,6.64510331762565,16.6014042820609,89.164883330008,6.27971607877395,0.126088049984214
218,5,SAT-1,Satellite,561746.224098178,153.502507608179,6.46237962940904,16.2700197975853,77.7575640381268,6.27971607877395,0.128656185976818
218,6,SAT-1,Satellite,550138.043265646,153.321137938587,6.643749299001,16.5989394133651,88.6550276262918,6.27971607877395,0.126106773498987
219,1,BS1,Terrestrial,140.115630076679,83.5832115658155,55.7532488597604,170.021239711555,NaN,223.777328803537,0.658086393156468
219,2,BS2,Terrestrial,144.901135010249,116.181002388809,23.1554580367667,141.354304713671,NaN,223.777328803537,1.58309525314297
219,3,BS1,Terrestrial,158.604085315624,114.120728804652,25.2157316209238,76.9359214321614,NaN,223.777328803537,1.45430979858254
219,4,SAT-1,Satellite,550052.290495253,153.319783919963,6.64510331762565,16.6014042820609,89.164883330008,6.27971607877395,0.126088049984214
219,5,SAT-1,Satellite,561746.224098178,153.502507608179,6.46237962940904,16.2700197975853,77.7575640381268,6.27971607877395,0.128656185976818
219,6,SAT-1,Satellite,550138.043265646,153.321137938587,6.643749299001,16.5989394133651,88.6550276262918,6.27971607877395,0.126106773498987
220,1,BS1,Terrestrial,140.115630076679,105.0546661935,34.2817942320755,104.548299999138,NaN,223.777328803537,1.07021027030273
220,2,BS2,Terrestrial,144.901135010249,118.124184429075,21.2122759965006,129.574553613458,NaN,223.777328803537,1.72701601173253
220,3,BS1,Terrestrial,158.604085315624,109.732373021344,29.6040874042322,90.29305248912,NaN,223.777328803537,1.2391724647392
220,4,SAT-1,Satellite,550052.290495253,153.319783919963,6.64510331762565,16.6014042820609,89.164883330008,6.27971607877395,0.126088049984214
220,5,SAT-1,Satellite,561746.224098178,153.502507608179,6.46237962940904,16.2700197975853,77.7575640381268,6.27971607877395,0.128656185976818
220,6,SAT-1,Satellite,550138.043265646,153.321137938587,6.643749299001,16.5989394133651,88.6550276262918,6.27971607877395,0.126106773498987
221,1,BS2,Terrestrial,295.273297492253,90.9200175941821,48.4164428313938,147.647585185428,NaN,223.777328803537,0.757808969657375
221,2,BS2,Terrestrial,144.901135010249,113.568810172518,25.7676502530582,78.6142713900555,NaN,223.777328803537,1.4232614819594
221,3,BS1,Terrestrial,158.604085315624,106.137217870798,33.1992425547774,202.496848779757,NaN,223.777328803537,1.10509042561411
221,4,SAT-1,Satellite,550052.290495253,153.319783919963,6.64510331762565,16.6014042820609,89.164883330008,6.27971607877395,0.126088049984214
221,5,SAT-1,Satellite,561746.224098178,153.502507608179,6.46237962940904,16.2700197975853,77.7575640381268,6.27971607877395,0.128656185976818
221,6,SAT-1,Satellite,550138.043265646,153.321137938587,6.643749299001,16.5989394133651,88.6550276262918,6.27971607877395,0.126106773498987
222,1,BS1,Terrestrial,140.115630076679,111.888864626122,27.447595799454,83.7260824796215,NaN,223.777328803537,1.33636569499118
222,2,BS2,Terrestrial,144.901135010249,106.398869781912,32.9375906436639,200.90180511892,NaN,223.777328803537,1.11386420182276
222,3,BS1,Terrestrial,158.604085315624,106.142059247696,33.1944011778799,101.233667534078,NaN,223.777328803537,1.10525151490836
222,4,SAT-1,Satellite,550052.290495253,153.319783919963,6.64510331762565,16.6014042820609,89.164883330008,6.27971607877395,0.126088049984214
222,5,SAT-1,Satellite,561746.224098178,153.502507608179,6.46237962940904,16.2700197975853,77.7575640381268,6.27971607877395,0.128656185976818
222,6,SAT-1,Satellite,550138.043265646,153.321137938587,6.643749299001,16.5989394133651,88.6550276262918,6.27971607877395,0.126106773498987
223,1,BS1,Terrestrial,140.115630076679,114.533215113956,24.8032453116202,75.6819901639599,NaN,223.777328803537,1.47840541929949
223,2,BS2,Terrestrial,144.901135010249,116.614198188064,22.7222622375115,138.725584629587,NaN,223.777328803537,1.61309342758258
223,3,BS1,Terrestrial,158.604085315624,119.797637782951,19.5388226426249,59.7306897847565,NaN,223.777328803537,1.87321902367053
223,4,SAT-1,Satellite,550052.290495253,153.319783919963,6.64510331762565,16.6014042820609,89.164883330008,6.27971607877395,0.126088049984214
223,5,SAT-1,Satellite,561746.224098178,153.502507608179,6.46237962940904,16.2700197975853,77.7575640381268,6.27971607877395,0.128656185976818
223,6,SAT-1,Satellite,550138.043265646,153.321137938587,6.643749299001,16.5989394133651,88.6550276262918,6.27971607877395,0.126106773498987
224,1,BS2,Terrestrial,295.273297492253,92.4720472041796,46.8644132213963,142.91470626287,NaN,223.777328803537,0.782905183991119
224,2,BS2,Terrestrial,144.901135010249,105.58403319064,33.7524272349361,102.934619752551,NaN,223.777328803537,1.08698768860022
224,3,BS1,Terrestrial,158.604085315624,108.124353793408,31.2121066321674,190.384540123755,NaN,223.777328803537,1.17539653512873
224,4,SAT-1,Satellite,550052.290495253,153.319783919963,6.64510331762565,16.6014042820609,89.164883330008,6.27971607877395,0.126088049984214
224,5,SAT-1,Satellite,561746.224098178,153.502507608179,6.46237962940904,16.2700197975853,77.7575640381268,6.27971607877395,0.128656185976818
224,6,SAT-1,Satellite,550138.043265646,153.321137938587,6.643749299001,16.5989394133651,88.6550276262918,6.27971607877395,0.126106773498987
225,1,BS1,Terrestrial,140.115630076679,108.50254515985,30.8339152657258,94.0398749774804,NaN,223.777328803537,1.18980022494248
225,2,BS2,Terrestrial,144.901135010249,107.416741250324,31.9197191752522,194.697300933077,NaN,223.777328803537,1.14936020032684
225,3,BS1,Terrestrial,158.604085315624,91.849806662665,47.4866537629109,144.81221106432,NaN,223.777328803537,0.772646613012988
225,4,SAT-1,Satellite,550052.290495253,153.319783919963,6.64510331762565,16.6014042820609,89.164883330008,6.27971607877395,0.126088049984214
225,5,SAT-1,Satellite,561746.224098178,153.502507608179,6.46237962940904,16.2700197975853,77.7575640381268,6.27971607877395,0.128656185976818
225,6,SAT-1,Satellite,550138.043265646,153.321137938587,6.643749299001,16.5989394133651,88.6550276262918,6.27971607877395,0.126106773498987
226,1,BS1,Terrestrial,140.115630076679,107.187650226313,32.1488101992631,98.0468333026935,NaN,223.777328803537,1.14117570790218
226,2,BS2,Terrestrial,144.901135010249,107.960564234006,31.3758961915698,191.382761412692,NaN,223.777328803537,1.16926585838622
226,3,BS1,Terrestrial,158.604085315624,102.311191597453,37.0252688281229,112.912294642678,NaN,223.777328803537,0.990934288917356
226,4,SAT-1,Satellite,550052.290495253,153.319783919963,6.64510331762565,16.6014042820609,89.164883330008,6.27971607877395,0.126088049984214
226,5,SAT-1,Satellite,561746.224098178,153.502507608179,6.46237962940904,16.2700197975853,77.7575640381268,6.27971607877395,0.128656185976818
226,6,SAT-1,Satellite,550138.043265646,153.321137938587,6.643749299001,16.5989394133651,88.6550276262918,6.27971607877395,0.126106773498987
227,1,BS1,Terrestrial,140.115630076679,86.7454885371638,52.5909718884121,160.377818967276,NaN,223.777328803537,0.697656727858349
227,2,BS2,Terrestrial,144.901135010249,115.549318182361,23.7871422432148,145.189723730329,NaN,223.777328803537,1.54127525732589
227,3,BS1,Terrestrial,158.604085315624,114.641089781393,24.6953706441827,75.3541215798332,NaN,223.777328803537,1.48483801623551
227,4,SAT-1,Satellite,550052.290495253,153.319783919963,6.64510331762565,16.6014042820609,89.164883330008,6.27971607877395,0.126088049984214
227,5,SAT-1,Satellite,561746.224098178,153.502507608179,6.46237962940904,16.2700197975853,77.7575640381268,6.27971607877395,0.128656185976818
227,6,SAT-1,Satellite,550138.043265646,153.321137938587,6.643749299001,16.5989394133651,88.6550276262918,6.27971607877395,0.126106773498987
228,1,BS1,Terrestrial,140.115630076679,108.934428162296,30.4020322632796,92.723976644493,NaN,223.777328803537,1.20668535206114
228,2,BS2,Terrestrial,144.901135010249,96.0967571502903,43.2397032752855,263.722800111631,NaN,223.777328803537,0.848532355597677
228,3,BS1,Terrestrial,158.604085315624,92.9104578302255,46.4260025953504,141.577788868296,NaN,223.777328803537,0.790298148432407
228,4,SAT-1,Satellite,550052.290495253,153.319783919963,6.64510331762565,16.6014042820609,89.164883330008,6.27971607877395,0.126088049984214
228,5,SAT-1,Satellite,561746.224098178,153.502507608179,6.46237962940904,16.2700197975853,77.7575640381268,6.27971607877395,0.128656185976818
228,6,SAT-1,Satellite,550138.043265646,153.321137938587,6.643749299001,16.5989394133651,88.6550276262918,6.27971607877395,0.126106773498987
229,1,BS1,Terrestrial,140.115630076679,88.4684499410936,50.8680104844823,155.123632006567,NaN,223.777328803537,0.721287033796577
229,2,BS2,Terrestrial,144.901135010249,111.809971290578,27.5264891349975,167.932483440513,NaN,223.777328803537,1.33254343780848
229,3,BS1,Terrestrial,158.604085315624,118.996425382629,20.3400350429467,62.149449624146,NaN,223.777328803537,1.80031625506621
229,4,SAT-1,Satellite,550052.290495253,153.319783919963,6.64510331762565,16.6014042820609,89.164883330008,6.27971607877395,0.126088049984214
229,5,SAT-1,Satellite,561746.224098178,153.502507608179,6.46237962940904,16.2700197975853,77.7575640381268,6.27971607877395,0.128656185976818
229,6,SAT-1,Satellite,550138.043265646,153.321137938587,6.643749299001,16.5989394133651,88.6550276262918,6.27971607877395,0.126106773498987
230,1,BS1,Terrestrial,140.115630076679,112.946411647309,26.3900487782673,80.5076200716882,NaN,223.777328803537,1.38978974042628
230,2,BS2,Terrestrial,144.901135010249,76.9769792713392,62.3594811542366,380.334231404435,NaN,223.777328803537,0.588370202643106
230,3,BS1,Terrestrial,158.604085315624,116.80240340336,22.5340570222161,68.7919717261556,NaN,223.777328803537,1.62647852059206
230,4,SAT-1,Satellite,550052.290495253,153.319783919963,6.64510331762565,16.6014042820609,89.164883330008,6.27971607877395,0.126088049984214
230,5,SAT-1,Satellite,561746.224098178,153.502507608179,6.46237962940904,16.2700197975853,77.7575640381268,6.27971607877395,0.128656185976818
230,6,SAT-1,Satellite,550138.043265646,153.321137938587,6.643749299001,16.5989394133651,88.6550276262918,6.27971607877395,0.126106773498987
231,1,BS1,Terrestrial,140.115630076679,109.391790599656,29.9446698259194,91.3305756705569,NaN,223.777328803537,1.22509535914202
231,2,BS2,Terrestrial,144.901135010249,91.8215736625233,47.5148867630526,289.79661382847,NaN,223.777328803537,0.772187520921106
231,3,BS1,Terrestrial,158.604085315624,83.8807433688963,55.4557170566796,169.113910051656,NaN,223.777328803537,0.661617157143327
231,4,SAT-1,Satellite,550052.290495253,153.319783919963,6.64510331762565,16.6014042820609,89.164883330008,6.27971607877395,0.126088049984214
231,5,SAT-1,Satellite,561746.224098178,153.502507608179,6.46237962940904,16.2700197975853,77.7575640381268,6.27971607877395,0.128656185976818
231,6,SAT-1,Satellite,550138.043265646,153.321137938587,6.643749299001,16.5989394133651,88.6550276262918,6.27971607877395,0.126106773498987
232,1,BS1,Terrestrial,140.115630076679,105.013029698949,34.3234307266267,104.67522460921,NaN,223.777328803537,1.06891258002539
232,2,BS2,Terrestrial,144.901135010249,109.159664282371,30.1767961432047,184.075508791666,NaN,223.777328803537,1.21568225057471
232,3,BS1,Terrestrial,158.604085315624,88.3719177737152,50.9645426518607,155.418007362223,NaN,223.777328803537,0.71992085280695
232,4,SAT-1,Satellite,550052.290495253,153.319783919963,6.64510331762565,16.6014042820609,89.164883330008,6.27971607877395,0.126088049984214
232,5,SAT-1,Satellite,561746.224098178,153.502507608179,6.46237962940904,16.2700197975853,77.7575640381268,6.27971607877395,0.128656185976818
232,6,SAT-1,Satellite,550138.043265646,153.321137938587,6.643749299001,16.5989394133651,88.6550276262918,6.27971607877395,0.126106773498987
233,1,BS1,Terrestrial,140.115630076679,91.0283801715263,48.3080802540495,147.317135074172,NaN,223.777328803537,0.759508826623831
233,2,BS2,Terrestrial,144.901135010249,85.2000159586822,54.1364444668937,330.181524215817,NaN,223.777328803537,0.677740310682162
233,3,BS1,Terrestrial,158.604085315624,126.872769642592,12.463690782984,38.7388916660849,NaN,223.777328803537,2.88827737680799
233,4,SAT-1,Satellite,550052.290495253,153.319783919963,6.64510331762565,16.6014042820609,89.164883330008,6.27971607877395,0.126088049984214
233,5,SAT-1,Satellite,561746.224098178,153.502507608179,6.46237962940904,16.2700197975853,77.7575640381268,6.27971607877395,0.128656185976818
233,6,SAT-1,Satellite,550138.043265646,153.321137938587,6.643749299001,16.5989394133651,88.6550276262918,6.27971607877395,0.126106773498987
234,1,BS1,Terrestrial,140.115630076679,84.3874388788347,54.9490215467412,167.568731564205,NaN,223.777328803537,0.667718036398086
234,2,BS2,Terrestrial,144.901135010249,110.951247158893,28.3852132666832,173.161507704719,NaN,223.777328803537,1.29230411405941
234,3,BS1,Terrestrial,158.604085315624,110.392491032117,28.9439693934588,88.2823816023725,NaN,223.777328803537,1.26739517410982
234,4,SAT-1,Satellite,550052.290495253,153.319783919963,6.64510331762565,16.6014042820609,89.164883330008,6.27971607877395,0.126088049984214
234,5,SAT-1,Satellite,561746.224098178,153.502507608179,6.46237962940904,16.2700197975853,77.7575640381268,6.27971607877395,0.128656185976818
234,6,SAT-1,Satellite,550138.043265646,153.321137938587,6.643749299001,16.5989394133651,88.6550276262918,6.27971607877395,0.126106773498987
235,1,BS1,Terrestrial,140.115630076679,108.580326068084,30.7561343574923,93.8028771199049,NaN,223.777328803537,1.19280631721717
235,2,BS2,Terrestrial,144.901135010249,98.5254370143126,40.8110234112633,248.91107721056,NaN,223.777328803537,0.899025191290458
235,3,BS1,Terrestrial,158.604085315624,94.1313281902657,45.2051322353102,137.854805985731,NaN,223.777328803537,0.811641375878837
235,4,SAT-1,Satellite,550052.290495253,153.319783919963,6.64510331762565,16.6014042820609,89.164883330008,6.27971607877395,0.126088049984214
235,5,SAT-1,Satellite,561746.224098178,153.502507608179,6.46237962940904,16.2700197975853,77.7575640381268,6.27971607877395,0.128656185976818
235,6,SAT-1,Satellite,550138.043265646,153.321137938587,6.643749299001,16.5989394133651,88.6550276262918,6.27971607877395,0.126106773498987
236,1,BS1,Terrestrial,140.115630076679,89.7697674904204,49.5666929351554,151.155262999823,NaN,223.777328803537,0.740223411221211
236,2,BS2,Terrestrial,144.901135010249,114.095337158563,25.241123267013,154.02624479203,NaN,223.777328803537,1.45285194160052
236,3,BS1,Terrestrial,158.604085315624,118.123140803108,21.2133196224676,64.7904354848952,NaN,223.777328803537,1.72693181585195
236,4,SAT-1,Satellite,550052.290495253,153.319783919963,6.64510331762565,16.6014042820609,89.164883330008,6.27971607877395,0.126088049984214
236,5,SAT-1,Satellite,561746.224098178,153.502507608179,6.46237962940904,16.2700197975853,77.7575640381268,6.27971607877395,0.128656185976818
236,6,SAT-1,Satellite,550138.043265646,153.321137938587,6.643749299001,16.5989394133651,88.6550276262918,6.27971607877395,0.126106773498987
237,1,BS2,Terrestrial,295.273297492253,97.8149706341755,41.5214897914003,126.621961332649,NaN,223.777328803537,0.883643431393593
237,2,BS2,Terrestrial,144.901135010249,109.072671606065,30.2637888195113,92.3027892406056,NaN,223.777328803537,1.21219158513302
237,3,BS1,Terrestrial,158.604085315624,112.060933830943,27.2755265946331,166.404627833919,NaN,223.777328803537,1.34477827760223
237,4,SAT-1,Satellite,550052.290495253,153.319783919963,6.64510331762565,16.6014042820609,89.164883330008,6.27971607877395,0.126088049984214
237,5,SAT-1,Satellite,561746.224098178,153.502507608179,6.46237962940904,16.2700197975853,77.7575640381268,6.27971607877395,0.128656185976818
237,6,SAT-1,Satellite,550138.043265646,153.321137938587,6.643749299001,16.5989394133651,88.6550276262918,6.27971607877395,0.126106773498987
238,1,BS1,Terrestrial,140.115630076679,85.3996447977557,53.9368156278202,164.481990379484,NaN,223.777328803537,0.680248725976779
238,2,BS2,Terrestrial,144.901135010249,79.4720222520286,59.8644381735472,365.116826549664,NaN,223.777328803537,0.612892401914812
238,3,BS1,Terrestrial,158.604085315624,119.999522833799,19.336937591777,59.1219642856878,NaN,223.777328803537,1.89250586907267
238,4,SAT-1,Satellite,550052.290495253,153.319783919963,6.64510331762565,16.6014042820609,89.164883330008,6.27971607877395,0.126088049984214
238,5,SAT-1,Satellite,561746.224098178,153.502507608179,6.46237962940904,16.2700197975853,77.7575640381268,6.27971607877395,0.128656185976818
238,6,SAT-1,Satellite,550138.043265646,153.321137938587,6.643749299001,16.5989394133651,88.6550276262918,6.27971607877395,0.126106773498987
239,1,BS1,Terrestrial,140.115630076679,106.815489798499,32.5209706270772,99.1810849336988,NaN,223.777328803537,1.12812502985387
239,2,BS2,Terrestrial,144.901135010249,108.657681606721,30.6787788188549,93.5671788944681,NaN,223.777328803537,1.19581102822353
239,3,BS1,Terrestrial,158.604085315624,88.2510323039693,51.0854281216066,155.786648316187,NaN,223.777328803537,0.718217290192145
239,4,BS2,Terrestrial,1289.96657807501,113.377501850103,25.9589585754727,79.1961633514823,NaN,223.777328803537,1.41280410144609
239,5,SAT-1,Satellite,561746.224098178,153.502507608179,6.46237962940904,24.4050296963779,77.7575640381268,6.27971607877395,0.128656185976818
239,6,SAT-1,Satellite,550138.043265646,153.321137938587,6.643749299001,24.8984091200477,88.6550276262918,6.27971607877395,0.126106773498987
240,1,BS1,Terrestrial,140.115630076679,107.671595587599,31.6648648379766,96.5719786488478,NaN,223.777328803537,1.15860383070968
240,2,BS2,Terrestrial,144.901135010249,116.569199170214,22.7672612553622,138.998585265117,NaN,223.777328803537,1.60992522604974
240,3,BS1,Terrestrial,158.604085315624,96.2819937655061,43.0544666600698,131.296542811528,NaN,223.777328803537,0.852182867925023
240,4,SAT-1,Satellite,550052.290495253,153.319783919963,6.64510331762565,16.6014042820609,89.164883330008,6.27971607877395,0.126088049984214
240,5,SAT-1,Satellite,561746.224098178,153.502507608179,6.46237962940904,16.2700197975853,77.7575640381268,6.27971607877395,0.128656185976818
240,6,SAT-1,Satellite,550138.043265646,153.321137938587,6.643749299001,16.5989394133651,88.6550276262918,6.27971607877395,0.126106773498987
241,1,BS1,Terrestrial,140.115630076679,108.764994908857,30.571465516719,93.2402069064621,NaN,223.777328803537,1.20000446281736
241,2,BS1,Terrestrial,565.377728999031,100.9130924985,38.4233679270759,117.175116775196,NaN,223.777328803537,0.954884172348896
241,3,BS2,Terrestrial,577.769735954722,103.406631745045,35.9298286805307,219.144941241822,NaN,223.777328803537,1.0211384645042
241,4,SAT-1,Satellite,550052.290495253,153.319783919963,6.64510331762565,16.6014042820609,89.164883330008,6.27971607877395,0.126088049984214
241,5,SAT-1,Satellite,561746.224098178,153.502507608179,6.46237962940904,16.2700197975853,77.7575640381268,6.27971607877395,0.128656185976818
241,6,SAT-1,Satellite,550138.043265646,153.321137938587,6.643749299001,16.5989394133651,88.6550276262918,6.27971607877395,0.126106773498987
242,1,BS1,Terrestrial,140.115630076679,100.971325113479,38.3651353120966,116.997560368251,NaN,223.777328803537,0.956333311990421
242,2,BS2,Terrestrial,144.901135010249,112.438299109777,26.8981613157993,164.107548307743,NaN,223.777328803537,1.36360168140406
242,3,BS1,Terrestrial,158.604085315624,84.1385313083271,55.1979291172488,168.327780305103,NaN,223.777328803537,0.664707062607043
242,4,SAT-1,Satellite,550052.290495253,153.319783919963,6.64510331762565,16.6014042820609,89.164883330008,6.27971607877395,0.126088049984214
242,5,SAT-1,Satellite,561746.224098178,153.502507608179,6.46237962940904,16.2700197975853,77.7575640381268,6.27971607877395,0.128656185976818
242,6,SAT-1,Satellite,550138.043265646,153.321137938587,6.643749299001,16.5989394133651,88.6550276262918,6.27971607877395,0.126106773498987
243,1,BS1,Terrestrial,140.115630076679,91.7294292137882,47.6070312117877,145.179299246893,NaN,223.777328803537,0.770692963681346
243,2,BS2,Terrestrial,144.901135010249,106.544160208728,32.7923002168474,200.01612802304,NaN,223.777328803537,1.11879642414516
243,3,BS1,Terrestrial,158.604085315624,91.0636408192251,48.2728196063507,147.209608265452,NaN,223.777328803537,0.760063597207651
243,4,SAT-1,Satellite,550052.290495253,153.319783919963,6.64510331762565,16.6014042820609,89.164883330008,6.27971607877395,0.126088049984214
243,5,SAT-1,Satellite,561746.224098178,153.502507608179,6.46237962940904,16.2700197975853,77.7575640381268,6.27971607877395,0.128656185976818
243,6,SAT-1,Satellite,550138.043265646,153.321137938587,6.643749299001,16.5989394133651,88.6550276262918,6.27971607877395,0.126106773498987
244,1,BS1,Terrestrial,140.115630076679,103.254980579164,36.0814798464115,110.034819407901,NaN,223.777328803537,1.01684780330302
244,2,BS2,Terrestrial,144.901135010249,110.835953940263,28.5005064853132,173.863682946385,NaN,223.777328803537,1.2870849450057
244,3,BS1,Terrestrial,158.604085315624,110.724282241328,28.6121781842483,87.2719134824091,NaN,223.777328803537,1.28206956782632
244,4,SAT-1,Satellite,550052.290495253,153.319783919963,6.64510331762565,16.6014042820609,89.164883330008,6.27971607877395,0.126088049984214
244,5,SAT-1,Satellite,561746.224098178,153.502507608179,6.46237962940904,16.2700197975853,77.7575640381268,6.27971607877395,0.128656185976818
244,6,SAT-1,Satellite,550138.043265646,153.321137938587,6.643749299001,16.5989394133651,88.6550276262918,6.27971607877395,0.126106773498987
245,1,BS1,Terrestrial,140.115630076679,100.720585438245,38.6158749873308,117.762090283729,NaN,223.777328803537,0.950124646498634
245,2,BS2,Terrestrial,144.901135010249,103.567842441864,35.7686179837119,218.161963182511,NaN,223.777328803537,1.02573943477181
245,3,BS1,Terrestrial,158.604085315624,108.289727855653,31.0467325699225,94.6883454518982,NaN,223.777328803537,1.1816519115186
245,4,SAT-1,Satellite,550052.290495253,153.319783919963,6.64510331762565,16.6014042820609,89.164883330008,6.27971607877395,0.126088049984214
245,5,SAT-1,Satellite,561746.224098178,153.502507608179,6.46237962940904,16.2700197975853,77.7575640381268,6.27971607877395,0.128656185976818
245,6,SAT-1,Satellite,550138.043265646,153.321137938587,6.643749299001,16.5989394133651,88.6550276262918,6.27971607877395,0.126106773498987
246,1,BS1,Terrestrial,140.115630076679,118.196905066185,21.1395553593912,43.0447945743092,NaN,223.777328803537,1.73290275101074
246,2,BS1,Terrestrial,565.377728999031,98.7481939646872,40.5882664608887,82.5175282857831,NaN,223.777328803537,0.903958764690289
246,3,BS1,Terrestrial,158.604085315624,85.2032950191913,54.1331654063845,110.05384170209,NaN,223.777328803537,0.677781363929396
246,4,SAT-1,Satellite,550052.290495253,153.319783919963,6.64510331762565,16.6014042820609,89.164883330008,6.27971607877395,0.126088049984214
246,5,SAT-1,Satellite,561746.224098178,153.502507608179,6.46237962940904,16.2700197975853,77.7575640381268,6.27971607877395,0.128656185976818
246,6,SAT-1,Satellite,550138.043265646,153.321137938587,6.643749299001,16.5989394133651,88.6550276262918,6.27971607877395,0.126106773498987
247,1,BS2,Terrestrial,295.273297492253,111.588414314098,27.7480461114779,84.6407241381942,NaN,223.777328803537,1.32192470635159
247,2,BS2,Terrestrial,144.901135010249,109.88313284984,29.4533275757355,89.8338177713625,NaN,223.777328803537,1.24550717288381
247,3,BS1,Terrestrial,158.604085315624,108.250102206995,31.0863582185808,189.618181205403,NaN,223.777328803537,1.18014700584609
247,4,SAT-1,Satellite,550052.290495253,153.319783919963,6.64510331762565,16.6014042820609,89.164883330008,6.27971607877395,0.126088049984214
247,5,SAT-1,Satellite,561746.224098178,153.502507608179,6.46237962940904,16.2700197975853,77.7575640381268,6.27971607877395,0.128656185976818
247,6,SAT-1,Satellite,550138.043265646,153.321137938587,6.643749299001,16.5989394133651,88.6550276262918,6.27971607877395,0.126106773498987
248,1,BS2,Terrestrial,295.273297492253,94.4390505025965,44.8974099229793,136.916426897371,NaN,223.777328803537,0.817204092578591
248,2,BS2,Terrestrial,144.901135010249,86.5098754284986,52.8265849970773,161.096324357166,NaN,223.777328803537,0.694545110499859
248,3,BS1,Terrestrial,158.604085315624,81.7201095070849,57.616350918491,351.405626065766,NaN,223.777328803537,0.636806334915245
248,4,SAT-1,Satellite,550052.290495253,153.319783919963,6.64510331762565,16.6014042820609,89.164883330008,6.27971607877395,0.126088049984214
248,5,SAT-1,Satellite,561746.224098178,153.502507608179,6.46237962940904,16.2700197975853,77.7575640381268,6.27971607877395,0.128656185976818
248,6,SAT-1,Satellite,550138.043265646,153.321137938587,6.643749299001,16.5989394133651,88.6550276262918,6.27971607877395,0.126106773498987
249,1,BS1,Terrestrial,140.115630076679,112.429620907938,26.906839517638,82.0801846982652,NaN,223.777328803537,1.36316292188038
249,2,BS2,Terrestrial,144.901135010249,80.1276523869716,59.2088080386043,361.118103483691,NaN,223.777328803537,0.619679065227599
249,3,BS1,Terrestrial,158.604085315624,109.154504434505,30.1819559910704,92.0534744226775,NaN,223.777328803537,1.21547464779021
249,4,SAT-1,Satellite,550052.290495253,153.319783919963,6.64510331762565,16.6014042820609,89.164883330008,6.27971607877395,0.126088049984214
249,5,SAT-1,Satellite,561746.224098178,153.502507608179,6.46237962940904,16.2700197975853,77.7575640381268,6.27971607877395,0.128656185976818
249,6,SAT-1,Satellite,550138.043265646,153.321137938587,6.643749299001,16.5989394133651,88.6550276262918,6.27971607877395,0.126106773498987
250,1,BS1,Terrestrial,140.115630076679,83.7145157125915,55.6219447129844,169.620824858859,NaN,223.777328803537,0.659639902676283
250,2,BS2,Terrestrial,144.901135010249,108.129309635708,31.2071507898677,190.354337004976,NaN,223.777328803537,1.17558303280312
250,3,BS1,Terrestrial,158.604085315624,112.155136423233,27.181324002343,82.9155830871611,NaN,223.777328803537,1.34942866269361
250,4,SAT-1,Satellite,550052.290495253,153.319783919963,6.64510331762565,16.6014042820609,89.164883330008,6.27971607877395,0.126088049984214
250,5,SAT-1,Satellite,561746.224098178,153.502507608179,6.46237962940904,16.2700197975853,77.7575640381268,6.27971607877395,0.128656185976818
250,6,SAT-1,Satellite,550138.043265646,153.321137938587,6.643749299001,16.5989394133651,88.6550276262918,6.27971607877395,0.126106773498987
251,1,BS1,Terrestrial,140.115630076679,103.887524565943,35.4489358596329,108.106369315277,NaN,223.777328803537,1.03498679227179
251,2,BS2,Terrestrial,144.901135010249,107.490864246145,31.8455961794313,97.1227566024286,NaN,223.777328803537,1.15203345040735
251,3,BS1,Terrestrial,158.604085315624,86.8846132423166,52.4518471832592,159.953556380582,NaN,223.777328803537,0.699507200299749
251,4,BS2,Terrestrial,1289.96657807501,108.482036006284,30.8544244192919,94.1023668038541,NaN,223.777328803537,1.18901009827934
251,5,SAT-1,Satellite,561746.224098178,153.502507608179,6.46237962940904,24.4050296963779,77.7575640381268,6.27971607877395,0.128656185976818
251,6,SAT-1,Satellite,550138.043265646,153.321137938587,6.643749299001,24.8984091200477,88.6550276262918,6.27971607877395,0.126106773498987
252,1,BS1,Terrestrial,140.115630076679,84.3806182122466,54.9558422133293,111.726354216684,NaN,223.777328803537,0.667635165019767
252,2,BS2,Terrestrial,144.901135010249,117.022005306352,22.3144551192241,136.252199779391,NaN,223.777328803537,1.64237589679917
252,3,BS1,Terrestrial,158.604085315624,117.028081918689,22.308378506887,45.4051181824948,NaN,223.777328803537,1.64282014716284
252,4,BS1,Terrestrial,1684.50877122662,127.617724075942,11.718736349634,24.399638395233,NaN,223.777328803537,3.05711263938591
252,5,SAT-1,Satellite,561746.224098178,153.502507608179,6.46237962940904,24.4050296963779,77.7575640381268,6.27971607877395,0.128656185976818
252,6,SAT-1,Satellite,550138.043265646,153.321137938587,6.643749299001,24.8984091200477,88.6550276262918,6.27971607877395,0.126106773498987
253,1,BS1,Terrestrial,140.115630076679,113.03023123028,26.3062291952961,80.2526009818812,NaN,223.777328803537,1.39420608220573
253,2,BS2,Terrestrial,144.901135010249,82.9585306588669,56.377929766709,343.852436309474,NaN,223.777328803537,0.650794658328765
253,3,BS1,Terrestrial,158.604085315624,108.436169253278,30.9002911722983,94.2421246489664,NaN,223.777328803537,1.18724683700131
253,4,SAT-1,Satellite,550052.290495253,153.319783919963,6.64510331762565,16.6014042820609,89.164883330008,6.27971607877395,0.126088049984214
253,5,SAT-1,Satellite,561746.224098178,153.502507608179,6.46237962940904,16.2700197975853,77.7575640381268,6.27971607877395,0.128656185976818
253,6,SAT-1,Satellite,550138.043265646,153.321137938587,6.643749299001,16.5989394133651,88.6550276262918,6.27971607877395,0.126106773498987
254,1,BS1,Terrestrial,140.115630076679,111.506409973568,27.830050452008,84.8903834504167,NaN,223.777328803537,1.31803697726399
254,2,BS2,Terrestrial,144.901135010249,105.08053340013,34.2559270254457,208.938893368756,NaN,223.777328803537,1.07101806272417
254,3,BS1,Terrestrial,158.604085315624,117.60850216642,21.7279582591558,66.3487283309118,NaN,223.777328803537,1.68637240255349
254,4,SAT-1,Satellite,550052.290495253,153.319783919963,6.64510331762565,16.6014042820609,89.164883330008,6.27971607877395,0.126088049984214
254,5,SAT-1,Satellite,561746.224098178,153.502507608179,6.46237962940904,16.2700197975853,77.7575640381268,6.27971607877395,0.128656185976818
254,6,SAT-1,Satellite,550138.043265646,153.321137938587,6.643749299001,16.5989394133651,88.6550276262918,6.27971607877395,0.126106773498987
255,1,BS1,Terrestrial,140.115630076679,103.383429372802,35.9530310527738,109.643208940991,NaN,223.777328803537,1.02047965836157
255,2,BS2,Terrestrial,144.901135010249,99.0070524977641,40.3294079278117,245.973933195588,NaN,223.777328803537,0.909760338814435
255,3,BS1,Terrestrial,158.604085315624,103.692257767087,35.6442026584891,108.701675270157,NaN,223.777328803537,1.02931867539016
255,4,SAT-1,Satellite,550052.290495253,153.319783919963,6.64510331762565,16.6014042820609,89.164883330008,6.27971607877395,0.126088049984214
255,5,SAT-1,Satellite,561746.224098178,153.502507608179,6.46237962940904,16.2700197975853,77.7575640381268,6.27971607877395,0.128656185976818
255,6,SAT-1,Satellite,550138.043265646,153.321137938587,6.643749299001,16.5989394133651,88.6550276262918,6.27971607877395,0.126106773498987
256,1,BS1,Terrestrial,140.115630076679,87.1995072121998,52.1369532133761,105.995522292298,NaN,223.777328803537,0.703732019252786
256,2,BS1,Terrestrial,565.377728999031,98.8913965116804,40.4450639138954,82.2264204913561,NaN,223.777328803537,0.907159067472162
256,3,BS1,Terrestrial,158.604085315624,107.416092043386,31.9203683821897,64.9004193140117,NaN,223.777328803537,1.14933684131696
256,4,SAT-1,Satellite,550052.290495253,153.319783919963,6.64510331762565,16.6014042820609,89.164883330008,6.27971607877395,0.126088049984214
256,5,SAT-1,Satellite,561746.224098178,153.502507608179,6.46237962940904,16.2700197975853,77.7575640381268,6.27971607877395,0.128656185976818
256,6,SAT-1,Satellite,550138.043265646,153.321137938587,6.643749299001,16.5989394133651,88.6550276262918,6.27971607877395,0.126106773498987
257,1,BS1,Terrestrial,140.115630076679,115.593689094697,23.7427713308789,72.4601176976352,NaN,223.777328803537,1.54414135605828
257,2,BS2,Terrestrial,144.901135010249,105.232232929912,34.1042274956641,208.014022098288,NaN,223.777328803537,1.07578001976136
257,3,BS1,Terrestrial,158.604085315624,110.059721945711,29.2767384798649,89.2959266443329,NaN,223.777328803537,1.25300972403168
257,4,SAT-1,Satellite,550052.290495253,153.319783919963,6.64510331762565,16.6014042820609,89.164883330008,6.27971607877395,0.126088049984214
257,5,SAT-1,Satellite,561746.224098178,153.502507608179,6.46237962940904,16.2700197975853,77.7575640381268,6.27971607877395,0.128656185976818
257,6,SAT-1,Satellite,550138.043265646,153.321137938587,6.643749299001,16.5989394133651,88.6550276262918,6.27971607877395,0.126106773498987
258,1,BS1,Terrestrial,140.115630076679,87.4018807299845,51.9345796955914,105.584095459241,NaN,223.777328803537,0.706474233738241
258,2,BS1,Terrestrial,565.377728999031,102.246780381923,37.089680043653,75.4057866046522,NaN,223.777328803537,0.98921377646514
258,3,BS1,Terrestrial,158.604085315624,112.863020023922,26.4734404016537,53.8408988632001,NaN,223.777328803537,1.38542343291924
258,4,SAT-1,Satellite,550052.290495253,153.319783919963,6.64510331762565,16.6014042820609,89.164883330008,6.27971607877395,0.126088049984214
258,5,SAT-1,Satellite,561746.224098178,153.502507608179,6.46237962940904,16.2700197975853,77.7575640381268,6.27971607877395,0.128656185976818
258,6,SAT-1,Satellite,550138.043265646,153.321137938587,6.643749299001,16.5989394133651,88.6550276262918,6.27971607877395,0.126106773498987
259,1,BS1,Terrestrial,140.115630076679,96.1882659958646,43.1481944297113,131.582354461617,NaN,223.777328803537,0.850331831038996
259,2,BS2,Terrestrial,144.901135010249,104.711105295665,34.6253551299109,211.19124712973,NaN,223.777328803537,1.05959565959699
259,3,BS1,Terrestrial,158.604085315624,105.675058676737,33.6614017488385,102.65715297825,NaN,223.777328803537,1.0899256520924
259,4,SAT-1,Satellite,550052.290495253,153.319783919963,6.64510331762565,16.6014042820609,89.164883330008,6.27971607877395,0.126088049984214
259,5,SAT-1,Satellite,561746.224098178,153.502507608179,6.46237962940904,16.2700197975853,77.7575640381268,6.27971607877395,0.128656185976818
259,6,SAT-1,Satellite,550138.043265646,153.321137938587,6.643749299001,16.5989394133651,88.6550276262918,6.27971607877395,0.126106773498987
260,1,BS1,Terrestrial,140.115630076679,84.6110262032705,54.7254342223053,166.886897551447,NaN,223.777328803537,0.670446068825003
260,2,BS2,Terrestrial,144.901135010249,112.114463290147,27.2219971354288,166.078762446347,NaN,223.777328803537,1.34741688526147
260,3,BS1,Terrestrial,158.604085315624,110.667186405068,28.669274020508,87.4457911679775,NaN,223.777328803537,1.27952029374219
260,4,SAT-1,Satellite,550052.290495253,153.319783919963,6.64510331762565,16.6014042820609,89.164883330008,6.27971607877395,0.126088049984214
260,5,SAT-1,Satellite,561746.224098178,153.502507608179,6.46237962940904,16.2700197975853,77.7575640381268,6.27971607877395,0.128656185976818
260,6,SAT-1,Satellite,550138.043265646,153.321137938587,6.643749299001,16.5989394133651,88.6550276262918,6.27971607877395,0.126106773498987
261,1,BS1,Terrestrial,140.115630076679,108.017041600143,31.3194188254325,95.5192774748952,NaN,223.777328803537,1.17137259995686
261,2,BS2,Terrestrial,144.901135010249,105.618495348441,33.7179650771344,205.659141637841,NaN,223.777328803537,1.08809813666149
261,3,BS1,Terrestrial,158.604085315624,114.495579716894,24.8408807086821,75.7963835621718,NaN,223.777328803537,1.47617418065853
261,4,SAT-1,Satellite,550052.290495253,153.319783919963,6.64510331762565,16.6014042820609,89.164883330008,6.27971607877395,0.126088049984214
261,5,SAT-1,Satellite,561746.224098178,153.502507608179,6.46237962940904,16.2700197975853,77.7575640381268,6.27971607877395,0.128656185976818
261,6,SAT-1,Satellite,550138.043265646,153.321137938587,6.643749299001,16.5989394133651,88.6550276262918,6.27971607877395,0.126106773498987
262,1,BS1,Terrestrial,140.115630076679,117.980552554539,21.3559078710365,65.2220515136239,NaN,223.777328803537,1.71550360353809
262,2,BS2,Terrestrial,144.901135010249,81.1217024323084,58.2147579932675,355.055340805959,NaN,223.777328803537,0.630260421644617
262,3,BS1,Terrestrial,158.604085315624,102.404216216173,36.9322442094025,112.628670147082,NaN,223.777328803537,0.993429685848665
262,4,SAT-1,Satellite,550052.290495253,153.319783919963,6.64510331762565,16.6014042820609,89.164883330008,6.27971607877395,0.126088049984214
262,5,SAT-1,Satellite,561746.224098178,153.502507608179,6.46237962940904,16.2700197975853,77.7575640381268,6.27971607877395,0.128656185976818
262,6,SAT-1,Satellite,550138.043265646,153.321137938587,6.643749299001,16.5989394133651,88.6550276262918,6.27971607877395,0.126106773498987
263,1,BS1,Terrestrial,140.115630076679,117.262485771904,22.0739746536716,67.3971462875677,NaN,223.777328803537,1.66013949499236
263,2,BS2,Terrestrial,144.901135010249,107.749248709085,31.5872117164905,192.670671732621,NaN,223.777328803537,1.16144988124651
263,3,BS1,Terrestrial,158.604085315624,107.092127089104,32.244333336472,98.3379584121688,NaN,223.777328803537,1.13779730846968
263,4,SAT-1,Satellite,550052.290495253,153.319783919963,6.64510331762565,16.6014042820609,89.164883330008,6.27971607877395,0.126088049984214
263,5,SAT-1,Satellite,561746.224098178,153.502507608179,6.46237962940904,16.2700197975853,77.7575640381268,6.27971607877395,0.128656185976818
263,6,SAT-1,Satellite,550138.043265646,153.321137938587,6.643749299001,16.5989394133651,88.6550276262918,6.27971607877395,0.126106773498987
264,1,BS1,Terrestrial,140.115630076679,105.046667304661,34.289793120915,104.572683761439,NaN,223.777328803537,1.06996072374904
264,2,BS2,Terrestrial,144.901135010249,108.647670546583,30.6887898789926,187.195363726478,NaN,223.777328803537,1.19542131999867
264,3,BS1,Terrestrial,158.604085315624,115.685632517861,23.6508279077152,72.1809253486327,NaN,223.777328803537,1.55011402058575
264,4,SAT-1,Satellite,550052.290495253,153.319783919963,6.64510331762565,16.6014042820609,89.164883330008,6.27971607877395,0.126088049984214
264,5,SAT-1,Satellite,561746.224098178,153.502507608179,6.46237962940904,16.2700197975853,77.7575640381268,6.27971607877395,0.128656185976818
264,6,SAT-1,Satellite,550138.043265646,153.321137938587,6.643749299001,16.5989394133651,88.6550276262918,6.27971607877395,0.126106773498987
265,1,BS1,Terrestrial,140.115630076679,113.736583614491,25.5998768110846,78.1040198361521,NaN,223.777328803537,1.4325596126357
265,2,BS2,Terrestrial,144.901135010249,87.4005820725638,51.935878353012,316.760206916501,NaN,223.777328803537,0.706456568461978
265,3,BS1,Terrestrial,158.604085315624,90.8144196076355,48.5220408179403,147.969604831311,NaN,223.777328803537,0.75615978382401
265,4,SAT-1,Satellite,550052.290495253,153.319783919963,6.64510331762565,16.6014042820609,89.164883330008,6.27971607877395,0.126088049984214
265,5,SAT-1,Satellite,561746.224098178,153.502507608179,6.46237962940904,16.2700197975853,77.7575640381268,6.27971607877395,0.128656185976818
265,6,SAT-1,Satellite,550138.043265646,153.321137938587,6.643749299001,16.5989394133651,88.6550276262918,6.27971607877395,0.126106773498987
266,1,BS1,Terrestrial,140.115630076679,78.0779395806412,61.2585208449347,186.809706439541,NaN,223.777328803537,0.598944597335365
266,2,BS2,Terrestrial,144.901135010249,103.844645428602,35.4918149969742,216.474186870404,NaN,223.777328803537,1.03373677960738
266,3,BS1,Terrestrial,158.604085315624,118.017250407196,21.3192100183794,65.1109567787495,NaN,223.777328803537,1.71843065955815
266,4,SAT-1,Satellite,550052.290495253,153.319783919963,6.64510331762565,16.6014042820609,89.164883330008,6.27971607877395,0.126088049984214
266,5,SAT-1,Satellite,561746.224098178,153.502507608179,6.46237962940904,16.2700197975853,77.7575640381268,6.27971607877395,0.128656185976818
266,6,SAT-1,Satellite,550138.043265646,153.321137938587,6.643749299001,16.5989394133651,88.6550276262918,6.27971607877395,0.126106773498987
267,1,BS1,Terrestrial,140.115630076679,87.7340078516677,51.6024525739081,157.363318312425,NaN,223.777328803537,0.711021257060859
267,2,BS2,Terrestrial,144.901135010249,123.48273370667,15.8537267189055,97.372179829788,NaN,223.777328803537,2.29816492960014
267,3,BS1,Terrestrial,158.604085315624,115.123445421171,24.2130150044046,73.8884219135722,NaN,223.777328803537,1.51429224639072
267,4,SAT-1,Satellite,550052.290495253,153.319783919963,6.64510331762565,16.6014042820609,89.164883330008,6.27971607877395,0.126088049984214
267,5,SAT-1,Satellite,561746.224098178,153.502507608179,6.46237962940904,16.2700197975853,77.7575640381268,6.27971607877395,0.128656185976818
267,6,SAT-1,Satellite,550138.043265646,153.321137938587,6.643749299001,16.5989394133651,88.6550276262918,6.27971607877395,0.126106773498987
268,1,BS1,Terrestrial,140.115630076679,87.7568886902267,51.5795717353492,157.293542992746,NaN,223.777328803537,0.711336665656572
268,2,BS2,Terrestrial,144.901135010249,78.0009627726939,61.335497652882,374.088898699713,NaN,223.777328803537,0.598192915056715
268,3,BS1,Terrestrial,158.604085315624,104.878100215754,34.4583602098218,105.086546453541,NaN,223.777328803537,1.06472872292207
268,4,SAT-1,Satellite,550052.290495253,153.319783919963,6.64510331762565,16.6014042820609,89.164883330008,6.27971607877395,0.126088049984214
268,5,SAT-1,Satellite,561746.224098178,153.502507608179,6.46237962940904,16.2700197975853,77.7575640381268,6.27971607877395,0.128656185976818
268,6,SAT-1,Satellite,550138.043265646,153.321137938587,6.643749299001,16.5989394133651,88.6550276262918,6.27971607877395,0.126106773498987
269,1,BS1,Terrestrial,140.115630076679,96.7911263502872,42.5453340752887,129.744009251439,NaN,223.777328803537,0.862380198109438
269,2,BS2,Terrestrial,144.901135010249,111.225805331376,28.1106550942002,171.489464318967,NaN,223.777328803537,1.30490423824123
269,3,BS1,Terrestrial,158.604085315624,111.613318809979,27.7231416155966,84.5649048399328,NaN,223.777328803537,1.32310991910362
269,4,SAT-1,Satellite,550052.290495253,153.319783919963,6.64510331762565,16.6014042820609,89.164883330008,6.27971607877395,0.126088049984214
269,5,SAT-1,Satellite,561746.224098178,153.502507608179,6.46237962940904,16.2700197975853,77.7575640381268,6.27971607877395,0.128656185976818
269,6,SAT-1,Satellite,550138.043265646,153.321137938587,6.643749299001,16.5989394133651,88.6550276262918,6.27971607877395,0.126106773498987
270,1,BS2,Terrestrial,295.273297492253,94.9365948382406,44.3998655873353,135.399202574248,NaN,223.777328803537,0.826361324694012
270,2,BS2,Terrestrial,144.901135010249,85.4004418017011,53.9360186238748,164.479559901868,NaN,223.777328803537,0.680258777859837
270,3,BS1,Terrestrial,158.604085315624,102.739430317416,36.5970301081599,223.213280046972,NaN,223.777328803537,1.00252694981431
270,4,SAT-1,Satellite,550052.290495253,153.319783919963,6.64510331762565,16.6014042820609,89.164883330008,6.27971607877395,0.126088049984214
270,5,SAT-1,Satellite,561746.224098178,153.502507608179,6.46237962940904,16.2700197975853,77.7575640381268,6.27971607877395,0.128656185976818
270,6,SAT-1,Satellite,550138.043265646,153.321137938587,6.643749299001,16.5989394133651,88.6550276262918,6.27971607877395,0.126106773498987
271,1,BS1,Terrestrial,140.115630076679,104.12768089851,35.2087795270654,107.374220045475,NaN,223.777328803537,1.04204402466794
271,2,BS2,Terrestrial,144.901135010249,109.700869039199,29.6355913863768,180.778040161012,NaN,223.777328803537,1.23785681382665
271,3,BS1,Terrestrial,158.604085315624,87.2007805947852,52.1356798307907,158.989400243807,NaN,223.777328803537,0.703749207369737
271,4,SAT-1,Satellite,550052.290495253,153.319783919963,6.64510331762565,16.6014042820609,89.164883330008,6.27971607877395,0.126088049984214
271,5,SAT-1,Satellite,561746.224098178,153.502507608179,6.46237962940904,16.2700197975853,77.7575640381268,6.27971607877395,0.128656185976818
271,6,SAT-1,Satellite,550138.043265646,153.321137938587,6.643749299001,16.5989394133651,88.6550276262918,6.27971607877395,0.126106773498987
272,1,BS2,Terrestrial,295.273297492253,118.39288340463,20.943577020946,63.9742157412743,NaN,223.777328803537,1.74896500262341
272,2,BS2,Terrestrial,144.901135010249,101.896244650422,37.4402157751542,114.177448451936,NaN,223.777328803537,0.97995414960485
272,3,BS1,Terrestrial,158.604085315624,107.072863859347,32.2635965662292,196.793334540556,NaN,223.777328803537,1.13711843607904
272,4,SAT-1,Satellite,550052.290495253,153.319783919963,6.64510331762565,16.6014042820609,89.164883330008,6.27971607877395,0.126088049984214
272,5,SAT-1,Satellite,561746.224098178,153.502507608179,6.46237962940904,16.2700197975853,77.7575640381268,6.27971607877395,0.128656185976818
272,6,SAT-1,Satellite,550138.043265646,153.321137938587,6.643749299001,16.5989394133651,88.6550276262918,6.27971607877395,0.126106773498987
273,1,BS1,Terrestrial,140.115630076679,79.6512743892691,59.6851860363068,364.023558164228,NaN,223.777328803537,0.614733095660202
273,2,BS2,Terrestrial,144.901135010249,111.519027109384,27.8174333161921,84.8519705184118,NaN,223.777328803537,1.31863365951519
273,3,BS2,Terrestrial,577.769735954722,100.328918222292,39.0075422032838,118.956334143976,NaN,223.777328803537,0.940586015927047
273,4,SAT-1,Satellite,550052.290495253,153.319783919963,6.64510331762565,16.6014042820609,89.164883330008,6.27971607877395,0.126088049984214
273,5,SAT-1,Satellite,561746.224098178,153.502507608179,6.46237962940904,16.2700197975853,77.7575640381268,6.27971607877395,0.128656185976818
273,6,SAT-1,Satellite,550138.043265646,153.321137938587,6.643749299001,16.5989394133651,88.6550276262918,6.27971607877395,0.126106773498987
274,1,BS2,Terrestrial,295.273297492253,107.053591927428,32.2828684981474,98.455402804747,NaN,223.777328803537,1.13644006539349
274,2,BS2,Terrestrial,144.901135010249,99.1347048254073,40.2017556001686,122.597723612831,NaN,223.777328803537,0.912648792363532
274,3,BS1,Terrestrial,158.604085315624,101.98798633425,37.3484740913261,227.795460806509,NaN,223.777328803537,0.982360789856193
274,4,SAT-1,Satellite,550052.290495253,153.319783919963,6.64510331762565,16.6014042820609,89.164883330008,6.27971607877395,0.126088049984214
274,5,SAT-1,Satellite,561746.224098178,153.502507608179,6.46237962940904,16.2700197975853,77.7575640381268,6.27971607877395,0.128656185976818
274,6,SAT-1,Satellite,550138.043265646,153.321137938587,6.643749299001,16.5989394133651,88.6550276262918,6.27971607877395,0.126106773498987
275,1,BS1,Terrestrial,140.115630076679,114.101198313869,25.2352621117074,76.9953019727494,NaN,223.777328803537,1.45318820155247
275,2,BS2,Terrestrial,144.901135010249,90.5511949538984,48.7852654716775,297.5446107226,NaN,223.777328803537,0.752079925964998
275,3,BS1,Terrestrial,158.604085315624,127.553797891993,11.7826625335826,36.78219137703,NaN,223.777328803537,3.04192491564387
275,4,SAT-1,Satellite,550052.290495253,153.319783919963,6.64510331762565,16.6014042820609,89.164883330008,6.27971607877395,0.126088049984214
275,5,SAT-1,Satellite,561746.224098178,153.502507608179,6.46237962940904,16.2700197975853,77.7575640381268,6.27971607877395,0.128656185976818
275,6,SAT-1,Satellite,550138.043265646,153.321137938587,6.643749299001,16.5989394133651,88.6550276262918,6.27971607877395,0.126106773498987
276,1,BS1,Terrestrial,140.115630076679,115.676428380903,23.6600320446726,72.2088731907262,NaN,223.777328803537,1.54951406188317
276,2,BS2,Terrestrial,144.901135010249,108.98347719271,30.3529832328661,185.149074308115,NaN,223.777328803537,1.20863325749681
276,3,BS1,Terrestrial,158.604085315624,87.9393594689222,51.3971009566537,156.737096830835,NaN,223.777328803537,0.71386204455815
276,4,SAT-1,Satellite,550052.290495253,153.319783919963,6.64510331762565,16.6014042820609,89.164883330008,6.27971607877395,0.126088049984214
276,5,SAT-1,Satellite,561746.224098178,153.502507608179,6.46237962940904,16.2700197975853,77.7575640381268,6.27971607877395,0.128656185976818
276,6,SAT-1,Satellite,550138.043265646,153.321137938587,6.643749299001,16.5989394133651,88.6550276262918,6.27971607877395,0.126106773498987
277,1,BS2,Terrestrial,295.273297492253,95.3336289524703,44.0028314731055,134.18848116749,NaN,223.777328803537,0.833817205681852
277,2,BS2,Terrestrial,144.901135010249,111.537619912629,27.7988405129471,84.7953649733464,NaN,223.777328803537,1.31951391962212
277,3,BS1,Terrestrial,158.604085315624,109.995803662244,29.3406567633314,178.981238157341,NaN,223.777328803537,1.25028372307279
277,4,SAT-1,Satellite,550052.290495253,153.319783919963,6.64510331762565,16.6014042820609,89.164883330008,6.27971607877395,0.126088049984214
277,5,SAT-1,Satellite,561746.224098178,153.502507608179,6.46237962940904,16.2700197975853,77.7575640381268,6.27971607877395,0.128656185976818
277,6,SAT-1,Satellite,550138.043265646,153.321137938587,6.643749299001,16.5989394133651,88.6550276262918,6.27971607877395,0.126106773498987
278,1,BS1,Terrestrial,140.115630076679,89.7711408990453,49.5653195265306,151.151074795316,NaN,223.777328803537,0.740243921872769
278,2,BS2,Terrestrial,144.901135010249,110.310783556302,29.0256768692736,177.062473218223,NaN,223.777328803537,1.26383261645589
278,3,BS1,Terrestrial,158.604085315624,107.838006426134,31.4984539994415,96.0648561552308,NaN,223.777328803537,1.16472005351227
278,4,SAT-1,Satellite,550052.290495253,153.319783919963,6.64510331762565,16.6014042820609,89.164883330008,6.27971607877395,0.126088049984214
278,5,SAT-1,Satellite,561746.224098178,153.502507608179,6.46237962940904,16.2700197975853,77.7575640381268,6.27971607877395,0.128656185976818
278,6,SAT-1,Satellite,550138.043265646,153.321137938587,6.643749299001,16.5989394133651,88.6550276262918,6.27971607877395,0.126106773498987
279,1,BS1,Terrestrial,140.115630076679,108.192803889447,31.1436565361293,94.9836884759617,NaN,223.777328803537,1.17797767382012
279,2,BS2,Terrestrial,144.901135010249,113.910901351238,25.4255590743377,155.147844836422,NaN,223.777328803537,1.44234893523319
279,3,BS1,Terrestrial,158.604085315624,112.268906574087,27.0675538514893,82.5693090110469,NaN,223.777328803537,1.35508781340049
279,4,SAT-1,Satellite,550052.290495253,153.319783919963,6.64510331762565,16.6014042820609,89.164883330008,6.27971607877395,0.126088049984214
279,5,SAT-1,Satellite,561746.224098178,153.502507608179,6.46237962940904,16.2700197975853,77.7575640381268,6.27971607877395,0.128656185976818
279,6,SAT-1,Satellite,550138.043265646,153.321137938587,6.643749299001,16.5989394133651,88.6550276262918,6.27971607877395,0.126106773498987
280,1,BS1,Terrestrial,140.115630076679,84.2794917607565,55.0569686648194,167.897918497948,NaN,223.777328803537,0.666408883461746
280,2,BS2,Terrestrial,144.901135010249,99.3423879030494,39.9940725225264,243.928899520848,NaN,223.777328803537,0.917387522524413
280,3,BS1,Terrestrial,158.604085315624,124.759072007234,14.5773884183414,44.9079340247816,NaN,223.777328803537,2.4915121755551
280,4,SAT-1,Satellite,550052.290495253,153.319783919963,6.64510331762565,16.6014042820609,89.164883330008,6.27971607877395,0.126088049984214
280,5,SAT-1,Satellite,561746.224098178,153.502507608179,6.46237962940904,16.2700197975853,77.7575640381268,6.27971607877395,0.128656185976818
280,6,SAT-1,Satellite,550138.043265646,153.321137938587,6.643749299001,16.5989394133651,88.6550276262918,6.27971607877395,0.126106773498987
281,1,BS1,Terrestrial,140.115630076679,98.6019393832067,40.7345210423692,124.222261862342,NaN,223.777328803537,0.900713468941333
281,2,BS2,Terrestrial,144.901135010249,103.936277249207,35.4001831763684,215.91547833884,NaN,223.777328803537,1.03641170389998
281,3,BS1,Terrestrial,158.604085315624,107.894072921126,31.44238750445,95.8940014805761,NaN,223.777328803537,1.16679523926669
281,4,SAT-1,Satellite,550052.290495253,153.319783919963,6.64510331762565,16.6014042820609,89.164883330008,6.27971607877395,0.126088049984214
281,5,SAT-1,Satellite,561746.224098178,153.502507608179,6.46237962940904,16.2700197975853,77.7575640381268,6.27971607877395,0.128656185976818
281,6,SAT-1,Satellite,550138.043265646,153.321137938587,6.643749299001,16.5989394133651,88.6550276262918,6.27971607877395,0.126106773498987
282,1,BS1,Terrestrial,140.115630076679,107.547343018539,31.7891174070372,96.9506361582227,NaN,223.777328803537,1.15407870268295
282,2,BS2,Terrestrial,144.901135010249,103.124397175568,36.2120632500075,220.865881459005,NaN,223.777328803537,1.01318196964284
282,3,BS1,Terrestrial,158.604085315624,106.136373207758,33.2000872178181,101.250998982781,NaN,223.777328803537,1.10506232556576
282,4,SAT-1,Satellite,550052.290495253,153.319783919963,6.64510331762565,16.6014042820609,89.164883330008,6.27971607877395,0.126088049984214
282,5,SAT-1,Satellite,561746.224098178,153.502507608179,6.46237962940904,16.2700197975853,77.7575640381268,6.27971607877395,0.128656185976818
282,6,SAT-1,Satellite,550138.043265646,153.321137938587,6.643749299001,16.5989394133651,88.6550276262918,6.27971607877395,0.126106773498987
283,1,BS1,Terrestrial,140.115630076679,103.553377649843,35.7830827757328,109.125080744395,NaN,223.777328803537,1.02532491741149
283,2,BS2,Terrestrial,144.901135010249,88.4113642557633,50.9250961698125,310.595430199821,NaN,223.777328803537,0.720478497251458
283,3,BS1,Terrestrial,158.604085315624,112.2034817122,27.132978713376,82.7684358433043,NaN,223.777328803537,1.35182770172913
283,4,SAT-1,Satellite,550052.290495253,153.319783919963,6.64510331762565,16.6014042820609,89.164883330008,6.27971607877395,0.126088049984214
283,5,SAT-1,Satellite,561746.224098178,153.502507608179,6.46237962940904,16.2700197975853,77.7575640381268,6.27971607877395,0.128656185976818
283,6,SAT-1,Satellite,550138.043265646,153.321137938587,6.643749299001,16.5989394133651,88.6550276262918,6.27971607877395,0.126106773498987
284,1,BS2,Terrestrial,295.273297492253,98.9378003064604,40.3986601191154,123.198133813087,NaN,223.777328803537,0.908200968137414
284,2,BS2,Terrestrial,144.901135010249,91.4226455202112,47.9138149053646,146.114829649907,NaN,223.777328803537,0.765758442656748
284,3,BS1,Terrestrial,158.604085315624,87.7699425763945,51.5665178491813,314.50747010499,NaN,223.777328803537,0.711516736721182
284,4,SAT-1,Satellite,550052.290495253,153.319783919963,6.64510331762565,16.6014042820609,89.164883330008,6.27971607877395,0.126088049984214
284,5,SAT-1,Satellite,561746.224098178,153.502507608179,6.46237962940904,16.2700197975853,77.7575640381268,6.27971607877395,0.128656185976818
284,6,SAT-1,Satellite,550138.043265646,153.321137938587,6.643749299001,16.5989394133651,88.6550276262918,6.27971607877395,0.126106773498987
285,1,BS1,Terrestrial,140.115630076679,103.919534245812,35.4169261797634,108.00878276824,NaN,223.777328803537,1.03592190870121
285,2,BS2,Terrestrial,144.901135010249,105.12650185589,34.2099585696858,208.658634746464,NaN,223.777328803537,1.07245659435778
285,3,BS1,Terrestrial,158.604085315624,106.223450497294,33.113009928282,100.985582492648,NaN,223.777328803537,1.10796671802051
285,4,SAT-1,Satellite,550052.290495253,153.319783919963,6.64510331762565,16.6014042820609,89.164883330008,6.27971607877395,0.126088049984214
285,5,SAT-1,Satellite,561746.224098178,153.502507608179,6.46237962940904,16.2700197975853,77.7575640381268,6.27971607877395,0.128656185976818
285,6,SAT-1,Satellite,550138.043265646,153.321137938587,6.643749299001,16.5989394133651,88.6550276262918,6.27971607877395,0.126106773498987
286,1,BS1,Terrestrial,140.115630076679,81.4380903180877,57.8983701074882,176.562837566177,NaN,223.777328803537,0.633704498319655
286,2,BS2,Terrestrial,144.901135010249,82.2437820980721,57.0926783275037,348.211721398994,NaN,223.777328803537,0.642647317857301
286,3,BS1,Terrestrial,158.604085315624,101.999528237429,37.3369321881472,113.862539512091,NaN,223.777328803537,0.982664402895098
286,4,SAT-1,Satellite,550052.290495253,153.319783919963,6.64510331762565,16.6014042820609,89.164883330008,6.27971607877395,0.126088049984214
286,5,SAT-1,Satellite,561746.224098178,153.502507608179,6.46237962940904,16.2700197975853,77.7575640381268,6.27971607877395,0.128656185976818
286,6,SAT-1,Satellite,550138.043265646,153.321137938587,6.643749299001,16.5989394133651,88.6550276262918,6.27971607877395,0.126106773498987
287,1,BS1,Terrestrial,140.115630076679,91.1260651006086,48.2103953249672,147.019246400996,NaN,223.777328803537,0.761047734502676
287,2,BS2,Terrestrial,144.901135010249,90.8203371535544,48.5161232720214,295.903118702679,NaN,223.777328803537,0.756252011755194
287,3,BS1,Terrestrial,158.604085315624,119.879071382715,19.4573890428613,59.4851122468058,NaN,223.777328803537,1.88095239591276
287,4,SAT-1,Satellite,550052.290495253,153.319783919963,6.64510331762565,16.6014042820609,89.164883330008,6.27971607877395,0.126088049984214
287,5,SAT-1,Satellite,561746.224098178,153.502507608179,6.46237962940904,16.2700197975853,77.7575640381268,6.27971607877395,0.128656185976818
287,6,SAT-1,Satellite,550138.043265646,153.321137938587,6.643749299001,16.5989394133651,88.6550276262918,6.27971607877395,0.126106773498987
288,1,BS1,Terrestrial,140.115630076679,110.631821206882,28.7046392186939,87.5534926777478,NaN,223.777328803537,1.2779463272081
288,2,BS2,Terrestrial,144.901135010249,107.240217429839,32.0962429957366,195.773252622732,NaN,223.777328803537,1.14304342296836
288,3,BS1,Terrestrial,158.604085315624,102.25507874733,37.0813816782454,113.083378742589,NaN,223.777328803537,0.989435102186504
288,4,SAT-1,Satellite,550052.290495253,153.319783919963,6.64510331762565,16.6014042820609,89.164883330008,6.27971607877395,0.126088049984214
288,5,SAT-1,Satellite,561746.224098178,153.502507608179,6.46237962940904,16.2700197975853,77.7575640381268,6.27971607877395,0.128656185976818
288,6,SAT-1,Satellite,550138.043265646,153.321137938587,6.643749299001,16.5989394133651,88.6550276262918,6.27971607877395,0.126106773498987
289,1,BS1,Terrestrial,140.115630076679,108.852706881577,30.4837535439984,92.9729632908173,NaN,223.777328803537,1.20345378313675
289,2,BS2,Terrestrial,144.901135010249,106.916049292333,32.4204111332425,197.749198523709,NaN,223.777328803537,1.13162192552051
289,3,BS1,Terrestrial,158.604085315624,87.9354492382847,51.4010111872912,156.749021110034,NaN,223.777328803537,0.713807739336539
289,4,SAT-1,Satellite,550052.290495253,153.319783919963,6.64510331762565,16.6014042820609,89.164883330008,6.27971607877395,0.126088049984214
289,5,SAT-1,Satellite,561746.224098178,153.502507608179,6.46237962940904,16.2700197975853,77.7575640381268,6.27971607877395,0.128656185976818
289,6,SAT-1,Satellite,550138.043265646,153.321137938587,6.643749299001,16.5989394133651,88.6550276262918,6.27971607877395,0.126106773498987
290,1,BS1,Terrestrial,140.115630076679,103.695874640198,35.6405857853776,108.690648514648,NaN,223.777328803537,1.02942310061468
290,2,BS2,Terrestrial,144.901135010249,110.570055845153,28.7664045804226,175.483192641546,NaN,223.777328803537,1.27520661913554
290,3,BS1,Terrestrial,158.604085315624,91.9734012446755,47.3630591809004,144.435312499256,NaN,223.777328803537,0.774662805554184
290,4,SAT-1,Satellite,550052.290495253,153.319783919963,6.64510331762565,16.6014042820609,89.164883330008,6.27971607877395,0.126088049984214
290,5,SAT-1,Satellite,561746.224098178,153.502507608179,6.46237962940904,16.2700197975853,77.7575640381268,6.27971607877395,0.128656185976818
290,6,SAT-1,Satellite,550138.043265646,153.321137938587,6.643749299001,16.5989394133651,88.6550276262918,6.27971607877395,0.126106773498987
291,1,BS1,Terrestrial,140.115630076679,88.0024842769118,51.3339761486641,156.544597241346,NaN,223.777328803537,0.714739865658019
291,2,BS2,Terrestrial,144.901135010249,116.382981720426,22.9534787051494,140.128488260836,NaN,223.777328803537,1.5969438590317
291,3,BS1,Terrestrial,158.604085315624,107.905408146616,31.4310522789602,95.8594591834929,NaN,223.777328803537,1.16721568590944
291,4,SAT-1,Satellite,550052.290495253,153.319783919963,6.64510331762565,16.6014042820609,89.164883330008,6.27971607877395,0.126088049984214
291,5,SAT-1,Satellite,561746.224098178,153.502507608179,6.46237962940904,16.2700197975853,77.7575640381268,6.27971607877395,0.128656185976818
291,6,SAT-1,Satellite,550138.043265646,153.321137938587,6.643749299001,16.5989394133651,88.6550276262918,6.27971607877395,0.126106773498987
292,1,BS1,Terrestrial,140.115630076679,105.116522953914,34.2199374716614,104.359736808673,NaN,223.777328803537,1.07214398793376
292,2,BS2,Terrestrial,144.901135010249,107.554376105966,31.7820843196094,193.858405510242,NaN,223.777328803537,1.15433389754005
292,3,BS1,Terrestrial,158.604085315624,93.0733126575501,46.2631477680258,141.081169711859,NaN,223.777328803537,0.793080073196783
292,4,SAT-1,Satellite,550052.290495253,153.319783919963,6.64510331762565,16.6014042820609,89.164883330008,6.27971607877395,0.126088049984214
292,5,SAT-1,Satellite,561746.224098178,153.502507608179,6.46237962940904,16.2700197975853,77.7575640381268,6.27971607877395,0.128656185976818
292,6,SAT-1,Satellite,550138.043265646,153.321137938587,6.643749299001,16.5989394133651,88.6550276262918,6.27971607877395,0.126106773498987
293,1,BS1,Terrestrial,140.115630076679,111.343630237121,27.9928301884544,85.385983437344,NaN,223.777328803537,1.31038678595149
293,2,BS2,Terrestrial,144.901135010249,83.8093592183365,55.5271012072393,338.663195089858,NaN,223.777328803537,0.660766602477019
293,3,BS1,Terrestrial,158.604085315624,102.255386971108,37.0810734544683,113.082438988968,NaN,223.777328803537,0.989443324729534
293,4,SAT-1,Satellite,550052.290495253,153.319783919963,6.64510331762565,16.6014042820609,89.164883330008,6.27971607877395,0.126088049984214
293,5,SAT-1,Satellite,561746.224098178,153.502507608179,6.46237962940904,16.2700197975853,77.7575640381268,6.27971607877395,0.128656185976818
293,6,SAT-1,Satellite,550138.043265646,153.321137938587,6.643749299001,16.5989394133651,88.6550276262918,6.27971607877395,0.126106773498987
294,1,BS1,Terrestrial,140.115630076679,98.3911812071051,40.9452792184708,124.864922270726,NaN,223.777328803537,0.896077636273035
294,2,BS2,Terrestrial,144.901135010249,114.167836754528,25.168623671048,153.585395274022,NaN,223.777328803537,1.457022188889
294,3,BS1,Terrestrial,158.604085315624,81.3954024486072,57.9410579769686,176.693015294245,NaN,223.777328803537,0.633237619582423
294,4,SAT-1,Satellite,550052.290495253,153.319783919963,6.64510331762565,16.6014042820609,89.164883330008,6.27971607877395,0.126088049984214
294,5,SAT-1,Satellite,561746.224098178,153.502507608179,6.46237962940904,16.2700197975853,77.7575640381268,6.27971607877395,0.128656185976818
294,6,SAT-1,Satellite,550138.043265646,153.321137938587,6.643749299001,16.5989394133651,88.6550276262918,6.27971607877395,0.126106773498987
295,1,BS1,Terrestrial,140.115630076679,100.921342011233,38.4151184143433,117.149963258422,NaN,223.777328803537,0.955089197552308
295,2,BS2,Terrestrial,144.901135010249,117.25289933135,22.0835610942256,134.852400802655,NaN,223.777328803537,1.65942413684586
295,3,BS1,Terrestrial,158.604085315624,107.87744415825,31.4590162673261,95.9446751079397,NaN,223.777328803537,1.16617899092255
295,4,SAT-1,Satellite,550052.290495253,153.319783919963,6.64510331762565,16.6014042820609,89.164883330008,6.27971607877395,0.126088049984214
295,5,SAT-1,Satellite,561746.224098178,153.502507608179,6.46237962940904,16.2700197975853,77.7575640381268,6.27971607877395,0.128656185976818
295,6,SAT-1,Satellite,550138.043265646,153.321137938587,6.643749299001,16.5989394133651,88.6550276262918,6.27971607877395,0.126106773498987
296,1,BS1,Terrestrial,140.115630076679,110.116615859009,29.219844566567,178.24526598364,NaN,223.777328803537,1.25544612682211
296,2,BS2,Terrestrial,144.901135010249,108.685413504568,30.6510469210079,93.4826821421864,NaN,223.777328803537,1.19689189310579
296,3,BS2,Terrestrial,577.769735954722,101.41882152853,37.9176388970456,115.633116045301,NaN,223.777328803537,0.967617826349454
296,4,SAT-1,Satellite,550052.290495253,153.319783919963,6.64510331762565,16.6014042820609,89.164883330008,6.27971607877395,0.126088049984214
296,5,SAT-1,Satellite,561746.224098178,153.502507608179,6.46237962940904,16.2700197975853,77.7575640381268,6.27971607877395,0.128656185976818
296,6,SAT-1,Satellite,550138.043265646,153.321137938587,6.643749299001,16.5989394133651,88.6550276262918,6.27971607877395,0.126106773498987
297,1,BS1,Terrestrial,140.115630076679,96.9625885232968,42.3738719022791,129.221159891179,NaN,223.777328803537,0.865869525517285
297,2,BS2,Terrestrial,144.901135010249,98.7231582468138,40.613302178762,247.705265906776,NaN,223.777328803537,0.903401580843888
297,3,BS1,Terrestrial,158.604085315624,106.25065260345,33.0858078221255,100.90266946874,NaN,223.777328803537,1.10887714855188
297,4,SAT-1,Satellite,550052.290495253,153.319783919963,6.64510331762565,16.6014042820609,89.164883330008,6.27971607877395,0.126088049984214
297,5,SAT-1,Satellite,561746.224098178,153.502507608179,6.46237962940904,16.2700197975853,77.7575640381268,6.27971607877395,0.128656185976818
297,6,SAT-1,Satellite,550138.043265646,153.321137938587,6.643749299001,16.5989394133651,88.6550276262918,6.27971607877395,0.126106773498987
298,1,BS1,Terrestrial,140.115630076679,111.434492266472,27.9019681591039,85.109340753653,NaN,223.777328803537,1.31464611769968
298,2,BS2,Terrestrial,144.901135010249,116.219102000053,23.1173584255228,141.123056054613,NaN,223.777328803537,1.58568936260095
298,3,BS1,Terrestrial,158.604085315624,104.523029108422,34.8134313171541,106.168974112489,NaN,223.777328803537,1.05387346291224
298,4,SAT-1,Satellite,550052.290495253,153.319783919963,6.64510331762565,16.6014042820609,89.164883330008,6.27971607877395,0.126088049984214
298,5,SAT-1,Satellite,561746.224098178,153.502507608179,6.46237962940904,16.2700197975853,77.7575640381268,6.27971607877395,0.128656185976818
298,6,SAT-1,Satellite,550138.043265646,153.321137938587,6.643749299001,16.5989394133651,88.6550276262918,6.27971607877395,0.126106773498987
299,1,BS1,Terrestrial,140.115630076679,106.34395594575,32.9925044798261,100.618279384217,NaN,223.777328803537,1.11201130735416
299,2,BS2,Terrestrial,144.901135010249,107.380832584719,31.9556278408569,194.916169944925,NaN,223.777328803537,1.14806959764686
299,3,BS1,Terrestrial,158.604085315624,102.248235172447,37.0882252531292,113.104244346713,NaN,223.777328803537,0.989252570034256
299,4,SAT-1,Satellite,550052.290495253,153.319783919963,6.64510331762565,16.6014042820609,89.164883330008,6.27971607877395,0.126088049984214
299,5,SAT-1,Satellite,561746.224098178,153.502507608179,6.46237962940904,16.2700197975853,77.7575640381268,6.27971607877395,0.128656185976818
299,6,SAT-1,Satellite,550138.043265646,153.321137938587,6.643749299001,16.5989394133651,88.6550276262918,6.27971607877395,0.126106773498987
300,1,BS1,Terrestrial,140.115630076679,102.914723427812,36.4217369977636,111.072197822669,NaN,223.777328803537,1.00735077359685
300,2,BS2,Terrestrial,144.901135010249,106.348328827351,32.9881315982245,201.209901691256,NaN,223.777328803537,1.11215863097488
300,3,BS1,Terrestrial,158.604085315624,87.5820421249703,51.7544183006056,157.826739204743,NaN,223.777328803537,0.708933511302032
300,4,SAT-1,Satellite,550052.290495253,153.319783919963,6.64510331762565,16.6014042820609,89.164883330008,6.27971607877395,0.126088049984214
300,5,SAT-1,Satellite,561746.224098178,153.502507608179,6.46237962940904,16.2700197975853,77.7575640381268,6.27971607877395,0.128656185976818
300,6,SAT-1,Satellite,550138.043265646,153.321137938587,6.643749299001,16.5989394133651,88.6550276262918,6.27971607877395,0.126106773498987
301,1,BS1,Terrestrial,140.115630076679,109.512479940506,29.8239804850698,90.9629075107818,NaN,223.777328803537,1.2300471418914
301,2,BS2,Terrestrial,144.901135010249,116.488995488887,22.8474649366888,139.485202813367,NaN,223.777328803537,1.60430873160757
301,3,BS1,Terrestrial,158.604085315624,114.459647972269,24.8768124533067,75.9056017061129,NaN,223.777328803537,1.4740501608165
301,4,SAT-1,Satellite,550052.290495253,153.319783919963,6.64510331762565,16.6014042820609,89.164883330008,6.27971607877395,0.126088049984214
301,5,SAT-1,Satellite,561746.224098178,153.502507608179,6.46237962940904,16.2700197975853,77.7575640381268,6.27971607877395,0.128656185976818
301,6,SAT-1,Satellite,550138.043265646,153.321137938587,6.643749299001,16.5989394133651,88.6550276262918,6.27971607877395,0.126106773498987
302,1,BS1,Terrestrial,140.115630076679,114.535573181916,24.8008872436599,75.6748228867902,NaN,223.777328803537,1.47854544131744
302,2,BS2,Terrestrial,144.901135010249,100.680814135455,38.6556462901206,235.766714924108,NaN,223.777328803537,0.949147248692716
302,3,BS1,Terrestrial,158.604085315624,84.6126708133771,54.7237896121988,166.881882280501,NaN,223.777328803537,0.67046621761913
302,4,SAT-1,Satellite,550052.290495253,153.319783919963,6.64510331762565,16.6014042820609,89.164883330008,6.27971607877395,0.126088049984214
302,5,SAT-1,Satellite,561746.224098178,153.502507608179,6.46237962940904,16.2700197975853,77.7575640381268,6.27971607877395,0.128656185976818
302,6,SAT-1,Satellite,550138.043265646,153.321137938587,6.643749299001,16.5989394133651,88.6550276262918,6.27971607877395,0.126106773498987
303,1,BS1,Terrestrial,140.115630076679,102.884241477117,36.4522189484593,111.165132335898,NaN,223.777328803537,1.0065086241582
303,2,BS2,Terrestrial,144.901135010249,84.5301315554018,54.8063288701741,334.267174765843,NaN,223.777328803537,0.669456487793919
303,3,BS1,Terrestrial,158.604085315624,111.829141012161,27.5073194134151,83.9078864482999,NaN,223.777328803537,1.33347017947722
303,4,SAT-1,Satellite,550052.290495253,153.319783919963,6.64510331762565,16.6014042820609,89.164883330008,6.27971607877395,0.126088049984214
303,5,SAT-1,Satellite,561746.224098178,153.502507608179,6.46237962940904,16.2700197975853,77.7575640381268,6.27971607877395,0.128656185976818
303,6,SAT-1,Satellite,550138.043265646,153.321137938587,6.643749299001,16.5989394133651,88.6550276262918,6.27971607877395,0.126106773498987
304,1,BS1,Terrestrial,140.115630076679,115.866760322009,23.4697001035671,71.6309934561274,NaN,223.777328803537,1.56201469508165
304,2,BS2,Terrestrial,144.901135010249,117.022671980587,22.3137884449888,68.1240787095745,NaN,223.777328803537,1.64242462461431
304,3,BS1,Terrestrial,158.604085315624,104.420499000688,34.915961424888,106.481540778506,NaN,223.777328803537,1.05077991531424
304,4,BS2,Terrestrial,1289.96657807501,128.900176055246,10.4362843703303,32.9724674069865,NaN,223.777328803537,3.39339677012042
304,5,SAT-1,Satellite,561746.224098178,153.502507608179,6.46237962940904,24.4050296963779,77.7575640381268,6.27971607877395,0.128656185976818
304,6,SAT-1,Satellite,550138.043265646,153.321137938587,6.643749299001,24.8984091200477,88.6550276262918,6.27971607877395,0.126106773498987
305,1,BS1,Terrestrial,140.115630076679,93.9922460480427,45.3442143775331,138.278928559178,NaN,223.777328803537,0.809151947933159
305,2,BS2,Terrestrial,144.901135010249,107.334042823474,32.0024176021018,195.201362688712,NaN,223.777328803537,1.14639224706846
305,3,BS1,Terrestrial,158.604085315624,107.709355778956,31.6271046466203,96.4569065850039,NaN,223.777328803537,1.15998603275925
305,4,SAT-1,Satellite,550052.290495253,153.319783919963,6.64510331762565,16.6014042820609,89.164883330008,6.27971607877395,0.126088049984214
305,5,SAT-1,Satellite,561746.224098178,153.502507608179,6.46237962940904,16.2700197975853,77.7575640381268,6.27971607877395,0.128656185976818
305,6,SAT-1,Satellite,550138.043265646,153.321137938587,6.643749299001,16.5989394133651,88.6550276262918,6.27971607877395,0.126106773498987
306,1,BS1,Terrestrial,140.115630076679,118.257524056945,21.0789363686309,64.3837533503715,NaN,223.777328803537,1.73784003850908
306,2,BS2,Terrestrial,144.901135010249,105.62330075572,33.713159669856,205.629845622991,NaN,223.777328803537,1.08825315763656
306,3,BS1,Terrestrial,158.604085315624,114.687750999431,24.6487094261446,75.2123104207098,NaN,223.777328803537,1.48763764569796
306,4,SAT-1,Satellite,550052.290495253,153.319783919963,6.64510331762565,16.6014042820609,89.164883330008,6.27971607877395,0.126088049984214
306,5,SAT-1,Satellite,561746.224098178,153.502507608179,6.46237962940904,16.2700197975853,77.7575640381268,6.27971607877395,0.128656185976818
306,6,SAT-1,Satellite,550138.043265646,153.321137938587,6.643749299001,16.5989394133651,88.6550276262918,6.27971607877395,0.126106773498987
307,1,BS1,Terrestrial,140.115630076679,107.335104697569,32.0013557280073,97.59744516846,NaN,223.777328803537,1.14643025961019
307,2,BS2,Terrestrial,144.901135010249,106.712196261412,32.6242641641642,198.99181513331,NaN,223.777328803537,1.12455544291419
307,3,BS1,Terrestrial,158.604085315624,112.784278489908,26.5521819356675,81.0009381620387,NaN,223.777328803537,1.38132553697021
307,4,SAT-1,Satellite,550052.290495253,153.319783919963,6.64510331762565,16.6014042820609,89.164883330008,6.27971607877395,0.126088049984214
307,5,SAT-1,Satellite,561746.224098178,153.502507608179,6.46237962940904,16.2700197975853,77.7575640381268,6.27971607877395,0.128656185976818
307,6,SAT-1,Satellite,550138.043265646,153.321137938587,6.643749299001,16.5989394133651,88.6550276262918,6.27971607877395,0.126106773498987
308,1,BS2,Terrestrial,295.273297492253,93.9213361461466,45.4151242794292,138.495164166041,NaN,223.777328803537,0.807888600844041
308,2,BS2,Terrestrial,144.901135010249,103.142716409728,36.1937440158478,110.377089064455,NaN,223.777328803537,1.01369464759513
308,3,BS1,Terrestrial,158.604085315624,110.471355032332,28.8651053932434,176.084385146067,NaN,223.777328803537,1.27085277106148
308,4,SAT-1,Satellite,550052.290495253,153.319783919963,6.64510331762565,16.6014042820609,89.164883330008,6.27971607877395,0.126088049984214
308,5,SAT-1,Satellite,561746.224098178,153.502507608179,6.46237962940904,16.2700197975853,77.7575640381268,6.27971607877395,0.128656185976818
308,6,SAT-1,Satellite,550138.043265646,153.321137938587,6.643749299001,16.5989394133651,88.6550276262918,6.27971607877395,0.126106773498987
309,1,BS1,Terrestrial,140.115630076679,113.394288631938,25.9421717936375,79.1451012873295,NaN,223.777328803537,1.41371560061016
309,2,BS2,Terrestrial,144.901135010249,96.806590501944,42.5298699236318,259.393706972158,NaN,223.777328803537,0.862693746180807
309,3,BS1,Terrestrial,158.604085315624,99.1066243485133,40.2298360770626,122.683347721918,NaN,223.777328803537,0.912011829473244
309,4,SAT-1,Satellite,550052.290495253,153.319783919963,6.64510331762565,16.6014042820609,89.164883330008,6.27971607877395,0.126088049984214
309,5,SAT-1,Satellite,561746.224098178,153.502507608179,6.46237962940904,16.2700197975853,77.7575640381268,6.27971607877395,0.128656185976818
309,6,SAT-1,Satellite,550138.043265646,153.321137938587,6.643749299001,16.5989394133651,88.6550276262918,6.27971607877395,0.126106773498987
310,1,BS1,Terrestrial,140.115630076679,109.489530520769,29.8469299048067,182.065639684971,NaN,223.777328803537,1.22910247749515
310,2,BS2,Terrestrial,144.901135010249,87.8862520031429,51.4502084224329,156.89904847361,NaN,223.777328803537,0.713125194131358
310,3,BS2,Terrestrial,577.769735954722,122.152853132967,17.1836072926086,52.6528461604928,NaN,223.777328803537,2.12502594941814
310,4,SAT-1,Satellite,550052.290495253,153.319783919963,6.64510331762565,16.6014042820609,89.164883330008,6.27971607877395,0.126088049984214
310,5,SAT-1,Satellite,561746.224098178,153.502507608179,6.46237962940904,16.2700197975853,77.7575640381268,6.27971607877395,0.128656185976818
310,6,SAT-1,Satellite,550138.043265646,153.321137938587,6.643749299001,16.5989394133651,88.6550276262918,6.27971607877395,0.126106773498987
311,1,BS1,Terrestrial,140.115630076679,106.794504161263,32.5419562643129,99.2450455557303,NaN,223.777328803537,1.12739798521165
311,2,BS2,Terrestrial,144.901135010249,107.781533575184,31.5549268503919,192.473901439741,NaN,223.777328803537,1.1626372569457
311,3,BS1,Terrestrial,158.604085315624,102.340627215691,36.9958332098847,112.822547705504,NaN,223.777328803537,0.991722547285731
311,4,SAT-1,Satellite,550052.290495253,153.319783919963,6.64510331762565,16.6014042820609,89.164883330008,6.27971607877395,0.126088049984214
311,5,SAT-1,Satellite,561746.224098178,153.502507608179,6.46237962940904,16.2700197975853,77.7575640381268,6.27971607877395,0.128656185976818
311,6,SAT-1,Satellite,550138.043265646,153.321137938587,6.643749299001,16.5989394133651,88.6550276262918,6.27971607877395,0.126106773498987
312,1,BS1,Terrestrial,140.115630076679,85.4951770797168,53.841283345859,164.190663010355,NaN,223.777328803537,0.68145570734867
312,2,BS2,Terrestrial,144.901135010249,112.877754556856,26.4587058687202,161.433032097583,NaN,223.777328803537,1.386192936451
312,3,BS1,Terrestrial,158.604085315624,94.9707872871759,44.3656731383999,135.294935476519,NaN,223.777328803537,0.826998172604821
312,4,SAT-1,Satellite,550052.290495253,153.319783919963,6.64510331762565,16.6014042820609,89.164883330008,6.27971607877395,0.126088049984214
312,5,SAT-1,Satellite,561746.224098178,153.502507608179,6.46237962940904,16.2700197975853,77.7575640381268,6.27971607877395,0.128656185976818
312,6,SAT-1,Satellite,550138.043265646,153.321137938587,6.643749299001,16.5989394133651,88.6550276262918,6.27971607877395,0.126106773498987
313,1,BS1,Terrestrial,140.115630076679,86.4794193513029,52.8570410742729,161.189200595233,NaN,223.777328803537,0.694144917826943
313,2,BS2,Terrestrial,144.901135010249,94.5118222785805,44.8246381469954,273.389028859538,NaN,223.777328803537,0.818530757203538
313,3,BS1,Terrestrial,158.604085315624,110.717736149658,28.6187242759179,87.2918485649325,NaN,223.777328803537,1.28177677802916
313,4,SAT-1,Satellite,550052.290495253,153.319783919963,6.64510331762565,16.6014042820609,89.164883330008,6.27971607877395,0.126088049984214
313,5,SAT-1,Satellite,561746.224098178,153.502507608179,6.46237962940904,16.2700197975853,77.7575640381268,6.27971607877395,0.128656185976818
313,6,SAT-1,Satellite,550138.043265646,153.321137938587,6.643749299001,16.5989394133651,88.6550276262918,6.27971607877395,0.126106773498987
314,1,BS1,Terrestrial,140.115630076679,109.909528981863,29.4269314437132,89.7534134426822,NaN,223.777328803537,1.24662294290592
314,2,BS2,Terrestrial,144.901135010249,103.081303059027,36.2551573665486,221.128652511972,NaN,223.777328803537,1.01197798775273
314,3,BS1,Terrestrial,158.604085315624,106.254029019371,33.0824314062046,100.892378046113,NaN,223.777328803537,1.10899025841804
314,4,SAT-1,Satellite,550052.290495253,153.319783919963,6.64510331762565,16.6014042820609,89.164883330008,6.27971607877395,0.126088049984214
314,5,SAT-1,Satellite,561746.224098178,153.502507608179,6.46237962940904,16.2700197975853,77.7575640381268,6.27971607877395,0.128656185976818
314,6,SAT-1,Satellite,550138.043265646,153.321137938587,6.643749299001,16.5989394133651,88.6550276262918,6.27971607877395,0.126106773498987
315,1,BS1,Terrestrial,140.115630076679,103.083010241859,36.2534501837168,110.559121383787,NaN,223.777328803537,1.01202562937676
315,2,BS2,Terrestrial,144.901135010249,97.9040058308685,41.4324545947074,252.7009303061,NaN,223.777328803537,0.885542164536051
315,3,BS1,Terrestrial,158.604085315624,112.265206880892,27.0712535446837,82.5805692255072,NaN,223.777328803537,1.35490304137076
315,4,SAT-1,Satellite,550052.290495253,153.319783919963,6.64510331762565,16.6014042820609,89.164883330008,6.27971607877395,0.126088049984214
315,5,SAT-1,Satellite,561746.224098178,153.502507608179,6.46237962940904,16.2700197975853,77.7575640381268,6.27971607877395,0.128656185976818
315,6,SAT-1,Satellite,550138.043265646,153.321137938587,6.643749299001,16.5989394133651,88.6550276262918,6.27971607877395,0.126106773498987
316,1,BS2,Terrestrial,295.273297492253,110.119795277876,29.2166651476997,89.1129488526902,NaN,223.777328803537,1.25558255946314
316,2,BS2,Terrestrial,144.901135010249,99.1907243188363,40.1457361067396,122.42690689943,NaN,223.777328803537,0.913922169851777
316,3,BS1,Terrestrial,158.604085315624,109.969796349188,29.3666640763876,179.13967445878,NaN,223.777328803537,1.24917793604134
316,4,SAT-1,Satellite,550052.290495253,153.319783919963,6.64510331762565,16.6014042820609,89.164883330008,6.27971607877395,0.126088049984214
316,5,SAT-1,Satellite,561746.224098178,153.502507608179,6.46237962940904,16.2700197975853,77.7575640381268,6.27971607877395,0.128656185976818
316,6,SAT-1,Satellite,550138.043265646,153.321137938587,6.643749299001,16.5989394133651,88.6550276262918,6.27971607877395,0.126106773498987
317,1,BS1,Terrestrial,140.115630076679,113.385372847391,25.9510875781847,79.172221275041,NaN,223.777328803537,1.41323134048585
317,2,BS2,Terrestrial,144.901135010249,111.022389308715,28.3140711168607,172.728241037578,NaN,223.777328803537,1.29554569339274
317,3,BS1,Terrestrial,158.604085315624,107.97701935225,31.3594410733254,95.6412369271715,NaN,223.777328803537,1.16987889321182
317,4,SAT-1,Satellite,550052.290495253,153.319783919963,6.64510331762565,16.6014042820609,89.164883330008,6.27971607877395,0.126088049984214
317,5,SAT-1,Satellite,561746.224098178,153.502507608179,6.46237962940904,16.2700197975853,77.7575640381268,6.27971607877395,0.128656185976818
317,6,SAT-1,Satellite,550138.043265646,153.321137938587,6.643749299001,16.5989394133651,88.6550276262918,6.27971607877395,0.126106773498987
318,1,BS1,Terrestrial,140.115630076679,103.524555492226,35.8119049333496,218.425903305336,NaN,223.777328803537,1.0244999581882
318,2,BS2,Terrestrial,144.901135010249,89.3823784518758,49.9540819737,152.336605003437,NaN,223.777328803537,0.734483116511913
318,3,BS2,Terrestrial,577.769735954722,103.229784506124,36.1066759194519,110.111636706128,NaN,223.777328803537,1.01613841868851
318,4,SAT-1,Satellite,550052.290495253,153.319783919963,6.64510331762565,16.6014042820609,89.164883330008,6.27971607877395,0.126088049984214
318,5,SAT-1,Satellite,561746.224098178,153.502507608179,6.46237962940904,16.2700197975853,77.7575640381268,6.27971607877395,0.128656185976818
318,6,SAT-1,Satellite,550138.043265646,153.321137938587,6.643749299001,16.5989394133651,88.6550276262918,6.27971607877395,0.126106773498987
319,1,BS2,Terrestrial,295.273297492253,111.730964447869,27.6054959777072,84.2067542023168,NaN,223.777328803537,1.32873740903186
319,2,BS2,Terrestrial,144.901135010249,111.006232176529,28.3302282490464,86.4133197770809,NaN,223.777328803537,1.2948080769308
319,3,BS1,Terrestrial,158.604085315624,110.293866282411,29.0425941431654,177.165523968839,NaN,223.777328803537,1.26309749092547
319,4,SAT-1,Satellite,550052.290495253,153.319783919963,6.64510331762565,16.6014042820609,89.164883330008,6.27971607877395,0.126088049984214
319,5,SAT-1,Satellite,561746.224098178,153.502507608179,6.46237962940904,16.2700197975853,77.7575640381268,6.27971607877395,0.128656185976818
319,6,SAT-1,Satellite,550138.043265646,153.321137938587,6.643749299001,16.5989394133651,88.6550276262918,6.27971607877395,0.126106773498987
320,1,BS1,Terrestrial,140.115630076679,105.892451936506,33.4440084890698,101.994498169803,NaN,223.777328803537,1.09700686222794
320,2,BS2,Terrestrial,144.901135010249,83.7408718577576,55.5955885678183,339.080902449293,NaN,223.777328803537,0.659952616579465
320,3,BS1,Terrestrial,158.604085315624,98.6298773770391,40.7065830485367,124.137071328929,NaN,223.777328803537,0.901331594212454
320,4,SAT-1,Satellite,550052.290495253,153.319783919963,6.64510331762565,16.6014042820609,89.164883330008,6.27971607877395,0.126088049984214
320,5,SAT-1,Satellite,561746.224098178,153.502507608179,6.46237962940904,16.2700197975853,77.7575640381268,6.27971607877395,0.128656185976818
320,6,SAT-1,Satellite,550138.043265646,153.321137938587,6.643749299001,16.5989394133651,88.6550276262918,6.27971607877395,0.126106773498987
321,1,BS1,Terrestrial,140.115630076679,97.7544269350596,41.5820334905163,126.806578243744,NaN,223.777328803537,0.882356940400201
321,2,BS2,Terrestrial,144.901135010249,117.458755159757,21.8777052658185,133.604781615669,NaN,223.777328803537,1.67492005972707
321,3,BS1,Terrestrial,158.604085315624,87.4620921548669,51.874368270709,158.192527827184,NaN,223.777328803537,0.707294244163038
321,4,SAT-1,Satellite,550052.290495253,153.319783919963,6.64510331762565,16.6014042820609,89.164883330008,6.27971607877395,0.126088049984214
321,5,SAT-1,Satellite,561746.224098178,153.502507608179,6.46237962940904,16.2700197975853,77.7575640381268,6.27971607877395,0.128656185976818
321,6,SAT-1,Satellite,550138.043265646,153.321137938587,6.643749299001,16.5989394133651,88.6550276262918,6.27971607877395,0.126106773498987
322,1,BS1,Terrestrial,140.115630076679,99.4333825563981,39.9030778691777,121.686986913302,NaN,223.777328803537,0.919479290595682
322,2,BS2,Terrestrial,144.901135010249,83.2995212203528,56.036939205223,341.772719403242,NaN,223.777328803537,0.654754800775988
322,3,BS1,Terrestrial,158.604085315624,85.5629380292031,53.7735223963727,163.984024822624,NaN,223.777328803537,0.682314417656202
322,4,SAT-1,Satellite,550052.290495253,153.319783919963,6.64510331762565,16.6014042820609,89.164883330008,6.27971607877395,0.126088049984214
322,5,SAT-1,Satellite,561746.224098178,153.502507608179,6.46237962940904,16.2700197975853,77.7575640381268,6.27971607877395,0.128656185976818
322,6,SAT-1,Satellite,550138.043265646,153.321137938587,6.643749299001,16.5989394133651,88.6550276262918,6.27971607877395,0.126106773498987
323,1,BS1,Terrestrial,140.115630076679,101.25437969177,38.0820807338062,116.134506885891,NaN,223.777328803537,0.963440302129198
323,2,BS2,Terrestrial,144.901135010249,111.637625848358,27.698834577218,168.98181029903,NaN,223.777328803537,1.32426873879231
323,3,BS1,Terrestrial,158.604085315624,94.5253869388832,44.8110734866927,136.653149955444,NaN,223.777328803537,0.818778523863156
323,4,SAT-1,Satellite,550052.290495253,153.319783919963,6.64510331762565,16.6014042820609,89.164883330008,6.27971607877395,0.126088049984214
323,5,SAT-1,Satellite,561746.224098178,153.502507608179,6.46237962940904,16.2700197975853,77.7575640381268,6.27971607877395,0.128656185976818
323,6,SAT-1,Satellite,550138.043265646,153.321137938587,6.643749299001,16.5989394133651,88.6550276262918,6.27971607877395,0.126106773498987
324,1,BS1,Terrestrial,140.115630076679,86.2472317881178,53.089228637458,323.794519923159,NaN,223.777328803537,0.691109067740377
324,2,BS2,Terrestrial,144.901135010249,110.825146974855,28.5113134507209,86.9647512152747,NaN,223.777328803537,1.28659787831505
324,3,BS2,Terrestrial,577.769735954722,106.123007064724,33.2134533608523,101.291739967335,NaN,223.777328803537,1.10461785371493
324,4,SAT-1,Satellite,550052.290495253,153.319783919963,6.64510331762565,16.6014042820609,89.164883330008,6.27971607877395,0.126088049984214
324,5,SAT-1,Satellite,561746.224098178,153.502507608179,6.46237962940904,16.2700197975853,77.7575640381268,6.27971607877395,0.128656185976818
324,6,SAT-1,Satellite,550138.043265646,153.321137938587,6.643749299001,16.5989394133651,88.6550276262918,6.27971607877395,0.126106773498987
325,1,BS2,Terrestrial,295.273297492253,123.607101538249,15.7293588873266,48.3165652332644,NaN,223.777328803537,2.3157412755147
325,2,BS2,Terrestrial,144.901135010249,112.016557618091,27.3199028074853,83.3373888541624,NaN,223.777328803537,1.34259863358054
325,3,BS1,Terrestrial,158.604085315624,110.136802298835,29.1996581267409,178.122295188275,NaN,223.777328803537,1.25631285273415
325,4,SAT-1,Satellite,550052.290495253,153.319783919963,6.64510331762565,16.6014042820609,89.164883330008,6.27971607877395,0.126088049984214
325,5,SAT-1,Satellite,561746.224098178,153.502507608179,6.46237962940904,16.2700197975853,77.7575640381268,6.27971607877395,0.128656185976818
325,6,SAT-1,Satellite,550138.043265646,153.321137938587,6.643749299001,16.5989394133651,88.6550276262918,6.27971607877395,0.126106773498987
326,1,BS2,Terrestrial,295.273297492253,114.218124394268,25.1183360313074,76.6398117301469,NaN,223.777328803537,1.45992874820381
326,2,BS2,Terrestrial,144.901135010249,108.044359417651,31.2921010079248,95.4360325997039,NaN,223.777328803537,1.17239433947421
326,3,BS1,Terrestrial,158.604085315624,110.335994025631,29.0004663999444,88.4544529013877,NaN,223.777328803537,1.26492969807304
326,4,BS1,Terrestrial,1684.50877122662,121.570930147564,17.765530278012,54.3962309177699,NaN,223.777328803537,2.05691943198986
326,5,SAT-1,Satellite,561746.224098178,153.502507608179,6.46237962940904,24.4050296963779,77.7575640381268,6.27971607877395,0.128656185976818
326,6,SAT-1,Satellite,550138.043265646,153.321137938587,6.643749299001,24.8984091200477,88.6550276262918,6.27971607877395,0.126106773498987
327,1,BS1,Terrestrial,140.115630076679,112.005950635677,27.3305097898989,83.3696753927105,NaN,223.777328803537,1.34207868598169
327,2,BS2,Terrestrial,144.901135010249,84.7930984267464,54.5433619988295,332.663329511117,NaN,223.777328803537,0.672684089143222
327,3,BS1,Terrestrial,158.604085315624,109.605358686987,29.7311017385884,90.6799688028131,NaN,223.777328803537,1.23388512235899
327,4,SAT-1,Satellite,550052.290495253,153.319783919963,6.64510331762565,16.6014042820609,89.164883330008,6.27971607877395,0.126088049984214
327,5,SAT-1,Satellite,561746.224098178,153.502507608179,6.46237962940904,16.2700197975853,77.7575640381268,6.27971607877395,0.128656185976818
327,6,SAT-1,Satellite,550138.043265646,153.321137938587,6.643749299001,16.5989394133651,88.6550276262918,6.27971607877395,0.126106773498987
328,1,BS1,Terrestrial,140.115630076679,98.8445592704404,40.4919011551355,123.482449487389,NaN,223.777328803537,0.906109855013812
328,2,BS2,Terrestrial,144.901135010249,100.72282280893,38.6136376166457,235.510536586453,NaN,223.777328803537,0.950179690671255
328,3,BS1,Terrestrial,158.604085315624,109.964094886946,29.3723655386303,89.5872039293935,NaN,223.777328803537,1.24893577982355
328,4,SAT-1,Satellite,550052.290495253,153.319783919963,6.64510331762565,16.6014042820609,89.164883330008,6.27971607877395,0.126088049984214
328,5,SAT-1,Satellite,561746.224098178,153.502507608179,6.46237962940904,16.2700197975853,77.7575640381268,6.27971607877395,0.128656185976818
328,6,SAT-1,Satellite,550138.043265646,153.321137938587,6.643749299001,16.5989394133651,88.6550276262918,6.27971607877395,0.126106773498987
329,1,BS1,Terrestrial,140.115630076679,105.806453975775,33.5300064498006,102.256634085675,NaN,223.777328803537,1.09419467403967
329,2,BS2,Terrestrial,144.901135010249,104.205564239999,35.1308961855767,214.27356932966,NaN,223.777328803537,1.04435339133804
329,3,BS1,Terrestrial,158.604085315624,100.938533605089,38.3979268204866,117.097544542805,NaN,223.777328803537,0.955516743229981
329,4,SAT-1,Satellite,550052.290495253,153.319783919963,6.64510331762565,16.6014042820609,89.164883330008,6.27971607877395,0.126088049984214
329,5,SAT-1,Satellite,561746.224098178,153.502507608179,6.46237962940904,16.2700197975853,77.7575640381268,6.27971607877395,0.128656185976818
329,6,SAT-1,Satellite,550138.043265646,153.321137938587,6.643749299001,16.5989394133651,88.6550276262918,6.27971607877395,0.126106773498987
330,1,BS1,Terrestrial,140.115630076679,104.035747243789,35.3007131817865,107.654490900999,NaN,223.777328803537,1.03933113672576
330,2,BS2,Terrestrial,144.901135010249,109.524426950219,29.8120334753569,181.85302539746,NaN,223.777328803537,1.23053948821829
330,3,BS1,Terrestrial,158.604085315624,102.466838394979,36.8696220305968,112.437740909415,NaN,223.777328803537,0.995116617399055
330,4,SAT-1,Satellite,550052.290495253,153.319783919963,6.64510331762565,16.6014042820609,89.164883330008,6.27971607877395,0.126088049984214
330,5,SAT-1,Satellite,561746.224098178,153.502507608179,6.46237962940904,16.2700197975853,77.7575640381268,6.27971607877395,0.128656185976818
330,6,SAT-1,Satellite,550138.043265646,153.321137938587,6.643749299001,16.5989394133651,88.6550276262918,6.27971607877395,0.126106773498987
331,1,BS1,Terrestrial,140.115630076679,101.480539251987,37.8559211735888,115.444936609068,NaN,223.777328803537,0.969195078521793
331,2,BS2,Terrestrial,144.901135010249,112.050078032539,27.2863823930367,166.470714399715,NaN,223.777328803537,1.34424441926898
331,3,BS1,Terrestrial,158.604085315624,115.170072224969,24.1663882006068,73.7467718964671,NaN,223.777328803537,1.51720084180564
331,4,SAT-1,Satellite,550052.290495253,153.319783919963,6.64510331762565,16.6014042820609,89.164883330008,6.27971607877395,0.126088049984214
331,5,SAT-1,Satellite,561746.224098178,153.502507608179,6.46237962940904,16.2700197975853,77.7575640381268,6.27971607877395,0.128656185976818
331,6,SAT-1,Satellite,550138.043265646,153.321137938587,6.643749299001,16.5989394133651,88.6550276262918,6.27971607877395,0.126106773498987
332,1,BS1,Terrestrial,140.115630076679,112.672137277927,26.6643231476492,81.3421710117068,NaN,223.777328803537,1.37553083486874
332,2,BS2,Terrestrial,144.901135010249,100.840541040942,38.495919384634,234.792666162399,NaN,223.777328803537,0.953084832082266
332,3,BS1,Terrestrial,158.604085315624,85.6742799020972,53.6621805234787,163.644485884469,NaN,223.777328803537,0.683730122631572
332,4,SAT-1,Satellite,550052.290495253,153.319783919963,6.64510331762565,16.6014042820609,89.164883330008,6.27971607877395,0.126088049984214
332,5,SAT-1,Satellite,561746.224098178,153.502507608179,6.46237962940904,16.2700197975853,77.7575640381268,6.27971607877395,0.128656185976818
332,6,SAT-1,Satellite,550138.043265646,153.321137938587,6.643749299001,16.5989394133651,88.6550276262918,6.27971607877395,0.126106773498987
333,1,BS2,Terrestrial,295.273297492253,90.9054773218508,48.430983103725,147.691925544557,NaN,223.777328803537,0.757581458764398
333,2,BS2,Terrestrial,144.901135010249,76.8323486698305,62.5041117557454,190.608170807189,NaN,223.777328803537,0.587008751660233
333,3,BS1,Terrestrial,158.604085315624,118.009514338324,21.3269460872521,130.26875093541,NaN,223.777328803537,1.71781280772771
333,4,SAT-1,Satellite,550052.290495253,153.319783919963,6.64510331762565,16.6014042820609,89.164883330008,6.27971607877395,0.126088049984214
333,5,SAT-1,Satellite,561746.224098178,153.502507608179,6.46237962940904,16.2700197975853,77.7575640381268,6.27971607877395,0.128656185976818
333,6,SAT-1,Satellite,550138.043265646,153.321137938587,6.643749299001,16.5989394133651,88.6550276262918,6.27971607877395,0.126106773498987
334,1,BS1,Terrestrial,140.115630076679,98.3829308903761,40.9535295351997,124.890079837274,NaN,223.777328803537,0.895897132482859
334,2,BS2,Terrestrial,144.901135010249,96.7469740943863,42.5894863311896,259.757290850827,NaN,223.777328803537,0.861486228434865
334,3,BS1,Terrestrial,158.604085315624,112.721036059258,26.6154243663181,81.1933752677263,NaN,223.777328803537,1.37805164562784
334,4,SAT-1,Satellite,550052.290495253,153.319783919963,6.64510331762565,16.6014042820609,89.164883330008,6.27971607877395,0.126088049984214
334,5,SAT-1,Satellite,561746.224098178,153.502507608179,6.46237962940904,16.2700197975853,77.7575640381268,6.27971607877395,0.128656185976818
334,6,SAT-1,Satellite,550138.043265646,153.321137938587,6.643749299001,16.5989394133651,88.6550276262918,6.27971607877395,0.126106773498987
335,1,BS1,Terrestrial,140.115630076679,94.9551131349571,44.3813472906188,135.342732527771,NaN,223.777328803537,0.826706113524122
335,2,BS2,Terrestrial,144.901135010249,107.629612884298,31.7068475412776,193.399838761244,NaN,223.777328803537,1.15707091710555
335,3,BS1,Terrestrial,158.604085315624,111.800895581059,27.5355648445164,83.993869588293,NaN,223.777328803537,1.33210512803143
335,4,SAT-1,Satellite,550052.290495253,153.319783919963,6.64510331762565,16.6014042820609,89.164883330008,6.27971607877395,0.126088049984214
335,5,SAT-1,Satellite,561746.224098178,153.502507608179,6.46237962940904,16.2700197975853,77.7575640381268,6.27971607877395,0.128656185976818
335,6,SAT-1,Satellite,550138.043265646,153.321137938587,6.643749299001,16.5989394133651,88.6550276262918,6.27971607877395,0.126106773498987
336,1,BS2,Terrestrial,295.273297492253,115.014574240317,24.3218861852591,74.2191896488396,NaN,223.777328803537,1.5075436006666
336,2,BS2,Terrestrial,144.901135010249,118.953142021755,20.3833184038206,62.2802401303994,NaN,223.777328803537,1.79653553305995
336,3,BS1,Terrestrial,158.604085315624,100.584905603973,38.7515548216031,236.351587977004,NaN,223.777328803537,0.946798499298891
336,4,SAT-1,Satellite,550052.290495253,153.319783919963,6.64510331762565,16.6014042820609,89.164883330008,6.27971607877395,0.126088049984214
336,5,SAT-1,Satellite,561746.224098178,153.502507608179,6.46237962940904,16.2700197975853,77.7575640381268,6.27971607877395,0.128656185976818
336,6,SAT-1,Satellite,550138.043265646,153.321137938587,6.643749299001,16.5989394133651,88.6550276262918,6.27971607877395,0.126106773498987
337,1,BS1,Terrestrial,140.115630076679,104.637724900689,34.6987355248868,105.81932281467,NaN,223.777328803537,1.05735570239595
337,2,BS2,Terrestrial,144.901135010249,106.956135099452,32.3803253261237,197.50485337619,NaN,223.777328803537,1.13302192314892
337,3,BS1,Terrestrial,158.604085315624,91.9517076956065,47.3847527299694,144.501466416696,NaN,223.777328803537,0.774308158777558
337,4,SAT-1,Satellite,550052.290495253,153.319783919963,6.64510331762565,16.6014042820609,89.164883330008,6.27971607877395,0.126088049984214
337,5,SAT-1,Satellite,561746.224098178,153.502507608179,6.46237962940904,16.2700197975853,77.7575640381268,6.27971607877395,0.128656185976818
337,6,SAT-1,Satellite,550138.043265646,153.321137938587,6.643749299001,16.5989394133651,88.6550276262918,6.27971607877395,0.126106773498987
338,1,BS1,Terrestrial,140.115630076679,87.2718455927163,52.0646148328596,158.772686737512,NaN,223.777328803537,0.704709775345344
338,2,BS2,Terrestrial,144.901135010249,85.8609386936667,53.4755217319092,326.150533608567,NaN,223.777328803537,0.686116703007164
338,3,BS1,Terrestrial,158.604085315624,110.025236947311,29.3112234782651,89.4009660991181,NaN,223.777328803537,1.25153753123561
338,4,SAT-1,Satellite,550052.290495253,153.319783919963,6.64510331762565,16.6014042820609,89.164883330008,6.27971607877395,0.126088049984214
338,5,SAT-1,Satellite,561746.224098178,153.502507608179,6.46237962940904,16.2700197975853,77.7575640381268,6.27971607877395,0.128656185976818
338,6,SAT-1,Satellite,550138.043265646,153.321137938587,6.643749299001,16.5989394133651,88.6550276262918,6.27971607877395,0.126106773498987
339,1,BS1,Terrestrial,140.115630076679,100.538786548026,38.7976738775496,118.316416786315,NaN,223.777328803537,0.94567319938234
339,2,BS2,Terrestrial,144.901135010249,89.9274537889558,49.4090066366201,301.348798628091,NaN,223.777328803537,0.742585767131966
339,3,BS1,Terrestrial,158.604085315624,98.9598726175498,40.3765878080261,123.13082979417,NaN,223.777328803537,0.908697396003953
339,4,SAT-1,Satellite,550052.290495253,153.319783919963,6.64510331762565,16.6014042820609,89.164883330008,6.27971607877395,0.126088049984214
339,5,SAT-1,Satellite,561746.224098178,153.502507608179,6.46237962940904,16.2700197975853,77.7575640381268,6.27971607877395,0.128656185976818
339,6,SAT-1,Satellite,550138.043265646,153.321137938587,6.643749299001,16.5989394133651,88.6550276262918,6.27971607877395,0.126106773498987
340,1,BS1,Terrestrial,140.115630076679,112.797876121914,26.5385843036624,80.9595634390423,NaN,223.777328803537,1.38203146915453
340,2,BS2,Terrestrial,144.901135010249,93.0042298246035,46.3322306009723,141.291834941644,NaN,223.777328803537,0.791897595837582
340,3,BS1,Terrestrial,158.604085315624,110.332444078331,29.0040163472453,88.4652649675866,NaN,223.777328803537,1.26477510063147
340,4,BS2,Terrestrial,1289.96657807501,112.760713731711,26.5757466938652,81.0726414220176,NaN,223.777328803537,1.3801038480952
340,5,SAT-1,Satellite,561746.224098178,153.502507608179,6.46237962940904,24.4050296963779,77.7575640381268,6.27971607877395,0.128656185976818
340,6,SAT-1,Satellite,550138.043265646,153.321137938587,6.643749299001,24.8984091200477,88.6550276262918,6.27971607877395,0.126106773498987
341,1,BS1,Terrestrial,140.115630076679,116.764915419026,22.5715450065503,68.9056608614899,NaN,223.777328803537,1.62379495389618
341,2,BS2,Terrestrial,144.901135010249,83.2054764828843,56.1309839426916,342.346302484858,NaN,223.777328803537,0.653657793816643
341,3,BS1,Terrestrial,158.604085315624,92.9971547641432,46.3393056614327,141.313410049085,NaN,223.777328803537,0.791776692409474
341,4,SAT-1,Satellite,550052.290495253,153.319783919963,6.64510331762565,16.6014042820609,89.164883330008,6.27971607877395,0.126088049984214
341,5,SAT-1,Satellite,561746.224098178,153.502507608179,6.46237962940904,16.2700197975853,77.7575640381268,6.27971607877395,0.128656185976818
341,6,SAT-1,Satellite,550138.043265646,153.321137938587,6.643749299001,16.5989394133651,88.6550276262918,6.27971607877395,0.126106773498987
342,1,BS1,Terrestrial,140.115630076679,88.930391777841,50.4060686477348,153.714938692005,NaN,223.777328803537,0.727897140992634
342,2,BS2,Terrestrial,144.901135010249,106.656600673583,32.6798597519924,199.330711938553,NaN,223.777328803537,1.12264350348842
342,3,BS1,Terrestrial,158.604085315624,109.009844644218,30.3266157813578,92.494203108183,NaN,223.777328803537,1.20968299246712
342,4,SAT-1,Satellite,550052.290495253,153.319783919963,6.64510331762565,16.6014042820609,89.164883330008,6.27971607877395,0.126088049984214
342,5,SAT-1,Satellite,561746.224098178,153.502507608179,6.46237962940904,16.2700197975853,77.7575640381268,6.27971607877395,0.128656185976818
342,6,SAT-1,Satellite,550138.043265646,153.321137938587,6.643749299001,16.5989394133651,88.6550276262918,6.27971607877395,0.126106773498987
343,1,BS1,Terrestrial,140.115630076679,87.3492559487716,51.9872044768043,158.53662301572,NaN,223.777328803537,0.705759100158667
343,2,BS2,Terrestrial,144.901135010249,106.484182157387,32.8522782681888,200.381746857038,NaN,223.777328803537,1.11675505535537
343,3,BS1,Terrestrial,158.604085315624,85.0456492095878,54.2908112159881,165.561506354695,NaN,223.777328803537,0.675813278492775
343,4,SAT-1,Satellite,550052.290495253,153.319783919963,6.64510331762565,16.6014042820609,89.164883330008,6.27971607877395,0.126088049984214
343,5,SAT-1,Satellite,561746.224098178,153.502507608179,6.46237962940904,16.2700197975853,77.7575640381268,6.27971607877395,0.128656185976818
343,6,SAT-1,Satellite,550138.043265646,153.321137938587,6.643749299001,16.5989394133651,88.6550276262918,6.27971607877395,0.126106773498987
344,1,BS2,Terrestrial,295.273297492253,104.004882719787,35.3315777057886,107.748585526299,NaN,223.777328803537,1.03842351020431
344,2,BS2,Terrestrial,144.901135010249,108.719166972326,30.6172934532501,93.3798388009925,NaN,223.777328803537,1.19821008301612
344,3,BS1,Terrestrial,158.604085315624,84.3655709238039,54.970889501772,335.270836672159,NaN,223.777328803537,0.667452412576987
344,4,SAT-1,Satellite,550052.290495253,153.319783919963,6.64510331762565,16.6014042820609,89.164883330008,6.27971607877395,0.126088049984214
344,5,SAT-1,Satellite,561746.224098178,153.502507608179,6.46237962940904,16.2700197975853,77.7575640381268,6.27971607877395,0.128656185976818
344,6,SAT-1,Satellite,550138.043265646,153.321137938587,6.643749299001,16.5989394133651,88.6550276262918,6.27971607877395,0.126106773498987
345,1,BS1,Terrestrial,140.115630076679,110.591421362755,28.7450390628208,87.6765281896618,NaN,223.777328803537,1.27615299912117
345,2,BS2,Terrestrial,144.901135010249,107.573168048726,31.7632923768494,193.743868475487,NaN,223.777328803537,1.15501631388067
345,3,BS1,Terrestrial,158.604085315624,87.8021428303306,51.5343175952453,157.155540099541,NaN,223.777328803537,0.71196131126462
345,4,SAT-1,Satellite,550052.290495253,153.319783919963,6.64510331762565,16.6014042820609,89.164883330008,6.27971607877395,0.126088049984214
345,5,SAT-1,Satellite,561746.224098178,153.502507608179,6.46237962940904,16.2700197975853,77.7575640381268,6.27971607877395,0.128656185976818
345,6,SAT-1,Satellite,550138.043265646,153.321137938587,6.643749299001,16.5989394133651,88.6550276262918,6.27971607877395,0.126106773498987
346,1,BS1,Terrestrial,140.115630076679,91.6780241274686,47.6584362981073,145.336057895606,NaN,223.777328803537,0.769861698616715
346,2,BS2,Terrestrial,144.901135010249,87.8098969750214,51.5265634505545,314.26378753797,NaN,223.777328803537,0.712068452291851
346,3,BS1,Terrestrial,158.604085315624,109.096474124429,30.239986301147,92.2302711787917,NaN,223.777328803537,1.21314469719891
346,4,SAT-1,Satellite,550052.290495253,153.319783919963,6.64510331762565,16.6014042820609,89.164883330008,6.27971607877395,0.126088049984214
346,5,SAT-1,Satellite,561746.224098178,153.502507608179,6.46237962940904,16.2700197975853,77.7575640381268,6.27971607877395,0.128656185976818
346,6,SAT-1,Satellite,550138.043265646,153.321137938587,6.643749299001,16.5989394133651,88.6550276262918,6.27971607877395,0.126106773498987
347,1,BS1,Terrestrial,140.115630076679,103.458860804884,35.8775996206915,109.413237431014,NaN,223.777328803537,1.02262456562732
347,2,BS2,Terrestrial,144.901135010249,104.886011225002,34.4504492005742,210.124860481289,NaN,223.777328803537,1.06497312260423
347,3,BS1,Terrestrial,158.604085315624,100.683920107685,38.6525403178904,117.873886997693,NaN,223.777328803537,0.949223507017789
347,4,SAT-1,Satellite,550052.290495253,153.319783919963,6.64510331762565,16.6014042820609,89.164883330008,6.27971607877395,0.126088049984214
347,5,SAT-1,Satellite,561746.224098178,153.502507608179,6.46237962940904,16.2700197975853,77.7575640381268,6.27971607877395,0.128656185976818
347,6,SAT-1,Satellite,550138.043265646,153.321137938587,6.643749299001,16.5989394133651,88.6550276262918,6.27971607877395,0.126106773498987
348,1,BS1,Terrestrial,140.115630076679,106.1843938089,33.1520666166761,101.104629163739,NaN,223.777328803537,1.10666213137051
348,2,BS2,Terrestrial,144.901135010249,109.646634477282,29.6898259482935,181.108462897366,NaN,223.777328803537,1.23559841005526
348,3,BS1,Terrestrial,158.604085315624,99.9898022382594,39.3466581873165,119.990353502297,NaN,223.777328803537,0.932480496439466
348,4,SAT-1,Satellite,550052.290495253,153.319783919963,6.64510331762565,16.6014042820609,89.164883330008,6.27971607877395,0.126088049984214
348,5,SAT-1,Satellite,561746.224098178,153.502507608179,6.46237962940904,16.2700197975853,77.7575640381268,6.27971607877395,0.128656185976818
348,6,SAT-1,Satellite,550138.043265646,153.321137938587,6.643749299001,16.5989394133651,88.6550276262918,6.27971607877395,0.126106773498987
349,1,BS1,Terrestrial,140.115630076679,92.3559094270041,46.9805509985718,143.268864703601,NaN,223.777328803537,0.780969854359126
349,2,BS2,Terrestrial,144.901135010249,120.799275930366,18.5371844952098,113.427787928791,NaN,223.777328803537,1.97286161433407
349,3,BS1,Terrestrial,158.604085315624,119.041825736709,20.294634688867,62.012274977078,NaN,223.777328803537,1.80429865608263
349,4,SAT-1,Satellite,550052.290495253,153.319783919963,6.64510331762565,16.6014042820609,89.164883330008,6.27971607877395,0.126088049984214
349,5,SAT-1,Satellite,561746.224098178,153.502507608179,6.46237962940904,16.2700197975853,77.7575640381268,6.27971607877395,0.128656185976818
349,6,SAT-1,Satellite,550138.043265646,153.321137938587,6.643749299001,16.5989394133651,88.6550276262918,6.27971607877395,0.126106773498987
350,1,BS1,Terrestrial,140.115630076679,113.987120562934,25.349339862642,77.3421599993271,NaN,223.777328803537,1.44667105758027
350,2,BS2,Terrestrial,144.901135010249,113.085224683504,26.2512357420722,160.170581875993,NaN,223.777328803537,1.39711878537589
350,3,BS1,Terrestrial,158.604085315624,116.791898672285,22.5445617532911,68.8238286878954,NaN,223.777328803537,1.62572566122651
350,4,SAT-1,Satellite,550052.290495253,153.319783919963,6.64510331762565,16.6014042820609,89.164883330008,6.27971607877395,0.126088049984214
350,5,SAT-1,Satellite,561746.224098178,153.502507608179,6.46237962940904,16.2700197975853,77.7575640381268,6.27971607877395,0.128656185976818
350,6,SAT-1,Satellite,550138.043265646,153.321137938587,6.643749299001,16.5989394133651,88.6550276262918,6.27971607877395,0.126106773498987
351,1,BS1,Terrestrial,140.115630076679,80.6399718968997,58.6964885286761,178.996720020865,NaN,223.777328803537,0.625087791489844
351,2,BS2,Terrestrial,144.901135010249,120.833729425042,18.502731000534,113.220567649548,NaN,223.777328803537,1.97647241529646
351,3,BS1,Terrestrial,158.604085315624,111.909035607947,27.4274248176292,83.6646812367101,NaN,223.777328803537,1.3373464495156
351,4,SAT-1,Satellite,550052.290495253,153.319783919963,6.64510331762565,16.6014042820609,89.164883330008,6.27971607877395,0.126088049984214
351,5,SAT-1,Satellite,561746.224098178,153.502507608179,6.46237962940904,16.2700197975853,77.7575640381268,6.27971607877395,0.128656185976818
351,6,SAT-1,Satellite,550138.043265646,153.321137938587,6.643749299001,16.5989394133651,88.6550276262918,6.27971607877395,0.126106773498987
352,1,BS1,Terrestrial,140.115630076679,109.463649040484,29.8728113850922,91.1116647622947,NaN,223.777328803537,1.22803885423101
352,2,BS2,Terrestrial,144.901135010249,87.6725210811842,51.6639393443917,315.101645551448,NaN,223.777328803537,0.710175056089956
352,3,BS1,Terrestrial,158.604085315624,86.4594733257411,52.8769870998348,161.250026284057,NaN,223.777328803537,0.693883076984225
352,4,SAT-1,Satellite,550052.290495253,153.319783919963,6.64510331762565,16.6014042820609,89.164883330008,6.27971607877395,0.126088049984214
352,5,SAT-1,Satellite,561746.224098178,153.502507608179,6.46237962940904,16.2700197975853,77.7575640381268,6.27971607877395,0.128656185976818
352,6,SAT-1,Satellite,550138.043265646,153.321137938587,6.643749299001,16.5989394133651,88.6550276262918,6.27971607877395,0.126106773498987
353,1,BS1,Terrestrial,140.115630076679,102.236586619407,37.0998738061689,113.139760024059,NaN,223.777328803537,0.988942033976172
353,2,BS2,Terrestrial,144.901135010249,88.3877843570182,50.9486760685576,310.739244257563,NaN,223.777328803537,0.720145050678102
353,3,BS1,Terrestrial,158.604085315624,107.580397979181,31.7560624463944,96.8499010409651,NaN,223.777328803537,1.15527907823512
353,4,SAT-1,Satellite,550052.290495253,153.319783919963,6.64510331762565,16.6014042820609,89.164883330008,6.27971607877395,0.126088049984214
353,5,SAT-1,Satellite,561746.224098178,153.502507608179,6.46237962940904,16.2700197975853,77.7575640381268,6.27971607877395,0.128656185976818
353,6,SAT-1,Satellite,550138.043265646,153.321137938587,6.643749299001,16.5989394133651,88.6550276262918,6.27971607877395,0.126106773498987
354,1,BS1,Terrestrial,140.115630076679,109.005432829805,30.3310275957705,92.5076446071863,NaN,223.777328803537,1.20950722372059
354,2,BS2,Terrestrial,144.901135010249,108.805313226884,30.5311471986917,186.234726371211,NaN,223.777328803537,1.20158755117182
354,3,BS1,Terrestrial,158.604085315624,95.856037672887,43.4804227526889,132.595447454861,NaN,223.777328803537,0.843834886864112
354,4,SAT-1,Satellite,550052.290495253,153.319783919963,6.64510331762565,16.6014042820609,89.164883330008,6.27971607877395,0.126088049984214
354,5,SAT-1,Satellite,561746.224098178,153.502507608179,6.46237962940904,16.2700197975853,77.7575640381268,6.27971607877395,0.128656185976818
354,6,SAT-1,Satellite,550138.043265646,153.321137938587,6.643749299001,16.5989394133651,88.6550276262918,6.27971607877395,0.126106773498987
355,1,BS1,Terrestrial,140.115630076679,108.113916930127,31.2225434954488,95.2240735600911,NaN,223.777328803537,1.17500396925533
355,2,BS2,Terrestrial,144.901135010249,103.894300632819,35.4421597927567,216.17142278354,NaN,223.777328803537,1.03518460452385
355,3,BS1,Terrestrial,158.604085315624,108.343083508993,30.9933769165828,94.5257643354445,NaN,223.777328803537,1.18368431282617
355,4,SAT-1,Satellite,550052.290495253,153.319783919963,6.64510331762565,16.6014042820609,89.164883330008,6.27971607877395,0.126088049984214
355,5,SAT-1,Satellite,561746.224098178,153.502507608179,6.46237962940904,16.2700197975853,77.7575640381268,6.27971607877395,0.128656185976818
355,6,SAT-1,Satellite,550138.043265646,153.321137938587,6.643749299001,16.5989394133651,88.6550276262918,6.27971607877395,0.126106773498987
356,1,BS1,Terrestrial,140.115630076679,105.020839867484,34.3156205580922,209.30283214412,NaN,223.777328803537,1.06915576111006
356,2,BS2,Terrestrial,144.901135010249,105.74916552876,33.5872948968155,102.431259966246,NaN,223.777328803537,1.09232927954454
356,3,BS2,Terrestrial,577.769735954722,99.4179689848004,39.9184914407755,121.733986264674,NaN,223.777328803537,0.919124295810871
356,4,SAT-1,Satellite,550052.290495253,153.319783919963,6.64510331762565,16.6014042820609,89.164883330008,6.27971607877395,0.126088049984214
356,5,SAT-1,Satellite,561746.224098178,153.502507608179,6.46237962940904,16.2700197975853,77.7575640381268,6.27971607877395,0.128656185976818
356,6,SAT-1,Satellite,550138.043265646,153.321137938587,6.643749299001,16.5989394133651,88.6550276262918,6.27971607877395,0.126106773498987
357,1,BS1,Terrestrial,140.115630076679,107.019804808256,32.3166556173202,98.5583769988018,NaN,223.777328803537,1.13525270818054
357,2,BS2,Terrestrial,144.901135010249,114.657031203863,24.6794292217124,150.61134475655,NaN,223.777328803537,1.48579331235143
357,3,BS1,Terrestrial,158.604085315624,117.272607606201,22.0638528193753,67.366469957835,NaN,223.777328803537,1.66089546434302
357,4,SAT-1,Satellite,550052.290495253,153.319783919963,6.64510331762565,16.6014042820609,89.164883330008,6.27971607877395,0.126088049984214
357,5,SAT-1,Satellite,561746.224098178,153.502507608179,6.46237962940904,16.2700197975853,77.7575640381268,6.27971607877395,0.128656185976818
357,6,SAT-1,Satellite,550138.043265646,153.321137938587,6.643749299001,16.5989394133651,88.6550276262918,6.27971607877395,0.126106773498987
358,1,BS1,Terrestrial,140.115630076679,103.58858104658,35.7478793789957,109.017755385049,NaN,223.777328803537,1.02633432514345
358,2,BS2,Terrestrial,144.901135010249,109.490823609131,29.8456368164447,182.057761223798,NaN,223.777328803537,1.22915566630776
358,3,BS1,Terrestrial,158.604085315624,100.112639590089,39.2238208354871,119.615801471182,NaN,223.777328803537,0.935400365383374
358,4,SAT-1,Satellite,550052.290495253,153.319783919963,6.64510331762565,16.6014042820609,89.164883330008,6.27971607877395,0.126088049984214
358,5,SAT-1,Satellite,561746.224098178,153.502507608179,6.46237962940904,16.2700197975853,77.7575640381268,6.27971607877395,0.128656185976818
358,6,SAT-1,Satellite,550138.043265646,153.321137938587,6.643749299001,16.5989394133651,88.6550276262918,6.27971607877395,0.126106773498987
359,1,BS1,Terrestrial,140.115630076679,112.39378510694,26.942675318636,82.1892456394411,NaN,223.777328803537,1.36135407414027
359,2,BS2,Terrestrial,144.901135010249,104.107418915664,35.2290415099121,214.871981992701,NaN,223.777328803537,1.0414448953663
359,3,BS1,Terrestrial,158.604085315624,80.8865902713143,58.4498701542616,178.244650936446,NaN,223.777328803537,0.627725229418879
359,4,SAT-1,Satellite,550052.290495253,153.319783919963,6.64510331762565,16.6014042820609,89.164883330008,6.27971607877395,0.126088049984214
359,5,SAT-1,Satellite,561746.224098178,153.502507608179,6.46237962940904,16.2700197975853,77.7575640381268,6.27971607877395,0.128656185976818
359,6,SAT-1,Satellite,550138.043265646,153.321137938587,6.643749299001,16.5989394133651,88.6550276262918,6.27971607877395,0.126106773498987
360,1,BS1,Terrestrial,140.115630076679,111.73334473835,27.603115687226,84.1995080150584,NaN,223.777328803537,1.32885175981976
360,2,BS2,Terrestrial,144.901135010249,100.035515803305,39.300944622271,239.701929803982,NaN,223.777328803537,0.933564986258279
360,3,BS1,Terrestrial,158.604085315624,114.346497335144,24.9899630904318,76.2495534542418,NaN,223.777328803537,1.46740091361865
360,4,SAT-1,Satellite,550052.290495253,153.319783919963,6.64510331762565,16.6014042820609,89.164883330008,6.27971607877395,0.126088049984214
360,5,SAT-1,Satellite,561746.224098178,153.502507608179,6.46237962940904,16.2700197975853,77.7575640381268,6.27971607877395,0.128656185976818
360,6,SAT-1,Satellite,550138.043265646,153.321137938587,6.643749299001,16.5989394133651,88.6550276262918,6.27971607877395,0.126106773498987
361,1,BS1,Terrestrial,140.115630076679,90.2675450549158,49.0689153706601,149.637293159345,NaN,223.777328803537,0.74773248058304
361,2,BS2,Terrestrial,144.901135010249,108.914639392146,30.4218210334296,185.568536513398,NaN,223.777328803537,1.20590124278628
361,3,BS1,Terrestrial,158.604085315624,107.0040036928,32.3324567327758,98.6065347767468,NaN,223.777328803537,1.13469826979615
361,4,SAT-1,Satellite,550052.290495253,153.319783919963,6.64510331762565,16.6014042820609,89.164883330008,6.27971607877395,0.126088049984214
361,5,SAT-1,Satellite,561746.224098178,153.502507608179,6.46237962940904,16.2700197975853,77.7575640381268,6.27971607877395,0.128656185976818
361,6,SAT-1,Satellite,550138.043265646,153.321137938587,6.643749299001,16.5989394133651,88.6550276262918,6.27971607877395,0.126106773498987
362,1,BS1,Terrestrial,140.115630076679,85.8786218244752,53.4578386011006,163.021341809276,NaN,223.777328803537,0.686343660038519
362,2,BS2,Terrestrial,144.901135010249,106.175034107825,33.1614263177508,202.266316122818,NaN,223.777328803537,1.1063499503677
362,3,BS1,Terrestrial,158.604085315624,90.2701046841524,49.0663557414235,149.62948758997,NaN,223.777328803537,0.747771486783258
362,4,SAT-1,Satellite,550052.290495253,153.319783919963,6.64510331762565,16.6014042820609,89.164883330008,6.27971607877395,0.126088049984214
362,5,SAT-1,Satellite,561746.224098178,153.502507608179,6.46237962940904,16.2700197975853,77.7575640381268,6.27971607877395,0.128656185976818
362,6,SAT-1,Satellite,550138.043265646,153.321137938587,6.643749299001,16.5989394133651,88.6550276262918,6.27971607877395,0.126106773498987
363,1,BS1,Terrestrial,140.115630076679,88.5265698765308,50.8098905490451,154.946394981412,NaN,223.777328803537,0.722112085377599
363,2,BS2,Terrestrial,144.901135010249,103.92373914698,35.4127212785964,215.991926961092,NaN,223.777328803537,1.03604487423202
363,3,BS1,Terrestrial,158.604085315624,111.227525181648,28.1089352439281,85.7394955168251,NaN,223.777328803537,1.30498393683471
363,4,SAT-1,Satellite,550052.290495253,153.319783919963,6.64510331762565,16.6014042820609,89.164883330008,6.27971607877395,0.126088049984214
363,5,SAT-1,Satellite,561746.224098178,153.502507608179,6.46237962940904,16.2700197975853,77.7575640381268,6.27971607877395,0.128656185976818
363,6,SAT-1,Satellite,550138.043265646,153.321137938587,6.643749299001,16.5989394133651,88.6550276262918,6.27971607877395,0.126106773498987
364,1,BS1,Terrestrial,140.115630076679,102.115386989815,37.2210734357612,75.6728605804564,NaN,223.777328803537,0.985722521421068
364,2,BS1,Terrestrial,565.377728999031,91.821882832967,47.5145775926088,96.5982427376023,NaN,223.777328803537,0.772192545335778
364,3,BS1,Terrestrial,158.604085315624,100.494768496569,38.8416919290067,78.9670890274006,NaN,223.777328803537,0.944601654350331
364,4,SAT-1,Satellite,550052.290495253,153.319783919963,6.64510331762565,16.6014042820609,89.164883330008,6.27971607877395,0.126088049984214
364,5,SAT-1,Satellite,561746.224098178,153.502507608179,6.46237962940904,16.2700197975853,77.7575640381268,6.27971607877395,0.128656185976818
364,6,SAT-1,Satellite,550138.043265646,153.321137938587,6.643749299001,16.5989394133651,88.6550276262918,6.27971607877395,0.126106773498987
365,1,BS1,Terrestrial,140.115630076679,110.528070077114,28.8083903484617,87.8694641265027,NaN,223.777328803537,1.27335093611913
365,2,BS2,Terrestrial,144.901135010249,108.09143159533,31.2450288302463,190.585183378652,NaN,223.777328803537,1.17415910742096
365,3,BS1,Terrestrial,158.604085315624,100.717715798946,38.6187446266299,117.770840131825,NaN,223.777328803537,0.950054056475507
365,4,SAT-1,Satellite,550052.290495253,153.319783919963,6.64510331762565,16.6014042820609,89.164883330008,6.27971607877395,0.126088049984214
365,5,SAT-1,Satellite,561746.224098178,153.502507608179,6.46237962940904,16.2700197975853,77.7575640381268,6.27971607877395,0.128656185976818
365,6,SAT-1,Satellite,550138.043265646,153.321137938587,6.643749299001,16.5989394133651,88.6550276262918,6.27971607877395,0.126106773498987
366,1,BS1,Terrestrial,140.115630076679,84.8226538073351,54.5138066182408,166.24153505375,NaN,223.777328803537,0.673048792322524
366,2,BS2,Terrestrial,144.901135010249,99.7058760105052,39.6305844150706,241.712195277648,NaN,223.777328803537,0.925800738131938
366,3,BS1,Terrestrial,158.604085315624,112.545671132943,26.7907892926325,81.7270157056399,NaN,223.777328803537,1.36905359183508
366,4,SAT-1,Satellite,550052.290495253,153.319783919963,6.64510331762565,16.6014042820609,89.164883330008,6.27971607877395,0.126088049984214
366,5,SAT-1,Satellite,561746.224098178,153.502507608179,6.46237962940904,16.2700197975853,77.7575640381268,6.27971607877395,0.128656185976818
366,6,SAT-1,Satellite,550138.043265646,153.321137938587,6.643749299001,16.5989394133651,88.6550276262918,6.27971607877395,0.126106773498987
367,1,BS1,Terrestrial,140.115630076679,82.7853099915282,56.5511504340477,172.454458582508,NaN,223.777328803537,0.648801227416438
367,2,BS2,Terrestrial,144.901135010249,112.960718975564,26.3757414500116,160.928179122599,NaN,223.777328803537,1.39054160696778
367,3,BS1,Terrestrial,158.604085315624,86.9340007151726,52.4024597104033,159.802948662183,NaN,223.777328803537,0.700166457117742
367,4,SAT-1,Satellite,550052.290495253,153.319783919963,6.64510331762565,16.6014042820609,89.164883330008,6.27971607877395,0.126088049984214
367,5,SAT-1,Satellite,561746.224098178,153.502507608179,6.46237962940904,16.2700197975853,77.7575640381268,6.27971607877395,0.128656185976818
367,6,SAT-1,Satellite,550138.043265646,153.321137938587,6.643749299001,16.5989394133651,88.6550276262918,6.27971607877395,0.126106773498987
368,1,BS1,Terrestrial,140.115630076679,121.246059667683,18.0904007578926,55.3712186861878,NaN,223.777328803537,2.0207007730115
368,2,BS2,Terrestrial,144.901135010249,91.3809181101166,47.9555423154593,292.484153182286,NaN,223.777328803537,0.765092147279759
368,3,BS1,Terrestrial,158.604085315624,115.363277644848,23.9731827807279,73.1598855553545,NaN,223.777328803537,1.52937178007354
368,4,SAT-1,Satellite,550052.290495253,153.319783919963,6.64510331762565,16.6014042820609,89.164883330008,6.27971607877395,0.126088049984214
368,5,SAT-1,Satellite,561746.224098178,153.502507608179,6.46237962940904,16.2700197975853,77.7575640381268,6.27971607877395,0.128656185976818
368,6,SAT-1,Satellite,550138.043265646,153.321137938587,6.643749299001,16.5989394133651,88.6550276262918,6.27971607877395,0.126106773498987
369,1,BS1,Terrestrial,140.115630076679,104.336155058139,35.0003053674364,106.738668061162,NaN,223.777328803537,1.04824864722553
369,2,BS2,Terrestrial,144.901135010249,109.456833024227,29.8796274013487,182.264858087353,NaN,223.777328803537,1.22775904884686
369,3,BS1,Terrestrial,158.604085315624,83.5642873126608,55.772173112915,170.078949636008,NaN,223.777328803537,0.657863096175191
369,4,SAT-1,Satellite,550052.290495253,153.319783919963,6.64510331762565,16.6014042820609,89.164883330008,6.27971607877395,0.126088049984214
369,5,SAT-1,Satellite,561746.224098178,153.502507608179,6.46237962940904,16.2700197975853,77.7575640381268,6.27971607877395,0.128656185976818
369,6,SAT-1,Satellite,550138.043265646,153.321137938587,6.643749299001,16.5989394133651,88.6550276262918,6.27971607877395,0.126106773498987
370,1,BS1,Terrestrial,140.115630076679,102.267324076521,37.0691363490545,113.046043565342,NaN,223.777328803537,0.989761878195196
370,2,BS2,Terrestrial,144.901135010249,82.1759331560195,57.1605272695563,348.625535364349,NaN,223.777328803537,0.641884503869366
370,3,BS1,Terrestrial,158.604085315624,115.767140001034,23.5693204245418,71.933443643681,NaN,223.777328803537,1.55544707349205
370,4,SAT-1,Satellite,550052.290495253,153.319783919963,6.64510331762565,16.6014042820609,89.164883330008,6.27971607877395,0.126088049984214
370,5,SAT-1,Satellite,561746.224098178,153.502507608179,6.46237962940904,16.2700197975853,77.7575640381268,6.27971607877395,0.128656185976818
370,6,SAT-1,Satellite,550138.043265646,153.321137938587,6.643749299001,16.5989394133651,88.6550276262918,6.27971607877395,0.126106773498987
371,1,BS1,Terrestrial,140.115630076679,110.236375705916,29.1000847196596,88.757864370717,NaN,223.777328803537,1.26060563979368
371,2,BS2,Terrestrial,144.901135010249,107.92130286544,31.4151575601358,191.622045329462,NaN,223.777328803537,1.16780576273878
371,3,BS1,Terrestrial,158.604085315624,90.0357547687104,49.3007056568655,150.344136059868,NaN,223.777328803537,0.744217016599927
371,4,SAT-1,Satellite,550052.290495253,153.319783919963,6.64510331762565,16.6014042820609,89.164883330008,6.27971607877395,0.126088049984214
371,5,SAT-1,Satellite,561746.224098178,153.502507608179,6.46237962940904,16.2700197975853,77.7575640381268,6.27971607877395,0.128656185976818
371,6,SAT-1,Satellite,550138.043265646,153.321137938587,6.643749299001,16.5989394133651,88.6550276262918,6.27971607877395,0.126106773498987
372,1,BS1,Terrestrial,140.115630076679,103.281383401126,36.0550770244495,73.3028820765738,NaN,223.777328803537,1.01759222586353
372,2,BS1,Terrestrial,565.377728999031,101.066794620931,38.2696658046453,77.8043107511563,NaN,223.777328803537,0.958718639293439
372,3,BS1,Terrestrial,158.604085315624,110.235363843025,29.1010965825505,59.1739641905874,NaN,223.777328803537,1.26056186964702
372,4,SAT-1,Satellite,550052.290495253,153.319783919963,6.64510331762565,16.6014042820609,89.164883330008,6.27971607877395,0.126088049984214
372,5,SAT-1,Satellite,561746.224098178,153.502507608179,6.46237962940904,16.2700197975853,77.7575640381268,6.27971607877395,0.128656185976818
372,6,SAT-1,Satellite,550138.043265646,153.321137938587,6.643749299001,16.5989394133651,88.6550276262918,6.27971607877395,0.126106773498987
373,1,BS1,Terrestrial,140.115630076679,110.191531950353,29.1449284752225,88.8944495795312,NaN,223.777328803537,1.25866873501101
373,2,BS2,Terrestrial,144.901135010249,107.414460938754,31.9219994868218,194.711199759281,NaN,223.777328803537,1.14927815698424
373,3,BS1,Terrestrial,158.604085315624,105.286142636947,34.0503177886293,103.842676050328,NaN,223.777328803537,1.07748248270817
373,4,SAT-1,Satellite,550052.290495253,153.319783919963,6.64510331762565,16.6014042820609,89.164883330008,6.27971607877395,0.126088049984214
373,5,SAT-1,Satellite,561746.224098178,153.502507608179,6.46237962940904,16.2700197975853,77.7575640381268,6.27971607877395,0.128656185976818
373,6,SAT-1,Satellite,550138.043265646,153.321137938587,6.643749299001,16.5989394133651,88.6550276262918,6.27971607877395,0.126106773498987
374,1,BS1,Terrestrial,140.115630076679,85.9732732894565,53.3631871361194,162.732700644294,NaN,223.777328803537,0.687561036956784
374,2,BS2,Terrestrial,144.901135010249,99.0612764240093,40.2751840015666,245.643249062076,NaN,223.777328803537,0.91098505518866
374,3,BS1,Terrestrial,158.604085315624,84.9540411066104,54.3824193189655,165.840866982925,NaN,223.777328803537,0.674674864147261
374,4,SAT-1,Satellite,550052.290495253,153.319783919963,6.64510331762565,16.6014042820609,89.164883330008,6.27971607877395,0.126088049984214
374,5,SAT-1,Satellite,561746.224098178,153.502507608179,6.46237962940904,16.2700197975853,77.7575640381268,6.27971607877395,0.128656185976818
374,6,SAT-1,Satellite,550138.043265646,153.321137938587,6.643749299001,16.5989394133651,88.6550276262918,6.27971607877395,0.126106773498987
375,1,BS1,Terrestrial,140.115630076679,80.7895841454353,58.5468762801406,178.540473608609,NaN,223.777328803537,0.626685155137694
375,2,BS2,Terrestrial,144.901135010249,105.004500485816,34.3319599397597,209.402450203534,NaN,223.777328803537,1.06864713658332
375,3,BS1,Terrestrial,158.604085315624,87.7303374223643,51.6061230032115,157.374511319306,NaN,223.777328803537,0.710970686827116
375,4,SAT-1,Satellite,550052.290495253,153.319783919963,6.64510331762565,16.6014042820609,89.164883330008,6.27971607877395,0.126088049984214
375,5,SAT-1,Satellite,561746.224098178,153.502507608179,6.46237962940904,16.2700197975853,77.7575640381268,6.27971607877395,0.128656185976818
375,6,SAT-1,Satellite,550138.043265646,153.321137938587,6.643749299001,16.5989394133651,88.6550276262918,6.27971607877395,0.126106773498987
376,1,BS1,Terrestrial,140.115630076679,114.474799354689,24.8616610708865,75.8595471999496,NaN,223.777328803537,1.47494506007074
376,2,BS2,Terrestrial,144.901135010249,110.480621875634,28.8558385499424,176.027939493887,NaN,223.777328803537,1.27126028655984
376,3,BS1,Terrestrial,158.604085315624,106.063473505978,33.2729869195981,101.473203345768,NaN,223.777328803537,1.1026424781379
376,4,SAT-1,Satellite,550052.290495253,153.319783919963,6.64510331762565,16.6014042820609,89.164883330008,6.27971607877395,0.126088049984214
376,5,SAT-1,Satellite,561746.224098178,153.502507608179,6.46237962940904,16.2700197975853,77.7575640381268,6.27971607877395,0.128656185976818
376,6,SAT-1,Satellite,550138.043265646,153.321137938587,6.643749299001,16.5989394133651,88.6550276262918,6.27971607877395,0.126106773498987
377,1,BS1,Terrestrial,140.115630076679,86.4005249291927,52.9359354963831,161.429790266682,NaN,223.777328803537,0.693110386979555
377,2,BS2,Terrestrial,144.901135010249,106.592748029257,32.7437123963185,199.719944580646,NaN,223.777328803537,1.12045559232156
377,3,BS1,Terrestrial,158.604085315624,98.8614645302373,40.4749958953386,123.43090100244,NaN,223.777328803537,0.906488273949783
377,4,SAT-1,Satellite,550052.290495253,153.319783919963,6.64510331762565,16.6014042820609,89.164883330008,6.27971607877395,0.126088049984214
377,5,SAT-1,Satellite,561746.224098178,153.502507608179,6.46237962940904,16.2700197975853,77.7575640381268,6.27971607877395,0.128656185976818
377,6,SAT-1,Satellite,550138.043265646,153.321137938587,6.643749299001,16.5989394133651,88.6550276262918,6.27971607877395,0.126106773498987
378,1,BS2,Terrestrial,295.273297492253,95.9245866059841,43.4118738195918,132.386414881262,NaN,223.777328803537,0.845167266612074
378,2,BS2,Terrestrial,144.901135010249,81.5759553259013,57.7605050996746,176.142414783169,NaN,223.777328803537,0.635217046044836
378,3,BS1,Terrestrial,158.604085315624,114.083436444193,25.2530239813833,154.098611773985,NaN,223.777328803537,1.45216966089059
378,4,SAT-1,Satellite,550052.290495253,153.319783919963,6.64510331762565,16.6014042820609,89.164883330008,6.27971607877395,0.126088049984214
378,5,SAT-1,Satellite,561746.224098178,153.502507608179,6.46237962940904,16.2700197975853,77.7575640381268,6.27971607877395,0.128656185976818
378,6,SAT-1,Satellite,550138.043265646,153.321137938587,6.643749299001,16.5989394133651,88.6550276262918,6.27971607877395,0.126106773498987
379,1,BS1,Terrestrial,140.115630076679,103.00790499408,36.3285554314956,110.788103298788,NaN,223.777328803537,1.0099339285556
379,2,BS2,Terrestrial,144.901135010249,87.3148753573933,52.0215850681826,317.282933998774,NaN,223.777328803537,0.705292673587044
379,3,BS1,Terrestrial,158.604085315624,114.321281787467,25.0151786381087,76.3262067671764,NaN,223.777328803537,1.46592722396216
379,4,SAT-1,Satellite,550052.290495253,153.319783919963,6.64510331762565,16.6014042820609,89.164883330008,6.27971607877395,0.126088049984214
379,5,SAT-1,Satellite,561746.224098178,153.502507608179,6.46237962940904,16.2700197975853,77.7575640381268,6.27971607877395,0.128656185976818
379,6,SAT-1,Satellite,550138.043265646,153.321137938587,6.643749299001,16.5989394133651,88.6550276262918,6.27971607877395,0.126106773498987
380,1,BS1,Terrestrial,140.115630076679,90.4959255732653,48.8405348523106,148.940848779871,NaN,223.777328803537,0.751228862453551
380,2,BS2,Terrestrial,144.901135010249,111.336629589689,27.9998308358869,170.814596622578,NaN,223.777328803537,1.31005975618104
380,3,BS1,Terrestrial,158.604085315624,117.857936173969,21.4785242516067,65.5932949748934,NaN,223.777328803537,1.70579423467895
380,4,SAT-1,Satellite,550052.290495253,153.319783919963,6.64510331762565,16.6014042820609,89.164883330008,6.27971607877395,0.126088049984214
380,5,SAT-1,Satellite,561746.224098178,153.502507608179,6.46237962940904,16.2700197975853,77.7575640381268,6.27971607877395,0.128656185976818
380,6,SAT-1,Satellite,550138.043265646,153.321137938587,6.643749299001,16.5989394133651,88.6550276262918,6.27971607877395,0.126106773498987
381,1,BS1,Terrestrial,140.115630076679,107.435628620251,31.9008318053244,97.291089941889,NaN,223.777328803537,1.15004019863071
381,2,BS2,Terrestrial,144.901135010249,104.43737510731,34.8990853182656,212.860186409065,NaN,223.777328803537,1.05128785508762
381,3,BS1,Terrestrial,158.604085315624,114.25439894418,25.0820614813956,76.5295321840426,NaN,223.777328803537,1.46203251488187
381,4,SAT-1,Satellite,550052.290495253,153.319783919963,6.64510331762565,16.6014042820609,89.164883330008,6.27971607877395,0.126088049984214
381,5,SAT-1,Satellite,561746.224098178,153.502507608179,6.46237962940904,16.2700197975853,77.7575640381268,6.27971607877395,0.128656185976818
381,6,SAT-1,Satellite,550138.043265646,153.321137938587,6.643749299001,16.5989394133651,88.6550276262918,6.27971607877395,0.126106773498987
382,1,BS1,Terrestrial,140.115630076679,106.36505080603,32.9714096195454,100.553982334183,NaN,223.777328803537,1.11272235872186
382,2,BS2,Terrestrial,144.901135010249,115.757202016336,23.5792584092398,143.927234662108,NaN,223.777328803537,1.55479488874285
382,3,BS1,Terrestrial,158.604085315624,114.494657832872,24.8418025927037,75.7991856843528,NaN,223.777328803537,1.47611960988211
382,4,SAT-1,Satellite,550052.290495253,153.319783919963,6.64510331762565,16.6014042820609,89.164883330008,6.27971607877395,0.126088049984214
382,5,SAT-1,Satellite,561746.224098178,153.502507608179,6.46237962940904,16.2700197975853,77.7575640381268,6.27971607877395,0.128656185976818
382,6,SAT-1,Satellite,550138.043265646,153.321137938587,6.643749299001,16.5989394133651,88.6550276262918,6.27971607877395,0.126106773498987
383,1,BS1,Terrestrial,140.115630076679,105.049090223857,34.2873702017188,104.565297748072,NaN,223.777328803537,1.07003630087049
383,2,BS2,Terrestrial,144.901135010249,92.1850724256783,47.1513879998975,287.579654048421,NaN,223.777328803537,0.778140336610388
383,3,BS1,Terrestrial,158.604085315624,88.5043202998294,50.8321401257465,155.014245171223,NaN,223.777328803537,0.721796014799677
383,4,SAT-1,Satellite,550052.290495253,153.319783919963,6.64510331762565,16.6014042820609,89.164883330008,6.27971607877395,0.126088049984214
383,5,SAT-1,Satellite,561746.224098178,153.502507608179,6.46237962940904,16.2700197975853,77.7575640381268,6.27971607877395,0.128656185976818
383,6,SAT-1,Satellite,550138.043265646,153.321137938587,6.643749299001,16.5989394133651,88.6550276262918,6.27971607877395,0.126106773498987
384,1,BS1,Terrestrial,140.115630076679,105.573512517951,33.7629479076251,205.933378719432,NaN,223.777328803537,1.08664913961527
384,2,BS2,Terrestrial,144.901135010249,116.950150660343,22.386309765233,68.3439547449499,NaN,223.777328803537,1.63714061937624
384,3,BS2,Terrestrial,577.769735954722,94.2432282014496,45.0932322241263,137.513573972241,NaN,223.777328803537,0.813655417205251
384,4,SAT-1,Satellite,550052.290495253,153.319783919963,6.64510331762565,16.6014042820609,89.164883330008,6.27971607877395,0.126088049984214
384,5,SAT-1,Satellite,561746.224098178,153.502507608179,6.46237962940904,16.2700197975853,77.7575640381268,6.27971607877395,0.128656185976818
384,6,SAT-1,Satellite,550138.043265646,153.321137938587,6.643749299001,16.5989394133651,88.6550276262918,6.27971607877395,0.126106773498987
385,1,BS1,Terrestrial,140.115630076679,80.5725339934905,58.7639264320853,179.20237365435,NaN,223.777328803537,0.624370437288863
385,2,BS2,Terrestrial,144.901135010249,110.015019534847,29.3214408907293,178.864175954163,NaN,223.777328803537,1.25110200301308
385,3,BS1,Terrestrial,158.604085315624,115.180184261359,24.1562761642164,73.7160527735989,NaN,223.777328803537,1.51783309322608
385,4,SAT-1,Satellite,550052.290495253,153.319783919963,6.64510331762565,16.6014042820609,89.164883330008,6.27971607877395,0.126088049984214
385,5,SAT-1,Satellite,561746.224098178,153.502507608179,6.46237962940904,16.2700197975853,77.7575640381268,6.27971607877395,0.128656185976818
385,6,SAT-1,Satellite,550138.043265646,153.321137938587,6.643749299001,16.5989394133651,88.6550276262918,6.27971607877395,0.126106773498987
386,1,BS1,Terrestrial,140.115630076679,107.259846054483,32.0766143710932,97.8268052326849,NaN,223.777328803537,1.1437423938729
386,2,BS2,Terrestrial,144.901135010249,102.031680406987,37.3047800185888,227.52901734706,NaN,223.777328803537,0.98351116447798
386,3,BS1,Terrestrial,158.604085315624,86.0724871553888,53.2639732701871,162.430146395365,NaN,223.777328803537,0.688841738339784
386,4,SAT-1,Satellite,550052.290495253,153.319783919963,6.64510331762565,16.6014042820609,89.164883330008,6.27971607877395,0.126088049984214
386,5,SAT-1,Satellite,561746.224098178,153.502507608179,6.46237962940904,16.2700197975853,77.7575640381268,6.27971607877395,0.128656185976818
386,6,SAT-1,Satellite,550138.043265646,153.321137938587,6.643749299001,16.5989394133651,88.6550276262918,6.27971607877395,0.126106773498987
387,1,BS2,Terrestrial,295.273297492253,93.758832352609,45.5776280729669,138.990710379239,NaN,223.777328803537,0.805008220308238
387,2,BS2,Terrestrial,144.901135010249,99.8248292120924,39.5116312134834,120.493386320264,NaN,223.777328803537,0.928587599856936
387,3,BS1,Terrestrial,158.604085315624,111.399538662068,27.936921763508,170.431521991464,NaN,223.777328803537,1.31300434443545
387,4,SAT-1,Satellite,550052.290495253,153.319783919963,6.64510331762565,16.6014042820609,89.164883330008,6.27971607877395,0.126088049984214
387,5,SAT-1,Satellite,561746.224098178,153.502507608179,6.46237962940904,16.2700197975853,77.7575640381268,6.27971607877395,0.128656185976818
387,6,SAT-1,Satellite,550138.043265646,153.321137938587,6.643749299001,16.5989394133651,88.6550276262918,6.27971607877395,0.126106773498987
388,1,BS1,Terrestrial,140.115630076679,108.384380068204,30.952080357372,94.3999298235176,NaN,223.777328803537,1.18526215656036
388,2,BS2,Terrestrial,144.901135010249,105.744359593869,33.5921008317072,204.891818797873,NaN,223.777328803537,1.09217308000128
388,3,BS1,Terrestrial,158.604085315624,104.57415257478,34.7623078507955,106.013123320272,NaN,223.777328803537,1.0554227712332
388,4,SAT-1,Satellite,550052.290495253,153.319783919963,6.64510331762565,16.6014042820609,89.164883330008,6.27971607877395,0.126088049984214
388,5,SAT-1,Satellite,561746.224098178,153.502507608179,6.46237962940904,16.2700197975853,77.7575640381268,6.27971607877395,0.128656185976818
388,6,SAT-1,Satellite,550138.043265646,153.321137938587,6.643749299001,16.5989394133651,88.6550276262918,6.27971607877395,0.126106773498987
389,1,BS1,Terrestrial,140.115630076679,113.567737274355,25.7687231512211,157.23506915803,NaN,223.777328803537,1.4232024064468
389,2,BS2,Terrestrial,144.901135010249,83.1770379105807,56.1594225149952,171.259875310895,NaN,223.777328803537,0.65332678888533
389,3,BS2,Terrestrial,577.769735954722,123.292552472665,16.0439079529113,49.2516768756172,NaN,223.777328803537,2.27177370395608
389,4,SAT-1,Satellite,550052.290495253,153.319783919963,6.64510331762565,16.6014042820609,89.164883330008,6.27971607877395,0.126088049984214
389,5,SAT-1,Satellite,561746.224098178,153.502507608179,6.46237962940904,16.2700197975853,77.7575640381268,6.27971607877395,0.128656185976818
389,6,SAT-1,Satellite,550138.043265646,153.321137938587,6.643749299001,16.5989394133651,88.6550276262918,6.27971607877395,0.126106773498987
390,1,BS1,Terrestrial,140.115630076679,109.077370647803,30.2590897777729,92.2884728518851,NaN,223.777328803537,1.21237962818325
390,2,BS2,Terrestrial,144.901135010249,119.495266302391,19.8411941231844,121.285961711162,NaN,223.777328803537,1.84503899417852
390,3,BS1,Terrestrial,158.604085315624,117.330102033151,22.006358392425,67.1922295183514,NaN,223.777328803537,1.66520243789812
390,4,SAT-1,Satellite,550052.290495253,153.319783919963,6.64510331762565,16.6014042820609,89.164883330008,6.27971607877395,0.126088049984214
390,5,SAT-1,Satellite,561746.224098178,153.502507608179,6.46237962940904,16.2700197975853,77.7575640381268,6.27971607877395,0.128656185976818
390,6,SAT-1,Satellite,550138.043265646,153.321137938587,6.643749299001,16.5989394133651,88.6550276262918,6.27971607877395,0.126106773498987
391,1,BS1,Terrestrial,140.115630076679,83.0211035398714,56.3153568857045,171.735400720029,NaN,223.777328803537,0.651517764727931
391,2,BS2,Terrestrial,144.901135010249,85.3484090474309,53.9880513781449,329.276469418578,NaN,223.777328803537,0.679603159007
391,3,BS1,Terrestrial,158.604085315624,111.737394204222,27.5990662213541,84.1871804648809,NaN,223.777328803537,1.32904634391983
391,4,SAT-1,Satellite,550052.290495253,153.319783919963,6.64510331762565,16.6014042820609,89.164883330008,6.27971607877395,0.126088049984214
391,5,SAT-1,Satellite,561746.224098178,153.502507608179,6.46237962940904,16.2700197975853,77.7575640381268,6.27971607877395,0.128656185976818
391,6,SAT-1,Satellite,550138.043265646,153.321137938587,6.643749299001,16.5989394133651,88.6550276262918,6.27971607877395,0.126106773498987
392,1,BS2,Terrestrial,295.273297492253,97.2139003539749,42.1225600716009,128.454822599344,NaN,223.777328803537,0.871035140118904
392,2,BS2,Terrestrial,144.901135010249,104.397378843403,34.9390815821726,106.552023727761,NaN,223.777328803537,1.05008483637667
392,3,BS1,Terrestrial,158.604085315624,103.657227178913,35.6792332466628,217.616946199623,NaN,223.777328803537,1.02830837722657
392,4,SAT-1,Satellite,550052.290495253,153.319783919963,6.64510331762565,16.6014042820609,89.164883330008,6.27971607877395,0.126088049984214
392,5,SAT-1,Satellite,561746.224098178,153.502507608179,6.46237962940904,16.2700197975853,77.7575640381268,6.27971607877395,0.128656185976818
392,6,SAT-1,Satellite,550138.043265646,153.321137938587,6.643749299001,16.5989394133651,88.6550276262918,6.27971607877395,0.126106773498987
393,1,BS1,Terrestrial,140.115630076679,80.250923765258,59.0855366603178,180.183132434217,NaN,223.777328803537,0.620971912798874
393,2,BS2,Terrestrial,144.901135010249,89.0343768243416,50.3020836012342,306.795672193797,NaN,223.777328803537,0.729401843263883
393,3,BS1,Terrestrial,158.604085315624,109.70684924572,29.6296111798558,90.3708030865238,NaN,223.777328803537,1.23810634165376
393,4,SAT-1,Satellite,550052.290495253,153.319783919963,6.64510331762565,16.6014042820609,89.164883330008,6.27971607877395,0.126088049984214
393,5,SAT-1,Satellite,561746.224098178,153.502507608179,6.46237962940904,16.2700197975853,77.7575640381268,6.27971607877395,0.128656185976818
393,6,SAT-1,Satellite,550138.043265646,153.321137938587,6.643749299001,16.5989394133651,88.6550276262918,6.27971607877395,0.126106773498987
394,1,BS1,Terrestrial,140.115630076679,108.843317087349,30.493143338227,93.0015721843094,NaN,223.777328803537,1.20308357992088
394,2,BS2,Terrestrial,144.901135010249,103.586074677969,35.7503857476071,218.050793195552,NaN,223.777328803537,1.0262623929226
394,3,BS1,Terrestrial,158.604085315624,117.918273839603,21.4181865859732,65.4106023014046,NaN,223.777328803537,1.71055854043659
394,4,SAT-1,Satellite,550052.290495253,153.319783919963,6.64510331762565,16.6014042820609,89.164883330008,6.27971607877395,0.126088049984214
394,5,SAT-1,Satellite,561746.224098178,153.502507608179,6.46237962940904,16.2700197975853,77.7575640381268,6.27971607877395,0.128656185976818
394,6,SAT-1,Satellite,550138.043265646,153.321137938587,6.643749299001,16.5989394133651,88.6550276262918,6.27971607877395,0.126106773498987
395,1,BS1,Terrestrial,140.115630076679,105.324362852856,34.0120975727201,103.726168406221,NaN,223.777328803537,1.07869273608547
395,2,BS2,Terrestrial,144.901135010249,107.771629005677,31.5648314198988,192.534267852294,NaN,223.777328803537,1.16227272838107
395,3,BS1,Terrestrial,158.604085315624,111.728971435266,27.6074889903103,84.2128214261462,NaN,223.777328803537,1.32864167839209
395,4,SAT-1,Satellite,550052.290495253,153.319783919963,6.64510331762565,16.6014042820609,89.164883330008,6.27971607877395,0.126088049984214
395,5,SAT-1,Satellite,561746.224098178,153.502507608179,6.46237962940904,16.2700197975853,77.7575640381268,6.27971607877395,0.128656185976818
395,6,SAT-1,Satellite,550138.043265646,153.321137938587,6.643749299001,16.5989394133651,88.6550276262918,6.27971607877395,0.126106773498987
396,1,BS1,Terrestrial,140.115630076679,105.33595155375,34.000508871826,69.1272282389649,NaN,223.777328803537,1.07906023190536
396,2,BS1,Terrestrial,565.377728999031,100.611744641093,38.7247157844826,78.7293056551216,NaN,223.777328803537,0.94745460173711
396,3,BS1,Terrestrial,158.604085315624,82.8318703609467,56.5045900646292,114.874981103605,NaN,223.777328803537,0.649335845089178
396,4,SAT-1,Satellite,550052.290495253,153.319783919963,6.64510331762565,16.6014042820609,89.164883330008,6.27971607877395,0.126088049984214
396,5,SAT-1,Satellite,561746.224098178,153.502507608179,6.46237962940904,16.2700197975853,77.7575640381268,6.27971607877395,0.128656185976818
396,6,SAT-1,Satellite,550138.043265646,153.321137938587,6.643749299001,16.5989394133651,88.6550276262918,6.27971607877395,0.126106773498987
397,1,BS1,Terrestrial,140.115630076679,82.7543816688128,56.5820787567631,172.548775222269,NaN,223.777328803537,0.648446587103498
397,2,BS2,Terrestrial,144.901135010249,115.573402849907,23.7630575756693,145.043443204121,NaN,223.777328803537,1.54282967819933
397,3,BS1,Terrestrial,158.604085315624,112.553580459588,26.7828799659883,81.7029464173826,NaN,223.777328803537,1.36945690832472
397,4,SAT-1,Satellite,550052.290495253,153.319783919963,6.64510331762565,16.6014042820609,89.164883330008,6.27971607877395,0.126088049984214
397,5,SAT-1,Satellite,561746.224098178,153.502507608179,6.46237962940904,16.2700197975853,77.7575640381268,6.27971607877395,0.128656185976818
397,6,SAT-1,Satellite,550138.043265646,153.321137938587,6.643749299001,16.5989394133651,88.6550276262918,6.27971607877395,0.126106773498987
398,1,BS1,Terrestrial,140.115630076679,97.8475018419178,41.4889585836581,126.522763453238,NaN,223.777328803537,0.884336236009595
398,2,BS2,Terrestrial,144.901135010249,91.9831288565627,47.3533315690132,288.811296800166,NaN,223.777328803537,0.774821938348116
398,3,BS1,Terrestrial,158.604085315624,121.097141608692,18.239318816884,55.8185232185178,NaN,223.777328803537,2.00450778612949
398,4,SAT-1,Satellite,550052.290495253,153.319783919963,6.64510331762565,16.6014042820609,89.164883330008,6.27971607877395,0.126088049984214
398,5,SAT-1,Satellite,561746.224098178,153.502507608179,6.46237962940904,16.2700197975853,77.7575640381268,6.27971607877395,0.128656185976818
398,6,SAT-1,Satellite,550138.043265646,153.321137938587,6.643749299001,16.5989394133651,88.6550276262918,6.27971607877395,0.126106773498987
399,1,BS2,Terrestrial,295.273297492253,108.574539376111,30.7619210494653,93.8205090060478,NaN,223.777328803537,1.19258215061012
399,2,BS2,Terrestrial,144.901135010249,117.339444906157,21.9970155194191,67.1639167192589,NaN,223.777328803537,1.66590440026684
399,3,BS1,Terrestrial,158.604085315624,84.031030622358,55.3054298032179,337.311211785398,NaN,223.777328803537,0.663415033313235
399,4,SAT-1,Satellite,550052.290495253,153.319783919963,6.64510331762565,16.6014042820609,89.164883330008,6.27971607877395,0.126088049984214
399,5,SAT-1,Satellite,561746.224098178,153.502507608179,6.46237962940904,16.2700197975853,77.7575640381268,6.27971607877395,0.128656185976818
399,6,SAT-1,Satellite,550138.043265646,153.321137938587,6.643749299001,16.5989394133651,88.6550276262918,6.27971607877395,0.126106773498987
400,1,BS1,Terrestrial,140.115630076679,105.088789218585,34.2476712069913,104.444279773151,NaN,223.777328803537,1.07127613541677
400,2,BS2,Terrestrial,144.901135010249,106.871921477873,32.4645389477025,198.01818343212,NaN,223.777328803537,1.13008474739517
400,3,BS1,Terrestrial,158.604085315624,111.616062171553,27.720398254023,84.5565529890958,NaN,223.777328803537,1.32324060580139
400,4,SAT-1,Satellite,550052.290495253,153.319783919963,6.64510331762565,16.6014042820609,89.164883330008,6.27971607877395,0.126088049984214
400,5,SAT-1,Satellite,561746.224098178,153.502507608179,6.46237962940904,16.2700197975853,77.7575640381268,6.27971607877395,0.128656185976818
400,6,SAT-1,Satellite,550138.043265646,153.321137938587,6.643749299001,16.5989394133651,88.6550276262918,6.27971607877395,0.126106773498987
401,1,BS1,Terrestrial,140.115630076679,104.396213962422,34.9402464631539,106.55557492855,NaN,223.777328803537,1.05004983997125
401,2,BS2,Terrestrial,144.901135010249,118.688013416634,20.6484470089416,126.163280529219,NaN,223.777328803537,1.77371203304841
401,3,BS1,Terrestrial,158.604085315624,111.639157914521,27.6973025110551,84.486240992202,NaN,223.777328803537,1.32434184652736
401,4,SAT-1,Satellite,550052.290495253,153.319783919963,6.64510331762565,16.6014042820609,89.164883330008,6.27971607877395,0.126088049984214
401,5,SAT-1,Satellite,561746.224098178,153.502507608179,6.46237962940904,16.2700197975853,77.7575640381268,6.27971607877395,0.128656185976818
401,6,SAT-1,Satellite,550138.043265646,153.321137938587,6.643749299001,16.5989394133651,88.6550276262918,6.27971607877395,0.126106773498987
402,1,BS1,Terrestrial,140.115630076679,85.8291948456412,53.5072655799347,163.172070187607,NaN,223.777328803537,0.685709657744275
402,2,BS2,Terrestrial,144.901135010249,116.739138299516,22.5973221260601,137.96767560603,NaN,223.777328803537,1.62195476455325
402,3,BS1,Terrestrial,158.604085315624,113.586352210848,25.7501082147279,78.5609180866891,NaN,223.777328803537,1.42422806564332
402,4,SAT-1,Satellite,550052.290495253,153.319783919963,6.64510331762565,16.6014042820609,89.164883330008,6.27971607877395,0.126088049984214
402,5,SAT-1,Satellite,561746.224098178,153.502507608179,6.46237962940904,16.2700197975853,77.7575640381268,6.27971607877395,0.128656185976818
402,6,SAT-1,Satellite,550138.043265646,153.321137938587,6.643749299001,16.5989394133651,88.6550276262918,6.27971607877395,0.126106773498987
403,1,BS1,Terrestrial,140.115630076679,87.1183009076121,52.2181595179638,159.240922999825,NaN,223.777328803537,0.702637627903549
403,2,BS2,Terrestrial,144.901135010249,106.989471000401,32.3469894251749,197.301653628874,NaN,223.777328803537,1.13418881538856
403,3,BS1,Terrestrial,158.604085315624,107.589373431527,31.7470869940486,96.822548404197,NaN,223.777328803537,1.15560544775868
403,4,SAT-1,Satellite,550052.290495253,153.319783919963,6.64510331762565,16.6014042820609,89.164883330008,6.27971607877395,0.126088049984214
403,5,SAT-1,Satellite,561746.224098178,153.502507608179,6.46237962940904,16.2700197975853,77.7575640381268,6.27971607877395,0.128656185976818
403,6,SAT-1,Satellite,550138.043265646,153.321137938587,6.643749299001,16.5989394133651,88.6550276262918,6.27971607877395,0.126106773498987
404,1,BS1,Terrestrial,140.115630076679,103.504907907059,35.8315525185169,109.272851876142,NaN,223.777328803537,1.0239383568811
404,2,BS2,Terrestrial,144.901135010249,94.9415237725191,44.3949366530567,270.768344374777,NaN,223.777328803537,0.826453067548405
404,3,BS1,Terrestrial,158.604085315624,113.058068395354,26.2783920302222,80.1679096002654,NaN,223.777328803537,1.39567895632641
404,4,SAT-1,Satellite,550052.290495253,153.319783919963,6.64510331762565,16.6014042820609,89.164883330008,6.27971607877395,0.126088049984214
404,5,SAT-1,Satellite,561746.224098178,153.502507608179,6.46237962940904,16.2700197975853,77.7575640381268,6.27971607877395,0.128656185976818
404,6,SAT-1,Satellite,550138.043265646,153.321137938587,6.643749299001,16.5989394133651,88.6550276262918,6.27971607877395,0.126106773498987
405,1,BS1,Terrestrial,140.115630076679,104.811084084945,34.525376340631,210.581683062262,NaN,223.777328803537,1.06266283728663
405,2,BS2,Terrestrial,144.901135010249,103.894942271486,35.4415181540902,72.0558368361069,NaN,223.777328803537,1.03520333965693
405,3,BS2,Terrestrial,577.769735954722,114.809835779307,24.5266246462686,49.8941995704328,NaN,223.777328803537,1.49501231759845
405,4,BS2,Terrestrial,1289.96657807501,132.2586908434,7.0777695821761,15.9694274566539,NaN,223.777328803537,4.67095286521574
405,5,SAT-1,Satellite,561746.224098178,153.502507608179,6.46237962940904,24.4050296963779,77.7575640381268,6.27971607877395,0.128656185976818
405,6,SAT-1,Satellite,550138.043265646,153.321137938587,6.643749299001,24.8984091200477,88.6550276262918,6.27971607877395,0.126106773498987
406,1,BS1,Terrestrial,140.115630076679,108.94695583543,30.3895045901455,92.6858079737394,NaN,223.777328803537,1.20718227361701
406,2,BS2,Terrestrial,144.901135010249,109.761141659165,29.5753187664104,180.410835965747,NaN,223.777328803537,1.24037632000122
406,3,BS1,Terrestrial,158.604085315624,111.622994321883,27.7134661036925,84.5354488892076,NaN,223.777328803537,1.32357095008048
406,4,SAT-1,Satellite,550052.290495253,153.319783919963,6.64510331762565,16.6014042820609,89.164883330008,6.27971607877395,0.126088049984214
406,5,SAT-1,Satellite,561746.224098178,153.502507608179,6.46237962940904,16.2700197975853,77.7575640381268,6.27971607877395,0.128656185976818
406,6,SAT-1,Satellite,550138.043265646,153.321137938587,6.643749299001,16.5989394133651,88.6550276262918,6.27971607877395,0.126106773498987
407,1,BS1,Terrestrial,140.115630076679,108.355761312207,30.9806991133685,94.4871337714004,NaN,223.777328803537,1.18416825588624
407,2,BS2,Terrestrial,144.901135010249,108.501518620216,30.8349418053603,188.086005719533,NaN,223.777328803537,1.18976065203503
407,3,BS1,Terrestrial,158.604085315624,87.0980415084702,52.2384189171057,159.302704275258,NaN,223.777328803537,0.702365128770428
407,4,SAT-1,Satellite,550052.290495253,153.319783919963,6.64510331762565,16.6014042820609,89.164883330008,6.27971607877395,0.126088049984214
407,5,SAT-1,Satellite,561746.224098178,153.502507608179,6.46237962940904,16.2700197975853,77.7575640381268,6.27971607877395,0.128656185976818
407,6,SAT-1,Satellite,550138.043265646,153.321137938587,6.643749299001,16.5989394133651,88.6550276262918,6.27971607877395,0.126106773498987
408,1,BS1,Terrestrial,140.115630076679,113.997105461788,25.3393549637877,77.3117994409054,NaN,223.777328803537,1.4472391693236
408,2,BS2,Terrestrial,144.901135010249,115.766935593584,23.5695248319916,143.868128524181,NaN,223.777328803537,1.55543365371522
408,3,BS1,Terrestrial,158.604085315624,87.1551980329121,52.1812623926638,159.128404787673,NaN,223.777328803537,0.703134456422553
408,4,SAT-1,Satellite,550052.290495253,153.319783919963,6.64510331762565,16.6014042820609,89.164883330008,6.27971607877395,0.126088049984214
408,5,SAT-1,Satellite,561746.224098178,153.502507608179,6.46237962940904,16.2700197975853,77.7575640381268,6.27971607877395,0.128656185976818
408,6,SAT-1,Satellite,550138.043265646,153.321137938587,6.643749299001,16.5989394133651,88.6550276262918,6.27971607877395,0.126106773498987
409,1,BS1,Terrestrial,140.115630076679,89.6130939494649,49.723366476111,151.633038476832,NaN,223.777328803537,0.737891065995253
409,2,BS2,Terrestrial,144.901135010249,86.2825760716441,53.0538843539318,323.57895408064,NaN,223.777328803537,0.691569479354238
409,3,BS1,Terrestrial,158.604085315624,116.118568019839,23.2178924057373,70.8666381070244,NaN,223.777328803537,1.57886231646536
409,4,SAT-1,Satellite,550052.290495253,153.319783919963,6.64510331762565,16.6014042820609,89.164883330008,6.27971607877395,0.126088049984214
409,5,SAT-1,Satellite,561746.224098178,153.502507608179,6.46237962940904,16.2700197975853,77.7575640381268,6.27971607877395,0.128656185976818
409,6,SAT-1,Satellite,550138.043265646,153.321137938587,6.643749299001,16.5989394133651,88.6550276262918,6.27971607877395,0.126106773498987
410,1,BS1,Terrestrial,140.115630076679,111.05118056286,28.2852798627154,86.2764504093123,NaN,223.777328803537,1.29686216656975
410,2,BS2,Terrestrial,144.901135010249,93.1569515202497,46.1795089053262,281.652233160106,NaN,223.777328803537,0.79451643714229
410,3,BS1,Terrestrial,158.604085315624,118.04247385393,21.2939865716463,65.0346022865961,NaN,223.777328803537,1.72044819938615
410,4,SAT-1,Satellite,550052.290495253,153.319783919963,6.64510331762565,16.6014042820609,89.164883330008,6.27971607877395,0.126088049984214
410,5,SAT-1,Satellite,561746.224098178,153.502507608179,6.46237962940904,16.2700197975853,77.7575640381268,6.27971607877395,0.128656185976818
410,6,SAT-1,Satellite,550138.043265646,153.321137938587,6.643749299001,16.5989394133651,88.6550276262918,6.27971607877395,0.126106773498987
411,1,BS1,Terrestrial,140.115630076679,110.594544414806,28.7419160107696,87.6670170511381,NaN,223.777328803537,1.27629145105395
411,2,BS2,Terrestrial,144.901135010249,108.628758480414,30.7077019451615,187.310611421029,NaN,223.777328803537,1.19468580613695
411,3,BS1,Terrestrial,158.604085315624,114.008856899754,25.3276035258215,77.276067720414,NaN,223.777328803537,1.44790835898358
411,4,SAT-1,Satellite,550052.290495253,153.319783919963,6.64510331762565,16.6014042820609,89.164883330008,6.27971607877395,0.126088049984214
411,5,SAT-1,Satellite,561746.224098178,153.502507608179,6.46237962940904,16.2700197975853,77.7575640381268,6.27971607877395,0.128656185976818
411,6,SAT-1,Satellite,550138.043265646,153.321137938587,6.643749299001,16.5989394133651,88.6550276262918,6.27971607877395,0.126106773498987
412,1,BS2,Terrestrial,295.273297492253,95.3015672299377,44.0348931956381,134.286250476513,NaN,223.777328803537,0.833210131377806
412,2,BS2,Terrestrial,144.901135010249,99.9050473444599,39.431413081116,120.248786345293,NaN,223.777328803537,0.930476454710168
412,3,BS1,Terrestrial,158.604085315624,110.303795347511,29.0326650780646,177.105041491273,NaN,223.777328803537,1.26352884660578
412,4,SAT-1,Satellite,550052.290495253,153.319783919963,6.64510331762565,16.6014042820609,89.164883330008,6.27971607877395,0.126088049984214
412,5,SAT-1,Satellite,561746.224098178,153.502507608179,6.46237962940904,16.2700197975853,77.7575640381268,6.27971607877395,0.128656185976818
412,6,SAT-1,Satellite,550138.043265646,153.321137938587,6.643749299001,16.5989394133651,88.6550276262918,6.27971607877395,0.126106773498987
413,1,BS1,Terrestrial,140.115630076679,106.485147334157,32.8513130914184,100.187931618591,NaN,223.777328803537,1.11678784654145
413,2,BS2,Terrestrial,144.901135010249,121.610462972134,17.7259974534423,108.555333584046,NaN,223.777328803537,2.06141256643354
413,3,BS1,Terrestrial,158.604085315624,99.6816821871664,39.6547782384095,120.929869418877,NaN,223.777328803537,0.925235964774005
413,4,SAT-1,Satellite,550052.290495253,153.319783919963,6.64510331762565,16.6014042820609,89.164883330008,6.27971607877395,0.126088049984214
413,5,SAT-1,Satellite,561746.224098178,153.502507608179,6.46237962940904,16.2700197975853,77.7575640381268,6.27971607877395,0.128656185976818
413,6,SAT-1,Satellite,550138.043265646,153.321137938587,6.643749299001,16.5989394133651,88.6550276262918,6.27971607877395,0.126106773498987
414,1,BS1,Terrestrial,140.115630076679,88.152703811381,51.1837566141949,156.086501694129,NaN,223.777328803537,0.716837543204269
414,2,BS2,Terrestrial,144.901135010249,103.770623911506,35.5658365140696,216.925522179544,NaN,223.777328803537,1.03158598654114
414,3,BS1,Terrestrial,158.604085315624,118.662327103827,20.6741333217492,63.1593044968261,NaN,223.777328803537,1.77153097699788
414,4,SAT-1,Satellite,550052.290495253,153.319783919963,6.64510331762565,16.6014042820609,89.164883330008,6.27971607877395,0.126088049984214
414,5,SAT-1,Satellite,561746.224098178,153.502507608179,6.46237962940904,16.2700197975853,77.7575640381268,6.27971607877395,0.128656185976818
414,6,SAT-1,Satellite,550138.043265646,153.321137938587,6.643749299001,16.5989394133651,88.6550276262918,6.27971607877395,0.126106773498987
415,1,BS1,Terrestrial,140.115630076679,90.0561858078931,49.2802746176827,150.281831726748,NaN,223.777328803537,0.744525556523768
415,2,BS2,Terrestrial,144.901135010249,114.819042676495,24.5174177490813,149.626642827948,NaN,223.777328803537,1.49557140743212
415,3,BS1,Terrestrial,158.604085315624,104.108758075008,35.2277023505676,107.431908414658,NaN,223.777328803537,1.04148447191228
415,4,SAT-1,Satellite,550052.290495253,153.319783919963,6.64510331762565,16.6014042820609,89.164883330008,6.27971607877395,0.126088049984214
415,5,SAT-1,Satellite,561746.224098178,153.502507608179,6.46237962940904,16.2700197975853,77.7575640381268,6.27971607877395,0.128656185976818
415,6,SAT-1,Satellite,550138.043265646,153.321137938587,6.643749299001,16.5989394133651,88.6550276262918,6.27971607877395,0.126106773498987
416,1,BS1,Terrestrial,140.115630076679,103.561840740368,35.7746196852078,109.099279115671,NaN,223.777328803537,1.02556740345773
416,2,BS2,Terrestrial,144.901135010249,114.984888765749,24.3515716598271,148.618768222132,NaN,223.777328803537,1.50571379026012
416,3,BS1,Terrestrial,158.604085315624,117.59377546594,21.7426849596355,66.3933386855597,NaN,223.777328803537,1.68523931190862
416,4,SAT-1,Satellite,550052.290495253,153.319783919963,6.64510331762565,16.6014042820609,89.164883330008,6.27971607877395,0.126088049984214
416,5,SAT-1,Satellite,561746.224098178,153.502507608179,6.46237962940904,16.2700197975853,77.7575640381268,6.27971607877395,0.128656185976818
416,6,SAT-1,Satellite,550138.043265646,153.321137938587,6.643749299001,16.5989394133651,88.6550276262918,6.27971607877395,0.126106773498987
417,1,BS1,Terrestrial,140.115630076679,91.2965323955747,48.0399280300012,146.49940927782,NaN,223.777328803537,0.763748229111179
417,2,BS2,Terrestrial,144.901135010249,85.1455213703732,54.1909390552027,330.513888704388,NaN,223.777328803537,0.677058775595613
417,3,BS1,Terrestrial,158.604085315624,103.379430814926,35.9570296106494,109.655399569134,NaN,223.777328803537,1.0203662094289
417,4,SAT-1,Satellite,550052.290495253,153.319783919963,6.64510331762565,16.6014042820609,89.164883330008,6.27971607877395,0.126088049984214
417,5,SAT-1,Satellite,561746.224098178,153.502507608179,6.46237962940904,16.2700197975853,77.7575640381268,6.27971607877395,0.128656185976818
417,6,SAT-1,Satellite,550138.043265646,153.321137938587,6.643749299001,16.5989394133651,88.6550276262918,6.27971607877395,0.126106773498987
418,1,BS1,Terrestrial,140.115630076679,106.474951821202,32.8615086043743,100.219007042971,NaN,223.777328803537,1.11644155837419
418,2,BS2,Terrestrial,144.901135010249,101.782097962938,37.5543624626381,229.050960537194,NaN,223.777328803537,0.976976164075942
418,3,BS1,Terrestrial,158.604085315624,109.319261424823,30.0171990007528,91.5515336317655,NaN,223.777328803537,1.22213861377574
418,4,SAT-1,Satellite,550052.290495253,153.319783919963,6.64510331762565,16.6014042820609,89.164883330008,6.27971607877395,0.126088049984214
418,5,SAT-1,Satellite,561746.224098178,153.502507608179,6.46237962940904,16.2700197975853,77.7575640381268,6.27971607877395,0.128656185976818
418,6,SAT-1,Satellite,550138.043265646,153.321137938587,6.643749299001,16.5989394133651,88.6550276262918,6.27971607877395,0.126106773498987
419,1,BS2,Terrestrial,295.273297492253,91.3797212396502,47.9567391859256,146.245726425093,NaN,223.777328803537,0.765073052983044
419,2,BS2,Terrestrial,144.901135010249,89.7623467056798,49.5741137198961,151.177892655622,NaN,223.777328803537,0.740112607976666
419,3,BS1,Terrestrial,158.604085315624,105.851583796063,33.4848766295127,204.238141375207,NaN,223.777328803537,1.09566865080521
419,4,SAT-1,Satellite,550052.290495253,153.319783919963,6.64510331762565,16.6014042820609,89.164883330008,6.27971607877395,0.126088049984214
419,5,SAT-1,Satellite,561746.224098178,153.502507608179,6.46237962940904,16.2700197975853,77.7575640381268,6.27971607877395,0.128656185976818
419,6,SAT-1,Satellite,550138.043265646,153.321137938587,6.643749299001,16.5989394133651,88.6550276262918,6.27971607877395,0.126106773498987
420,1,BS1,Terrestrial,140.115630076679,107.78903376562,31.547426659956,96.2140946554993,NaN,223.777328803537,1.16291344633438
420,2,BS2,Terrestrial,144.901135010249,104.345124481635,34.991335943941,213.422648380856,NaN,223.777328803537,1.04851725204067
420,3,BS1,Terrestrial,158.604085315624,112.148790446196,27.1876699793804,82.9348983982736,NaN,223.777328803537,1.34911438444709
420,4,SAT-1,Satellite,550052.290495253,153.319783919963,6.64510331762565,16.6014042820609,89.164883330008,6.27971607877395,0.126088049984214
420,5,SAT-1,Satellite,561746.224098178,153.502507608179,6.46237962940904,16.2700197975853,77.7575640381268,6.27971607877395,0.128656185976818
420,6,SAT-1,Satellite,550138.043265646,153.321137938587,6.643749299001,16.5989394133651,88.6550276262918,6.27971607877395,0.126106773498987
421,1,BS2,Terrestrial,295.273297492253,96.9858651878623,42.3505952377135,129.150181124573,NaN,223.777328803537,0.866345392840333
421,2,BS2,Terrestrial,144.901135010249,112.321289399315,27.0151710262612,82.4098811016723,NaN,223.777328803537,1.35770932934277
421,3,BS1,Terrestrial,158.604085315624,103.37968671781,35.9567737077658,219.309238767088,NaN,223.777328803537,1.02037346926909
421,4,SAT-1,Satellite,550052.290495253,153.319783919963,6.64510331762565,16.6014042820609,89.164883330008,6.27971607877395,0.126088049984214
421,5,SAT-1,Satellite,561746.224098178,153.502507608179,6.46237962940904,16.2700197975853,77.7575640381268,6.27971607877395,0.128656185976818
421,6,SAT-1,Satellite,550138.043265646,153.321137938587,6.643749299001,16.5989394133651,88.6550276262918,6.27971607877395,0.126106773498987
422,1,BS1,Terrestrial,140.115630076679,106.838797141858,32.4976632837174,99.1100483523568,NaN,223.777328803537,1.12893360725626
422,2,BS2,Terrestrial,144.901135010249,112.444108480484,26.892351945092,164.072188880924,NaN,223.777328803537,1.36389555310891
422,3,BS1,Terrestrial,158.604085315624,111.805704133998,27.5307562915775,83.9792315943378,NaN,223.777328803537,1.33233732052048
422,4,SAT-1,Satellite,550052.290495253,153.319783919963,6.64510331762565,16.6014042820609,89.164883330008,6.27971607877395,0.126088049984214
422,5,SAT-1,Satellite,561746.224098178,153.502507608179,6.46237962940904,16.2700197975853,77.7575640381268,6.27971607877395,0.128656185976818
422,6,SAT-1,Satellite,550138.043265646,153.321137938587,6.643749299001,16.5989394133651,88.6550276262918,6.27971607877395,0.126106773498987
423,1,BS1,Terrestrial,140.115630076679,108.520115214692,30.8163452108843,93.9863388408218,NaN,223.777328803537,1.1904779543681
423,2,BS2,Terrestrial,144.901135010249,107.50115816383,31.8353022617456,194.182771052484,NaN,223.777328803537,1.15240568249515
423,3,BS1,Terrestrial,158.604085315624,112.86516254602,26.4712978795561,80.7548292967736,NaN,223.777328803537,1.38553527233125
423,4,SAT-1,Satellite,550052.290495253,153.319783919963,6.64510331762565,16.6014042820609,89.164883330008,6.27971607877395,0.126088049984214
423,5,SAT-1,Satellite,561746.224098178,153.502507608179,6.46237962940904,16.2700197975853,77.7575640381268,6.27971607877395,0.128656185976818
423,6,SAT-1,Satellite,550138.043265646,153.321137938587,6.643749299001,16.5989394133651,88.6550276262918,6.27971607877395,0.126106773498987
424,1,BS1,Terrestrial,140.115630076679,107.82749270479,31.5089677207859,96.0968954011068,NaN,223.777328803537,1.16433172928998
424,2,BS2,Terrestrial,144.901135010249,87.6206914539177,51.7157689716582,315.417755414826,NaN,223.777328803537,0.7094633227265
424,3,BS1,Terrestrial,158.604085315624,116.898402494634,22.4380579309418,68.5008619457959,NaN,223.777328803537,1.63339060595041
424,4,SAT-1,Satellite,550052.290495253,153.319783919963,6.64510331762565,16.6014042820609,89.164883330008,6.27971607877395,0.126088049984214
424,5,SAT-1,Satellite,561746.224098178,153.502507608179,6.46237962940904,16.2700197975853,77.7575640381268,6.27971607877395,0.128656185976818
424,6,SAT-1,Satellite,550138.043265646,153.321137938587,6.643749299001,16.5989394133651,88.6550276262918,6.27971607877395,0.126106773498987
425,1,BS1,Terrestrial,140.115630076679,99.9277460351439,39.4087143904319,120.179573917324,NaN,223.777328803537,0.931012323930692
425,2,BS2,Terrestrial,144.901135010249,109.464514876993,29.8719455485833,182.218054168464,NaN,223.777328803537,1.22807440692266
425,3,BS1,Terrestrial,158.604085315624,121.274728266498,18.0617321590781,55.2851336046773,NaN,223.777328803537,2.02384722811455
425,4,SAT-1,Satellite,550052.290495253,153.319783919963,6.64510331762565,16.6014042820609,89.164883330008,6.27971607877395,0.126088049984214
425,5,SAT-1,Satellite,561746.224098178,153.502507608179,6.46237962940904,16.2700197975853,77.7575640381268,6.27971607877395,0.128656185976818
425,6,SAT-1,Satellite,550138.043265646,153.321137938587,6.643749299001,16.5989394133651,88.6550276262918,6.27971607877395,0.126106773498987
426,1,BS1,Terrestrial,140.115630076679,104.860197983554,34.4762624420217,105.141120337687,NaN,223.777328803537,1.06417607157324
426,2,BS2,Terrestrial,144.901135010249,103.867501498664,35.4689589269115,216.334825783251,NaN,223.777328803537,1.03440270420327
426,3,BS1,Terrestrial,158.604085315624,106.241564466575,33.0948959590012,100.930370417191,NaN,223.777328803537,1.10857281053544
426,4,SAT-1,Satellite,550052.290495253,153.319783919963,6.64510331762565,16.6014042820609,89.164883330008,6.27971607877395,0.126088049984214
426,5,SAT-1,Satellite,561746.224098178,153.502507608179,6.46237962940904,16.2700197975853,77.7575640381268,6.27971607877395,0.128656185976818
426,6,SAT-1,Satellite,550138.043265646,153.321137938587,6.643749299001,16.5989394133651,88.6550276262918,6.27971607877395,0.126106773498987
427,1,BS1,Terrestrial,140.115630076679,108.480375787056,30.8560846385201,94.1074255377052,NaN,223.777328803537,1.18894618317807
427,2,BS2,Terrestrial,144.901135010249,82.7072876337616,56.6291727918143,345.384779161541,NaN,223.777328803537,0.647907326277611
427,3,BS1,Terrestrial,158.604085315624,105.088553384869,34.2479070407066,104.444998684807,NaN,223.777328803537,1.07126876165153
427,4,SAT-1,Satellite,550052.290495253,153.319783919963,6.64510331762565,16.6014042820609,89.164883330008,6.27971607877395,0.126088049984214
427,5,SAT-1,Satellite,561746.224098178,153.502507608179,6.46237962940904,16.2700197975853,77.7575640381268,6.27971607877395,0.128656185976818
427,6,SAT-1,Satellite,550138.043265646,153.321137938587,6.643749299001,16.5989394133651,88.6550276262918,6.27971607877395,0.126106773498987
428,1,BS1,Terrestrial,140.115630076679,114.932664912383,24.4037955131925,49.6453754783962,NaN,223.777328803537,1.50250536360576
428,2,BS1,Terrestrial,565.377728999031,121.726389837021,17.610070588555,35.9533938701065,NaN,223.777328803537,2.0746982386142
428,3,BS1,Terrestrial,158.604085315624,105.870401701787,33.4660587237887,68.041140457774,NaN,223.777328803537,1.09628443075266
428,4,SAT-1,Satellite,550052.290495253,153.319783919963,6.64510331762565,16.6014042820609,89.164883330008,6.27971607877395,0.126088049984214
428,5,SAT-1,Satellite,561746.224098178,153.502507608179,6.46237962940904,16.2700197975853,77.7575640381268,6.27971607877395,0.128656185976818
428,6,SAT-1,Satellite,550138.043265646,153.321137938587,6.643749299001,16.5989394133651,88.6550276262918,6.27971607877395,0.126106773498987
429,1,BS1,Terrestrial,140.115630076679,103.895341216591,35.4411192089851,108.082539006546,NaN,223.777328803537,1.03521498875033
429,2,BS2,Terrestrial,144.901135010249,109.280019090935,30.0564413346408,183.342171525284,NaN,223.777328803537,1.22054477124308
429,3,BS1,Terrestrial,158.604085315624,110.963227824485,28.3732326010912,86.5442714393554,NaN,223.777328803537,1.29284888001135
429,4,SAT-1,Satellite,550052.290495253,153.319783919963,6.64510331762565,16.6014042820609,89.164883330008,6.27971607877395,0.126088049984214
429,5,SAT-1,Satellite,561746.224098178,153.502507608179,6.46237962940904,16.2700197975853,77.7575640381268,6.27971607877395,0.128656185976818
429,6,SAT-1,Satellite,550138.043265646,153.321137938587,6.643749299001,16.5989394133651,88.6550276262918,6.27971607877395,0.126106773498987
430,1,BS1,Terrestrial,140.115630076679,87.2927636078605,52.0436968177154,158.708897020474,NaN,223.777328803537,0.704993018679569
430,2,BS2,Terrestrial,144.901135010249,109.310739146768,30.0257212788077,183.154993478304,NaN,223.777328803537,1.22179212564055
430,3,BS1,Terrestrial,158.604085315624,115.513669844747,23.8227905808293,72.7031217520705,NaN,223.777328803537,1.53898019377115
430,4,SAT-1,Satellite,550052.290495253,153.319783919963,6.64510331762565,16.6014042820609,89.164883330008,6.27971607877395,0.126088049984214
430,5,SAT-1,Satellite,561746.224098178,153.502507608179,6.46237962940904,16.2700197975853,77.7575640381268,6.27971607877395,0.128656185976818
430,6,SAT-1,Satellite,550138.043265646,153.321137938587,6.643749299001,16.5989394133651,88.6550276262918,6.27971607877395,0.126106773498987
431,1,BS1,Terrestrial,140.115630076679,107.967083749099,31.3693766764768,95.671513732862,NaN,223.777328803537,1.16950866601932
431,2,BS2,Terrestrial,144.901135010249,103.043605429237,36.2928549963385,221.358518407762,NaN,223.777328803537,1.01092711684725
431,3,BS1,Terrestrial,158.604085315624,109.601124452873,29.735335972703,90.6928675108338,NaN,223.777328803537,1.23370963420473
431,4,SAT-1,Satellite,550052.290495253,153.319783919963,6.64510331762565,16.6014042820609,89.164883330008,6.27971607877395,0.126088049984214
431,5,SAT-1,Satellite,561746.224098178,153.502507608179,6.46237962940904,16.2700197975853,77.7575640381268,6.27971607877395,0.128656185976818
431,6,SAT-1,Satellite,550138.043265646,153.321137938587,6.643749299001,16.5989394133651,88.6550276262918,6.27971607877395,0.126106773498987
432,1,BS1,Terrestrial,140.115630076679,116.821052970682,22.5154074548941,68.7354155442865,NaN,223.777328803537,1.62781680325593
432,2,BS2,Terrestrial,144.901135010249,104.311733552875,35.0247268727007,213.626237396515,NaN,223.777328803537,1.04751799933723
432,3,BS1,Terrestrial,158.604085315624,111.456826477049,27.8796339485272,85.0413424230087,NaN,223.777328803537,1.31569729750052
432,4,SAT-1,Satellite,550052.290495253,153.319783919963,6.64510331762565,16.6014042820609,89.164883330008,6.27971607877395,0.126088049984214
432,5,SAT-1,Satellite,561746.224098178,153.502507608179,6.46237962940904,16.2700197975853,77.7575640381268,6.27971607877395,0.128656185976818
432,6,SAT-1,Satellite,550138.043265646,153.321137938587,6.643749299001,16.5989394133651,88.6550276262918,6.27971607877395,0.126106773498987
433,1,BS1,Terrestrial,140.115630076679,101.386711294521,37.9497491310545,115.731021411219,NaN,223.777328803537,0.966799247404915
433,2,BS2,Terrestrial,144.901135010249,106.204402275087,33.1320581504893,202.087284656423,NaN,223.777328803537,1.10733007860435
433,3,BS1,Terrestrial,158.604085315624,86.085681454721,53.2507789708549,162.389910173895,NaN,223.777328803537,0.689012416362279
433,4,SAT-1,Satellite,550052.290495253,153.319783919963,6.64510331762565,16.6014042820609,89.164883330008,6.27971607877395,0.126088049984214
433,5,SAT-1,Satellite,561746.224098178,153.502507608179,6.46237962940904,16.2700197975853,77.7575640381268,6.27971607877395,0.128656185976818
433,6,SAT-1,Satellite,550138.043265646,153.321137938587,6.643749299001,16.5989394133651,88.6550276262918,6.27971607877395,0.126106773498987
434,1,BS1,Terrestrial,140.115630076679,105.426483166661,33.9099772589145,103.414874494608,NaN,223.777328803537,1.08193975913593
434,2,BS2,Terrestrial,144.901135010249,106.413352237124,32.9231081884515,200.813520718264,NaN,223.777328803537,1.11435389411598
434,3,BS1,Terrestrial,158.604085315624,113.100039727825,26.2364206977511,80.0402190503596,NaN,223.777328803537,1.39790552461345
434,4,SAT-1,Satellite,550052.290495253,153.319783919963,6.64510331762565,16.6014042820609,89.164883330008,6.27971607877395,0.126088049984214
434,5,SAT-1,Satellite,561746.224098178,153.502507608179,6.46237962940904,16.2700197975853,77.7575640381268,6.27971607877395,0.128656185976818
434,6,SAT-1,Satellite,550138.043265646,153.321137938587,6.643749299001,16.5989394133651,88.6550276262918,6.27971607877395,0.126106773498987
435,1,BS2,Terrestrial,295.273297492253,112.533882751289,26.8025776742874,81.762889720321,NaN,223.777328803537,1.36845291041567
435,2,BS2,Terrestrial,144.901135010249,113.140010787813,26.1964496377625,79.9186167070539,NaN,223.777328803537,1.40003254575718
435,3,BS1,Terrestrial,158.604085315624,97.5128256887282,41.8236347368476,255.086597415958,NaN,223.777328803537,0.877260236603625
435,4,SAT-1,Satellite,550052.290495253,153.319783919963,6.64510331762565,16.6014042820609,89.164883330008,6.27971607877395,0.126088049984214
435,5,SAT-1,Satellite,561746.224098178,153.502507608179,6.46237962940904,16.2700197975853,77.7575640381268,6.27971607877395,0.128656185976818
435,6,SAT-1,Satellite,550138.043265646,153.321137938587,6.643749299001,16.5989394133651,88.6550276262918,6.27971607877395,0.126106773498987
436,1,BS1,Terrestrial,140.115630076679,112.289983538806,27.0464768867704,82.5051604989007,NaN,223.777328803537,1.35614140649129
436,2,BS2,Terrestrial,144.901135010249,106.586587586278,32.7498728392981,199.757497540883,NaN,223.777328803537,1.12024495479945
436,3,BS1,Terrestrial,158.604085315624,106.857508758097,32.4789516674792,99.0530188739723,NaN,223.777328803537,1.12958358739301
436,4,SAT-1,Satellite,550052.290495253,153.319783919963,6.64510331762565,16.6014042820609,89.164883330008,6.27971607877395,0.126088049984214
436,5,SAT-1,Satellite,561746.224098178,153.502507608179,6.46237962940904,16.2700197975853,77.7575640381268,6.27971607877395,0.128656185976818
436,6,SAT-1,Satellite,550138.043265646,153.321137938587,6.643749299001,16.5989394133651,88.6550276262918,6.27971607877395,0.126106773498987
437,1,BS1,Terrestrial,140.115630076679,104.908077716762,34.4283827088143,104.995162015204,NaN,223.777328803537,1.0656554288241
437,2,BS2,Terrestrial,144.901135010249,89.7169973120253,49.6194631135506,302.632370948341,NaN,223.777328803537,0.739436194820468
437,3,BS1,Terrestrial,158.604085315624,106.654772492068,32.6816879335081,99.6709280579721,NaN,223.777328803537,1.1225807422671
437,4,SAT-1,Satellite,550052.290495253,153.319783919963,6.64510331762565,16.6014042820609,89.164883330008,6.27971607877395,0.126088049984214
437,5,SAT-1,Satellite,561746.224098178,153.502507608179,6.46237962940904,16.2700197975853,77.7575640381268,6.27971607877395,0.128656185976818
437,6,SAT-1,Satellite,550138.043265646,153.321137938587,6.643749299001,16.5989394133651,88.6550276262918,6.27971607877395,0.126106773498987
438,1,BS1,Terrestrial,140.115630076679,88.9105288135853,50.4259316119906,153.775510846822,NaN,223.777328803537,0.727610422398289
438,2,BS2,Terrestrial,144.901135010249,112.452450667265,26.8840097583107,164.021413336253,NaN,223.777328803537,1.3643177695633
438,3,BS1,Terrestrial,158.604085315624,102.471834342542,36.8646260830343,112.422508751129,NaN,223.777328803537,0.995251446037892
438,4,SAT-1,Satellite,550052.290495253,153.319783919963,6.64510331762565,16.6014042820609,89.164883330008,6.27971607877395,0.126088049984214
438,5,SAT-1,Satellite,561746.224098178,153.502507608179,6.46237962940904,16.2700197975853,77.7575640381268,6.27971607877395,0.128656185976818
438,6,SAT-1,Satellite,550138.043265646,153.321137938587,6.643749299001,16.5989394133651,88.6550276262918,6.27971607877395,0.126106773498987
439,1,BS2,Terrestrial,295.273297492253,97.6051684356597,41.7312919899162,127.261715432917,NaN,223.777328803537,0.879201290200649
439,2,BS2,Terrestrial,144.901135010249,110.216151275689,29.1203091498869,88.8194637710879,NaN,223.777328803537,1.25973136575263
439,3,BS1,Terrestrial,158.604085315624,115.676261348994,23.6601990765822,144.418760752068,NaN,223.777328803537,1.54950317838351
439,4,SAT-1,Satellite,550052.290495253,153.319783919963,6.64510331762565,16.6014042820609,89.164883330008,6.27971607877395,0.126088049984214
439,5,SAT-1,Satellite,561746.224098178,153.502507608179,6.46237962940904,16.2700197975853,77.7575640381268,6.27971607877395,0.128656185976818
439,6,SAT-1,Satellite,550138.043265646,153.321137938587,6.643749299001,16.5989394133651,88.6550276262918,6.27971607877395,0.126106773498987
440,1,BS1,Terrestrial,140.115630076679,90.506463178654,48.8299972469218,148.90871445639,NaN,223.777328803537,0.751390976748621
440,2,BS2,Terrestrial,144.901135010249,81.5206771316152,57.8157832939607,352.621974027943,NaN,223.777328803537,0.634609710357428
440,3,BS1,Terrestrial,158.604085315624,102.427987278084,36.908473147492,112.556194309345,NaN,223.777328803537,0.994069363204107
440,4,SAT-1,Satellite,550052.290495253,153.319783919963,6.64510331762565,16.6014042820609,89.164883330008,6.27971607877395,0.126088049984214
440,5,SAT-1,Satellite,561746.224098178,153.502507608179,6.46237962940904,16.2700197975853,77.7575640381268,6.27971607877395,0.128656185976818
440,6,SAT-1,Satellite,550138.043265646,153.321137938587,6.643749299001,16.5989394133651,88.6550276262918,6.27971607877395,0.126106773498987
441,1,BS2,Terrestrial,295.273297492253,98.2379533172125,41.0985071083634,125.332158387252,NaN,223.777328803537,0.892737074359274
441,2,BS2,Terrestrial,144.901135010249,103.079087775459,36.2573726501169,110.571080230356,NaN,223.777328803537,1.01191617345755
441,3,BS1,Terrestrial,158.604085315624,85.393669975715,53.9427904498608,329.000421409879,NaN,223.777328803537,0.680173380461262
441,4,SAT-1,Satellite,550052.290495253,153.319783919963,6.64510331762565,16.6014042820609,89.164883330008,6.27971607877395,0.126088049984214
441,5,SAT-1,Satellite,561746.224098178,153.502507608179,6.46237962940904,16.2700197975853,77.7575640381268,6.27971607877395,0.128656185976818
441,6,SAT-1,Satellite,550138.043265646,153.321137938587,6.643749299001,16.5989394133651,88.6550276262918,6.27971607877395,0.126106773498987
442,1,BS1,Terrestrial,140.115630076679,106.189752609752,33.1467078158238,67.3921968329136,NaN,223.777328803537,1.10684094657799
442,2,BS2,Terrestrial,144.901135010249,101.157802901726,38.1786575238494,232.857950825353,NaN,223.777328803537,0.961003599019788
442,3,BS1,Terrestrial,158.604085315624,109.961479048211,29.3749813773645,59.730114536064,NaN,223.777328803537,1.24882470951022
442,4,BS1,Terrestrial,1684.50877122662,126.96882044609,12.3676399794859,25.6412439460092,NaN,223.777328803537,2.90908050684186
442,5,SAT-1,Satellite,561746.224098178,153.502507608179,6.46237962940904,24.4050296963779,77.7575640381268,6.27971607877395,0.128656185976818
442,6,SAT-1,Satellite,550138.043265646,153.321137938587,6.643749299001,24.8984091200477,88.6550276262918,6.27971607877395,0.126106773498987
443,1,BS2,Terrestrial,295.273297492253,94.7097876396122,44.6266727859636,136.090833460758,NaN,223.777328803537,0.822161651570986
443,2,BS2,Terrestrial,144.901135010249,102.425330321417,36.9111301041592,112.564295128141,NaN,223.777328803537,0.993997823860552
443,3,BS1,Terrestrial,158.604085315624,108.628267243157,30.7081931824192,187.31360496327,NaN,223.777328803537,1.19466671333039
443,4,SAT-1,Satellite,550052.290495253,153.319783919963,6.64510331762565,16.6014042820609,89.164883330008,6.27971607877395,0.126088049984214
443,5,SAT-1,Satellite,561746.224098178,153.502507608179,6.46237962940904,16.2700197975853,77.7575640381268,6.27971607877395,0.128656185976818
443,6,SAT-1,Satellite,550138.043265646,153.321137938587,6.643749299001,16.5989394133651,88.6550276262918,6.27971607877395,0.126106773498987
444,1,BS1,Terrestrial,140.115630076679,112.38725811325,26.9492023123259,82.2091097718404,NaN,223.777328803537,1.36102513106272
444,2,BS2,Terrestrial,144.901135010249,108.13715132126,31.1993091043156,190.306546320426,NaN,223.777328803537,1.17587825080255
444,3,BS1,Terrestrial,158.604085315624,102.197284342669,37.1391760829071,113.259590235391,NaN,223.777328803537,0.987895719640405
444,4,SAT-1,Satellite,550052.290495253,153.319783919963,6.64510331762565,16.6014042820609,89.164883330008,6.27971607877395,0.126088049984214
444,5,SAT-1,Satellite,561746.224098178,153.502507608179,6.46237962940904,16.2700197975853,77.7575640381268,6.27971607877395,0.128656185976818
444,6,SAT-1,Satellite,550138.043265646,153.321137938587,6.643749299001,16.5989394133651,88.6550276262918,6.27971607877395,0.126106773498987
445,1,BS2,Terrestrial,295.273297492253,91.0995782098334,48.2368822157425,98.0666785019311,NaN,223.777328803537,0.760629849751091
445,2,BS2,Terrestrial,144.901135010249,89.6947190480889,49.641741377487,100.922748645669,NaN,223.777328803537,0.73910435392916
445,3,BS1,Terrestrial,158.604085315624,110.883836672384,28.4526237531921,173.572057453942,NaN,223.777328803537,1.28924742891244
445,4,BS2,Terrestrial,1289.96657807501,114.178598265107,25.1578621604684,51.1733198227149,NaN,223.777328803537,1.45764322488615
445,5,SAT-1,Satellite,561746.224098178,153.502507608179,6.46237962940904,24.4050296963779,77.7575640381268,6.27971607877395,0.128656185976818
445,6,SAT-1,Satellite,550138.043265646,153.321137938587,6.643749299001,24.8984091200477,88.6550276262918,6.27971607877395,0.126106773498987
446,1,BS1,Terrestrial,140.115630076679,106.158685101978,33.1777753235976,101.18299082605,NaN,223.777328803537,1.10580507146822
446,2,BS2,Terrestrial,144.901135010249,109.297018442675,30.0394419829009,183.238593899951,NaN,223.777328803537,1.22123469756442
446,3,BS1,Terrestrial,158.604085315624,106.154667161247,33.1817932643291,101.195237767709,NaN,223.777328803537,1.10567124372597
446,4,SAT-1,Satellite,550052.290495253,153.319783919963,6.64510331762565,16.6014042820609,89.164883330008,6.27971607877395,0.126088049984214
446,5,SAT-1,Satellite,561746.224098178,153.502507608179,6.46237962940904,16.2700197975853,77.7575640381268,6.27971607877395,0.128656185976818
446,6,SAT-1,Satellite,550138.043265646,153.321137938587,6.643749299001,16.5989394133651,88.6550276262918,6.27971607877395,0.126106773498987
447,1,BS1,Terrestrial,140.115630076679,106.606335253864,32.7301251717117,99.8185596930225,NaN,223.777328803537,1.120920445515
447,2,BS2,Terrestrial,144.901135010249,99.2646196062347,40.0718408193412,244.403165959101,NaN,223.777328803537,0.91560732417429
447,3,BS1,Terrestrial,158.604085315624,106.681549242485,32.6549111830904,99.589315704095,NaN,223.777328803537,1.12350068489494
447,4,SAT-1,Satellite,550052.290495253,153.319783919963,6.64510331762565,16.6014042820609,89.164883330008,6.27971607877395,0.126088049984214
447,5,SAT-1,Satellite,561746.224098178,153.502507608179,6.46237962940904,16.2700197975853,77.7575640381268,6.27971607877395,0.128656185976818
447,6,SAT-1,Satellite,550138.043265646,153.321137938587,6.643749299001,16.5989394133651,88.6550276262918,6.27971607877395,0.126106773498987
448,1,BS1,Terrestrial,140.115630076679,115.433198908677,23.9032615168984,72.9475161438116,NaN,223.777328803537,1.53382418369375
448,2,BS2,Terrestrial,144.901135010249,110.648774521148,28.6876859044277,175.003725491835,NaN,223.777328803537,1.27870037151854
448,3,BS1,Terrestrial,158.604085315624,98.6401117681025,40.6963486574734,124.105863901728,NaN,223.777328803537,0.901558241360512
448,4,SAT-1,Satellite,550052.290495253,153.319783919963,6.64510331762565,16.6014042820609,89.164883330008,6.27971607877395,0.126088049984214
448,5,SAT-1,Satellite,561746.224098178,153.502507608179,6.46237962940904,16.2700197975853,77.7575640381268,6.27971607877395,0.128656185976818
448,6,SAT-1,Satellite,550138.043265646,153.321137938587,6.643749299001,16.5989394133651,88.6550276262918,6.27971607877395,0.126106773498987
449,1,BS1,Terrestrial,140.115630076679,109.185281211859,30.1511792137169,61.3064733024337,NaN,223.777328803537,1.21671397678573
449,2,BS2,Terrestrial,144.901135010249,111.550301141662,27.7861592839139,169.51351473706,NaN,223.777328803537,1.32011497225249
449,3,BS1,Terrestrial,158.604085315624,111.510844704382,27.8256157211944,56.5845879131348,NaN,223.777328803537,1.31824664074645
449,4,BS1,Terrestrial,1684.50877122662,132.450243190782,6.88621723479366,15.6450016232352,NaN,223.777328803537,4.76781305178846
449,5,SAT-1,Satellite,561746.224098178,153.502507608179,6.46237962940904,24.4050296963779,77.7575640381268,6.27971607877395,0.128656185976818
449,6,SAT-1,Satellite,550138.043265646,153.321137938587,6.643749299001,24.8984091200477,88.6550276262918,6.27971607877395,0.126106773498987
450,1,BS1,Terrestrial,140.115630076679,112.133023621494,27.2034368040818,82.9828882665328,NaN,223.777328803537,1.34833417755229
450,2,BS2,Terrestrial,144.901135010249,114.820086822643,24.5163736029325,149.620296946568,NaN,223.777328803537,1.49563483945933
450,3,BS1,Terrestrial,158.604085315624,89.2324543585108,50.1040060670651,152.793798480856,NaN,223.777328803537,0.732285377510183
450,4,SAT-1,Satellite,550052.290495253,153.319783919963,6.64510331762565,16.6014042820609,89.164883330008,6.27971607877395,0.126088049984214
450,5,SAT-1,Satellite,561746.224098178,153.502507608179,6.46237962940904,16.2700197975853,77.7575640381268,6.27971607877395,0.128656185976818
450,6,SAT-1,Satellite,550138.043265646,153.321137938587,6.643749299001,16.5989394133651,88.6550276262918,6.27971607877395,0.126106773498987
451,1,BS1,Terrestrial,140.115630076679,109.417565035061,29.9188953905145,91.2520555201562,NaN,223.777328803537,1.22614952358037
451,2,BS2,Terrestrial,144.901135010249,109.919345800469,29.417114625107,179.447021837927,NaN,223.777328803537,1.24703841006427
451,3,BS1,Terrestrial,158.604085315624,113.45232450274,25.8841359228361,78.968571541187,NaN,223.777328803537,1.41687588135505
451,4,SAT-1,Satellite,550052.290495253,153.319783919963,6.64510331762565,16.6014042820609,89.164883330008,6.27971607877395,0.126088049984214
451,5,SAT-1,Satellite,561746.224098178,153.502507608179,6.46237962940904,16.2700197975853,77.7575640381268,6.27971607877395,0.128656185976818
451,6,SAT-1,Satellite,550138.043265646,153.321137938587,6.643749299001,16.5989394133651,88.6550276262918,6.27971607877395,0.126106773498987
452,1,BS1,Terrestrial,140.115630076679,107.582475114293,31.753985311283,96.8435709809133,NaN,223.777328803537,1.15535459162096
452,2,BS2,Terrestrial,144.901135010249,86.2090991758972,53.1273612496787,324.027091875453,NaN,223.777328803537,0.690613020992551
452,3,BS1,Terrestrial,158.604085315624,82.4582062341353,56.8782541914405,173.451969174947,NaN,223.777328803537,0.645070015255438
452,4,SAT-1,Satellite,550052.290495253,153.319783919963,6.64510331762565,16.6014042820609,89.164883330008,6.27971607877395,0.126088049984214
452,5,SAT-1,Satellite,561746.224098178,153.502507608179,6.46237962940904,16.2700197975853,77.7575640381268,6.27971607877395,0.128656185976818
452,6,SAT-1,Satellite,550138.043265646,153.321137938587,6.643749299001,16.5989394133651,88.6550276262918,6.27971607877395,0.126106773498987
453,1,BS1,Terrestrial,140.115630076679,108.751245273283,30.5852151522928,93.2821001625659,NaN,223.777328803537,1.1994655374051
453,2,BS2,Terrestrial,144.901135010249,109.137164774022,30.1992956515542,184.212603357349,NaN,223.777328803537,1.21477751644081
453,3,BS1,Terrestrial,158.604085315624,84.0130656719366,55.3233947536393,168.710390386653,NaN,223.777328803537,0.663199605817643
453,4,SAT-1,Satellite,550052.290495253,153.319783919963,6.64510331762565,16.6014042820609,89.164883330008,6.27971607877395,0.126088049984214
453,5,SAT-1,Satellite,561746.224098178,153.502507608179,6.46237962940904,16.2700197975853,77.7575640381268,6.27971607877395,0.128656185976818
453,6,SAT-1,Satellite,550138.043265646,153.321137938587,6.643749299001,16.5989394133651,88.6550276262918,6.27971607877395,0.126106773498987
454,1,BS1,Terrestrial,140.115630076679,115.369548808883,23.9669116166929,73.1408378078077,NaN,223.777328803537,1.5297700676574
454,2,BS2,Terrestrial,144.901135010249,118.685407566712,20.6510528588635,126.179038084814,NaN,223.777328803537,1.77349052742914
454,3,BS1,Terrestrial,158.604085315624,80.1783449305078,59.1581154950681,180.404463496573,NaN,223.777328803537,0.620210067052439
454,4,SAT-1,Satellite,550052.290495253,153.319783919963,6.64510331762565,16.6014042820609,89.164883330008,6.27971607877395,0.126088049984214
454,5,SAT-1,Satellite,561746.224098178,153.502507608179,6.46237962940904,16.2700197975853,77.7575640381268,6.27971607877395,0.128656185976818
454,6,SAT-1,Satellite,550138.043265646,153.321137938587,6.643749299001,16.5989394133651,88.6550276262918,6.27971607877395,0.126106773498987
455,1,BS1,Terrestrial,140.115630076679,103.621073858705,35.7153865668707,108.918694049244,NaN,223.777328803537,1.02726777417274
455,2,BS2,Terrestrial,144.901135010249,109.555277615646,29.7811828099302,181.665062314233,NaN,223.777328803537,1.23181268843241
455,3,BS1,Terrestrial,158.604085315624,85.5743093482847,53.7621510772912,163.949347789679,NaN,223.777328803537,0.682458734421465
455,4,SAT-1,Satellite,550052.290495253,153.319783919963,6.64510331762565,16.6014042820609,89.164883330008,6.27971607877395,0.126088049984214
455,5,SAT-1,Satellite,561746.224098178,153.502507608179,6.46237962940904,16.2700197975853,77.7575640381268,6.27971607877395,0.128656185976818
455,6,SAT-1,Satellite,550138.043265646,153.321137938587,6.643749299001,16.5989394133651,88.6550276262918,6.27971607877395,0.126106773498987
456,1,BS1,Terrestrial,140.115630076679,104.701006934229,34.6354534913469,105.626408221215,NaN,223.777328803537,1.05928684205031
456,2,BS2,Terrestrial,144.901135010249,115.754264542758,23.5821958828183,143.945072279326,NaN,223.777328803537,1.5546022191666
456,3,BS1,Terrestrial,158.604085315624,83.3297013341849,56.006759091391,170.794324769377,NaN,223.777328803537,0.655107624640641
456,4,SAT-1,Satellite,550052.290495253,153.319783919963,6.64510331762565,16.6014042820609,89.164883330008,6.27971607877395,0.126088049984214
456,5,SAT-1,Satellite,561746.224098178,153.502507608179,6.46237962940904,16.2700197975853,77.7575640381268,6.27971607877395,0.128656185976818
456,6,SAT-1,Satellite,550138.043265646,153.321137938587,6.643749299001,16.5989394133651,88.6550276262918,6.27971607877395,0.126106773498987
457,1,BS1,Terrestrial,140.115630076679,83.3507029180048,55.985757507571,170.730279970669,NaN,223.777328803537,0.655353370362836
457,2,BS2,Terrestrial,144.901135010249,99.558957261377,39.7775031641989,242.608165620918,NaN,223.777328803537,0.922381685838206
457,3,BS1,Terrestrial,158.604085315624,101.808795023073,37.5276654025027,114.444081122049,NaN,223.777328803537,0.977671045149511
457,4,SAT-1,Satellite,550052.290495253,153.319783919963,6.64510331762565,16.6014042820609,89.164883330008,6.27971607877395,0.126088049984214
457,5,SAT-1,Satellite,561746.224098178,153.502507608179,6.46237962940904,16.2700197975853,77.7575640381268,6.27971607877395,0.128656185976818
457,6,SAT-1,Satellite,550138.043265646,153.321137938587,6.643749299001,16.5989394133651,88.6550276262918,6.27971607877395,0.126106773498987
458,1,BS1,Terrestrial,140.115630076679,118.515602042734,20.8208583828415,63.6030113155059,NaN,223.777328803537,1.75917243676938
458,2,BS2,Terrestrial,144.901135010249,111.022292975253,28.3141674503232,172.7288277162,NaN,223.777328803537,1.2955412930331
458,3,BS1,Terrestrial,158.604085315624,111.173112512303,28.1633479132725,85.9051741030681,NaN,223.777328803537,1.30246711644546
458,4,SAT-1,Satellite,550052.290495253,153.319783919963,6.64510331762565,16.6014042820609,89.164883330008,6.27971607877395,0.126088049984214
458,5,SAT-1,Satellite,561746.224098178,153.502507608179,6.46237962940904,16.2700197975853,77.7575640381268,6.27971607877395,0.128656185976818
458,6,SAT-1,Satellite,550138.043265646,153.321137938587,6.643749299001,16.5989394133651,88.6550276262918,6.27971607877395,0.126106773498987
459,1,BS1,Terrestrial,140.115630076679,108.533106743736,30.8033536818401,93.946753634336,NaN,223.777328803537,1.19097957165467
459,2,BS2,Terrestrial,144.901135010249,115.404222080103,23.9322383454728,146.071049566892,NaN,223.777328803537,1.53197590807383
459,3,BS1,Terrestrial,158.604085315624,96.8943531254342,42.4421073001416,129.429233831895,NaN,223.777328803537,0.864477530223905
459,4,SAT-1,Satellite,550052.290495253,153.319783919963,6.64510331762565,16.6014042820609,89.164883330008,6.27971607877395,0.126088049984214
459,5,SAT-1,Satellite,561746.224098178,153.502507608179,6.46237962940904,16.2700197975853,77.7575640381268,6.27971607877395,0.128656185976818
459,6,SAT-1,Satellite,550138.043265646,153.321137938587,6.643749299001,16.5989394133651,88.6550276262918,6.27971607877395,0.126106773498987
460,1,BS1,Terrestrial,140.115630076679,113.447958890856,25.8885015347196,78.9818503660258,NaN,223.777328803537,1.41663766907514
460,2,BS2,Terrestrial,144.901135010249,123.437220880127,15.8992395454486,97.6427721988135,NaN,223.777328803537,2.29179614388556
460,3,BS1,Terrestrial,158.604085315624,108.25611326593,31.0803471596464,94.7907739710421,NaN,223.777328803537,1.18037504827157
460,4,SAT-1,Satellite,550052.290495253,153.319783919963,6.64510331762565,16.6014042820609,89.164883330008,6.27971607877395,0.126088049984214
460,5,SAT-1,Satellite,561746.224098178,153.502507608179,6.46237962940904,16.2700197975853,77.7575640381268,6.27971607877395,0.128656185976818
460,6,SAT-1,Satellite,550138.043265646,153.321137938587,6.643749299001,16.5989394133651,88.6550276262918,6.27971607877395,0.126106773498987
461,1,BS1,Terrestrial,140.115630076679,122.467452447648,16.8690079779278,51.7121265050346,NaN,223.777328803537,2.16368329758931
461,2,BS2,Terrestrial,144.901135010249,102.775975780906,36.5604846446698,222.990436065213,NaN,223.777328803537,1.00352881833055
461,3,BS1,Terrestrial,158.604085315624,83.6924782186424,55.6439822069335,169.688028673891,NaN,223.777328803537,0.659378656680597
461,4,SAT-1,Satellite,550052.290495253,153.319783919963,6.64510331762565,16.6014042820609,89.164883330008,6.27971607877395,0.126088049984214
461,5,SAT-1,Satellite,561746.224098178,153.502507608179,6.46237962940904,16.2700197975853,77.7575640381268,6.27971607877395,0.128656185976818
461,6,SAT-1,Satellite,550138.043265646,153.321137938587,6.643749299001,16.5989394133651,88.6550276262918,6.27971607877395,0.126106773498987
462,1,BS1,Terrestrial,140.115630076679,119.826637889528,19.5098225360482,59.6432289380754,NaN,223.777328803537,1.87596591254201
462,2,BS2,Terrestrial,144.901135010249,105.064803614566,34.2716568110103,209.03479434551,NaN,223.777328803537,1.0705267010891
462,3,BS1,Terrestrial,158.604085315624,84.4681904571534,54.8682699684225,167.32247799958,NaN,223.777328803537,0.668700737279599
462,4,SAT-1,Satellite,550052.290495253,153.319783919963,6.64510331762565,16.6014042820609,89.164883330008,6.27971607877395,0.126088049984214
462,5,SAT-1,Satellite,561746.224098178,153.502507608179,6.46237962940904,16.2700197975853,77.7575640381268,6.27971607877395,0.128656185976818
462,6,SAT-1,Satellite,550138.043265646,153.321137938587,6.643749299001,16.5989394133651,88.6550276262918,6.27971607877395,0.126106773498987
463,1,BS1,Terrestrial,140.115630076679,117.547287123851,21.7891733017245,66.5341684930539,NaN,223.777328803537,1.68167224353979
463,2,BS2,Terrestrial,144.901135010249,87.0583139729621,52.2781464526138,318.847707731985,NaN,223.777328803537,0.701831386511453
463,3,BS1,Terrestrial,158.604085315624,106.163535316869,33.1729251087064,101.168207066505,NaN,223.777328803537,1.10596666330378
463,4,SAT-1,Satellite,550052.290495253,153.319783919963,6.64510331762565,16.6014042820609,89.164883330008,6.27971607877395,0.126088049984214
463,5,SAT-1,Satellite,561746.224098178,153.502507608179,6.46237962940904,16.2700197975853,77.7575640381268,6.27971607877395,0.128656185976818
463,6,SAT-1,Satellite,550138.043265646,153.321137938587,6.643749299001,16.5989394133651,88.6550276262918,6.27971607877395,0.126106773498987
464,1,BS1,Terrestrial,140.115630076679,105.281682532956,34.0547778926197,103.856271923692,NaN,223.777328803537,1.07734142897002
464,2,BS2,Terrestrial,144.901135010249,86.6957807675579,52.640679658018,321.058806942974,NaN,223.777328803537,0.69699794543647
464,3,BS1,Terrestrial,158.604085315624,88.685697149871,50.6507632757049,154.461135690673,NaN,223.777328803537,0.72438069227873
464,4,SAT-1,Satellite,550052.290495253,153.319783919963,6.64510331762565,16.6014042820609,89.164883330008,6.27971607877395,0.126088049984214
464,5,SAT-1,Satellite,561746.224098178,153.502507608179,6.46237962940904,16.2700197975853,77.7575640381268,6.27971607877395,0.128656185976818
464,6,SAT-1,Satellite,550138.043265646,153.321137938587,6.643749299001,16.5989394133651,88.6550276262918,6.27971607877395,0.126106773498987
465,1,BS1,Terrestrial,140.115630076679,113.213859306362,26.1226011192137,53.1293049383977,NaN,223.777328803537,1.40397927322785
465,2,BS1,Terrestrial,565.377728999031,116.737875995621,22.5985844299545,45.9917774587602,NaN,223.777328803537,1.62186475618164
465,3,BS1,Terrestrial,158.604085315624,85.8704833852592,53.4659770403166,108.697440074606,NaN,223.777328803537,0.686239187264342
465,4,SAT-1,Satellite,550052.290495253,153.319783919963,6.64510331762565,16.6014042820609,89.164883330008,6.27971607877395,0.126088049984214
465,5,SAT-1,Satellite,561746.224098178,153.502507608179,6.46237962940904,16.2700197975853,77.7575640381268,6.27971607877395,0.128656185976818
465,6,SAT-1,Satellite,550138.043265646,153.321137938587,6.643749299001,16.5989394133651,88.6550276262918,6.27971607877395,0.126106773498987
466,1,BS1,Terrestrial,140.115630076679,106.277675012474,33.0587854131017,100.820304420864,NaN,223.777328803537,1.1097830446405
466,2,BS2,Terrestrial,144.901135010249,92.2084923852915,47.1279680402843,287.436817069732,NaN,223.777328803537,0.778527020598231
466,3,BS1,Terrestrial,158.604085315624,113.428643827597,25.9078165979786,79.0406011537871,NaN,223.777328803537,1.41558468392807
466,4,SAT-1,Satellite,550052.290495253,153.319783919963,6.64510331762565,16.6014042820609,89.164883330008,6.27971607877395,0.126088049984214
466,5,SAT-1,Satellite,561746.224098178,153.502507608179,6.46237962940904,16.2700197975853,77.7575640381268,6.27971607877395,0.128656185976818
466,6,SAT-1,Satellite,550138.043265646,153.321137938587,6.643749299001,16.5989394133651,88.6550276262918,6.27971607877395,0.126106773498987
467,1,BS1,Terrestrial,140.115630076679,112.006373341224,27.3300870843518,83.3683887187097,NaN,223.777328803537,1.34209939908145
467,2,BS2,Terrestrial,144.901135010249,90.8443933300535,48.4920670955224,295.756400709765,NaN,223.777328803537,0.756627171099289
467,3,BS1,Terrestrial,158.604085315624,102.283570113567,37.0528903120084,112.996510533402,NaN,223.777328803537,0.990195749174873
467,4,SAT-1,Satellite,550052.290495253,153.319783919963,6.64510331762565,16.6014042820609,89.164883330008,6.27971607877395,0.126088049984214
467,5,SAT-1,Satellite,561746.224098178,153.502507608179,6.46237962940904,16.2700197975853,77.7575640381268,6.27971607877395,0.128656185976818
467,6,SAT-1,Satellite,550138.043265646,153.321137938587,6.643749299001,16.5989394133651,88.6550276262918,6.27971607877395,0.126106773498987
468,1,BS1,Terrestrial,140.115630076679,86.4158388575545,52.9206215680214,161.383090220814,NaN,223.777328803537,0.693310954999536
468,2,BS2,Terrestrial,144.901135010249,117.392147436663,21.9443129889124,134.008426536525,NaN,223.777328803537,1.66987505627151
468,3,BS1,Terrestrial,158.604085315624,105.783287998956,33.5531724266198,102.327248185178,NaN,223.777328803537,1.09343959098058
468,4,SAT-1,Satellite,550052.290495253,153.319783919963,6.64510331762565,16.6014042820609,89.164883330008,6.27971607877395,0.126088049984214
468,5,SAT-1,Satellite,561746.224098178,153.502507608179,6.46237962940904,16.2700197975853,77.7575640381268,6.27971607877395,0.128656185976818
468,6,SAT-1,Satellite,550138.043265646,153.321137938587,6.643749299001,16.5989394133651,88.6550276262918,6.27971607877395,0.126106773498987
469,1,BS1,Terrestrial,140.115630076679,99.7985464382856,39.5379139872903,120.573527486382,NaN,223.777328803537,0.927970398928615
469,2,BS2,Terrestrial,144.901135010249,104.581890811096,34.75456961448,211.979066446157,NaN,223.777328803537,1.05565767674695
469,3,BS1,Terrestrial,158.604085315624,96.1055080115061,43.2309524140698,131.834715308955,NaN,223.777328803537,0.84870410756042
469,4,SAT-1,Satellite,550052.290495253,153.319783919963,6.64510331762565,16.6014042820609,89.164883330008,6.27971607877395,0.126088049984214
469,5,SAT-1,Satellite,561746.224098178,153.502507608179,6.46237962940904,16.2700197975853,77.7575640381268,6.27971607877395,0.128656185976818
469,6,SAT-1,Satellite,550138.043265646,153.321137938587,6.643749299001,16.5989394133651,88.6550276262918,6.27971607877395,0.126106773498987
470,1,BS1,Terrestrial,140.115630076679,87.960450885839,51.3760095397369,156.672778389784,NaN,223.777328803537,0.714155104362819
470,2,BS2,Terrestrial,144.901135010249,103.039700836719,36.2967595888567,221.382327163742,NaN,223.777328803537,1.01081839580638
470,3,BS1,Terrestrial,158.604085315624,103.042850451146,36.2936099744299,110.68156099178,NaN,223.777328803537,1.01090609311227
470,4,SAT-1,Satellite,550052.290495253,153.319783919963,6.64510331762565,16.6014042820609,89.164883330008,6.27971607877395,0.126088049984214
470,5,SAT-1,Satellite,561746.224098178,153.502507608179,6.46237962940904,16.2700197975853,77.7575640381268,6.27971607877395,0.128656185976818
470,6,SAT-1,Satellite,550138.043265646,153.321137938587,6.643749299001,16.5989394133651,88.6550276262918,6.27971607877395,0.126106773498987
471,1,BS1,Terrestrial,140.115630076679,103.603717055743,35.7327433698324,108.971609976612,NaN,223.777328803537,1.02676893941259
471,2,BS2,Terrestrial,144.901135010249,109.274873079893,30.0615873456827,183.373526423583,NaN,223.777328803537,1.22033607123104
471,3,BS1,Terrestrial,158.604085315624,97.1808312371279,42.155629188448,128.555661700965,NaN,223.777328803537,0.870351899880027
471,4,SAT-1,Satellite,550052.290495253,153.319783919963,6.64510331762565,16.6014042820609,89.164883330008,6.27971607877395,0.126088049984214
471,5,SAT-1,Satellite,561746.224098178,153.502507608179,6.46237962940904,16.2700197975853,77.7575640381268,6.27971607877395,0.128656185976818
471,6,SAT-1,Satellite,550138.043265646,153.321137938587,6.643749299001,16.5989394133651,88.6550276262918,6.27971607877395,0.126106773498987
472,1,BS1,Terrestrial,140.115630076679,118.060980412391,21.2754800131853,64.9785827230037,NaN,223.777328803537,1.72193143822076
472,2,BS2,Terrestrial,144.901135010249,102.040808931798,37.2956514937775,227.473352291492,NaN,223.777328803537,0.983751839717832
472,3,BS1,Terrestrial,158.604085315624,99.5998446363635,39.7366157892124,121.179408718929,NaN,223.777328803537,0.923330668012169
472,4,SAT-1,Satellite,550052.290495253,153.319783919963,6.64510331762565,16.6014042820609,89.164883330008,6.27971607877395,0.126088049984214
472,5,SAT-1,Satellite,561746.224098178,153.502507608179,6.46237962940904,16.2700197975853,77.7575640381268,6.27971607877395,0.128656185976818
472,6,SAT-1,Satellite,550138.043265646,153.321137938587,6.643749299001,16.5989394133651,88.6550276262918,6.27971607877395,0.126106773498987
473,1,BS1,Terrestrial,140.115630076679,86.4377652002157,52.8986952253602,161.316225523435,NaN,223.777328803537,0.693598328616449
473,2,BS2,Terrestrial,144.901135010249,102.429856713852,36.9066037117236,225.100989141244,NaN,223.777328803537,0.99411970448128
473,3,BS1,Terrestrial,158.604085315624,104.229560460581,35.1068999649951,107.063629979322,NaN,223.777328803537,1.04506697954645
473,4,SAT-1,Satellite,550052.290495253,153.319783919963,6.64510331762565,16.6014042820609,89.164883330008,6.27971607877395,0.126088049984214
473,5,SAT-1,Satellite,561746.224098178,153.502507608179,6.46237962940904,16.2700197975853,77.7575640381268,6.27971607877395,0.128656185976818
473,6,SAT-1,Satellite,550138.043265646,153.321137938587,6.643749299001,16.5989394133651,88.6550276262918,6.27971607877395,0.126106773498987
474,1,BS1,Terrestrial,140.115630076679,115.246041866788,24.0904185587879,73.515992191048,NaN,223.777328803537,1.52196360366056
474,2,BS2,Terrestrial,144.901135010249,105.779899024011,33.5565614015647,204.675156818997,NaN,223.777328803537,1.09332921631243
474,3,BS1,Terrestrial,158.604085315624,106.361595062051,32.9748653635246,100.564515417289,NaN,223.777328803537,1.11260581267151
474,4,SAT-1,Satellite,550052.290495253,153.319783919963,6.64510331762565,16.6014042820609,89.164883330008,6.27971607877395,0.126088049984214
474,5,SAT-1,Satellite,561746.224098178,153.502507608179,6.46237962940904,16.2700197975853,77.7575640381268,6.27971607877395,0.128656185976818
474,6,SAT-1,Satellite,550138.043265646,153.321137938587,6.643749299001,16.5989394133651,88.6550276262918,6.27971607877395,0.126106773498987
475,1,BS1,Terrestrial,140.115630076679,93.2043873838586,46.1320730417172,140.681462996842,NaN,223.777328803537,0.795333386633036
475,2,BS2,Terrestrial,144.901135010249,90.7023106884894,48.6341497370865,148.311479599338,NaN,223.777328803537,0.754416749829713
475,3,BS1,Terrestrial,158.604085315624,103.345813803465,35.9906466221105,109.757889753809,NaN,223.777328803537,1.01941340757133
475,4,BS2,Terrestrial,1289.96657807501,110.167272542207,29.1691878833687,88.9683396539778,NaN,223.777328803537,1.25762338419413
475,5,SAT-1,Satellite,561746.224098178,153.502507608179,6.46237962940904,24.4050296963779,77.7575640381268,6.27971607877395,0.128656185976818
475,6,SAT-1,Satellite,550138.043265646,153.321137938587,6.643749299001,24.8984091200477,88.6550276262918,6.27971607877395,0.126106773498987
476,1,BS2,Terrestrial,295.273297492253,96.9273252466354,42.4091351789405,258.65738022218,NaN,223.777328803537,0.865149599100239
476,2,BS1,Terrestrial,565.377728999031,97.1255092622628,42.2109511633131,128.7243575183,NaN,223.777328803537,0.869211286495346
476,3,BS1,Terrestrial,158.604085315624,105.194288462183,34.1421719633929,104.122679080998,NaN,223.777328803537,1.07458495487548
476,4,SAT-1,Satellite,550052.290495253,153.319783919963,6.64510331762565,16.6014042820609,89.164883330008,6.27971607877395,0.126088049984214
476,5,SAT-1,Satellite,561746.224098178,153.502507608179,6.46237962940904,16.2700197975853,77.7575640381268,6.27971607877395,0.128656185976818
476,6,SAT-1,Satellite,550138.043265646,153.321137938587,6.643749299001,16.5989394133651,88.6550276262918,6.27971607877395,0.126106773498987
477,1,BS1,Terrestrial,140.115630076679,86.3268791964584,53.0095812291175,161.654374004692,NaN,223.777328803537,0.692147460225984
477,2,BS2,Terrestrial,144.901135010249,109.702921069007,29.633539356569,180.765538307471,NaN,223.777328803537,1.23794242474971
477,3,BS1,Terrestrial,158.604085315624,108.829716195039,30.506744230537,93.0430115799211,NaN,223.777328803537,1.20254775186054
477,4,SAT-1,Satellite,550052.290495253,153.319783919963,6.64510331762565,16.6014042820609,89.164883330008,6.27971607877395,0.126088049984214
477,5,SAT-1,Satellite,561746.224098178,153.502507608179,6.46237962940904,16.2700197975853,77.7575640381268,6.27971607877395,0.128656185976818
477,6,SAT-1,Satellite,550138.043265646,153.321137938587,6.643749299001,16.5989394133651,88.6550276262918,6.27971607877395,0.126106773498987
478,1,BS1,Terrestrial,140.115630076679,110.711774189551,28.6246862360253,87.3100048034436,NaN,223.777328803537,1.28151023074226
478,2,BS2,Terrestrial,144.901135010249,101.479310320193,37.8571501053832,230.897367319237,NaN,223.777328803537,0.969163621922741
478,3,BS1,Terrestrial,158.604085315624,102.036326823277,37.3001336022984,113.750341924181,NaN,223.777328803537,0.98363365339461
478,4,SAT-1,Satellite,550052.290495253,153.319783919963,6.64510331762565,16.6014042820609,89.164883330008,6.27971607877395,0.126088049984214
478,5,SAT-1,Satellite,561746.224098178,153.502507608179,6.46237962940904,16.2700197975853,77.7575640381268,6.27971607877395,0.128656185976818
478,6,SAT-1,Satellite,550138.043265646,153.321137938587,6.643749299001,16.5989394133651,88.6550276262918,6.27971607877395,0.126106773498987
479,1,BS1,Terrestrial,140.115630076679,89.2229442066239,50.113516218952,152.822799691416,NaN,223.777328803537,0.732146411580586
479,2,BS2,Terrestrial,144.901135010249,104.210665047545,35.1257953780311,214.242468746956,NaN,223.777328803537,1.04450499526237
479,3,BS1,Terrestrial,158.604085315624,109.429579306757,29.9068811188192,91.2154549804058,NaN,223.777328803537,1.22664152062612
479,4,SAT-1,Satellite,550052.290495253,153.319783919963,6.64510331762565,16.6014042820609,89.164883330008,6.27971607877395,0.126088049984214
479,5,SAT-1,Satellite,561746.224098178,153.502507608179,6.46237962940904,16.2700197975853,77.7575640381268,6.27971607877395,0.128656185976818
479,6,SAT-1,Satellite,550138.043265646,153.321137938587,6.643749299001,16.5989394133651,88.6550276262918,6.27971607877395,0.126106773498987
480,1,BS1,Terrestrial,140.115630076679,100.991339320719,38.3451211048565,116.93653535544,NaN,223.777328803537,0.956832388283716
480,2,BS2,Terrestrial,144.901135010249,112.150869949254,27.1855904763221,165.857137977914,NaN,223.777328803537,1.34921735375257
480,3,BS1,Terrestrial,158.604085315624,87.0890396734022,52.2474207521737,159.330155477489,NaN,223.777328803537,0.70224411735779
480,4,SAT-1,Satellite,550052.290495253,153.319783919963,6.64510331762565,16.6014042820609,89.164883330008,6.27971607877395,0.126088049984214
480,5,SAT-1,Satellite,561746.224098178,153.502507608179,6.46237962940904,16.2700197975853,77.7575640381268,6.27971607877395,0.128656185976818
480,6,SAT-1,Satellite,550138.043265646,153.321137938587,6.643749299001,16.5989394133651,88.6550276262918,6.27971607877395,0.126106773498987
481,1,BS1,Terrestrial,140.115630076679,88.1231062687201,51.2133541568558,156.176759603231,NaN,223.777328803537,0.716423267367199
481,2,BS2,Terrestrial,144.901135010249,108.3928822578,30.9435781677758,188.748045937199,NaN,223.777328803537,1.18558752591268
481,3,BS1,Terrestrial,158.604085315624,98.4138383625412,40.9226220630347,124.79583416768,NaN,223.777328803537,0.896573712960894
481,4,SAT-1,Satellite,550052.290495253,153.319783919963,6.64510331762565,16.6014042820609,89.164883330008,6.27971607877395,0.126088049984214
481,5,SAT-1,Satellite,561746.224098178,153.502507608179,6.46237962940904,16.2700197975853,77.7575640381268,6.27971607877395,0.128656185976818
481,6,SAT-1,Satellite,550138.043265646,153.321137938587,6.643749299001,16.5989394133651,88.6550276262918,6.27971607877395,0.126106773498987
482,1,BS1,Terrestrial,140.115630076679,110.543950831342,28.7925095942341,87.8210990412337,NaN,223.777328803537,1.27405219956579
482,2,BS2,Terrestrial,144.901135010249,86.6215204596321,52.7149399659437,321.511722570521,NaN,223.777328803537,0.696016079956319
482,3,BS1,Terrestrial,158.604085315624,116.133741831255,23.2027185943206,70.8205850156639,NaN,223.777328803537,1.57988901640704
482,4,SAT-1,Satellite,550052.290495253,153.319783919963,6.64510331762565,16.6014042820609,89.164883330008,6.27971607877395,0.126088049984214
482,5,SAT-1,Satellite,561746.224098178,153.502507608179,6.46237962940904,16.2700197975853,77.7575640381268,6.27971607877395,0.128656185976818
482,6,SAT-1,Satellite,550138.043265646,153.321137938587,6.643749299001,16.5989394133651,88.6550276262918,6.27971607877395,0.126106773498987
483,1,BS1,Terrestrial,140.115630076679,114.285182360446,25.05127806513,76.4359486622775,NaN,223.777328803537,1.46382253847773
483,2,BS2,Terrestrial,144.901135010249,110.923258177294,28.4132022482823,173.331967747232,NaN,223.777328803537,1.2910332220417
483,3,BS1,Terrestrial,158.604085315624,110.184258494931,29.1522019306452,88.9166032480941,NaN,223.777328803537,1.25835513632452
483,4,SAT-1,Satellite,550052.290495253,153.319783919963,6.64510331762565,16.6014042820609,89.164883330008,6.27971607877395,0.126088049984214
483,5,SAT-1,Satellite,561746.224098178,153.502507608179,6.46237962940904,16.2700197975853,77.7575640381268,6.27971607877395,0.128656185976818
483,6,SAT-1,Satellite,550138.043265646,153.321137938587,6.643749299001,16.5989394133651,88.6550276262918,6.27971607877395,0.126106773498987
484,1,BS1,Terrestrial,140.115630076679,111.627714172783,27.7087462527932,84.5210799020555,NaN,223.777328803537,1.32379596346174
484,2,BS2,Terrestrial,144.901135010249,108.396612508061,30.9398479175149,188.725313218331,NaN,223.777328803537,1.18573033467247
484,3,BS1,Terrestrial,158.604085315624,107.573430101936,31.7630303236398,96.8711356307503,NaN,223.777328803537,1.15502583585127
484,4,SAT-1,Satellite,550052.290495253,153.319783919963,6.64510331762565,16.6014042820609,89.164883330008,6.27971607877395,0.126088049984214
484,5,SAT-1,Satellite,561746.224098178,153.502507608179,6.46237962940904,16.2700197975853,77.7575640381268,6.27971607877395,0.128656185976818
484,6,SAT-1,Satellite,550138.043265646,153.321137938587,6.643749299001,16.5989394133651,88.6550276262918,6.27971607877395,0.126106773498987
485,1,BS1,Terrestrial,140.115630076679,102.846857731908,36.4896026936684,111.279109500222,NaN,223.777328803537,1.00547771189295
485,2,BS2,Terrestrial,144.901135010249,86.8825726711946,52.4538877543813,319.919558256085,NaN,223.777328803537,0.699479988105044
485,3,BS1,Terrestrial,158.604085315624,93.5762867421975,45.7601736833784,139.547373601364,NaN,223.777328803537,0.801796992047976
485,4,SAT-1,Satellite,550052.290495253,153.319783919963,6.64510331762565,16.6014042820609,89.164883330008,6.27971607877395,0.126088049984214
485,5,SAT-1,Satellite,561746.224098178,153.502507608179,6.46237962940904,16.2700197975853,77.7575640381268,6.27971607877395,0.128656185976818
485,6,SAT-1,Satellite,550138.043265646,153.321137938587,6.643749299001,16.5989394133651,88.6550276262918,6.27971607877395,0.126106773498987
486,1,BS2,Terrestrial,295.273297492253,97.2589349232825,42.0775255022934,128.317496796999,NaN,223.777328803537,0.87196732475836
486,2,BS2,Terrestrial,144.901135010249,109.657115294723,29.679345130853,90.5223042138636,NaN,223.777328803537,1.23603420586186
486,3,BS1,Terrestrial,158.604085315624,116.075083946884,23.2613764786918,141.997236263339,NaN,223.777328803537,1.5759273538855
486,4,SAT-1,Satellite,550052.290495253,153.319783919963,6.64510331762565,16.6014042820609,89.164883330008,6.27971607877395,0.126088049984214
486,5,SAT-1,Satellite,561746.224098178,153.502507608179,6.46237962940904,16.2700197975853,77.7575640381268,6.27971607877395,0.128656185976818
486,6,SAT-1,Satellite,550138.043265646,153.321137938587,6.643749299001,16.5989394133651,88.6550276262918,6.27971607877395,0.126106773498987
487,1,BS1,Terrestrial,140.115630076679,107.291411764932,32.0450486606439,65.1537363375929,NaN,223.777328803537,1.14486823208439
487,2,BS2,Terrestrial,144.901135010249,114.965893299898,24.3705671256782,148.734199826783,NaN,223.777328803537,1.50454521599034
487,3,BS1,Terrestrial,158.604085315624,105.941967309569,33.3944931160065,67.8957121587743,NaN,223.777328803537,1.09863260230746
487,4,BS1,Terrestrial,1684.50877122662,123.427342998109,15.9091174274669,32.5671698867057,NaN,223.777328803537,2.29041833214258
487,5,SAT-1,Satellite,561746.224098178,153.502507608179,6.46237962940904,24.4050296963779,77.7575640381268,6.27971607877395,0.128656185976818
487,6,SAT-1,Satellite,550138.043265646,153.321137938587,6.643749299001,24.8984091200477,88.6550276262918,6.27971607877395,0.126106773498987
488,1,BS1,Terrestrial,140.115630076679,109.222878847784,30.1135815777915,91.8451659408397,NaN,223.777328803537,1.21823139253556
488,2,BS2,Terrestrial,144.901135010249,100.979229723656,38.35723070192,233.946917075003,NaN,223.777328803537,0.956530359969626
488,3,BS1,Terrestrial,158.604085315624,119.669804540949,19.6666558846268,60.1162955239903,NaN,223.777328803537,1.86120357927108
488,4,SAT-1,Satellite,550052.290495253,153.319783919963,6.64510331762565,16.6014042820609,89.164883330008,6.27971607877395,0.126088049984214
488,5,SAT-1,Satellite,561746.224098178,153.502507608179,6.46237962940904,16.2700197975853,77.7575640381268,6.27971607877395,0.128656185976818
488,6,SAT-1,Satellite,550138.043265646,153.321137938587,6.643749299001,16.5989394133651,88.6550276262918,6.27971607877395,0.126106773498987
489,1,BS2,Terrestrial,295.273297492253,89.6997963017117,49.6366641238641,100.912426599701,NaN,223.777328803537,0.739179954817709
489,2,BS2,Terrestrial,144.901135010249,109.670766840334,29.665693585242,60.3204788394164,NaN,223.777328803537,1.23660230107076
489,3,BS2,Terrestrial,577.769735954722,122.603115019235,16.7333454063407,34.2045894486973,NaN,223.777328803537,2.18077293535103
489,4,SAT-1,Satellite,550052.290495253,153.319783919963,6.64510331762565,16.6014042820609,89.164883330008,6.27971607877395,0.126088049984214
489,5,SAT-1,Satellite,561746.224098178,153.502507608179,6.46237962940904,16.2700197975853,77.7575640381268,6.27971607877395,0.128656185976818
489,6,SAT-1,Satellite,550138.043265646,153.321137938587,6.643749299001,16.5989394133651,88.6550276262918,6.27971607877395,0.126106773498987
490,1,BS1,Terrestrial,140.115630076679,99.4588853629282,39.8775750626476,121.609223315181,NaN,223.777328803537,0.92006725601545
490,2,BS2,Terrestrial,144.901135010249,106.86329021651,32.4731702090659,198.07079621361,NaN,223.777328803537,1.12978456734331
490,3,BS1,Terrestrial,158.604085315624,105.491248067279,33.8452123582964,103.21745283023,NaN,223.777328803537,1.08400916060001
490,4,SAT-1,Satellite,550052.290495253,153.319783919963,6.64510331762565,16.6014042820609,89.164883330008,6.27971607877395,0.126088049984214
490,5,SAT-1,Satellite,561746.224098178,153.502507608179,6.46237962940904,16.2700197975853,77.7575640381268,6.27971607877395,0.128656185976818
490,6,SAT-1,Satellite,550138.043265646,153.321137938587,6.643749299001,16.5989394133651,88.6550276262918,6.27971607877395,0.126106773498987
491,1,BS2,Terrestrial,295.273297492253,100.848966929823,38.4874934957524,117.370641716293,NaN,223.777328803537,0.953293453674941
491,2,BS2,Terrestrial,144.901135010249,107.162917516487,32.1735429090884,98.1222106158396,NaN,223.777328803537,1.14029905868944
491,3,BS1,Terrestrial,158.604085315624,88.0161734002497,51.3202870253262,313.005704313418,NaN,223.777328803537,0.714930513149579
491,4,SAT-1,Satellite,550052.290495253,153.319783919963,6.64510331762565,16.6014042820609,89.164883330008,6.27971607877395,0.126088049984214
491,5,SAT-1,Satellite,561746.224098178,153.502507608179,6.46237962940904,16.2700197975853,77.7575640381268,6.27971607877395,0.128656185976818
491,6,SAT-1,Satellite,550138.043265646,153.321137938587,6.643749299001,16.5989394133651,88.6550276262918,6.27971607877395,0.126106773498987
492,1,BS1,Terrestrial,140.115630076679,111.601463168804,27.7349972567715,84.6009980870207,NaN,223.777328803537,1.32254544191878
492,2,BS2,Terrestrial,144.901135010249,103.672823349915,35.6636370756605,217.521849981583,NaN,223.777328803537,1.02875793315698
492,3,BS1,Terrestrial,158.604085315624,103.36104657273,35.9754138528457,109.711448678236,NaN,223.777328803537,1.01984492730488
492,4,SAT-1,Satellite,550052.290495253,153.319783919963,6.64510331762565,16.6014042820609,89.164883330008,6.27971607877395,0.126088049984214
492,5,SAT-1,Satellite,561746.224098178,153.502507608179,6.46237962940904,16.2700197975853,77.7575640381268,6.27971607877395,0.128656185976818
492,6,SAT-1,Satellite,550138.043265646,153.321137938587,6.643749299001,16.5989394133651,88.6550276262918,6.27971607877395,0.126106773498987
493,1,BS1,Terrestrial,140.115630076679,118.226297037756,21.1101633878198,64.4782466577137,NaN,223.777328803537,1.7352932221581
493,2,BS2,Terrestrial,144.901135010249,109.395398093511,29.9410623320644,182.639171290828,NaN,223.777328803537,1.2252427955184
493,3,BS1,Terrestrial,158.604085315624,110.950032303002,28.3864281225734,86.5844532271212,NaN,223.777328803537,1.2922488995602
493,4,SAT-1,Satellite,550052.290495253,153.319783919963,6.64510331762565,16.6014042820609,89.164883330008,6.27971607877395,0.126088049984214
493,5,SAT-1,Satellite,561746.224098178,153.502507608179,6.46237962940904,16.2700197975853,77.7575640381268,6.27971607877395,0.128656185976818
493,6,SAT-1,Satellite,550138.043265646,153.321137938587,6.643749299001,16.5989394133651,88.6550276262918,6.27971607877395,0.126106773498987
494,1,BS1,Terrestrial,140.115630076679,79.4802892899096,59.8561711356663,182.533202720911,NaN,223.777328803537,0.612977051483854
494,2,BS2,Terrestrial,144.901135010249,115.133610320578,24.202850104998,147.715081879876,NaN,223.777328803537,1.51492539526544
494,3,BS1,Terrestrial,158.604085315624,102.224547648592,37.1119127769837,113.176466079213,NaN,223.777328803537,0.988621294496477
494,4,SAT-1,Satellite,550052.290495253,153.319783919963,6.64510331762565,16.6014042820609,89.164883330008,6.27971607877395,0.126088049984214
494,5,SAT-1,Satellite,561746.224098178,153.502507608179,6.46237962940904,16.2700197975853,77.7575640381268,6.27971607877395,0.128656185976818
494,6,SAT-1,Satellite,550138.043265646,153.321137938587,6.643749299001,16.5989394133651,88.6550276262918,6.27971607877395,0.126106773498987
495,1,BS1,Terrestrial,140.115630076679,114.978109373219,24.3583510523565,74.3299825040246,NaN,223.777328803537,1.50529652547289
495,2,BS2,Terrestrial,144.901135010249,108.96807006314,30.3683903624356,185.242956914927,NaN,223.777328803537,1.20802071253002
495,3,BS1,Terrestrial,158.604085315624,117.066249820038,22.2702106055378,67.9919661552639,NaN,223.777328803537,1.64561595624789
495,4,SAT-1,Satellite,550052.290495253,153.319783919963,6.64510331762565,16.6014042820609,89.164883330008,6.27971607877395,0.126088049984214
495,5,SAT-1,Satellite,561746.224098178,153.502507608179,6.46237962940904,16.2700197975853,77.7575640381268,6.27971607877395,0.128656185976818
495,6,SAT-1,Satellite,550138.043265646,153.321137938587,6.643749299001,16.5989394133651,88.6550276262918,6.27971607877395,0.126106773498987
496,1,BS1,Terrestrial,140.115630076679,85.4628739748693,53.8735864507066,164.289171892134,NaN,223.777328803537,0.68104710196744
496,2,BS2,Terrestrial,144.901135010249,109.260580943775,30.0758794818004,183.460609303485,NaN,223.777328803537,1.21975681675274
496,3,BS1,Terrestrial,158.604085315624,116.090566422356,23.2458940032195,70.9516260162483,NaN,223.777328803537,1.57697110952955
496,4,SAT-1,Satellite,550052.290495253,153.319783919963,6.64510331762565,16.6014042820609,89.164883330008,6.27971607877395,0.126088049984214
496,5,SAT-1,Satellite,561746.224098178,153.502507608179,6.46237962940904,16.2700197975853,77.7575640381268,6.27971607877395,0.128656185976818
496,6,SAT-1,Satellite,550138.043265646,153.321137938587,6.643749299001,16.5989394133651,88.6550276262918,6.27971607877395,0.126106773498987
497,1,BS1,Terrestrial,140.115630076679,114.862915388858,24.4735450367175,74.6800037850443,NaN,223.777328803537,1.49824127920272
497,2,BS2,Terrestrial,144.901135010249,102.072841637737,37.263618787839,227.2780194403,NaN,223.777328803537,0.984597319857926
497,3,BS1,Terrestrial,158.604085315624,86.6380894789161,52.6983709466598,160.705333834964,NaN,223.777328803537,0.696234914745721
497,4,SAT-1,Satellite,550052.290495253,153.319783919963,6.64510331762565,16.6014042820609,89.164883330008,6.27971607877395,0.126088049984214
497,5,SAT-1,Satellite,561746.224098178,153.502507608179,6.46237962940904,16.2700197975853,77.7575640381268,6.27971607877395,0.128656185976818
497,6,SAT-1,Satellite,550138.043265646,153.321137938587,6.643749299001,16.5989394133651,88.6550276262918,6.27971607877395,0.126106773498987
498,1,BS1,Terrestrial,140.115630076679,84.1015645168719,55.2348959087039,168.440511305161,NaN,223.777328803537,0.664262198771538
498,2,BS2,Terrestrial,144.901135010249,106.566509300708,32.7699511248676,199.879891379997,NaN,223.777328803537,1.11955898744265
498,3,BS1,Terrestrial,158.604085315624,111.51217037969,27.8242900458863,84.8728458428546,NaN,223.777328803537,1.3183093283915
498,4,SAT-1,Satellite,550052.290495253,153.319783919963,6.64510331762565,16.6014042820609,89.164883330008,6.27971607877395,0.126088049984214
498,5,SAT-1,Satellite,561746.224098178,153.502507608179,6.46237962940904,16.2700197975853,77.7575640381268,6.27971607877395,0.128656185976818
498,6,SAT-1,Satellite,550138.043265646,153.321137938587,6.643749299001,16.5989394133651,88.6550276262918,6.27971607877395,0.126106773498987
499,1,BS1,Terrestrial,140.115630076679,110.777018063482,28.559442362094,87.1113164236587,NaN,223.777328803537,1.2844331712037
499,2,BS2,Terrestrial,144.901135010249,88.4121535343377,50.9243068912381,310.59061638136,NaN,223.777328803537,0.720489663888531
499,3,BS1,Terrestrial,158.604085315624,111.967797723048,27.3686627025274,83.4858100455494,NaN,223.777328803537,1.34021175982748
499,4,SAT-1,Satellite,550052.290495253,153.319783919963,6.64510331762565,16.6014042820609,89.164883330008,6.27971607877395,0.126088049984214
499,5,SAT-1,Satellite,561746.224098178,153.502507608179,6.46237962940904,16.2700197975853,77.7575640381268,6.27971607877395,0.128656185976818
499,6,SAT-1,Satellite,550138.043265646,153.321137938587,6.643749299001,16.5989394133651,88.6550276262918,6.27971607877395,0.126106773498987
500,1,BS1,Terrestrial,140.115630076679,100.016890354044,39.3195700715318,119.907757111343,NaN,223.777328803537,0.933122819550969
500,2,BS2,Terrestrial,144.901135010249,107.080622971803,32.2558374537725,196.746039357266,NaN,223.777328803537,1.13739178452881
500,3,BS1,Terrestrial,158.604085315624,107.342759499143,31.9937009264331,97.5741163493548,NaN,223.777328803537,1.1467043575487
500,4,SAT-1,Satellite,550052.290495253,153.319783919963,6.64510331762565,16.6014042820609,89.164883330008,6.27971607877395,0.126088049984214
500,5,SAT-1,Satellite,561746.224098178,153.502507608179,6.46237962940904,16.2700197975853,77.7575640381268,6.27971607877395,0.128656185976818
500,6,SAT-1,Satellite,550138.043265646,153.321137938587,6.643749299001,16.5989394133651,88.6550276262918,6.27971607877395,0.126106773498987
