Step,Time_s,UserID,ServingNode,ServingType,Distance_m,PathLoss_dB,SNR_dB,Capacity_Mbps,NodePower_W,EnergyPerBit_uJ,SatElevation_deg,CandSat_SNR_dB,CandSat_PathLoss_dB,CandBS_SNR_dB
1,0,1,BS2,Terrestrial,295.273297492253,87.0420568672848,52.294403558291,159.473430104473,223.777328803537,0.701613204961284,12.5608889119657,-2.91517714175939,162.880064379348,52.294403558291
1,0,2,BS2,Terrestrial,144.901135010249,84.1342807420411,55.2021796835348,168.340742495327,223.777328803537,0.664655880348602,12.5559694791398,-2.91670547850833,162.881592716097,55.2021796835348
1,0,3,BS1,Terrestrial,158.604085315624,111.481087649487,27.8553727760893,169.934955888182,223.777328803537,1.31684106800712,12.5634384006836,-2.91438505896591,162.879272296554,27.8553727760893
1,0,4,SAT-1,Satellite,1654880.95997,162.88703955564,-2.92215231805125,3.96526237377821,6.27971607877395,0.527894120390867,12.5384388187392,-2.92215231805125,162.88703955564,-11.9797236419304
1,0,5,SAT-1,Satellite,1685895.54639907,163.048317638134,-3.08343040054606,3.84606710332069,6.27971607877395,0.544254334802779,12.0215895581853,-3.08343040054606,163.048317638134,-615.240606211828
1,0,6,SAT-1,Satellite,1671803.11114896,162.975406952251,-3.01051971466313,3.89958778079915,6.27971607877395,0.536784606627237,12.2548920853621,-3.01051971466313,162.975406952251,-76.9107131277219
2,5,1,BS1,Terrestrial,140.115630076679,93.0578138195969,46.278646605979,141.12843276762,223.777328803537,0.792814475492709,13.1446006714229,-2.73495323396165,162.69984047155,46.278646605979
2,5,2,BS2,Terrestrial,144.901135010249,87.2019253825246,52.1345350430513,317.971818401228,223.777328803537,0.703764660430275,13.1395181232642,-2.73651345300925,162.701400690598,52.1345350430513
2,5,3,BS1,Terrestrial,158.604085315624,105.440129546706,33.8963308788699,103.373276383346,223.777328803537,1.08237513907215,13.147237608834,-2.73414374180248,162.699030979391,33.8963308788699
2,5,4,SAT-1,Satellite,1620923.30147224,162.706953679781,-2.74206644219291,4.10186579613989,6.27971607877395,0.510313793029142,13.1214309232676,-2.74206644219291,162.706953679781,-10.5535526072284
2,5,5,SAT-1,Satellite,1651734.20424573,162.870507615978,-2.90562037838924,3.97764763911048,6.27971607877395,0.526250407990579,12.5911643243863,-2.90562037838924,162.870507615978,-607.587850592619
2,5,6,SAT-1,Satellite,1637824.93313945,162.797053934962,-2.83216669737351,4.03305508358612,6.27971607877395,0.519020605853808,12.8289014854502,-2.83216669737351,162.797053934962,-68.2775202666928
3,10,1,BS1,Terrestrial,140.115630076679,114.013869814942,25.3225906106338,77.2608254092579,223.777328803537,1.44819400788283,13.7467179655336,-2.55132320948911,162.516210447077,25.3225906106338
3,10,2,BS2,Terrestrial,144.901135010249,83.8577960425255,55.4786643830504,338.367776825835,223.777328803537,0.66134349701603,13.741462130185,-2.55291628370898,162.517803521297,55.4786643830504
3,10,3,BS1,Terrestrial,158.604085315624,86.3872454780786,52.9492149474972,161.470286145459,223.777328803537,0.692936558624632,13.7494478062601,-2.5504957712333,162.515383008822,52.9492149474972
3,10,4,SAT-1,Satellite,1587040.73505924,162.523465851633,-2.55857861404513,4.24490502023008,6.27971607877395,0.493117910282759,13.7227837072859,-2.55857861404513,162.523465851633,-7.8883332978707
3,10,5,SAT-1,Satellite,1617647.12868463,162.689380194449,-2.72449295686096,4.11539605139887,6.27971607877395,0.508636025981784,13.1781981342042,-2.72449295686096,162.689380194449,-621.198780376701
3,10,6,SAT-1,Satellite,1603918.68464669,162.615351303814,-2.65046406622616,4.17278557588563,6.27971607877395,0.501640607900247,13.420714102475,-2.65046406622616,162.615351303814,-67.2718223363261
4,15,1,BS1,Terrestrial,140.115630076679,108.842601084839,30.4938593407369,93.0037537082402,223.777328803537,1.20305536003172,14.3683979460545,-2.36418582777904,162.329073065367,30.4938593407369
4,15,2,BS2,Terrestrial,144.901135010249,97.5529044952401,41.7835559303358,254.842170506847,223.777328803537,0.878101643689796,14.3629578231838,-2.36581275570231,162.330699993291,41.7835559303358
4,15,3,BS1,Terrestrial,158.604085315624,109.014797021903,30.3216634036724,92.4791146871867,223.777328803537,1.20988035817855,14.371226591512,-2.36333989196848,162.328227129557,30.3216634036724
4,15,4,SAT-1,Satellite,1553239.86418453,162.336474935577,-2.37158769798825,4.39472893618663,6.27971607877395,0.476306667218703,14.3436506913284,-2.37158769798825,162.336474935577,-9.28113321165844
4,15,5,SAT-1,Satellite,1583640.81410175,162.50483809033,-2.53995085274167,4.25964592294097,6.27971607877395,0.491411429680387,13.7837681254493,-2.53995085274167,162.50483809033,-618.890221312668
4,15,6,SAT-1,Satellite,1570090.71553921,162.430199279878,-2.46531204229015,4.31911898082619,6.27971607877395,0.484644832017164,14.0314385075153,-2.46531204229015,162.430199279878,-77.3337343928269
5,20,1,BS1,Terrestrial,140.115630076679,92.7694619170464,46.5669985085295,142.007750500335,223.777328803537,0.787905336205609,15.010891564333,-2.17343758523188,162.13832482282,46.5669985085295
5,20,2,BS2,Terrestrial,144.901135010249,109.21185696826,30.124603457316,183.757489644819,223.777328803537,1.21778616608266,15.0052552452913,-2.17509938899551,162.139986626584,30.124603457316
5,20,3,BS1,Terrestrial,158.604085315624,102.250132019308,37.0863284062675,113.098460986294,223.777328803537,0.989303156082098,15.0138254059931,-2.1725725867102,162.137459824299,37.0863284062675
5,20,4,SAT-1,Satellite,1519527.82685708,162.145877523302,-2.18099028571407,4.55170420904233,6.27971607877395,0.459880211189089,14.9852788473925,-2.18099028571407,162.145877523302,-2.84681234946044
5,20,5,SAT-1,Satellite,1549722.27276293,162.316781866426,-2.35189462883724,4.4107479261918,6.27971607877395,0.474576812810959,14.4090368441598,-2.35189462883724,162.316781866426,-614.532414216389
5,20,6,SAT-1,Satellite,1536347.88360927,162.241495700156,-2.27660846256757,4.47241258853674,6.27971607877395,0.468033449840885,14.6622724237007,-2.27660846256757,162.241495700156,-66.679071335389
6,25,1,BS1,Terrestrial,140.115630076679,106.251865372448,33.084595053128,100.898972909986,223.777328803537,1.10891777363866,15.6755525584715,-1.97897301449186,161.94386025208,33.084595053128
6,25,2,BS2,Terrestrial,144.901135010249,107.327872728132,32.0085876974443,195.23897077125,223.777328803537,1.14617142222965,15.6697071379794,-1.98067073700602,161.945557974594,32.0085876974443
6,25,3,BS1,Terrestrial,158.604085315624,113.697238112524,25.6392223130523,78.2236770401758,223.777328803537,1.43036825466927,15.67859852574,-1.97808837584773,161.942975613436,25.6392223130523
6,25,4,SAT-1,Satellite,1485912.35224852,161.951568229613,-1.98668099202447,4.71621552217829,6.27971607877395,0.44383864203853,15.6490175493783,-1.98668099202447,161.951568229613,-12.1614362953147
6,25,5,SAT-1,Satellite,1515899.08890837,162.125110209025,-2.16022297143672,4.56907009709384,6.27971607877395,0.458132321991745,15.05526019825,-2.16022297143672,162.125110209025,-618.484427672421
6,25,6,SAT-1,Satellite,1502697.6079197,162.04913627179,-2.08424903420172,4.63304157239523,6.27971607877395,0.451806585418241,15.3145112227218,-2.08424903420172,162.04913627179,-76.6907436513514
7,30,1,BS1,Terrestrial,140.115630076679,88.8474148163827,50.4890456091932,102.645318094602,223.777328803537,0.726700879486436,16.3638473817801,-1.78068508121896,161.745572318807,50.4890456091932
7,30,2,BS2,Terrestrial,144.901135010249,101.681844315395,37.6546161101809,229.662307414489,223.777328803537,0.97437551386989,16.3577788602536,-1.7824197823725,161.747307019961,37.6546161101809
7,30,3,BS1,Terrestrial,158.604085315624,110.408564367329,28.9278960582471,58.8222853529403,223.777328803537,1.26809834889871,16.3670129949786,-1.77978021474092,161.744667452329,28.9278960582471
7,30,4,BS1,Terrestrial,1684.50877122662,140.946490904089,-1.61003047851273,4.63420971528495,223.777328803537,16.0960438817616,16.3363284610099,-1.78855284732012,161.753440084908,-1.61003047851273
7,30,5,SAT-1,Satellite,1482179.47941509,161.929720294712,-1.96483305712354,7.10249691938156,6.27971607877395,0.442078057199689,15.7237962089941,-1.96483305712354,161.929720294712,-611.258592749429
7,30,6,SAT-1,Satellite,1469147.92867522,161.853014913367,-1.88812767577826,7.20209871974418,6.27971607877395,0.435964315620836,15.9895573113343,-1.88812767577826,161.853014913367,-74.5307757036228
8,35,1,BS1,Terrestrial,140.115630076679,114.385506863145,24.9509535624308,76.1309702823207,223.777328803537,1.46968656759326,17.0773661674051,-1.57846570036742,161.543352937956,24.9509535624308
8,35,2,BS2,Terrestrial,144.901135010249,107.274419069089,32.0620413564864,195.564783933366,223.777328803537,1.14426188755836,17.0710593429717,-1.58023845204909,161.545125689637,32.0620413564864
8,35,3,BS1,Terrestrial,158.604085315624,109.722036068338,29.6144243572381,90.3245408844869,223.777328803537,1.23874047192622,17.0806595963784,-1.57754001062867,161.542427248217,29.6144243572381
8,35,4,SAT-1,Satellite,1419005.35306506,161.551385046211,-1.58649780862291,5.06947522893071,6.27971607877395,0.412910330635184,17.0487964558639,-1.58649780862291,161.551385046211,-5.58321867726383
8,35,5,SAT-1,Satellite,1448572.36191166,161.730508266425,-1.76562102883682,4.90893435936179,6.27971607877395,0.426414072726935,16.4161146336353,-1.76562102883682,161.730508266425,-619.038160029398
8,35,6,SAT-1,Satellite,1435707.57450551,161.65302420308,-1.68813696549165,4.97789651637285,6.27971607877395,0.420506671048657,16.6889304989962,-1.68813696549165,161.65302420308,-71.2353034426534
9,40,1,BS1,Terrestrial,140.115630076679,86.1270909067625,53.2093695188133,108.175754272146,223.777328803537,0.689548627937966,17.8178348295482,-1.37220639869093,161.337093636279,53.2093695188133
9,40,2,BS2,Terrestrial,144.901135010249,106.265938312153,33.0705221134229,201.712156352148,223.777328803537,1.1093894034471,17.8112731787479,-1.37401827835876,161.338905515947,33.0705221134229
9,40,3,BS1,Terrestrial,158.604085315624,85.3989507133876,53.9375097121883,109.656071334688,223.777328803537,0.680239972366368,17.8212649584528,-1.37125928590888,161.336146523497,53.9375097121883
9,40,4,BS1,Terrestrial,1684.50877122662,134.158673702642,5.17778672293412,12.8670707910469,223.777328803537,5.79715804364852,17.7881416696976,-1.38040741564248,161.345294653231,5.17778672293412
9,40,5,SAT-1,Satellite,1415087.4313546,161.527369842861,-1.56248260527221,7.63694884201584,6.27971607877395,0.411140378748194,17.1338075345514,-1.56248260527221,161.527369842861,-626.085898556911
9,40,6,SAT-1,Satellite,1402386.03817499,161.449055957767,-1.48416872017916,7.74444384638386,6.27971607877395,0.405433637543008,17.4142794437963,-1.48416872017916,161.449055957767,-72.4385349598565
10,45,1,BS1,Terrestrial,140.115630076679,99.5161967836598,39.8202636419161,80.9563123420445,223.777328803537,0.921391313123993,18.5871284056407,-1.16179915589191,161.12668639348,39.8202636419161
10,45,2,BS2,Terrestrial,144.901135010249,88.7710098225899,50.565450602986,308.401948796632,223.777328803537,0.725602836417554,18.5802939517707,-1.16365123836317,161.128538475951,50.565450602986
10,45,3,BS1,Terrestrial,158.604085315624,84.3511472382385,54.9853131873373,111.786269105331,223.777328803537,0.667277327810516,18.5907049044916,-1.16083002023868,161.125717257827,54.9853131873373
10,45,4,BS1,Terrestrial,1684.50877122662,123.282741099408,16.0537193261678,32.8539145369611,223.777328803537,2.27042786181826,18.5562327893021,-1.17017362405164,161.13506086164,16.0537193261678
10,45,5,SAT-1,Satellite,1381735.24621727,161.320201090363,-1.3553138527746,7.92379310891058,6.27971607877395,0.396256943641814,17.8786008704631,-1.3553138527746,161.320201090363,-615.486853111755
10,45,6,SAT-1,Satellite,1369193.66187877,161.241001971935,-1.27611473434641,8.035564795793,6.27971607877395,0.390745158452439,18.1673942786896,-1.27611473434641,161.241001971935,-65.3428223211534
11,50,1,BS1,Terrestrial,140.115630076679,79.0074537018215,60.3290067237544,183.975127615442,223.777328803537,0.60817277776617,19.387285745202,-0.947137463713801,160.912024701302,60.3290067237544
11,50,2,BS2,Terrestrial,144.901135010249,86.1991128596449,53.137347565931,324.087998721182,223.777328803537,0.690483231981868,19.3801589132525,-0.949030810778595,160.913918048367,53.137347565931
11,50,3,BS1,Terrestrial,158.604085315624,120.762944853452,18.5735155721239,56.823162752404,223.777328803537,1.96906787623389,19.3910191487615,-0.946145710790859,160.911032948379,18.5735155721239
11,50,4,SAT-1,Satellite,1319604.03888908,160.920577092551,-0.955689854962657,5.66652343160599,6.27971607877395,0.369404400809367,19.3551016835892,-0.955689854962657,160.920577092551,-9.68137793698236
11,50,5,SAT-1,Satellite,1348527.32560194,161.108899392566,-1.14401215497767,5.48307423698574,6.27971607877395,0.381763697234817,18.6523671820397,-1.14401215497767,161.108899392566,-604.568516493305
11,50,6,SAT-1,Satellite,1336141.73344828,161.02875495209,-1.06386771450215,5.56060027081364,6.27971607877395,0.376441137823123,18.9502205229185,-1.06386771450215,161.02875495209,-71.089793674083
12,55,1,BS1,Terrestrial,140.115630076679,90.7048449038814,48.6316155216945,98.8691676929127,223.777328803537,0.75445606223971,20.2205256484655,-0.728117650570937,160.693004888159,48.6316155216945
12,55,2,BS1,Terrestrial,565.377728999031,101.602425185673,37.7340352399027,76.7155356986116,223.777328803537,0.972325126263342,20.2130851056298,-0.730053297948217,160.694940535537,37.7340352399027
12,55,3,BS1,Terrestrial,158.604085315624,104.661455029693,34.6750053958826,70.4979877741358,223.777328803537,1.05807903586546,20.2244274430459,-0.727102698308329,160.691989935897,34.6750053958826
12,55,4,BS2,Terrestrial,1289.96657807501,116.328783554957,23.0076768706186,140.457390308811,223.777328803537,1.59320437544467,20.1869594801718,-0.7368523078311,160.701739545419,23.0076768706186
12,55,5,SAT-1,Satellite,1315476.25876419,160.893364660373,-0.928477422785079,8.54010082398945,6.27971607877395,0.367660535173894,19.4571394364576,-0.928477422785079,160.893364660373,-616.911588203108
12,55,6,SAT-1,Satellite,1303242.59497463,160.812209689183,-0.847322451594977,8.66116497420816,6.27971607877395,0.362521444717549,19.7648743831789,-0.847322451594977,160.812209689183,-61.9159453456881
13,60,1,BS1,Terrestrial,140.115630076679,100.899420569953,38.4370398556228,117.216803747494,223.777328803537,0.954544577437861,21.0892645492285,-0.50464052928595,160.469527766874,38.4370398556228
13,60,2,BS2,Terrestrial,144.901135010249,115.969336186765,23.367124238811,142.63920524408,223.777328803537,1.56883465818963,21.0814870300636,-0.506619470338251,160.471506707927,23.367124238811
13,60,3,BS1,Terrestrial,158.604085315624,113.784661785622,25.5517986399544,77.9578089583091,223.777328803537,1.43524639669652,21.0933472679299,-0.503601816580357,160.468489054169,25.5517986399544
13,60,4,SAT-1,Satellite,1254114.59788107,160.478448831502,-0.513561593913352,6.11479694515446,6.27971607877395,0.342323500142289,21.0542141823505,-0.513561593913352,160.478448831502,-9.84927858134409
13,60,5,SAT-1,Satellite,1282595.82873764,160.673500833685,-0.708613596096427,5.91398365541329,6.27971607877395,0.353947324661378,20.2951260809118,-0.708613596096427,160.673500833685,-613.748736083098
13,60,6,SAT-1,Satellite,1270509.76556362,160.591264520935,-0.626377283346301,5.99806060801712,6.27971607877395,0.348985918902985,20.6136595439442,-0.626377283346301,160.591264520935,-65.1243355122463
14,65,1,BS1,Terrestrial,140.115630076679,114.306608943013,25.0298514825631,76.3708117224431,223.777328803537,1.46507103798254,21.9961358190468,-0.276613437444723,160.241500675033,25.0298514825631
14,65,2,BS2,Terrestrial,144.901135010249,106.026699018697,33.3097614068792,203.17059142741,223.777328803537,1.10142578820759,21.9879959345542,-0.278636602946733,160.243523840535,33.3097614068792
14,65,3,BS1,Terrestrial,158.604085315624,104.128403907219,35.2080565183572,107.372015873096,223.777328803537,1.04206541613236,22.0004131458542,-0.275550434917875,160.240437672506,35.2080565183572
14,65,4,SAT-1,Satellite,1221646.01124234,160.250611996846,-0.28572475925742,6.35548382460229,6.27971607877395,0.329359455659639,21.9594899044965,-0.28572475925742,160.250611996846,-2.60774264299749
14,65,5,SAT-1,Satellite,1249901.15196437,160.449217736792,-0.484330499203651,6.14530753767121,6.27971607877395,0.340623911837273,21.168727330959,-0.484330499203651,160.449217736792,-615.227096125658
14,65,6,SAT-1,Satellite,1237958.08016392,160.365823146661,-0.400935909072984,6.23294942042295,6.27971607877395,0.335834378194362,21.4990855340974,-0.400935909072984,160.365823146661,-69.9534407947673
15,70,1,BS2,Terrestrial,295.273297492253,90.7763466336514,48.5601137919245,98.7238052551741,223.777328803537,0.755566934861469,22.9440107401305,-0.0439527541007863,160.008839991689,48.5601137919245
15,70,2,BS2,Terrestrial,144.901135010249,104.272394723887,35.0640657016884,71.2886973988534,223.777328803537,1.04634318841842,22.9354807703457,-0.0460209872112216,160.0109082248,35.0640657016884
15,70,3,BS1,Terrestrial,158.604085315624,82.4948551731706,56.8416052524052,346.680414733041,223.777328803537,0.645485926788958,22.9484976231257,-0.0428649774380574,160.007752215026,56.8416052524052
15,70,4,BS2,Terrestrial,1289.96657807501,138.212331495975,1.12412892960091,7.3364262235539,223.777328803537,10.1674085803562,22.90564777464,-0.0532577803291474,160.018145017917,1.12412892960091
15,70,5,SAT-1,Satellite,1217408.83607116,160.220433361889,-0.255546124301077,9.58179005420801,6.27971607877395,0.327690131136619,22.0805526820067,-0.255546124301077,160.220433361889,-609.045287380549
15,70,6,SAT-1,Satellite,1205603.84665705,160.135796870082,-0.170909632493732,9.71891792386172,6.27971607877395,0.323066627785594,22.4238877345053,-0.170909632493732,160.135796870082,-72.3547337020449
16,75,1,BS1,Terrestrial,140.115630076679,86.21838092957,53.1180794960058,161.985241089439,223.777328803537,0.690733696781611,23.9360211470626,0.193413006620375,159.771474230968,53.1180794960058
16,75,2,BS2,Terrestrial,144.901135010249,99.3287133712694,40.0077470543065,244.012292972802,223.777328803537,0.91707399687638,23.9270708172497,0.19129898120525,159.773588256383,40.0077470543065
16,75,3,BS1,Terrestrial,158.604085315624,93.9434548727028,45.393005552873,138.427714389498,223.777328803537,0.808282249658075,23.9407339207379,0.194525980197909,159.77036125739,45.393005552873
16,75,4,SAT-1,Satellite,1157346.9593252,159.780975869668,0.18391136791999,6.87246925117581,6.27971607877395,0.304583202400872,23.8958085066591,0.18391136791999,159.780975869668,-1.90418246620223
16,75,5,SAT-1,Satellite,1185137.15817827,159.987076669923,-0.0221894323350398,6.64212748503772,6.27971607877395,0.315145817005162,23.0334395760474,-0.0221894323350398,159.987076669923,-620.121180918646
16,75,6,SAT-1,Satellite,1173465.02366114,159.901107360918,0.0637798766700541,6.73755001280267,6.27971607877395,0.310682471958959,23.3910490541333,0.0637798766700541,159.901107360918,-73.0052246999703
17,80,1,BS1,Terrestrial,140.115630076679,109.150312800046,30.1861476255302,92.0662446972894,223.777328803537,1.21530605239363,24.9755836659798,0.435539404765279,159.529347832823,30.1861476255302
17,80,2,BS2,Terrestrial,144.901135010249,110.48867750619,28.8477829193856,175.978871636882,223.777328803537,1.27161474966883,24.9661799072944,0.433379018698531,159.53150821889,28.8477829193856
17,80,3,BS1,Terrestrial,158.604085315624,86.6636218218203,52.6728386037555,160.627472609063,223.777328803537,0.696572401871035,24.9805401822337,0.436677916232554,159.528209321356,52.6728386037555
17,80,4,SAT-1,Satellite,1125556.22896892,159.539048285428,0.425838952160177,7.14975637043855,6.27971607877395,0.292770632238516,24.9333765741131,0.425838952160177,159.539048285428,-8.80986698806382
17,80,5,SAT-1,Satellite,1153106.26637839,159.749091015322,0.215796222266306,6.90858787031265,6.27971607877395,0.302990818415967,24.0304730737984,0.215796222266306,159.749091015322,-621.824910765798
17,80,6,SAT-1,Satellite,1141561.421772,159.661690044138,0.303197193450615,7.00825826396794,6.27971607877395,0.298681728623896,24.4038232449792,0.303197193450615,159.661690044138,-71.9443968275765
18,85,1,BS1,Terrestrial,140.115630076679,108.399954528164,30.9365058974115,94.3524732235521,223.777328803537,1.18585830958207,26.0664253751063,0.682461443606883,159.282425793981,30.9365058974115
18,85,2,BS2,Terrestrial,144.901135010249,118.594367248623,20.7420931769529,126.729608547353,223.777328803537,1.76578568630173,26.0565320717074,0.680254331271755,159.284632906317,20.7420931769529
18,85,3,BS1,Terrestrial,158.604085315624,92.5927174241767,46.7437430013992,142.546726489173,223.777328803537,0.784926228455107,26.0716451419038,0.683625727281822,159.281261510306,46.7437430013992
18,85,4,SAT-1,Satellite,1094034.70525343,159.292326350662,0.672560886926618,7.44020374010457,6.27971607877395,0.28134158230662,26.0220658145697,0.672560886926618,159.292326350662,-4.26975338591805
18,85,5,SAT-1,Satellite,1121338.40726311,159.506438321177,0.458448916411385,7.18770219910837,6.27971607877395,0.291225016693696,25.0750062652913,0.458448916411385,159.506438321177,-625.951885525253
18,85,6,SAT-1,Satellite,1109914.93123193,159.417498246705,0.547388990883263,7.29188226438445,6.27971607877395,0.287064247203853,25.465759740788,0.547388990883263,159.417498246705,-71.5830780968692
19,90,1,BS1,Terrestrial,140.115630076679,89.0044054290654,50.3320549965104,153.489233916039,223.777328803537,0.728967508320315,27.2126105606532,0.934187929577348,159.030699308011,50.3320549965104
19,90,2,BS2,Terrestrial,144.901135010249,110.112227814242,29.2242326113342,178.271996956852,223.777328803537,1.25525787910313,27.2021882868411,0.931933984676277,159.032953252912,29.2242326113342
19,90,3,BS1,Terrestrial,158.604085315624,113.218106831944,26.1183535936318,79.6810360199909,223.777328803537,1.40420694798317,27.2181148864755,0.93537808275056,159.029509154838,26.1183535936318
19,90,4,SAT-1,Satellite,1062807.93054867,159.040800098394,0.924087139194341,7.7442461638456,6.27971607877395,0.270295991196282,27.1659261454912,0.924087139194341,159.040800098394,-5.07419096736422
19,90,5,SAT-1,Satellite,1089858.18258202,159.259104154259,0.705783083328811,7.47990371826115,6.27971607877395,0.279848347220606,26.1706809870241,0.705783083328811,159.259104154259,-621.01596065611
19,90,6,SAT-1,Satellite,1078549.77925767,159.168508255829,0.796378981759602,7.58887438149652,6.27971607877395,0.275829930460894,26.5807297809935,0.796378981759602,159.168508255829,-75.7882599644245
20,95,1,BS1,Terrestrial,140.115630076679,121.942833476326,17.3936269492502,53.2815682223608,223.777328803537,2.09995066088937,28.418568031656,1.19069462544348,158.774192612145,17.3936269492502
20,95,2,BS2,Terrestrial,144.901135010249,108.998991142765,30.3374692828107,92.5272705528809,223.777328803537,1.20925067532196,28.4075737848568,1.18839406979734,158.776493167791,30.3374692828107
20,95,3,BS1,Terrestrial,158.604085315624,102.285260511322,37.0511999142543,112.991356630843,223.777328803537,0.990240915217285,28.4243801726651,1.19191057140154,158.772976666187,37.0511999142543
20,95,4,BS2,Terrestrial,1289.96657807501,131.887195127691,7.44926529788438,24.90789561283,223.777328803537,4.49209624694809,28.3693708651172,1.18039493488385,158.784492302704,7.44926529788438
20,95,5,SAT-1,Satellite,1058692.83826038,159.007103874645,0.957783362942905,11.6783768390793,6.27971607877395,0.268860825665436,27.3214481842704,0.957783362942905,159.007103874645,-619.506295800923
20,95,6,SAT-1,Satellite,1047492.82044183,158.914725469825,1.05016176776348,11.8494706084636,6.27971607877395,0.264978760919859,27.7529534062473,1.05016176776348,158.914725469825,-69.548043496517
21,100,1,BS1,Terrestrial,140.115630076679,82.9353447720977,56.4011156534782,171.996924049441,223.777328803537,0.650527124366516,29.6891181666675,1.45191596842022,158.512971269168,56.4011156534782
21,100,2,BS2,Terrestrial,144.901135010249,111.367837231885,27.9686231936912,170.624561622601,223.777328803537,1.31151884978027,29.677505105168,1.44956943528223,158.515317802306,27.9686231936912
21,100,3,BS1,Terrestrial,158.604085315624,111.358790296606,27.9776701289698,85.3398257851414,223.777328803537,1.31109553332659,29.6952634718421,1.45315741160576,158.511729825983,27.9776701289698
21,100,4,SAT-1,Satellite,1001355.10526749,158.523466697298,1.44142054029066,8.39459769971784,6.27971607877395,0.249355450707901,29.6372037248196,1.44142054029066,158.523466697298,-6.18187392581083
21,100,5,SAT-1,Satellite,1027872.58902544,158.750490062067,1.21439717552101,8.10507932460641,6.27971607877395,0.258262579438271,28.5315869409774,1.21439717552101,158.750490062067,-621.227588210288
21,100,6,SAT-1,Satellite,1016773.86371774,158.656191852348,1.30869538524021,8.22455638276394,6.27971607877395,0.254510832622099,28.9870266680172,1.30869538524021,158.656191852348,-80.5480454314873
22,105,1,BS1,Terrestrial,140.115630076679,85.8125591995005,53.5239012260754,326.44560172728,223.777328803537,0.685496534857546,31.029498469744,1.71773509400296,158.247152143585,53.5239012260754
22,105,2,BS2,Terrestrial,144.901135010249,109.646684322281,29.689776103295,90.554079607948,223.777328803537,1.23560048190196,31.0172156682766,1.71534372849013,158.249543509098,29.689776103295
22,105,3,BS2,Terrestrial,577.769735954722,100.679591527323,38.6568688982528,117.887085334254,223.777328803537,0.949117234381717,31.0360045169852,1.71900146588897,158.245885771699,38.6568688982528
22,105,4,SAT-1,Satellite,971195.531067616,158.257837877101,1.70704936048739,8.74145973445658,6.27971607877395,0.239461000394893,30.9746445687447,1.70704936048739,158.257837877101,-1.72003649908183
22,105,5,SAT-1,Satellite,997430.981727231,158.489361449107,1.47552578848115,8.43864506247963,6.27971607877395,0.248053885123303,29.8057207680246,1.47552578848115,158.489361449107,-616.966503044689
22,105,6,SAT-1,Satellite,986426.03927495,158.392994931669,1.57189230591956,8.56388175404514,6.27971607877395,0.244426388995377,30.2879480602719,1.57189230591956,158.392994931669,-74.3243107804372
23,110,1,BS1,Terrestrial,140.115630076679,113.511997983107,25.8244624424685,78.7870669507644,223.777328803537,1.42013998911382,32.4453858831528,1.98797187821219,157.976915359376,25.8244624424685
23,110,2,BS2,Terrestrial,144.901135010249,85.5276141003483,53.8088463252275,328.183491506202,223.777328803537,0.681866500281622,32.4323781250295,1.98553745771503,157.979349779873,53.8088463252275
23,110,3,BS1,Terrestrial,158.604085315624,108.915948652216,30.4205117733594,92.7802792491793,223.777328803537,1.2059530894628,32.4522825963238,1.98926227232388,157.975624965264,30.4205117733594
23,110,4,SAT-1,Satellite,941464.481168302,157.987783169113,1.97710406847492,9.10297328068647,6.27971607877395,0.229951097117446,32.387351812673,1.97710406847492,157.987783169113,-3.9235371546869
23,110,5,SAT-1,Satellite,967405.299982744,158.223873617593,1.74101361999556,8.78643702375863,6.27971607877395,0.238235212665214,31.1488291561678,1.74101361999556,158.223873617593,-611.658555233465
23,110,6,SAT-1,Satellite,956486.208429132,158.125278616654,1.83960862093437,8.91780149241217,6.27971607877395,0.234725867659839,31.6611427293407,1.83960862093437,158.125278616654,-68.8698349624046
24,115,1,BS1,Terrestrial,140.115630076679,109.746085464064,29.5903749615115,90.2512818136551,223.777328803537,1.23974598646465,33.9429134052474,2.26236869079096,157.702518546797,29.5903749615115
24,115,2,BS2,Terrestrial,144.901135010249,105.011532855519,34.3249275700568,209.359575184492,223.777328803537,1.06886598621697,33.9291210371038,2.259893768382,157.704993469206,34.3249275700568
24,115,3,BS1,Terrestrial,158.604085315624,85.7608696380339,53.5755907875419,163.380429035475,223.777328803537,0.684835173112894,33.950233138124,2.26368178521372,157.701205452375,53.5755907875419
24,115,4,SAT-1,Satellite,912205.36143074,157.713556779322,2.25133045826621,9.47910689572402,6.27971607877395,0.220826573215342,33.8814393426758,2.25133045826621,157.713556779322,-3.24505205979472
24,115,5,SAT-1,Satellite,937837.011882626,157.954251735091,2.01063550249717,9.14847954034722,6.27971607877395,0.228807277066414,32.5662516149684,2.01063550249717,157.954251735091,-621.615157733704
24,115,6,SAT-1,Satellite,926995.418641931,157.853256126248,2.11163111134039,9.28636320280918,6.27971607877395,0.225409952982609,33.1124824166981,2.11163111134039,157.853256126248,-70.5442776210607
25,120,1,BS1,Terrestrial,140.115630076679,109.710082910588,29.6263775149874,90.3609526599075,223.777328803537,1.23824131008097,35.5286776569735,2.54057354771854,157.42431368987,29.6263775149874
25,120,2,BS2,Terrestrial,144.901135010249,108.169472867323,31.1669875582526,190.109565278949,223.777328803537,1.17709663096219,35.5140365416615,2.53806162155175,157.426825616037,31.1669875582526
25,120,3,BS1,Terrestrial,158.604085315624,107.134429807433,32.2020306181426,98.2090322763325,223.777328803537,1.13929097770708,35.5364552249329,2.54190751343788,157.42297972415,32.2020306181426
25,120,4,SAT-1,Satellite,883466.54401502,157.435506527516,2.52938071007216,9.86964247944707,6.27971607877395,0.212088603744633,35.4634845183323,2.52938071007216,157.435506527516,-7.17953546921981
25,120,5,SAT-1,Satellite,908772.260980761,157.680805616883,2.28408162070551,9.52463135248442,6.27971607877395,0.219771098267089,34.063680372949,2.28408162070551,157.680805616883,-623.310516207046
25,120,6,SAT-1,Satellite,897999.404456964,157.577225343258,2.38766189433079,9.66944845604747,6.27971607877395,0.216479637120926,34.6482983026848,2.38766189433079,157.577225343258,-74.9217974711351
26,125,1,BS1,Terrestrial,140.115630076679,108.582251597057,30.7542088285187,93.7970100921651,223.777328803537,1.19288092756717,37.20973289452,2.82212037535507,157.142766862233,30.7542088285187
26,125,2,BS2,Terrestrial,144.901135010249,108.776468589028,30.559991836548,186.410496527215,223.777328803537,1.20045455042746,37.1941745096002,2.81957608669697,157.145311150891,30.559991836548
26,125,3,BS1,Terrestrial,158.604085315624,105.478048707469,33.8584117181068,103.257688099891,223.777328803537,1.08358676686164,37.2180055283064,2.82347276895337,157.141414468635,33.8584117181068
26,125,4,SAT-1,Satellite,855301.934783661,157.154093459301,2.81079377828721,10.2741298342962,6.27971607877395,0.203738781452535,37.1405228298219,2.81079377828721,157.154093459301,-2.16997198655247
26,125,5,SAT-1,Satellite,880262.398384678,157.403947385657,2.56093985193087,9.91454474034396,6.27971607877395,0.211128069694104,35.647136531316,2.56093985193087,157.403947385657,-622.520899298789
26,125,6,SAT-1,Satellite,869549.132802217,157.297586896424,2.66730034116387,10.0667309766172,6.27971607877395,0.207936290121071,36.2753829100534,2.66730034116387,157.297586896424,-64.8949564109867
27,130,1,BS1,Terrestrial,140.115630076679,118.082615946591,21.253844478985,64.9130939543701,223.777328803537,1.72366864041975,38.9935655550929,3.10640616825475,156.858481069334,21.253844478985
27,130,2,BS2,Terrestrial,144.901135010249,102.818806090914,36.5176543346617,222.729269379966,223.777328803537,1.00470553073913,38.9770172988829,3.10383552991973,156.861051707669,36.5176543346617
27,130,3,BS1,Terrestrial,158.604085315624,113.888626073993,25.447834351583,77.6416578366487,223.777328803537,1.4410906144891,39.0023727430791,3.1077738079461,156.857113429642,25.447834351583
27,130,4,SAT-1,Satellite,827771.575649177,156.869914557163,3.09497268042551,10.6918338719423,6.27971607877395,0.195779201023481,38.9200233588078,3.09497268042551,156.869914557163,-5.34124537087453
27,130,5,SAT-1,Satellite,852364.550147971,157.124211952392,2.84067528519586,10.3176179282119,6.27971607877395,0.20288003563313,37.3229226494414,2.84067528519586,157.124211952392,-611.544800379207
27,130,6,SAT-1,Satellite,841701.387563758,157.014865232708,2.95002200488003,10.4776277353357,6.27971607877395,0.199781739321127,38.0009759631522,2.95002200488003,157.014865232708,-67.7574850785236
28,135,1,BS1,Terrestrial,140.115630076679,109.165934940521,30.1705254850544,92.0186501911003,223.777328803537,1.21593464117767,40.8880417515747,3.39266496272245,156.572222274866,30.1705254850544
28,135,2,BS2,Terrestrial,144.901135010249,94.0775991640836,45.2588612614923,276.037298701529,223.777328803537,0.810677868013413,40.8704275356204,3.39007561803672,156.574811619552,45.2588612614923
28,135,3,BS1,Terrestrial,158.604085315624,120.137357168851,19.1991032567251,58.7065512975618,223.777328803537,1.90589741568443,40.8974249276679,3.39404378758479,156.570843450004,19.1991032567251
28,135,4,SAT-1,Satellite,800942.268099096,156.583728635808,3.3811586017799,11.1216742522216,6.27971607877395,0.18821255194617,40.809837532039,3.3811586017799,156.583728635808,-0.771086646187058
28,135,5,SAT-1,Satellite,825142.20892965,156.842280437802,3.12260679978598,10.7329404660148,6.27971607877395,0.195029377042829,39.0975423766321,3.12260679978598,156.842280437802,-614.009575187855
28,135,6,SAT-1,Satellite,814519.38313081,156.729732843898,3.23515439369027,10.9012425537902,6.27971607877395,0.192018357778569,39.8327275672184,3.23515439369027,156.729732843898,-72.3751723649989
29,140,1,BS1,Terrestrial,140.115630076679,105.020699574594,34.3157608509822,69.7678958274096,223.777328803537,1.06915139191008,42.9013182576474,3.67993879102491,156.284948446563,34.3157608509822
29,140,2,BS2,Terrestrial,144.901135010249,118.286454881094,21.0500055444823,128.592426093459,223.777328803537,1.74020613500906,42.882559482963,3.67734030067049,156.287546936918,21.0500055444823
29,140,3,BS1,Terrestrial,158.604085315624,116.803049891308,22.5334105342678,45.8600074542782,223.777328803537,1.6265248759255,42.9113202817976,3.68132370477318,156.283563532815,22.5334105342678
29,140,4,SAT-1,Satellite,774888.195421716,156.296485269086,3.66840196850279,17.343236665007,6.27971607877395,0.18104221836067,42.8181117889116,3.66840196850279,156.296485269086,-5.36648384635046
29,140,5,SAT-1,Satellite,798665.831559287,156.55900646804,3.40588076954785,16.7388475691836,6.27971607877395,0.187579104619334,40.9775746789136,3.40588076954785,156.55900646804,-628.5209792614
29,140,6,BS1,Terrestrial,20874.3215080905,134.335797903914,5.00066252166167,12.5921473735927,223.777328803537,5.92372696423027,41.7786302956403,3.52184960740044,156.443037630188,5.00066252166167
30,145,1,BS1,Terrestrial,140.115630076679,106.825792479787,32.5106679457887,99.149684191857,223.777328803537,1.1284823074702,45.0417055988486,3.9670461669871,155.997841070601,32.5106679457887
30,145,2,BS2,Terrestrial,144.901135010249,102.800831678591,36.5356287469849,222.83887201194,223.777328803537,1.00421136933213,45.0217226314022,3.96445031677018,156.000436920818,36.5356287469849
30,145,3,BS1,Terrestrial,158.604085315624,108.80455483633,30.5319055892462,93.1196738758371,223.777328803537,1.20155773473775,45.0523699670239,3.9684308699488,155.996456367639,30.5319055892462
30,145,4,SAT-1,Satellite,749691.509447855,156.009356216645,3.95553102094314,12.011304710995,6.27971607877395,0.174272382833525,44.953152856116,3.95553102094314,156.009356216645,-1.47621718573211
30,145,5,SAT-1,Satellite,773013.414236689,156.275444977726,3.68944225986201,11.5947732235418,6.27971607877395,0.180532956752839,42.9694862306344,3.68944225986201,156.275444977726,-615.449592981129
30,145,6,SAT-1,Satellite,762441.339362927,156.15583308225,3.80905415533823,11.7810859362856,6.27971607877395,0.177677907133968,43.8469098427198,3.80905415533823,156.15583308225,-66.357052537734
31,150,1,BS1,Terrestrial,140.115630076679,115.079535001597,24.2569254239787,74.0218249362566,223.777328803537,1.51156317070162,47.3174701857917,4.25254922742559,155.712338010163,24.2569254239787
31,150,2,BS2,Terrestrial,144.901135010249,94.8701805674752,44.4662798581007,135.601727587259,223.777328803537,0.825127130698013,47.2961844609048,4.24997034373553,155.714916893853,44.4662798581007
31,150,3,BS1,Terrestrial,158.604085315624,87.564589663156,51.7718707624199,157.879960655837,223.777328803537,0.708694529292892,47.3288398981827,4.25392604376873,155.71096119382,51.7718707624199
31,150,4,BS2,Terrestrial,1289.96657807501,133.407026726845,5.92943369873083,21.0933574687389,223.777328803537,5.30445020749264,47.2232326254988,4.24111898423567,155.723768253353,5.92943369873083
31,150,5,SAT-1,Satellite,748271.00417191,155.992882699259,3.9720045383288,18.0560052905747,6.27971607877395,0.173895498414923,45.0793603221869,3.9720045383288,155.992882699259,-614.958259006528
31,150,6,SAT-1,Satellite,737709.381558666,155.869410499899,4.09547673768964,18.3500241858939,6.27971607877395,0.171109204411876,46.0458620207073,4.09547673768964,155.869410499899,-69.4855370876822
32,155,1,BS1,Terrestrial,140.115630076679,106.166829246499,33.1696311790772,101.158166966692,223.777328803537,1.10607643215411,49.736561506302,4.53472145709526,155.430165780493,33.1696311790772
32,155,2,BS2,Terrestrial,144.901135010249,90.4317488692197,48.9047115563562,298.273110052874,223.777328803537,0.75024305330061,49.7138983959628,4.53217670821763,155.432710529371,48.9047115563562
32,155,3,BS1,Terrestrial,158.604085315624,113.000732522882,26.335727902694,80.3423487988039,223.777328803537,1.39264866007296,49.7486775195547,4.53608116901475,155.428806068574,26.335727902694
32,155,4,SAT-1,Satellite,702241.606538505,155.441435511296,4.52345172629262,12.9247739305054,6.27971607877395,0.161955536257709,49.6363186680892,4.52345172629262,155.441435511296,-9.69251699776794
32,155,5,SAT-1,Satellite,724533.090338119,155.712868871008,4.25201836658056,12.4841118965284,6.27971607877395,0.167672214913961,47.3125136011105,4.25201836658056,155.712868871008,-611.919313752801
32,155,6,SAT-1,Satellite,713972.313923045,155.585331795072,4.37955544251599,12.6902477824225,6.27971607877395,0.164948606899861,48.3836224301463,4.37955544251599,155.585331795072,-59.3117806396433
33,160,1,BS1,Terrestrial,140.115630076679,107.193999440635,32.1424609849413,98.0274829897889,223.777328803537,1.14140097235205,52.3062510252404,4.81151897962715,155.153368257961,32.1424609849413
33,160,2,BS2,Terrestrial,144.901135010249,95.2240885548779,44.1123718706979,269.045029543866,223.777328803537,0.831746749541982,52.2821435879972,4.80902863006958,155.155858607519,44.1123718706979
33,160,3,BS1,Terrestrial,158.604085315624,110.054840691146,29.2816197344294,89.3107946242198,223.777328803537,1.25280112972398,52.3191502213817,4.8128506861716,155.152036551417,29.2816197344294
33,160,4,SAT-1,Satellite,680196.200174356,155.164388399795,4.80049883779327,13.3820177659037,6.27971607877395,0.156421754143688,52.1997169670829,4.80049883779327,155.164388399795,-9.91335114105172
33,160,5,SAT-1,Satellite,701902.796971847,155.437243830505,4.52764340708282,12.9316363190724,6.27971607877395,0.161869591850292,49.6729619820811,4.52764340708282,155.437243830505,-620.364341594379
33,160,6,SAT-1,Satellite,691333.826603234,155.305460514385,4.6594267232031,13.1482610492072,6.27971607877395,0.159202702554409,50.8678547255112,4.6594267232031,155.305460514385,-67.277205328177
34,165,1,BS1,Terrestrial,140.115630076679,89.2586204797801,50.0778399457958,305.4280097814,223.777328803537,0.732667999125878,55.0326727261708,5.08055967836142,154.884327559227,50.0778399457958
34,165,2,BS2,Terrestrial,144.901135010249,104.785051710992,34.5514087145843,105.370200126529,223.777328803537,1.06186250256157,55.0070664145075,5.07814725045534,154.886739987133,34.5514087145843
34,165,3,BS2,Terrestrial,577.769735954722,103.035966566197,36.3004938593792,110.702548682052,223.777328803537,1.01071443913295,55.0463853537785,5.08185070360651,154.883036533982,36.3004938593792
34,165,4,SAT-1,Satellite,659423.66116185,154.894994895458,5.06989234213012,13.8336454442229,6.27971607877395,0.151315045724178,54.9196166044803,5.06989234213012,154.894994895458,-13.0719947703193
34,165,5,SAT-1,Satellite,680491.782719918,155.168162075233,4.79672516235505,13.3757399562595,6.27971607877395,0.156495169595837,52.1626817576917,4.79672516235505,155.168162075233,-616.866931897089
34,165,6,SAT-1,Satellite,669906.450066595,155.031987556951,4.93289968063738,13.603131866084,6.27971607877395,0.153879173820524,53.5053449297745,4.93289968063738,155.031987556951,-71.3741075177041
35,170,1,BS1,Terrestrial,140.115630076679,104.006151498199,35.3303089273772,107.744717481917,223.777328803537,1.0384607896953,57.9202625182513,5.33911580703301,154.625771430555,35.3303089273772
35,170,2,BS2,Terrestrial,144.901135010249,105.765221071625,33.5712393539504,204.764639144509,223.777328803537,1.09285143049338,57.8931208295841,5.33680809082344,154.628079146765,33.5712393539504
35,170,3,BS1,Terrestrial,158.604085315624,118.258645547732,21.0778148778437,64.3803598043748,223.777328803537,1.73793164160237,57.9348091073603,5.34035168956282,154.624535548025,21.0778148778437
35,170,4,SAT-1,Satellite,640048.98243581,154.635968599582,5.32891863800594,14.2742121312813,6.27971607877395,0.146644779667903,57.8005332326108,5.32891863800594,154.635968599582,-2.74535718830688
35,170,5,SAT-1,Satellite,660419.72852052,154.908105136961,5.05678210062774,13.8115098146222,6.27971607877395,0.151557557502406,54.7805861970154,5.05678210062774,154.908105136961,-613.952376680393
35,170,6,SAT-1,Satellite,649811.087415984,154.76744671492,5.19744052266833,14.0498248286121,6.27971607877395,0.14898681787561,56.3014938787276,5.19744052266833,154.76744671492,-61.1794963112296
36,175,1,BS1,Terrestrial,140.115630076679,110.689323395908,28.6471370296678,87.3783755711342,223.777328803537,1.28050749021628,60.9711063817423,5.58412701407292,154.380760223515,28.6471370296678
36,175,2,BS2,Terrestrial,144.901135010249,83.7510877030437,55.5853727225322,169.509297784054,223.777328803537,0.660073906649704,60.9424172942342,5.58195385590517,154.382933381683,55.5853727225322
36,175,3,BS1,Terrestrial,158.604085315624,96.000395431327,43.3360649942489,132.155244224985,223.777328803537,0.846645663272251,60.986494208783,5.58529161559534,154.379595621993,43.3360649942489
36,175,4,BS2,Terrestrial,1289.96657807501,133.251339963924,6.08512046165157,21.4729389428092,223.777328803537,5.2106823709494,60.8446605656965,5.57453055301349,154.390356684575,6.08512046165157
36,175,5,SAT-1,Satellite,641813.282982066,154.659878390709,5.30500884687891,21.3499361177633,6.27971607877395,0.147066390366133,57.5210906168936,5.30500884687891,154.659878390709,-619.56161948269
36,175,6,SAT-1,Satellite,631175.991798402,154.514713793212,5.45017344437599,21.7237832427827,6.27971607877395,0.144535507664399,59.2597088355299,5.45017344437599,154.514713793212,-75.4051257809411
37,180,1,BS1,Terrestrial,140.115630076679,107.624919146997,31.7115412785788,96.7142234230245,223.777328803537,1.15689978621212,64.1842259796744,5.81224141472796,154.15264582286,31.7115412785788
37,180,2,BS2,Terrestrial,144.901135010249,89.9135720664176,49.4228883591583,301.433463117992,223.777328803537,0.742377194916619,64.1540088081688,5.81023521173682,154.154652025851,49.4228883591583
37,180,3,BS1,Terrestrial,158.604085315624,114.072792077728,25.2636683478474,77.0816697686678,223.777328803537,1.45155994593217,64.2004452630011,5.81331718755575,154.151570050033,25.2636683478474
37,180,4,SAT-1,Satellite,606023.948763256,154.161500108082,5.80338712950675,15.0966298550733,6.27971607877395,0.138656025418892,64.0511577123637,5.80338712950675,154.161500108082,-1.69979132075778
37,180,5,SAT-1,Satellite,624804.332019945,154.426585010656,5.53830222693219,14.634736590294,6.27971607877395,0.143032208335948,60.3720460039884,5.53830222693219,154.426585010656,-622.676923643103
37,180,6,SAT-1,Satellite,614135.045565535,154.276981991653,5.68790524593572,14.8946718107564,6.27971607877395,0.140536073538256,62.3807094321923,5.68790524593572,154.276981991653,-64.1293564733253
38,185,1,BS1,Terrestrial,140.115630076679,119.396180560827,19.9402798647489,60.9420785502737,223.777328803537,1.83598372525917,67.5548550083707,6.01989190939523,153.944995328193,19.9402798647489
38,185,2,BS2,Terrestrial,144.901135010249,85.6467494747905,53.6897109507854,327.456880776173,223.777328803537,0.683379528544695,67.523167059868,6.01808674746587,153.946800490122,53.6897109507854
38,185,3,BS1,Terrestrial,158.604085315624,99.3504499463773,39.9860104791986,121.939866781448,223.777328803537,0.917572467110417,67.5718751370981,6.02086035711338,153.944026880475,39.9860104791986
38,185,4,SAT-1,Satellite,591647.07800101,153.952958849968,6.01192838762049,15.4641604028725,6.27971607877395,0.135360642827776,67.415424489292,6.01192838762049,153.952958849968,-8.25207852042308
38,185,5,SAT-1,Satellite,609527.478639984,154.211570154376,5.75331708321249,15.0089272703247,6.27971607877395,0.139466242671677,63.3116313930823,5.75331708321249,154.211570154376,-622.345874844197
38,185,6,SAT-1,Satellite,598825.215372126,154.057705957435,5.90718128015376,15.2791049266528,6.27971607877395,0.137000086259845,65.6617817012247,5.90718128015376,154.057705957435,-73.6164153628177
39,190,1,BS2,Terrestrial,295.273297492253,110.769052534509,28.5674078910673,87.1355737755002,223.777328803537,1.28407560257815,71.0737868823995,6.20341269278114,153.761474544807,28.5674078910673
39,190,2,BS2,Terrestrial,144.901135010249,108.224999848575,31.1114605770014,94.8855816066364,223.777328803537,1.17919564287039,71.0407290183418,6.20184309567941,153.763044141909,31.1114605770014
39,190,3,BS1,Terrestrial,158.604085315624,123.979011241282,15.3574491842937,94.4264236477843,223.777328803537,2.36985919998664,71.0915530857027,6.20425504231008,153.760632195278,15.3574491842937
39,190,4,SAT-1,Satellite,579208.112748333,153.768397094888,6.19649014269984,15.7923963379627,6.27971607877395,0.132547249203264,70.9284440816983,6.19649014269984,153.768397094888,-7.78357295559698
39,190,5,SAT-1,Satellite,596116.668365253,154.018329681496,5.94655755609247,15.3485645706018,6.27971607877395,0.1363800949135,66.3034025221904,5.94655755609247,154.018329681496,-616.506352457883
39,190,6,SAT-1,Satellite,585383.107276047,153.860508082346,6.10437915524238,15.6282371279791,6.27971607877395,0.13393952726614,69.0960325492887,6.10437915524238,153.860508082346,-70.6234458550526
40,195,1,BS1,Terrestrial,140.115630076679,104.073848174816,35.2626122507595,107.538335394221,223.777328803537,1.0404537506704,74.7268983179847,6.35919630451897,153.605690933069,35.2626122507595
40,195,2,BS2,Terrestrial,144.901135010249,112.693942824912,26.6425176006641,162.551635465688,223.777328803537,1.37665381318648,74.6926182917264,6.35789561521892,153.606991622369,26.6425176006641
40,195,3,BS1,Terrestrial,158.604085315624,113.857308075986,25.47915234959,77.7368923372261,223.777328803537,1.43932515228922,74.7453291797929,6.35989437905044,153.604992858538,25.47915234959
40,195,4,SAT-1,Satellite,568834.816542834,153.611427776263,6.35345946132509,16.0736969247383,6.27971607877395,0.130227582535978,74.5762964365722,6.35345946132509,153.611427776263,-13.3592246066001
40,195,5,SAT-1,Satellite,584700.982695655,153.850380845258,6.11450639233016,15.6462524611518,6.27971607877395,0.133785307256288,69.2879044711006,6.11450639233016,153.850380845258,-609.611699207398
40,195,6,SAT-1,Satellite,573940.63617753,153.689043865856,6.27584337173244,15.9343607314014,6.27971607877395,0.131366342723719,72.6717008267001,6.27584337173244,153.689043865856,-73.3578963642441
41,200,1,BS1,Terrestrial,140.115630076679,101.596486033112,37.7399743924636,115.091412122588,223.777328803537,0.972172139851683,78.4949648148584,6.48388462570114,153.481002611887,37.7399743924636
41,200,2,BS2,Terrestrial,144.901135010249,89.0127448061272,50.3237156194486,306.927605942796,223.777328803537,0.729088307700951,78.4596570446405,6.48288311438114,153.482004123207,50.3237156194486
41,200,3,BS1,Terrestrial,158.604085315624,108.299060720856,31.0373997047194,94.6599069713034,223.777328803537,1.18200691276496,78.5139506575447,6.48442186823738,153.480465369351,31.0373997047194
41,200,4,SAT-1,Satellite,560642.374216974,153.48542275655,6.47946448103849,16.3008971997317,6.27971607877395,0.128412483514042,78.339956961129,6.47946448103849,153.48542275655,-1.13970728166279
41,200,5,SAT-1,Satellite,575399.746775809,153.71109769886,6.25378953872877,15.8948560391271,6.27971607877395,0.131692837467159,72.1678613404357,6.25378953872877,153.71109769886,-618.554333120578
41,200,6,SAT-1,Satellite,564619.955119503,153.546828833587,6.41805840400175,16.1900225986185,6.27971607877395,0.129291894447588,76.3715192520128,6.41805840400175,153.546828833587,-71.4965179473658
42,205,1,BS1,Terrestrial,140.115630076679,113.510347031279,25.8261133942968,157.584176893363,223.777328803537,1.42004948222033,82.3538727049361,6.57457880971498,153.390308427873,25.8261133942968
42,205,2,BS2,Terrestrial,144.901135010249,90.0944945644566,49.2419658611193,150.165009409576,223.777328803537,0.745104767360229,82.31777245713,6.57390168367934,153.390985553909,49.2419658611193
42,205,3,BS2,Terrestrial,577.769735954722,107.668693109161,31.6677673164152,96.5808238172652,223.777328803537,1.15849772221312,82.3732726958886,6.57494136303256,153.389945874556,31.6677673164152
42,205,4,SAT-1,Satellite,554727.820080333,153.393303303677,6.57158393391148,16.4677675235482,6.27971607877395,0.127111260827031,82.1954795827055,6.57158393391148,153.393303303677,-2.63904347331973
42,205,5,SAT-1,Satellite,568317.245487037,153.603521066983,6.36136617060532,16.0879174370886,6.27971607877395,0.130112471120654,74.7826999963314,6.36136617060532,153.603521066983,-620.074970986872
42,205,6,SAT-1,Satellite,557527.949265478,153.437037245326,6.52784999226276,16.3884650883303,6.27971607877395,0.127726341767978,80.1717512845544,6.52784999226276,153.437037245326,-66.6839256273111
43,210,1,BS1,Terrestrial,140.115630076679,86.7773591912808,52.559101234295,160.280628988889,223.777328803537,0.698079768638324,86.2752904468687,6.62904519557415,153.335842042014,52.559101234295
43,210,2,BS2,Terrestrial,144.901135010249,109.736056572187,29.6004038533888,180.563663374708,223.777328803537,1.23932647699528,86.2386524031283,6.62871075216768,153.336176485421,29.6004038533888
43,210,3,BS1,Terrestrial,158.604085315624,89.3518849380155,49.9845754875604,152.429594951996,223.777328803537,0.734035043765648,86.2949064290489,6.62922290842269,153.335664329166,49.9845754875604
43,210,4,SAT-1,Satellite,551164.780088739,153.337333530077,6.62755370751174,16.5694674131152,6.27971607877395,0.126331078768881,86.1145689320011,6.62755370751174,153.337333530077,3.88365424409054
43,210,5,SAT-1,Satellite,563537.48679522,153.530160586873,6.43472665071531,16.2200900782299,6.27971607877395,0.129052223682415,76.8740612355652,6.43472665071531,153.530160586873,-618.365722779323
43,210,6,SAT-1,Satellite,552750.757166347,153.362291293379,6.60259594420899,16.5240888410882,6.27971607877395,0.126678010089106,84.0379287479445,6.60259594420899,153.362291293379,-82.1505152707916
44,215,1,BS1,Terrestrial,140.115630076679,105.891041095754,33.4454193298221,101.998798625437,223.777328803537,1.09696061041513,89.7720357910426,6.64588946760415,153.318997769984,33.4454193298221
44,215,2,BS2,Terrestrial,144.901135010249,107.609394213797,31.7270662117785,193.523070654996,223.777328803537,1.15633411585577,89.8075541780314,6.64590765592652,153.318979581662,31.7270662117785
44,215,3,BS1,Terrestrial,158.604085315624,112.981168545851,26.3552918797245,80.4018716527585,223.777328803537,1.39161765891466,89.7500719089238,6.64587668300774,153.319010554581,26.3552918797245
44,215,4,SAT-1,Satellite,549999.130288878,153.318944425231,6.64594281235716,16.6029325751412,6.27971607877395,0.126076443631335,89.9095937148884,6.64594281235716,153.318944425231,-6.92524665768426
44,215,5,SAT-1,Satellite,561119.552583915,153.492812415236,6.47207482235262,16.2875391496644,6.27971607877395,0.128517799631369,78.083414087824,6.47207482235262,153.492812415236,-617.727623471156
44,215,6,SAT-1,Satellite,550348.8946077,153.324466340673,6.64042089691551,16.5928809393151,6.27971607877395,0.126152818222479,87.8690284622117,6.64042089691551,153.324466340673,-64.9927336393845
45,220,1,BS2,Terrestrial,295.273297492253,106.281298963378,33.0551614621979,100.809258537801,223.777328803537,1.10990464590921,85.8215699236906,6.6246721731784,153.34021506441,33.0551614621979
45,220,2,BS2,Terrestrial,144.901135010249,82.9043132201268,56.4321472054491,172.091555481887,223.777328803537,0.650169405979629,85.8581897291711,6.625043795132,153.339843442456,56.4321472054491
45,220,3,BS1,Terrestrial,158.604085315624,88.343121383002,50.9933390425739,311.011644236819,223.777328803537,0.719514310638295,85.8016037720973,6.62446817320355,153.340419064385,50.9933390425739
45,220,4,SAT-1,Satellite,551246.135464573,153.338615527211,6.62627171037747,16.5671353304494,6.27971607877395,0.126348861838377,85.9815677479237,6.62627171037747,153.338615527211,-3.90493937009936
45,220,5,SAT-1,Satellite,561094.094256211,153.492418322319,6.47246891526973,16.2882514333999,6.27971607877395,0.128512179559824,78.0968463858976,6.47246891526973,153.492418322319,-618.339377234476
45,220,6,SAT-1,Satellite,550353.57804719,153.324540256812,6.6403469807764,16.5927464039559,6.27971607877395,0.126153841079955,87.8548420534889,6.6403469807764,153.324540256812,-62.1298277132259
46,225,1,BS1,Terrestrial,140.115630076679,111.359063534487,27.9773968910887,85.3389938633738,223.777328803537,1.31110831445822,81.9057951708906,6.56594621120422,153.398941026384,27.9773968910887
46,225,2,BS2,Terrestrial,144.901135010249,85.7842977114227,53.5521627141532,326.617969475027,223.777328803537,0.685134774315126,81.9420372564816,6.56666289667862,153.39822434091,53.5521627141532
46,225,3,BS1,Terrestrial,158.604085315624,109.839376005102,29.4970844204737,89.9671051739153,223.777328803537,1.24366193827707,81.8860932395993,6.56555524389313,153.399331993695,29.4970844204737
46,225,4,SAT-1,Satellite,554889.470209921,153.395834041451,6.56905319613767,16.4631746142193,6.27971607877395,0.127146722425984,82.0641209961316,6.56905319613767,153.395834041451,-1.24490983076274
46,225,5,SAT-1,Satellite,563461.437326853,153.528988345665,6.43589889192359,16.2222054632469,6.27971607877395,0.129035395197472,76.9102782587563,6.43589889192359,153.528988345665,-625.256771246658
46,225,6,SAT-1,Satellite,552764.746089485,153.362511111631,6.60237612595733,16.5236893718131,6.27971607877395,0.126681072599646,84.0228552729546,6.60237612595733,153.362511111631,-71.7503014269985
47,230,1,BS1,Terrestrial,140.115630076679,95.7805658688406,43.5558945567353,132.825590747424,223.777328803537,0.842372797080433,78.05597516882,6.47120974984969,153.493677487739,43.5558945567353
47,230,2,BS2,Terrestrial,144.901135010249,107.642971509002,31.6934889165734,193.318418752464,223.777328803537,1.1575582412045,78.0915415162512,6.47225470710944,153.492632530479,31.6934889165734
47,230,3,BS1,Terrestrial,158.604085315624,104.98697388227,34.349486543306,104.754653339703,223.777328803537,1.06810209221858,78.036650158636,6.47064063617901,153.494246601409,34.349486543306
47,230,4,SAT-1,Satellite,560882.265374061,153.489138534293,6.47574870329481,16.2941797848805,6.27971607877395,0.128465422657665,78.2112603635663,6.47574870329481,153.489138534293,-2.48071183940621
47,230,5,SAT-1,Satellite,568191.561007834,153.601599952929,6.36328728465881,16.0913733668616,6.27971607877395,0.130084526982354,74.833672048905,6.36328728465881,153.601599952929,-618.633443622918
47,230,6,SAT-1,Satellite,557551.063432692,153.437397340177,6.52748989741167,16.3878127323217,6.27971607877395,0.127731426219935,80.1568364960613,6.52748989741167,153.437397340177,-62.5928455960349
48,235,1,BS1,Terrestrial,140.115630076679,89.6530015637146,49.6834588618613,151.511340313304,223.777328803537,0.738483760822121,74.3000048460019,6.3427827697771,153.622104467811,49.6834588618613
48,235,2,BS2,Terrestrial,144.901135010249,107.601114479029,31.7353459465468,193.573535379915,223.777328803537,1.15603265892904,74.3346455092095,6.34413217860569,153.620755058983,31.7353459465468
48,235,3,BS1,Terrestrial,158.604085315624,107.300521084468,32.0359393411082,97.7028427172081,223.777328803537,1.14519354084323,74.2811800217534,6.34204816087163,153.622839076717,32.0359393411082
48,235,4,SAT-1,Satellite,569150.027172563,153.616239588701,6.34864764888715,16.065045081945,6.27971607877395,0.130297716704025,74.4511451289858,6.34864764888715,153.616239588701,-9.32651150557595
48,235,5,SAT-1,Satellite,575225.955707796,153.708473856814,6.25641338077409,15.8995540765131,6.27971607877395,0.131653924559859,72.2268608862471,6.25641338077409,153.708473856814,-619.439874837036
48,235,6,SAT-1,Satellite,564651.906707951,153.547320350254,6.41756688733432,16.1891362876412,6.27971607877395,0.129298972825538,76.3569379522995,6.41756688733432,153.547320350254,-69.1962533471794
49,240,1,BS1,Terrestrial,140.115630076679,102.072206467912,37.264253957664,113.640946325961,223.777328803537,0.984580540897939,70.6614601925994,6.18362780310173,153.781259434487,37.264253957664
49,240,2,BS2,Terrestrial,144.901135010249,105.53391719339,33.8025432321859,206.174771948553,223.777328803537,1.08537687074235,70.6949708326759,6.18525262294105,153.779634614647,33.8025432321859
49,240,3,BS1,Terrestrial,158.604085315624,122.723621561786,16.6128388637901,50.9471351934306,223.777328803537,2.19617185494261,70.6432419668157,6.18274320991151,153.782144027677,16.6128388637901
49,240,4,SAT-1,Satellite,579595.019432283,153.774197267133,6.19068997045559,15.7820393145208,6.27971607877395,0.132634233840661,70.8075627498737,6.19068997045559,153.774197267133,-3.51642174420004
49,240,5,SAT-1,Satellite,584481.097553584,153.847113778251,6.11777345933686,15.6520660063889,6.27971607877395,0.133735616248374,69.3505816730294,6.11777345933686,153.847113778251,-615.911068529108
49,240,6,SAT-1,Satellite,573981.046769559,153.689655409218,6.27523182837032,15.9332647664952,6.27971607877395,0.131375378718765,72.6575604919329,6.27523182837032,153.689655409218,-76.8924419481084
50,245,1,BS1,Terrestrial,140.115630076679,106.062765573701,33.2736948518752,101.475361190963,223.777328803537,1.10261903075377,67.1589808564456,5.99714219258863,153.967745045,33.2736948518752
50,245,2,BS2,Terrestrial,144.901135010249,112.7503475303,26.5861128952759,162.208368304872,223.777328803537,1.37956710336267,67.191204821032,5.99901012274432,153.965877114844,26.5861128952759
50,245,3,BS1,Terrestrial,158.604085315624,108.83781219865,30.4986482269258,93.0183445449775,223.777328803537,1.20286664903681,67.1414525769224,5.99612492983027,153.968762307758,30.4986482269258
50,245,4,SAT-1,Satellite,592101.541711227,153.959628208241,6.00525902934686,15.4523508730082,6.27971607877395,0.135464092818464,67.2993661258812,6.00525902934686,153.959628208241,-3.21389254056248
50,245,5,SAT-1,Satellite,595853.078911784,154.014488126045,5.95039911154325,15.355347917312,6.27971607877395,0.136319847925079,66.3671185572475,5.95039911154325,154.014488126045,-622.790310816138
50,245,6,SAT-1,Satellite,585431.52836558,153.861226522699,6.10366071488934,15.6269594091229,6.27971607877395,0.133950478664624,69.0824118258854,6.10366071488934,153.861226522699,-74.1137292757872
51,250,1,BS1,Terrestrial,140.115630076679,99.8072732621627,39.5291871634132,120.546917737929,223.777328803537,0.928175240822136,63.8061080459511,5.78694930465895,154.177937932929,39.5291871634132
51,250,2,BS2,Terrestrial,144.901135010249,84.9813941611905,54.3550662643854,331.514906655358,223.777328803537,0.675014378874298,63.8369357521743,5.78902665777764,154.175860579811,54.3550662643854
51,250,3,BS1,Terrestrial,158.604085315624,110.078054744857,29.2584056807193,89.2400863219301,223.777328803537,1.25379377153597,63.7893287957744,5.78581747832172,154.179069759267,29.2584056807193
51,250,4,SAT-1,Satellite,606541.501798824,154.168914815172,5.79597242241661,15.0836289458158,6.27971607877395,0.138775536075841,63.9403045919055,5.79597242241661,154.168914815172,-1.73735128745201
51,250,5,SAT-1,Satellite,609222.838413982,154.207227884429,5.75765935315974,15.016524801452,6.27971607877395,0.139395680465446,63.3747820250042,5.75765935315974,154.207227884429,-615.044159206978
51,250,6,SAT-1,Satellite,598881.150040852,154.058517245366,5.9063699922223,15.2776751654944,6.27971607877395,0.137012907412272,65.6487364969873,5.9063699922223,154.058517245366,-75.7128591661999
52,255,1,BS1,Terrestrial,140.115630076679,103.287848458381,36.0486119671949,109.934612621169,223.777328803537,1.01777467290792,60.6115084559138,5.55671084105643,154.408176396532,36.0486119671949
52,255,2,BS2,Terrestrial,144.901135010249,88.3022836006201,51.0341768249558,311.260714348923,223.777328803537,0.718938556931676,60.6408739321445,5.55896415560818,154.40592308198,51.0341768249558
52,255,3,BS1,Terrestrial,158.604085315624,110.673221958458,28.6632384671176,87.4274105550675,223.777328803537,1.27978929824639,60.5955143057772,5.55548247429172,154.409404763297,28.6632384671176
52,255,4,SAT-1,Satellite,622779.755654829,154.398394105559,5.56649313202905,14.6835704794741,6.27971607877395,0.142556518923702,60.7392366589379,5.56649313202905,154.398394105559,-5.42094095148568
52,255,5,SAT-1,Satellite,624461.448886876,154.421817017851,5.54307021973705,14.6429911254632,6.27971607877395,0.14295157833461,60.43364624433,5.54307021973705,154.421817017851,-623.651682648592
52,255,6,SAT-1,Satellite,614197.969269449,154.277871894214,5.68701534337396,14.8931199203651,6.27971607877395,0.140550717654689,62.3682755149579,5.68701534337396,154.277871894214,-66.3763918839842
53,260,1,BS1,Terrestrial,140.115630076679,109.993451927622,29.3430084979539,89.4977824284088,223.777328803537,1.25018365110075,57.579476796173,5.30997427020088,154.654912967387,29.3430084979539
53,260,2,BS2,Terrestrial,144.901135010249,102.107850317733,37.2286101078428,227.064539649309,223.777328803537,0.985523010986882,57.6073522207488,5.31237156690284,154.652515670685,37.2286101078428
53,260,3,BS1,Terrestrial,158.604085315624,107.274275015258,32.0621854103174,97.7828309900897,223.777328803537,1.14425675007414,57.5642834583571,5.30866661979587,154.656220617792,32.0621854103174
53,260,4,SAT-1,Satellite,640678.830545509,154.644511853746,5.32037538384191,14.259584554958,6.27971607877395,0.146795208854583,57.7006242447786,5.32037538384191,154.644511853746,-7.16474606867939
53,260,5,SAT-1,Satellite,641435.021599553,154.654757734471,5.31012950311714,14.2420503927052,6.27971607877395,0.1469759364141,57.5805406704271,5.31012950311714,154.654757734471,-612.38297487714
53,260,6,SAT-1,Satellite,631245.370761865,154.515668495087,5.44921874250176,14.4808769476134,6.27971607877395,0.144551928760754,59.2479043590073,5.44921874250176,154.515668495087,-75.1320319955159
54,265,1,BS1,Terrestrial,140.115630076679,107.953715008924,31.3827454166521,95.712252431253,223.777328803537,1.1690108795855,54.7106012659566,5.05006107283884,154.914826164749,31.3827454166521
54,265,2,BS2,Terrestrial,144.901135010249,111.622330033389,27.7141303921869,169.07494246671,223.777328803537,1.32353928700935,54.7369904706667,5.05257273201744,154.912314505571,27.7141303921869
54,265,3,BS1,Terrestrial,158.604085315624,86.846350387042,52.4901100385339,160.070239444729,223.777328803537,0.698997295124327,54.6962074452004,5.04869014953732,154.916197088051,52.4901100385339
54,265,4,SAT-1,Satellite,660102.811058867,154.90393601441,5.06095122317831,13.8185473340102,6.27971607877395,0.151480372164212,54.8251938608966,5.06095122317831,154.90393601441,-4.74126221900642
54,265,5,SAT-1,Satellite,660008.929381268,154.902700594912,5.06218664267661,13.8206330426385,6.27971607877395,0.151457511856855,54.8375367248763,5.06218664267661,154.902700594912,-618.493088286061
54,265,6,SAT-1,Satellite,649886.393770864,154.768453260978,5.19643397661017,14.0481130318998,6.27971607877395,0.149004972281432,56.2903221993149,5.19643397661017,154.768453260978,-67.9646928481393
55,270,1,BS1,Terrestrial,140.115630076679,97.9818305309379,41.354629894638,84.0754357424355,223.777328803537,0.887208520251098,52.0024897258801,4.77999479611583,155.184892441472,41.354629894638
55,270,2,BS2,Terrestrial,144.901135010249,103.177248529753,36.1592118958234,220.543615442486,223.777328803537,1.01466246644485,52.0274214915811,4.78259408549286,155.182293152095,36.1592118958234
55,270,3,BS1,Terrestrial,158.604085315624,89.8768520970499,49.459608328526,100.552472622222,223.777328803537,0.74182604355,51.9888806521423,4.77857507356114,155.186312164027,49.459608328526
55,270,4,BS1,Terrestrial,1684.50877122662,123.653317689855,15.6831427357213,32.1195443292365,223.777328803537,2.32233814309176,52.1106620344019,4.79125703372691,155.173630203861,15.6831427357213
55,270,5,SAT-1,Satellite,680051.19947149,155.162536589444,4.80235064814428,20.0776483444207,6.27971607877395,0.156385747251096,52.216951775122,4.80235064814428,155.162536589444,-620.336859526173
55,270,6,SAT-1,Satellite,669987.173451459,155.033034139158,4.93185309843011,20.4020663304014,6.27971607877395,0.153899021233365,53.4947975415268,4.93185309843011,155.033034139158,-77.2362595901488
56,275,1,BS1,Terrestrial,140.115630076679,103.814332646244,35.5221277793316,108.329507170108,223.777328803537,1.03285491944564,49.4504790938393,4.50246359961963,155.462423637969,35.5221277793316
56,275,2,BS2,Terrestrial,144.901135010249,108.504977822111,30.8314826034646,188.064925240083,223.777328803537,1.18989401409042,49.4740008320112,4.50512691192307,155.459760325665,30.8314826034646
56,275,3,BS1,Terrestrial,158.604085315624,107.565017163009,31.7714432625672,96.8967740728972,223.777328803537,1.15472022131091,49.437629885977,4.50100788034365,155.463879357245,31.7714432625672
56,275,4,SAT-1,Satellite,703006.600722506,155.450892425281,4.51399481230683,12.9092979389972,6.27971607877395,0.162149692633653,49.552446510508,4.51399481230683,155.450892425281,-1.61392586273766
56,275,5,SAT-1,Satellite,701435.051447542,155.431453655092,4.53343358249617,12.9411185146312,6.27971607877395,0.16175098702311,49.7244856429645,4.53343358249617,155.431453655092,-627.759131402684
56,275,6,SAT-1,Satellite,691419.482370568,155.306536623244,4.65835061434399,13.1464853026178,6.27971607877395,0.159224206678863,50.8579140845048,4.65835061434399,155.306536623244,-63.0647648984681
57,280,1,BS1,Terrestrial,140.115630076679,82.1576252939576,57.1788351316183,174.368597949478,223.777328803537,0.641678981866837,47.048277741662,4.21980996472848,155.74507727286,57.1788351316183
57,280,2,BS2,Terrestrial,144.901135010249,116.175898427814,23.1605619977622,141.385284359428,223.777328803537,1.58274837312385,47.0704499185543,4.22251683519397,155.742370402394,23.1605619977622
57,280,3,BS1,Terrestrial,158.604085315624,109.278711093308,30.0577493322676,91.6750706078327,223.777328803537,1.22049171775832,47.0361563938133,4.21832936565809,155.74655787193,30.0577493322676
57,280,4,SAT-1,Satellite,726244.903216303,155.733366320938,4.23152091665071,12.4511352372469,6.27971607877395,0.168116292453626,47.144311987854,4.23152091665071,155.733366320938,-6.02905792951236
57,280,5,SAT-1,Satellite,724040.643290442,155.706963281566,4.25792395602232,12.49362080888,6.27971607877395,0.167544599355606,47.361303902425,4.25792395602232,155.706963281566,-612.579493505123
57,280,6,SAT-1,Satellite,714062.44837078,155.586428263992,4.37845897359614,12.6884686249091,6.27971607877395,0.16497173573928,48.3742644984097,4.37845897359614,155.586428263992,-62.5229823057647
58,285,1,BS2,Terrestrial,295.273297492253,105.79315870461,33.5433017209662,102.297160463499,223.777328803537,1.09376119429719,44.7885146529111,3.93403996896924,156.030847268619,33.5433017209662
58,285,2,BS2,Terrestrial,144.901135010249,106.955107647757,32.3813527778187,98.755558122933,223.777328803537,1.1329859962159,44.8094061168358,3.93677294019261,156.028114297396,32.3813527778187
58,285,3,BS1,Terrestrial,158.604085315624,118.067529577053,21.268930848523,129.917517499281,223.777328803537,1.7224569335292,44.777084547827,3.93254399016453,156.032343247424,21.268930848523
58,285,4,SAT-1,Satellite,750527.15399632,156.01903256217,3.9458546754181,11.9960269347609,6.27971607877395,0.174494330857083,44.8789232945473,3.9458546754181,156.01903256217,-2.51585794612561
58,285,5,SAT-1,Satellite,747756.138994787,155.986904114841,3.97798312274682,12.0467914646561,6.27971607877395,0.17375902115231,45.1254834803244,3.97798312274682,155.986904114841,-618.276900897462
58,285,6,SAT-1,Satellite,737803.574726422,155.870519472148,4.09436776544047,12.231581950809,6.27971607877395,0.171133930291511,46.0370584370403,4.09436776544047,155.870519472148,-67.049280371498
59,290,1,BS1,Terrestrial,140.115630076679,100.95127694321,38.3851834823659,117.05868897829,223.777328803537,0.955833910138183,42.6631872334475,3.64684532858848,156.318041909,38.3851834823659
59,290,2,BS2,Terrestrial,144.901135010249,110.097738104823,29.2387223207529,178.360265208279,223.777328803537,1.25463666777028,42.6828714656134,3.64958972028029,156.315297517308,29.2387223207529
59,290,3,BS1,Terrestrial,158.604085315624,111.482846101452,27.8536143241238,84.9621242661905,223.777328803537,1.31692404548662,42.6524091660874,3.64534197415819,156.31954526343,27.8536143241238
59,290,4,SAT-1,Satellite,775754.212197198,156.306187218267,3.65870001932137,11.5471343551961,6.27971607877395,0.181277763688851,42.7482972869449,3.65870001932137,156.306187218267,-3.29034869018776
59,290,5,SAT-1,Satellite,772478.230809637,156.269429358833,3.69545787875484,11.6041070000306,6.27971607877395,0.180387744866463,43.0130432515037,3.69545787875484,156.269429358833,-618.1819474625
59,290,6,SAT-1,Satellite,762539.205951954,156.156947927151,3.80793931043701,11.7793423902383,6.27971607877395,0.177704206531881,43.83862969247,3.80793931043701,156.156947927151,-71.8636615059833
60,295,1,BS1,Terrestrial,140.115630076679,100.868189654826,38.4682707707501,117.312029761325,223.777328803537,0.953769742364957,40.6640116400971,3.35963270950882,156.605254528079,38.4682707707501
60,295,2,BS2,Terrestrial,144.901135010249,97.5537492308979,41.7827111946779,254.837018755097,223.777328803537,0.878119395277462,40.6825638623108,3.36237633808824,156.6025108995,41.7827111946779
60,295,3,BS1,Terrestrial,158.604085315624,80.2021453674365,59.1343150581393,180.331883438705,223.777328803537,0.620459689480256,40.6538453837976,3.35812863638449,156.606758601204,59.1343150581393
60,295,4,SAT-1,Satellite,801835.748219944,156.593412659982,3.37147457760639,11.1069807729127,6.27971607877395,0.188461539253724,40.7441569589968,3.37147457760639,156.593412659982,-6.73464693352227
60,295,5,SAT-1,Satellite,798112.2475456,156.552983878046,3.41190335954184,11.1683912846165,6.27971607877395,0.187425264711839,41.0186880227107,3.41190335954184,156.552983878046,-618.529999855519
60,295,6,SAT-1,Satellite,788174.578169671,156.444152830195,3.52073440739318,11.3345924805988,6.27971607877395,0.184677013885378,41.7708414960346,3.52073440739318,156.444152830195,-67.388138560504
61,300,1,BS1,Terrestrial,140.115630076679,105.780098611251,33.5563618143246,102.336970030467,223.777328803537,1.09333571600232,38.7826862485431,3.07355619929263,156.891331038296,33.5563618143246
61,300,2,BS2,Terrestrial,144.901135010249,113.121760993766,26.2146994318097,159.9482739764,223.777328803537,1.3990606040335,38.8001812762065,3.07628907987188,156.888598157716,26.2146994318097
61,300,3,BS1,Terrestrial,158.604085315624,105.293974541517,34.0424858840588,103.818801825945,223.777328803537,1.07773026112701,38.7730917215758,3.07205687618898,156.892830361399,34.0424858840588
61,300,4,SAT-1,Satellite,828689.888057813,156.879545159778,3.08534207781071,10.6775282483248,6.27971607877395,0.196041503636674,38.8581981901924,3.08534207781071,156.879545159778,-10.3565707732998
61,300,5,SAT-1,Satellite,824571.966241952,156.836275682162,3.12861155542677,10.7418840742822,6.27971607877395,0.194866997116102,39.136346342969,3.12861155542677,156.836275682162,-614.602575166283
61,300,6,SAT-1,Satellite,814623.576161976,156.730843868766,3.23404336882186,10.8995742307267,6.27971607877395,0.192047748711474,39.8253979104395,3.23404336882186,156.730843868766,-62.0327226718207
62,305,1,BS1,Terrestrial,140.115630076679,85.9749771692136,53.3614832563623,162.727504635831,223.777328803537,0.687582991284512,37.0110817960493,2.78955009170937,157.175337145879,53.3614832563623
62,305,2,BS2,Terrestrial,144.901135010249,104.525414761912,34.8110456636641,212.32340278414,223.777328803537,1.05394565963622,37.0275925094628,2.79226414437193,157.172623093216,34.8110456636641
62,305,3,BS1,Terrestrial,158.604085315624,112.933668081504,26.4027923440722,80.5463930607471,223.777328803537,1.38912073092315,37.0020198955606,2.78805995633269,157.176827281256,26.4027923440722
62,305,4,SAT-1,Satellite,856242.707497944,157.163642084083,2.80124515350482,10.2602548703758,6.27971607877395,0.204014297828839,37.0822826033601,2.80124515350482,157.163642084083,-4.68075713938154
62,305,5,SAT-1,Satellite,851779.22473719,157.118245235035,2.84664200255298,10.326313879844,6.27971607877395,0.202709187158299,37.3595565210985,2.84664200255298,157.118245235035,-617.460708811732
62,305,6,SAT-1,Satellite,841808.297342152,157.015968412032,2.94891882555658,10.4760066096388,6.27971607877395,0.199812654852537,37.9940738704739,2.94891882555658,157.015968412032,-74.8290845886459
63,310,1,BS2,Terrestrial,295.273297492253,93.6829445673245,45.6535158582514,139.222126105436,223.777328803537,0.803670131549586,35.3413721376804,2.50836016140593,157.456527076182,45.6535158582514
63,310,2,BS2,Terrestrial,144.901135010249,109.91498742114,29.4214730044357,89.7367867523087,223.777328803537,1.2468539207962,35.3569684475472,2.51104893530015,157.453838302288,29.4214730044357
63,310,3,BS1,Terrestrial,158.604085315624,107.245100202546,32.0913602230298,195.743490676392,223.777328803537,1.14321721774898,35.3328053070321,2.50688276849871,157.45800446909,32.0913602230298
63,310,4,SAT-1,Satellite,884427.643472379,157.444950536891,2.51993670069726,9.85622826051056,6.27971607877395,0.212377254016256,35.4085704862974,2.51993670069726,157.444950536891,-6.08898608796986
63,310,5,SAT-1,Satellite,879663.411937586,157.398034942821,2.56685229476739,9.92296991725855,6.27971607877395,0.210948809719153,35.6817397727335,2.56685229476739,157.398034942821,-622.617253799634
63,310,6,SAT-1,Satellite,869658.500573246,157.298679297783,2.66620793980576,10.0651612144488,6.27971607877395,0.207968719857139,36.2688779518427,2.66620793980576,157.298679297783,-76.4244831040798
64,315,1,BS1,Terrestrial,140.115630076679,109.620685305857,29.7157751197185,90.6332795780674,223.777328803537,1.23452075134711,33.7661185131569,2.23057238128621,157.734314856302,29.7157751197185
64,315,2,BS2,Terrestrial,144.901135010249,102.215847030945,37.1206133946306,113.202993720524,223.777328803537,0.988389624023551,33.780866708918,2.23323080389054,157.731656433698,37.1206133946306
64,315,3,BS1,Terrestrial,158.604085315624,108.447859926684,30.8886004988917,94.2065025815626,223.777328803537,1.18769576765571,33.7580111022087,2.22911053743542,157.735776700153,30.8886004988917
64,315,4,BS2,Terrestrial,1289.96657807501,135.945705225188,3.39075520038793,15.3346097156154,223.777328803537,7.29647943291514,33.8296067322658,2.24200870849614,157.722878529092,3.39075520038793
64,315,5,SAT-1,Satellite,908160.893487678,157.674960304676,2.28992693291258,14.2991547521908,6.27971607877395,0.219583471457005,34.0963893553645,2.28992693291258,157.674960304676,-620.118604194865
64,315,6,SAT-1,Satellite,898110.997649494,157.578304660158,2.38658257743049,14.5018993328213,6.27971607877395,0.216513572969074,34.6421615349815,2.38658257743049,157.578304660158,-59.3645126834591
65,320,1,BS1,Terrestrial,140.115630076679,79.1836042442845,60.1528561812914,183.437951761473,223.777328803537,0.60995373818423,32.2783184923731,1.95663858500239,158.008248652586,60.1528561812914
65,320,2,BS2,Terrestrial,144.901135010249,118.185936508341,21.1505239172353,129.200771597827,223.777328803537,1.73201232497362,32.2922808788447,1.95926273964702,158.005624497941,21.1505239172353
65,320,3,BS1,Terrestrial,158.604085315624,103.805768113526,35.5306923120496,108.355617655171,223.777328803537,1.03260603209186,32.2706369614203,1.9551944684595,158.009692769129,35.5306923120496
65,320,4,SAT-1,Satellite,942460.681595688,157.996969189819,1.96791804776964,9.0905304764532,6.27971607877395,0.230265846239301,32.3383710427591,1.96791804776964,157.996969189819,-8.76204899420432
65,320,5,SAT-1,Satellite,937214.414346062,157.948483558694,2.01640367889451,9.15632137029519,6.27971607877395,0.228611317610095,32.5971974678858,2.01640367889451,157.948483558694,-613.502850008267
65,320,6,SAT-1,Satellite,927109.028449247,157.854320577877,2.11056665971154,9.28490355976433,6.27971607877395,0.225445388791715,33.1066865783037,2.11056665971154,157.854320577877,-61.0895732705417
66,325,1,BS1,Terrestrial,140.115630076679,82.7629226952567,56.5735377303192,172.522729163247,223.777328803537,0.648544484222107,30.8714288356062,1.68689894407029,158.277988293518,56.5735377303192
66,325,2,BS2,Terrestrial,144.901135010249,109.542200683977,29.794259741599,181.74473564041,223.777328803537,1.23127268591862,30.8846635808338,1.68948587601454,158.275401361574,29.794259741599
66,325,3,BS1,Terrestrial,158.604085315624,109.688206995515,29.6482534300608,90.4275914760472,223.777328803537,1.23732881275961,30.8641418444457,1.68547420934948,158.279413028239,29.6482534300608
66,325,4,SAT-1,Satellite,972206.878860729,158.266878162391,1.69800907519721,8.72951194427534,6.27971607877395,0.239788742633815,30.9283017061169,1.69800907519721,158.266878162391,-7.75416150475766
66,325,5,SAT-1,Satellite,966772.506779633,158.218190197896,1.74669703969235,8.79397711931947,6.27971607877395,0.238030946012586,31.1781364413102,1.74669703969235,158.218190197896,-621.647473799082
66,325,6,SAT-1,Satellite,956601.64747381,158.126326859995,1.83856037759301,8.91639860653511,6.27971607877395,0.234762798893989,31.6556623357674,1.83856037759301,158.126326859995,-65.2257456388453
67,330,1,BS2,Terrestrial,295.273297492253,116.370100090488,22.966360335088,70.1033293408809,223.777328803537,1.59605350350344,29.5393696481423,1.42160135820578,158.543285879383,22.966360335088
67,330,2,BS2,Terrestrial,144.901135010249,95.4588294082916,43.8776310172842,133.806694032938,223.777328803537,0.836196314470082,29.551930781503,1.42414890788336,158.540738329705,43.8776310172842
67,330,3,BS1,Terrestrial,158.604085315624,101.914791729538,37.4216686960376,228.241797590443,223.777328803537,0.980439740511875,29.5324480631443,1.42019722615404,158.544690011434,37.4216686960376
67,330,4,SAT-1,Satellite,1002380.2154775,158.532354093588,1.43253314400073,8.38314320322957,6.27971607877395,0.249696163142989,29.5933004031066,1.43253314400073,158.532354093588,0.299872689332716
67,330,5,SAT-1,Satellite,996788.922319265,158.483768427655,1.48111880993284,8.44588227813403,6.27971607877395,0.247841329536873,29.8335067460343,1.48111880993284,158.483768427655,-613.367872669609
67,330,6,SAT-1,Satellite,986543.139410326,158.39402598564,1.57086125194806,8.56253573674181,6.27971607877395,0.244464812443652,30.2827594236219,1.57086125194806,158.39402598564,-73.9514556884878
68,335,1,BS1,Terrestrial,140.115630076679,96.8906165998716,42.4458438257043,129.44062782961,223.777328803537,0.864401434679798,28.2765155662104,1.16091798792317,158.803969249665,42.4458438257043
68,335,2,BS2,Terrestrial,144.901135010249,102.988441871605,36.3480185539712,221.694885772049,223.777328803537,1.00939328403647,28.2884530797368,1.16342464904579,158.801462588543,36.3480185539712
68,335,3,BS1,Terrestrial,158.604085315624,120.125371877029,19.2110885485466,58.7426671059592,223.777328803537,1.90472564345683,28.2699324108165,1.15953532246411,158.805351915124,19.2110885485466
68,335,4,SAT-1,Satellite,1032941.86823943,158.793221991136,1.17166524645219,8.05130325076279,6.27971607877395,0.259987560737615,28.327723837927,1.17166524645219,158.793221991136,-12.2025283393154
68,335,5,SAT-1,Satellite,1027222.09884413,158.744991448161,1.2198957894268,8.11201565003017,6.27971607877395,0.258041747357436,28.5579612583128,1.2198957894268,158.744991448161,-618.023803313136
68,335,6,SAT-1,Satellite,1016892.4739946,158.657205033082,1.30768220450665,8.22326677344879,6.27971607877395,0.254550746144255,28.9821078654021,1.30768220450665,158.657205033082,-69.8291748906885
69,340,1,BS1,Terrestrial,140.115630076679,114.648614337298,24.6878460882775,75.3312528601337,223.777328803537,1.48528877661852,27.0776783315668,0.904959221778341,159.05992801581,24.6878460882775
69,340,2,BS2,Terrestrial,144.901135010249,82.5268843334069,56.809576092169,346.485067369322,223.777328803537,0.645849850045661,27.0890383489879,0.907424021583495,159.057463216005,56.809576092169
69,340,3,BS1,Terrestrial,158.604085315624,112.189033792021,27.1474266335553,82.8124102559538,223.777328803537,1.35110986452329,27.0714086994445,0.903598594762286,159.061288642826,27.1474266335553
69,340,4,SAT-1,Satellite,1063856.9605899,159.04936915875,0.915518078838716,7.73375649568203,6.27971607877395,0.270662606728485,27.1263666027714,0.915518078838716,159.04936915875,-5.15937184640529
69,340,5,SAT-1,Satellite,1058034.66868623,159.001702340013,0.963184897575587,7.79222444324097,6.27971607877395,0.268631724890874,27.3465128517599,0.963184897575587,159.001702340013,-613.804754980939
69,340,6,SAT-1,Satellite,1047612.80525229,158.915720335965,1.04916690162378,7.89841296391352,6.27971607877395,0.265020163226245,27.7482842139393,1.04916690162378,158.915720335965,-70.6624360475071
70,345,1,BS1,Terrestrial,140.115630076679,111.494382218312,27.8420782072634,84.9270021813762,223.777328803537,1.31746866753652,25.9380839953941,0.653785390572523,159.311101847016,27.8420782072634
70,345,2,BS2,Terrestrial,144.901135010249,107.804923411992,31.5315370135838,192.331345344535,223.777328803537,1.16349900429735,25.948908982625,0.656207789419767,159.308679448169,31.5315370135838
70,345,3,BS1,Terrestrial,158.604085315624,109.817182137451,29.5192782881244,90.0347103273844,223.777328803537,1.24272809891784,25.9321049405142,0.65244713621729,159.312440101371,29.5192782881244
70,345,4,SAT-1,Satellite,1095094.13072282,159.300733396674,0.664153840914452,7.4301796302059,6.27971607877395,0.281721142301191,25.9844385572184,0.664153840914452,159.300733396674,-9.23418784558945
70,345,5,SAT-1,Satellite,1089193.0100002,159.253801281307,0.711085956281153,7.48625350286832,6.27971607877395,0.279610981931434,26.19453055521,0.711085956281153,159.253801281307,-613.43127230486
70,345,6,SAT-1,Satellite,1078671.01665704,159.169484562634,0.795402674954062,7.58769452501322,6.27971607877395,0.275872820923956,26.5762915871022,0.795402674954062,159.169484562634,-78.5633742570868
71,350,1,BS1,Terrestrial,140.115630076679,85.4141600380911,53.9223003874848,164.437725897855,223.777328803537,0.680431840022353,24.8533471127972,0.407416534285062,159.557470703303,53.9223003874848
71,350,2,BS2,Terrestrial,144.901135010249,116.732561836466,22.60389858911,138.007566661771,223.777328803537,1.62148593889761,24.8636761108209,0.409796341919389,159.555090895669,22.60389858911
71,350,3,BS1,Terrestrial,158.604085315624,102.202016337958,37.1344440876174,113.245162663246,223.777328803537,0.988021578762604,24.8476375268062,0.406100794637098,159.558786442951,37.1344440876174
71,350,4,SAT-1,Satellite,1126625.14392914,159.547293161428,0.417594076160583,7.1401838291561,6.27971607877395,0.293163137393908,24.8975391154084,0.417594076160583,159.547293161428,-10.0813823199145
71,350,5,SAT-1,Satellite,1120666.84121851,159.501234810858,0.463652426730022,7.19376965173271,6.27971607877395,0.290979388312839,25.0977281272625,0.463652426730022,159.501234810858,-621.886692068176
71,350,6,SAT-1,Satellite,1110037.31143235,159.418455907771,0.546431329817011,7.2907551552464,6.27971607877395,0.287108625698171,25.4615354457957,0.546431329817011,159.418455907771,-68.582673107699
72,355,1,BS1,Terrestrial,140.115630076679,88.150599063473,51.1858613621028,156.092920137139,223.777328803537,0.716808067293933,23.8194436115239,0.165840506092934,159.799046731495,51.1858613621028
72,355,2,BS2,Terrestrial,144.901135010249,99.5442020145228,39.792258411053,242.698149301222,223.777328803537,0.922039700128899,23.8293124781425,0.168177812112276,159.796709425476,39.792258411053
72,355,3,BS1,Terrestrial,158.604085315624,87.2992786515767,52.0371817739992,158.689029323463,223.777328803537,0.705081283052662,23.8139840957993,0.164547268825828,159.800339968762,52.0371817739992
72,355,4,SAT-1,Satellite,1158424.54649189,159.789059399375,0.175827838213138,6.86333295061824,6.27971607877395,0.304988656092532,23.8616301488625,0.175827838213138,159.789059399375,-8.39204176225951
72,355,5,SAT-1,Satellite,1152428.8568784,159.743986860311,0.220900377277133,6.91438179752276,6.27971607877395,0.302736926340197,24.0521478454706,0.220900377277133,159.743986860311,-624.296767960885
72,355,6,SAT-1,Satellite,1141684.84579745,159.662629099622,0.302258137966305,7.00718221288166,6.27971607877395,0.29872759539156,24.3997971567992,0.302258137966305,159.662629099622,-66.4950527429024
73,360,1,BS1,Terrestrial,140.115630076679,109.109555231111,30.2269051944644,92.1904177194399,223.777328803537,1.21366913362163,22.8326835056876,-0.0709803307924801,160.035867568381,30.2269051944644
73,360,2,BS2,Terrestrial,144.901135010249,110.176061566911,29.1603988586651,177.883139412164,223.777328803537,1.2580019081237,22.8421251567847,-0.0686852144632439,160.033572452052,29.1603988586651
73,360,3,BS1,Terrestrial,158.604085315624,103.834018535419,35.502441890157,108.269491327667,223.777328803537,1.03342745061163,22.8274562432036,-0.0722512010646597,160.037138438653,35.502441890157
73,360,4,SAT-1,Satellite,1190469.35786866,160.026068797201,-0.0611815596131748,6.59915834819888,6.27971607877395,0.317197827734496,22.8730086939491,-0.0611815596131748,160.026068797201,-7.55715309694494
73,360,5,SAT-1,Satellite,1184454.40220475,159.982071298281,-0.0171840606929834,6.64765741777591,6.27971607877395,0.314883659216149,23.0541415182478,-0.0171840606929834,159.982071298281,-612.692640612849
73,360,6,SAT-1,Satellite,1173589.40215107,159.902027951277,0.0628592863113226,6.73652320340582,6.27971607877395,0.310729827497122,23.3872067823306,0.0628592863113226,159.902027951277,-68.3288913328468
74,365,1,BS1,Terrestrial,140.115630076679,92.205937803504,47.1305226220719,143.726198657766,223.777328803537,0.778484823551151,21.8896842432828,-0.30310358875343,160.267990826342,47.1305226220719
74,365,2,BS2,Terrestrial,144.901135010249,110.392103792005,28.944356633571,88.2835609987235,223.777328803537,1.26737824274427,21.8987288873354,-0.300850175302855,160.265737412891,28.944356633571
74,365,3,BS1,Terrestrial,158.604085315624,97.1388554384858,42.1976049870901,128.683660403472,223.777328803537,0.869486180692681,21.8846728737386,-0.304352324616389,160.269239562205,42.1976049870901
74,365,4,BS2,Terrestrial,1289.96657807501,132.612527374311,6.72393305126448,23.058059954904,223.777328803537,4.85247521346531,21.9282802662948,-0.293490985748747,160.258378223337,6.72393305126448
74,365,5,SAT-1,Satellite,1216721.18336998,160.215525755818,-0.250638518230005,9.58970396171543,6.27971607877395,0.327419704708518,22.1003501393913,-0.250638518230005,160.215525755818,-610.369825251811
74,365,6,SAT-1,Satellite,1205729.09880528,160.136699214438,-0.171811976850194,9.71744872702091,6.27971607877395,0.323115472753265,22.4202160868149,-0.171811976850194,160.136699214438,-75.0699871143803
75,370,1,BS1,Terrestrial,140.115630076679,97.6580706032359,41.67838982234,127.100399580506,223.777328803537,0.880317172652927,20.9873451960155,-0.530602329650122,160.495489567238,41.67838982234
75,370,2,BS2,Terrestrial,144.901135010249,87.3741290954404,51.9623313301354,316.921544180714,223.777328803537,0.706096928127852,20.9960205578586,-0.52838999638962,160.493277233978,51.9623313301354
75,370,3,BS1,Terrestrial,158.604085315624,118.647662419313,20.6887980062629,63.2036458714828,223.777328803537,1.77028813542309,20.9825346964455,-0.531829239594174,160.496716477182,20.6887980062629
75,370,4,SAT-1,Satellite,1255214.04402633,160.486060164934,-0.521172927345219,6.10687026377926,6.27971607877395,0.342767834014741,21.0243333005218,-0.521172927345219,160.486060164934,-3.0140644990268
75,370,5,SAT-1,Satellite,1249209.0101816,160.44440653048,-0.479519292892093,6.15033974560493,6.27971607877395,0.340345213355163,21.1876831706431,-0.479519292892093,160.44440653048,-611.681559726416
75,370,6,SAT-1,Satellite,1238084.1327792,160.366707525046,-0.401820287457298,6.23201536067649,6.27971607877395,0.335884713335724,21.4955724172667,-0.401820287457298,160.366707525046,-67.1460669453361
76,375,1,BS1,Terrestrial,140.115630076679,110.081675233282,29.2547851922935,89.2290586204525,223.777328803537,1.25394872625186,20.1228235974221,-0.753561361163747,160.718448598752,29.2547851922935
76,375,2,BS2,Terrestrial,144.901135010249,115.085005568923,24.2514548566529,148.010409364052,223.777328803537,1.51190264093605,20.1311551289019,-0.751389381515423,160.716276619104,24.2514548566529
76,375,3,BS1,Terrestrial,158.604085315624,89.1864310176383,50.1500294079376,152.934146676103,223.777328803537,0.731613356687021,20.1182001696169,-0.75476681209355,160.719654049682,50.1500294079376
76,375,4,SAT-1,Satellite,1287878.0197923,160.709198993505,-0.744311755917067,5.87775314013836,6.27971607877395,0.356129058675536,20.1583150283785,-0.744311755917067,160.709198993505,-10.3424520260327
76,375,5,SAT-1,Satellite,1281899.5679698,160.668784393682,-0.703897156094115,5.9187824973583,6.27971607877395,0.353660350563467,20.3132981194164,-0.703897156094115,160.668784393682,-622.76225427029
76,375,6,SAT-1,Satellite,1270636.55223897,160.592131259747,-0.62724402215855,5.99716999952457,6.27971607877395,0.349037744984817,20.6102938701267,-0.62724402215855,160.592131259747,-73.1386484893663
77,380,1,BS1,Terrestrial,140.115630076679,110.502679412676,28.8337810129002,87.9467922744329,223.777328803537,1.27223132883149,19.2935120912799,-0.972074215343412,160.936961452932,28.8337810129002
77,380,2,BS2,Terrestrial,144.901135010249,109.814749293874,29.5217111317023,90.0421210809832,223.777328803537,1.24262581843376,19.3015231675892,-0.969941784998582,160.934829022587,29.5217111317023
77,380,3,BS1,Terrestrial,158.604085315624,111.708533492366,27.6279269332103,84.275039862592,223.777328803537,1.32766077102069,19.2890630567148,-0.973258618250952,160.938145855839,27.6279269332103
77,380,4,BS2,Terrestrial,1289.96657807501,138.233802067618,1.10265835795803,10.9677281560814,223.777328803537,10.2016263358723,19.3276089622787,-0.963000680426802,160.927887918015,1.10265835795803
77,380,5,SAT-1,Satellite,1314776.21558613,160.888741151422,-0.923853913833454,8.54696454179094,6.27971607877395,0.36736528202901,19.4745808477116,-0.923853913833454,160.888741151422,-618.609427008431
77,380,6,SAT-1,Satellite,1303370.05535329,160.813059149331,-0.84817191174244,8.65989132261364,6.27971607877395,0.362574762478582,19.7616459825368,-0.84817191174244,160.813059149331,-62.12755170785
78,385,1,BS1,Terrestrial,140.115630076679,88.5171428210485,50.8193176045273,154.975142831522,223.777328803537,0.721978133766951,18.4970179519372,-1.18624069152901,161.151127929117,50.8193176045273
78,385,2,BS2,Terrestrial,144.901135010249,102.687932445347,36.6485279802287,223.52730031652,223.777328803537,1.00111855906041,18.5047300532339,-1.1841469497765,161.149034187365,36.6485279802287
78,385,3,BS1,Terrestrial,158.604085315624,87.1447149959639,52.191745429612,159.160372930018,223.777328803537,0.702993228414748,18.492731654463,-1.18740448978963,161.152291727378,52.191745429612
78,385,4,SAT-1,Satellite,1353711.46412462,161.142226506728,-1.17733926913988,5.45107298275101,6.27971607877395,0.384004892164964,18.5298140493503,-1.17733926913988,161.142226506728,-6.77809711429737
78,385,5,SAT-1,Satellite,1347823.80663098,161.104366831353,-1.13947959376509,5.48743722579223,6.27971607877395,0.381460161965214,18.66912688213,-1.13947959376509,161.104366831353,-623.586471141402
78,385,6,SAT-1,Satellite,1336269.81257523,161.029587519338,-1.06470028174959,5.5597907611332,6.27971607877395,0.37649594793348,18.9471200626925,-1.06470028174959,161.029587519338,-70.7028225312872
79,390,1,BS1,Terrestrial,140.115630076679,107.741868760751,31.5945916648247,96.3578256483289,223.777328803537,1.16117880046528,17.7311439699145,-1.39616486517727,161.361052102766,31.5945916648247
79,390,2,BS2,Terrestrial,144.901135010249,111.266849517238,28.0696109083382,171.239521365225,223.777328803537,1.30680888979045,17.7385768483675,-1.39410891223892,161.358996149827,28.0696109083382
79,390,3,BS1,Terrestrial,158.604085315624,85.761281119371,53.5751793062049,163.379174216306,223.777328803537,0.684840432928334,17.7270096861636,-1.39730852501728,161.362195762606,53.5751793062049
79,390,4,SAT-1,Satellite,1386853.91045512,161.352318678641,-1.3874314410524,5.25253347351504,6.27971607877395,0.398519819717367,17.7627254916869,-1.3874314410524,161.352318678641,-6.80754777762573
79,390,5,SAT-1,Satellite,1381028.53126701,161.315757389278,-1.35087015168989,5.2866889061882,6.27971607877395,0.395945123700103,17.8947238769075,-1.35087015168989,161.315757389278,-616.274119693488
79,390,6,SAT-1,Satellite,1369322.3096277,161.241818049081,-1.27693081149317,5.35627140438357,6.27971607877395,0.390801461481497,18.1644131887245,-1.27693081149317,161.241818049081,-72.5360797510015
80,395,1,BS1,Terrestrial,140.115630076679,112.111579343427,27.2248810821486,83.0481592689959,223.777328803537,1.34727446564297,16.993870951212,-1.60195348062373,161.566840718212,27.2248810821486
80,395,2,BS2,Terrestrial,144.901135010249,83.7946131204617,55.5418473051142,169.376566086914,223.777328803537,0.660591172596771,17.0010427839784,-1.5999343916929,161.564821629281,55.5418473051142
80,395,3,BS1,Terrestrial,158.604085315624,104.959040705117,34.3774197204592,104.839805223075,223.777328803537,1.06723456957684,16.9898788084754,-1.60307748338278,161.567964720971,34.3774197204592
80,395,4,BS2,Terrestrial,1289.96657807501,137.597360634883,1.73909979069333,12.0954287435628,223.777328803537,9.25049179933503,17.0243171827568,-1.59338384430731,161.558271081896,1.73909979069333
80,395,5,SAT-1,Satellite,1414377.7762265,161.523012845477,-1.55812560788874,7.64289946585479,6.27971607877395,0.410820272255905,17.1493352993156,-1.55812560788874,161.523012845477,-607.696330264129
80,395,6,SAT-1,Satellite,1402515.20874181,161.449855958331,-1.48496872074242,7.74333999838744,6.27971607877395,0.405491433934304,17.4114098483333,-1.48496872074242,161.449855958331,-70.3436068791945
81,400,1,BS1,Terrestrial,140.115630076679,104.060592012681,35.2758684128944,107.578748446703,223.777328803537,1.04006289362253,16.2833417506541,-1.80371465975458,161.768601897343,35.2758684128944
81,400,2,BS2,Terrestrial,144.901135010249,108.962651499235,30.373808926341,185.275974747527,223.777328803537,1.20780543245543,16.2902692795116,-1.80173149631662,161.766618733905,30.373808926341
81,400,3,BS1,Terrestrial,158.604085315624,89.6494186345251,49.6870417910507,151.522266445849,223.777328803537,0.738430509431137,16.2794826518616,-1.80481949562937,161.769706733218,49.6870417910507
81,400,4,SAT-1,Satellite,1453531.24248533,161.760191790642,-1.79530455305405,4.88271026754882,6.27971607877395,0.428704260180377,16.3127256812336,-1.79530455305405,161.760191790642,-7.51730449105349
81,400,5,SAT-1,Satellite,1447860.00086735,161.726235776159,-1.76134853857076,4.91271778928279,6.27971607877395,0.426085678581232,16.4310853500898,-1.76134853857076,161.726235776159,-619.143161213472
81,400,6,SAT-1,Satellite,1435837.22596033,161.653808546217,-1.68892130862889,4.97719474834951,6.27971607877395,0.420565961100636,16.6861651544271,-1.68892130862889,161.653808546217,-76.6646362500281
82,405,1,BS1,Terrestrial,140.115630076679,110.591979077564,28.7444813480121,87.6748296893472,223.777328803537,1.27617772168155,15.5978467434384,-2.00155687026282,161.966444107851,28.7444813480121
82,405,2,BS2,Terrestrial,144.901135010249,115.003268827464,24.333191598112,148.507078061983,223.777328803537,1.50684621718931,15.6045454019234,-1.99960868917711,161.964495926765,24.333191598112
82,405,3,BS1,Terrestrial,158.604085315624,102.57640085162,36.7600595739557,112.103696467522,223.777328803537,0.998081846785353,15.5941122987997,-2.00264303327276,161.967530270861,36.7600595739557
82,405,4,SAT-1,Satellite,1487045.45746304,161.958189263578,-1.99330202599012,4.71053490436613,6.27971607877395,0.444373884372336,15.6262356269314,-1.99330202599012,161.958189263578,-13.800041685317
82,405,5,SAT-1,Satellite,1481464.62736751,161.925530097853,-1.96064286026487,4.7386068198758,6.27971607877395,0.441741375153703,15.7382450936532,-1.96064286026487,161.925530097853,-619.822209145531
82,405,6,SAT-1,Satellite,1469278.02256572,161.853784019817,-1.88889678222841,4.80072980995221,6.27971607877395,0.436025099472425,15.9868895495514,-1.88889678222841,161.853784019817,-71.1021330829572
83,410,1,BS1,Terrestrial,140.115630076679,113.290472882276,26.0459875432998,79.4608961876423,223.777328803537,1.40809718704342,14.9358106312371,-2.19558810692826,162.160475344517,26.0459875432998
83,410,2,BS2,Terrestrial,144.901135010249,113.914004065379,25.4224563601973,77.5644876585287,223.777328803537,1.44252437912501,14.9422946601962,-2.19367396766876,162.158561205257,25.4224563601973
83,410,3,BS1,Terrestrial,158.604085315624,109.329662949143,30.0067974764327,91.5198454721414,223.777328803537,1.2225617714338,14.9321930960714,-2.19665609088713,162.161543328475,30.0067974764327
83,410,4,BS2,Terrestrial,1289.96657807501,140.097912009664,-0.761451584088348,8.06979148654515,223.777328803537,13.8651245931598,14.9632664954182,-2.18748427966202,162.15237151725,-0.761451584088348
83,410,5,SAT-1,Satellite,1515181.94336552,162.121000093136,-2.15611285554772,6.85876973397711,6.27971607877395,0.457787352713225,15.0692197485322,-2.15611285554772,162.121000093136,-624.623377898001
83,410,6,SAT-1,Satellite,1502828.10891967,162.049890560651,-2.08500332306221,6.9486045537072,6.27971607877395,0.451868863038379,15.3119348996627,-2.08500332306221,162.049890560651,-69.2647616259459
84,415,1,BS1,Terrestrial,140.115630076679,84.5453503644559,54.79111006112,167.087177322006,223.777328803537,0.669642435733653,14.2957804771085,-2.38591524748284,162.350802485071,54.79111006112
84,415,2,BS2,Terrestrial,144.901135010249,81.2890499463463,58.0474104792296,354.034679849608,223.777328803537,0.63207742500988,14.3020630295828,-2.38403421786592,162.348921455454,58.0474104792296
84,415,3,BS1,Terrestrial,158.604085315624,106.151004395301,33.1854560302744,101.206402118529,223.777328803537,1.10554927415292,14.2922726953767,-2.38696554279866,162.351852780387,33.1854560302744
84,415,4,SAT-1,Satellite,1554379.48330601,162.342845475373,-2.37795823778444,4.38955676456507,6.27971607877395,0.476867894686414,14.3223605855931,-2.37795823778444,162.342845475373,-6.31464345527286
84,415,5,SAT-1,Satellite,1549003.01555387,162.31274963493,-2.34786239734191,4.41403354589088,6.27971607877395,0.474223557923182,14.4225370736433,-2.34786239734191,162.31274963493,-616.423741053873
84,415,6,SAT-1,Satellite,1536478.75920682,162.242235586345,-2.27734834875673,4.47180328983291,6.27971607877395,0.468097221021291,14.6597818726786,-2.27734834875673,162.242235586345,-64.6882528770396
85,420,1,BS1,Terrestrial,140.115630076679,108.478517102417,30.8579433231587,94.1130890030263,223.777328803537,1.18887463568612,13.6764148651973,-2.5726435513568,162.537530788945,30.8579433231587
85,420,2,BS2,Terrestrial,144.901135010249,105.351646906286,33.9848135192902,103.642997989578,223.777328803537,1.07955835485403,13.6825081015422,-2.57079471202718,162.535681949615,33.9848135192902
85,420,3,BS1,Terrestrial,158.604085315624,112.126807944303,27.2096524812731,83.0018071656046,223.777328803537,1.34802684691587,13.6730102182618,-2.57367664251188,162.5385638801,27.2096524812731
85,420,4,BS2,Terrestrial,1289.96657807501,139.693233289488,-0.356772863911971,8.64717437660924,223.777328803537,12.9393324950668,13.7021721361058,-2.56482922462328,162.529716462212,-0.356772863911971
85,420,5,SAT-1,Satellite,1582919.61291093,162.500881573975,-2.53599433638703,6.39417316222233,6.27971607877395,0.49104989178862,13.7968367782035,-2.53599433638703,162.500881573975,-619.799165034108
85,420,6,SAT-1,Satellite,1570221.93575988,162.430925172159,-2.46603793457047,6.47780614209633,6.27971607877395,0.484710096367728,14.0290284969328,-2.46603793457047,162.430925172159,-72.9455090086628
86,425,1,BS1,Terrestrial,140.115630076679,80.0841600491389,59.252300376437,180.69168277211,223.777328803537,0.619224209356022,13.0764740853831,-2.75587627517294,162.720763512761,59.252300376437
86,425,2,BS2,Terrestrial,144.901135010249,105.633880825716,33.7025795998594,102.782672303236,223.777328803537,1.08859462295033,13.0823892594854,-2.75405872307218,162.71894596066,33.7025795998594
86,425,3,BS1,Terrestrial,158.604085315624,110.238944123282,29.0975163022936,88.7500415317827,223.777328803537,1.2607167554023,13.0731664455377,-2.75689263876276,162.721779876351,29.0975163022936
86,425,4,BS2,Terrestrial,1289.96657807501,140.316660349809,-0.980199924232892,7.7695782127448,223.777328803537,14.4008672463368,13.1014574705911,-2.74820057610287,162.713087813691,-0.980199924232892
86,425,5,SAT-1,Satellite,1616924.13841754,162.685497260202,-2.72061002261378,6.17758565435859,6.27971607877395,0.508266208688122,13.1908608798097,-2.72061002261378,162.685497260202,-616.06163640704
86,425,6,SAT-1,Satellite,1604050.22180718,162.616063603275,-2.65117636568621,6.25834552049532,6.27971607877395,0.50170736484656,13.4183797975322,-2.65117636568621,162.616063603275,-67.9734247036609
87,430,1,BS2,Terrestrial,295.273297492253,112.985972586078,26.3504878394976,80.3872554370189,223.777328803537,1.39187068638548,12.49481124869,-2.93571438346092,162.900601621049,26.3504878394976
87,430,2,BS2,Terrestrial,144.901135010249,114.108036945821,25.228423479755,76.9745096924919,223.777328803537,1.45358073534676,12.5005587860958,-2.93392723446377,162.898814472052,25.228423479755
87,430,3,BS1,Terrestrial,158.604085315624,112.022271482407,27.3141889431687,166.639993025513,223.777328803537,1.34287888963891,12.4915949370276,-2.93671448669127,162.90160172428,27.3141889431687
87,430,4,SAT-1,Satellite,1656028.51546671,162.893060584527,-2.92817334693834,3.9607593353214,6.27971607877395,0.528494290036128,12.5190660772989,-2.92817334693834,162.893060584527,-9.5245026926651
87,430,5,SAT-1,Satellite,1651009.5682459,162.866696173821,-2.90180893623275,3.98050749133759,6.27971607877395,0.525872315899411,12.6034449352282,-2.90180893623275,162.866696173821,-613.725247522645
87,430,6,SAT-1,Satellite,1637956.76162836,162.797753033872,-2.8328657962837,4.03252482542907,6.27971607877395,0.519088854636357,12.8266384134809,-2.8328657962837,162.797753033872,-65.5369339086373
88,435,1,BS1,Terrestrial,140.115630076679,108.525667630414,30.8107927951622,93.9694206106283,223.777328803537,1.19069228771124,11.9303642457282,-3.11225633686391,163.077143574452,30.8107927951622
88,435,2,BS2,Terrestrial,144.901135010249,98.9696768128279,40.366783612748,246.201868701925,223.777328803537,0.908918075981232,11.9359538144392,-3.11049872773421,163.075385965323,40.366783612748
88,435,3,BS1,Terrestrial,158.604085315624,86.6826852647584,52.6537751608175,160.569338382938,223.777328803537,0.696824596330641,11.9272339939438,-3.11324063642184,163.07812787401,52.6537751608175
88,435,4,SAT-1,Satellite,1690057.37355366,163.069733333511,-3.10484609592294,3.83046069979618,6.27971607877395,0.546471784199752,11.9539325351321,-3.10484609592294,163.069733333511,-16.2805741297352
88,435,5,SAT-1,Satellite,1685169.397534,163.044575646149,-3.0796884085612,3.84879933153862,6.27971607877395,0.543867973518859,12.0335100705442,-3.0796884085612,163.044575646149,-619.245665482267
88,435,6,SAT-1,Satellite,1671935.20723127,162.976093233224,-3.01120599563609,3.89908120767499,6.27971607877395,0.536854346301969,12.2526961044586,-3.01120599563609,162.976093233224,-66.149232607369
89,440,1,BS1,Terrestrial,140.115630076679,102.829969723439,36.5064907021371,111.330598456403,223.777328803537,1.00501269150713,11.3821484672207,-3.28559794324224,163.250485180831,36.5064907021371
89,440,2,BS2,Terrestrial,144.901135010249,86.244773459475,53.0916869661009,323.809513343411,223.777328803537,0.691077067171321,11.3875890418559,-3.28386903303533,163.248756270624,53.0916869661009
89,440,3,BS1,Terrestrial,158.604085315624,86.5118031219788,52.8246573035971,161.090445828754,223.777328803537,0.694570455908424,11.3790993829777,-3.28656688447359,163.251454122062,52.8246573035971
89,440,4,SAT-1,Satellite,1724149.33943136,163.243201972248,-3.27831473466017,3.70594144838282,6.27971607877395,0.564833179930052,11.4050692048796,-3.27831473466017,163.243201972248,-5.54440162973819
89,440,5,SAT-1,Satellite,1719397.59196863,163.219230653682,-3.25434341609369,3.72294871700315,6.27971607877395,0.562252894691935,11.4800557407654,-3.25434341609369,163.219230653682,-614.264952054234
89,440,6,SAT-1,Satellite,1705979.67077449,163.15118140255,-3.18629416496137,3.77157696718505,6.27971607877395,0.555003573077538,11.6955260627403,-3.18629416496137,163.15118140255,-67.2047217585774
90,445,1,BS1,Terrestrial,140.115630076679,83.6120503662204,55.7244100593555,169.933295159412,223.777328803537,0.658426968633823,10.8492502124632,-3.45583225966575,163.420719497254,55.7244100593555
90,445,2,BS2,Terrestrial,144.901135010249,111.261634436931,28.0748259886449,171.271278950495,223.777328803537,1.30656657774021,10.8545501324268,-3.45413123068107,163.419018468269,28.0748259886449
90,445,3,BS1,Terrestrial,158.604085315624,111.764852902488,27.5716075230884,84.1035900959405,223.777328803537,1.33036728009033,10.846277747981,-3.45678627600162,163.42167351359,27.5716075230884
90,445,4,SAT-1,Satellite,1758299.14430166,163.413559665223,-3.44867242763431,3.58690388124421,6.27971607877395,0.583578139316784,10.8715596112248,-3.44867242763431,163.413559665223,-7.22347848611594
90,445,5,SAT-1,Satellite,1753688.5444967,163.390753671793,-3.42586643420449,3.6026546230885,6.27971607877395,0.58102674608596,10.9421531531964,-3.42586643420449,163.390753671793,-620.488343718252
90,445,6,SAT-1,Satellite,1740084.68205729,163.323112049224,-3.35822481163609,3.64970618221891,6.27971607877395,0.57353622138756,11.1541759525278,-3.35822481163609,163.323112049224,-71.2396617079547
91,450,1,BS1,Terrestrial,140.115630076679,84.0501724579561,55.2862879676198,168.597232463394,223.777328803537,0.663644727537636,10.3308207181604,-3.62304953541474,163.587936773003,55.2862879676198
91,450,2,BS2,Terrestrial,144.901135010249,108.994906136894,30.3415542886814,185.079432781719,223.777328803537,1.2090880409573,10.3359877403987,-3.62137559378391,163.586262831372,30.3415542886814
91,450,3,BS1,Terrestrial,158.604085315624,112.491451470997,26.8450089545785,81.8920168702178,223.777328803537,1.36629513691291,10.3279206417119,-3.623989048,163.588876285588,26.8450089545785
91,450,4,SAT-1,Satellite,1792501.88088267,163.580896771249,-3.61600953366099,3.47306601384786,6.27971607877395,0.602706278711219,10.3525524477221,-3.61600953366099,163.580896771249,-8.39082475787137
91,450,5,SAT-1,Satellite,1788037.03656884,163.559234576839,-3.59434733925059,3.48763168742129,6.27971607877395,0.600189148548643,10.418939293518,-3.59434733925059,163.559234576839,-610.830571483272
91,450,6,SAT-1,Satellite,1774245.15048392,163.49197690734,-3.52708966975166,3.53317894913284,6.27971607877395,0.592451931549745,10.6277616056575,-3.52708966975166,163.49197690734,-62.7190711264581
92,455,1,BS1,Terrestrial,140.115630076679,112.050830350266,27.2856300753103,41.6165336311065,223.777328803537,1.34428140259785,9.82607074635443,-Inf,Inf,27.2856300753103
92,455,2,BS1,Terrestrial,565.377728999031,103.084063307187,36.2523971183893,55.2779553951639,223.777328803537,1.01205501905699,9.83111209323079,-Inf,Inf,36.2523971183893
92,455,3,BS1,Terrestrial,158.604085315624,116.562582027082,22.7738783984939,34.7596828737391,223.777328803537,1.6094603740804,9.82323911639088,-Inf,Inf,22.7738783984939
92,455,4,BS2,Terrestrial,1289.96657807501,141.917498983567,-2.58103855799084,11.6416690088453,223.777328803537,19.2221002532808,9.84725614321113,-Inf,Inf,-2.58103855799084
92,455,5,BS1,Terrestrial,106880.247755314,764.992816961054,-625.656356535479,0,223.777328803537,Inf,9.90961149824817,-Inf,Inf,-625.656356535479
92,455,6,SAT-1,Satellite,1808456.3309833,163.657864895536,-3.69297765794809,10.2651622614758,6.27971607877395,0.611750298613512,10.1154613090847,-3.69297765794809,163.657864895536,-71.7066145334433
93,460,1,BS1,Terrestrial,140.115630076679,112.835241014354,26.5012194112218,40.4229357203395,223.777328803537,1.38397499350189,9.33426567602853,-Inf,Inf,26.5012194112218
93,460,2,BS2,Terrestrial,144.901135010249,113.177350492668,26.1591099329078,79.8050220504439,223.777328803537,1.40202535538484,9.33918807879557,-Inf,Inf,26.1591099329078
93,460,3,BS1,Terrestrial,158.604085315624,113.245110228743,26.0913501968328,39.7994448859455,223.777328803537,1.4056560929733,9.33149881767385,-Inf,Inf,26.0913501968328
93,460,4,BS2,Terrestrial,1289.96657807501,148.106990097279,-8.77052967170331,1.65052205506637,223.777328803537,67.7898632486127,9.35493393402979,-Inf,Inf,-8.77052967170331
93,460,5,BS1,Terrestrial,106880.247755314,755.008197686603,-615.671737261027,0,223.777328803537,Inf,9.41342252195516,-Inf,Inf,-615.671737261027
93,460,6,BS1,Terrestrial,20874.3215080905,201.514264318436,-62.1778038928604,4.01057556675681e-06,223.777328803537,13949202.8686856,9.61651062562509,-Inf,Inf,-62.1778038928604
