PassID,Policy,MeanCapacity_Mbps,TotalRate_Mbps,FracServed,FracBelowTarget,FracOutage,BitPerJouleRf,Spectrum_MHz,SpectralEff_bpsHz
1,Actual,24.8513840368002,143.48031738484,0.80928597854236,0.141509433962264,0.0492045874953755,188774.27493326,30.0137180910099,4.78049127234982
1,TerrestrialOnly,17.39396275847,98.4445128324796,0.737143914169441,0.211986681465039,0.0508694043655198,133675.617946422,18.36,5.36190157039648
1,SatelliteOnly,14.8240632427668,34.2584230618319,0.302811690714021,0.0843507214206437,0.612837587865335,468126.095594907,11.65371809101,2.93969896940101
2,Actual,8.35027370368918,72.9662161164069,0.468121839930941,0.491305956344802,0.0405722037242569,211178.266654286,30.3133851276358,2.4070626163716
2,TerrestrialOnly,5.56832803367281,46.1368120954753,0.309409298310519,0.619065236157356,0.0715254655321246,62053.4020286766,18.36,2.51289826228078
2,SatelliteOnly,10.1096759453715,36.2109093464925,0.251572327044025,0.14613392526822,0.602293747687754,482401.34519793,11.953385127636,3.02934348386163
3,Actual,9.29312439263994,90.8618944266682,0.503218645948946,0.463596004439512,0.0331853496115427,163518.577089102,29.9471254162041,3.03407733342926
3,TerrestrialOnly,6.01129433475626,56.7303256893452,0.362486126526082,0.586237513873474,0.0512763596004439,75977.9240741235,18.36,3.08988702011683
3,SatelliteOnly,8.55622499813043,32.9156117774675,0.193007769145394,0.192008879023307,0.614983351831299,452362.103665143,11.5871254162042,2.84070557581401
4,Actual,9.68397492446236,83.7794967022641,0.473917869034406,0.478480700456283,0.0476014305093106,133306.222675235,28.3489012208656,2.95529960930549
4,TerrestrialOnly,7.1493260674976,59.1705516371547,0.411148107041559,0.515353311135775,0.073498581822666,79246.0756232904,18.36,3.22279693012824
4,SatelliteOnly,7.77407051883714,22.907593853462,0.120236773954865,0.211123443087927,0.668639782957208,365192.413921982,9.9889012208657,2.29330467355214
5,Actual,20.800436441522,59.2962491797334,0.795042545320013,0.161672216056234,0.0432852386237514,197910.515629638,29.8805327413983,1.98444417617698
5,TerrestrialOnly,13.2650563728705,36.1299573037782,0.672216056233814,0.266000739918609,0.0617832038475768,51859.3509252957,18.36,1.967862598245
5,SatelliteOnly,28.3109567342735,32.4218217628627,0.354421013688494,0.0281169071402146,0.617462079171291,448151.487988785,11.5205327413984,2.81426410484964
6,Actual,23.0450517563063,68.7084272119891,0.896781354051053,0.0935997040325564,0.0096189419163892,175585.017868644,29.3477913429521,2.34117880998529
6,TerrestrialOnly,16.7128726180012,49.7118897970738,0.879023307436181,0.111357750647429,0.0096189419163892,71410.6160771885,18.36,2.70761926999312
6,SatelliteOnly,26.5936096761032,29.1147575700108,0.334443211246763,0.0310765815760266,0.63448020717721,421951.724264677,10.9877913429523,2.64973702733129
7,Actual,13.2196964141836,60.9767366151642,0.591564927857936,0.30677025527192,0.101664816870144,177761.664715646,29.6141620421752,2.05903974349582
7,TerrestrialOnly,9.23194517764872,39.0866917522717,0.447058823529412,0.421087680355161,0.131853496115427,53038.4578040146,18.36,2.12890477953549
7,SatelliteOnly,16.9482394844081,31.6973425100594,0.305882352941176,0.0683684794672586,0.625749167591565,448507.469270654,11.2541620421754,2.81649956622914
8,Actual,12.5719552952631,66.3618077940227,0.531446540880503,0.34739178690344,0.121161672216056,104525.334828933,26.8838623751387,2.46846256196401
8,TerrestrialOnly,10.116633200651,50.0482173237758,0.460044395116537,0.396041435442101,0.143914169441361,68036.5176089853,18.36,2.72593776273288
8,SatelliteOnly,9.70691548873601,16.4152100093327,0.137994820569737,0.144469108398076,0.717536071032186,306669.090759482,8.52386237513874,1.92579482010531
9,Actual,10.1693054246487,79.4593052028969,0.517064372918979,0.449223085460599,0.0337125416204218,154383.054741953,29.5808657047723,2.68617240603873
9,TerrestrialOnly,6.4240056100545,47.9162821288178,0.377635960044395,0.568396226415094,0.0539678135405105,64955.1249698798,18.36,2.60981928806197
9,SatelliteOnly,10.4990563193016,31.3474632269094,0.236681465038846,0.136376248612653,0.626942286348502,444872.979238556,11.2208657047725,2.79367600073643
10,Actual,8.90605195943004,78.1937987216157,0.473424589961771,0.494142311012456,0.0324330990257738,166928.00235778,29.4143840177579,2.65835241269744
10,TerrestrialOnly,5.7851224888115,49.3599297245013,0.327290664693551,0.625601183869773,0.0471081514366752,66943.1264517865,18.36,2.68844933139985
10,SatelliteOnly,8.89964837537781,29.3749375964601,0.183993094092983,0.18325317548403,0.632753730422987,423157.84481256,11.054384017758,2.65731112192877
11,Actual,8.56599585262281,76.0379323781286,0.458502898014551,0.52435565421137,0.0171414477740782,133028.922716112,28.3489012208656,2.68221797330764
11,TerrestrialOnly,6.05107472717316,53.1937612375568,0.390430385990874,0.589221852262918,0.0203477617462079,71241.4657136935,18.36,2.89726368396278
11,SatelliteOnly,7.69859376046051,22.9251212903222,0.120360093723024,0.211246762856086,0.66839314342089,365471.835978168,9.9889012208657,2.29505936473114
12,Actual,12.7632720553375,74.9934705385796,0.693303736588975,0.279874213836478,0.0268220495745468,237675.740497873,30.6130521642618,2.44972210337551
12,TerrestrialOnly,8.75239776246939,50.0425467652057,0.561968183499815,0.395671476137625,0.0423603403625601,68265.4569178252,18.36,2.72562890878026
12,SatelliteOnly,15.9244206323493,38.9391324314248,0.327968923418424,0.0791712911579726,0.592859785423604,506059.963779358,12.2530521642619,3.177912891369
13,Actual,26.9268018619743,79.4579935039536,0.848686644469107,0.129855715871254,0.0214576396596374,192859.074240368,30.2800887902329,2.62410041312638
13,TerrestrialOnly,16.4463342597584,47.8525881011792,0.798742138364779,0.1779504254532,0.02330743618202,82209.9002895428,18.36,2.60635011444331
13,SatelliteOnly,30.4831786382132,36.3362195976037,0.372179060303367,0.0251572327044025,0.602663706992231,485422.879885434,11.9200887902331,3.04831786382132
14,Actual,8.45513121011964,81.1218076004693,0.386348501664817,0.56015538290788,0.0534961154273029,119903.969002218,28.4820865704771,2.8481694064
14,TerrestrialOnly,5.62467719371346,49.4897040330149,0.310210876803551,0.586348501664817,0.103440621531632,66700.3954261309,18.36,2.69551764885701
14,SatelliteOnly,7.03898143324587,23.293483111251,0.095338512763596,0.239511653718091,0.665149833518313,366458.144343595,10.1220865704772,2.30125310123214
15,Actual,19.9090870070428,58.4364921211689,0.805771365149833,0.168331483536811,0.0258971513133555,228734.033868051,30.4465704772474,1.91931278975536
15,TerrestrialOnly,11.6887089513128,33.3279199429787,0.680355160932297,0.27857935627081,0.0410654827968923,53027.9499797746,18.36,1.8152461842581
15,SatelliteOnly,31.3148524327854,37.8489170913466,0.37920828708842,0.0236773954864965,0.597114317425083,498666.69193266,12.0865704772475,3.13148524327854
16,Actual,13.1037437809692,62.3231372680084,0.657713651498335,0.287902330743618,0.0543840177580466,197295.96107622,29.680754716981,2.09978276705855
16,TerrestrialOnly,9.49636132314844,43.001063604009,0.515649278579356,0.404439511653719,0.0799112097669255,59089.739602313,18.36,2.3421058607848
16,SatelliteOnly,16.5544274817319,31.2230990219937,0.306992230854606,0.0701442841287458,0.622863485016648,439198.266133702,11.3207547169811,2.75804041360945
17,Actual,8.03441244557814,77.0002496217943,0.407214206437292,0.546947835738069,0.0458379578246392,97888.6716737034,24.6530077691453,3.12336126864668
17,TerrestrialOnly,6.351140262726,59.9396574533612,0.359711431742508,0.590899001109878,0.0493895671476137,80276.1254705043,18.36,3.2646872251286
17,SatelliteOnly,4.92131460223166,10.145514560801,0.0143174250832408,0.193673695893452,0.792008879023307,256729.515918477,6.29300776914539,1.61218846900912
18,Actual,15.7600097211702,78.3868021579222,0.773362930077692,0.221087680355161,0.00554938956714761,126693.775262833,27.350011098779,2.86606107305827
18,TerrestrialOnly,12.6288229993426,60.9872421488077,0.705438401775804,0.270366259711432,0.0241953385127636,83095.7377685628,18.36,3.32174521507667
18,SatelliteOnly,12.4575175521243,18.3010098514853,0.189567147613763,0.108768035516093,0.701664816870144,324171.490788744,8.99001109877914,2.0357049229862
19,Actual,9.44970808079498,83.9800364319873,0.568750770748551,0.417067455913183,0.0141817733382661,225400.445812914,30.546459489456,2.74925598041813
19,TerrestrialOnly,6.46382367671911,56.3289950595962,0.410778147737082,0.562831421876927,0.0263904303859908,75440.4290439934,18.36,3.06802805335491
19,SatelliteOnly,10.559346156359,38.2511061091572,0.264150943396226,0.141077814773708,0.594771241830065,499834.743202768,12.1864594894562,3.13882027362027
20,Actual,29.3898855223643,84.5083888060319,0.866444691083979,0.102848686644469,0.0307066222715501,171087.465511574,29.3144950055492,2.8828191920084
20,TerrestrialOnly,22.1771870954664,62.3341390204984,0.831298557158711,0.134295227524972,0.0344062153163152,89586.6885798032,18.36,3.39510561113825
20,SatelliteOnly,26.9978043267059,29.5037098498615,0.343322234554199,0.0210876803551609,0.63559008509064,428888.35836648,10.9544950055494,2.69329712003295
21,Actual,12.6520562620599,82.4810248729408,0.631996194704297,0.298398604724909,0.0696052005707944,165018.636297106,29.2479023307435,2.82006633980866
21,TerrestrialOnly,9.28089600453009,57.7393263520775,0.486602188045029,0.430632630410655,0.0827651815443158,79173.0285369717,18.36,3.14484348322862
21,SatelliteOnly,11.4121744711863,28.7712359234282,0.242587601078167,0.118598382749326,0.638814016172507,420798.606705387,10.8879023307436,2.64249577645349
22,Actual,15.0094277871661,89.6435739407202,0.699223085460599,0.295967443581206,0.0048094709581946,225607.893633538,30.4132741398445,2.94751474400706
22,TerrestrialOnly,9.99396518117868,59.5008250245619,0.571772105068442,0.422493525712171,0.00573436921938587,79688.4049427014,18.36,3.24078567671905
22,SatelliteOnly,15.4434695984207,37.2120721774557,0.3220495745468,0.0793562708102109,0.598594154642989,491630.492864253,12.0532741398446,3.08729991085521
23,Actual,17.918601557831,71.674406231324,0.834905660377358,0.165094339622642,0,148470.469172955,28.51538290788,2.51353476342474
23,TerrestrialOnly,13.3083132035877,53.2332528143508,0.791620421753607,0.208379578246393,0,78265.452871137,18.36,2.8994146413045
23,SatelliteOnly,17.7713896895698,24.0633689470313,0.283018867924528,0.0554938956714761,0.661487236403996,377328.942192973,10.1553829078801,2.36951862527598
24,Actual,19.9589264876098,77.8890800120722,0.763318534961154,0.211431742508324,0.0252497225305216,225256.899421769,30.546459489456,2.5498562292942
24,TerrestrialOnly,13.1170622593049,49.8721756389243,0.629023307436182,0.334350721420644,0.0366259711431743,74291.2769711894,18.36,2.71634943567125
24,SatelliteOnly,24.2094027231331,39.3274666390882,0.366814650388457,0.0391231964483907,0.594062153163152,513899.758408769,12.1864594894562,3.2271445757576
25,Actual,14.8310429151414,98.6217432425003,0.662755668305057,0.284604407800856,0.0526399238940859,200360.922378805,30.3799778024416,3.24627436806666
25,TerrestrialOnly,10.1826132304465,62.7877407605461,0.519739971460282,0.394323767242746,0.0859362612969716,84930.1026808726,18.36,3.41981158826503
25,SatelliteOnly,13.2724836780949,37.179077194721,0.299825590613604,0.10004756619629,0.600126843190106,492555.226608613,12.0199778024417,3.09310697621825
26,Actual,16.0247895068496,77.9019913077475,0.689456159822419,0.26881243063263,0.04173140954495,144195.578922814,29.2479023307435,2.66350695604799
26,TerrestrialOnly,10.2939632369842,48.1896740831274,0.5842397336293,0.358934517203108,0.0568257491675915,66600.2244075811,18.36,2.62470991738166
26,SatelliteOnly,15.8380504059022,28.7288021347287,0.290344062153163,0.0723640399556049,0.637291897891232,420177.984108238,10.8879023307436,2.63859844275133
27,Actual,13.6611927238417,65.9430304146599,0.68945615982242,0.269478357380688,0.0410654827968923,195331.755864928,29.8139400665926,2.21181870854269
27,TerrestrialOnly,9.52033526359588,44.5063049693476,0.566037735849056,0.380244173140955,0.0537180910099889,63051.7009564795,18.36,2.42409068460498
27,SatelliteOnly,16.738998682646,31.8292406796918,0.306992230854606,0.0734739178690344,0.61953385127636,442518.430310868,11.4539400665927,2.77889010197697
28,Actual,9.29485167463598,91.4668156727106,0.514317425083241,0.464594894561598,0.0210876803551609,201923.825777827,30.280088790233,3.02069179209983
28,TerrestrialOnly,6.20824977683631,59.5858399198513,0.370144284128746,0.593562708102109,0.0362930077691453,79802.2638917023,18.36,3.24541611763895
28,SatelliteOnly,9.00540271994807,35.6112974726333,0.223751387347392,0.172031076581576,0.604217536071032,475738.499135517,11.9200887902331,2.98750270231309
29,Actual,11.1037670125021,42.2954582362544,0.59850166481687,0.356270810210877,0.0452275249722531,70984.2770900233,23.7540066592674,1.78056101620874
29,TerrestrialOnly,9.68948178539168,35.9405977853924,0.538290788013319,0.401220865704773,0.060488346281909,51286.4686897747,18.36,1.95754889898651
29,SatelliteOnly,11.8023389548371,8.25115300072537,0.11015538290788,0.0682574916759156,0.821587125416204,243592.074123903,5.39400665926748,1.52968906453777
30,Actual,22.8230845968574,66.6970133812022,0.815020347761746,0.156862745098039,0.0281169071402146,184810.698081136,29.4143840177579,2.26749651942179
30,TerrestrialOnly,17.5025680300746,45.378863750533,0.669996300406955,0.232704402515723,0.0972992970773214,72828.7770042733,18.36,2.47161567268698
30,SatelliteOnly,26.7694453507849,29.5458725615701,0.344432112467629,0.02330743618202,0.632260451350351,425620.232050033,11.054384017758,2.67277421465609
31,Actual,10.9211605031331,85.7442410478745,0.549112097669256,0.429384017758047,0.021503884572697,170493.634059951,29.7806437291896,2.87919367450852
31,TerrestrialOnly,7.15464401250111,53.9180132174633,0.405799112097669,0.545366259711432,0.048834628190899,72211.4436094876,18.36,2.93671095955682
31,SatelliteOnly,10.7427943543888,32.6925952806492,0.246115427302997,0.134156492785794,0.61972807991121,455846.690041287,11.4206437291898,2.86258778890816
32,Actual,12.3154788054306,43.1760440980757,0.489733629300777,0.398168701442841,0.112097669256382,118124.985801772,27.1169367369589,1.59221686862695
32,TerrestrialOnly,10.1720855367099,30.6468203857203,0.374583795782464,0.436736958934517,0.188679245283019,47098.6454318362,18.36,1.66921679660785
32,SatelliteOnly,15.3261709075712,17.7483378560671,0.217258601553829,0.0729744728079911,0.70976692563818,322749.416977524,8.75693673695893,2.02677470320868
33,Actual,11.9511480213638,79.7138301455464,0.529728872681148,0.410971935944189,0.059299191374663,120446.164480987,27.350011098779,2.91458127229444
33,TerrestrialOnly,8.99631357593687,56.718691419751,0.444268273347075,0.469636911368321,0.0860948152846043,76617.435160084,18.36,3.08925334530234
33,SatelliteOnly,8.78019291003644,18.2928836138448,0.136673537339464,0.161566513397812,0.701759949262724,324027.548208974,8.99001109877914,2.0348010044536
34,Actual,20.1071380378938,95.9192322128386,0.750943396226415,0.197336293007769,0.0517203107658157,206996.22884819,30.5131631520531,3.14353617600555
34,TerrestrialOnly,13.2899798979826,58.4960366346008,0.594894561598224,0.306548279689234,0.0985571587125415,84047.1081827632,18.36,3.1860586402288
34,SatelliteOnly,18.986185014112,38.43344008738,0.344950055493896,0.0597114317425083,0.595338512763596,503593.275146287,12.1531631520533,3.16242278709858
35,Actual,6.72451734516289,65.9981146409848,0.396226415094339,0.580688124306327,0.0230854605993341,83503.7806580768,22.2889678135405,2.96102157771932
35,TerrestrialOnly,5.84926752564627,57.1493004198856,0.367702552719201,0.60788013318535,0.0244173140954495,76562.2884570439,18.36,3.11270699454714
35,SatelliteOnly,4.99548746415901,5.51637004288142,0.00299667036625971,0.124639289678135,0.872364039955605,223581.008928512,3.92896781354051,1.40402525667688
36,Actual,24.9719361825005,70.823580854103,0.814280429152792,0.120976692563818,0.0647428782833889,164190.396343805,29.4143840177579,2.40778731967821
36,TerrestrialOnly,16.8690094059057,44.6446726289541,0.701442841287458,0.202737698853126,0.0958194598594154,72617.1870779539,18.36,2.4316270495073
36,SatelliteOnly,26.4775627591695,29.2693146594148,0.339622641509434,0.0288568257491676,0.631520532741398,421636.303728224,11.054384017758,2.64775627591694
37,Actual,11.468890536124,77.2393340459917,0.599651181227208,0.365308387505946,0.0350404312668464,103752.993097911,21.5897447280799,3.57759366860569
37,TerrestrialOnly,10.6644364314815,71.0084062325983,0.57079435547804,0.386396067861107,0.042809576660853,98717.7688357075,18.36,3.86756025232016
37,SatelliteOnly,5.84591188448749,4.27584556124428,0.0141113048993182,0.0914856508641192,0.894403044236563,210820.968395564,3.22974472807991,1.32389582497632
38,Actual,13.646530910481,94.0318371604965,0.691612494054226,0.286348501664817,0.0220390042809577,216956.32119896,30.6130521642618,3.07162567965931
38,TerrestrialOnly,8.59736490396443,58.5320638503503,0.55145076898684,0.423497700967179,0.0250515300459807,79121.4606517949,18.36,3.18802090688182
38,SatelliteOnly,13.7660173023806,39.1843064773654,0.307436182019978,0.0994133502457587,0.593150467734263,509246.289746605,12.2530521642619,3.19792211377773
39,Actual,19.8033909160737,96.1126909818897,0.804883462819091,0.166481687014428,0.0286348501664817,221925.699705274,30.2467924528301,3.17761597801743
39,TerrestrialOnly,14.8112415951903,70.5553475485446,0.702774694783573,0.262819089900111,0.0344062153163152,96279.5750723389,18.36,3.84288385340656
39,SatelliteOnly,18.4364276027005,36.5155553863052,0.337624861265261,0.0583795782463929,0.603995560488346,489185.101656933,11.8867924528302,3.07194354837171
40,Actual,14.5711952186332,72.5151894331995,0.723640399556048,0.272142064372919,0.00421753607103219,225188.040261959,30.4465704772474,2.38171946122437
40,TerrestrialOnly,9.57183837057464,47.1118864926016,0.593340732519422,0.396004439511654,0.0106548279689234,64597.7983339395,18.36,2.56600688957524
40,SatelliteOnly,18.6566855648694,37.5024428727861,0.338512763596004,0.0630410654827969,0.598446170921199,494101.828108616,12.0865704772475,3.10281919452528
41,Actual,15.9685171795236,77.585934264207,0.704772475027747,0.266592674805772,0.0286348501664817,107360.228402052,26.4510099889011,2.93319363974238
41,TerrestrialOnly,12.7550633010307,59.0857167477694,0.645283018867924,0.2992230854606,0.0554938956714761,80900.3493549212,18.36,3.21817629345148
41,SatelliteOnly,11.3457449062844,14.9539498197336,0.157380688124306,0.110321864594895,0.732297447280799,294315.525972627,8.09100998890122,1.84821794068312
42,Actual,28.1796070742738,84.3427903714872,0.93636699963004,0.0625231224565298,0.00110987791342952,190113.621586107,29.8472364039954,2.82581573817658
42,TerrestrialOnly,21.6281533475837,64.6496847331923,0.89826119126896,0.100258971513134,0.00147983721790603,94724.1278101249,18.36,3.5212246586706
42,SatelliteOnly,28.2990504565218,32.4608576121574,0.359970403255642,0.0221975582685905,0.617832038475768,449991.615850128,11.4872364039956,2.82581958536752
43,Actual,9.52903748101266,65.4714519327368,0.537022356112256,0.437609005866497,0.0253686380212462,94480.6841701657,26.484306326304,2.47208483114814
43,TerrestrialOnly,7.57613602139491,48.9522078292917,0.478198826700492,0.457428254320596,0.0643729189789123,65616.2236440211,18.36,2.66624225649736
43,SatelliteOnly,8.03799661192104,15.1594263630527,0.100840336134454,0.16885999682892,0.730299667036626,297136.818540149,8.12430632630411,1.86593485698231
44,Actual,15.9584649234851,60.0527963825868,0.686182019977802,0.265260821309656,0.0485571587125416,155086.188978205,28.7151609322973,2.09132717466481
44,TerrestrialOnly,11.5723143745727,42.332798654313,0.602663706992231,0.344617092119867,0.0527192008879023,60325.3746817361,18.36,2.30570798770768
44,SatelliteOnly,18.2150290229385,25.0779385699293,0.287458379578246,0.056881243063263,0.655660377358491,385651.453711359,10.3551609322974,2.42178163467377
45,Actual,9.17506354300669,68.8602762229446,0.487791342952275,0.449223085460599,0.0629855715871254,87109.0639368567,23.8205993340732,2.89078688815551
45,TerrestrialOnly,7.59601696165427,55.4624407094599,0.450887902330744,0.474889012208657,0.0742230854605993,74380.2583395478,18.36,3.02083010400108
45,SatelliteOnly,5.89872725849691,8.25742277989898,0.025527192008879,0.153856825749168,0.820615982241953,240804.2793733,5.46059933407325,1.51218250501809
46,Actual,13.8066850468098,109.583238918846,0.660238623751387,0.327413984461709,0.0123473917869034,188509.167816589,29.6474583795781,3.69621022874357
46,TerrestrialOnly,8.97456411950037,70.5436007833971,0.525110987791343,0.456437291897891,0.0184517203107658,94522.2499160161,18.36,3.84224405138327
46,SatelliteOnly,10.5890328951072,31.8450075961276,0.239317425083241,0.136376248612653,0.624306326304107,449267.68964344,11.2874583795782,2.82127353432753
47,Actual,18.4143858884694,110.486315330816,0.83999260081391,0.16000739918609,0,165644.181385612,28.9149389567146,3.82108070489836
47,TerrestrialOnly,13.02107995813,78.12647974878,0.768220495745468,0.231779504254532,0,112285.331299128,18.36,4.25525488827777
47,SatelliteOnly,12.6228925428346,26.6157759497434,0.249352571217166,0.101923788383278,0.648723640399556,401553.483118814,10.5549389567148,2.5216418644289
48,Actual,20.1418054421167,78.3183846069672,0.80299667036626,0.176193118756937,0.0208102108768036,251022.969113338,30.6130521642618,2.55833309879495
48,TerrestrialOnly,14.4425519389466,55.511564208328,0.716981132075472,0.261931187569367,0.0210876803551609,76695.2762674279,18.36,3.02350567583485
48,SatelliteOnly,23.9644372814703,39.0332015417084,0.362097669256382,0.0449500554938957,0.592952275249722,507282.502844056,12.2530521642619,3.18559008959051
49,Actual,14.1486129518114,54.0414364102445,0.693396226415094,0.260266370699223,0.0463374028856826,115598.643430472,27.0503440621531,1.99780957632459
49,TerrestrialOnly,12.2077604310268,46.0457400677713,0.662597114317425,0.285516093229745,0.0518867924528302,64881.680974049,18.36,2.50793791218797
49,SatelliteOnly,14.4382785769921,16.7008642224905,0.212541620421754,0.0763041065482797,0.711154273029967,306028.564754732,8.69034406215316,1.9217724986544
50,Actual,9.39385628775175,91.0985350333238,0.463374028856826,0.491786903440621,0.0448390677025527,200664.099339117,30.5797558268589,2.97904716928151
50,TerrestrialOnly,5.62231402517328,50.9384279167405,0.287125416204217,0.625305216426193,0.0875693673695893,68220.9375970532,18.36,2.7744241784717
50,SatelliteOnly,9.55440906220656,38.8309751505959,0.244506104328524,0.161598224195339,0.593895671476138,506029.412242698,12.219755826859,3.177721036393
51,Actual,12.1827530328648,81.7596024867588,0.573489773267797,0.377358490566038,0.0491517361661646,108873.079715376,27.4499001109876,2.97850273247559
51,TerrestrialOnly,8.67349302125434,56.107033145971,0.470588235294118,0.465673061677501,0.0637387030283812,76548.3412514805,18.36,3.05593862450822
51,SatelliteOnly,9.00022525016224,19.0279060856437,0.143332804820041,0.158712541620422,0.697954653559537,333343.41459513,9.08990011098779,2.09330200038645
52,Actual,8.57409116652986,66.0430909978399,0.43118756936737,0.522475027746948,0.0463374028856826,120488.313153335,28.2823085460598,2.33513791458303
52,TerrestrialOnly,5.98423191275631,43.6845942746946,0.355577136514983,0.56881243063263,0.0756104328523862,58752.3786355286,18.36,2.37933520014676
52,SatelliteOnly,8.65268122090432,22.6658240448902,0.145810210876804,0.18326859045505,0.670921198668146,363763.212437404,9.92230854605993,2.28432969400963
53,Actual,14.2571196407394,52.7920605716856,0.618756936736959,0.266093229744728,0.115149833518313,217346.891652712,30.4465704772474,1.73392469970097
53,TerrestrialOnly,8.92435336972853,27.6480811355757,0.445615982241953,0.366814650388457,0.187569367369589,40628.8514770633,18.36,1.50588677209018
53,SatelliteOnly,23.0695041594059,37.0922541217996,0.359877913429523,0.0413429522752497,0.598779134295228,488697.513183865,12.0865704772475,3.06888163119756
54,Actual,16.9757731727468,67.392801643831,0.774694783573807,0.213096559378468,0.0122086570477248,221278.826213695,30.4132741398445,2.21590090346569
54,TerrestrialOnly,11.7181321435425,45.1214362650105,0.68118756936737,0.288013318534961,0.0307991120976693,66247.4591401484,18.36,2.45759456781102
54,SatelliteOnly,22.9068040343832,36.6716759883274,0.35377358490566,0.0468923418423973,0.599334073251942,484491.002122212,12.0532741398446,3.04246593604816
55,Actual,10.4406666963166,93.1369411105182,0.609199654704649,0.379578246392897,0.0112220989024541,184633.595174351,30.2467924528301,3.07923364951062
55,TerrestrialOnly,6.89966997774444,61.2035100771659,0.485386607473178,0.502158095942779,0.0124552965840424,81968.780986324,18.36,3.33352451400685
55,SatelliteOnly,10.0269463689197,35.6991824698908,0.246762856085831,0.148723640399556,0.604513503514613,478248.462082886,11.8867924528302,3.00326455699081
56,Actual,10.6505482353262,84.3471003262073,0.562014428412875,0.421059933407325,0.0169256381798002,195643.669680772,30.3799778024416,2.77640427766963
56,TerrestrialOnly,6.71507255704942,51.8404246221295,0.403440621531632,0.564511653718091,0.0320477247502775,69452.6332992849,18.36,2.82355253933167
56,SatelliteOnly,11.5908488466321,36.9842852451076,0.279411764705882,0.119866814650388,0.600721420643729,489974.587170445,12.0199778024417,3.07690129324487
57,Actual,9.1327292712676,67.86682879478,0.394284128745838,0.519561598224195,0.0861542730299667,107910.340267051,27.350011098779,2.48141869301873
57,TerrestrialOnly,6.62980879404427,45.0061220108366,0.312985571587125,0.556465038845727,0.130549389567148,61343.9274734595,18.36,2.45131383501288
57,SatelliteOnly,7.78281617612284,18.1568993192943,0.102941176470588,0.194367369589345,0.702691453940067,321618.816021734,8.99001109877914,2.01967485020792
58,Actual,14.4855915251817,100.362056745758,0.733787854764549,0.255589028064056,0.0106231171713969,129292.305772397,26.2179356270809,3.82799233979704
58,TerrestrialOnly,11.8615666688783,81.55629309211,0.685270334548915,0.300301252576503,0.0144284128745838,109226.904112118,18.36,4.44206389390577
58,SatelliteOnly,7.86460656902317,14.240963273467,0.0960837165054701,0.164420485175202,0.739495798319328,288596.387846064,7.85793562708102,1.81230337703301
59,Actual,11.0454466077593,73.9414269180177,0.580149040748375,0.35246551450769,0.0673854447439354,210017.97305657,30.546459489456,2.4206218381394
59,TerrestrialOnly,7.1343090582384,43.9756998726835,0.40304423656255,0.486760742032662,0.110195021404788,58976.0298293664,18.36,2.39519062487382
59,SatelliteOnly,13.7088097219576,38.9372248917015,0.312827017599493,0.0925955287775488,0.594577453622959,508800.392575129,12.1864594894562,3.19512200614053
60,Actual,10.6866423739215,72.9595756165308,0.586015538290788,0.383859204058982,0.0301252576502299,214396.349078546,30.4465704772474,2.39631506842629
60,TerrestrialOnly,7.43717787292921,47.4940386910702,0.428095766608531,0.506579990486761,0.065324242904709,63699.5832103028,18.36,2.58682127947005
60,SatelliteOnly,13.2792074630942,37.1320526742289,0.303947994292056,0.0971935944188997,0.598858411289044,489221.866692731,12.0865704772475,3.07217442235815
61,Actual,15.4427976770487,92.1514868957769,0.722160562338143,0.270255271920089,0.00758416574176841,204946.268678077,30.3799778024416,3.03329671585115
61,TerrestrialOnly,10.1493288368525,59.0658910409204,0.591194968553459,0.38235294117647,0.0264520902700703,79966.6263958349,18.36,3.21709646192376
61,SatelliteOnly,15.4973950061957,37.2402239666751,0.319274879763226,0.0810210876803552,0.599704032556419,493365.310246743,12.0199778024417,3.09819407146577
62,Actual,18.0117620812613,66.2811797545608,0.705882352941177,0.240011098779134,0.0541065482796892,108852.026776312,24.8527857935626,2.66695171740984
62,TerrestrialOnly,15.7175712715659,56.2550332279171,0.655937846836848,0.277192008879023,0.0668701442841287,78286.0394553477,18.36,3.06399963115016
62,SatelliteOnly,12.573870179506,10.7772522858917,0.143729189789123,0.0715871254162042,0.784683684794673,264324.223856661,6.49278579356271,1.65988107856212
63,Actual,23.0094814389889,66.2136601148219,0.820569737328893,0.151313355530892,0.0281169071402146,133507.278402572,27.1835294117646,2.43580070534055
63,TerrestrialOnly,19.7044435989243,56.1551706744707,0.78801331853496,0.180170181280059,0.0318165001849796,85815.643303858,18.36,3.05856049425221
63,SatelliteOnly,19.7045977261738,17.3620819632056,0.250092489826119,0.0436551979282279,0.706252312245653,313342.609413133,8.82352941176471,1.96770262249664
64,Actual,20.4840160310886,50.5472749148218,0.648908620051796,0.183869774324824,0.167221605623381,98920.7351841228,25.9515649278578,1.94775440538315
64,TerrestrialOnly,17.8245983470541,39.8241037880795,0.587495375508694,0.206807251202368,0.205697373288938,63504.7841649715,18.36,2.16906883377339
64,SatelliteOnly,18.2944137438604,13.7368817646066,0.204587495375509,0.0469848316685165,0.748427672955975,288148.81693061,7.59156492785794,1.80949275875885
65,Actual,17.724027398568,69.4557888474843,0.718923418423973,0.252774694783574,0.0283018867924528,139815.217184816,28.0159378468367,2.47915273181999
65,TerrestrialOnly,13.137616595282,50.9479106170154,0.680910099889012,0.287458379578246,0.0316315205327414,75056.5415824381,18.36,2.77494066541478
65,SatelliteOnly,16.9223214134021,21.735360614092,0.261376248612653,0.0596559378468368,0.678967813540511,358453.132250461,9.65593784683685,2.2509838980801
66,Actual,18.0494371461752,70.1212895708977,0.774417314095449,0.186736958934517,0.0388457269700333,174930.814221933,28.9482352941175,2.42229928209637
66,TerrestrialOnly,13.4559355521047,51.4159607688378,0.665649278579356,0.289955604883463,0.0443951165371809,73166.630344535,18.36,2.80043359307395
66,SatelliteOnly,18.6014695633709,26.2485356859712,0.300776914539401,0.0518867924528302,0.647336293007769,394767.588095437,10.5882352941176,2.47902837034173
67,Actual,10.3125427934554,69.7234614818518,0.584588552402093,0.38148089424449,0.0339305533534169,183333.722016714,29.2479023307435,2.38387904518414
67,TerrestrialOnly,7.79719613354119,50.7754565411604,0.465514507689869,0.474869192960203,0.0596162993499286,68002.6729096992,18.36,2.76554774189326
67,SatelliteOnly,11.4800875579747,28.8627316833157,0.243063263041065,0.118598382749326,0.638338354209608,422136.79351052,10.8879023307436,2.65089920965009
68,Actual,19.2992085467816,54.4188528677184,0.709951905290418,0.230114687384388,0.0599334073251942,96824.3350702029,26.0847502774694,2.08623246490201
68,TerrestrialOnly,15.5411421542195,42.8528278116872,0.680355160932297,0.253422123566408,0.0662227155012949,64253.970791915,18.36,2.3340320158871
68,SatelliteOnly,18.071091668195,13.9348537808369,0.210136884942656,0.0469848316685165,0.742878283388827,287261.853729877,7.72475027746948,1.80392288168592
69,Actual,11.3849517346294,76.4566380692019,0.61851910575551,0.344854923101316,0.0366259711431743,146166.47368543,27.7495671476137,2.75523714162788
69,TerrestrialOnly,9.4016128938771,61.4136352300422,0.571111463453305,0.373236086887585,0.0556524496591089,82873.2137257584,18.36,3.34496923910905
69,SatelliteOnly,9.0164051314061,19.610430933317,0.145711114634533,0.165847471063897,0.68844141430157,332584.156413714,9.38956714761376,2.08853407457667
70,Actual,13.3061191848023,74.7757806750536,0.629670736219016,0.287828338882723,0.0825009248982612,174706.366403601,29.8139400665926,2.50808113614082
70,TerrestrialOnly,8.75168096958276,46.0924293561364,0.444876063633001,0.447095819459859,0.10802811690714,63815.9142120361,18.36,2.51048090175034
70,SatelliteOnly,14.0899455251769,32.088609048342,0.288568257491676,0.0917499075101739,0.61968183499815,446124.400196307,11.4539400665927,2.80153456904613
71,Actual,9.08266463564039,80.2005770149424,0.508077444814403,0.470464915525959,0.0214576396596374,170412.366509967,29.381087680355,2.72966671239222
71,TerrestrialOnly,6.60434227668985,56.3692548678321,0.396596374398816,0.557035392773461,0.0463682328277222,76630.2097422005,18.36,3.07022085336775
71,SatelliteOnly,8.81106302823206,29.0448339211655,0.186952768528795,0.179183623134788,0.633863608336416,419666.624090547,11.0210876803552,2.63538724702619
72,Actual,17.1934509290773,66.3806988349559,0.714761376248613,0.234739178690344,0.0504994450610433,153082.466118637,29.0148279689233,2.28781983150318
72,TerrestrialOnly,12.6728499322308,43.383926765585,0.568257491675916,0.327968923418424,0.10377358490566,61636.4971006227,18.36,2.3629589741604
72,SatelliteOnly,19.0190064095897,26.9462244243066,0.305493895671476,0.0485571587125416,0.645948945615982,402727.672148204,10.6548279689234,2.52901543815628
73,Actual,20.5608206818661,82.0094224504428,0.870699223085461,0.125693673695893,0.00360710321864595,166055.646054086,29.0148279689233,2.82646592074508
73,TerrestrialOnly,15.5951032203073,61.0340503999175,0.787458379578246,0.188401775804661,0.0241398446170921,82934.532870823,18.36,3.32429468409136
73,SatelliteOnly,18.7637910485699,26.6323807960872,0.304661487236404,0.0499445061043285,0.645394006659267,398037.088717251,10.6548279689234,2.4995599059661
74,Actual,12.5028735407528,72.6372196868644,0.626526082130966,0.338882722900481,0.0345911949685535,166127.40028618,28.7484572697002,2.52664756948267
74,TerrestrialOnly,9.62636433935213,54.7108186083376,0.520347761746208,0.434517203107658,0.0451350351461339,74469.3607828778,18.36,2.97989208106413
74,SatelliteOnly,12.3165130616014,25.5794084655725,0.24158342582316,0.104513503514613,0.653903070662227,392102.336825802,10.3884572697003,2.46229134908983
75,Actual,11.6368277324713,59.059121764534,0.49149093599704,0.378098409174991,0.130410654827969,108701.83734574,26.3844173140953,2.2384091739249
75,TerrestrialOnly,9.89573996940033,47.2461012964874,0.425083240843507,0.418978912319645,0.155937846836848,65426.7174212677,18.36,2.57331706407883
75,SatelliteOnly,9.30899904867508,14.6964437211816,0.126341102478727,0.138919718830929,0.734739178690344,291647.824285561,8.02441731409545,1.83146553150548
76,Actual,10.083596695972,95.0171604410119,0.456048834628191,0.470144284128746,0.0738068812430632,117598.601148867,27.4499001109877,3.46147563586136
76,TerrestrialOnly,7.19144723437375,63.3233221733559,0.389567147613763,0.504439511653718,0.105993340732519,84807.8079183689,18.36,3.44898268918059
76,SatelliteOnly,6.24491117206256,18.8596764112569,0.0596004439511654,0.242508324084351,0.697891231964484,330396.256150899,9.08990011098779,2.07479468211752
77,Actual,8.76326232935813,77.5676424423875,0.492662473794549,0.486003206313972,0.0213343198914786,154635.249002545,28.8816426193117,2.68570743931724
77,TerrestrialOnly,5.9595835370103,51.5531085501355,0.370082624244666,0.595634480207177,0.0342828955481563,69790.665719735,18.36,2.80790351580258
77,SatelliteOnly,8.51408427138392,26.6642592613824,0.164015291651252,0.185102972006413,0.650881736342336,403558.006806663,10.5216426193119,2.53422970406177
78,Actual,10.96183630354,83.7731684044322,0.557019977802442,0.39830743618202,0.0446725860155383,121313.97918637,27.4166037735848,3.05556330376505
78,TerrestrialOnly,8.2804300845104,61.3458594047961,0.476137624861265,0.460460599334073,0.0634017758046615,83041.3568976694,18.36,3.34127774535926
78,SatelliteOnly,7.78015500019552,18.557205627496,0.105715871254162,0.194228634850166,0.700055493895671,326292.584303599,9.05660377358491,2.04902478803601
79,Actual,29.4388862171535,87.7649787729154,0.924158342582315,0.0695523492415834,0.00628930817610063,127479.103442852,27.1502330743617,3.23256815263929
79,TerrestrialOnly,24.7737681315175,73.7154399903431,0.910469848316684,0.0828708842027377,0.00665926748057714,103172.482627521,18.36,4.01500217812325
79,SatelliteOnly,20.1477252246151,17.5370986787432,0.250462449130596,0.0418054014058453,0.707732149463559,317700.096261387,8.79023307436182,1.99506640272066
80,Actual,19.4811979347843,77.7399830243817,0.873473917869034,0.124306326304107,0.00221975582685905,177875.057652767,28.9815316315204,2.68239732850528
80,TerrestrialOnly,15.480915317288,61.4707644198692,0.831298557158713,0.162597114317425,0.00610432852386238,84205.1359274632,18.36,3.34808085075539
80,SatelliteOnly,18.9525172480671,26.5008450789389,0.298279689234184,0.0541065482796892,0.647613762486127,397312.810154203,10.6215316315205,2.49501164222821
81,Actual,12.7169716947445,100.040160176866,0.592674805771365,0.377358490566038,0.0299667036625971,182529.665696917,30.5797558268589,3.27145058787548
81,TerrestrialOnly,7.13646460849424,54.0300890985322,0.408990011098779,0.544950055493896,0.0460599334073252,73031.3649904856,18.36,2.94281531037756
81,SatelliteOnly,12.0191914947163,39.1657560804517,0.290371809100999,0.116953385127636,0.592674805771365,510392.140618897,12.219755826859,3.20511773192434
82,Actual,18.5399325915929,54.7019815903872,0.853126156122826,0.135035146133925,0.0118386977432482,90023.4367035515,22.422153163152,2.43963999319579
82,TerrestrialOnly,16.73045788199,49.2735574615787,0.839067702552719,0.149093599704032,0.0118386977432482,83076.7567947453,18.36,2.68374495978097
82,SatelliteOnly,14.9837046779193,5.66113268326187,0.096929337772845,0.0351461339252682,0.867924528301887,221925.409913644,4.06215316315205,1.39362856492321
83,Actual,10.2571873170305,64.2469219991474,0.426510226732203,0.45251308070398,0.120976692563818,99244.9452634122,26.5841953385127,2.41673374653821
83,TerrestrialOnly,7.96780913106908,44.4075245924892,0.345172031076582,0.484065324242905,0.170762644680514,60406.5328998764,18.36,2.41871048978699
83,SatelliteOnly,8.09382748444232,15.4499972627134,0.10179166006025,0.170921198668147,0.727287141271603,299154.115005755,8.22419533851276,1.87860290603303
84,Actual,24.0611263031835,70.4583262797495,0.852016278209395,0.120606733259341,0.0273769885312616,99948.8667569634,23.0880799112097,3.05171874624102
84,TerrestrialOnly,21.8826871795199,63.9230089087588,0.836108028116906,0.136514983351831,0.0273769885312616,95001.2217705435,18.36,3.4816453654008
84,SatelliteOnly,14.0589610814711,6.49456878755552,0.110247872733999,0.0462449130595634,0.843507214206437,218738.63830844,4.72807991120977,1.37361654403463
85,Actual,15.4431560377394,102.443672906071,0.709687648644364,0.22514666243856,0.0651656889170763,178235.487385994,30.1469034406214,3.39814910369977
85,TerrestrialOnly,10.9701753698271,68.9486188526624,0.586491200253686,0.330109402251467,0.0833993974948469,92341.668491199,18.36,3.75537139720382
85,SatelliteOnly,12.7171608714336,34.931843860547,0.286824163627715,0.105279847788172,0.607895988584113,471934.553179155,11.7869034406215,2.96361500172814
86,Actual,10.8263659858489,92.556405525528,0.547539770625231,0.391170304599828,0.0612899247749413,163691.915938954,29.5142730299666,3.13598798220621
86,TerrestrialOnly,7.58801633817372,59.4709401265984,0.400542606979899,0.481810334196572,0.117647058823529,81534.7120316372,18.36,3.23915795896504
86,SatelliteOnly,9.04418032596635,30.0400721337217,0.193118756936737,0.177333826612406,0.629547416450857,428864.098565627,11.1542730299667,2.69314477537146
87,Actual,14.3663360849882,100.207961447177,0.720469319803394,0.275249722530522,0.0042809576660853,155441.392754559,28.1824195338511,3.55569050154878
87,TerrestrialOnly,10.3299804409771,71.4463003047882,0.634533058506421,0.355002378309815,0.0104645631837641,96080.2894051555,18.36,3.89141069198192
87,SatelliteOnly,10.1237449841067,22.9997340909567,0.182971301728239,0.142857142857143,0.674171555414619,372875.910293905,9.82241953385128,2.34155484926011
88,Actual,22.4793349255368,83.9571544182483,0.773029966703663,0.166204217536071,0.0607658157602664,167794.637239312,28.9149389567146,2.9035909273034
88,TerrestrialOnly,17.5280567683232,61.5963258631757,0.654550499445061,0.251387347391787,0.0940621531631521,86168.0616161958,18.36,3.35491970932329
88,SatelliteOnly,19.2836685089797,27.1045240013227,0.301609322974473,0.0496670366259711,0.648723640399556,408927.248319188,10.5549389567148,2.56794701631879
89,Actual,11.4487683853481,89.6644428640331,0.646781354051054,0.326442841287458,0.0267758046614872,224233.832635909,30.4465704772474,2.94497677270545
89,TerrestrialOnly,8.17928688437617,60.5476014028892,0.479605993340733,0.449778024417314,0.0706159822419534,81671.9176982862,18.36,3.29779964068023
89,SatelliteOnly,11.8371950456291,37.6092139809328,0.286764705882353,0.114872364039956,0.598362930077691,495508.557795624,12.0865704772475,3.11165305755927
90,Actual,10.7738587849867,92.6504953000941,0.565051177703785,0.384141077814774,0.0508077444814403,146455.024552148,29.0814206437291,3.18589990616819
90,TerrestrialOnly,7.57796425240332,63.1515123002401,0.463559008509064,0.475521026020471,0.0609199654704648,84577.7059872386,18.36,3.43962485295425
90,SatelliteOnly,8.40147841656409,26.7229271029726,0.158589221852263,0.196818349981502,0.644592428166235,396909.672752898,10.7214206437292,2.49248005380728
91,Actual,11.1297298837509,61.2514428549269,0.503514613392527,0.416019237883833,0.0804661487236403,80303.7837136258,22.3888568257491,2.73580037299994
91,TerrestrialOnly,9.74830502317272,51.7305304632564,0.465223825379209,0.438216796152423,0.0965593784683685,70930.9942355541,18.36,2.81756701869588
91,SatelliteOnly,7.5185241477044,5.71506135488238,0.0408805031446541,0.0899001109877913,0.869219385867555,225891.065772364,4.02885682574917,1.4185317577821
92,Actual,7.98978153473107,68.3654188913698,0.415094339622642,0.529288444937724,0.0556172154396349,102006.275048393,26.0847502774694,2.62089604708312
92,TerrestrialOnly,6.52763208797435,53.3879723991319,0.385374275496362,0.529288444937723,0.0853372795659142,71534.1236566143,18.36,2.90784163393964
92,SatelliteOnly,6.34635179465122,14.08476382977,0.051054384017758,0.204587495375509,0.744358120606733,290352.193910447,7.72475027746948,1.82332934060672
93,Actual,11.6876938839047,90.9767251595622,0.624445061043285,0.346143174250832,0.0294117647058824,115284.660326018,24.6863041065482,3.68531169213905
93,TerrestrialOnly,9.9137841057774,75.4375368451356,0.587264150943396,0.369311875693674,0.0434239733629301,101032.161848404,18.36,4.10879830311195
93,SatelliteOnly,6.20989974333011,10.2694096758678,0.0377358490566038,0.171476137624861,0.790788013318535,258496.939790336,6.32630410654828,1.62328738911524
94,Actual,19.8889922349497,77.3109163673457,0.793007769145394,0.183962264150943,0.0230299667036626,123372.127753815,26.6840843507213,2.89726697574525
94,TerrestrialOnly,16.2470269924281,60.7327890269735,0.726137624861265,0.220588235294118,0.0532741398446171,90141.9909657327,18.36,3.30788611258025
94,SatelliteOnly,14.364588185533,15.8280292610628,0.19811320754717,0.077968923418424,0.723917869034406,302796.160109241,8.32408435072142,1.90147391522901
95,Actual,6.57206421861816,61.4323809798413,0.291453940066593,0.628856825749168,0.0796892341842397,152994.051504506,28.8483462819089,2.12949402296818
95,TerrestrialOnly,4.65760839616228,38.7982845318825,0.210432852386238,0.643285238623752,0.146281908990011,51961.8577991569,18.36,2.11319632526593
95,SatelliteOnly,7.37689252307391,25.7275203184658,0.117203107658158,0.231409544950055,0.651387347391787,390616.787205383,10.488346281909,2.45296251925267
96,Actual,13.6331579861174,106.523353794667,0.673973362930078,0.298279689234184,0.0277469478357381,196751.204197574,30.4465704772474,3.49869795267326
96,TerrestrialOnly,9.20926951034331,70.5294195221901,0.543840177580466,0.421059933407325,0.0350998890122087,94825.3867700278,18.36,3.8414716515354
96,SatelliteOnly,11.6471806929782,37.5174383180832,0.281354051054384,0.121115427302997,0.597530521642619,494299.395956655,12.0865704772475,3.10405986451726
97,Actual,16.0769851992675,89.3310206599053,0.645394006659267,0.2669256381798,0.0876803551609323,144577.840248694,27.7162708102107,3.22305339241366
97,TerrestrialOnly,12.2504034461906,63.8002858378812,0.563263041065483,0.320199778024417,0.1165371809101,90845.1367354511,18.36,3.4749611022811
97,SatelliteOnly,11.2448857171933,20.6829292321188,0.188864224935257,0.121716611172771,0.689419163891972,352021.552277897,9.35627081021088,2.21059540191448
98,Actual,12.6080931984272,100.642196442402,0.642619311875694,0.354328523862375,0.00305216426193119,145094.600336854,28.2823085460598,3.55848590925664
98,TerrestrialOnly,8.92627632689791,71.1876614701677,0.564511653718091,0.432436182019978,0.00305216426193119,95340.3787563774,18.36,3.87732360948625
98,SatelliteOnly,8.53373766261293,22.4484819403732,0.144977802441731,0.184517203107658,0.67050499445061,360275.09473295,9.92230854605993,2.26242530517631
99,Actual,7.15949586146872,67.2409656701603,0.406881243063263,0.530632630410655,0.0624861265260821,89230.0578144817,23.9204883462818,2.81101977086568
99,TerrestrialOnly,6.09951095500601,55.823890657593,0.370255271920089,0.553829078801332,0.0759156492785793,74763.9516319817,18.36,3.04051692034819
99,SatelliteOnly,4.84005692889754,8.41734631063806,0.0072142064372919,0.175138734739179,0.817647058823529,241058.390170909,5.56048834628191,1.51377824867962
100,Actual,7.28117610316734,69.5353472314691,0.363928967813541,0.582796892341842,0.053274139844617,90567.352438123,25.7184905660376,2.70371027618913
100,TerrestrialOnly,5.46336107509947,50.4591269547136,0.31465038845727,0.616648168701443,0.0687014428412874,67579.0182768479,18.36,2.7483184615857
100,SatelliteOnly,5.50222894303926,13.3080063155798,0.0283018867924528,0.215649278579356,0.756048834628191,287994.538687373,7.35849056603774,1.80852393519418
101,Actual,11.2423857618315,88.5778010903753,0.66953385127636,0.312569367369589,0.0178967813540511,226726.829176058,30.5131631520531,2.90293735359309
101,TerrestrialOnly,8.08724434931905,62.5079251353149,0.5338512763596,0.438401775804661,0.0277469478357381,84713.5711723288,18.36,3.40457108580146
101,SatelliteOnly,11.8556851060612,38.2301963412038,0.286764705882353,0.116953385127636,0.596281908990011,500930.172817763,12.1531631520533,3.14569926058672
102,Actual,22.4329034205931,66.4496653416804,0.879023307436181,0.100998890122087,0.0199778024417314,192259.137830616,29.5808657047724,2.24637324697904
102,TerrestrialOnly,16.4249455161058,47.8733796259176,0.799852016278209,0.173140954495006,0.027007029226785,74401.4980671209,18.36,2.60748255043123
102,SatelliteOnly,27.3180034032684,30.5387539033569,0.351831298557159,0.0214576396596374,0.626711061783204,433396.040147742,11.2208657047725,2.72160408179274
103,Actual,16.7376739102462,78.7202014153059,0.671920088790233,0.269256381798002,0.0588235294117646,116173.105830849,26.5841953385126,2.96116547493403
103,TerrestrialOnly,13.083142316175,58.9856498728352,0.596892341842397,0.329189789123197,0.0739178690344061,80024.3702178269,18.36,3.21272602793219
103,SatelliteOnly,11.2773995498502,15.4089881726128,0.15937846836848,0.113873473917869,0.726748057713651,298360.067094444,8.22419533851276,1.87361651059705
104,Actual,12.2973036603038,65.8052310644108,0.545689974102848,0.342212356640769,0.112097669256382,101914.038999518,26.78397336293,2.45688831051063
104,TerrestrialOnly,10.4414474711882,50.9270512274014,0.47558268590455,0.36330003699593,0.161117277099519,69426.4199809752,18.36,2.77380453308286
104,SatelliteOnly,9.58748213598729,15.9043576073597,0.139659637439882,0.139104698483167,0.721235664076952,300648.56730908,8.42397336293008,1.88798764219118
105,Actual,15.5350357895463,74.253543228656,0.688790233074361,0.265038845726971,0.0461709211986681,115139.196650029,26.3511209766925,2.81785140352599
105,TerrestrialOnly,11.9308528191207,55.4541372041894,0.611098779134295,0.328967813540511,0.0599334073251942,85070.4315888879,18.36,3.02037784336543
105,SatelliteOnly,11.3498672056752,14.9416510479971,0.161820199778025,0.10299667036626,0.735183129855716,297749.386573687,7.99112097669256,1.86978161031186
106,Actual,11.7206748237429,80.7831465583211,0.599651181227208,0.380371016331061,0.0199778024417314,203838.157336242,30.3799778024416,2.65909169136485
106,TerrestrialOnly,7.59250933844753,50.444638417608,0.437450451878865,0.524020929126367,0.0385286189947677,68348.8781427706,18.36,2.74752932557777
106,SatelliteOnly,13.1948116397574,36.9565939298117,0.296654510860948,0.103377199936578,0.599968289202473,489607.727551815,12.0199778024417,3.07459751899911
107,Actual,8.28320348376281,79.3498635579877,0.474139844617092,0.47180910099889,0.0540510543840177,212616.94349299,30.2467924528301,2.623414158104
107,TerrestrialOnly,5.58147667020991,50.0177769812928,0.307658157602664,0.595227524972253,0.0971143174250833,66987.9260459604,18.36,2.7242797920094
107,SatelliteOnly,9.14570482766067,36.1001418106956,0.222530521642619,0.172364039955605,0.605105438401776,483619.962908133,11.8867924528302,3.03699605709026
108,Actual,8.42784010009226,83.0690221365165,0.465926748057714,0.5165371809101,0.0175360710321865,154774.70401983,29.2146059933406,2.84340723799088
108,TerrestrialOnly,5.71764663252315,55.3593484773245,0.360488346281909,0.613207547169811,0.0263041065482797,74141.7984877367,18.36,3.0152150586778
108,SatelliteOnly,7.90310215873492,28.4164408920562,0.145948945615982,0.214872364039956,0.639178690344062,416884.367343321,10.8546059933407,2.61791546459536
109,Actual,7.60183968994053,65.5633600708525,0.431002589715132,0.511283758786533,0.0577136514983351,206998.216767153,30.4132741398445,2.15574817000574
109,TerrestrialOnly,5.00196182849857,39.8610270621151,0.264644222468862,0.631767172277715,0.103588605253422,53481.5366444198,18.36,2.17107990534395
109,SatelliteOnly,10.2962933830341,36.7747524860269,0.257861635220126,0.141694413614502,0.600443951165372,485852.806139066,12.0532741398446,3.05101767862894
110,Actual,9.18016517932205,88.0885801478082,0.492230854605994,0.452164261931187,0.055604883462819,200042.839183241,30.2467924528301,2.91232798602306
110,TerrestrialOnly,6.48431773535624,57.6271973030914,0.315094339622642,0.582796892341842,0.102108768035516,79027.6926257774,18.36,3.13873623655181
110,SatelliteOnly,8.98358136112036,35.3702327999434,0.218867924528302,0.17558268590455,0.605549389567148,473841.64761626,11.8867924528302,2.97559101332857
111,Actual,13.7020064750017,53.1356464195167,0.700332963374029,0.263041065482797,0.0366259711431743,151205.590649599,28.51538290788,1.86340287244865
111,TerrestrialOnly,10.4032168371062,39.3618000780716,0.631520532741398,0.322697003329634,0.0457824639289678,57059.3802702527,18.36,2.14388889314115
111,SatelliteOnly,17.6156993513908,23.6630150368087,0.279134295227525,0.0579911209766926,0.662874583795782,371051.138042622,10.1553829078801,2.33009579761362
112,Actual,10.349151861182,69.1323735752787,0.568891707626447,0.37180910099889,0.0592991913746631,172436.162900946,29.5808657047724,2.33706390696082
112,TerrestrialOnly,7.03267359792371,44.1623691425498,0.417631203424766,0.49405422546377,0.0883145711114633,59316.0100578931,18.36,2.40535779643517
112,SatelliteOnly,11.7177144249691,30.6469452210549,0.256064690026954,0.117329950848264,0.626605359124782,434931.456059507,11.2208657047725,2.73124605778145
113,Actual,13.825581701518,109.435714690589,0.72350166481687,0.263873473917869,0.0126248612652608,219728.514745533,30.6130521642618,3.5748057430989
113,TerrestrialOnly,9.35194043756519,73.2774173309538,0.599472807991121,0.384156492785794,0.0163706992230855,98139.1519027491,18.36,3.9911447348014
113,SatelliteOnly,12.1177492707709,39.1721538261128,0.285238623751387,0.121531631520533,0.59322974472808,509088.351706678,12.2530521642619,3.19693030772895
114,Actual,18.8247486588826,92.8927232267211,0.758712541620422,0.227524972253052,0.0137624861265261,188608.328468881,29.7140510543839,3.12622210471083
114,TerrestrialOnly,13.6340000703857,66.4924091191525,0.685904550499445,0.296115427302997,0.0179800221975583,89650.1206897761,18.36,3.62159091062921
114,SatelliteOnly,16.4468306855548,31.0079088036673,0.304328523862375,0.0723640399556049,0.62330743618202,434892.20823408,11.354051054384,2.73099959258106
115,Actual,9.81800791762191,87.4565002087698,0.524848933284005,0.462079171291158,0.0130718954248366,122662.301865862,27.4831964483905,3.18218080538777
115,TerrestrialOnly,7.25050122964776,63.2101687143139,0.476014305093106,0.494018991244296,0.0299667036625971,84656.2634874962,18.36,3.44281964674911
115,SatelliteOnly,7.15222355908337,19.3704135302714,0.0891601923788383,0.21297323961031,0.697866568010852,338105.205411764,9.12319644839068,2.12320469474143
116,Actual,29.6923739819489,80.1651313890397,0.820199778024417,0.109507954125046,0.0702922678505364,173939.447677822,29.2811986681464,2.73776809131272
116,TerrestrialOnly,22.8430507361888,58.1355108008445,0.765445800961894,0.149463559008509,0.0850906400295967,90122.315794033,18.36,3.16642215690873
116,SatelliteOnly,26.3238614965811,28.7488121116935,0.336293007769145,0.0277469478357381,0.635960044395117,419188.720737843,10.9211986681465,2.63238614965811
117,Actual,8.74202384732752,75.3300615893377,0.500431619188556,0.443211246762856,0.0563571340485879,182246.586996836,29.7806437291897,2.52949742370755
117,TerrestrialOnly,5.96961505338072,48.044534666699,0.354051054384018,0.550499445061043,0.0954495005549387,64345.1974358864,18.36,2.61680472040844
117,SatelliteOnly,9.38118971861751,32.0639501206334,0.21506967566901,0.164508570723887,0.620421753607103,447081.22456069,11.4206437291898,2.80754315439171
118,Actual,7.65635529886185,66.471928690294,0.387224072018744,0.568134171907757,0.0446417560734985,107521.832601863,27.2501220865704,2.43932590390313
118,TerrestrialOnly,5.65650542878068,46.810625376967,0.33999260081391,0.586262177827106,0.0737452213589837,62692.6444989794,18.36,2.5495983320788
118,SatelliteOnly,6.77948692402896,17.9655707917399,0.0771981748674312,0.217782710568504,0.705019114564065,321805.369403526,8.89012208657048,2.02084635247911
119,Actual,7.83765757915114,76.6678216166234,0.457047724750277,0.510321864594895,0.0326304106548279,206184.589119181,30.3133851276358,2.52917387133803
119,TerrestrialOnly,5.07163401144853,48.3420576050894,0.297114317425083,0.656825749167592,0.0460599334073251,64743.6646568771,18.36,2.63300967347981
119,SatelliteOnly,9.18705838872076,36.5148351385578,0.230965593784684,0.166370699223085,0.602663706992231,486450.241333892,11.953385127636,3.05476940202791
120,Actual,11.7267760181743,52.3602562498431,0.564483906770255,0.344506104328524,0.0910099889012208,141428.537561666,27.7495671476137,1.8868855132519
120,TerrestrialOnly,10.0056187454379,41.1737135804281,0.492341842397336,0.367813540510544,0.13984461709212,59089.0216098579,18.36,2.24257699239804
120,SatelliteOnly,13.0832100719367,20.2905204861522,0.215094339622642,0.0961154273029966,0.688790233074362,344118.171703055,9.38956714761376,2.16096441584197
121,Actual,14.2384067757124,111.948007671062,0.719062153163152,0.257491675915649,0.0234461709211987,191662.116249936,30.1801997780243,3.70931963653126
121,TerrestrialOnly,9.62401662035742,74.9622777486551,0.616814650388457,0.358768035516093,0.0244173140954495,100493.978745374,18.36,4.08291273140822
121,SatelliteOnly,11.1922224032219,35.2032075910682,0.265677025527192,0.127635960044395,0.606687014428413,474260.998347692,11.8201997780244,2.97822441685939
122,Actual,12.7795072629133,61.8661386531984,0.620643729189789,0.344950055493896,0.0344062153163152,169425.124728897,28.7484572697002,2.15198116799133
122,TerrestrialOnly,9.30466270867332,43.8237210372715,0.523640399556049,0.427746947835738,0.0486126526082131,63786.0672466788,18.36,2.38691291052676
122,SatelliteOnly,14.9833065625446,25.8366006818607,0.267702552719201,0.0774694783573807,0.654827968923418,396044.791912507,10.3884572697003,2.48704884768766
123,Actual,6.82030510889996,57.5827051629661,0.341965717104452,0.584165741768405,0.0738685411271426,170787.23201862,29.2479023307435,1.96878068422838
123,TerrestrialOnly,4.5908422224573,36.522896052778,0.221975582685905,0.680725120236773,0.0972992970773213,49858.0711279546,18.36,1.98926449089204
123,SatelliteOnly,8.74611921736829,28.493730354106,0.1779504254532,0.183993094092983,0.638056480453817,416739.901780978,10.8879023307436,2.61700826188068
124,Actual,13.6947382833126,66.1024541177761,0.641065482796892,0.322974472807991,0.0359600443951166,172236.04343259,29.2479023307435,2.26007504299867
124,TerrestrialOnly,9.30433421107264,43.2187497112361,0.514095449500555,0.430188679245283,0.055715871254162,64245.641124918,18.36,2.35396240257277
124,SatelliteOnly,15.9562963116103,28.8297405264305,0.287680355160932,0.0739178690344062,0.638401775804662,421654.275731728,10.8879023307436,2.64786913499632
125,Actual,7.45347538324028,71.4254131215917,0.391009988901221,0.554938956714761,0.0540510543840177,167408.223605233,29.1147169811319,2.45324085299815
125,TerrestrialOnly,5.27194802834055,47.5602117416445,0.291675915649278,0.619089900110988,0.0892341842397336,64052.9503390963,18.36,2.59042547612442
125,SatelliteOnly,7.78796130050219,27.8678253393428,0.142619311875694,0.214983351831299,0.642397336293008,412633.12144015,10.7547169811321,2.5912188473424
126,Actual,12.4836593249196,80.9769617138168,0.536229586174093,0.367528143332805,0.0962422704931029,159784.190927468,30.0137180910099,2.69799834423287
126,TerrestrialOnly,8.34068811596879,49.0247814006081,0.401458696686222,0.455684160456635,0.142857142857143,66474.6152007426,18.36,2.67019506539259
126,SatelliteOnly,12.4475291793193,33.8473323965953,0.278420802283177,0.110036467417156,0.611542730299667,462508.724716352,11.65371809101,2.90442347517451
127,Actual,12.0591068935135,93.8473716884298,0.640815760266371,0.321309655937847,0.0378745837957825,203797.129256167,30.3799778024416,3.08911916587666
127,TerrestrialOnly,8.00806336127425,60.5935868178196,0.492092119866815,0.459905660377358,0.0480022197558269,81151.921528414,18.36,3.30030429290956
127,SatelliteOnly,11.7098762955419,37.1494600974945,0.282047724750277,0.117092119866815,0.600860155382908,492162.853878125,12.0199778024417,3.09064298687373
128,Actual,17.0261095454428,47.9091205175462,0.741028486866445,0.20865704772475,0.050314465408805,113901.185925351,26.5176026637069,1.80669124298769
128,TerrestrialOnly,14.5872969272453,38.6542464774165,0.669996300406955,0.248242693303737,0.0817610062893082,62262.2549456502,18.36,2.10535111532769
128,SatelliteOnly,19.3303001354537,15.6647585956142,0.227524972253052,0.0432852386237514,0.729189789123196,305788.500812794,8.15760266370699,1.92026496525828
129,Actual,11.0047788082361,87.569076247163,0.624445061043285,0.36861820199778,0.00693673695893452,215617.046702438,30.6130521642618,2.86051439030939
129,TerrestrialOnly,7.32016066797865,57.4783584603648,0.471004439511654,0.513318534961154,0.015677025527192,76979.7511637953,18.36,3.1306295457715
129,SatelliteOnly,12.1379832456554,39.5445880441874,0.293562708102109,0.113485016648169,0.592952275249722,513928.573744006,12.2530521642619,3.2273255278816
130,Actual,17.0298717972994,59.3721218366375,0.657325194228635,0.246947835738069,0.0957269700332963,124553.204639279,27.5830854605992,2.15248297444631
130,TerrestrialOnly,13.5814579854665,42.5706526552282,0.547169811320755,0.301609322974473,0.151220865704772,67073.2899182416,18.36,2.31866299865077
130,SatelliteOnly,15.8692708399039,19.2141479364594,0.233906770255272,0.0715871254162042,0.694506104328524,331745.384004416,9.22308546059933,2.08326682199157
131,Actual,32.4807873640083,95.7477890078997,0.862745098039215,0.116907140214576,0.0203477617462079,166474.958706994,29.4143840177579,3.25513493500647
131,TerrestrialOnly,22.3556910945712,58.6765897633001,0.733999260081391,0.196818349981502,0.0691823899371069,105356.15595344,18.36,3.1958926886329
131,SatelliteOnly,26.9987151233357,29.8454164959404,0.342582315945246,0.0258971513133555,0.631520532741398,429935.283453243,11.054384017758,2.69987151233357
132,Actual,16.5087546729007,94.7283882630414,0.711616722160562,0.24361820199778,0.0447650758416574,128553.545409418,26.9504550499444,3.51490867547473
132,TerrestrialOnly,13.2294362735043,74.071012560054,0.654827968923419,0.29023307436182,0.0549389567147613,99201.9999884861,18.36,4.03436887581993
132,SatelliteOnly,9.81007171415835,16.6877921242909,0.148908620051794,0.136145024047355,0.714946355900851,309344.716514374,8.59045504994451,1.94259699017908
133,Actual,9.19322021029432,79.9284475109084,0.487606363300037,0.468615119003576,0.0437785176963867,116773.434390677,27.1169367369588,2.94754707311651
133,TerrestrialOnly,6.94343298034637,58.4511398048518,0.417807374522136,0.522135898384511,0.0600567270933529,79053.4913200219,18.36,3.18361327913136
133,SatelliteOnly,6.81566764387726,17.8019183173888,0.0739918608953015,0.216549512886916,0.709458626217783,323723.765268231,8.75693673695893,2.03289333383616
134,Actual,12.6413099512871,61.0442810309017,0.647502774694783,0.315649278579356,0.0368479467258602,221991.938478115,30.3799778024416,2.00935897411998
134,TerrestrialOnly,9.04470820611072,39.5413463399075,0.502108768035516,0.415094339622641,0.0827968923418423,56222.8745619605,18.36,2.15366810130215
134,SatelliteOnly,18.4303798013755,36.8253595035438,0.341620421753607,0.0583795782463929,0.6,487869.109827908,12.0199778024417,3.06367949332345
135,Actual,9.72359285091965,66.1049871535761,0.524496591089266,0.438718883779927,0.0367845251308071,141726.325597756,28.7817536071031,2.29676718298575
135,TerrestrialOnly,6.93569566859524,46.5543856721764,0.441097193594419,0.521484065324243,0.0374187410813382,65598.0339717173,18.36,2.5356419211425
135,SatelliteOnly,10.700271696284,25.9186543643585,0.210718249563977,0.135563659426035,0.653718091009989,396033.241335357,10.4217536071032,2.4869763133426
136,Actual,11.4251372647886,72.7493568618565,0.511336610115745,0.396860631044871,0.0918027588393847,159314.870226318,28.6818645948945,2.5364235515848
136,TerrestrialOnly,8.8490218679318,51.8986911266871,0.404946884414144,0.454732836530839,0.140320279055018,69714.0747314762,18.36,2.82672609622478
136,SatelliteOnly,10.2593325033857,24.5924622225458,0.198509592516252,0.144284128745838,0.65720627873791,379405.696029147,10.3218645948946,2.38256004973266
137,Actual,7.38910215690162,69.7405539697128,0.347724750277469,0.577025527192009,0.0752497225305215,168760.942627182,29.5475693673695,2.36028057342442
137,TerrestrialOnly,5.16532977869588,43.5288764336033,0.247724750277469,0.610321864594895,0.141953385127636,58407.6838642598,18.36,2.3708538362529
137,SatelliteOnly,8.22372226578966,30.297350919303,0.166814650388457,0.204550499445061,0.628634850166482,431249.800691462,11.1875693673696,2.70812630737024
138,Actual,11.860584156268,78.9911692227754,0.573331219280165,0.358807674013001,0.0678611067068336,114329.373222974,27.2834184239732,2.89520792428884
138,TerrestrialOnly,8.49926770504488,53.7391809705562,0.500554938956715,0.410654827968924,0.0887902330743617,72462.5962660347,18.36,2.92697064109782
138,SatelliteOnly,8.78366228477561,18.1201338538138,0.130489931821785,0.165371809100999,0.704138259077216,323362.858306059,8.92341842397336,2.03062694058286
139,Actual,9.76718524275027,64.5067407854373,0.52132551133661,0.39622641509434,0.0824480735690503,213457.622509125,30.546459489456,2.11175834658362
139,TerrestrialOnly,6.42500850502041,37.9478996415764,0.338354209608372,0.51847153955922,0.143174250832408,52477.9463263697,18.36,2.06687906544533
139,SatelliteOnly,13.6181064792431,38.1837170592065,0.306643412081814,0.0978278103694308,0.595528777548755,498954.157204009,12.1864594894562,3.13329044356512
140,Actual,8.53705873797934,82.5393510931568,0.508879023307436,0.453274139844617,0.0378468368479467,107508.483419173,26.484306326304,3.11653815192356
140,TerrestrialOnly,6.58389852741282,62.5519308444759,0.456492785793563,0.499112097669256,0.0443951165371808,83877.1524185585,18.36,3.40696791091916
140,SatelliteOnly,5.76960476478776,15.5013996060675,0.0388457269700333,0.230965593784684,0.730188679245283,303839.766199364,8.12430632630411,1.90802746517307
141,Actual,8.36273321288785,72.0844468199979,0.486496485386607,0.458996177087187,0.0545073375262054,206680.622483443,29.8805327413983,2.41242174106647
141,TerrestrialOnly,5.48015213551373,44.6601323461115,0.311382414601061,0.602417067455913,0.0862005179430261,59812.5271325642,18.36,2.43246908203221
141,SatelliteOnly,9.66233663107526,33.3663649859473,0.230484646688864,0.153163152053274,0.616352201257862,461207.461647241,11.5205327413984,2.8962519125567
142,Actual,29.5374631029067,77.6820078781832,0.76581576026637,0.106178320384758,0.128005919348871,165528.503719208,28.7151609322973,2.70526110096811
142,TerrestrialOnly,25.5904318879247,54.4886019715678,0.617832038475768,0.148353681095079,0.233814280429153,95503.4575211874,18.36,2.96778877840782
142,SatelliteOnly,25.1392820867577,25.9906423253496,0.315575286718461,0.0288568257491676,0.655567887532371,399687.118130274,10.3551609322974,2.5099216222015
143,Actual,14.1528938611537,54.9747531642517,0.713096559378468,0.259988901220866,0.0269145394006659,105764.065719296,26.3511209766925,2.0862396409199
143,TerrestrialOnly,12.0416235855474,44.5450528474769,0.661487236403996,0.280244173140955,0.0582685904550499,64580.6991416876,18.36,2.42620113548349
143,SatelliteOnly,13.7770632764054,14.506725746735,0.181742508324084,0.0832408435072142,0.735016648168701,289082.423248136,7.99112097669256,1.81535554136226
144,Actual,12.3841549179962,80.8170492087147,0.606151894720153,0.30696052005708,0.0868875852227683,212464.573154086,30.3799778024416,2.66020764512275
144,TerrestrialOnly,8.19161612596285,50.5906179760116,0.431901062311717,0.467575709529095,0.100523228159188,69041.8345812169,18.36,2.75548028191784
144,SatelliteOnly,13.3389874861782,37.3919797649739,0.303472332329158,0.0967179324560013,0.599809735214841,495375.79886723,12.0199778024417,3.11081936918204
145,Actual,13.8764992056058,80.3997101313981,0.661857195708472,0.303366629670736,0.0347761746207917,211660.418910152,30.280088790233,2.65520060685329
145,TerrestrialOnly,10.7494474032542,59.0568887586067,0.536440991490936,0.39197188309286,0.0715871254162041,79277.8691663068,18.36,3.2166061415363
145,SatelliteOnly,15.1572853190358,35.9538165481666,0.31465038845727,0.0815760266370699,0.60377358490566,480314.280488182,11.9200887902331,3.01623731004638
146,Actual,10.9781369958611,75.339918375493,0.633423180592992,0.347550340891074,0.0190264785159347,141297.467473906,27.8494561598223,2.7052563591595
146,TerrestrialOnly,8.8960064474147,59.6199875787852,0.573014111304899,0.391945457428254,0.0350404312668464,80107.9499424432,18.36,3.2472760119164
146,SatelliteOnly,9.36290927720064,20.7088566079326,0.158553987632789,0.157127001744094,0.684319010623117,347515.987037824,9.48945615982242,2.18230173143243
147,Actual,10.0483299523231,56.3766395646111,0.527007029226785,0.39511653718091,0.0778764335923048,123869.641919406,27.8161598224194,2.02675854339794
147,TerrestrialOnly,7.51444475167166,40.1425218824557,0.452645209027007,0.448205697373289,0.099149093599704,56726.6749658082,18.36,2.18641186723614
147,SatelliteOnly,11.074917832968,20.7755578134172,0.184979652238254,0.12819089900111,0.686829448760636,349862.891198633,9.45615982241953,2.1970396232264
148,Actual,10.1772221929127,78.2585934893717,0.523029966703663,0.42688679245283,0.0500832408435072,206490.881182733,30.546459489456,2.56195299872265
148,TerrestrialOnly,6.11354193717848,45.246723111614,0.336570477247503,0.603912319644839,0.0595172031076582,60688.204799604,18.36,2.46441847013147
148,SatelliteOnly,11.9206352082301,38.5356828225433,0.287458379578246,0.117647058823529,0.594894561598224,503553.363209492,12.1864594894562,3.16217215146735
149,Actual,10.9880796087823,68.9827380240364,0.456952592357698,0.423339146979547,0.119708260662756,138422.88783482,28.9149389567146,2.38571273234582
149,TerrestrialOnly,7.94954186774754,43.3922019896807,0.315046773426352,0.499445061043285,0.185508165530363,59345.8097794932,18.36,2.36340969442705
149,SatelliteOnly,10.5704946378125,25.7534472797716,0.208022831774219,0.141747264943713,0.650229903282068,388543.489283795,10.5549389567148,2.43994279695838
150,Actual,8.37294635074671,71.8643514848472,0.496115427302996,0.450610432852386,0.053274139844617,230417.467065104,30.546459489456,2.35262458189805
150,TerrestrialOnly,5.5911944360714,46.1170747625827,0.332840054260698,0.597977555802195,0.0691823899371068,63181.4773347591,18.36,2.51182324414938
150,SatelliteOnly,10.4842224051339,38.0009003314095,0.259834751510667,0.144407448513997,0.595757799975336,496565.254986886,12.1864594894562,3.11828881590164
151,Actual,12.9262779504293,75.7301791572739,0.664446910839807,0.307436182019978,0.0281169071402146,148180.659796446,28.1491231964483,2.69032106715243
151,TerrestrialOnly,9.99766609606387,57.4247689750441,0.564187939326674,0.398261191268961,0.0375508694043655,79175.079537582,18.36,3.12771072848823
151,SatelliteOnly,11.3092546023425,22.1031843987978,0.201442841287458,0.124306326304107,0.674250832408435,359559.728676011,9.78912319644839,2.25793300944635
152,Actual,8.71410699050415,83.0319191456828,0.408213096559378,0.536958934517203,0.0548279689234183,121987.025028775,27.6163817980021,3.00661830912585
152,TerrestrialOnly,6.60728589496054,59.344449608649,0.377358490566038,0.530299667036626,0.0923418423973363,79478.9741077305,18.36,3.2322684972031
152,SatelliteOnly,6.47815312336088,19.7823198561735,0.0657047724750277,0.241398446170921,0.692896781354051,340326.644115965,9.25638179800222,2.13715469909021
153,Actual,9.04602457595514,88.3517054730634,0.51276359600444,0.458823529411765,0.0284128745837958,205572.932521693,30.3133851276358,2.91461033141151
153,TerrestrialOnly,6.0467341628852,57.473678178416,0.37558268590455,0.581687014428413,0.0427302996670366,76973.4829447743,18.36,3.13037462845402
153,SatelliteOnly,9.21871964040086,36.5648208505146,0.229189789123196,0.167924528301887,0.602885682574917,487116.150451443,11.953385127636,3.0589511222204
154,Actual,9.61357602288271,73.4420367208535,0.480993340732519,0.464067702552719,0.0549389567147614,107511.600966314,26.9171587125415,2.72844684333769
154,TerrestrialOnly,7.21151651784096,52.7085154411989,0.413429522752497,0.507491675915649,0.0790788013318535,70764.3843990827,18.36,2.87083417435723
154,SatelliteOnly,7.71357851617098,16.943972406813,0.0932297447280799,0.190066592674806,0.716703662597114,315315.732215014,8.55715871254162,1.980093273481
155,Actual,10.6589123808273,92.6171025898336,0.577629794055987,0.377728449870514,0.0446417560734985,153170.8051179,28.9815316315204,3.19572836133695
155,TerrestrialOnly,7.48718257311642,63.8577194987934,0.468368479467259,0.484030090023431,0.0476014305093105,85523.5168258031,18.36,3.4780892973199
155,SatelliteOnly,8.58071585942878,27.2683722247175,0.168331483536811,0.184609692933777,0.647058823529412,408819.928747989,10.6215316315205,2.56727307988197
156,Actual,15.0332026523873,103.90185633966,0.745520849849375,0.242111939115269,0.0123672110353575,164265.486518181,29.4143840177579,3.53234853658445
156,TerrestrialOnly,10.6271731585945,72.8972053174033,0.657840494688442,0.327731092436975,0.0144284128745838,97629.9406626126,18.36,3.9704360194664
156,SatelliteOnly,11.7946686892102,30.351553254486,0.253686380212462,0.114158871095608,0.63215474869193,437226.387961065,11.054384017758,2.74565757854336
157,Actual,10.4068236440302,75.7934599576845,0.501942286348502,0.38984461709212,0.108213096559378,168283.944461758,29.6474583795781,2.55649098102429
157,TerrestrialOnly,7.4394165458233,49.6007621286876,0.36972807991121,0.47877358490566,0.15149833518313,67418.3312650263,18.36,2.70156656474333
157,SatelliteOnly,10.431437427839,30.9323462417939,0.230715871254162,0.143451720310766,0.625832408435072,436391.911333427,11.2874583795782,2.74041730224742
158,Actual,9.28183557056498,90.4703843723514,0.501997780244173,0.463928967813541,0.0340732519422863,180839.800240566,30.4798668146503,2.96820143350713
158,TerrestrialOnly,5.76924327823796,53.1246865609882,0.34661487236404,0.585016648168701,0.0683684794672585,71148.9552183278,18.36,2.89350144667691
158,SatelliteOnly,9.31787029648194,37.4949449320805,0.23607103218646,0.1669256381798,0.59700332963374,492645.890099258,12.1198668146504,3.09367631719822
159,Actual,21.8428113651623,65.5284340954868,0.906400295967443,0.0935997040325564,0,205658.940045904,29.6474583795781,2.21025469558039
159,TerrestrialOnly,15.0818307337424,45.018348597784,0.807251202367739,0.189049204587496,0.00369959304476508,77660.5527072381,18.36,2.45197977112113
159,SatelliteOnly,28.2814484135789,31.9225671882461,0.352941176470588,0.02330743618202,0.623751387347392,450361.896283383,11.2874583795782,2.82814484135789
160,Actual,15.7225408917895,60.4754001089716,0.713374028856826,0.247225305216426,0.0394006659267481,163077.33382918,29.2146059933406,2.07003990136841
160,TerrestrialOnly,11.3465870758776,39.625009335243,0.579078801331854,0.320754716981132,0.100166481687014,56724.6465835116,18.36,2.15822490932696
160,SatelliteOnly,19.6005484037198,28.3075403502645,0.312430632630411,0.0485571587125416,0.639012208657048,415286.738222889,10.8546059933407,2.60788280731987
161,Actual,9.93463363568173,88.443927999005,0.546676532248119,0.438771735109138,0.0145517326427426,213076.06623804,30.546459489456,2.89539047985361
161,TerrestrialOnly,6.39773351282809,54.9863110342207,0.373412257984955,0.586632137131582,0.0399556048834628,73808.8185121687,18.36,2.99489711515363
161,SatelliteOnly,10.5012773536661,38.3578099659531,0.263041065482797,0.142434332223455,0.594524602293748,501229.063531915,12.1864594894562,3.14757620941018
162,Actual,9.15789008124613,89.4264356999346,0.490344062153164,0.478024417314095,0.0316315205327414,130014.928320973,28.4820865704771,3.13974313218431
162,TerrestrialOnly,6.24982210141261,59.2173215246335,0.410765815760267,0.541953385127636,0.0472807991120976,79308.7137082414,18.36,3.22534430962056
162,SatelliteOnly,7.03373767588441,23.6984005540504,0.0970033296337403,0.239733629300777,0.663263041065483,372828.393652895,10.1220865704772,2.34125645824555
163,Actual,8.22483728441791,79.1689744650536,0.371920088790233,0.57968923418424,0.0483906770255272,103205.955388192,26.8172697003329,2.95216386118796
163,TerrestrialOnly,5.84697953496226,53.9197815156174,0.327413984461709,0.599223085460599,0.0733629300776913,72996.049841548,18.36,2.93680727209244
163,SatelliteOnly,5.86832087565042,16.4228382263123,0.0452830188679245,0.235183129855716,0.71953385127636,309227.440552243,8.45726970033296,1.94186053043404
164,Actual,14.5382814240923,85.9943647792505,0.717906030336663,0.26267110617832,0.0194228634850166,159305.990739699,29.8139400665926,2.88436766784843
164,TerrestrialOnly,10.1309686957733,58.0235732546129,0.618201997780244,0.343692193858675,0.0381058083610803,77736.6210707929,18.36,3.16032534066518
164,SatelliteOnly,14.0623480207712,32.1174341953252,0.287458379578246,0.0934147243803182,0.619126896041435,446525.153042562,11.4539400665927,2.80405118313838
165,Actual,10.0258340553208,64.3657315846445,0.495005549389567,0.41953385127636,0.0854605993340732,112673.766403432,26.9171587125415,2.39125281654094
165,TerrestrialOnly,8.32974857750356,49.8491621698296,0.430474076423023,0.439828761693357,0.129697161883621,66792.7997717546,18.36,2.71509597874888
165,SatelliteOnly,8.51235172362536,16.5379099424619,0.113207547169811,0.170286982717615,0.716505470112573,307759.187610372,8.55715871254162,1.93264031882726
166,Actual,26.7148585339179,80.1445756017537,0.923418423973363,0.0765815760266371,0,180148.7658598,29.1813096559377,2.74643518562732
166,TerrestrialOnly,19.1690249457738,56.3861147464104,0.866074731779503,0.117277099519053,0.0166481687014428,91439.4914136759,18.36,3.07113914740796
166,SatelliteOnly,25.4686665190542,27.5476195279882,0.334813170551239,0.025527192008879,0.639659637439882,405381.796269139,10.8213096559378,2.54568258407358
167,Actual,8.59218160079603,74.1211248030333,0.46294240966827,0.489209520286102,0.0478480700456282,141157.646276832,28.0159378468368,2.64567708595921
167,TerrestrialOnly,6.59822151352991,54.3148566887565,0.397706252312246,0.524478973979529,0.0778147737082252,72742.9290674829,18.36,2.95832552771004
167,SatelliteOnly,7.40772634825394,21.3467848341577,0.105315082007646,0.214946355900851,0.679738562091503,352044.855529999,9.65593784683685,2.21074173972139
168,Actual,21.6649609615559,62.9209818943335,0.786163522012579,0.187569367369589,0.026267110617832,128339.030264129,27.050344062153,2.32606955940232
168,TerrestrialOnly,17.6234075270997,48.3409975780011,0.700702922678505,0.235664076951536,0.0636330003699593,74600.879592981,18.36,2.63295193779962
168,SatelliteOnly,20.623374980118,17.8203828719331,0.247132815390307,0.0414354421013688,0.711431742508324,326542.753777579,8.69034406215316,2.05059578130418
169,Actual,8.09804399834491,70.615875038973,0.496855345911949,0.467875200394623,0.035269453693427,215046.598482879,30.0137180910099,2.3527866432558
169,TerrestrialOnly,6.07212848151145,49.6462784989682,0.357873967196941,0.565297817240104,0.0768282155629546,68153.5119042505,18.36,2.70404566987844
169,SatelliteOnly,9.90197859322859,34.5960482044008,0.240350228141571,0.147613762486126,0.612036009372302,472739.59282098,11.65371809101,2.96867042211096
170,Actual,20.993423301726,83.9556914096484,0.902885682574917,0.0968368479467259,0.000277469478357381,121021.62887955,26.3178246392896,3.19006956541202
170,TerrestrialOnly,17.3799955501763,69.4703416021785,0.882352941176471,0.117092119866815,0.000554938956714761,94991.4934615005,18.36,3.78378766896396
170,SatelliteOnly,13.9288357822975,14.72679868994,0.18007769145394,0.0846281908990011,0.735294117647059,294695.820705407,7.95782463928968,1.85060608363123
171,Actual,22.6596770188972,87.9885039623946,0.820754716981132,0.149556048834628,0.0296892341842397,204776.38318666,30.3799778024416,2.89626623609063
171,TerrestrialOnly,14.6258429297096,55.5589812480784,0.747502774694784,0.220033296337403,0.0324639289678135,85739.3562301802,18.36,3.02608830327224
171,SatelliteOnly,23.2097371858783,37.0803215415234,0.359045504994451,0.0399556048834628,0.600998890122087,491246.893621086,12.0199778024417,3.08489101652009
172,Actual,21.0613239941038,56.3561747265626,0.780244173140954,0.145394006659267,0.0743618201997781,120754.121256702,26.5176026637069,2.12523641149862
172,TerrestrialOnly,18.0335127208728,46.3691623241471,0.729559748427673,0.183499815020348,0.0869404365519793,76167.9938151059,18.36,2.52555350349385
172,SatelliteOnly,18.4035902924848,14.9299351608767,0.221975582685905,0.048834628190899,0.729189789123196,291444.165079884,8.15760266370699,1.83018660951699
173,Actual,26.3166159797761,104.951256207978,0.872364039955605,0.124861265260821,0.00277469478357381,173526.517849863,30.4132741398445,3.45083714845686
173,TerrestrialOnly,18.5217983952783,72.0935618143132,0.794395116537181,0.188679245283019,0.0169256381798002,99644.6055964768,18.36,3.92666458683622
173,SatelliteOnly,23.0417330604531,36.9688257947159,0.359322974472808,0.0416204217536071,0.599056603773585,488416.82235261,12.0532741398446,3.06711897247137
174,Actual,21.7866464877026,61.8672011559445,0.760636330003699,0.169071402145764,0.0702922678505365,198654.057434674,30.1136071032185,2.05445999690061
174,TerrestrialOnly,14.2507947703647,37.9895431673201,0.65149833518313,0.247132815390307,0.101368849426563,60158.2254836732,18.36,2.06914723133551
174,SatelliteOnly,29.4600720920928,34.5981562481899,0.361450240473548,0.0299667036625971,0.608583055863855,468750.536558698,11.7536071032186,2.94362028136157
175,Actual,27.2132374556385,79.0907089535247,0.834628190899,0.136884942656308,0.0284868664446911,204108.911990271,30.2467924528301,2.61484615523669
175,TerrestrialOnly,18.2332022215948,52.0743001874515,0.760636330003699,0.210136884942657,0.0292267850536441,75092.9373006522,18.36,2.83629085988297
175,SatelliteOnly,30.2282651748758,35.8718671341221,0.372549019607843,0.0229374768775435,0.604513503514614,480561.853297476,11.8867924528302,3.01779199699757
176,Actual,22.4112247178103,110.327860463548,0.828412874583797,0.158046614872364,0.0135405105438402,220318.664194334,30.5131631520531,3.61574642110235
176,TerrestrialOnly,16.7746493504198,78.7572275617575,0.723862375138734,0.230854605993341,0.0452830188679245,105856.807592907,18.36,4.28960934432229
176,SatelliteOnly,18.9502951355641,38.1428515825199,0.342508324084351,0.0610432852386237,0.596448390677025,499785.694649988,12.1531631520533,3.13851226263474
177,Actual,25.4892597986613,71.5234466561182,0.806141324454309,0.134665186829449,0.0591934887162412,196428.762945504,29.4809766925637,2.42608809748692
177,TerrestrialOnly,19.64211120698,53.4555185907688,0.732149463559008,0.203107658157603,0.0647428782833889,78261.0602591866,18.36,2.91152062041224
177,SatelliteOnly,26.9951225896534,29.9316598527414,0.338882722900481,0.0303366629670736,0.630780614132445,428595.751735093,11.1209766925638,2.69145963346507
178,Actual,16.209664941121,79.3414212314192,0.685460599334073,0.28945615982242,0.0250832408435072,205080.336209502,30.5797558268589,2.59457340603524
178,TerrestrialOnly,10.054665712698,46.6335598472046,0.538956714761375,0.409100998890123,0.0519422863485016,66638.080873155,18.36,2.53995424004382
178,SatelliteOnly,19.1514753958727,38.9466138342737,0.345837957824639,0.060377358490566,0.593784683684795,507536.368349441,12.219755826859,3.18718429288652
179,Actual,13.2625526309254,86.6847949557454,0.561439670207706,0.368003805295704,0.070556524496591,119321.384031111,26.6174916759155,3.25668534102261
179,TerrestrialOnly,10.7609558710533,65.5883323896081,0.494371333439036,0.396384969081973,0.109243697478991,87907.7757400502,18.36,3.57234925869324
179,SatelliteOnly,8.25031844536624,15.8606786794144,0.111146345330585,0.163310607261773,0.725543047407642,305867.697355913,8.25749167591565,1.92076229706349
180,Actual,10.6349108459973,72.693214393341,0.584588552402093,0.390835579514825,0.0245758680830823,136594.779632151,27.6163817980021,2.63224976121239
180,TerrestrialOnly,8.70660824433864,57.3555158389603,0.522276835262407,0.427461550657999,0.0502616140795941,76840.3054953942,18.36,3.12393877118519
180,SatelliteOnly,9.41980935661845,19.9981255362656,0.150309180275884,0.156492785793563,0.693198033930553,344039.273545722,9.25638179800222,2.16046895781478
181,Actual,9.58131137685368,82.6535411456894,0.477864101615489,0.471698113207547,0.0504377851769638,114376.442848505,27.8494561598223,2.96786912718718
181,TerrestrialOnly,6.96580122079745,57.8647866976658,0.413491182636577,0.517079787889999,0.0694290294734244,77497.2876827028,18.36,3.15167683538484
181,SatelliteOnly,7.09772542603646,20.1363887591045,0.0947095819459859,0.220249105931681,0.685041312122333,337909.385702978,9.48945615982242,2.12197500256762
182,Actual,14.1464400228088,82.2986514024053,0.720680725120236,0.24472807991121,0.0345911949685535,189469.155545621,29.6474583795781,2.77590916390643
182,TerrestrialOnly,10.0977580261096,57.5320328369914,0.612097669256382,0.346836847946726,0.0410654827968923,88746.4353084849,18.36,3.13355298676423
182,SatelliteOnly,14.1159368248966,31.8232449158971,0.286533481317055,0.0891601923788383,0.624306326304107,448960.662897155,11.2874583795782,2.81934549353228
183,Actual,18.5788094013803,91.8047719753516,0.842841287458381,0.142286348501665,0.0148723640399556,230726.583449766,30.4465704772474,3.01527464460922
183,TerrestrialOnly,14.3338513946535,66.7487461633438,0.750943396226415,0.186903440621532,0.0621531631520532,93734.217555253,18.36,3.6355526232758
183,SatelliteOnly,18.6798491921633,37.5135971686396,0.341620421753607,0.060377358490566,0.598002219755827,494248.788081095,12.0865704772475,3.10374206142739
184,Actual,6.85185469125808,65.6738010222727,0.315649278579356,0.630521642619312,0.0538290788013318,95929.6633636439,26.2512319644838,2.50174167487168
184,TerrestrialOnly,4.82662402938457,44.5994607272058,0.269700332963374,0.660599334073252,0.0697003329633739,59731.2707040376,18.36,2.42916452762558
184,SatelliteOnly,5.73768643837969,14.7355184961874,0.0339622641509434,0.226637069922308,0.739400665926748,297358.668535329,7.89123196448391,1.86732801196412
185,Actual,16.0664223586586,56.7506304938223,0.638179800221976,0.255826859045505,0.105993340732519,113972.786138489,26.2512319644838,2.16182732187968
185,TerrestrialOnly,13.7821584152415,45.4593148929575,0.562985571587125,0.301331853496115,0.135682574916759,70082.0919007403,18.36,2.4759975431894
185,SatelliteOnly,14.0775559827657,14.6898520410213,0.182574916759156,0.0790788013318535,0.73834628190899,296437.132159907,7.89123196448391,1.86154102517021
186,Actual,15.534268558431,89.7889947910064,0.722900480947095,0.227155012948576,0.0499445061043286,188021.867740656,29.7473473917868,3.01838660128053
186,TerrestrialOnly,11.1793342929741,63.0039866448412,0.595819459859416,0.343322234554199,0.0608583055863855,86621.0417442631,18.36,3.43158968653818
186,SatelliteOnly,13.9639944255244,31.5347929243621,0.287643359230485,0.0906400295967443,0.621716611172771,440988.643032457,11.3873473917869,2.76928347220763
187,Actual,21.7226852634222,62.4516998500656,0.76803551609323,0.170921198668147,0.0610432852386238,189259.226511774,29.8139400665926,2.09471474453136
187,TerrestrialOnly,13.9737228793195,38.0985466564501,0.67480577136515,0.241953385127636,0.0832408435072142,60018.7977950499,18.36,2.07508424054739
187,SatelliteOnly,28.0207911635057,32.064564262304,0.351461339252682,0.0295967443581206,0.618941916389197,445790.108182189,11.4539400665927,2.79943531011007
188,Actual,8.25581300827955,63.1390339240529,0.41204217536071,0.535654827968923,0.0523029966703663,104439.931676805,26.9504550499444,2.34278173808361
188,TerrestrialOnly,6.19654440161539,45.7132196826154,0.340871254162042,0.589900110987791,0.0692286348501665,61501.3719194328,18.36,2.48982678009887
188,SatelliteOnly,7.40565335757131,16.843239169162,0.0894839067702553,0.195754716981132,0.714761376248613,312226.267391235,8.59045504994451,1.96069231155232
189,Actual,12.4968224649761,110.57456062089,0.605130102355408,0.367246269577013,0.0276236280675792,173271.353724629,30.3466814650387,3.64371177613866
189,TerrestrialOnly,7.62049919716302,65.140747620263,0.473054630657294,0.481810334196572,0.0451350351461339,89402.7853464614,18.36,3.54797100328229
189,SatelliteOnly,10.3014843770447,36.422863841517,0.251695646812184,0.145517326427426,0.60278702676039,483877.153478846,11.9866814650388,3.03861114085248
190,Actual,20.6190354255055,102.171403383756,0.823085460599335,0.168701442841287,0.00821309655937847,214607.441160731,30.5797558268589,3.34114516683015
190,TerrestrialOnly,14.904720392108,72.9645857615557,0.747169811320755,0.23684794672586,0.0159822419533851,99519.5316426369,18.36,3.97410597829823
190,SatelliteOnly,19.3214637478006,39.3419812130829,0.349833518312985,0.0572697003329634,0.592896781354051,512688.63458903,12.219755826859,3.21953906203339
191,Actual,21.0344539026951,79.8193911223026,0.698390677025527,0.232519422863485,0.0690899001109878,203214.286271419,30.4798668146503,2.61875787081645
191,TerrestrialOnly,13.5636972890556,46.5453916442304,0.548279689234184,0.344894561598224,0.106825749167592,71702.3546444826,18.36,2.53515205033934
191,SatelliteOnly,23.5441252742052,38.0468883454415,0.364594894561598,0.0394006659267481,0.596004439511654,499897.871790449,12.1198668146504,3.13921670322736
192,Actual,21.7398313774505,64.0233457823603,0.756196818349981,0.216426193118757,0.0273769885312616,236099.94430627,30.5797558268589,2.09365130790636
192,TerrestrialOnly,11.7032856140054,33.0870662626664,0.619681834998151,0.330003699593045,0.050314465408805,51600.2244622125,18.36,1.80212779208422
192,SatelliteOnly,32.256257269177,39.4017339338217,0.384017758046615,0.0229374768775435,0.593044765075842,513467.307646766,12.219755826859,3.22442890775416
193,Actual,8.34670646914925,80.4831749364037,0.480799112097669,0.480355160932298,0.0388457269700332,100476.32357922,25.1857491675915,3.19558391536623
193,TerrestrialOnly,6.66489202404524,63.3539337034864,0.425638179800222,0.530632630410655,0.0437291897891231,84848.8054004701,18.36,3.45064998385001
193,SatelliteOnly,5.3257625576095,11.5050494916816,0.0177580466148724,0.207658157602664,0.774583795782464,268409.66978149,6.82574916759156,1.68553651902523
194,Actual,18.7298082613247,54.332652595264,0.752867184609692,0.222345541990381,0.024787273399926,153910.184476166,27.916048834628,1.94628734593228
194,TerrestrialOnly,14.0932254531325,39.6635183856356,0.661117277099519,0.300036995930448,0.0388457269700333,70305.1500615914,18.36,2.1603223521588
194,SatelliteOnly,22.1707891609471,21.0696456572085,0.280429152793193,0.0369959304476508,0.682574916759156,351106.494423118,9.55604883462819,2.20484909839081
195,Actual,9.20295540496826,89.1551754236591,0.508435072142064,0.449500554938957,0.0420643729189789,172552.683463941,30.0470144284127,2.96718915738108
195,TerrestrialOnly,6.14042985451773,57.0005562949173,0.370588235294117,0.566814650388457,0.0625971143174249,77444.1782729868,18.36,3.10460546268612
195,SatelliteOnly,8.91725538897045,34.5119073977378,0.210099889012209,0.178246392896781,0.61165371809101,470246.285351204,11.6870144284129,2.95301315910368
196,Actual,16.6434840753393,38.0000243138154,0.563448020717721,0.166481687014428,0.270070292267851,136446.395434171,28.0825305216425,1.35315527511062
196,TerrestrialOnly,11.7738205445574,21.1684143745539,0.446910839807621,0.217906030336663,0.335183129855715,38450.1532284236,18.36,1.15296374589073
196,SatelliteOnly,22.7291785936695,22.0605107428516,0.286718460969293,0.0369959304476507,0.676285608583056,361323.52552668,9.72253052164262,2.26900915288918
197,Actual,13.5918504508969,66.7455568499359,0.712541620421753,0.271476137624861,0.0159822419533851,95213.5418527653,24.8860821309655,2.68204358157627
197,TerrestrialOnly,11.2112954062352,54.7488701639216,0.671254162042175,0.31165371809101,0.0170921198668147,76280.1511456646,18.36,2.98196460587808
197,SatelliteOnly,10.0930471068588,10.9474652036119,0.11542730299667,0.101664816870144,0.782907880133185,267128.99466976,6.52608213096559,1.67749424293441
198,Actual,15.4099957890455,75.3261440845273,0.680799112097669,0.28079911209767,0.0384017758046615,220581.98616024,30.6130521642618,2.46058915263811
198,TerrestrialOnly,9.94028481740362,44.9078622843926,0.497669256381798,0.414872364039956,0.0874583795782463,61050.3378398134,18.36,2.44596199806059
198,SatelliteOnly,19.2138431512662,39.0660725496235,0.348723640399556,0.058157602663707,0.593118756936737,507709.700370972,12.2530521642619,3.18827276876909
199,Actual,12.7460623499705,86.3981386306549,0.612176946250198,0.342952275249723,0.0448707785000793,189882.711421036,30.4465704772474,2.83769689907177
199,TerrestrialOnly,8.30187548743948,51.6594582317913,0.420485175202156,0.489139051847154,0.0903757729506896,70244.4256456982,18.36,2.8136959821237
199,SatelliteOnly,13.4386036162015,37.4986848883842,0.300935468527033,0.100523228159188,0.598541303313778,494052.31594832,12.0865704772475,3.10250827221618
200,Actual,11.5008230411966,87.8423480195368,0.577830188679245,0.370837957824639,0.0513318534961154,130247.601376546,28.2490122086569,3.10957237621985
200,TerrestrialOnly,8.11373802982165,59.1952991675608,0.469062153163152,0.456298557158713,0.0746392896781354,80108.6479749696,18.36,3.22414483483446
200,SatelliteOnly,8.61313053059396,22.5912121272955,0.144422863485017,0.184100998890122,0.671476137624861,363786.527900054,9.88901220865705,2.28447610849532
201,Actual,19.3381057356217,71.7898512250087,0.731409544950056,0.155105438401776,0.113485016648169,219359.721894606,30.4132741398445,2.36047756301768
201,TerrestrialOnly,12.7951277885318,44.0196965893372,0.592952275249722,0.258601553829079,0.148446170921199,64137.971586127,18.36,2.39758696020355
201,SatelliteOnly,23.4881849226624,37.747937589362,0.360432852386238,0.0413429522752497,0.598224195338513,498710.12485325,12.0532741398446,3.13175798968832
202,Actual,16.1346506508373,80.6053748451957,0.804661487236404,0.194450610432852,0.000887902330743618,119310.048198743,26.7506770255271,3.01320877853959
202,TerrestrialOnly,13.3536466121927,66.1549894972366,0.77291897891232,0.220199778024417,0.00688124306326304,90155.5805436139,18.36,3.60321293557932
202,SatelliteOnly,11.783414505537,16.4056541013756,0.175138734739179,0.103662597114317,0.721198668146504,311355.49684527,8.39067702552719,1.95522411975389
203,Actual,6.40179579072639,56.2404256411785,0.290788013318535,0.576914539400666,0.132297447280799,97438.7712630104,26.484306326304,2.12353780190652
203,TerrestrialOnly,5.42854037535777,43.7185721702556,0.281908990011099,0.540399556048835,0.177691453940067,58551.5122047788,18.36,2.38118584805313
203,SatelliteOnly,5.63259107467653,15.1336423947148,0.0387347391786903,0.230410654827969,0.730854605993341,296631.432245325,8.12430632630411,1.86276117454071
204,Actual,12.4963724896182,70.7113618466407,0.630780614132446,0.294857565667776,0.074361820199778,230911.584184567,30.5797558268589,2.31235861551691
204,TerrestrialOnly,8.33851268336649,44.3451329493351,0.453015168331483,0.446540880503145,0.100443951165372,62796.8898108387,18.36,2.41531225214243
204,SatelliteOnly,16.0494259190949,38.980650838422,0.330373658897521,0.0752867184609693,0.594339622641509,507979.924689111,12.219755826859,3.18996970076459
205,Actual,15.5696433335566,73.5349100954963,0.630410654827969,0.291897891231964,0.0776914539400665,195615.572697025,29.980421753607,2.45276436401864
205,TerrestrialOnly,10.849727289066,47.3531907799745,0.499889012208657,0.385571587125416,0.114539400665926,66432.3197740544,18.36,2.57914982461734
205,SatelliteOnly,17.6770541281472,34.2273745747075,0.328523862375139,0.0586015538290788,0.612874583795783,469041.951706505,11.6204217536071,2.94545028575085
206,Actual,11.9739096603237,90.51784743224,0.56034961154273,0.371115427302997,0.068534961154273,171091.845654393,29.7140510543839,3.04629776890975
206,TerrestrialOnly,8.26749064192574,59.7352982029208,0.414539400665927,0.501526082130966,0.0839345172031077,80162.2765343521,18.36,3.25355654700004
206,SatelliteOnly,10.6600787799828,32.2063465290907,0.242924528301887,0.13457269700333,0.622502774694784,451700.540332204,11.354051054384,2.83655114591502
207,Actual,11.7515571762337,80.3104476655908,0.584747106389725,0.385603297922943,0.0296495956873316,156042.651142418,29.1480133185348,2.75526317310012
207,TerrestrialOnly,7.90852177916651,52.5753395681031,0.454098620580308,0.504360234659902,0.0415411447597907,72206.9140660598,18.36,2.86358058649798
207,SatelliteOnly,11.0696198806572,27.7842860029169,0.228476296178849,0.130014269858887,0.641509433962264,410126.430506577,10.788013318535,2.57547753998232
208,Actual,15.306087324102,58.9492599502074,0.664261931187569,0.30715871254162,0.0285793562708102,87673.5904839237,23.5209322974472,2.5062467424646
208,TerrestrialOnly,13.64294826985,52.1236920439354,0.640677025527192,0.327691453940067,0.0316315205327414,73515.4631785528,18.36,2.83898104814463
208,SatelliteOnly,11.1921538614068,7.53295453968021,0.0987791342952275,0.0710321864594895,0.830188679245283,232432.672614872,5.16093229744728,1.45961119145201
209,Actual,12.8612012149675,96.7426063619719,0.647613762486127,0.288568257491676,0.0638179800221976,219713.38826174,30.4798668146503,3.17398389403303
209,TerrestrialOnly,9.12649715947401,66.0079591737294,0.500832408435072,0.422863485016648,0.0763041065482797,88403.2948771063,18.36,3.59520474802447
209,SatelliteOnly,11.8119007939776,37.8392004278488,0.284128745837958,0.118340732519423,0.597530521642619,497169.061301178,12.1198668146504,3.12208054812196
210,Actual,19.1849532449766,54.375345229271,0.68849426563078,0.251572327044025,0.0599334073251943,94558.4364954558,25.8516759156492,2.10335861422258
210,TerrestrialOnly,16.0506275741986,41.7253064693152,0.609322974472808,0.300406955234924,0.0902700702922678,68365.469401058,18.36,2.27262017806727
210,SatelliteOnly,18.0679895483619,13.4994994262267,0.206807251202368,0.0421753607103219,0.75101738808731,286945.008351867,7.49167591564928,1.80193318267114
211,Actual,15.9245277956685,77.5874529640477,0.747391786903441,0.221309655937847,0.0312985571587126,203680.817957931,30.1469034406214,2.57364585111924
211,TerrestrialOnly,10.8000033464733,51.7704884449836,0.610432852386237,0.353607103218646,0.0359600443951166,73283.9154963457,18.36,2.8197433793564
211,SatelliteOnly,17.9852338413237,35.2130949573433,0.331631520532741,0.0601553829078801,0.608213096559378,475734.298512599,11.7869034406215,2.98747632359382
212,Actual,11.5894927392847,79.7348163432946,0.644046297764389,0.340573965435231,0.0153797368003805,113567.517701221,26.6507880133185,2.99183710078096
212,TerrestrialOnly,9.27860084174391,63.4184140018038,0.603932138893293,0.378309814491835,0.0177580466148724,84935.1627261211,18.36,3.45416198266904
212,SatelliteOnly,8.02769545313041,15.4854118802256,0.10401141588711,0.171555414618678,0.724433169494213,297431.486540905,8.29078801331853,1.86778528836456
213,Actual,10.4832855925158,61.2605762706856,0.532926378098409,0.437291897891232,0.0297817240103589,95184.1610634033,26.0514539400665,2.35152235309478
213,TerrestrialOnly,7.48252390780251,42.4106198591734,0.460414354421014,0.49574546799852,0.0438401775804661,58115.212264834,18.36,2.30994661542338
213,SatelliteOnly,9.28839410421065,14.1498317013013,0.12504624491306,0.130225675175731,0.74472807991121,292956.286616699,7.69145394006659,1.8396823034448
214,Actual,27.1085272328197,73.0332027717669,0.777284498705141,0.121346651868294,0.101368849426563,230290.394655038,30.5797558268589,2.38828600153897
214,TerrestrialOnly,19.1774128360098,46.3111298752572,0.664076951535331,0.193118756936737,0.142804291527932,76880.5235531572,18.36,2.52239269473078
214,SatelliteOnly,32.0039620564745,39.0928170423338,0.384017758046615,0.0229374768775435,0.593044765075842,509441.628857469,12.219755826859,3.19914878793304
215,Actual,8.55524614179843,83.9241800039501,0.541620421753607,0.43496115427303,0.0234184239733629,233960.920825485,30.5797558268589,2.74443590979355
215,TerrestrialOnly,6.02276629266693,57.6547714344062,0.390344062153163,0.571698113207547,0.0379578246392896,77216.0179467642,18.36,3.14023809555588
215,SatelliteOnly,9.59760093048694,39.0206552052294,0.248168701442841,0.158379578246393,0.593451720310766,508501.245262292,12.219755826859,3.19324344595019
216,Actual,21.1476980044821,62.6602009323007,0.787273399926007,0.199778024417314,0.0129485756566778,195564.202518935,29.8805327413983,2.09702422224512
216,TerrestrialOnly,14.1824359388137,40.665422722972,0.7055123936367,0.266370699223086,0.0281169071402146,61111.162696761,18.36,2.21489230517276
216,SatelliteOnly,28.8410513978815,33.0983981655591,0.356270810210877,0.0266370699223085,0.617092119866815,457503.483192022,11.5205327413984,2.87299197949603
217,Actual,10.856956059823,80.9865401246359,0.509711431742508,0.407325194228635,0.0829633740288568,100106.558162161,26.8505660377358,3.01619489178803
217,TerrestrialOnly,8.12283304344371,56.5444786066164,0.45449500554939,0.433823529411765,0.111681465038846,75729.0223558735,18.36,3.07976462998999
217,SatelliteOnly,7.22021943057909,16.0629239846526,0.0844894561598224,0.196587125416204,0.718923418423973,301264.494730964,8.49056603773585,1.89185549152575
218,Actual,22.943500859371,68.8305025781129,0.923418423973362,0.0765815760266371,0,170049.032695267,28.3489012208656,2.42797779151496
218,TerrestrialOnly,19.1554204180927,56.5814908110596,0.893081761006288,0.0950795412504624,0.0118386977432482,89527.3745207419,18.36,3.08178054526468
218,SatelliteOnly,23.5208584247421,23.3786023531615,0.303366629670736,0.0284868664446911,0.668146503884573,372701.222227357,9.9889012208657,2.34045785779984
219,Actual,9.61802933994385,83.6424027126959,0.531014921691947,0.420027130348995,0.0489579479590578,192021.300123972,30.1136071032185,2.77756173234246
219,TerrestrialOnly,6.30290869997272,52.1603074836589,0.387963990627698,0.539277346158589,0.072758663213713,69885.7314183299,18.36,2.84097535314046
219,SatelliteOnly,10.048130068139,35.349628603122,0.243309902577383,0.147367122949809,0.609322974472808,478931.803648672,11.7536071032186,3.00755574800878
220,Actual,12.4176816413804,73.011267935227,0.701442841287459,0.274879763226045,0.0236773954864965,221915.074018873,30.3466814650387,2.40590616207379
220,TerrestrialOnly,8.99124747059131,49.5679088323588,0.562153163152053,0.371439141694414,0.0664076951535331,67094.3480349927,18.36,2.69977716951845
220,SatelliteOnly,15.3707425349116,36.84066740584,0.315945246022938,0.0834258231594524,0.60062893081761,489427.667032574,11.9866814650388,3.07346679006128
221,Actual,9.11181745887052,59.1975593942059,0.445219597272872,0.477881718725225,0.0768986840019026,76288.5777951533,23.6874139844616,2.49911448472332
221,TerrestrialOnly,7.61757344260188,48.2300656340254,0.403202790550183,0.513556365942603,0.0832408435072141,64921.3622368178,18.36,2.62690989292077
221,SatelliteOnly,6.8006914894939,7.91592430966498,0.0372601870937054,0.137149199302362,0.825590613603932,236616.582711831,5.32741398446171,1.48588495896003
222,Actual,11.5394484247198,99.0687434380952,0.540387224072018,0.390800345295351,0.0688124306326303,143340.300317107,29.2811986681464,3.38335682773354
222,TerrestrialOnly,7.5452931739576,61.112839771314,0.423603403625601,0.484400049327907,0.0919965470464913,82002.3198952452,18.36,3.32858604418921
222,SatelliteOnly,8.66434506133691,28.3325554634842,0.176593908003453,0.186582809224318,0.636823282772228,413119.249373824,10.9211986681465,2.59427159274383
223,Actual,13.2911464597471,90.4436093141073,0.638814016172507,0.331060726177263,0.0301252576502299,118418.152057693,26.184639289678,3.45407123289112
223,TerrestrialOnly,10.3996935909772,69.6339666040803,0.592674805771365,0.369113683209133,0.0382115110195022,93650.0339928186,18.36,3.79269970610458
223,SatelliteOnly,8.00525052473006,14.4385476229049,0.0940225146662438,0.165371809100999,0.740605676232757,293845.588442098,7.82463928967814,1.84526686641664
224,Actual,20.7244212307217,58.1518576942842,0.765445800961893,0.158712541620422,0.0758416574176841,211459.661673197,29.9471254162041,1.94181768320304
224,TerrestrialOnly,13.7096366422074,33.940982329228,0.597854236034037,0.270440251572327,0.131705512393637,60798.2886635093,18.36,1.84863738176623
224,SatelliteOnly,28.7642849698471,33.2952362549156,0.356270810210877,0.0292267850536441,0.614502404735479,457579.315740136,11.5871254162042,2.87346818636772
225,Actual,15.7177758888345,59.7453873441582,0.687014428412875,0.258046614872364,0.0549389567147614,113561.802328981,27.5497891231963,2.16863319994903
225,TerrestrialOnly,12.6088068534074,45.6440502743519,0.628468368479467,0.291897891231964,0.0796337402885683,65822.6438478798,18.36,2.48605938313463
225,SatelliteOnly,15.9143614026415,19.366518482854,0.235016648168701,0.0699223085460599,0.695061043285239,335587.673376309,9.18978912319645,2.10739530833955
226,Actual,15.6980231810096,61.280451792464,0.627358490566038,0.33684794672586,0.0357935627081021,105686.466647076,28.3489012208656,2.16165174498403
226,TerrestrialOnly,9.96411440967184,37.2094274057823,0.521642619311876,0.422308546059933,0.0560488346281909,54611.2747504053,18.36,2.02665726611014
226,SatelliteOnly,17.4283689360363,23.1710065259296,0.272475027746948,0.0599334073251942,0.667591564927858,369391.733603108,9.9889012208657,2.31967520887362
227,Actual,13.1526623333501,62.8430834765197,0.633740288568257,0.322752497225305,0.0435072142064373,105514.546629146,26.1513429522751,2.40305377781956
227,TerrestrialOnly,10.6711571034758,49.8238911463501,0.567813540510543,0.376914539400666,0.0552719200887902,67535.475385469,18.36,2.71371956134804
227,SatelliteOnly,11.0053026824661,14.1569355446517,0.148057713651498,0.110321864594895,0.741620421753607,289345.628239541,7.79134295227525,1.8170083939788
